{"type": "FeatureCollection", "features": [{"type": "Feature", "properties": {"name": "Grad Banja Luka, Република Српска / Republika Srpska, Bosna i Hercegovina / Босна и Херцеговина", "source": "OpenStreetMap relation 2528156", "licence": "ODbL 1.0"}, "geometry": {"type": "Polygon", "coordinates": [[[16.7924584, 44.7982115], [16.7924634, 44.7981442], [16.7924683, 44.7980805], [16.7924733, 44.797751], [16.7924883, 44.7975598], [16.7924883, 44.7974322], [16.7925682, 44.7972728], [16.7925981, 44.7972126], [16.7926481, 44.797163], [16.792708, 44.7971063], [16.7927679, 44.7970568], [16.7928128, 44.7970036], [16.7928477, 44.7969469], [16.7928777, 44.7968903], [16.7929076, 44.7968265], [16.7929326, 44.7967663], [16.7929675, 44.7967131], [16.7930075, 44.7966494], [16.7930524, 44.7965856], [16.7930973, 44.7965289], [16.7931423, 44.7964758], [16.7931972, 44.7964227], [16.7932471, 44.7963695], [16.793277, 44.7963129], [16.793287, 44.7962208], [16.793297, 44.7961216], [16.793297, 44.7960578], [16.7933769, 44.7955725], [16.7933769, 44.7955087], [16.7933619, 44.7954485], [16.7933369, 44.7953883], [16.793307, 44.7953281], [16.7932221, 44.7952112], [16.7931922, 44.795151], [16.7931872, 44.7950872], [16.7931922, 44.7950234], [16.7932121, 44.7949632], [16.7932421, 44.7948994], [16.793272, 44.7948392], [16.793307, 44.794779], [16.7933619, 44.7946515], [16.7933919, 44.7945948], [16.7934168, 44.794531], [16.7934617, 44.7944779], [16.7935167, 44.7944212], [16.7935716, 44.7943752], [16.7936365, 44.794322], [16.7936864, 44.7942724], [16.7937363, 44.7942051], [16.7940857, 44.7937977], [16.7941307, 44.793741], [16.7941656, 44.7936773], [16.7941906, 44.7936206], [16.7941906, 44.7934931], [16.7941756, 44.7933691], [16.7941606, 44.7933089], [16.7941406, 44.7932451], [16.7941257, 44.7931849], [16.7941057, 44.7931282], [16.7940907, 44.793068], [16.7940807, 44.7929369], [16.7940807, 44.7928767], [16.7940907, 44.7928129], [16.7941207, 44.7927562], [16.7941656, 44.792696], [16.7942455, 44.7926074], [16.7942904, 44.7925578], [16.7943653, 44.7925047], [16.7944751, 44.7924055], [16.79452, 44.7923488], [16.79456, 44.7922957], [16.7946149, 44.7922354], [16.7946648, 44.7921752], [16.7947047, 44.7921221], [16.7947497, 44.7920654], [16.7947896, 44.7920123], [16.7948295, 44.7919591], [16.7948795, 44.7918883], [16.7949344, 44.791821], [16.7949793, 44.7917572], [16.7950292, 44.7917005], [16.7950692, 44.7916403], [16.7951191, 44.7915871], [16.795159, 44.791534], [16.7952089, 44.7914809], [16.7952489, 44.7914242], [16.7952788, 44.7913675], [16.7953038, 44.7913073], [16.7955384, 44.7909849], [16.7955683, 44.7909282], [16.7955883, 44.7908574], [16.7955783, 44.7907936], [16.7955534, 44.7907334], [16.7955134, 44.7906838], [16.7954735, 44.7906271], [16.7954286, 44.7905633], [16.7954086, 44.7904995], [16.7954086, 44.7904358], [16.7954186, 44.790372], [16.7954585, 44.7902445], [16.7954835, 44.7901842], [16.7954885, 44.7901169], [16.7954885, 44.7900496], [16.7954835, 44.7899788], [16.7954785, 44.7899185], [16.7954635, 44.7898548], [16.7954435, 44.7897804], [16.7954236, 44.7897237], [16.7954036, 44.7896599], [16.7953836, 44.7895926], [16.7953886, 44.7895288], [16.7954086, 44.7894686], [16.7954535, 44.7894155], [16.7955184, 44.7893765], [16.7956582, 44.789295], [16.7957381, 44.7892737], [16.7958379, 44.789256], [16.7959278, 44.7892489], [16.7960226, 44.7892489], [16.7961125, 44.7892525], [16.7962023, 44.789256], [16.796402, 44.789256], [16.7964919, 44.7892667], [16.7965867, 44.7892808], [16.7966616, 44.7893021], [16.7967415, 44.7893304], [16.7968263, 44.7893517], [16.7969112, 44.7893765], [16.796996, 44.7893871], [16.7970809, 44.7893907], [16.7975452, 44.789504], [16.79763, 44.7895288], [16.7977099, 44.7895465], [16.7977997, 44.7895713], [16.7978796, 44.7895961], [16.7979645, 44.7896209], [16.7980493, 44.7896422], [16.7982241, 44.7896847], [16.7983139, 44.7896883], [16.7983988, 44.7896883], [16.7985735, 44.7896812], [16.7986634, 44.7896812], [16.7987532, 44.789667], [16.7988381, 44.7896387], [16.798908, 44.7896032], [16.7989679, 44.7895572], [16.7990328, 44.789504], [16.7990727, 44.7894473], [16.7991126, 44.7893907], [16.7991476, 44.789334], [16.7991825, 44.7892737], [16.7992225, 44.7892171], [16.7992524, 44.7891604], [16.7993223, 44.7890753], [16.7993622, 44.789008], [16.7994022, 44.7889478], [16.799502, 44.7888061], [16.799517, 44.7887388], [16.7996717, 44.7885475], [16.7996967, 44.7884908], [16.7997266, 44.7883562], [16.7997516, 44.7882924], [16.7997816, 44.7882357], [16.7998315, 44.788179], [16.7998814, 44.7881259], [16.7999313, 44.7880727], [16.7999862, 44.7880267], [16.8000461, 44.7879771], [16.800111, 44.787931], [16.8001759, 44.7878849], [16.8002508, 44.7878531], [16.8003357, 44.7878531], [16.8004155, 44.7878814], [16.8004904, 44.7879168], [16.8005603, 44.7879523], [16.8006352, 44.7879877], [16.800715, 44.7880196], [16.8008049, 44.7880479], [16.8008848, 44.7880727], [16.8011244, 44.788133], [16.8012043, 44.7881507], [16.8012891, 44.7881648], [16.801374, 44.7881684], [16.8014638, 44.7881684], [16.8015587, 44.7881578], [16.8016485, 44.78814], [16.8017334, 44.7881188], [16.8018233, 44.7880975], [16.8019031, 44.7880763], [16.801978, 44.7880444], [16.8020379, 44.7879983], [16.8020479, 44.7879381], [16.8020479, 44.7878708], [16.8020329, 44.7878035], [16.802003, 44.7877468], [16.8019131, 44.787644], [16.8018582, 44.7876015], [16.8017933, 44.787559], [16.8016585, 44.7874811], [16.8015986, 44.787435], [16.8015537, 44.7873819], [16.8015138, 44.7873252], [16.8014838, 44.7872649], [16.8014439, 44.7871551], [16.8014439, 44.7870205], [16.8014339, 44.7869461], [16.8014339, 44.7867583], [16.8014638, 44.7865528], [16.8014738, 44.786489], [16.8014938, 44.7864182], [16.8015138, 44.7863544], [16.8015287, 44.7862765], [16.8015387, 44.7862162], [16.8015587, 44.7861454], [16.8015787, 44.7860851], [16.8016136, 44.7860214], [16.8016535, 44.7859647], [16.8017234, 44.7859186], [16.8017933, 44.7858761], [16.8018782, 44.7858407], [16.8019481, 44.7858052], [16.8020529, 44.7857237], [16.8021028, 44.7856352], [16.8021577, 44.7855218], [16.8021827, 44.785458], [16.8024822, 44.7850789], [16.8025521, 44.7850364], [16.802627, 44.7849939], [16.8027018, 44.784962], [16.8027917, 44.7849372], [16.8028816, 44.7849053], [16.8029814, 44.7848805], [16.8030613, 44.7848592], [16.8031511, 44.7848344], [16.803236, 44.7848132], [16.8033308, 44.7847848], [16.8034107, 44.7847494], [16.8034956, 44.7847069], [16.8035804, 44.7846573], [16.8037002, 44.7845545], [16.8037502, 44.7845049], [16.8038101, 44.7844482], [16.803865, 44.7843951], [16.8039249, 44.7843384], [16.8039698, 44.7842888], [16.8040047, 44.7842286], [16.8040347, 44.7841719], [16.8040696, 44.7841046], [16.8041146, 44.7840443], [16.8041445, 44.7839841], [16.8041795, 44.7839274], [16.8042094, 44.7838636], [16.8042543, 44.7838105], [16.8042993, 44.7837432], [16.8043392, 44.78369], [16.8043841, 44.7836369], [16.8044191, 44.7835802], [16.804454, 44.7835235], [16.804479, 44.7834562], [16.804479, 44.7833251], [16.804469, 44.7832648], [16.804439, 44.7831373], [16.8042893, 44.7826554], [16.8042643, 44.7825916], [16.8042444, 44.7825243], [16.8042394, 44.782457], [16.8042394, 44.7823897], [16.8042444, 44.7823223], [16.8042593, 44.782255], [16.8042893, 44.7821912], [16.8043242, 44.7821381], [16.8043692, 44.7820779], [16.804484, 44.7819751], [16.8045339, 44.7819184], [16.8045788, 44.7818653], [16.8046287, 44.7818121], [16.8046637, 44.7817554], [16.8046936, 44.7816987], [16.8047286, 44.7816456], [16.8047585, 44.7815747], [16.8047735, 44.7815145], [16.8047785, 44.7814543], [16.8047785, 44.7813869], [16.8047535, 44.7809759], [16.8047386, 44.7809121], [16.8047086, 44.7808519], [16.8046687, 44.7807952], [16.8046437, 44.7807385], [16.8046387, 44.7806747], [16.8046287, 44.7806145], [16.8046237, 44.7805507], [16.8046038, 44.7804905], [16.8045888, 44.7804302], [16.8045489, 44.7803027], [16.8045239, 44.7802283], [16.8045039, 44.7801609], [16.804474, 44.7800298], [16.804459, 44.779959], [16.804439, 44.779842], [16.8044091, 44.7797003], [16.8043941, 44.7796153], [16.8043642, 44.779516], [16.8043542, 44.7794487], [16.8041695, 44.7788676], [16.8041395, 44.7787967], [16.8041146, 44.7787365], [16.8041046, 44.7786125], [16.8041196, 44.7784211], [16.8041062, 44.7782942], [16.8040945, 44.7782321], [16.8040858, 44.7781709], [16.8040685, 44.7781145], [16.8040547, 44.7780561], [16.8040297, 44.7779994], [16.8039898, 44.777879], [16.8039748, 44.7778081], [16.803956, 44.7777517], [16.8039363, 44.7776841], [16.8039095, 44.7775656], [16.8039065, 44.7774694], [16.8039041, 44.7774024], [16.8039099, 44.7773439], [16.80387, 44.7772482], [16.8037951, 44.7770356], [16.8037202, 44.7769151], [16.8036753, 44.7768549], [16.8036254, 44.7768017], [16.8035655, 44.7767592], [16.8035006, 44.7767238], [16.8034257, 44.7766848], [16.8033558, 44.7766529], [16.8032809, 44.7766175], [16.803211, 44.7765856], [16.8031411, 44.776536], [16.8030713, 44.7764864], [16.8030064, 44.7764367], [16.8029564, 44.7763907], [16.8029015, 44.7763446], [16.8027817, 44.7762383], [16.8027268, 44.7761887], [16.8026569, 44.7761355], [16.802597, 44.7760824], [16.8024772, 44.7759903], [16.8024123, 44.7759477], [16.8023324, 44.775891], [16.8022526, 44.7758414], [16.8021927, 44.7757883], [16.8021228, 44.7757528], [16.8020479, 44.775728], [16.801968, 44.7757103], [16.8018832, 44.7757103], [16.8018083, 44.7756784], [16.8017384, 44.7756394], [16.8016685, 44.7756005], [16.8015986, 44.7755615], [16.8015487, 44.7755154], [16.8014588, 44.7754162], [16.8014189, 44.7753666], [16.801374, 44.775317], [16.8013241, 44.7752638], [16.8011943, 44.7751717], [16.8011244, 44.7751327], [16.8010545, 44.7750973], [16.8009796, 44.7750547], [16.8009197, 44.7750087], [16.8008598, 44.7749661], [16.8007999, 44.7749201], [16.800745, 44.774874], [16.8006851, 44.7748279], [16.8006202, 44.7747819], [16.8005803, 44.7747323], [16.8004704, 44.7746366], [16.8004155, 44.774587], [16.8003606, 44.7745409], [16.8002907, 44.7744984], [16.8002308, 44.7744452], [16.7998964, 44.7742326], [16.7994721, 44.7739881], [16.7994022, 44.7739491], [16.7993223, 44.7739137], [16.7992524, 44.7738782], [16.7991725, 44.7738463], [16.7990977, 44.7738144], [16.7990178, 44.773779], [16.7989429, 44.7737436], [16.798868, 44.7737117], [16.7987981, 44.7736762], [16.7987283, 44.7736372], [16.7986584, 44.7735983], [16.7985935, 44.7735593], [16.7985336, 44.7735203], [16.7984687, 44.7734778], [16.7983439, 44.7733821], [16.798274, 44.7733218], [16.7982191, 44.7732722], [16.7981692, 44.7732191], [16.7977299, 44.7728753], [16.797665, 44.7728293], [16.7976051, 44.7727796], [16.7975551, 44.77273], [16.7975202, 44.7726769], [16.7975002, 44.7726202], [16.7975002, 44.7725599], [16.7975152, 44.7724961], [16.7975502, 44.7724394], [16.7975951, 44.7723863], [16.797655, 44.7723402], [16.7977249, 44.7722977], [16.7978746, 44.7722268], [16.7979545, 44.7721949], [16.7980244, 44.772163], [16.7980993, 44.7721276], [16.7981791, 44.7720992], [16.798254, 44.7720673], [16.7983239, 44.7720284], [16.7983988, 44.7719894], [16.7984737, 44.7719539], [16.7985435, 44.7719149], [16.7986234, 44.7718724], [16.7987033, 44.771837], [16.7987882, 44.7718051], [16.798868, 44.7717732], [16.7989479, 44.7717484], [16.7990378, 44.7717307], [16.7991376, 44.7717129], [16.7992274, 44.7716988], [16.7994271, 44.771674], [16.799522, 44.7716527], [16.7996118, 44.771635], [16.7997117, 44.7716173], [16.7998115, 44.7716031], [16.7999064, 44.7715818], [16.7999912, 44.7715676], [16.8000761, 44.7715499], [16.8001659, 44.7715322], [16.8004155, 44.7714542], [16.8005753, 44.771394], [16.800745, 44.7712735], [16.8007999, 44.7712203], [16.8008299, 44.7711566], [16.8008548, 44.7710892], [16.8008848, 44.7710254], [16.8009197, 44.7709652], [16.8009597, 44.770912], [16.8010146, 44.7708589], [16.8010745, 44.7708093], [16.8011394, 44.7707632], [16.8012043, 44.7707207], [16.8012791, 44.7706923], [16.801374, 44.7706533], [16.8014489, 44.7706214], [16.8015287, 44.7705931], [16.8016785, 44.7705222], [16.8017634, 44.7704832], [16.8018382, 44.7704442], [16.801983, 44.7703627], [16.8020479, 44.7703202], [16.8021178, 44.7702741], [16.8021677, 44.7702245], [16.8022226, 44.7701749], [16.8022725, 44.7701253], [16.8023175, 44.7700686], [16.8025321, 44.7697815], [16.8025621, 44.7697248], [16.802597, 44.7696716], [16.8026419, 44.7696114], [16.8026869, 44.7695441], [16.8027268, 44.7694803], [16.8027767, 44.7694165], [16.8028117, 44.7693562], [16.8028466, 44.7693031], [16.803201, 44.7688282], [16.803246, 44.7687679], [16.8033009, 44.7687183], [16.8033558, 44.7686687], [16.8034207, 44.7686191], [16.8034856, 44.7685765], [16.8035605, 44.768534], [16.8036353, 44.7684986], [16.8037052, 44.768456], [16.8037502, 44.7684064], [16.8037751, 44.7683462], [16.8037801, 44.7682824], [16.8037801, 44.7681548], [16.8037651, 44.7680343], [16.8037651, 44.7679067], [16.8037701, 44.7678464], [16.8037701, 44.7677578], [16.8037851, 44.7676551], [16.8037901, 44.7675806], [16.8038001, 44.7674212], [16.8037851, 44.7673503], [16.8037651, 44.7672723], [16.8037452, 44.767212], [16.8037202, 44.7671518], [16.8036952, 44.7670845], [16.8036653, 44.7670242], [16.8036353, 44.7669675], [16.8036104, 44.7669072], [16.8035854, 44.766847], [16.8035804, 44.7667832], [16.8035804, 44.7667159], [16.8036004, 44.7666521], [16.8036154, 44.7665847], [16.8036403, 44.7665174], [16.8036653, 44.76645], [16.8036853, 44.7663863], [16.8037102, 44.7663189], [16.8037352, 44.7662516], [16.8037601, 44.7661878], [16.8037801, 44.7661275], [16.8037951, 44.7660602], [16.8038001, 44.7659964], [16.80386, 44.7657589], [16.80386, 44.7656951], [16.80387, 44.7655675], [16.803875, 44.7654967], [16.8038899, 44.7654293], [16.8039099, 44.7653584], [16.8039349, 44.7652875], [16.8039648, 44.7652131], [16.8039998, 44.7651351], [16.8040447, 44.7650572], [16.8040846, 44.7649969], [16.8041196, 44.7649402], [16.8042294, 44.7648055], [16.8043142, 44.7646992], [16.8043542, 44.764646], [16.8043991, 44.7645893], [16.804444, 44.7645361], [16.804489, 44.764483], [16.8045439, 44.7644334], [16.8046088, 44.7643908], [16.8046787, 44.7643448], [16.8047485, 44.7642987], [16.8049033, 44.764164], [16.8049582, 44.7641179], [16.8050131, 44.7640683], [16.805083, 44.7640187], [16.8051379, 44.7639726], [16.8051978, 44.7639265], [16.8052577, 44.7638734], [16.8053176, 44.7638237], [16.8054275, 44.7637245], [16.8054774, 44.7636749], [16.8055373, 44.7636182], [16.8055922, 44.7635579], [16.8056571, 44.7635047], [16.805712, 44.7634551], [16.8057719, 44.7634055], [16.8058318, 44.7633594], [16.8059067, 44.7633063], [16.8059766, 44.7632602], [16.8060465, 44.7632176], [16.8061113, 44.7631751], [16.8062561, 44.7630936], [16.806321, 44.7630475], [16.8063909, 44.7630085], [16.8064608, 44.762966], [16.8065307, 44.7629305], [16.8066056, 44.7628916], [16.8066804, 44.7628632], [16.8067503, 44.7628242], [16.806965, 44.7626895], [16.8070399, 44.7626541], [16.8071197, 44.762608], [16.8071946, 44.7625761], [16.8072695, 44.7625371], [16.8073543, 44.7624946], [16.8074392, 44.7624627], [16.8075241, 44.7624272], [16.8076039, 44.7623883], [16.8076738, 44.7623528], [16.8077337, 44.7623067], [16.8077936, 44.7622607], [16.8078485, 44.7622146], [16.8079085, 44.7621614], [16.8079733, 44.7621118], [16.8080432, 44.7620622], [16.8081081, 44.7620232], [16.808178, 44.7619842], [16.8082629, 44.761931], [16.8083328, 44.761892], [16.8084226, 44.7618495], [16.8084975, 44.7618034], [16.8085674, 44.7617609], [16.8086323, 44.7617148], [16.8087621, 44.7616156], [16.808807, 44.7615624], [16.8088619, 44.7615092], [16.8089268, 44.7613852], [16.8089368, 44.7613214], [16.8089368, 44.7612576], [16.8089218, 44.7611938], [16.8088969, 44.7611264], [16.8088519, 44.7610591], [16.808802, 44.7610059], [16.8087621, 44.7609563], [16.8087122, 44.7608358], [16.8086872, 44.760772], [16.8086772, 44.7607117], [16.8086772, 44.7606479], [16.8086872, 44.7605876], [16.8087122, 44.7605238], [16.8087221, 44.7604636], [16.8087221, 44.7603395], [16.8087171, 44.7602793], [16.8087022, 44.7602084], [16.8086922, 44.7601481], [16.8086922, 44.7600205], [16.8087072, 44.7599532], [16.8087271, 44.7598929], [16.8087671, 44.7598362], [16.808812, 44.7597795], [16.8088619, 44.7597299], [16.8089168, 44.7596838], [16.8089967, 44.7596164], [16.8090616, 44.7595703], [16.8091415, 44.7595384], [16.8093212, 44.7594853], [16.809411, 44.7594782], [16.8094959, 44.7594782], [16.8096656, 44.7594711], [16.8097555, 44.759464], [16.8098503, 44.7594498], [16.8099302, 44.7594215], [16.8100101, 44.7593896], [16.8101049, 44.759347], [16.8101898, 44.759301], [16.8102597, 44.7592584], [16.8103345, 44.7592159], [16.8104044, 44.7591804], [16.8104843, 44.7591379], [16.8105592, 44.7591025], [16.810644, 44.7590635], [16.8107239, 44.7590386], [16.8108936, 44.7589961], [16.8109835, 44.7589784], [16.8110833, 44.7589571], [16.8111682, 44.7589359], [16.8112431, 44.758911], [16.811318, 44.758872], [16.8113878, 44.7588224], [16.8120368, 44.7582305], [16.8120867, 44.7581808], [16.8121516, 44.7581348], [16.8122664, 44.7580568], [16.8124012, 44.757993], [16.812551, 44.7579362], [16.8126708, 44.7578973], [16.8128305, 44.7578654], [16.8129104, 44.7578405], [16.8129853, 44.7578122], [16.8130579, 44.7577369], [16.8131038, 44.7577068], [16.8131638, 44.7576843], [16.8132273, 44.7576692], [16.8133579, 44.7576467], [16.8134321, 44.7576342], [16.8134991, 44.7576216], [16.8135732, 44.7576041], [16.8136333, 44.7575865], [16.8137003, 44.7575615], [16.8137568, 44.7575389], [16.8138168, 44.7575239], [16.8138803, 44.7575138], [16.813958, 44.7574988], [16.8140392, 44.7574913], [16.8141133, 44.7574838], [16.8142016, 44.7574762], [16.8142616, 44.7574737], [16.8143251, 44.7574737], [16.8143851, 44.7574712], [16.8144628, 44.7574687], [16.8145263, 44.7574612], [16.8146534, 44.7574437], [16.8147204, 44.7574286], [16.8147769, 44.7574161], [16.8148334, 44.7574011], [16.8150205, 44.7573434], [16.815197, 44.7572908], [16.8152711, 44.7572732], [16.8153488, 44.7572607], [16.8154441, 44.7572482], [16.8155076, 44.7572431], [16.8155711, 44.7572356], [16.8156347, 44.7572231], [16.8156947, 44.7572055], [16.8157476, 44.757188], [16.8158182, 44.7571303], [16.8159524, 44.757015], [16.8160018, 44.7569674], [16.8160512, 44.7569248], [16.8161606, 44.7568396], [16.8162559, 44.7567794], [16.8163512, 44.7567243], [16.8164148, 44.7566842], [16.8165136, 44.7566391], [16.816736, 44.7565238], [16.8168489, 44.7564736], [16.8169089, 44.7564436], [16.8169619, 44.7564135], [16.8170219, 44.7563759], [16.8170643, 44.7563383], [16.8171031, 44.7563032], [16.8171313, 44.7562656], [16.8171666, 44.7562305], [16.8171984, 44.7561879], [16.8172266, 44.7561503], [16.8172584, 44.7561152], [16.8172972, 44.7560751], [16.8173325, 44.75604], [16.8173784, 44.7559999], [16.8174243, 44.7559673], [16.8175549, 44.7559447], [16.8176149, 44.7559322], [16.8176996, 44.7559197], [16.8178161, 44.7558771], [16.8178973, 44.7558595], [16.8180103, 44.7558119], [16.8181515, 44.7557593], [16.8182115, 44.7557367], [16.8182609, 44.7557116], [16.8183103, 44.7556891], [16.8183668, 44.7556665], [16.8184197, 44.7556465], [16.8184762, 44.7556189], [16.8185291, 44.7555888], [16.8185962, 44.7555537], [16.8187021, 44.7555086], [16.8187551, 44.7554885], [16.818808, 44.7554685], [16.8188821, 44.7554434], [16.8189492, 44.7554184], [16.8190057, 44.7553983], [16.8190692, 44.7553757], [16.8191222, 44.7553557], [16.8191822, 44.7553356], [16.8192492, 44.7553156], [16.8193092, 44.755293], [16.8193657, 44.7552705], [16.8194222, 44.7552504], [16.8194822, 44.7552254], [16.8195352, 44.7552003], [16.8195881, 44.7551752], [16.8196446, 44.7551527], [16.8197152, 44.7551126], [16.8197752, 44.7550624], [16.8198175, 44.7550273], [16.8198917, 44.7549571], [16.819927, 44.754922], [16.8199552, 44.7548794], [16.8199905, 44.7548393], [16.8200329, 44.7548067], [16.8200717, 44.7547717], [16.8201846, 44.754704], [16.8202235, 44.7546664], [16.8202658, 44.7546288], [16.8203152, 44.7545962], [16.8203576, 44.7545636], [16.8204035, 44.7545335], [16.8204529, 44.7545034], [16.8205059, 44.7544734], [16.8206082, 44.7544132], [16.8206612, 44.7543781], [16.8207635, 44.7543179], [16.820813, 44.7542879], [16.8208518, 44.7542553], [16.8208977, 44.7542152], [16.8209471, 44.7541851], [16.820993, 44.754155], [16.8210389, 44.7541249], [16.8210812, 44.7540923], [16.8211165, 44.7540573], [16.8211553, 44.7540247], [16.8211906, 44.7539871], [16.8212295, 44.7539495], [16.8212683, 44.7539069], [16.8213565, 44.7538417], [16.8214095, 44.7538166], [16.821466, 44.7537966], [16.8215366, 44.753779], [16.8216636, 44.753764], [16.8218578, 44.7537665], [16.8219919, 44.7537715], [16.8222461, 44.7537715], [16.8224367, 44.7537915], [16.8227791, 44.7537915], [16.8228426, 44.7537941], [16.8229203, 44.7538016], [16.8230473, 44.7538141], [16.8231144, 44.7538191], [16.8231956, 44.7538317], [16.8232556, 44.7538417], [16.8233262, 44.7538542], [16.8233862, 44.7538693], [16.8234497, 44.7538868], [16.8235168, 44.7538943], [16.823718, 44.7538943], [16.8238486, 44.7538868], [16.8239157, 44.7538793], [16.8239828, 44.7538743], [16.8241945, 44.7538517], [16.824251, 44.7538392], [16.8243181, 44.7538241], [16.8244699, 44.7537966], [16.824544, 44.753784], [16.824604, 44.753774], [16.8247205, 44.7537539], [16.8247911, 44.7537464], [16.8249111, 44.7537364], [16.8249888, 44.7537364], [16.8251229, 44.7537314], [16.8252076, 44.7537264], [16.8252747, 44.7537214], [16.8253488, 44.7537163], [16.82543, 44.7537013], [16.8257406, 44.7536061], [16.8258112, 44.753596], [16.8258712, 44.753581], [16.8259277, 44.7535634], [16.8259806, 44.7535434], [16.8260336, 44.7535183], [16.8260865, 44.7534933], [16.8261395, 44.7534632], [16.8261924, 44.7534381], [16.8262489, 44.7534155], [16.8263054, 44.753388], [16.8264078, 44.7533353], [16.8264607, 44.7533027], [16.8265701, 44.7532526], [16.8266266, 44.75323], [16.8266831, 44.753215], [16.8268031, 44.7531975], [16.8268666, 44.7531874], [16.8269302, 44.7531774], [16.8270078, 44.7531649], [16.827082, 44.7531548], [16.827149, 44.7531398], [16.8272161, 44.7531298], [16.8272832, 44.7531223], [16.8274526, 44.7531198], [16.8275514, 44.7531298], [16.8276538, 44.7531523], [16.8277279, 44.7531749], [16.8278197, 44.7531849], [16.8280138, 44.7532376], [16.8280738, 44.7532476], [16.8281409, 44.7532601], [16.8282044, 44.7532651], [16.8283315, 44.7532651], [16.8283986, 44.7532601], [16.8284657, 44.7532476], [16.8285257, 44.7532326], [16.8285751, 44.75321], [16.8286421, 44.7531824], [16.8287339, 44.7531273], [16.8287798, 44.7530947], [16.8288786, 44.7530295], [16.8289775, 44.7529643], [16.8290198, 44.7529343], [16.8290622, 44.7529017], [16.8291116, 44.7528766], [16.8292316, 44.7528415], [16.8292916, 44.7528265], [16.8293552, 44.7528139], [16.8294222, 44.7528089], [16.8294822, 44.7528089], [16.8295423, 44.7528139], [16.8296093, 44.7528164], [16.8296658, 44.752834], [16.8297152, 44.7528616], [16.8297682, 44.7528841], [16.8298211, 44.7529117], [16.8298741, 44.7529343], [16.82998, 44.7529744], [16.8301035, 44.7530044], [16.830167, 44.7530044], [16.8302306, 44.753007], [16.8302871, 44.753017], [16.8304035, 44.7530546], [16.8304741, 44.7530771], [16.8305236, 44.7530997], [16.83058, 44.7531172], [16.83064, 44.7531273], [16.8307177, 44.7531323], [16.8309048, 44.7531423], [16.8309648, 44.7531473], [16.8310283, 44.7531498], [16.8310883, 44.7531523], [16.831166, 44.7531548], [16.8315013, 44.7531548], [16.8315719, 44.7531498], [16.8316355, 44.7531448], [16.831706, 44.7531348], [16.8319037, 44.7531248], [16.8322391, 44.7531248], [16.8323661, 44.7531398], [16.8325779, 44.7531223], [16.8326132, 44.7530822], [16.8326697, 44.7530947], [16.8330544, 44.7530947], [16.8332486, 44.7530847], [16.8333086, 44.7530771], [16.8333757, 44.7530646], [16.8334427, 44.7530546], [16.8335063, 44.753042], [16.8335663, 44.753027], [16.8336228, 44.753012], [16.8337322, 44.7529593], [16.8338345, 44.7529117], [16.8339369, 44.7529593], [16.834004, 44.7529518], [16.8340852, 44.7529518], [16.8341487, 44.7529593], [16.8342722, 44.7529593], [16.8343746, 44.7529568], [16.8344805, 44.7529694], [16.834537, 44.7529518], [16.8345899, 44.7529242], [16.8346358, 44.7528942], [16.8346852, 44.7528691], [16.8348123, 44.752854], [16.8350135, 44.752854], [16.8350841, 44.752849], [16.8351512, 44.7528365], [16.8352077, 44.7528164], [16.8352641, 44.7527914], [16.8353277, 44.7527713], [16.8353912, 44.7527563], [16.8354512, 44.7527463], [16.8355148, 44.7527362], [16.8355853, 44.7527262], [16.8356489, 44.7527162], [16.8357336, 44.7527137], [16.8358148, 44.7527061], [16.8358889, 44.7527036], [16.8360972, 44.7527036], [16.8361713, 44.7527087], [16.8362348, 44.7527162], [16.8362948, 44.7527287], [16.8363513, 44.7527387], [16.8364678, 44.7527663], [16.8365208, 44.7527889], [16.8366372, 44.752829], [16.8366972, 44.7528365], [16.8367643, 44.7528315], [16.8368208, 44.7528114], [16.8368773, 44.7527839], [16.8369267, 44.7527538], [16.8369761, 44.7527237], [16.8370291, 44.7526936], [16.8370749, 44.7526585], [16.8371314, 44.7526309], [16.8372197, 44.7525758], [16.8372232, 44.752448], [16.8373503, 44.7524454], [16.8374209, 44.7524505], [16.8374844, 44.752458], [16.8376044, 44.7524856], [16.8377138, 44.7525282], [16.8377738, 44.7525482], [16.8378233, 44.7525708], [16.8378797, 44.7525933], [16.8379362, 44.7526109], [16.8379962, 44.7526209], [16.8380562, 44.7526209], [16.8381198, 44.7526184], [16.8381833, 44.7526109], [16.8382398, 44.7525883], [16.8382857, 44.7525557], [16.8383739, 44.7524881], [16.8384128, 44.752453], [16.8384445, 44.7524154], [16.8384939, 44.7523828], [16.8385504, 44.7523527], [16.838794, 44.7522675], [16.8388575, 44.7522549], [16.8389175, 44.7522424], [16.8389775, 44.7522299], [16.8391893, 44.7521873], [16.8392529, 44.7521822], [16.8393164, 44.7521822], [16.8393835, 44.7521847], [16.8394541, 44.7521923], [16.8395741, 44.7522123], [16.8396341, 44.7522274], [16.8396976, 44.7522449], [16.8397541, 44.7522599], [16.839807, 44.7522775], [16.8399271, 44.7523126], [16.8399835, 44.7523276], [16.84004, 44.7523377], [16.8401, 44.7523502], [16.8401636, 44.7523577], [16.8402377, 44.7523627], [16.8406224, 44.7523602], [16.8406895, 44.7523552], [16.8407566, 44.7523502], [16.8408166, 44.7523452], [16.8408801, 44.7523351], [16.8409542, 44.7523276], [16.8410248, 44.7523226], [16.8412013, 44.7523226], [16.841512, 44.7522975], [16.8416355, 44.752285], [16.8417026, 44.75228], [16.8419002, 44.75228], [16.8419673, 44.7522825], [16.8420308, 44.752285], [16.842165, 44.7522975], [16.8422215, 44.7523076], [16.8422815, 44.7523201], [16.8423415, 44.7523326], [16.8423979, 44.7523527], [16.8424615, 44.7523728], [16.8425144, 44.7523928], [16.8425744, 44.7524104], [16.8427474, 44.7524805], [16.8427968, 44.7525006], [16.8428568, 44.7525156], [16.8429239, 44.7525282], [16.8429874, 44.7525307], [16.843058, 44.7525307], [16.8431816, 44.7525257], [16.8432486, 44.7525206], [16.8433122, 44.7525156], [16.8433792, 44.7525156], [16.8434392, 44.7525206], [16.8435134, 44.7525257], [16.8435734, 44.7525282], [16.8436404, 44.7525357], [16.8437181, 44.7525457], [16.8438452, 44.7525733], [16.8439828, 44.7526084], [16.844064, 44.7526234], [16.844117, 44.752646], [16.8441735, 44.7526635], [16.8442264, 44.7526861], [16.8442829, 44.7527036], [16.8443394, 44.7527162], [16.8445158, 44.7527688], [16.8445688, 44.7527889], [16.8447841, 44.7529368], [16.8448759, 44.7528967], [16.8449888, 44.7528515], [16.8451089, 44.7528215], [16.8452289, 44.7528064], [16.8454901, 44.7527713], [16.8456101, 44.7527463], [16.8457231, 44.7527061], [16.845836, 44.752661], [16.8464714, 44.7523853], [16.8464431, 44.7523001], [16.8464361, 44.7522148], [16.846422, 44.7520394], [16.8464078, 44.7519341], [16.8463937, 44.7518388], [16.8463584, 44.7517486], [16.8463584, 44.7516583], [16.8463937, 44.7515681], [16.8464431, 44.7514829], [16.8464926, 44.7514026], [16.8464926, 44.7513124], [16.8464714, 44.7512221], [16.8464573, 44.7511319], [16.846482, 44.7509865], [16.8464996, 44.7509439], [16.8465067, 44.7509013], [16.8465067, 44.7508511], [16.8464996, 44.7508085], [16.8464784, 44.7507659], [16.8464467, 44.7507258], [16.8464149, 44.7506631], [16.8463831, 44.7505779], [16.8463761, 44.7505227], [16.8463796, 44.7504701], [16.8463902, 44.750425], [16.8464043, 44.7503799], [16.8464255, 44.7503372], [16.8464749, 44.750247], [16.8464961, 44.7502044], [16.8465137, 44.7501568], [16.8465243, 44.7501116], [16.8465243, 44.750069], [16.8464996, 44.7499036], [16.8465173, 44.7497983], [16.8465173, 44.749708], [16.8465067, 44.7496654], [16.8464855, 44.7496228], [16.8464679, 44.7495802], [16.8464537, 44.74953], [16.8464431, 44.7494799], [16.8464396, 44.7494373], [16.8464396, 44.7493897], [16.8464361, 44.7493445], [16.8464361, 44.7493019], [16.846429, 44.7492568], [16.8464114, 44.7492167], [16.846362, 44.7491941], [16.8463125, 44.7491766], [16.8462596, 44.749154], [16.8462314, 44.7491139], [16.8462596, 44.7490738], [16.8463478, 44.7490638], [16.8464043, 44.7490763], [16.8464608, 44.7490938], [16.8465137, 44.7491164], [16.8465702, 44.749134], [16.8466373, 44.7491289], [16.8466938, 44.7491114], [16.8467749, 44.7490613], [16.8468561, 44.7489911], [16.8468917, 44.7489425], [16.8469466, 44.7488893], [16.8470015, 44.7488432], [16.8470664, 44.7488007], [16.8471463, 44.7487723], [16.8472311, 44.7487581], [16.847321, 44.7487439], [16.8474108, 44.7487333], [16.8474907, 44.7487049], [16.8475406, 44.7486553], [16.8475856, 44.7485915], [16.8476255, 44.7485383], [16.8476804, 44.7484816], [16.8477453, 44.748439], [16.8478052, 44.7483894], [16.8478551, 44.7483398], [16.8478651, 44.7482759], [16.8478801, 44.7482121], [16.847915, 44.748159], [16.8479799, 44.7481058], [16.8480498, 44.7480668], [16.8481347, 44.748049], [16.8483094, 44.7480349], [16.8483943, 44.7479462], [16.8484292, 44.7478895], [16.8484542, 44.7478257], [16.8484891, 44.7477654], [16.848554, 44.7477158], [16.8486189, 44.7476697], [16.8487038, 44.7476449], [16.8487836, 44.747613], [16.8488186, 44.7475598], [16.8488785, 44.7475066], [16.8489584, 44.7474747], [16.8490282, 44.7474357], [16.8490782, 44.7473754], [16.8491031, 44.7473081], [16.8491131, 44.7472478], [16.8491281, 44.7471769], [16.849158, 44.7471131], [16.849193, 44.7470599], [16.8492429, 44.7470103], [16.8493128, 44.7469606], [16.8494426, 44.7468755], [16.8495075, 44.7468259], [16.8495724, 44.7467834], [16.8496572, 44.7467337], [16.8497221, 44.7466947], [16.8498819, 44.7466238], [16.8499617, 44.746599], [16.8500466, 44.7465706], [16.8501215, 44.7465423], [16.8501614, 44.7464855], [16.8502063, 44.7464324], [16.8502662, 44.7463792], [16.8503461, 44.7463295], [16.8504759, 44.7462444], [16.8506406, 44.7460955], [16.8507155, 44.7460601], [16.8507954, 44.7460246], [16.8508803, 44.7460069], [16.8509701, 44.7460034], [16.8511448, 44.7460034], [16.8512347, 44.7459998], [16.8513195, 44.7459785], [16.8513844, 44.745936], [16.8514244, 44.7458793], [16.8514693, 44.7458225], [16.8515092, 44.7457658], [16.8515542, 44.7457126], [16.8516091, 44.7456665], [16.851679, 44.7456204], [16.8517638, 44.7455921], [16.8518487, 44.7455708], [16.8519236, 44.7455318], [16.8519935, 44.7454964], [16.8520334, 44.7454396], [16.8520384, 44.7453794], [16.8520534, 44.7453155], [16.8520933, 44.7452624], [16.8521632, 44.7452304], [16.852258, 44.7452198], [16.8523429, 44.7451879], [16.8523629, 44.7451241], [16.8523479, 44.7450603], [16.852303, 44.7448865], [16.852298, 44.7448192], [16.8523379, 44.744766], [16.8524028, 44.7447234], [16.8524128, 44.7446632], [16.8523679, 44.74461], [16.8523179, 44.7445603], [16.852303, 44.7444965], [16.8523479, 44.7444433], [16.8524278, 44.744415], [16.8525176, 44.7443866], [16.8525975, 44.7443511], [16.8526574, 44.7443015], [16.8526923, 44.7442448], [16.8527173, 44.744181], [16.8527423, 44.7441065], [16.8527672, 44.7440462], [16.8527872, 44.743986], [16.8527972, 44.7439257], [16.8528221, 44.7438619], [16.852872, 44.7437484], [16.852922, 44.7436988], [16.8529869, 44.7436562], [16.8530667, 44.7436208], [16.8531566, 44.743603], [16.8532514, 44.7435888], [16.8533413, 44.743564], [16.8534112, 44.7435286], [16.8534561, 44.7434789], [16.8534761, 44.7434116], [16.853491, 44.7433477], [16.853496, 44.7432768], [16.853516, 44.7431527], [16.8535659, 44.7431031], [16.8536358, 44.7430641], [16.8537207, 44.7430464], [16.8538005, 44.7430109], [16.8538654, 44.7429648], [16.8539154, 44.7429152], [16.8539603, 44.7428585], [16.8539803, 44.7427946], [16.8539952, 44.7427273], [16.8540452, 44.7426776], [16.85412, 44.7426457], [16.8542149, 44.7426351], [16.8543047, 44.7426351], [16.8543946, 44.742628], [16.8544745, 44.7426067], [16.8545543, 44.7425819], [16.854734, 44.7425287], [16.8548139, 44.7424968], [16.8548638, 44.7424436], [16.8548938, 44.7423869], [16.8549587, 44.7423443], [16.8550485, 44.7423408], [16.8551434, 44.7423585], [16.8552133, 44.7423975], [16.8552732, 44.7424401], [16.855363, 44.7424472], [16.8554579, 44.7424472], [16.8555577, 44.7424578], [16.8556426, 44.7424791], [16.8558273, 44.7424791], [16.8559121, 44.7424613], [16.855992, 44.7424294], [16.8560469, 44.7423798], [16.8561018, 44.7423231], [16.8561717, 44.7422911], [16.8562566, 44.7422663], [16.8563415, 44.7422663], [16.8564313, 44.7422734], [16.8565262, 44.742277], [16.856606, 44.7422521], [16.856646, 44.7421954], [16.8566809, 44.7421387], [16.8567308, 44.7420855], [16.8567957, 44.7420429], [16.8568756, 44.7420181], [16.8569605, 44.7419969], [16.8570453, 44.7419791], [16.8571252, 44.7419578], [16.8572051, 44.7419401], [16.8572999, 44.7419295], [16.8573848, 44.7419295], [16.8574746, 44.7419153], [16.8575445, 44.7418834], [16.8576294, 44.7418692], [16.8577142, 44.7418657], [16.8578141, 44.7418692], [16.8579189, 44.7418763], [16.8580088, 44.7418869], [16.8580936, 44.7419082], [16.8581735, 44.741933], [16.8583233, 44.7420004], [16.8583382, 44.7420819], [16.8584231, 44.7420678], [16.858503, 44.7420288], [16.8585479, 44.741972], [16.8586228, 44.7418196], [16.8587176, 44.7418054], [16.8587775, 44.7417628], [16.8588125, 44.7417061], [16.8588724, 44.7416494], [16.8589472, 44.741621], [16.8590321, 44.7416033], [16.859122, 44.7415997], [16.8592068, 44.7415501], [16.8592518, 44.7414934], [16.8592717, 44.7414331], [16.8592867, 44.7413622], [16.8593017, 44.7412983], [16.8593316, 44.7412345], [16.8593815, 44.7411813], [16.8594764, 44.7411672], [16.8596062, 44.7412522], [16.859696, 44.7412487], [16.8597759, 44.741231], [16.8598208, 44.7411813], [16.8598208, 44.7411175], [16.8598308, 44.7410572], [16.8598658, 44.7410005], [16.8598708, 44.7409367], [16.8598608, 44.7408764], [16.8598508, 44.740809], [16.8598308, 44.7407523], [16.8598109, 44.7406885], [16.8597959, 44.7406282], [16.8597859, 44.7405644], [16.8597759, 44.7404935], [16.8597709, 44.7404261], [16.8597759, 44.7403587], [16.8597759, 44.7402949], [16.8597809, 44.7402275], [16.8598308, 44.7401743], [16.8598957, 44.7401282], [16.8599656, 44.7400892], [16.8600904, 44.7399829], [16.8601403, 44.7399261], [16.8601753, 44.7398694], [16.8602152, 44.7398127], [16.8602501, 44.7397559], [16.8603051, 44.7396992], [16.8603799, 44.7396602], [16.8604598, 44.7396247], [16.8605347, 44.7395928], [16.8606196, 44.7395609], [16.8606894, 44.7395254], [16.8607543, 44.7394793], [16.8607893, 44.7394226], [16.8608142, 44.7393659], [16.8608542, 44.7393091], [16.8609141, 44.739263], [16.8609939, 44.7392311], [16.8610788, 44.7391957], [16.8611437, 44.7391496], [16.8611936, 44.7390964], [16.8612785, 44.7389829], [16.8613484, 44.7389049], [16.8613983, 44.7388446], [16.8614432, 44.7387879], [16.8614832, 44.7387347], [16.8615281, 44.7386744], [16.861558, 44.7386177], [16.861593, 44.7385574], [16.8616329, 44.7384936], [16.8617378, 44.7384049], [16.8617477, 44.7383447], [16.8617627, 44.7382844], [16.8617827, 44.7382241], [16.8617927, 44.7381603], [16.8617977, 44.7380929], [16.8617977, 44.7380255], [16.8617877, 44.7379652], [16.8617777, 44.7378411], [16.8617527, 44.7377738], [16.8617328, 44.737717], [16.8617028, 44.7376532], [16.8616778, 44.7375929], [16.8616729, 44.7375326], [16.8616778, 44.7374688], [16.8617078, 44.7374085], [16.8617577, 44.7373518], [16.8618076, 44.7373022], [16.8618875, 44.7371461], [16.8618076, 44.7371568], [16.8617278, 44.7371568], [16.8616629, 44.7371213], [16.8616429, 44.7370575], [16.8616978, 44.7370043], [16.8617378, 44.7369476], [16.8617427, 44.7368873], [16.8617527, 44.7366674], [16.8617677, 44.7366], [16.8617927, 44.7365433], [16.8618326, 44.7364866], [16.8619025, 44.7364405], [16.8619774, 44.7364086], [16.8620423, 44.736366], [16.8621022, 44.7363199], [16.8621271, 44.7362632], [16.8621271, 44.7361993], [16.8621571, 44.7361426], [16.862217, 44.7360965], [16.8622419, 44.7360362], [16.862222, 44.7359759], [16.8621621, 44.7359298], [16.8621271, 44.7358766], [16.8621072, 44.7358093], [16.8621072, 44.7357454], [16.8621371, 44.7356852], [16.862182, 44.735632], [16.862222, 44.7355788], [16.8622419, 44.7355079], [16.8624167, 44.7352738], [16.8624316, 44.73521], [16.8624266, 44.7351497], [16.8624017, 44.7350859], [16.8624017, 44.7349582], [16.8624216, 44.7348979], [16.8624366, 44.7348376], [16.8624516, 44.7347738], [16.8624566, 44.73471], [16.8624766, 44.7346497], [16.8625365, 44.7346036], [16.8626313, 44.7345681], [16.8626812, 44.7345185], [16.8627062, 44.7344547], [16.8627761, 44.734327], [16.862826, 44.7342773], [16.8629159, 44.7342632], [16.8630057, 44.7342454], [16.8630856, 44.73421], [16.8631505, 44.734171], [16.8632204, 44.7341249], [16.8632703, 44.7340752], [16.863435, 44.7337951], [16.86344, 44.7337348], [16.86344, 44.7336709], [16.863415, 44.7336142], [16.8633701, 44.7335646], [16.8633052, 44.733522], [16.8632353, 44.7334936], [16.8631704, 44.7334546], [16.8631155, 44.7333979], [16.8631155, 44.7333305], [16.8631105, 44.7332667], [16.8630856, 44.7332064], [16.8630756, 44.7331426], [16.8630756, 44.7330823], [16.8630856, 44.7330184], [16.8631405, 44.7329617], [16.8632254, 44.7329262], [16.8633052, 44.7329014], [16.8633778, 44.7328792], [16.8635808, 44.7328378], [16.8635798, 44.7327737], [16.8635898, 44.7327099], [16.8636347, 44.7326496], [16.8636746, 44.7325929], [16.8637196, 44.7325255], [16.8637795, 44.7324475], [16.8638044, 44.7323872], [16.8638094, 44.7323234], [16.8637944, 44.7322524], [16.8637395, 44.7322099], [16.8636646, 44.7321922], [16.8636147, 44.7321461], [16.8636197, 44.7320787], [16.8636846, 44.7320326], [16.8638543, 44.7319829], [16.8639192, 44.7319404], [16.8639841, 44.7318943], [16.864044, 44.7318446], [16.8641139, 44.7317914], [16.8641838, 44.7317347], [16.8642437, 44.7316673], [16.8642986, 44.7315467], [16.8643036, 44.7314829], [16.8642986, 44.7314226], [16.8642986, 44.7313588], [16.8643136, 44.7312949], [16.8643186, 44.7312311], [16.8643086, 44.7311673], [16.8642836, 44.731107], [16.8642737, 44.7310396], [16.8642836, 44.7309793], [16.8643086, 44.7309226], [16.8643136, 44.7308623], [16.8642936, 44.7307311], [16.8642936, 44.7306708], [16.8643136, 44.7306105], [16.8643435, 44.7305466], [16.8643735, 44.7304864], [16.8643985, 44.7304261], [16.8644134, 44.7303658], [16.8644184, 44.7303019], [16.8644134, 44.7302204], [16.864401, 44.7301335], [16.8643885, 44.7301051], [16.864371, 44.7300785], [16.8643411, 44.7300519], [16.8643136, 44.7300289], [16.8642861, 44.7300058], [16.8642562, 44.7299774], [16.8642287, 44.7299473], [16.8642038, 44.7299172], [16.8641863, 44.7298888], [16.8641738, 44.7298586], [16.8641539, 44.7297877], [16.8641439, 44.729754], [16.8641289, 44.729637], [16.8641289, 44.7294455], [16.8641264, 44.7294153], [16.8641289, 44.7293338], [16.8641239, 44.7293036], [16.8641114, 44.7292752], [16.8640915, 44.7292469], [16.864059, 44.7292274], [16.8640241, 44.7292114], [16.8639816, 44.7292043], [16.8639417, 44.7292025], [16.8638518, 44.7292025], [16.8637595, 44.7292079], [16.8637196, 44.7292167], [16.8636896, 44.729238], [16.8636522, 44.7292557], [16.8636097, 44.7292593], [16.8635723, 44.7292451], [16.8635573, 44.7292167], [16.8635623, 44.7291866], [16.8635823, 44.7291582], [16.8636197, 44.7291405], [16.8636547, 44.7291227], [16.8636871, 44.7291015], [16.8637171, 44.7290784], [16.8637345, 44.72905], [16.863747, 44.7290181], [16.8637445, 44.7289862], [16.8637245, 44.7289596], [16.8636871, 44.7289383], [16.8636422, 44.7289348], [16.8635573, 44.7289348], [16.8635124, 44.7289295], [16.8634824, 44.72891], [16.863465, 44.7288816], [16.8634625, 44.7288514], [16.86345, 44.728816], [16.86342, 44.7287947], [16.8633851, 44.7287716], [16.8633751, 44.7287433], [16.8633502, 44.7286989], [16.8633601, 44.7286316], [16.8633901, 44.7285677], [16.86346, 44.7284471], [16.8634799, 44.7283833], [16.8634899, 44.7283159], [16.8634899, 44.7282521], [16.8634849, 44.7281882], [16.8634849, 44.7281279], [16.863455, 44.7279967], [16.863435, 44.72794], [16.8633951, 44.7278797], [16.8633252, 44.7278371], [16.8632453, 44.7278158], [16.8631654, 44.7278123], [16.8630606, 44.7277875], [16.8630057, 44.7277378], [16.8629807, 44.7276811], [16.8629109, 44.7274967], [16.8628659, 44.7274435], [16.862801, 44.727408], [16.8627162, 44.7273867], [16.8626313, 44.7273761], [16.8625464, 44.7273725], [16.8624516, 44.7273583], [16.8623867, 44.7273229], [16.8623318, 44.7272768], [16.8622869, 44.7272236], [16.8622519, 44.7271704], [16.862207, 44.7271172], [16.8621671, 44.7270604], [16.8621221, 44.7270108], [16.8620672, 44.7269611], [16.8620073, 44.7269186], [16.8619424, 44.7268795], [16.8618675, 44.7268547], [16.8617877, 44.726837], [16.8616978, 44.7268263], [16.861603, 44.7268228], [16.8615181, 44.7268086], [16.8614432, 44.7267802], [16.8614033, 44.7267306], [16.8609241, 44.7262341], [16.8608991, 44.7261738], [16.8608791, 44.7261064], [16.8608692, 44.7260461], [16.8608492, 44.7259858], [16.8608092, 44.725929], [16.8607493, 44.7258723], [16.8606295, 44.7257801], [16.8605946, 44.7257198], [16.8605896, 44.7256524], [16.8606046, 44.7255708], [16.8606595, 44.7255247], [16.8607244, 44.7254786], [16.8607643, 44.7254254], [16.8607793, 44.7253545], [16.8607893, 44.7252906], [16.8608192, 44.7252339], [16.8608442, 44.7251771], [16.8608442, 44.7251168], [16.8608142, 44.7250601], [16.8607693, 44.7250069], [16.8607094, 44.7249572], [16.8606445, 44.7249253], [16.8605696, 44.7248899], [16.8605047, 44.7248473], [16.8604997, 44.724787], [16.8605297, 44.7247267], [16.8605547, 44.72467], [16.8605746, 44.7246026], [16.8605996, 44.7245423], [16.8606395, 44.7244855], [16.8606844, 44.7244359], [16.8607194, 44.7243791], [16.8607743, 44.7243082], [16.8608242, 44.7242585], [16.860969, 44.7240847], [16.8610089, 44.724028], [16.8610089, 44.7239677], [16.860979, 44.7239109], [16.860969, 44.7238471], [16.860984, 44.7237762], [16.8610389, 44.723723], [16.8611287, 44.7237088], [16.8612136, 44.723691], [16.8612935, 44.7236591], [16.8613434, 44.7236059], [16.8613534, 44.7235421], [16.8613933, 44.7234818], [16.8614382, 44.7234286], [16.8614632, 44.7233683], [16.8614632, 44.7233044], [16.8614332, 44.7232477], [16.8613883, 44.7231945], [16.8613534, 44.7231377], [16.8613384, 44.7230774], [16.8613434, 44.7230171], [16.8613783, 44.7229568], [16.8614233, 44.7229001], [16.8614782, 44.7228398], [16.8615381, 44.7227866], [16.861608, 44.7226766], [16.8616729, 44.7226234], [16.8617178, 44.7225702], [16.8617527, 44.7225135], [16.8617627, 44.7224496], [16.8617627, 44.7223822], [16.8617527, 44.7223184], [16.8617228, 44.7222581], [16.8616878, 44.7222049], [16.8616729, 44.7221411], [16.8616828, 44.7220737], [16.8617078, 44.7220169], [16.8617677, 44.7219602], [16.8618376, 44.7219176], [16.8618925, 44.7218679], [16.8619324, 44.7218112], [16.8619774, 44.7217544], [16.8620323, 44.7217083], [16.8621072, 44.7216693], [16.862192, 44.7216516], [16.8622819, 44.7216374], [16.8623518, 44.7215948], [16.8624067, 44.7215381], [16.8624416, 44.7214813], [16.8626263, 44.7213217], [16.8626712, 44.721265], [16.8626962, 44.7212082], [16.8627212, 44.7211444], [16.8627461, 44.7210841], [16.8627811, 44.7210238], [16.862851, 44.7209812], [16.8629308, 44.7209422], [16.8629658, 44.720889], [16.8629957, 44.7208251], [16.8630207, 44.7207613], [16.8630456, 44.720701], [16.8630706, 44.7206371], [16.8630906, 44.7205733], [16.8630906, 44.720513], [16.8630656, 44.7204527], [16.8630506, 44.7203924], [16.8630806, 44.7203321], [16.8631455, 44.7202895], [16.8631605, 44.7202257], [16.8631704, 44.7201583], [16.8631904, 44.7200909], [16.8632353, 44.7200377], [16.8633352, 44.7199384], [16.8633452, 44.7198745], [16.8633452, 44.7197256], [16.8633601, 44.7195163], [16.8633851, 44.7194595], [16.86343, 44.7194063], [16.8635199, 44.7194028], [16.8636047, 44.7194099], [16.8636946, 44.7194205], [16.8637795, 44.7194241], [16.8638394, 44.7193779], [16.8638444, 44.7193176], [16.8639242, 44.7192964], [16.8640041, 44.7193141], [16.864089, 44.7192786], [16.8641239, 44.7192183], [16.8641838, 44.7191616], [16.8642537, 44.7191155], [16.8643036, 44.7190552], [16.8643336, 44.7189949], [16.8643635, 44.718931], [16.8643985, 44.7188778], [16.8644484, 44.7188139], [16.8644833, 44.7187572], [16.8645332, 44.7186969], [16.8645981, 44.7186401], [16.864663, 44.7185869], [16.8648128, 44.7184947], [16.8648827, 44.7184628], [16.8649576, 44.7184096], [16.8650175, 44.7183599], [16.8650774, 44.7183174], [16.8651922, 44.7182145], [16.8652471, 44.7181613], [16.8655067, 44.7179414], [16.8655566, 44.7178846], [16.8655965, 44.7178314], [16.8656165, 44.7177711], [16.8656115, 44.7177072], [16.8656115, 44.7176434], [16.8656315, 44.7175121], [16.8656764, 44.7174554], [16.8656964, 44.7173951], [16.8656864, 44.7173348], [16.8656614, 44.717278], [16.8656564, 44.7172142], [16.8656914, 44.7171503], [16.8657563, 44.7171042], [16.8658911, 44.7170155], [16.8659559, 44.7169659], [16.865951, 44.716902], [16.865941, 44.7168417], [16.8659909, 44.7167921], [16.8660458, 44.7167353], [16.8660807, 44.7166785], [16.8660708, 44.7166182], [16.8660208, 44.716565], [16.8660458, 44.7165012], [16.8660957, 44.7164515], [16.8661706, 44.7164231], [16.8662605, 44.7164019], [16.8663453, 44.7163806], [16.8664352, 44.7163699], [16.866525, 44.7163735], [16.8666049, 44.7163912], [16.8666848, 44.716416], [16.8667696, 44.7164125], [16.8668545, 44.716377], [16.8669194, 44.716338], [16.8669893, 44.7163025], [16.8670741, 44.7162848], [16.867164, 44.7162706], [16.8673337, 44.7162351], [16.8674186, 44.7162209], [16.8675084, 44.7162068], [16.8676931, 44.7162068], [16.867778, 44.7162245], [16.8678479, 44.7162564], [16.8679178, 44.7162848], [16.8679877, 44.7163203], [16.8680725, 44.7163451], [16.8681624, 44.7163557], [16.8682522, 44.7163557], [16.8683321, 44.7163274], [16.868407, 44.7162919], [16.8684869, 44.7162706], [16.8685767, 44.7162742], [16.8686766, 44.7162848], [16.8687664, 44.7162954], [16.8688563, 44.7162919], [16.8689461, 44.7162812], [16.869021, 44.7162422], [16.869021, 44.7161784], [16.8689911, 44.7160542], [16.8689911, 44.7159904], [16.869011, 44.7159301], [16.8690759, 44.715891], [16.8691558, 44.7158591], [16.8692257, 44.7158236], [16.8692806, 44.7157775], [16.8693355, 44.7157243], [16.8693754, 44.715664], [16.8694054, 44.7156037], [16.8694303, 44.7155399], [16.8694453, 44.715476], [16.8694503, 44.7154122], [16.8694503, 44.7151638], [16.8694603, 44.7151], [16.8694853, 44.7150397], [16.8695352, 44.7149829], [16.8696151, 44.7149049], [16.8694803, 44.714912], [16.8694803, 44.7148233], [16.8693954, 44.7148375], [16.8693155, 44.7148552], [16.8692257, 44.7148659], [16.8691208, 44.7148872], [16.869026, 44.714912], [16.8689561, 44.7149404], [16.8688762, 44.7149652], [16.8687165, 44.7150255], [16.8685967, 44.7150645], [16.8685168, 44.7150858], [16.8684419, 44.7151071], [16.8683671, 44.7151355], [16.8682872, 44.7151674], [16.8682223, 44.7151993], [16.8681574, 44.7152348], [16.8680576, 44.7152809], [16.8679078, 44.7153164], [16.867783, 44.7153341], [16.8676183, 44.7153306], [16.8674436, 44.7153164], [16.8674635, 44.7146211], [16.8670941, 44.7127481], [16.8653369, 44.7100945], [16.8650474, 44.7094488], [16.8643585, 44.7093353], [16.8643585, 44.7091224], [16.8635798, 44.7091721], [16.86344, 44.7091011], [16.8633102, 44.7090302], [16.8631605, 44.7089947], [16.8629708, 44.7089734], [16.8627911, 44.7089592], [16.8626014, 44.7089592], [16.8624216, 44.7089521], [16.8622519, 44.7089379], [16.8620922, 44.7089166], [16.8619324, 44.7088812], [16.8617328, 44.7088386], [16.861563, 44.7088031], [16.8614133, 44.7087676], [16.8612635, 44.708718], [16.8611038, 44.7086683], [16.8608841, 44.7086044], [16.8606745, 44.7085619], [16.8604948, 44.7085264], [16.860335, 44.7085051], [16.8601653, 44.7085051], [16.8594365, 44.7085335], [16.8592468, 44.7085477], [16.8590671, 44.7085619], [16.8588474, 44.7085619], [16.8585479, 44.708576], [16.8583782, 44.7085406], [16.8581985, 44.7085051], [16.857859, 44.7084058], [16.8576893, 44.708349], [16.8575295, 44.7082922], [16.8573798, 44.7082355], [16.85724, 44.7081645], [16.8571202, 44.7080723], [16.8569704, 44.7079871], [16.8568207, 44.7079162], [16.856641, 44.7078736], [16.8564912, 44.7078239], [16.8563015, 44.7077884], [16.8561418, 44.7077459], [16.855992, 44.707682], [16.8558622, 44.707604], [16.8557923, 44.7074904], [16.8556725, 44.7073982], [16.8555228, 44.7073556], [16.8553231, 44.7071569], [16.8551933, 44.7070931], [16.8550236, 44.7070931], [16.8548838, 44.7070292], [16.8547141, 44.7070008], [16.8545543, 44.7070079], [16.8543946, 44.7070505], [16.8542448, 44.7071002], [16.8539054, 44.7071711], [16.8537456, 44.707164], [16.8535659, 44.707164], [16.8530767, 44.7071144], [16.8530268, 44.7070008], [16.8529869, 44.7068802], [16.8529869, 44.7067596], [16.8530867, 44.7066602], [16.8531566, 44.7065396], [16.8531865, 44.706419], [16.8532265, 44.7062912], [16.8532564, 44.7061635], [16.8532564, 44.7060429], [16.8532365, 44.7059223], [16.8532065, 44.7057874], [16.8531965, 44.7056668], [16.8532365, 44.7055391], [16.8532864, 44.7054185], [16.8533163, 44.7052056], [16.8533163, 44.7050779], [16.8533263, 44.7049572], [16.8533962, 44.7048437], [16.8534761, 44.7047373], [16.8535559, 44.7046237], [16.8536358, 44.7045173], [16.8537357, 44.7042902], [16.8537856, 44.7041696], [16.8538555, 44.7040631], [16.8539553, 44.7039567], [16.8540851, 44.7038715], [16.8542348, 44.7037935], [16.8544944, 44.703609], [16.8546142, 44.7035096], [16.854754, 44.7034103], [16.8549038, 44.7033393], [16.8550735, 44.703318], [16.8552532, 44.7033109], [16.8554429, 44.7032968], [16.8556426, 44.7032826], [16.8558123, 44.7032755], [16.855992, 44.7032542], [16.8561518, 44.7032187], [16.8563215, 44.7031832], [16.8564613, 44.7031193], [16.8567009, 44.7029348], [16.8568007, 44.7028284], [16.8568906, 44.7027149], [16.8569605, 44.7025942], [16.8570004, 44.7024736], [16.8570902, 44.7022678], [16.8571501, 44.7021472], [16.85721, 44.7020123], [16.85722, 44.7018917], [16.85721, 44.7017711], [16.8571901, 44.7016433], [16.8571501, 44.7015227], [16.8570403, 44.7012388], [16.8570204, 44.701104], [16.8570403, 44.7007989], [16.8570403, 44.7005434], [16.8570603, 44.7004085], [16.8570902, 44.7002808], [16.8571302, 44.7001602], [16.8571701, 44.7000324], [16.85722, 44.6999047], [16.8572799, 44.699777], [16.8573199, 44.6996492], [16.8573698, 44.6995286], [16.8574497, 44.6992731], [16.8574996, 44.6991454], [16.8575595, 44.6990247], [16.8576294, 44.6989112], [16.8577092, 44.6987905], [16.8577791, 44.6986628], [16.857839, 44.698535], [16.857889, 44.6984144], [16.8579089, 44.6982583], [16.8579089, 44.6978608], [16.8579688, 44.6977402], [16.8580287, 44.6976266], [16.8580687, 44.6974989], [16.8581186, 44.6973712], [16.8581585, 44.6972505], [16.8581985, 44.6971228], [16.8582184, 44.696995], [16.8582084, 44.6968744], [16.8581286, 44.6967608], [16.8580587, 44.6966544], [16.8580187, 44.6965337], [16.8579888, 44.6964131], [16.8579189, 44.6962995], [16.8578191, 44.6962073], [16.8576993, 44.696115], [16.8574996, 44.6960156], [16.8573698, 44.6959305], [16.8573299, 44.6958169], [16.8573398, 44.6956963], [16.8573898, 44.6955756], [16.8574796, 44.6954763], [16.8576094, 44.695384], [16.8577592, 44.695313], [16.8578989, 44.6952492], [16.8580587, 44.6951924], [16.8581985, 44.6951214], [16.8583482, 44.6950433], [16.858488, 44.6949582], [16.8585978, 44.6948659], [16.8586977, 44.6947666], [16.8588374, 44.6945394], [16.8588973, 44.6943975], [16.8589672, 44.694291], [16.8590471, 44.6941775], [16.8591569, 44.6940639], [16.8592767, 44.6939717], [16.8594265, 44.6938865], [16.8595663, 44.6938084], [16.859726, 44.6937304], [16.8598658, 44.6936594], [16.8600155, 44.6935884], [16.860315, 44.6934323], [16.860315, 44.6933116], [16.8603849, 44.6932051], [16.8604249, 44.6930774], [16.8603949, 44.6929496], [16.860315, 44.6928503], [16.8602551, 44.6927296], [16.860315, 44.6926161], [16.8604049, 44.6925096], [16.8604548, 44.6923889], [16.8604548, 44.6921902], [16.8630506, 44.6904087], [16.8637096, 44.6901461], [16.8663553, 44.6894505], [16.866525, 44.6895002], [16.8664751, 44.6894221], [16.8664651, 44.6893015], [16.8664452, 44.6891737], [16.8664152, 44.6890459], [16.8663154, 44.6888046], [16.8661856, 44.6887194], [16.8660159, 44.6886981], [16.8658561, 44.6886555], [16.8656864, 44.6885846], [16.8655466, 44.6885207], [16.8653969, 44.6884568], [16.8652371, 44.6884142], [16.8647579, 44.6883574], [16.864668, 44.688251], [16.8649775, 44.6882368], [16.8649775, 44.6881161], [16.8654468, 44.688038], [16.8653569, 44.6879386], [16.865317, 44.6878109], [16.865287, 44.6876902], [16.865287, 44.6875624], [16.865297, 44.6874418], [16.8653469, 44.6873211], [16.8654468, 44.6872075], [16.8655766, 44.6871011], [16.8669643, 44.6865829], [16.8677431, 44.6859441], [16.8679228, 44.685937], [16.8680526, 44.6858518], [16.8682223, 44.6858163], [16.868402, 44.6858234], [16.8685418, 44.6858802], [16.8688413, 44.6860079], [16.869011, 44.6860292], [16.8692007, 44.686015], [16.8693505, 44.6859441], [16.8695202, 44.6859015], [16.8697199, 44.6858873], [16.8698497, 44.6858021], [16.8700593, 44.6856814], [16.8701891, 44.6855892], [16.8703389, 44.685504], [16.8704787, 44.6854117], [16.8706284, 44.6853265], [16.8707283, 44.6852271], [16.8707981, 44.6851136], [16.870858, 44.685], [16.8709579, 44.6848864], [16.8710977, 44.6848083], [16.8712574, 44.6847373], [16.8714271, 44.6846806], [16.8715869, 44.684638], [16.8717466, 44.6845741], [16.8719064, 44.6845244], [16.8720861, 44.6844889], [16.8722558, 44.6844534], [16.8727849, 44.6844534], [16.8730645, 44.6843256], [16.8732242, 44.6842617], [16.873394, 44.6842192], [16.8735837, 44.6842192], [16.8737234, 44.6842759], [16.8738832, 44.6843256], [16.8740629, 44.6843185], [16.8744023, 44.6842901], [16.8745621, 44.6842547], [16.8747118, 44.6841979], [16.8748616, 44.6841127], [16.8750014, 44.6840346], [16.8751511, 44.6839565], [16.8753009, 44.6838855], [16.8754407, 44.6838216], [16.8755804, 44.6837365], [16.8756903, 44.6836371], [16.8757701, 44.6835306], [16.87584, 44.6834028], [16.8759299, 44.6831899], [16.8759299, 44.6830621], [16.8759199, 44.6829414], [16.8759299, 44.6828136], [16.8761495, 44.6826149], [16.8762294, 44.6825013], [16.8763492, 44.6824161], [16.8765189, 44.6823451], [16.8768184, 44.6823593], [16.8769382, 44.6822741], [16.8770581, 44.6821748], [16.8771579, 44.6820612], [16.8772477, 44.6819547], [16.8773076, 44.6818411], [16.8773676, 44.6817133], [16.8776671, 44.681401], [16.877717, 44.6809041], [16.8785956, 44.6807763], [16.8786754, 44.6805349], [16.878346, 44.6803717], [16.8781463, 44.680109], [16.8784358, 44.6799812], [16.878326, 44.6798889], [16.8782362, 44.6797895], [16.8781463, 44.6796759], [16.8780864, 44.6795695], [16.8780265, 44.6794346], [16.8780065, 44.6793139], [16.8780065, 44.6791932], [16.8780265, 44.6790583], [16.8780365, 44.6789305], [16.8780065, 44.6788028], [16.8779466, 44.6786821], [16.8778667, 44.6784052], [16.8793144, 44.6753738], [16.8818703, 44.6752389], [16.8862532, 44.6754022], [16.8864329, 44.6754164], [16.8866226, 44.6754022], [16.8867325, 44.6753099], [16.8868323, 44.6752034], [16.8869621, 44.6751111], [16.8871318, 44.6750898], [16.8873115, 44.6750827], [16.8874713, 44.6750472], [16.887611, 44.6749549], [16.8877009, 44.6748555], [16.8878307, 44.6747632], [16.8880004, 44.6747419], [16.8881502, 44.6747987], [16.8882999, 44.6748626], [16.8884497, 44.6749336], [16.8886294, 44.6749549], [16.8887991, 44.6749194], [16.8889788, 44.6748555], [16.8891186, 44.6747561], [16.8891685, 44.6746354], [16.8892284, 44.6745147], [16.8893383, 44.6744082], [16.889478, 44.674323], [16.8898175, 44.6743798], [16.8899872, 44.6743656], [16.8901569, 44.6743372], [16.8902867, 44.6742449], [16.8903666, 44.6741171], [16.8904664, 44.6740106], [16.8905763, 44.6739183], [16.890736, 44.6738473], [16.8909057, 44.6737834], [16.8910555, 44.6737337], [16.8912252, 44.6736982], [16.8913949, 44.673684], [16.8915647, 44.673684], [16.8917344, 44.6737195], [16.8918941, 44.6737692], [16.8920639, 44.6737763], [16.8922336, 44.6737692], [16.8924632, 44.6737408], [16.8926729, 44.6737408], [16.8928626, 44.673755], [16.8930023, 44.6738189], [16.8931521, 44.6739112], [16.8934017, 44.6740887], [16.8935515, 44.6741597], [16.8937012, 44.6742094], [16.8938909, 44.6742165], [16.8940706, 44.6742165], [16.8942603, 44.6741952], [16.8944101, 44.6741384], [16.89448, 44.6740248], [16.8945199, 44.6739041], [16.8946297, 44.6737834], [16.8947895, 44.6736982], [16.8949692, 44.6736982], [16.8951389, 44.6737408], [16.8953186, 44.6738118], [16.8954784, 44.6738686], [16.895668, 44.673897], [16.8958078, 44.673826], [16.8959975, 44.6737905], [16.8961573, 44.673826], [16.896317, 44.673897], [16.8964767, 44.6739467], [16.8966565, 44.6739609], [16.8968362, 44.6739467], [16.8970259, 44.6739112], [16.8971956, 44.6738615], [16.8973553, 44.6737976], [16.8975051, 44.6737195], [16.8976349, 44.6736272], [16.8977347, 44.6735278], [16.8978545, 44.6734214], [16.8979743, 44.673322], [16.8981441, 44.6732723], [16.8983338, 44.6732297], [16.8984735, 44.6731516], [16.8985534, 44.6730309], [16.8986433, 44.6729102], [16.898773, 44.672825], [16.8989228, 44.6727753], [16.8990825, 44.6727256], [16.8992323, 44.6726546], [16.8993122, 44.6725339], [16.8993821, 44.6724132], [16.8995019, 44.6721789], [16.8995518, 44.6720653], [16.8996616, 44.6719517], [16.8998114, 44.6718807], [16.8999911, 44.6718665], [16.9001708, 44.6718594], [16.9003405, 44.6718168], [16.9004803, 44.6717387], [16.9006101, 44.6716535], [16.9007299, 44.6715541], [16.9007798, 44.6714405], [16.9008197, 44.6711849], [16.9008197, 44.6710571], [16.9007998, 44.6708086], [16.9008297, 44.6706808], [16.9008397, 44.670553], [16.9008297, 44.670411], [16.9007898, 44.6702832], [16.9007698, 44.6701624], [16.9007598, 44.6700417], [16.9007798, 44.6699139], [16.9008996, 44.6698145], [16.9012191, 44.6696867], [16.901259, 44.669566], [16.9013289, 44.6694524], [16.9015086, 44.6693246], [16.9017183, 44.6691542], [16.901878, 44.6691045], [16.9020577, 44.6691116], [16.9022474, 44.6691258], [16.9024272, 44.6691258], [16.9026069, 44.6691187], [16.9027566, 44.6690406], [16.9028664, 44.6689483], [16.9029263, 44.6688276], [16.9029763, 44.6686998], [16.903136, 44.6686217], [16.9032958, 44.6685649], [16.9033357, 44.6684442], [16.9034655, 44.6683448], [16.9035753, 44.6682383], [16.9036152, 44.6681176], [16.903785, 44.6680678], [16.9038748, 44.6679613], [16.9038848, 44.6678335], [16.9039747, 44.667727], [16.9041444, 44.6677057], [16.9043441, 44.6676915], [16.9045437, 44.6676844], [16.9047334, 44.667656], [16.9048732, 44.667585], [16.9049231, 44.6674572], [16.9049032, 44.6673294], [16.9049631, 44.6672087], [16.9051128, 44.6671448], [16.9052825, 44.6671022], [16.9054423, 44.6670667], [16.905622, 44.6670454], [16.9057917, 44.6669886], [16.9059115, 44.6669034], [16.9060014, 44.6667969], [16.9060613, 44.6666761], [16.9061212, 44.6664347], [16.906221, 44.6661791], [16.9062809, 44.6660655], [16.9063508, 44.6659519], [16.9064806, 44.6658667], [16.9067801, 44.6657246], [16.9069199, 44.6656607], [16.9070697, 44.6655826], [16.9072094, 44.6655045], [16.9073792, 44.6654477], [16.9077186, 44.6653483], [16.9079083, 44.665327], [16.9082578, 44.6653412], [16.9084474, 44.6653625], [16.9086272, 44.665398], [16.9087669, 44.6654619], [16.9089267, 44.6655542], [16.9090565, 44.6656323], [16.9091863, 44.6657033], [16.909326, 44.6657673], [16.9094758, 44.6658383], [16.9096156, 44.6658951], [16.9097753, 44.6659448], [16.909955, 44.6659945], [16.9101148, 44.665959], [16.9102046, 44.6658525], [16.9102645, 44.6657317], [16.9103144, 44.6655968], [16.9103544, 44.6654761], [16.9103843, 44.6653554], [16.9104342, 44.6652347], [16.9104742, 44.6651069], [16.9105341, 44.6649933], [16.9105441, 44.6648726], [16.9105441, 44.6647447], [16.910594, 44.664624], [16.9106639, 44.6645175], [16.9106938, 44.6643826], [16.9106339, 44.6642619], [16.9106639, 44.6641341], [16.9107637, 44.6640275], [16.9109534, 44.6639849], [16.9110033, 44.6638642], [16.9110333, 44.6637435], [16.9111331, 44.6636441], [16.911193, 44.6636299], [16.9113328, 44.6635447], [16.9114326, 44.6634311], [16.9115824, 44.6633671], [16.9117122, 44.6632819], [16.9119119, 44.6630831], [16.9120516, 44.663005], [16.9121714, 44.6629198], [16.9122713, 44.6628062], [16.9123312, 44.6626925], [16.9124011, 44.6625789], [16.9124809, 44.662444], [16.9125408, 44.6623162], [16.9126207, 44.6622026], [16.9127106, 44.6621031], [16.9128104, 44.6620037], [16.9129102, 44.6618972], [16.9129602, 44.6617765], [16.9129801, 44.6616558], [16.9130201, 44.6615351], [16.9130999, 44.6614143], [16.9131798, 44.6613078], [16.9132797, 44.6612013], [16.9132996, 44.6610664], [16.9132697, 44.6609456], [16.9132297, 44.660832], [16.9132697, 44.6607042], [16.9134094, 44.6606261], [16.9135293, 44.6605338], [16.9135692, 44.660413], [16.9135293, 44.6602923], [16.9134394, 44.6601929], [16.9134094, 44.6600651], [16.9134893, 44.6599514], [16.9136391, 44.6598733], [16.913659, 44.6597455], [16.913679, 44.6596106], [16.9138388, 44.6595538], [16.9138088, 44.6594259], [16.9137988, 44.6592981], [16.9138388, 44.6591632], [16.9139685, 44.659078], [16.9141383, 44.659078], [16.914308, 44.6591206], [16.9144777, 44.6591703], [16.9146474, 44.6591632], [16.9147972, 44.6590922], [16.9148571, 44.6589714], [16.9148571, 44.6586945], [16.914957, 44.658588], [16.9151067, 44.6584814], [16.9152065, 44.658382], [16.9152665, 44.6582542], [16.9152764, 44.6581192], [16.9152465, 44.6579914], [16.9151766, 44.6578778], [16.9150468, 44.6577997], [16.914897, 44.6577429], [16.9147473, 44.6576647], [16.9146175, 44.6575795], [16.9145576, 44.6574659], [16.9145476, 44.6573309], [16.9145676, 44.6572102], [16.9147173, 44.6571321], [16.9148771, 44.6570753], [16.9150468, 44.6570043], [16.9151367, 44.6568977], [16.9151866, 44.656777], [16.9152065, 44.6566563], [16.9152465, 44.6565284], [16.9153663, 44.6564361], [16.9154961, 44.656358], [16.9156458, 44.6562444], [16.9157257, 44.6561378], [16.9157656, 44.6560171], [16.9158255, 44.6559035], [16.9158954, 44.6557898], [16.9159953, 44.6556691], [16.9162549, 44.6554987], [16.9163846, 44.6554205], [16.9165544, 44.6553708], [16.9167241, 44.6553353], [16.9169038, 44.6553069], [16.9170835, 44.6552998], [16.9172532, 44.6553211], [16.9173731, 44.6554063], [16.9175228, 44.6554774], [16.9176426, 44.655385], [16.9178024, 44.6552856], [16.9180619, 44.6547671], [16.9181218, 44.6539717], [16.9184413, 44.6538581], [16.918671, 44.6535527], [16.9190803, 44.6533254], [16.9186909, 44.6527004], [16.9168539, 44.653155], [16.9157856, 44.6519902], [16.916175, 44.6517771], [16.9160851, 44.6516706], [16.9160053, 44.651564], [16.9159154, 44.6514575], [16.9158355, 44.6513509], [16.9157656, 44.6512444], [16.9157057, 44.6511237], [16.9156558, 44.65101], [16.9156159, 44.6508964], [16.9155859, 44.6507685], [16.915556, 44.6506336], [16.915546, 44.6505057], [16.915526, 44.650385], [16.9154761, 44.6499801], [16.9150668, 44.6484459], [16.9135792, 44.6483749], [16.9135193, 44.6482542], [16.9134394, 44.6480127], [16.9134194, 44.6478848], [16.9133995, 44.6477499], [16.9133695, 44.647622], [16.9133695, 44.6475013], [16.9133795, 44.6473805], [16.9133995, 44.6472455], [16.9134094, 44.6471248], [16.9134294, 44.6469969], [16.9134294, 44.6468691], [16.9134394, 44.6467483], [16.9134394, 44.6466276], [16.9133795, 44.6463719], [16.9133296, 44.646244], [16.9133096, 44.6459954], [16.9131598, 44.645555], [16.9127805, 44.6451927], [16.9125009, 44.6447239], [16.9115924, 44.6443759], [16.9113128, 44.6436584], [16.9109734, 44.6411864], [16.9109734, 44.6410585], [16.9110233, 44.6409377], [16.9111531, 44.6408596], [16.9113228, 44.6408383], [16.9114626, 44.6407743], [16.9115724, 44.6405967], [16.9114726, 44.6404902], [16.9113927, 44.6403836], [16.9113528, 44.64027], [16.9113727, 44.6400711], [16.9113627, 44.6399503], [16.9112729, 44.6398508], [16.9111331, 44.6397798], [16.9109834, 44.6396945], [16.9108635, 44.6396093], [16.9107637, 44.6395027], [16.9107138, 44.6393891], [16.9106639, 44.6392612], [16.910614, 44.6391475], [16.9105341, 44.639041], [16.9104442, 44.6389415], [16.9103144, 44.6388563], [16.9101747, 44.6387923], [16.9100449, 44.6387071], [16.909965, 44.6385934], [16.9099151, 44.6384727], [16.9098751, 44.638359], [16.9098152, 44.6382382], [16.9097354, 44.6381103], [16.9096555, 44.6379967], [16.9095656, 44.637883], [16.9094658, 44.6377693], [16.9093759, 44.6376699], [16.9092961, 44.6375633], [16.9091863, 44.6374568], [16.9090964, 44.6373502], [16.9088967, 44.6371371], [16.9088069, 44.6370376], [16.908717, 44.636931], [16.9086072, 44.6368316], [16.9085073, 44.6367321], [16.9083975, 44.6366469], [16.9082977, 44.6365474], [16.9082278, 44.6364408], [16.9081679, 44.6363272], [16.908128, 44.6362064], [16.908088, 44.6360927], [16.9080381, 44.6359791], [16.9079682, 44.6358725], [16.9079482, 44.6357446], [16.9079482, 44.6356238], [16.9079183, 44.635496], [16.9078584, 44.6353823], [16.9077885, 44.6352757], [16.9076887, 44.6351834], [16.9075689, 44.6350981], [16.9074091, 44.6350413], [16.9067901, 44.6348352], [16.9066404, 44.6347784], [16.9064906, 44.6347145], [16.9063508, 44.6346434], [16.9062111, 44.6345653], [16.9060713, 44.6344942], [16.9059415, 44.6344232], [16.9058017, 44.634345], [16.9055421, 44.6342029], [16.9053824, 44.6341674], [16.9052127, 44.6341532], [16.9050629, 44.6341035], [16.9049231, 44.6340466], [16.9046436, 44.6339045], [16.9045038, 44.6338406], [16.904374, 44.6337767], [16.9042342, 44.6336985], [16.9041044, 44.6336346], [16.9037649, 44.6333628], [16.9062918, 44.6231616], [16.9209421, 44.6176234], [16.9210721, 44.6176054], [16.9212274, 44.6175514], [16.9215055, 44.617392], [16.9219099, 44.6170733], [16.9222711, 44.6166876], [16.9224733, 44.6163354], [16.9226648, 44.6159498], [16.9228634, 44.6157904], [16.9231956, 44.6155539], [16.9290752, 44.6151503], [16.9320186, 44.6176285], [16.9352004, 44.6168239], [16.9354785, 44.6170655], [16.9355687, 44.6171684], [16.9356193, 44.6172558], [16.9357132, 44.6173278], [16.9358288, 44.6174229], [16.9359227, 44.6175437], [16.9360057, 44.6177082], [16.9360635, 44.6177828], [16.9362369, 44.6179499], [16.9363272, 44.6180553], [16.936362, 44.6181491], [16.9364693, 44.6183018], [16.9365586, 44.6184109], [16.9366046, 44.6184927], [16.9369404, 44.6185463], [16.9369596, 44.6185545], [16.9369877, 44.618589], [16.9370451, 44.6186717], [16.937215, 44.6189844], [16.9372801, 44.6190271], [16.9372928, 44.6190407], [16.9373848, 44.6190871], [16.937515, 44.6191498], [16.9376287, 44.6191798], [16.9377346, 44.6192052], [16.9378355, 44.6192116], [16.9378864, 44.6192287], [16.937843, 44.6193232], [16.9383997, 44.6198631], [16.9385069, 44.6199921], [16.9386653, 44.6200812], [16.9393343, 44.6203375], [16.9401924, 44.6206538], [16.9412879, 44.6210155], [16.9417068, 44.6212063], [16.9418242, 44.6213063], [16.9419979, 44.6214626], [16.942169, 44.6215644], [16.942289, 44.6216571], [16.9425571, 44.6220025], [16.942764, 44.6222569], [16.942907, 44.6222679], [16.9429147, 44.6222969], [16.94293, 44.622326], [16.9429377, 44.6223569], [16.9429479, 44.6223878], [16.9429581, 44.6224496], [16.9429555, 44.6224805], [16.9429479, 44.6225096], [16.9429479, 44.6225696], [16.9429377, 44.6226441], [16.9428508, 44.6226714], [16.9428815, 44.6227368], [16.9430321, 44.6227204], [16.9430602, 44.6227768], [16.9430781, 44.6228022], [16.943096, 44.6228331], [16.9431317, 44.6228913], [16.9431445, 44.6229222], [16.9431752, 44.6229804], [16.9431981, 44.6230076], [16.9432211, 44.6230331], [16.9432441, 44.6230603], [16.9432696, 44.6230858], [16.9433131, 44.623113], [16.9433054, 44.623133], [16.9432977, 44.6231658], [16.9432875, 44.6232276], [16.9432875, 44.6232585], [16.9432824, 44.6232894], [16.9432722, 44.6233166], [16.9432569, 44.6233439], [16.9432441, 44.6233711], [16.9432211, 44.6233966], [16.943193, 44.6234239], [16.9431649, 44.6234457], [16.9431394, 44.6234693], [16.9431266, 44.6234984], [16.9431164, 44.6235293], [16.9431088, 44.6235602], [16.9431088, 44.6235911], [16.9431113, 44.623622], [16.9431113, 44.6236529], [16.9431164, 44.6237128], [16.9431215, 44.6237419], [16.9431368, 44.623771], [16.9431445, 44.6238019], [16.9431417, 44.6239632], [16.9439078, 44.6235361], [16.9443675, 44.6234707], [16.944628, 44.6235361], [16.9447148, 44.6234289], [16.9451439, 44.6233725], [16.9459713, 44.6228836], [16.9462752, 44.6227], [16.9463875, 44.6226473], [16.9466991, 44.6223619], [16.9467297, 44.6223383], [16.9467629, 44.6223183], [16.9468012, 44.6223056], [16.9468472, 44.6223001], [16.9468906, 44.622302], [16.946934, 44.6223092], [16.9469749, 44.6223256], [16.9470081, 44.6223438], [16.9470387, 44.6223674], [16.9490306, 44.6226237], [16.9493958, 44.6226], [16.9495286, 44.6226219], [16.9498657, 44.6226091], [16.9499091, 44.6226091], [16.9499525, 44.6226], [16.9499908, 44.6225873], [16.9500317, 44.6225728], [16.9500726, 44.6225601], [16.950116, 44.6225546], [16.9501875, 44.6225273], [16.9502666, 44.6224728], [16.9504275, 44.6225073], [16.9504633, 44.6224692], [16.9504735, 44.6222438], [16.9504812, 44.6222111], [16.9504965, 44.6221802], [16.950522, 44.6221529], [16.9505552, 44.6221293], [16.9505935, 44.6221129], [16.950642, 44.6221057], [16.9507152, 44.6221024], [16.9510546, 44.6219161], [16.9512305, 44.6217512], [16.9512318, 44.6216085], [16.9513161, 44.6216076], [16.9515906, 44.6216594], [16.9516825, 44.6216022], [16.9517936, 44.6214686], [16.9547869, 44.6187011], [16.9592115, 44.6150758], [16.9613554, 44.6151113], [16.9618151, 44.6151895], [16.9620028, 44.6152504], [16.9621483, 44.6152504], [16.9624624, 44.6152304], [16.9627076, 44.6152249], [16.9630779, 44.6152322], [16.9640866, 44.6152649], [16.9641823, 44.6150785], [16.9641986, 44.614896], [16.9644008, 44.6144898], [16.9644498, 44.6145176], [16.9645213, 44.6145649], [16.9645724, 44.6146122], [16.9646286, 44.6146594], [16.964695, 44.6147031], [16.9647767, 44.6147358], [16.9649606, 44.6147576], [16.9650474, 44.6147612], [16.9651444, 44.6147649], [16.9652415, 44.6147649], [16.9653334, 44.6147685], [16.9654305, 44.6147758], [16.9655326, 44.614783], [16.9656297, 44.6147939], [16.9657216, 44.6148049], [16.9658135, 44.6148121], [16.9659055, 44.614823], [16.9659974, 44.6148412], [16.9660893, 44.6148667], [16.9661813, 44.6148885], [16.966263, 44.6149139], [16.9663498, 44.6149321], [16.9664468, 44.6149466], [16.9665337, 44.6149576], [16.9666256, 44.6149685], [16.9667175, 44.614983], [16.9668095, 44.6150121], [16.9668963, 44.6150375], [16.9669729, 44.6150775], [16.9670546, 44.6151139], [16.9672845, 44.6152011], [16.9673764, 44.615223], [16.9674683, 44.6152411], [16.9675603, 44.6152484], [16.9677441, 44.6152484], [16.967831, 44.6152375], [16.9679178, 44.6152193], [16.9680046, 44.6151975], [16.9680863, 44.6151684], [16.9681578, 44.6151248], [16.9682191, 44.6150775], [16.9683508, 44.6149515], [16.9683671, 44.6149335], [16.9683833, 44.6149142], [16.9684212, 44.6148782], [16.9684483, 44.6148653], [16.968479, 44.6148589], [16.9684971, 44.6148409], [16.9685061, 44.6148191], [16.9685332, 44.6148101], [16.9685585, 44.6148229], [16.9685783, 44.6148422], [16.9685837, 44.614864], [16.9685928, 44.6148833], [16.9686018, 44.6149039], [16.9686126, 44.6149245], [16.9686253, 44.6149437], [16.9686379, 44.6149643], [16.9686578, 44.614981], [16.9686849, 44.6149939], [16.9687156, 44.6150003], [16.9687571, 44.6150016], [16.9688004, 44.6149952], [16.9688149, 44.6149682], [16.9688239, 44.6149335], [16.9688438, 44.6149155], [16.9688709, 44.6149065], [16.9689052, 44.6149077], [16.9689359, 44.6149155], [16.9689756, 44.6149283], [16.9690153, 44.6149463], [16.9690785, 44.6149579], [16.9691074, 44.6149515], [16.9691399, 44.614936], [16.969176, 44.6149309], [16.9692428, 44.6149322], [16.9692782, 44.6149323], [16.9693165, 44.614945], [16.9693395, 44.6149741], [16.9693446, 44.615005], [16.9693854, 44.6150232], [16.9694339, 44.6150232], [16.9694748, 44.6150105], [16.969508, 44.6149868], [16.9695335, 44.6149596], [16.9695591, 44.6149341], [16.9695821, 44.6149069], [16.9696025, 44.6148759], [16.9696306, 44.6148487], [16.9696689, 44.6148269], [16.9697149, 44.6148323], [16.9697966, 44.6148541], [16.9698374, 44.6148669], [16.9698808, 44.6148814], [16.9699217, 44.6148996], [16.9699651, 44.6149159], [16.9700085, 44.6149341], [16.9700902, 44.6149668], [16.9701209, 44.6149905], [16.9701311, 44.6150214], [16.9701566, 44.6150468], [16.9702001, 44.6150468], [16.970246, 44.6150541], [16.9702818, 44.6150705], [16.9702945, 44.6150995], [16.9702997, 44.6151304], [16.9702997, 44.6151614], [16.9703022, 44.6151904], [16.970315, 44.6152195], [16.9703482, 44.6152413], [16.9703916, 44.6152522], [16.9704376, 44.6152559], [16.9704835, 44.6152559], [16.9705193, 44.6152359], [16.9705448, 44.6152086], [16.9705627, 44.6151795], [16.9705984, 44.6151595], [16.9706419, 44.6151595], [16.9706802, 44.6151723], [16.9707134, 44.6151941], [16.970744, 44.6152213], [16.9707798, 44.6152359], [16.9708181, 44.6152468], [16.9708615, 44.6152468], [16.9709074, 44.6152522], [16.9709636, 44.6152468], [16.9710096, 44.6152432], [16.9710505, 44.6152322], [16.9710862, 44.6152123], [16.9711194, 44.6151923], [16.9711577, 44.6151759], [16.9712445, 44.6151504], [16.9712905, 44.6151432], [16.9713365, 44.615145], [16.9713748, 44.6151614], [16.9714233, 44.6151668], [16.9714667, 44.6151504], [16.9715101, 44.615145], [16.971551, 44.6151559], [16.9715944, 44.615165], [16.9716378, 44.6151632], [16.9716812, 44.6151523], [16.9717195, 44.6151341], [16.9717629, 44.615125], [16.9718064, 44.6151286], [16.9718472, 44.6151395], [16.9718881, 44.6151595], [16.9719111, 44.615185], [16.9719289, 44.6152123], [16.9719494, 44.6152377], [16.97198, 44.6152632], [16.9720183, 44.6152777], [16.9720668, 44.6152813], [16.9721128, 44.6152868], [16.9721486, 44.615305], [16.9721715, 44.615334], [16.9721996, 44.6153577], [16.9722405, 44.6153668], [16.9722839, 44.6153686], [16.9723299, 44.6153795], [16.9723529, 44.6154086], [16.9723886, 44.6154304], [16.9724346, 44.615434], [16.972478, 44.6154449], [16.9725137, 44.6154667], [16.9725316, 44.615494], [16.9725674, 44.6155158], [16.9726108, 44.6155249], [16.9726542, 44.6155267], [16.9727027, 44.6155267], [16.9727487, 44.6155304], [16.9727947, 44.6155376], [16.9728304, 44.6155558], [16.9728687, 44.6155776], [16.9729045, 44.6155922], [16.9729428, 44.6156049], [16.9729836, 44.6156176], [16.9730168, 44.6156394], [16.9730526, 44.6156594], [16.9730934, 44.6156703], [16.9731394, 44.6156758], [16.9731828, 44.6156849], [16.9732186, 44.6157049], [16.9732543, 44.6157231], [16.9732952, 44.6157358], [16.97359, 44.6161029], [16.973767, 44.6162041], [16.9742036, 44.6159661], [16.9742235, 44.6159559], [16.974108, 44.6158633], [16.9740559, 44.6158113], [16.9736782, 44.6154922], [16.9735039, 44.6153489], [16.9729045, 44.614856], [16.9723043, 44.614396], [16.9717425, 44.6139943], [16.9705499, 44.6131962], [16.9695769, 44.612509], [16.9688747, 44.6120237], [16.9683205, 44.6116492], [16.9678991, 44.6113365], [16.967488, 44.6110038], [16.9675544, 44.6109601], [16.9673322, 44.6107693], [16.9671279, 44.610582], [16.9669594, 44.6104002], [16.9667627, 44.610173], [16.9665278, 44.6099366], [16.9663184, 44.6097348], [16.9657642, 44.6093367], [16.9655523, 44.6091821], [16.9653812, 44.6090403], [16.9652535, 44.6088894], [16.9651539, 44.6087022], [16.9650492, 44.6084276], [16.9649343, 44.6081622], [16.9647529, 44.6078059], [16.9646482, 44.6076331], [16.9647887, 44.6075677], [16.9646406, 44.6066895], [16.9646457, 44.6065841], [16.9645895, 44.606475], [16.9645103, 44.6060587], [16.9644669, 44.6058877], [16.9644363, 44.6055532], [16.9644031, 44.6054023], [16.9644286, 44.6053023], [16.9644261, 44.6050696], [16.9643673, 44.6046896], [16.9656365, 44.6039787], [16.9655574, 44.6038168], [16.9654118, 44.6036205], [16.9652305, 44.6034296], [16.9651283, 44.6033387], [16.9649547, 44.6030477], [16.9648066, 44.6028459], [16.9647019, 44.6027005], [16.9646431, 44.6026277], [16.9644363, 44.6023641], [16.9642626, 44.6022004], [16.9641375, 44.6020168], [16.9634735, 44.6002094], [16.9636165, 44.600104], [16.9627534, 44.5988657], [16.9626921, 44.5988311], [16.962641, 44.5987911], [16.9626052, 44.5987256], [16.9626001, 44.5986565], [16.962618, 44.5985874], [16.9626257, 44.5984893], [16.9625491, 44.5983038], [16.9625567, 44.5982238], [16.9625721, 44.5980728], [16.9625695, 44.5978656], [16.9625746, 44.5978292], [16.9625874, 44.5977164], [16.9625848, 44.5975055], [16.9626461, 44.5972818], [16.9626793, 44.5970164], [16.9627432, 44.5968836], [16.9627304, 44.5967145], [16.9627815, 44.5962599], [16.9628095, 44.5960926], [16.9628172, 44.5959962], [16.9627993, 44.5959689], [16.962784, 44.5959162], [16.962784, 44.5957944], [16.9627661, 44.5956616], [16.9626538, 44.595498], [16.9624367, 44.5954416], [16.9622758, 44.5953816], [16.9621507, 44.5953379], [16.9620434, 44.595267], [16.9619872, 44.5952161], [16.9618672, 44.5951688], [16.9616859, 44.5951343], [16.961548, 44.5947851], [16.9613973, 44.5946178], [16.961336, 44.5944396], [16.9613769, 44.5942796], [16.9600617, 44.5942541], [16.9595101, 44.5939759], [16.9593824, 44.5939832], [16.9591909, 44.5940159], [16.9585652, 44.5941923], [16.9585065, 44.5941759], [16.9584222, 44.5939995], [16.9576357, 44.5938522], [16.9576816, 44.5935758], [16.957817, 44.5932394], [16.9576816, 44.5932103], [16.9580468, 44.5926811], [16.9582665, 44.5919828], [16.9584988, 44.5913753], [16.9586163, 44.5909734], [16.9586342, 44.5907279], [16.9586648, 44.5906388], [16.9587312, 44.5905606], [16.9587644, 44.5905042], [16.9588002, 44.5904042], [16.9588819, 44.5900423], [16.9587823, 44.590015], [16.9587466, 44.5899714], [16.9587925, 44.5898623], [16.9587948, 44.5897673], [16.958302, 44.5892999], [16.9582585, 44.5890798], [16.9581538, 44.5886251], [16.9580262, 44.5882869], [16.9580134, 44.5877049], [16.9579725, 44.5875939], [16.9578704, 44.5874048], [16.9578295, 44.5871938], [16.9577069, 44.5866446], [16.9575946, 44.5860789], [16.9576048, 44.5858061], [16.957569, 44.5854024], [16.9575409, 44.5850713], [16.9575282, 44.5845493], [16.957449, 44.584302], [16.9573647, 44.5837691], [16.9571477, 44.5831088], [16.9571094, 44.5826632], [16.956997, 44.5827014], [16.9569664, 44.5822776], [16.9569689, 44.5819902], [16.9569, 44.5817065], [16.9570276, 44.5810207], [16.9569229, 44.5806206], [16.9566676, 44.5801822], [16.9566574, 44.5797893], [16.956549, 44.5785082], [16.9564837, 44.5777357], [16.9562717, 44.577159], [16.9565424, 44.5758093], [16.9565731, 44.5753309], [16.9565833, 44.5749398], [16.9568182, 44.5747779], [16.9568795, 44.5745396], [16.9568259, 44.5741594], [16.9567059, 44.5737937], [16.9574516, 44.5719054], [16.9575435, 44.5714633], [16.9563713, 44.5687053], [16.9564045, 44.5685962], [16.9563867, 44.568316], [16.9563458, 44.5680668], [16.9559627, 44.567954], [16.9557482, 44.5674882], [16.9555644, 44.5669697], [16.9544688, 44.5661583], [16.9542134, 44.5659545], [16.9539478, 44.5657198], [16.9537435, 44.5658162], [16.9534422, 44.5655888], [16.9533247, 44.5654451], [16.9532941, 44.5653577], [16.9529621, 44.5650411], [16.9525407, 44.5646609], [16.9520938, 44.5643243], [16.9518333, 44.5641605], [16.9518333, 44.5640459], [16.9519534, 44.563904], [16.9522011, 44.5635983], [16.9523569, 44.5634455], [16.9512664, 44.5628032], [16.9516393, 44.5624957], [16.951601, 44.5624703], [16.951509, 44.5624521], [16.9514043, 44.5624411], [16.9512205, 44.5624193], [16.9510519, 44.5623756], [16.9508936, 44.562312], [16.9507276, 44.562201], [16.9505463, 44.5620572], [16.9504313, 44.5619881], [16.950342, 44.5619517], [16.9502756, 44.5619535], [16.9502092, 44.5618134], [16.9503879, 44.5613567], [16.9505565, 44.5610456], [16.9506484, 44.5608436], [16.9507327, 44.5606562], [16.9508323, 44.5604633], [16.9509906, 44.55971], [16.9507582, 44.5596063], [16.9504594, 44.5594516], [16.9501938, 44.5592879], [16.9500968, 44.5591205], [16.9499947, 44.5590149], [16.9497393, 44.5587274], [16.9496039, 44.5585291], [16.9494226, 44.5581706], [16.9494252, 44.558116], [16.949369, 44.5578813], [16.9494814, 44.5578485], [16.9497189, 44.5577994], [16.9500406, 44.5577667], [16.9497801, 44.5572499], [16.9495529, 44.5569369], [16.9490983, 44.5561562], [16.9496448, 44.5558669], [16.9497546, 44.5558178], [16.9500585, 44.5557504], [16.9503854, 44.5555667], [16.9503828, 44.555483], [16.9504799, 44.5554156], [16.9500457, 44.5547769], [16.9500432, 44.554746], [16.9500381, 44.5547187], [16.9500151, 44.5546732], [16.9498287, 44.5545312], [16.9497444, 44.5544493], [16.9496218, 44.5542419], [16.9496703, 44.5541982], [16.9496193, 44.5541418], [16.9495682, 44.5540708], [16.949535, 44.5539507], [16.9499615, 44.5538525], [16.950033, 44.5535376], [16.9500968, 44.5534157], [16.9499232, 44.5531227], [16.9497674, 44.5529335], [16.9499199, 44.5527274], [16.9488141, 44.5497101], [16.951066, 44.5488717], [16.9510986, 44.5488876], [16.9511331, 44.5488457], [16.9513054, 44.548344], [16.951467, 44.5484235], [16.9515353, 44.5484704], [16.9515844, 44.5484908], [16.9516416, 44.5484882], [16.9516444, 44.548449], [16.9516521, 44.5483876], [16.9516697, 44.5483263], [16.9517109, 44.548226], [16.95175, 44.5481145], [16.9517709, 44.5480031], [16.9517916, 44.5479175], [16.9518034, 44.5478403], [16.9518287, 44.5477901], [16.9519596, 44.5476157], [16.9520588, 44.5474717], [16.9521302, 44.5473545], [16.9521961, 44.5472155], [16.9521979, 44.5472077], [16.9522232, 44.547137], [16.9522268, 44.5470733], [16.9522286, 44.546987], [16.9522421, 44.5469299], [16.9522702, 44.5468783], [16.9524509, 44.5466468], [16.9519222, 44.5465731], [16.9516784, 44.5465213], [16.9516145, 44.5465167], [16.9515647, 44.5465167], [16.9515149, 44.5465213], [16.9514634, 44.5465142], [16.9514085, 44.5465287], [16.9513308, 44.5465187], [16.9513975, 44.5463811], [16.9515277, 44.5461554], [16.9517575, 44.5458715], [16.951898, 44.5457041], [16.9522555, 44.5453528], [16.9523474, 44.5452363], [16.9524521, 44.5450634], [16.9524853, 44.5450106], [16.9525441, 44.5449342], [16.952636, 44.5448741], [16.9527126, 44.544845], [16.9527841, 44.5448396], [16.9529271, 44.5448505], [16.9530114, 44.5448705], [16.9530625, 44.5449033], [16.9531008, 44.5449524], [16.953134, 44.5450161], [16.9532029, 44.5450725], [16.9532974, 44.5451071], [16.953346, 44.5451035], [16.9534558, 44.5450816], [16.9535171, 44.5450434], [16.9535758, 44.5450197], [16.9536984, 44.5450088], [16.9537648, 44.5449924], [16.9538209, 44.5449615], [16.9538669, 44.5449196], [16.9539257, 44.5448596], [16.9540048, 44.5447904], [16.9540916, 44.5447304], [16.954181, 44.5446885], [16.9542576, 44.544663], [16.9543649, 44.5445665], [16.954324, 44.5444956], [16.9543036, 44.5444137], [16.9542755, 44.5442717], [16.9542295, 44.5440915], [16.9541949, 44.5439658], [16.9541668, 44.5438238], [16.9541336, 44.5437419], [16.9540761, 44.5436573], [16.9539855, 44.5435571], [16.9537263, 44.5433096], [16.9536992, 44.543262], [16.9536692, 44.5431949], [16.9536603, 44.5431726], [16.953644, 44.5431535], [16.953622, 44.543133], [16.9535977, 44.5431125], [16.9535725, 44.5430891], [16.9535546, 44.5430645], [16.9535527, 44.5430399], [16.9540516, 44.5427947], [16.954102, 44.5427887], [16.9542138, 44.5427788], [16.9545086, 44.5428096], [16.954661, 44.5428067], [16.9547658, 44.5427937], [16.9549014, 44.5427688], [16.9550034, 44.5427539], [16.9553146, 44.5426333], [16.9555399, 44.5425544], [16.9556546, 44.5425319], [16.9558759, 44.5425291], [16.9560973, 44.5425122], [16.9564096, 44.5424248], [16.9567614, 44.5422868], [16.957046, 44.5421628], [16.9572397, 44.5420219], [16.9573148, 44.5418895], [16.9574531, 44.5417261], [16.957635, 44.5415514], [16.9577575, 44.5414049], [16.9577891, 44.5412612], [16.9578761, 44.5410866], [16.9579868, 44.540971], [16.9581251, 44.5408978], [16.9581647, 44.5408217], [16.9581923, 44.5406696], [16.9581844, 44.5405456], [16.9582042, 44.5404611], [16.958307, 44.5403287], [16.9584295, 44.5401878], [16.9585955, 44.5400469], [16.9586193, 44.5399596], [16.9587062, 44.539861], [16.9587971, 44.5397454], [16.9588446, 44.539644], [16.9588485, 44.5395736], [16.9588288, 44.5394665], [16.9588209, 44.5393566], [16.9588485, 44.5392749], [16.9589078, 44.5391876], [16.9590185, 44.5391397], [16.9592201, 44.5390721], [16.9594098, 44.5390129], [16.9596312, 44.5388805], [16.9597854, 44.5387678], [16.9601332, 44.53861], [16.9602439, 44.5385452], [16.960406, 44.5384353], [16.960572, 44.5383733], [16.9606471, 44.5383395], [16.9607341, 44.5382212], [16.9608052, 44.5381366], [16.9747749, 44.5248333], [16.9754785, 44.5234016], [16.9754745, 44.5233622], [16.9759845, 44.5233143], [16.9761347, 44.5232494], [16.9762374, 44.5232494], [16.9763639, 44.523179], [16.9765181, 44.5232184], [16.9766604, 44.5232184], [16.9766683, 44.5231762], [16.9768146, 44.5230606], [16.9769648, 44.5230324], [16.9771822, 44.522931], [16.977364, 44.5228802], [16.9775933, 44.5228521], [16.9776763, 44.5228436], [16.9777237, 44.5228013], [16.9777435, 44.5227337], [16.9777277, 44.5226632], [16.9776447, 44.5225702], [16.9775973, 44.522466], [16.9776052, 44.522387], [16.9776407, 44.5222997], [16.9776368, 44.5222461], [16.9776091, 44.5222123], [16.9775617, 44.5222067], [16.9775854, 44.5221306], [16.9776882, 44.5221052], [16.9778028, 44.5219727], [16.9781151, 44.5217783], [16.9782139, 44.5216768], [16.9785025, 44.5215753], [16.9786527, 44.5215838], [16.9787561, 44.5215281], [16.9788959, 44.5215042], [16.9789881, 44.5214903], [16.979086, 44.5214504], [16.9791419, 44.5214046], [16.9792257, 44.5214265], [16.9793012, 44.5214185], [16.9794354, 44.5213806], [16.9795695, 44.5213109], [16.9796897, 44.521271], [16.9805171, 44.5211455], [16.9806093, 44.5211455], [16.9809028, 44.5210199], [16.980995, 44.521008], [16.981118, 44.5209462], [16.9812103, 44.5209243], [16.981473, 44.5207648], [16.9817302, 44.520709], [16.9817805, 44.5205934], [16.9818084, 44.5205077], [16.9818504, 44.5204519], [16.9819146, 44.5203902], [16.9819761, 44.5203563], [16.9820292, 44.5202666], [16.9821746, 44.5201391], [16.9822836, 44.5201331], [16.9823703, 44.5201191], [16.9824541, 44.5200892], [16.9825296, 44.5200593], [16.9826106, 44.5199776], [16.9826274, 44.5198939], [16.9827224, 44.519882], [16.9828119, 44.5198441], [16.9828287, 44.5198042], [16.9828287, 44.5197504], [16.9828203, 44.5197086], [16.9828594, 44.5196488], [16.9827951, 44.5195352], [16.9827728, 44.5194475], [16.9827867, 44.5193817], [16.9827644, 44.519318], [16.9827672, 44.5192622], [16.9827979, 44.5191944], [16.982837, 44.5191625], [16.9828566, 44.5191366], [16.9828957, 44.5189951], [16.9829936, 44.5189313], [16.9833486, 44.5188795], [16.9835079, 44.5189652], [16.9837007, 44.5191525], [16.9839299, 44.5193], [16.984106, 44.5193877], [16.9853555, 44.5198301], [16.9855399, 44.5195053], [16.9862108, 44.519009], [16.9866217, 44.5187699], [16.9870353, 44.5185726], [16.9868676, 44.5182577], [16.9874239, 44.5181062], [16.9881366, 44.5179408], [16.9892798, 44.5176299], [16.9904119, 44.5174525], [16.991038, 44.5173648], [16.9913147, 44.5173509], [16.9914405, 44.5173509], [16.9915215, 44.5173329], [16.991597, 44.5172811], [16.9917172, 44.5170878], [16.9917619, 44.5169562], [16.9917647, 44.5168984], [16.9919185, 44.5166971], [16.9923098, 44.5168068], [16.9931623, 44.5169782], [16.9937716, 44.5171436], [16.9938303, 44.5170001], [16.9940819, 44.5169463], [16.9940763, 44.5168327], [16.9944369, 44.516739], [16.9949484, 44.5165277], [16.9950043, 44.5165377], [16.9953928, 44.5163743], [16.9955633, 44.5164639], [16.9957618, 44.5163882], [16.9959407, 44.5163882], [16.9962621, 44.5164819], [16.9964354, 44.5165198], [16.9966898, 44.5166134], [16.9970699, 44.5166772], [16.9970699, 44.5165935], [16.9972432, 44.5159438], [16.9973243, 44.5157983], [16.9973913, 44.5157424], [16.9974444, 44.5156448], [16.9975227, 44.5155551], [16.9976597, 44.5155033], [16.9977966, 44.5154833], [16.9979532, 44.5155013], [16.9980342, 44.5155332], [16.9982187, 44.5155571], [16.9983473, 44.5156229], [16.9984116, 44.5156787], [16.9984647, 44.5157265], [16.998624, 44.5157145], [16.9988811, 44.5158361], [16.9992809, 44.5159816], [16.9993703, 44.515864], [16.9994234, 44.5158202], [16.999538, 44.5158022], [16.9996414, 44.5157963], [16.9997057, 44.5157963], [16.9997728, 44.5157564], [16.9999293, 44.5156129], [17.0004632, 44.5156348], [17.000807, 44.5156169], [17.0013381, 44.5157903], [17.0018915, 44.5158022], [17.0019139, 44.51587], [17.0018859, 44.5159278], [17.0019418, 44.5160275], [17.0019446, 44.5160833], [17.0018999, 44.5160912], [17.0018244, 44.5161749], [17.0018105, 44.5163165], [17.0019977, 44.5163723], [17.0021319, 44.5164301], [17.0021962, 44.5164759], [17.002308, 44.5165337], [17.0024561, 44.5165756], [17.0025987, 44.5166214], [17.002895, 44.5166553], [17.0030543, 44.5166971], [17.0031689, 44.516729], [17.0031941, 44.5166234], [17.0031521, 44.5165377], [17.0032164, 44.5163683], [17.0038984, 44.516438], [17.0038481, 44.5167071], [17.0037894, 44.5168087], [17.0039376, 44.5168526], [17.0039739, 44.5169881], [17.0038621, 44.5172253], [17.0037782, 44.5174924], [17.0037112, 44.5176558], [17.0035966, 44.5176837], [17.0035742, 44.517891], [17.0035239, 44.5180285], [17.00344, 44.5182876], [17.0032164, 44.5186144], [17.0031214, 44.5186822], [17.0030152, 44.5188516], [17.002853, 44.5190589], [17.0027608, 44.5191206], [17.0028111, 44.5192243], [17.0030543, 44.5193857], [17.0031633, 44.5195452], [17.0034372, 44.5198182], [17.0036804, 44.5199677], [17.0037978, 44.5200573], [17.003809, 44.5201251], [17.0038565, 44.520143], [17.0039963, 44.5200852], [17.0042171, 44.5200514], [17.0045189, 44.5200434], [17.0047342, 44.5199178], [17.004846, 44.5197783], [17.0049941, 44.5194395], [17.0049829, 44.5192761], [17.0049214, 44.5191226], [17.0050836, 44.5188915], [17.0051367, 44.5186503], [17.0054134, 44.5183613], [17.0055895, 44.5180903], [17.005623, 44.5179308], [17.0056202, 44.5177634], [17.0056202, 44.5176259], [17.0057348, 44.5173887], [17.0058075, 44.5173289], [17.0059892, 44.517034], [17.0060004, 44.5169941], [17.0060758, 44.5168984], [17.0062911, 44.5168227], [17.0066125, 44.5167868], [17.0067607, 44.5168127], [17.0068836, 44.5168865], [17.0072135, 44.5169204], [17.0073979, 44.5169861], [17.0079989, 44.5173329], [17.0086306, 44.517592], [17.0089101, 44.51759], [17.0091673, 44.5176179], [17.0092539, 44.5176897], [17.0093266, 44.5178053], [17.0094328, 44.5179209], [17.0099136, 44.5178651], [17.0105481, 44.5177634], [17.0107325, 44.5176638], [17.0110204, 44.517596], [17.0116298, 44.5174186], [17.012569, 44.517321], [17.0132817, 44.5169642], [17.0135165, 44.5168765], [17.0136171, 44.5168805], [17.0137233, 44.5168287], [17.013947, 44.5165337], [17.0143439, 44.5162866], [17.0146429, 44.5160255], [17.0147939, 44.515876], [17.015051, 44.51587], [17.0152523, 44.5158919], [17.0154619, 44.5159816], [17.0156436, 44.5160275], [17.0159008, 44.5161231], [17.0161411, 44.5161929], [17.0224161, 44.5141097], [17.026063, 44.5116199], [17.0261342, 44.5116199], [17.0261935, 44.5119441], [17.0261698, 44.5120343], [17.0262844, 44.5122908], [17.0265334, 44.5125981], [17.0266757, 44.512894], [17.0268378, 44.5131364], [17.0271343, 44.5134381], [17.0273675, 44.5135564], [17.0276837, 44.5136636], [17.0280435, 44.5138101], [17.0284071, 44.5140356], [17.0288182, 44.5144359], [17.0291582, 44.5147403], [17.0293123, 44.5148559], [17.0294151, 44.5148897], [17.0295693, 44.5148728], [17.0297432, 44.5147967], [17.0298341, 44.5146952], [17.0298697, 44.5144725], [17.0297709, 44.5142188], [17.0296009, 44.5138947], [17.0294705, 44.5136438], [17.0295693, 44.5134296], [17.0297511, 44.5132915], [17.0300002, 44.5132436], [17.0303045, 44.5132717], [17.03085, 44.5133422], [17.0312137, 44.5133817], [17.0322968, 44.5132858], [17.032953, 44.513252], [17.0333918, 44.5131646], [17.0340519, 44.5129927], [17.034214, 44.5129955], [17.0343642, 44.5130321], [17.0344749, 44.5131223], [17.0348806, 44.5137284], [17.037168, 44.517145], [17.0372233, 44.5230186], [17.0456589, 44.5287902], [17.0457696, 44.5289368], [17.0457933, 44.5291566], [17.0458249, 44.5293482], [17.0459435, 44.5295511], [17.0460937, 44.5296695], [17.0464574, 44.529692], [17.046742, 44.5297089], [17.0469554, 44.5297991], [17.0470661, 44.5298667], [17.0470978, 44.5299963], [17.047074, 44.5301372], [17.0470661, 44.5302443], [17.0471215, 44.5304923], [17.0471373, 44.5305599], [17.0471847, 44.5307572], [17.0472322, 44.5308417], [17.047248, 44.5309601], [17.0472322, 44.5310559], [17.0472084, 44.5312137], [17.0473745, 44.5314842], [17.0477144, 44.5317716], [17.0479911, 44.5318956], [17.0482678, 44.5319689], [17.0484417, 44.5320816], [17.0486078, 44.5321267], [17.0487026, 44.5322507], [17.0487026, 44.5324085], [17.0487738, 44.5326226], [17.0490031, 44.5330622], [17.0498095, 44.5332087], [17.0507265, 44.5334454], [17.0510349, 44.5335412], [17.0514855, 44.533592], [17.0518966, 44.5338174], [17.0521496, 44.5338963], [17.0522998, 44.5339865], [17.0530034, 44.5340879], [17.0528453, 44.534364], [17.0528216, 44.5345387], [17.0528611, 44.5347585], [17.0529165, 44.5349276], [17.0529639, 44.5351192], [17.0529876, 44.5353559], [17.0530667, 44.5355419], [17.0532406, 44.5357278], [17.053541, 44.5359138], [17.053707, 44.5361167], [17.0537308, 44.536297], [17.0537149, 44.5364491], [17.0536596, 44.5364999], [17.0535805, 44.5366238], [17.0544107, 44.5371367], [17.055051, 44.5378298], [17.0545451, 44.5382806], [17.0544581, 44.5384835], [17.0555491, 44.5388103], [17.0571303, 44.539109], [17.0581818, 44.5392949], [17.0588933, 44.539819], [17.0593202, 44.5400669], [17.0597234, 44.54005], [17.0601582, 44.5400669], [17.0604903, 44.5401796], [17.06068, 44.540281], [17.0619687, 44.5406135], [17.0624667, 44.5401458], [17.0629727, 44.5394752], [17.0657793, 44.5403149], [17.0659611, 44.5404275], [17.0661034, 44.5405797], [17.0663485, 44.540698], [17.0667438, 44.5408051], [17.0669414, 44.540884], [17.0670126, 44.5410305], [17.0670047, 44.5411319], [17.0669652, 44.5412559], [17.0669731, 44.5413629], [17.0673921, 44.5422758], [17.0678743, 44.5429745], [17.0683566, 44.5431492], [17.0691235, 44.5433407], [17.069582, 44.5434422], [17.069843, 44.5437234], [17.0702777, 44.5441916], [17.0706809, 44.5448621], [17.0709655, 44.545234], [17.0712659, 44.5456115], [17.0715962, 44.5460939], [17.0718334, 44.5462517], [17.0723006, 44.5468812], [17.0732532, 44.5466756], [17.0735576, 44.5472643], [17.0736248, 44.5473404], [17.0737236, 44.5474475], [17.0738501, 44.5475517], [17.0739252, 44.5476418], [17.0739529, 44.5477207], [17.0739727, 44.5478109], [17.0739964, 44.5478841], [17.0740478, 44.5479686], [17.0750716, 44.5491771], [17.0722611, 44.5527631], [17.0743917, 44.5530983], [17.0819734, 44.5541687], [17.0872426, 44.5562334], [17.0885313, 44.5598725], [17.0885669, 44.5599119], [17.0942828, 44.5620355], [17.0988682, 44.5623397], [17.0938836, 44.5691916], [17.0945951, 44.569983], [17.0998722, 44.5718471], [17.1003229, 44.5717796], [17.1027144, 44.5715599], [17.1028725, 44.571512], [17.1032559, 44.5714585], [17.1034734, 44.5714078], [17.1036236, 44.5713093], [17.1038291, 44.5713543], [17.1041098, 44.5713572], [17.1058609, 44.5723287], [17.1059281, 44.5723794], [17.1060744, 44.5726356], [17.1062365, 44.5728637], [17.1062483, 44.5729679], [17.1063471, 44.573103], [17.1066713, 44.57321], [17.1067582, 44.5732213], [17.106944, 44.5733058], [17.1072405, 44.5733368], [17.1090747, 44.5749221], [17.1091458, 44.5749502], [17.1092011, 44.5749728], [17.1092565, 44.5750037], [17.1093118, 44.5750319], [17.1093672, 44.5750544], [17.1096083, 44.5751389], [17.1096755, 44.5751558], [17.1097546, 44.5751727], [17.1098178, 44.5751896], [17.109885, 44.5752065], [17.1099522, 44.5752234], [17.1100194, 44.5752262], [17.1101578, 44.5752403], [17.1102368, 44.5752487], [17.110308, 44.5752572], [17.1104424, 44.5752797], [17.1105214, 44.5752881], [17.1105847, 44.575305], [17.110644, 44.5753219], [17.1107072, 44.5753388], [17.1107705, 44.5753585], [17.1108179, 44.5753923], [17.1108811, 44.5754092], [17.1109483, 44.5754289], [17.1110195, 44.5754402], [17.1110867, 44.5754261], [17.111142, 44.5754514], [17.1112132, 44.5754458], [17.1112843, 44.5754627], [17.1113476, 44.5754852], [17.111395, 44.575519], [17.1115729, 44.5756823], [17.1117943, 44.5757499], [17.1117073, 44.5758288], [17.1117508, 44.5758654], [17.111814, 44.5758851], [17.1118812, 44.575902], [17.1119524, 44.575916], [17.1120235, 44.5759076], [17.1120907, 44.575902], [17.1121579, 44.5758991], [17.1122291, 44.5758907], [17.1123714, 44.5758907], [17.1124386, 44.575902], [17.1124979, 44.5759273], [17.1125611, 44.575947], [17.1126244, 44.5759639], [17.1128378, 44.5760005], [17.112909, 44.5760118], [17.1130039, 44.5760428], [17.1130434, 44.5760822], [17.1131106, 44.5760991], [17.1131778, 44.5761019], [17.1132331, 44.5761272], [17.1133794, 44.5762286], [17.1134229, 44.5762708], [17.1134664, 44.5763046], [17.1135375, 44.5763919], [17.113581, 44.5765327], [17.1135889, 44.5766819], [17.1135928, 44.576727], [17.1136008, 44.5768255], [17.1136087, 44.5768762], [17.1136205, 44.5769241], [17.1136403, 44.5769719], [17.11366, 44.5770226], [17.113668, 44.5770705], [17.1137431, 44.5772225], [17.1137826, 44.5772591], [17.1138221, 44.5772986], [17.113917, 44.5773802], [17.1140593, 44.5774872], [17.1141186, 44.5775154], [17.1141779, 44.5775407], [17.1142372, 44.5775576], [17.1142846, 44.5775914], [17.1143044, 44.5776393], [17.1143241, 44.5776843], [17.1143518, 44.5777322], [17.1143755, 44.57778], [17.1144072, 44.5778223], [17.1144585, 44.5778532], [17.1144902, 44.5778927], [17.1145139, 44.5779349], [17.1145495, 44.5779743], [17.1145969, 44.5780081], [17.1146641, 44.5780335], [17.1149724, 44.5781545], [17.1150238, 44.5781827], [17.1150791, 44.5782108], [17.1151305, 44.5782418], [17.115174, 44.5782812], [17.115188, 44.5783556], [17.1159427, 44.578479], [17.1160601, 44.578495], [17.1161663, 44.5785029], [17.1162613, 44.5785109], [17.1163508, 44.5785348], [17.1164291, 44.5785666], [17.1165073, 44.5786104], [17.1165576, 44.5786702], [17.1166527, 44.5786901], [17.1167477, 44.5786781], [17.1169489, 44.578698], [17.117044, 44.578706], [17.117139, 44.5787179], [17.1172117, 44.5787617], [17.117262, 44.5788215], [17.1173179, 44.5788772], [17.1174129, 44.5788971], [17.11748, 44.5789449], [17.1175247, 44.5790126], [17.1175918, 44.579148], [17.1176813, 44.5792674], [17.1177428, 44.5793192], [17.1178154, 44.579371], [17.1178769, 44.5794227], [17.117944, 44.5794705], [17.118095, 44.5795661], [17.118162, 44.5796139], [17.1182794, 44.5797214], [17.1183186, 44.5797811], [17.1183521, 44.5798408], [17.1183912, 44.5799085], [17.1184136, 44.5799762], [17.1185198, 44.5801673], [17.1186596, 44.5802828], [17.1194981, 44.5807447], [17.1195596, 44.5808681], [17.1197161, 44.5810911], [17.1198671, 44.5814096], [17.1199062, 44.5816167], [17.1201745, 44.5819312], [17.1205267, 44.5819312], [17.1206609, 44.5819671], [17.1207056, 44.5819034], [17.1207392, 44.5818357], [17.1207615, 44.581764], [17.1207671, 44.5814733], [17.1207783, 44.5814017], [17.1208062, 44.58133], [17.1208454, 44.5812663], [17.1208901, 44.5812026], [17.1214603, 44.5806969], [17.1215442, 44.580665], [17.121723, 44.5805934], [17.1218181, 44.5805695], [17.1221311, 44.5805774], [17.1222262, 44.5805934], [17.1223212, 44.5806093], [17.1224107, 44.5806332], [17.1225057, 44.5806531], [17.1226119, 44.5806611], [17.1227069, 44.5806611], [17.1229138, 44.5806372], [17.1230312, 44.5806093], [17.1230983, 44.5805575], [17.1231486, 44.5804978], [17.1231821, 44.5804341], [17.1232212, 44.5803664], [17.1232827, 44.5803067], [17.1233554, 44.5802629], [17.1234616, 44.580243], [17.1235567, 44.5802549], [17.1236461, 44.5802828], [17.1237355, 44.5803186], [17.1255133, 44.5810493], [17.1257704, 44.5809179], [17.1265307, 44.5805117], [17.12695, 44.5802888], [17.1275481, 44.5800598], [17.1278668, 44.5799384], [17.1279143, 44.5799304], [17.1279534, 44.5799065], [17.1279842, 44.5798786], [17.1280233, 44.5799005], [17.1280652, 44.5799165], [17.1280932, 44.5798886], [17.1281127, 44.5798548], [17.1281547, 44.5798408], [17.128205, 44.5798289], [17.128451, 44.5797731], [17.1285069, 44.5797652], [17.1285572, 44.5797592], [17.1286131, 44.5797472], [17.1286522, 44.5797253], [17.1286997, 44.5797194], [17.1287472, 44.5797253], [17.1287892, 44.5797472], [17.1288283, 44.5797672], [17.1288786, 44.5797672], [17.1290212, 44.5797393], [17.1291581, 44.5797393], [17.1292028, 44.5797512], [17.1292951, 44.5797313], [17.1293454, 44.5797413], [17.1294376, 44.5797134], [17.1294852, 44.5797134], [17.1295606, 44.5797572], [17.1296109, 44.5797453], [17.1296417, 44.5797174], [17.1297199, 44.5796716], [17.1297703, 44.5796796], [17.129787, 44.5797094], [17.1298234, 44.5797333], [17.1298709, 44.5797353], [17.1299128, 44.5797154], [17.129938, 44.5796835], [17.1299603, 44.5796537], [17.1301644, 44.5796537], [17.1302063, 44.5796756], [17.1305808, 44.5796756], [17.1306312, 44.5796815], [17.1307653, 44.5796855], [17.130824, 44.5796716], [17.130866, 44.5796497], [17.1309107, 44.5796318], [17.1309498, 44.5796497], [17.131056, 44.5796497], [17.1311007, 44.5796358], [17.1311371, 44.5796119], [17.1311958, 44.5795521], [17.1312964, 44.5795063], [17.1313886, 44.5794844], [17.1314362, 44.5794745], [17.1314865, 44.5794705], [17.131534, 44.5794745], [17.1315843, 44.5794805], [17.1316402, 44.5794904], [17.1316933, 44.5794884], [17.1317856, 44.5794625], [17.1318331, 44.5794506], [17.1318862, 44.5794426], [17.1319337, 44.5794347], [17.1319784, 44.5794227], [17.1320259, 44.5794068], [17.1320623, 44.5793789], [17.132093, 44.5793471], [17.1321256, 44.5793365], [17.1321641, 44.5793393], [17.1321918, 44.5793506], [17.1322232, 44.5793532], [17.1322915, 44.5793371], [17.1323418, 44.5793292], [17.1324543, 44.5792795], [17.1324961, 44.5792781], [17.1325854, 44.579262], [17.1330295, 44.5792101], [17.1329844, 44.5790908], [17.1329782, 44.5790478], [17.1329458, 44.5789669], [17.1327944, 44.5785622], [17.132656, 44.5782194], [17.1326385, 44.578118], [17.1326428, 44.5780948], [17.1326286, 44.5779843], [17.1325698, 44.5777656], [17.1321841, 44.5769454], [17.131804, 44.5761131], [17.1315915, 44.5753963], [17.131435, 44.5749026], [17.1313791, 44.5746676], [17.1313959, 44.5744088], [17.1314462, 44.5742057], [17.1315859, 44.5739667], [17.1316754, 44.5736999], [17.1318319, 44.5731185], [17.132268, 44.5720752], [17.1325419, 44.5713464], [17.1327599, 44.5706694], [17.1329835, 44.5700561], [17.1331792, 44.5695264], [17.1332798, 44.5692237], [17.1334028, 44.5687857], [17.1335705, 44.5683277], [17.1335929, 44.5679334], [17.1337885, 44.5673041], [17.13385, 44.5669019], [17.1338891, 44.5664518], [17.1338724, 44.5660575], [17.133859, 44.5656826], [17.1338556, 44.5655876], [17.133945, 44.5651415], [17.1340792, 44.5646237], [17.134286, 44.5639666], [17.1344482, 44.5635802], [17.1346494, 44.5631142], [17.1346662, 44.5629868], [17.1349904, 44.5624291], [17.1351022, 44.5622459], [17.1352643, 44.5620388], [17.1355215, 44.5618476], [17.1357898, 44.5617122], [17.1361308, 44.5615369], [17.1363321, 44.5613298], [17.1363824, 44.5610709], [17.1364104, 44.5608399], [17.1365669, 44.5606089], [17.1368688, 44.5604018], [17.1370644, 44.5603301], [17.1372377, 44.5603301], [17.1373831, 44.5604097], [17.1375508, 44.5604695], [17.1377744, 44.5604814], [17.1381881, 44.5604496], [17.1387135, 44.5602624], [17.1392223, 44.5600034], [17.139703, 44.5595573], [17.1402062, 44.5588802], [17.140413, 44.5586253], [17.1408267, 44.5583026], [17.1409944, 44.5581672], [17.1411062, 44.55796], [17.1411956, 44.5576892], [17.1413298, 44.5573904], [17.1416429, 44.5570399], [17.1418832, 44.5568686], [17.1422131, 44.5567491], [17.1427497, 44.55653], [17.1431355, 44.5563707], [17.1434932, 44.556064], [17.1437672, 44.5557493], [17.1439013, 44.5554186], [17.1439013, 44.5551358], [17.1438454, 44.5549446], [17.1437895, 44.5547335], [17.1438342, 44.5544347], [17.1439069, 44.5542077], [17.1441138, 44.5539647], [17.1443541, 44.5536858], [17.1445945, 44.5533193], [17.1447175, 44.5530086], [17.1447678, 44.5525943], [17.1447175, 44.5520485], [17.1447231, 44.5518135], [17.1447007, 44.5513354], [17.1446001, 44.5508096], [17.1444268, 44.5502479], [17.1441697, 44.5496543], [17.1440579, 44.5492758], [17.1438846, 44.5490089], [17.1437783, 44.5487738], [17.1437448, 44.5485388], [17.1437728, 44.5481722], [17.143851, 44.5478336], [17.1439125, 44.5475428], [17.1439572, 44.5471563], [17.1440131, 44.5468774], [17.1441641, 44.546491], [17.1442759, 44.5461603], [17.1444324, 44.5455149], [17.1445554, 44.5450846], [17.1447343, 44.5446463], [17.1449355, 44.5442519], [17.1452933, 44.5436821], [17.1456008, 44.5433634], [17.1458579, 44.5431203], [17.1460592, 44.5429968], [17.1462716, 44.5428893], [17.1464617, 44.5427379], [17.1465455, 44.5425745], [17.1465511, 44.5423832], [17.1465399, 44.5420525], [17.1466741, 44.5417696], [17.1470095, 44.5414071], [17.1474288, 44.5411003], [17.1477922, 44.5408851], [17.1484462, 44.5405902], [17.1490779, 44.540407], [17.1498103, 44.5401958], [17.150101, 44.5400922], [17.1503246, 44.5399647], [17.1504531, 44.5397774], [17.1504755, 44.5395583], [17.1503749, 44.5393511], [17.1501457, 44.5390283], [17.1499668, 44.5384864], [17.1498382, 44.5377971], [17.1497488, 44.5373348], [17.1497935, 44.5369882], [17.1499444, 44.5365698], [17.1502407, 44.5357808], [17.1503805, 44.5354699], [17.1505314, 44.5349519], [17.1506712, 44.5346132], [17.1507997, 44.534402], [17.1510178, 44.5342506], [17.1512358, 44.534127], [17.1516439, 44.53388], [17.1520072, 44.533621], [17.1522923, 44.5333181], [17.1524433, 44.5329634], [17.152611, 44.5326845], [17.153198, 44.5322182], [17.1536396, 44.5319472], [17.1540701, 44.5317281], [17.15478, 44.5315208], [17.1552496, 44.5313694], [17.1557695, 44.5311582], [17.1562614, 44.5308633], [17.1569043, 44.5304289], [17.1574857, 44.5299188], [17.1579441, 44.5293808], [17.1579777, 44.5291696], [17.1580895, 44.5288149], [17.1582795, 44.5283366], [17.1583773, 44.5278319], [17.1582666, 44.5264623], [17.1582113, 44.5254083], [17.1581085, 44.5248165], [17.1576895, 44.5240499], [17.1571598, 44.5235708], [17.1563613, 44.5231143], [17.1556814, 44.5227422], [17.1545508, 44.5218291], [17.1537445, 44.5209554], [17.1530329, 44.5197435], [17.1527641, 44.5191967], [17.1524716, 44.51812], [17.1523925, 44.5176521], [17.1525428, 44.5169926], [17.1528827, 44.5163668], [17.1532385, 44.5159046], [17.1533904, 44.5157423], [17.1540765, 44.5149349], [17.1548671, 44.5139146], [17.1554995, 44.5132719], [17.1564799, 44.5124714], [17.1573258, 44.5119301], [17.1585388, 44.5111846], [17.1587409, 44.5110732], [17.1602272, 44.5102557], [17.1611206, 44.5096806], [17.161674, 44.5089534], [17.1621574, 44.5085011], [17.1626404, 44.5078865], [17.1628258, 44.5071717], [17.1622572, 44.5067196], [17.1609862, 44.5063091], [17.1601877, 44.5060384], [17.15916, 44.5059539], [17.1575234, 44.5059708], [17.1567091, 44.5058693], [17.1562348, 44.5057114], [17.1557288, 44.5053111], [17.155381, 44.5047924], [17.1551438, 44.5041947], [17.154875, 44.50327], [17.1547959, 44.5023171], [17.1548276, 44.501663], [17.1550331, 44.5009751], [17.155294, 44.5002646], [17.1554047, 44.499695], [17.1553572, 44.4990127], [17.1551991, 44.4981782], [17.1549066, 44.4972759], [17.1545588, 44.4966218], [17.1544481, 44.496306], [17.1544797, 44.4959], [17.1547169, 44.4952514], [17.1551043, 44.4945578], [17.1555075, 44.4941236], [17.1561953, 44.4936386], [17.1567091, 44.493413], [17.1572942, 44.4932946], [17.1578555, 44.4932494], [17.1583931, 44.4933058], [17.1590651, 44.4934356], [17.1596659, 44.4936329], [17.1601324, 44.4939431], [17.1603933, 44.4944676], [17.1606225, 44.4949695], [17.1607965, 44.4955052], [17.1610574, 44.4959733], [17.1614685, 44.4964413], [17.1619191, 44.4967853], [17.1623223, 44.4969883], [17.1627887, 44.4970729], [17.1632868, 44.4970334], [17.1636821, 44.4968417], [17.1641011, 44.4964131], [17.164528, 44.495821], [17.1651842, 44.4951668], [17.1658246, 44.4945916], [17.1665598, 44.4941405], [17.1671053, 44.4939375], [17.1678643, 44.4937852], [17.1687181, 44.4937626], [17.1701649, 44.4938754], [17.1707499, 44.4939769], [17.1712164, 44.4941574], [17.1719991, 44.4945578], [17.1728687, 44.4950653], [17.1736751, 44.4955954], [17.1739597, 44.4958492], [17.1742443, 44.4961481], [17.1744736, 44.4963793], [17.1748531, 44.4965767], [17.1758966, 44.4974169], [17.1767347, 44.49793], [17.1772802, 44.4982007], [17.1778652, 44.4983812], [17.1784581, 44.4984827], [17.178893, 44.498477], [17.179225, 44.4984263], [17.1796124, 44.4983135], [17.1801342, 44.4980597], [17.180316, 44.4978624], [17.1806402, 44.4968925], [17.1807034, 44.4965654], [17.1806639, 44.4962721], [17.1799873, 44.4942456], [17.1798531, 44.4937671], [17.1797917, 44.4934601], [17.179797, 44.4929503], [17.1798049, 44.4925893], [17.1798721, 44.4920197], [17.1799077, 44.4913994], [17.1799709, 44.4907987], [17.1800777, 44.4900092], [17.1803425, 44.4899951], [17.1825245, 44.4908777], [17.1848654, 44.4919022], [17.1850399, 44.4918666], [17.1851172, 44.491848], [17.1852178, 44.4918279], [17.1852573, 44.4918196], [17.1853107, 44.4918129], [17.1854075, 44.491812], [17.1855423, 44.491813], [17.1855752, 44.491804], [17.1856087, 44.491799], [17.1856898, 44.4917943], [17.1857834, 44.4917601], [17.1858743, 44.4917203], [17.1859791, 44.4916953], [17.1860629, 44.4916525], [17.1861636, 44.4916056], [17.1862851, 44.4915677], [17.1865521, 44.4914989], [17.1868721, 44.4915328], [17.1869476, 44.4915548], [17.1871614, 44.4916425], [17.1873766, 44.4917731], [17.1874619, 44.49182], [17.1875961, 44.4918838], [17.1877903, 44.4920253], [17.1879413, 44.4921509], [17.1881761, 44.4923164], [17.1883619, 44.492448], [17.1885352, 44.4925258], [17.1886862, 44.4925736], [17.1888623, 44.4926614], [17.1892871, 44.4928498], [17.1893794, 44.4928129], [17.189364, 44.492777], [17.1893291, 44.4927142], [17.1892913, 44.4926305], [17.1892452, 44.4925338], [17.1891823, 44.49246], [17.1891166, 44.4923862], [17.1890887, 44.4923065], [17.1891012, 44.4922546], [17.1891376, 44.4922177], [17.1892424, 44.4921878], [17.1894087, 44.4921619], [17.1896058, 44.492136], [17.189684, 44.492143], [17.1897567, 44.4921649], [17.1898643, 44.4921888], [17.1899719, 44.4921988], [17.1901285, 44.4922078], [17.1902556, 44.4922407], [17.1905198, 44.4923533], [17.1905869, 44.4923862], [17.1910005, 44.4923792], [17.1909642, 44.4923055], [17.1909628, 44.4922357], [17.1909446, 44.4922277], [17.1909279, 44.4922128], [17.1909167, 44.4921809], [17.1909265, 44.492143], [17.190974, 44.4920542], [17.1910103, 44.4920104], [17.1910383, 44.4919775], [17.1910383, 44.4919456], [17.1910606, 44.4919077], [17.1910648, 44.4918638], [17.1910648, 44.491792], [17.1910551, 44.4917472], [17.1910229, 44.4916824], [17.1910229, 44.4916525], [17.1910271, 44.4915877], [17.1910453, 44.4915458], [17.1910788, 44.4915169], [17.1910984, 44.491482], [17.1911515, 44.4914591], [17.1912046, 44.4914471], [17.1912829, 44.4914291], [17.1913793, 44.4914381], [17.1914436, 44.4914431], [17.1915428, 44.4914461], [17.1916057, 44.4914491], [17.191663, 44.491462], [17.1917175, 44.491462], [17.1917664, 44.491472], [17.1918139, 44.491489], [17.1918489, 44.4914939], [17.191916, 44.4915139], [17.1919523, 44.4915378], [17.192004, 44.4915528], [17.1921018, 44.4915917], [17.1921885, 44.4916345], [17.1922318, 44.4916694], [17.1922374, 44.4916913], [17.1922402, 44.4917193], [17.1922458, 44.4917392], [17.1922709, 44.4917571], [17.1922849, 44.4917731], [17.1922961, 44.491807], [17.1923087, 44.4918369], [17.1923338, 44.4918698], [17.1923716, 44.4919017], [17.1923702, 44.4919456], [17.192454, 44.4919157], [17.1925337, 44.4919047], [17.1926133, 44.4919157], [17.192672, 44.4919306], [17.1927838, 44.4919565], [17.1928537, 44.4919655], [17.1928998, 44.4919565], [17.1929683, 44.4919496], [17.1930536, 44.4919705], [17.1931654, 44.4920183], [17.1934211, 44.4920931], [17.1934155, 44.4920323], [17.1934183, 44.4919934], [17.1934393, 44.4919675], [17.1934784, 44.4919555], [17.1935343, 44.4919516], [17.1936331, 44.4919973], [17.1937557, 44.4920678], [17.1938663, 44.4921129], [17.1939691, 44.4921863], [17.1941193, 44.4922821], [17.1942775, 44.4923131], [17.1944079, 44.4923695], [17.1945739, 44.4924682], [17.1948822, 44.4925556], [17.1949692, 44.4925528], [17.1951866, 44.4926854], [17.1951076, 44.4927643], [17.1953487, 44.4928658], [17.1957519, 44.4931055], [17.1960879, 44.4933226], [17.1963527, 44.4935285], [17.1964713, 44.493661], [17.1966571, 44.4938302], [17.1966769, 44.4938809], [17.1968548, 44.493974], [17.197001, 44.4939345], [17.1970366, 44.493895], [17.1971236, 44.4938161], [17.1974082, 44.4937202], [17.197507, 44.4937371], [17.1975979, 44.4937061], [17.1979141, 44.4936243], [17.1983134, 44.4935736], [17.1987877, 44.4935369], [17.198851, 44.4935651], [17.1989933, 44.4935736], [17.1990368, 44.4936131], [17.19927, 44.4937456], [17.1995111, 44.493864], [17.1997246, 44.4939458], [17.199859, 44.4939796], [17.2000448, 44.4942165], [17.2001673, 44.4943575], [17.2003136, 44.4944223], [17.2004163, 44.4945379], [17.2005963, 44.4947538], [17.2007861, 44.4950033], [17.2008671, 44.4950767], [17.2009225, 44.4951387], [17.2009482, 44.4951824], [17.200962, 44.4952642], [17.2010648, 44.4955024], [17.2010845, 44.4955461], [17.2010924, 44.495587], [17.2011102, 44.4956406], [17.2011992, 44.4957463], [17.2013237, 44.4958492], [17.2014561, 44.4959282], [17.2016478, 44.4961326], [17.2029009, 44.4962341], [17.2039642, 44.4961622], [17.2040433, 44.4960805], [17.204156, 44.496072], [17.204239, 44.4960706], [17.204407, 44.4961298], [17.2046204, 44.4961763], [17.2048932, 44.4962609], [17.2050039, 44.4963864], [17.2050632, 44.4964935], [17.2051363, 44.4966937], [17.2052074, 44.4968107], [17.2055138, 44.4966641], [17.2056502, 44.496588], [17.2056917, 44.4965838], [17.2057193, 44.4965415], [17.2057806, 44.4965062], [17.2058656, 44.4963159], [17.2059605, 44.4961918], [17.2061344, 44.4959352], [17.2062431, 44.4958366], [17.2063498, 44.4957717], [17.2064803, 44.4956857], [17.206585, 44.4955983], [17.2066384, 44.4955912], [17.2067293, 44.4955927], [17.206838, 44.4956251], [17.2069724, 44.4956321], [17.2070772, 44.4956744], [17.2071582, 44.4957139], [17.2072966, 44.4957576], [17.2073677, 44.4958098], [17.2074151, 44.4958478], [17.2074606, 44.4958535], [17.2074843, 44.4958253], [17.2074962, 44.4957632], [17.2075733, 44.4957844], [17.2076622, 44.4958788], [17.2076859, 44.4959733], [17.2077373, 44.4960255], [17.2077551, 44.4960833], [17.2078678, 44.4963469], [17.207935, 44.4964371], [17.2080338, 44.4966444], [17.2082314, 44.4968699], [17.2084765, 44.4970504], [17.2087433, 44.4972055], [17.2089845, 44.4973027], [17.2091742, 44.4973197], [17.2093185, 44.4973211], [17.2095517, 44.4973027], [17.2096663, 44.4972562], [17.2097256, 44.4972534], [17.2098284, 44.4972111], [17.2098758, 44.4972097], [17.2101091, 44.4971011], [17.2102276, 44.4970786], [17.2103443, 44.4970814], [17.2104747, 44.4971815], [17.2105834, 44.4972844], [17.2105913, 44.4973239], [17.2105795, 44.4974], [17.210617, 44.4974409], [17.2106783, 44.4974522], [17.2107277, 44.4974917], [17.2107732, 44.4977158], [17.2107652, 44.4977623], [17.2107257, 44.4978568], [17.2106941, 44.4978892], [17.2106308, 44.4979555], [17.2113977, 44.4980654], [17.2114926, 44.4980401], [17.2115519, 44.4980147], [17.2116626, 44.4980189], [17.211712, 44.4979794], [17.2117495, 44.4979682], [17.2118622, 44.4979794], [17.2119155, 44.4980076], [17.2119571, 44.4980429], [17.2120065, 44.498064], [17.2120124, 44.498143], [17.212042, 44.4981824], [17.2120915, 44.4983685], [17.2121547, 44.4983883], [17.2121923, 44.4984193], [17.2122199, 44.4984785], [17.2123385, 44.4986321], [17.2124294, 44.4987351], [17.2124452, 44.4987929], [17.2124413, 44.4988732], [17.2124472, 44.4989606], [17.2124729, 44.4990424], [17.2125757, 44.4991791], [17.2126113, 44.4991862], [17.212631, 44.4991382], [17.2127022, 44.4991411], [17.2128129, 44.4991312], [17.2130105, 44.499096], [17.2130283, 44.4990593], [17.2130599, 44.4990283], [17.2130718, 44.4989691], [17.213224, 44.4989127], [17.2134078, 44.4988845], [17.2134671, 44.4988845], [17.2135086, 44.4988986], [17.2136687, 44.4991143], [17.2137122, 44.499251], [17.213807, 44.4993694], [17.2142774, 44.4996457], [17.2149731, 44.5000715], [17.223209, 44.5053284], [17.2291179, 44.5080117], [17.2405537, 44.5099933], [17.2485181, 44.5113264], [17.2525667, 44.5132033], [17.2554565, 44.5145581], [17.2566108, 44.5150992], [17.2565809, 44.5152207], [17.2565507, 44.5152638], [17.2540865, 44.5204029], [17.2547533, 44.5517493], [17.2498364, 44.5570774], [17.2414904, 44.5653404], [17.241372, 44.5654692], [17.2308463, 44.5769162], [17.2160955, 44.5875614], [17.2239786, 44.5968276], [17.2253005, 44.5983812], [17.2255932, 44.5987141], [17.2258738, 44.5990644], [17.2260893, 44.5992902], [17.2260567, 44.5993886], [17.2260445, 44.5994813], [17.2258331, 44.6003208], [17.2257315, 44.6007666], [17.2243938, 44.6055865], [17.2221992, 44.6098607], [17.2222266, 44.6099026], [17.2216709, 44.6141168], [17.2228899, 44.6202848], [17.2185848, 44.6319405], [17.2185116, 44.6320099], [17.2107337, 44.6376575], [17.2104776, 44.6383345], [17.2110142, 44.6389507], [17.2111057, 44.6393991], [17.2111261, 44.6396161], [17.2112867, 44.6400196], [17.2114269, 44.6401889], [17.212543, 44.6404131], [17.2133114, 44.6404304], [17.2138339, 44.6404666], [17.2144438, 44.6404565], [17.2149235, 44.6403769], [17.2160843, 44.6403682], [17.2195626, 44.6416238], [17.2198025, 44.641631], [17.2200099, 44.6416267], [17.2202498, 44.6416657], [17.2205567, 44.6416701], [17.2207905, 44.6416715], [17.2209369, 44.6417221], [17.221067, 44.6417814], [17.2213211, 44.6417829], [17.2216037, 44.6418234], [17.2220611, 44.6418697], [17.2225795, 44.6418653], [17.2228193, 44.641887], [17.2231263, 44.6418885], [17.2234272, 44.6419666], [17.2237301, 44.6420346], [17.2240554, 44.6421286], [17.2245392, 44.6422298], [17.2248848, 44.6422891], [17.2252019, 44.6423745], [17.2254052, 44.6424121], [17.2254373, 44.6424244], [17.2256267, 44.6424937], [17.2257806, 44.6425658], [17.2259559, 44.6426267], [17.2260738, 44.642686], [17.2261694, 44.6427811], [17.2263016, 44.6429478], [17.2265507, 44.6431492], [17.2266458, 44.6431861], [17.2267533, 44.6431832], [17.2267954, 44.6431889], [17.2268196, 44.6431994], [17.2268394, 44.6432134], [17.2268556, 44.6432295], [17.2268656, 44.6432419], [17.2268735, 44.6432535], [17.2268828, 44.6432856], [17.2268884, 44.6433203], [17.2268337, 44.6434422], [17.2267246, 44.6435505], [17.2266066, 44.6436909], [17.2263792, 44.6438964], [17.226213, 44.6440709], [17.2260265, 44.64434], [17.2258885, 44.6445255], [17.2256994, 44.6446982], [17.2254489, 44.6448818], [17.2252752, 44.6450291], [17.2251193, 44.6452018], [17.2250937, 44.6452728], [17.2253161, 44.6453364], [17.2253672, 44.64534], [17.2254081, 44.6453418], [17.2254898, 44.6453437], [17.2255307, 44.6453382], [17.2255716, 44.6453273], [17.2256559, 44.6453218], [17.2256994, 44.6453255], [17.2257326, 44.6453455], [17.2257479, 44.6453746], [17.2257531, 44.6454073], [17.2257607, 44.6454382], [17.2257786, 44.6454691], [17.2258042, 44.6454946], [17.2258348, 44.6455164], [17.2263025, 44.6458273], [17.2267599, 44.6463782], [17.2268162, 44.64638], [17.2272659, 44.6464437], [17.2273426, 44.6466037], [17.2276595, 44.6466746], [17.2276416, 44.6468836], [17.227685, 44.6468764], [17.2277234, 44.6468636], [17.2277617, 44.6468546], [17.2278026, 44.6468473], [17.227846, 44.6468382], [17.2278869, 44.6468291], [17.2279278, 44.64682], [17.2279713, 44.6468146], [17.2280198, 44.6468091], [17.2280684, 44.6468091], [17.2281169, 44.6468055], [17.2282013, 44.6468055], [17.2282524, 44.6468091], [17.2283418, 44.64684], [17.2283801, 44.6468527], [17.2284159, 44.6468691], [17.2284543, 44.6468782], [17.2284977, 44.6468818], [17.2285386, 44.6468746], [17.2285718, 44.6468527], [17.2285923, 44.6468255], [17.228605, 44.6467982], [17.2286076, 44.6467673], [17.2286076, 44.6467382], [17.2286255, 44.6462891], [17.2288018, 44.6462746], [17.2288938, 44.64626], [17.2289424, 44.6462455], [17.2289807, 44.6462327], [17.2290241, 44.6462091], [17.2290523, 44.6461873], [17.2291161, 44.6461491], [17.2291494, 44.6461309], [17.2292107, 44.6460891], [17.2301869, 44.6462673], [17.2305294, 44.6463364], [17.2305626, 44.6463546], [17.2306035, 44.6463727], [17.2306418, 44.6463873], [17.230675, 44.6464055], [17.2307031, 44.6464309], [17.2307466, 44.6464873], [17.2307594, 44.6465164], [17.2307645, 44.6465473], [17.2307645, 44.6466764], [17.2307542, 44.6467091], [17.2307134, 44.6467691], [17.2306904, 44.6467964], [17.2301256, 44.6472309], [17.2299799, 44.6474327], [17.2299646, 44.6474636], [17.2299441, 44.6474909], [17.2299109, 44.6475145], [17.2298675, 44.6475345], [17.2298291, 44.6475491], [17.2297908, 44.6475618], [17.2284951, 44.6479891], [17.2281731, 44.6482181], [17.228122, 44.6485927], [17.2281118, 44.6486545], [17.2280658, 44.6487127], [17.2279994, 44.6487563], [17.2272072, 44.6489454], [17.2269312, 44.6489163], [17.2274167, 44.6497272], [17.2275598, 44.6501017], [17.2272736, 44.6503126], [17.22665, 44.6503889], [17.2266756, 44.6510034], [17.227018, 44.6510761], [17.228674, 44.6509561], [17.2293794, 44.6505889], [17.2301767, 44.6505707], [17.2309076, 44.651018], [17.2309536, 44.6510725], [17.2309842, 44.6511307], [17.2310098, 44.6511925], [17.2310302, 44.6512579], [17.2310302, 44.6515197], [17.2310405, 44.6515815], [17.2310609, 44.6516433], [17.2310967, 44.6517052], [17.2312142, 44.6518033], [17.2312756, 44.6518506], [17.2314085, 44.6519379], [17.2314698, 44.6519997], [17.2315158, 44.6520578], [17.2315413, 44.652116], [17.2315771, 44.6521742], [17.2316436, 44.6522215], [17.2317253, 44.6522324], [17.231802, 44.6522106], [17.2318633, 44.6521742], [17.2321393, 44.6521015], [17.2327782, 44.6520542], [17.2333047, 44.6520978], [17.2333813, 44.6523887], [17.2331616, 44.6527705], [17.2331667, 44.6529705], [17.2331258, 44.6530286], [17.2330593, 44.6530795], [17.2329776, 44.6531232], [17.2328958, 44.6531486], [17.2327885, 44.6531304], [17.2328753, 44.6532359], [17.2329571, 44.6532722], [17.2330287, 44.6533013], [17.2331053, 44.6533304], [17.2332024, 44.6533595], [17.2333558, 44.6534104], [17.2334324, 44.6534395], [17.2334938, 44.6534831], [17.2335449, 44.653534], [17.2335858, 44.6535886], [17.2336113, 44.6536504], [17.2336982, 44.653934], [17.2335756, 44.6541812], [17.2336727, 44.6541739], [17.2337647, 44.6541848], [17.2338311, 44.6542321], [17.2338771, 44.6542866], [17.2338976, 44.6543485], [17.2338976, 44.6544757], [17.2339078, 44.6545375], [17.2339078, 44.6546284], [17.2337493, 44.6547084], [17.2340202, 44.6549302], [17.2340427, 44.65509], [17.2340867, 44.6554028], [17.2338924, 44.6559227], [17.2338618, 44.6559809], [17.2338056, 44.6560318], [17.2337187, 44.6560573], [17.2336267, 44.6560682], [17.2335296, 44.6560973], [17.2334529, 44.6564863], [17.2334529, 44.6570825], [17.2331207, 44.6575515], [17.2328293, 44.6581659], [17.232262, 44.6589221], [17.2319656, 44.6591984], [17.2314289, 44.6595729], [17.2308309, 44.6598783], [17.2307389, 44.6599001], [17.2304527, 44.6599801], [17.2297422, 44.6604418], [17.2291187, 44.6610634], [17.2291851, 44.6611143], [17.2283878, 44.6618087], [17.2280249, 44.6618959], [17.2276774, 44.6620959], [17.2276876, 44.6624667], [17.2282856, 44.6628229], [17.227662, 44.6635245], [17.2267369, 44.6631465], [17.2262105, 44.6636627], [17.2258425, 44.6638917], [17.2258527, 44.6639644], [17.2258578, 44.6640262], [17.2258374, 44.664088], [17.2258016, 44.6641534], [17.2257658, 44.6642116], [17.2257198, 44.6642625], [17.2256687, 44.6643134], [17.2255307, 44.6644115], [17.2254592, 44.6644442], [17.2253825, 44.664477], [17.2253058, 44.6645024], [17.2252241, 44.6645278], [17.2251321, 44.664546], [17.2250452, 44.6645569], [17.2249378, 44.6645678], [17.2248254, 44.6645715], [17.2247334, 44.6645787], [17.2246363, 44.6645824], [17.2245494, 44.6645824], [17.2244523, 44.6645933], [17.2243552, 44.6646005], [17.2242632, 44.6646224], [17.2241865, 44.6646623], [17.2241252, 44.6647132], [17.2240894, 44.6647714], [17.2240894, 44.664895], [17.2241201, 44.6649495], [17.2241763, 44.6649968], [17.2242478, 44.6650295], [17.2243245, 44.6650549], [17.2247181, 44.6651676], [17.2247589, 44.6652476], [17.2249583, 44.6652185], [17.2250452, 44.6652149], [17.2251269, 44.6652294], [17.2251423, 44.6653058], [17.2252292, 44.665313], [17.2252803, 44.6654075], [17.2253161, 44.6654621], [17.2253621, 44.6655166], [17.2254336, 44.6655493], [17.2255205, 44.6655493], [17.2256125, 44.6655602], [17.2256994, 44.6655966], [17.2257658, 44.6656366], [17.2258221, 44.6656802], [17.2258936, 44.6657856], [17.2258783, 44.665851], [17.2258681, 44.6659165], [17.2258732, 44.6659819], [17.2259038, 44.6660364], [17.2259652, 44.6660837], [17.2260469, 44.6661091], [17.2261338, 44.6661128], [17.2262258, 44.6661091], [17.2263076, 44.6661019], [17.2263843, 44.66608], [17.2266705, 44.66608], [17.2267472, 44.6661019], [17.2268289, 44.6661273], [17.2269312, 44.6661564], [17.2270129, 44.6661855], [17.2270896, 44.6662145], [17.227156, 44.6662618], [17.2271969, 44.66632], [17.2272276, 44.6663781], [17.2272378, 44.6664399], [17.2272378, 44.666698], [17.2271509, 44.6670361], [17.2271509, 44.6670979], [17.2271663, 44.6671706], [17.2271969, 44.6672324], [17.2272225, 44.6672941], [17.2272532, 44.6673523], [17.2272583, 44.6674177], [17.2272583, 44.667545], [17.2272634, 44.6676104], [17.2272634, 44.6676722], [17.227248, 44.6677376], [17.2272276, 44.6678685], [17.2272276, 44.6679339], [17.2272378, 44.6679993], [17.2272327, 44.6680648], [17.227202, 44.6681266], [17.2271816, 44.6681884], [17.2271918, 44.6682574], [17.227248, 44.6683047], [17.2273247, 44.6683337], [17.2273707, 44.6683883], [17.2273247, 44.6684392], [17.2233176, 44.6718014], [17.2234147, 44.6719286], [17.2233227, 44.6719359], [17.223241, 44.6719577], [17.2231541, 44.6719795], [17.2229803, 44.6720304], [17.2228167, 44.6720885], [17.222735, 44.6721212], [17.2226481, 44.6721503], [17.2225663, 44.6721758], [17.2224896, 44.6722048], [17.222413, 44.6722484], [17.2223465, 44.6722921], [17.2222852, 44.6723502], [17.2222341, 44.6724047], [17.2221881, 44.6724593], [17.222137, 44.6725138], [17.2220756, 44.6725683], [17.2220143, 44.6726155], [17.2219325, 44.6726483], [17.2218456, 44.6726737], [17.2217587, 44.6726882], [17.2216667, 44.6726955], [17.2215747, 44.6726991], [17.2214827, 44.6726991], [17.2209308, 44.6726919], [17.2207263, 44.6726919], [17.2205985, 44.6726955], [17.2204912, 44.6727064], [17.220343, 44.6727319], [17.2202612, 44.67275], [17.2201692, 44.6727827], [17.2200874, 44.6728082], [17.2199341, 44.6728881], [17.2198574, 44.6729318], [17.2197859, 44.6729681], [17.2197143, 44.6730081], [17.2196325, 44.6730626], [17.2195661, 44.6731135], [17.2195048, 44.673168], [17.2194536, 44.6732189], [17.2186461, 44.6739495], [17.218503, 44.674073], [17.2183394, 44.6741348], [17.2182525, 44.6741566], [17.2181657, 44.6741712], [17.2180634, 44.6741893], [17.2179714, 44.6742075], [17.2178794, 44.674233], [17.2177925, 44.6742693], [17.2177261, 44.6743093], [17.2176443, 44.6743493], [17.2175779, 44.6743929], [17.2175063, 44.6744329], [17.2164023, 44.6750289], [17.2160446, 44.675356], [17.2157175, 44.6757704], [17.2154875, 44.6763591], [17.2152983, 44.677195], [17.2152728, 44.6777984], [17.2152319, 44.6783072], [17.2152319, 44.6783726], [17.2152166, 44.6784634], [17.2151808, 44.6785289], [17.2151399, 44.6785834], [17.215099, 44.6786451], [17.2150479, 44.6787033], [17.2149917, 44.6787505], [17.2141892, 44.6791576], [17.2141177, 44.6792012], [17.2140359, 44.6792448], [17.2139644, 44.6792884], [17.2138008, 44.6793538], [17.2137139, 44.6793793], [17.213627, 44.6793902], [17.213535, 44.6793974], [17.2134481, 44.6793902], [17.2133664, 44.679372], [17.2132897, 44.6793429], [17.2132028, 44.6793175], [17.213121, 44.679292], [17.213029, 44.6792811], [17.2128501, 44.6792811], [17.212753, 44.6792884], [17.212661, 44.6793102], [17.2125741, 44.6793357], [17.2124924, 44.6793756], [17.2124361, 44.6794411], [17.2123339, 44.6795501], [17.2122726, 44.6796082], [17.2122113, 44.6796627], [17.2121499, 44.6797136], [17.2120835, 44.6797572], [17.2120119, 44.6797972], [17.2119506, 44.6798481], [17.2118893, 44.6799026], [17.2118381, 44.6799535], [17.2117973, 44.6800189], [17.2117666, 44.680077], [17.2117257, 44.6801425], [17.2116797, 44.6802224], [17.211649, 44.6802842], [17.2113219, 44.6811128], [17.2113117, 44.6811746], [17.2112708, 44.6812291], [17.2112044, 44.68128], [17.2111277, 44.6813127], [17.2109999, 44.6813381], [17.2108926, 44.6813381], [17.2108057, 44.6813345], [17.2107086, 44.6813127], [17.2106217, 44.6812909], [17.2105297, 44.68128], [17.2104582, 44.6813127], [17.2104122, 44.6813672], [17.2104122, 44.6814289], [17.210453, 44.6814835], [17.2105604, 44.6815816], [17.2106268, 44.6816325], [17.210683, 44.6816833], [17.2107393, 44.6817306], [17.2107801, 44.6817815], [17.2109539, 44.6816906], [17.211051, 44.681687], [17.2111379, 44.681687], [17.2112095, 44.6817124], [17.2112657, 44.6817633], [17.2112964, 44.6818251], [17.2113219, 44.6818905], [17.2113424, 44.6819559], [17.211373, 44.6820177], [17.2114088, 44.6820795], [17.2114599, 44.6821449], [17.2115059, 44.6822066], [17.211557, 44.6822648], [17.2116081, 44.6823266], [17.211649, 44.6823774], [17.2117001, 44.682432], [17.2117513, 44.6824901], [17.2118075, 44.682541], [17.2118841, 44.6825773], [17.2119659, 44.6825955], [17.2118841, 44.6825119], [17.2118433, 44.682461], [17.2118228, 44.6824029], [17.2118177, 44.6823411], [17.2118279, 44.682283], [17.2118484, 44.6822212], [17.2119046, 44.6821739], [17.2119761, 44.6821449], [17.2120528, 44.6821194], [17.2121346, 44.6820976], [17.2122266, 44.6820976], [17.2123237, 44.6821194], [17.2123953, 44.6821521], [17.2125384, 44.6822321], [17.2126661, 44.6823157], [17.2128501, 44.6824574], [17.2131926, 44.6826972], [17.2138775, 44.6829335], [17.2151348, 44.6834059], [17.2154057, 44.6835767], [17.2157737, 44.6832932], [17.2159474, 44.6832169], [17.2159934, 44.6831624], [17.2160343, 44.6831043], [17.2160803, 44.6830534], [17.2161263, 44.6829989], [17.2161826, 44.682948], [17.2163257, 44.6828608], [17.2163921, 44.6828244], [17.2164126, 44.6827627], [17.2164126, 44.6827009], [17.2164177, 44.6826391], [17.2164739, 44.6825919], [17.2165454, 44.6825519], [17.216617, 44.6825155], [17.2166937, 44.6824719], [17.2167652, 44.6824283], [17.2168368, 44.6823956], [17.2169032, 44.6823629], [17.2169748, 44.6823229], [17.2170617, 44.6822902], [17.2171434, 44.6822539], [17.2172252, 44.6822285], [17.2174092, 44.6821739], [17.2174961, 44.682163], [17.2175932, 44.6821521], [17.2176903, 44.6821485], [17.2177772, 44.6821376], [17.2178641, 44.6821231], [17.217951, 44.6821049], [17.2180328, 44.6820831], [17.2181043, 44.682054], [17.218181, 44.6820249], [17.2182525, 44.681985], [17.218319, 44.681945], [17.2183752, 44.6819014], [17.2184263, 44.6818432], [17.2184621, 44.6817851], [17.2184928, 44.6817306], [17.2185234, 44.6816724], [17.2185643, 44.6816179], [17.2186103, 44.681567], [17.2186512, 44.6815198], [17.2187177, 44.6814726], [17.2187892, 44.6814435], [17.2188761, 44.6814326], [17.219055, 44.6813308], [17.2191214, 44.68128], [17.2191828, 44.6812182], [17.2192237, 44.6811637], [17.2192594, 44.6811091], [17.2192799, 44.681051], [17.2193259, 44.6809856], [17.2193668, 44.6809238], [17.2194332, 44.6808439], [17.219469, 44.6807893], [17.2194792, 44.6806912], [17.2194536, 44.6806258], [17.219423, 44.6805604], [17.2193821, 44.6804913], [17.2193565, 44.6804368], [17.2193616, 44.6803714], [17.2194536, 44.6802697], [17.2194741, 44.6802115], [17.2194945, 44.680157], [17.2195354, 44.6801061], [17.2196172, 44.6800843], [17.2197092, 44.6800625], [17.2197961, 44.680048], [17.2198881, 44.6800334], [17.2200516, 44.6800189], [17.2201436, 44.6800225], [17.2202152, 44.680048], [17.2202816, 44.6800916], [17.2203532, 44.6801243], [17.220435, 44.680157], [17.2205116, 44.6801861], [17.2205883, 44.6802042], [17.2206701, 44.6802079], [17.2208694, 44.6802079], [17.2209512, 44.6802115], [17.2210534, 44.6802224], [17.2211403, 44.6802406], [17.2212221, 44.6802588], [17.2213141, 44.6802842], [17.2213959, 44.6803024], [17.2214776, 44.6803242], [17.2215799, 44.6803314], [17.2216923, 44.6803351], [17.2222903, 44.6803351], [17.2223823, 44.6803387], [17.222459, 44.6803133], [17.2225254, 44.6802551], [17.2225816, 44.6802151], [17.2226532, 44.6801861], [17.2227401, 44.6801643], [17.222919, 44.6801207], [17.2230161, 44.6801025], [17.2231081, 44.6800916], [17.223195, 44.6800698], [17.2234556, 44.680117], [17.2235476, 44.680117], [17.2236345, 44.6801352], [17.2237061, 44.6801788], [17.2237776, 44.6802297], [17.2238185, 44.6802806], [17.2238594, 44.6803351], [17.2239258, 44.6804514], [17.2239514, 44.6805095], [17.223977, 44.6805749], [17.2239974, 44.6806331], [17.2240178, 44.6806949], [17.2240638, 44.680753], [17.2241354, 44.6808002], [17.2242172, 44.6808366], [17.2242938, 44.6808584], [17.2243858, 44.6808584], [17.2245034, 44.6808439], [17.2245801, 44.6808184], [17.2246465, 44.6807857], [17.2247232, 44.6807421], [17.2247896, 44.6806985], [17.2248509, 44.6806512], [17.2249225, 44.6806113], [17.2250094, 44.6805822], [17.2250963, 44.6805604], [17.2252087, 44.6805422], [17.2252905, 44.6805313], [17.2253774, 44.6805313], [17.2254898, 44.6805422], [17.2255869, 44.6805531], [17.2260521, 44.680644], [17.2261543, 44.6806876], [17.2262412, 44.6807385], [17.2263127, 44.6807675], [17.2263843, 44.680793], [17.2264558, 44.6808293], [17.2265172, 44.6808766], [17.2265478, 44.6809347], [17.2265529, 44.6810074], [17.2265478, 44.6810728], [17.2265376, 44.6811346], [17.2266143, 44.68116], [17.2267012, 44.6811673], [17.2267778, 44.6812], [17.2268545, 44.68124], [17.2269414, 44.6812618], [17.2271152, 44.6812618], [17.227202, 44.6812581], [17.227386, 44.68128], [17.2274678, 44.6812909], [17.2275496, 44.6813163], [17.2276263, 44.6813417], [17.2277132, 44.6813526], [17.2277847, 44.6813199], [17.2278409, 44.6812727], [17.2280914, 44.6813018], [17.2281885, 44.6813018], [17.2282754, 44.6812945], [17.2283571, 44.68128], [17.2284389, 44.6812581], [17.2285309, 44.6812254], [17.228628, 44.6812], [17.2286996, 44.6811746], [17.2287763, 44.6811491], [17.228858, 44.681131], [17.2289551, 44.6811055], [17.2290574, 44.6810837], [17.2291391, 44.6810655], [17.2292158, 44.6810437], [17.2293896, 44.6810001], [17.2294714, 44.6809783], [17.2295531, 44.6809529], [17.2296451, 44.6809274], [17.2297985, 44.6808838], [17.2298751, 44.6808548], [17.2299518, 44.6808293], [17.2300234, 44.6808039], [17.2300949, 44.6807675], [17.2301614, 44.6807239], [17.2302125, 44.680673], [17.2302636, 44.6806258], [17.2303096, 44.6805749], [17.2302278, 44.6805422], [17.2301358, 44.680535], [17.2298598, 44.680535], [17.2296809, 44.6805422], [17.2295787, 44.680564], [17.2294969, 44.6805931], [17.22941, 44.6805931], [17.2293231, 44.6805713], [17.2292363, 44.680564], [17.2291443, 44.6805604], [17.2290625, 44.6805459], [17.2289705, 44.6805277], [17.2288734, 44.680524], [17.2287763, 44.680524], [17.2285974, 44.6805168], [17.2285105, 44.6805095], [17.2284287, 44.6804841], [17.2283623, 44.6804477], [17.2282856, 44.6804223], [17.2281885, 44.6804187], [17.2281016, 44.6804005], [17.2280249, 44.6803641], [17.2279636, 44.6803205], [17.2279074, 44.6802769], [17.2278307, 44.6802442], [17.2277796, 44.680197], [17.2278052, 44.6801388], [17.2278409, 44.6800879], [17.2278512, 44.6800262], [17.2279278, 44.6799898], [17.2279994, 44.6799644], [17.2279994, 44.6799026], [17.2280914, 44.6798808], [17.2281987, 44.6798808], [17.2282856, 44.6798772], [17.2283725, 44.6798808], [17.2283776, 44.679819], [17.2283214, 44.6797681], [17.2282754, 44.6797173], [17.2283367, 44.6796337], [17.2283878, 44.6795283], [17.2283878, 44.6794629], [17.2283725, 44.6794047], [17.2283623, 44.6793429], [17.2284236, 44.679303], [17.2284696, 44.6792521], [17.2285054, 44.6792012], [17.2285565, 44.6791539], [17.2286383, 44.6791539], [17.2287251, 44.6791903], [17.2288018, 44.6792085], [17.2288938, 44.6792339], [17.2289756, 44.679223], [17.2290625, 44.6791794], [17.2291494, 44.6791467], [17.2292465, 44.6791212], [17.22941, 44.6790849], [17.2294867, 44.6790595], [17.2296502, 44.6790086], [17.2297474, 44.6789759], [17.2298291, 44.6789432], [17.2298956, 44.6789105], [17.2300285, 44.6788305], [17.2300898, 44.6787833], [17.230146, 44.678736], [17.2302074, 44.6786888], [17.2302534, 44.6786415], [17.2304169, 44.6785089], [17.2308028, 44.6781218], [17.2309357, 44.6781999], [17.2310456, 44.6781109], [17.2310992, 44.6780618], [17.2311248, 44.6780382], [17.2311478, 44.678011], [17.2311759, 44.6779855], [17.231204, 44.6779619], [17.2312347, 44.6779365], [17.2312602, 44.6779092], [17.2312883, 44.6778838], [17.2313241, 44.6778601], [17.2313599, 44.6778438], [17.2314008, 44.6778311], [17.2314417, 44.6778165], [17.2315643, 44.6777856], [17.2317356, 44.6777893], [17.2317765, 44.6777984], [17.2318148, 44.6778093], [17.2319528, 44.6778093], [17.2320422, 44.6777947], [17.2320882, 44.6777802], [17.232124, 44.6777638], [17.2321572, 44.6777457], [17.2321879, 44.677722], [17.2322186, 44.6776984], [17.2322901, 44.6776602], [17.2323361, 44.6776475], [17.2323847, 44.6776384], [17.2324281, 44.6776294], [17.2324639, 44.6776148], [17.2324997, 44.6775948], [17.2325355, 44.6775748], [17.2325687, 44.6775567], [17.2326453, 44.6775185], [17.2326837, 44.677504], [17.2327629, 44.6774749], [17.2327987, 44.6774604], [17.2328319, 44.6774422], [17.2330542, 44.6776875], [17.2330696, 44.6778202], [17.233274, 44.6782327], [17.2332919, 44.6783271], [17.2332919, 44.6783599], [17.233274, 44.6783907], [17.2332382, 44.6784126], [17.2331973, 44.6784307], [17.2331539, 44.6784434], [17.233113, 44.6784562], [17.2330696, 44.678458], [17.2330236, 44.6784507], [17.2329903, 44.6784325], [17.2329597, 44.6784089], [17.2329316, 44.6783835], [17.2329035, 44.6783562], [17.2328805, 44.6783308], [17.2328242, 44.6782835], [17.2327885, 44.6782654], [17.2327501, 44.678249], [17.2327067, 44.6782417], [17.2326632, 44.6782399], [17.2325712, 44.6782381], [17.2325252, 44.6782417], [17.2324741, 44.6782545], [17.2323821, 44.6782672], [17.2322467, 44.6782672], [17.2322032, 44.6782726], [17.2321598, 44.6782817], [17.2320678, 44.6783053], [17.2320243, 44.6783199], [17.231986, 44.6783362], [17.2319579, 44.6783617], [17.2319477, 44.6784253], [17.2319298, 44.6784543], [17.2319042, 44.6784798], [17.2318685, 44.6785034], [17.2318378, 44.6785289], [17.2318199, 44.6785616], [17.2318199, 44.6785943], [17.2318506, 44.6786524], [17.2318736, 44.6787269], [17.2318736, 44.6787578], [17.2318659, 44.6787887], [17.2318531, 44.6788214], [17.2318148, 44.6788777], [17.2317841, 44.6789032], [17.2317407, 44.6789177], [17.2316512, 44.6789268], [17.231526, 44.6790522], [17.231733, 44.6790249], [17.2317075, 44.6791412], [17.2318046, 44.6791649], [17.2331309, 44.679819], [17.2334657, 44.6795955], [17.2335628, 44.6795246], [17.2336778, 44.679452], [17.233711, 44.6794302], [17.2337493, 44.6794065], [17.2338209, 44.6793702], [17.233895, 44.6793393], [17.2339742, 44.679312], [17.2340126, 44.6792993], [17.2340483, 44.679283], [17.2340867, 44.6792684], [17.2341173, 44.6792484], [17.234148, 44.679223], [17.2342579, 44.679114], [17.2343984, 44.6789341], [17.2343499, 44.6786688], [17.2345288, 44.678676], [17.2346054, 44.6785906], [17.2346668, 44.6785888], [17.2348482, 44.6785997], [17.2351242, 44.6785125], [17.2351702, 44.6785034], [17.2352699, 44.678498], [17.2353159, 44.6785016], [17.2353568, 44.6785143], [17.2353977, 44.6785252], [17.2354283, 44.6785034], [17.2354539, 44.6784816], [17.2354948, 44.6784689], [17.2355459, 44.678458], [17.2355944, 44.6784507], [17.235643, 44.6784398], [17.2356839, 44.6784271], [17.2357171, 44.6784107], [17.2357503, 44.6783926], [17.2358858, 44.6783926], [17.2359318, 44.6783889], [17.2359573, 44.6783653], [17.2359675, 44.6783362], [17.2360544, 44.678289], [17.2361004, 44.6782817], [17.2361464, 44.6782799], [17.2361899, 44.6782781], [17.2362308, 44.6782835], [17.2362793, 44.6782944], [17.2363228, 44.6783053], [17.2364045, 44.6783308], [17.2364454, 44.6783399], [17.2364914, 44.6783399], [17.2365323, 44.6783235], [17.2365732, 44.6783017], [17.2366039, 44.6782799], [17.236632, 44.6782508], [17.2366652, 44.6782327], [17.2367086, 44.6782199], [17.2367598, 44.6782109], [17.2368006, 44.6781999], [17.2368364, 44.6781872], [17.2368671, 44.6781636], [17.2369003, 44.6781454], [17.2369412, 44.6781491], [17.2369744, 44.6781727], [17.237, 44.6781981], [17.2370128, 44.678229], [17.2370179, 44.6782599], [17.2370179, 44.6782926], [17.2370076, 44.6783271], [17.2370025, 44.678358], [17.2370025, 44.6783889], [17.237023, 44.678418], [17.237069, 44.6784289], [17.2371175, 44.6784398], [17.237161, 44.6784525], [17.2372019, 44.6784634], [17.2372479, 44.678478], [17.2372862, 44.6784943], [17.2373296, 44.6785052], [17.2373756, 44.678507], [17.2374191, 44.678507], [17.23746, 44.6785125], [17.2378638, 44.6787124], [17.2379046, 44.6787669], [17.2379506, 44.6788214], [17.238748, 44.6794538], [17.2388604, 44.6794938], [17.2388553, 44.6795955], [17.2390393, 44.6796936], [17.2390086, 44.6799553], [17.2391313, 44.6801988], [17.2391875, 44.6802351], [17.2391109, 44.6803369], [17.2392233, 44.6805622], [17.2392795, 44.6805913], [17.2393715, 44.6807839], [17.2392029, 44.680962], [17.2391977, 44.6816088], [17.2393613, 44.6818414], [17.2393664, 44.682034], [17.2393664, 44.6820994], [17.2392744, 44.6823938], [17.2392335, 44.6824665], [17.2386917, 44.6829389], [17.2386611, 44.682997], [17.2386304, 44.6830625], [17.2386049, 44.6831315], [17.2385742, 44.6832006], [17.2385435, 44.6832623], [17.2386687, 44.683484], [17.2390035, 44.6836966], [17.2390546, 44.6837184], [17.2391262, 44.6837566], [17.2391799, 44.6837893], [17.2392105, 44.6838092], [17.2392591, 44.6838311], [17.2393, 44.6838365], [17.2393051, 44.6839019], [17.2390904, 44.6839074], [17.2390419, 44.6839037], [17.2385665, 44.6838256], [17.2377973, 44.683633], [17.2374625, 44.683464], [17.23723, 44.6836003], [17.237184, 44.683702], [17.2371814, 44.6837366], [17.2371968, 44.6838383], [17.2372044, 44.6838765], [17.2372146, 44.6839092], [17.2372453, 44.6839655], [17.2372939, 44.6840255], [17.2373552, 44.6840836], [17.2373859, 44.684109], [17.2374216, 44.6841327], [17.2374625, 44.684149], [17.2375034, 44.6841654], [17.2375469, 44.6841799], [17.2372862, 44.684407], [17.2372504, 44.6844052], [17.2371252, 44.6843144], [17.2371048, 44.6842853], [17.2370869, 44.684258], [17.2370204, 44.6843053], [17.2367649, 44.6846741], [17.2366575, 44.684725], [17.2366141, 44.6847414], [17.2365706, 44.6847486], [17.2365221, 44.6847541], [17.2364786, 44.6847559], [17.2364352, 44.6847577], [17.2363918, 44.6847595], [17.2363483, 44.6847613], [17.2362538, 44.6847632], [17.2362078, 44.684765], [17.2352673, 44.684814], [17.2351063, 44.6847777], [17.2348405, 44.6848903], [17.2348431, 44.6849848], [17.2348252, 44.6850139], [17.2347945, 44.6850393], [17.2347613, 44.6850611], [17.2347255, 44.6850793], [17.2346898, 44.6850993], [17.234654, 44.6851193], [17.2346233, 44.6851411], [17.2345927, 44.6851683], [17.234562, 44.6851901], [17.2344853, 44.6851702], [17.2344521, 44.6851084], [17.2343013, 44.6851756], [17.2343703, 44.685261], [17.2343959, 44.6852864], [17.2344598, 44.6853337], [17.2345007, 44.6853482], [17.2345441, 44.6853555], [17.234585, 44.6853555], [17.2347153, 44.6853337], [17.2347562, 44.68533], [17.2347997, 44.68533], [17.2348405, 44.6853373], [17.2348814, 44.68535], [17.234953, 44.6853791], [17.2349939, 44.6853864], [17.2350348, 44.6853882], [17.2350782, 44.6853846], [17.2351191, 44.6853718], [17.2351523, 44.6853555], [17.2351907, 44.6853446], [17.2352367, 44.6853446], [17.2352724, 44.6853573], [17.2353082, 44.6853755], [17.2353721, 44.6854209], [17.2354283, 44.6854663], [17.2354973, 44.6855117], [17.2355305, 44.6855335], [17.235574, 44.6855481], [17.2357018, 44.6855463], [17.235735, 44.6855644], [17.2357657, 44.6855862], [17.235804, 44.6856008], [17.2358934, 44.6856008], [17.2359343, 44.6856208], [17.2359599, 44.685648], [17.2359854, 44.6856753], [17.2360135, 44.6857007], [17.2360493, 44.6857152], [17.2360851, 44.6857316], [17.2361285, 44.6857407], [17.2361669, 44.6857516], [17.2362052, 44.6857661], [17.2362359, 44.6857879], [17.236264, 44.6858133], [17.2362793, 44.6858424], [17.2362793, 44.6859478], [17.2362921, 44.6859805], [17.2363177, 44.6860059], [17.2363483, 44.6860259], [17.2363918, 44.6860441], [17.2364301, 44.6860568], [17.2364684, 44.6860695], [17.2365016, 44.6860895], [17.2365681, 44.6861368], [17.2366039, 44.6861549], [17.2366422, 44.6861749], [17.2367419, 44.6862349], [17.2368006, 44.6862785], [17.2368288, 44.6863039], [17.2368518, 44.6863348], [17.2368671, 44.6863675], [17.2368799, 44.6863966], [17.2368926, 44.6864256], [17.2369182, 44.6864511], [17.2369514, 44.6864711], [17.2369923, 44.6864838], [17.2370843, 44.6864929], [17.2371175, 44.6865092], [17.2371303, 44.6865401], [17.2371303, 44.686571], [17.2371022, 44.6865983], [17.237069, 44.6866237], [17.2370383, 44.6866491], [17.2369744, 44.6867218], [17.2369693, 44.6867527], [17.2369693, 44.6867836], [17.2369795, 44.6868145], [17.2370025, 44.6868744], [17.2370281, 44.6869017], [17.2370639, 44.6869217], [17.2371073, 44.6869307], [17.2371916, 44.6869235], [17.23723, 44.6869108], [17.2372581, 44.686889], [17.2372658, 44.6868581], [17.2372504, 44.6868308], [17.2372274, 44.6868072], [17.2372121, 44.6867799], [17.23723, 44.6867545], [17.2372658, 44.6867418], [17.2373092, 44.6867382], [17.2373501, 44.6867454], [17.2373833, 44.6867618], [17.2374165, 44.6867818], [17.2374498, 44.6868017], [17.2374804, 44.6868235], [17.2375111, 44.6868508], [17.2375264, 44.6868817], [17.2375341, 44.6869144], [17.2375469, 44.6869453], [17.2375699, 44.6869725], [17.2376082, 44.6869889], [17.2376491, 44.6869943], [17.2376925, 44.6869889], [17.2377309, 44.6869762], [17.2377411, 44.6869471], [17.2377769, 44.6869344], [17.2378178, 44.6869398], [17.237851, 44.6869634], [17.2378663, 44.6869925], [17.2378765, 44.6870234], [17.2378919, 44.6870525], [17.2379174, 44.6870761], [17.2379609, 44.6870815], [17.2380043, 44.6870779], [17.2380401, 44.6870634], [17.2380784, 44.6870543], [17.2381219, 44.6870597], [17.2381551, 44.6870815], [17.2381755, 44.6871106], [17.2381934, 44.6871397], [17.2382317, 44.6871579], [17.2382726, 44.6871488], [17.2382752, 44.6871179], [17.2382573, 44.6870888], [17.2382982, 44.6870797], [17.2383723, 44.6871106], [17.2384004, 44.687087], [17.2384439, 44.6870815], [17.2384847, 44.6870924], [17.2385154, 44.6870725], [17.2385205, 44.6870416], [17.2385282, 44.6870107], [17.2385742, 44.6870034], [17.2386125, 44.6870161], [17.2386381, 44.6870434], [17.2386636, 44.6870706], [17.2386994, 44.6870834], [17.238725, 44.6870597], [17.2387454, 44.6870343], [17.238748, 44.6870016], [17.238748, 44.6869689], [17.2387659, 44.6869416], [17.2388067, 44.6869362], [17.2388502, 44.6869398], [17.2388962, 44.6869544], [17.2389422, 44.6869653], [17.2389856, 44.6869762], [17.2390316, 44.6869762], [17.2390776, 44.6869653], [17.239116, 44.6869507], [17.2391339, 44.6869235], [17.2391722, 44.6869108], [17.2392131, 44.6869253], [17.239254, 44.6869344], [17.2393025, 44.6869344], [17.2393409, 44.6869162], [17.2393741, 44.6868962], [17.2394124, 44.6868708], [17.2394533, 44.6868508], [17.2394942, 44.6868381], [17.2395351, 44.6868363], [17.239576, 44.6868544], [17.2396322, 44.6869035], [17.2396731, 44.6869162], [17.2397191, 44.6869162], [17.23976, 44.6869053], [17.2397932, 44.6868853], [17.2398187, 44.6868599], [17.2398443, 44.6868363], [17.2398826, 44.6868199], [17.2399312, 44.6868199], [17.2399721, 44.6868235], [17.240013, 44.686829], [17.2400564, 44.6868326], [17.2400973, 44.6868254], [17.240128, 44.6868054], [17.2401586, 44.6867763], [17.2401867, 44.6867509], [17.24022, 44.6867309], [17.2402557, 44.6867182], [17.2402966, 44.68672], [17.2403375, 44.6867309], [17.2403784, 44.6867491], [17.2404167, 44.68676], [17.2404576, 44.6867509], [17.2404908, 44.6867309], [17.240519, 44.6867054], [17.2405522, 44.6866818], [17.2405956, 44.6866673], [17.2406416, 44.6866564], [17.2406876, 44.6866528], [17.240795, 44.6866945], [17.2408358, 44.6867073], [17.2408818, 44.6867073], [17.2409278, 44.6867], [17.2409866, 44.6866909], [17.2410301, 44.6866873], [17.2411093, 44.6866655], [17.2411527, 44.6866582], [17.2411936, 44.6866473], [17.2412294, 44.6866346], [17.2412677, 44.6866182], [17.2412984, 44.6865983], [17.2413265, 44.6865728], [17.2413444, 44.6865474], [17.2413597, 44.6865183], [17.2413751, 44.6864911], [17.2414057, 44.6864674], [17.2414466, 44.6864547], [17.2415054, 44.6864529], [17.2415514, 44.6864583], [17.2415897, 44.6864729], [17.2416127, 44.6864983], [17.2416229, 44.6865347], [17.2416306, 44.6865674], [17.2416459, 44.6865983], [17.2416894, 44.6866055], [17.2417252, 44.686591], [17.2417328, 44.6865601], [17.2417047, 44.6865328], [17.2416766, 44.686511], [17.2417201, 44.686502], [17.2417635, 44.686511], [17.2417967, 44.686531], [17.2418402, 44.6865383], [17.2418811, 44.6865292], [17.2419194, 44.6865147], [17.2419552, 44.6864965], [17.2419858, 44.6864765], [17.2420165, 44.6864529], [17.2420472, 44.6864311], [17.2420778, 44.6864057], [17.2421162, 44.6863875], [17.2421622, 44.6863766], [17.2422491, 44.6863748], [17.2422925, 44.6863675], [17.2423334, 44.6863566], [17.2423717, 44.6863403], [17.2424075, 44.6863239], [17.2424816, 44.6862894], [17.2425199, 44.686273], [17.2426401, 44.6862276], [17.2426809, 44.6862185], [17.2427218, 44.6862167], [17.2427602, 44.6862349], [17.2427704, 44.6862676], [17.2427678, 44.6863003], [17.2427525, 44.6863312], [17.2427781, 44.6863566], [17.2428164, 44.686373], [17.2428573, 44.6863784], [17.2429902, 44.6863802], [17.2430285, 44.6864002], [17.2430668, 44.6864184], [17.2431052, 44.6864311], [17.2431486, 44.6864329], [17.2431818, 44.6864129], [17.2432125, 44.6863875], [17.2432355, 44.6863621], [17.2432559, 44.686333], [17.2432917, 44.6862985], [17.2433198, 44.686273], [17.2433479, 44.686253], [17.243399, 44.686224], [17.2434399, 44.6862094], [17.2434757, 44.6861985], [17.2435268, 44.6861931], [17.2435703, 44.6861913], [17.2437032, 44.6861913], [17.2437594, 44.6861967], [17.2438539, 44.6861985], [17.2438974, 44.6862003], [17.2439434, 44.6862003], [17.2439945, 44.6861967], [17.2440405, 44.6861894], [17.2440967, 44.6861804], [17.2441427, 44.6861731], [17.2441938, 44.6861658], [17.2442373, 44.6861604], [17.2442909, 44.6861549], [17.2443829, 44.6861477], [17.2445644, 44.6861458], [17.2446462, 44.6861259], [17.2446768, 44.6861022], [17.2447126, 44.6860895], [17.2448148, 44.6860822], [17.2449963, 44.6860677], [17.2452723, 44.6860659], [17.2453157, 44.6860695], [17.2453566, 44.6860804], [17.2453924, 44.686095], [17.2454256, 44.6861168], [17.2454614, 44.6861368], [17.245538, 44.686184], [17.2455738, 44.6862076], [17.245607, 44.6862276], [17.2456454, 44.6862494], [17.2457271, 44.6862767], [17.2458294, 44.6862948], [17.2458703, 44.6863003], [17.2459469, 44.6863275], [17.2460594, 44.6863966], [17.2460875, 44.6864184], [17.246113, 44.686442], [17.2461437, 44.6864693], [17.2461769, 44.6864911], [17.2462204, 44.6864983], [17.2462613, 44.6864983], [17.2463711, 44.6865056], [17.2464274, 44.6865129], [17.2464683, 44.6865201], [17.246504, 44.6865328], [17.2465449, 44.6865492], [17.2465781, 44.6865692], [17.2466088, 44.6865946], [17.2466369, 44.6866201], [17.2466676, 44.6866455], [17.2467059, 44.6866618], [17.2467494, 44.6866691], [17.2467928, 44.6866746], [17.2468362, 44.6866836], [17.246872, 44.6866964], [17.2469078, 44.6867127], [17.2469461, 44.6867309], [17.2471157, 44.6868178], [17.2472241, 44.686936], [17.2473253, 44.6870079], [17.2474554, 44.6870902], [17.2475927, 44.6871724], [17.2476939, 44.6872084], [17.2478529, 44.6872495], [17.2479614, 44.6872854], [17.2481276, 44.6873471], [17.2482649, 44.6873625], [17.2485035, 44.6873625], [17.2486769, 44.6873934], [17.2487998, 44.6874756], [17.2488649, 44.6875475], [17.2489372, 44.6876195], [17.2489878, 44.6877017], [17.2489805, 44.6878045], [17.2489516, 44.6878918], [17.2489878, 44.6879843], [17.2490745, 44.6880563], [17.2491612, 44.6881179], [17.2492191, 44.6882156], [17.2493058, 44.6882927], [17.2495516, 44.6883492], [17.2496455, 44.6884006], [17.2497178, 44.6884725], [17.2498262, 44.688529], [17.2499491, 44.688565], [17.2500792, 44.6885856], [17.2501949, 44.6886113], [17.2503322, 44.6885804], [17.2504334, 44.6885496], [17.2507225, 44.6885496], [17.2508526, 44.6885342], [17.2509466, 44.6884674], [17.2510261, 44.6884006], [17.2511273, 44.6883492], [17.2512502, 44.6883286], [17.2513875, 44.6883132], [17.2516477, 44.6883132], [17.2517778, 44.6883183], [17.2519007, 44.6883235], [17.2520525, 44.6883183], [17.2521898, 44.6883132], [17.2522838, 44.6882721], [17.2523705, 44.6882002], [17.25245, 44.6881333], [17.2525368, 44.6880717], [17.2526307, 44.6880203], [17.2527319, 44.6879689], [17.2528476, 44.6879227], [17.2529488, 44.6878918], [17.25305, 44.6878456], [17.2531367, 44.6877942], [17.253209, 44.6877222], [17.253115, 44.6880922], [17.2526886, 44.6886729], [17.2521898, 44.6893718], [17.2520742, 44.6893718], [17.2518067, 44.6898343], [17.2517417, 44.6899114], [17.2516405, 44.6900141], [17.2515971, 44.6901375], [17.2515899, 44.6902351], [17.2515971, 44.6903276], [17.2516333, 44.6904149], [17.2516694, 44.6904972], [17.25172, 44.6905948], [17.2517851, 44.6906667], [17.2518646, 44.6907335], [17.2519513, 44.6907952], [17.2520525, 44.6908414], [17.2521537, 44.6908826], [17.2522766, 44.691232], [17.2524645, 44.6912988], [17.2526332, 44.6911389], [17.2533078, 44.6908555], [17.2537029, 44.6906621], [17.2539416, 44.6906084], [17.2540183, 44.6905793], [17.2541, 44.6905394], [17.2541716, 44.6905139], [17.2542687, 44.6905103], [17.2543607, 44.6905139], [17.2545345, 44.6905575], [17.2546214, 44.6906193], [17.2551478, 44.6905866], [17.2550763, 44.6910553], [17.25502, 44.6911026], [17.254974, 44.6911607], [17.2549792, 44.6912297], [17.2550303, 44.6912806], [17.2551069, 44.6913242], [17.2551887, 44.6913496], [17.2552756, 44.6913751], [17.2552909, 44.6914405], [17.2552398, 44.691495], [17.2551632, 44.6915313], [17.2550916, 44.691564], [17.25502, 44.691604], [17.2549792, 44.6916658], [17.2550098, 44.6917312], [17.2550712, 44.691782], [17.2551376, 44.691822], [17.255204, 44.6918547], [17.2552654, 44.6919019], [17.2552552, 44.6919673], [17.2551989, 44.6920255], [17.2551632, 44.6920836], [17.2551836, 44.692149], [17.2552347, 44.6922035], [17.2552654, 44.6922653], [17.25525, 44.6930901], [17.2551478, 44.6935479], [17.2551887, 44.6936024], [17.2553983, 44.6937986], [17.2554085, 44.6940602], [17.2554238, 44.6941292], [17.2554596, 44.694191], [17.2555005, 44.6942455], [17.2555618, 44.6943109], [17.2556078, 44.6943654], [17.2556589, 44.6944235], [17.2556845, 44.6944853], [17.2556896, 44.6945543], [17.2556896, 44.6946197], [17.2556947, 44.6946815], [17.2557151, 44.6947396], [17.2557714, 44.6948668], [17.255802, 44.6949249], [17.2558736, 44.6950884], [17.2559094, 44.6951538], [17.2559349, 44.6952228], [17.2559605, 44.6952846], [17.255986, 44.6953427], [17.2560371, 44.6954009], [17.2560831, 44.6954626], [17.2562263, 44.6956152], [17.2562263, 44.6958114], [17.2562416, 44.6958768], [17.2562569, 44.6959531], [17.2562671, 44.6960803], [17.2562671, 44.6963564], [17.2562927, 44.6964145], [17.2563285, 44.6964726], [17.2563643, 44.696538], [17.256446, 44.696647], [17.2564971, 44.6967124], [17.2565636, 44.6967815], [17.2566147, 44.696836], [17.2566811, 44.6968941], [17.2567374, 44.6969413], [17.2568958, 44.6970975], [17.2569776, 44.6971557], [17.2570543, 44.697232], [17.2571002, 44.6973046], [17.2571462, 44.6973628], [17.2572178, 44.6973955], [17.2572945, 44.6974209], [17.2573711, 44.6974681], [17.2573814, 44.6975335], [17.2573558, 44.6975953], [17.2573047, 44.6976498], [17.2572587, 44.6977079], [17.2572536, 44.6977733], [17.2572996, 44.6978387], [17.2573507, 44.6978896], [17.2574069, 44.6979368], [17.2574836, 44.6979731], [17.25755, 44.6980204], [17.2575858, 44.6980749], [17.2576011, 44.6981402], [17.2576062, 44.6982093], [17.2576267, 44.698271], [17.2576522, 44.6983292], [17.257688, 44.6983946], [17.2577289, 44.6984527], [17.25778, 44.6985108], [17.2578311, 44.698558], [17.2578618, 44.6986125], [17.2578465, 44.6986779], [17.2577902, 44.6987324], [17.2577391, 44.6987869], [17.257688, 44.6988451], [17.2576522, 44.698925], [17.2577085, 44.6990267], [17.2577238, 44.6990921], [17.2576522, 44.6991466], [17.2575654, 44.699252], [17.25755, 44.699321], [17.25755, 44.6994191], [17.2575449, 44.6994845], [17.2574938, 44.6996007], [17.2574529, 44.6996589], [17.2574171, 44.6997242], [17.2574018, 44.699786], [17.2574018, 44.6998514], [17.257412, 44.6999241], [17.2574274, 44.6999858], [17.2574682, 44.7000512], [17.2575194, 44.7001021], [17.2575705, 44.7001602], [17.2575909, 44.700222], [17.2575654, 44.700291], [17.2575142, 44.7003418], [17.2574631, 44.7003963], [17.2574274, 44.7004581], [17.2574274, 44.7005998], [17.2574478, 44.7006688], [17.2574785, 44.7007342], [17.2575142, 44.7008723], [17.2575245, 44.7009376], [17.2575807, 44.7009885], [17.2576471, 44.7010357], [17.2576778, 44.7010975], [17.2576982, 44.7011592], [17.2576982, 44.7012864], [17.2576727, 44.7013482], [17.2576114, 44.7013954], [17.2575449, 44.7014353], [17.2574785, 44.7014862], [17.2574325, 44.7015371], [17.257412, 44.7015988], [17.2574274, 44.7016715], [17.2574529, 44.7017369], [17.2574785, 44.7018059], [17.2574989, 44.7018677], [17.2575091, 44.7019367], [17.2574887, 44.7020021], [17.2574785, 44.7020638], [17.2574836, 44.7021292], [17.2575347, 44.7023072], [17.25755, 44.702369], [17.2576011, 44.7024198], [17.257734, 44.7024925], [17.2577902, 44.7025397], [17.2578209, 44.7025942], [17.2578414, 44.702656], [17.2578516, 44.7027177], [17.2578669, 44.7027795], [17.2578669, 44.7029248], [17.2578567, 44.7029866], [17.2578414, 44.7030556], [17.2578414, 44.7031173], [17.2578311, 44.70319], [17.2578209, 44.7032554], [17.2578056, 44.7033244], [17.2577954, 44.7033898], [17.2578209, 44.7034516], [17.2578771, 44.7034988], [17.2579436, 44.703546], [17.2580049, 44.7035969], [17.2580407, 44.7036514], [17.258056, 44.7037204], [17.2580458, 44.7037821], [17.2580202, 44.7038511], [17.2580305, 44.7039129], [17.2580816, 44.7039601], [17.2581531, 44.7040074], [17.2582145, 44.7040546], [17.2582502, 44.7041091], [17.2582758, 44.7041672], [17.2583065, 44.704229], [17.2583422, 44.7042871], [17.2583934, 44.7043416], [17.2584496, 44.7043924], [17.2584751, 44.7044505], [17.2584751, 44.7045123], [17.2584649, 44.704654], [17.2584649, 44.7047157], [17.2584905, 44.7047775], [17.2585467, 44.704832], [17.2586029, 44.7048792], [17.2587307, 44.7049519], [17.2587665, 44.7050209], [17.2588073, 44.705079], [17.2588431, 44.7051371], [17.2588993, 44.7052025], [17.2589658, 44.7052461], [17.2590322, 44.7052824], [17.2590782, 44.7053478], [17.2590987, 44.7054132], [17.2591191, 44.7054749], [17.2591753, 44.7055331], [17.2592316, 44.7055803], [17.2592929, 44.705642], [17.2593491, 44.7056929], [17.2593951, 44.7057474], [17.2594309, 44.7058128], [17.2594411, 44.7058782], [17.2594411, 44.7060017], [17.259436, 44.7060634], [17.2594462, 44.7061252], [17.2594718, 44.7061942], [17.2595025, 44.7062523], [17.2595433, 44.7063068], [17.2595791, 44.7063613], [17.2596047, 44.7064231], [17.2596353, 44.7064884], [17.2596762, 44.7065429], [17.2597171, 44.7065938], [17.2597938, 44.7067354], [17.2598551, 44.7068008], [17.2599216, 44.7068735], [17.2600033, 44.7069425], [17.2600493, 44.706997], [17.2600902, 44.7070515], [17.260126, 44.7071096], [17.260172, 44.7071641], [17.2602487, 44.7072004], [17.2603253, 44.7072331], [17.2604327, 44.7072767], [17.2605093, 44.7073094], [17.2606116, 44.7073348], [17.2606882, 44.707353], [17.26077, 44.7073893], [17.2608927, 44.7074765], [17.2609591, 44.7075092], [17.2610409, 44.7075346], [17.2611022, 44.7075746], [17.2611329, 44.7076399], [17.2611533, 44.7077017], [17.2611891, 44.7077598], [17.2612453, 44.707807], [17.2613322, 44.7078361], [17.2614089, 44.7078688], [17.2615264, 44.7079596], [17.2616644, 44.7080504], [17.2617068, 44.7080953], [17.2615618, 44.7081816], [17.2614974, 44.7082191], [17.2614344, 44.7082502], [17.2612811, 44.7083156], [17.2611891, 44.7083519], [17.2611073, 44.7083773], [17.2610102, 44.7083991], [17.2609233, 44.7084173], [17.2608313, 44.7084354], [17.2607342, 44.70845], [17.2606422, 44.7084645], [17.2605451, 44.7084754], [17.2603407, 44.7084899], [17.2602385, 44.7084936], [17.2601465, 44.7085008], [17.2600493, 44.7085045], [17.2598705, 44.7085045], [17.2596916, 44.7084972], [17.2595945, 44.7084863], [17.2593849, 44.7084645], [17.2593031, 44.70845], [17.259206, 44.7084391], [17.2591242, 44.7084209], [17.2590322, 44.7084028], [17.2589402, 44.708381], [17.2588533, 44.7083628], [17.2587614, 44.7083519], [17.2586745, 44.7083483], [17.2585876, 44.7083483], [17.2584956, 44.7083519], [17.2584036, 44.7083592], [17.2584445, 44.7085081], [17.2584291, 44.7085698], [17.2584791, 44.7087885], [17.258562, 44.709151], [17.2585645, 44.709209], [17.2585722, 44.7093908], [17.2584189, 44.7096741], [17.2578311, 44.7097177], [17.2577749, 44.7098593], [17.2577647, 44.709932], [17.2577647, 44.7101354], [17.25778, 44.710208], [17.2578107, 44.7102771], [17.2578567, 44.7103279], [17.2579334, 44.710386], [17.2580765, 44.7104659], [17.2581174, 44.7105204], [17.2581327, 44.7105858], [17.2581276, 44.7106548], [17.2580969, 44.7107275], [17.258056, 44.7107892], [17.2580305, 44.710851], [17.2577545, 44.7115738], [17.2578414, 44.7121041], [17.2577136, 44.7123147], [17.2577034, 44.7123765], [17.2576982, 44.7124382], [17.2576982, 44.7125036], [17.2577187, 44.7125654], [17.2577442, 44.7126271], [17.2574631, 44.713063], [17.2572382, 44.7135388], [17.2570287, 44.7139783], [17.2570287, 44.7140582], [17.257044, 44.7141453], [17.2570849, 44.7141998], [17.2571667, 44.7142107], [17.2572485, 44.7142034], [17.2573302, 44.7142252], [17.2573814, 44.7142761], [17.2575551, 44.7146211], [17.257872, 44.7147809], [17.2577494, 44.7150207], [17.2587307, 44.7155328], [17.259068, 44.7161102], [17.2590833, 44.7166805], [17.2594156, 44.7169202], [17.2594002, 44.7172942], [17.2597733, 44.717879], [17.2597682, 44.7180279], [17.2601465, 44.7184237], [17.2614804, 44.7191392], [17.2616542, 44.7194479], [17.2622267, 44.719546], [17.2623749, 44.719782], [17.2626867, 44.7199019], [17.2631058, 44.7204103], [17.2631518, 44.7209841], [17.2632489, 44.7210458], [17.2632438, 44.7212238], [17.2633664, 44.7213037], [17.263484, 44.7216741], [17.2634687, 44.7218194], [17.2639542, 44.7226655], [17.2643222, 44.7228544], [17.2645522, 44.7232357], [17.2652013, 44.7238058], [17.2653086, 44.7240528], [17.2655233, 44.7241617], [17.265738, 44.7245394], [17.2660242, 44.7246011], [17.2662491, 44.7248371], [17.2664331, 44.7248626], [17.2665149, 44.7248844], [17.2665966, 44.7249098], [17.2666682, 44.7249461], [17.2667346, 44.7249933], [17.2667806, 44.725055], [17.2668164, 44.7251168], [17.2670362, 44.7258576], [17.2671282, 44.7259556], [17.2675115, 44.7260972], [17.2680482, 44.7266238], [17.2681095, 44.7266782], [17.2682015, 44.7267509], [17.2683344, 44.7268344], [17.268406, 44.7268743], [17.2684928, 44.7269215], [17.2685695, 44.7269578], [17.268636, 44.7269941], [17.2687228, 44.7270522], [17.268774, 44.7271031], [17.2688148, 44.7271539], [17.2688353, 44.7272157], [17.2688506, 44.7273028], [17.2688608, 44.7273682], [17.268866, 44.7274335], [17.2688813, 44.7274989], [17.2689784, 44.7276187], [17.2690091, 44.7276768], [17.2690602, 44.7277313], [17.2691062, 44.7277858], [17.2691368, 44.7278475], [17.2691573, 44.7279092], [17.2691522, 44.7279709], [17.2691113, 44.728029], [17.2690551, 44.7280871], [17.2689835, 44.7281271], [17.2689068, 44.7281598], [17.2688302, 44.7281961], [17.268774, 44.7282106], [17.2687331, 44.7282687], [17.2687228, 44.7283341], [17.2687433, 44.7283958], [17.2687944, 44.7284503], [17.2688762, 44.7284648], [17.2689631, 44.7284793], [17.2690397, 44.7285084], [17.2691011, 44.7285483], [17.2691573, 44.7285955], [17.2691982, 44.7286463], [17.2692595, 44.7287625], [17.2693975, 44.7291002], [17.2695611, 44.72926], [17.2695968, 44.7294888], [17.2697246, 44.7298228], [17.2698064, 44.7299318], [17.2698422, 44.7299935], [17.2698779, 44.7300588], [17.2698984, 44.7301206], [17.2699291, 44.7302513], [17.2699342, 44.7303167], [17.2699342, 44.7303784], [17.2699188, 44.7304437], [17.2698933, 44.7305127], [17.2698728, 44.7305745], [17.2698422, 44.7306434], [17.2698166, 44.7307088], [17.2698166, 44.7307742], [17.2698371, 44.7308504], [17.2698473, 44.7309194], [17.2698473, 44.7309848], [17.2698166, 44.7310501], [17.2697757, 44.7311082], [17.2697297, 44.7311591], [17.2696786, 44.7312353], [17.2696275, 44.7312898], [17.2695866, 44.7313479], [17.2695304, 44.7314386], [17.2695048, 44.7314967], [17.2694895, 44.7315621], [17.2694844, 44.731671], [17.2694997, 44.7317364], [17.2695304, 44.7317945], [17.2695662, 44.7318526], [17.2696428, 44.7319688], [17.2696684, 44.7320305], [17.2696837, 44.7320922], [17.2696735, 44.7321539], [17.2696377, 44.732212], [17.2694997, 44.7323101], [17.2694435, 44.7323609], [17.2694026, 44.732419], [17.2693719, 44.7324807], [17.2693668, 44.7325461], [17.2693873, 44.7326042], [17.2694282, 44.7326659], [17.2694742, 44.7327204], [17.2695253, 44.7327785], [17.2695713, 44.7328329], [17.2696122, 44.732891], [17.2696377, 44.7329491], [17.2696479, 44.7330762], [17.2696173, 44.7331415], [17.2695917, 44.7332033], [17.2695815, 44.733265], [17.2696122, 44.7333195], [17.2696735, 44.7333594], [17.2697399, 44.7334066], [17.2697502, 44.7334683], [17.2697553, 44.7335373], [17.2698064, 44.7335881], [17.2700262, 44.7339549], [17.2702459, 44.7340747], [17.2702919, 44.7342054], [17.2703226, 44.7342671], [17.2703635, 44.7343216], [17.2704146, 44.7343797], [17.2704759, 44.7344341], [17.2705373, 44.7344777], [17.2706139, 44.7345176], [17.2706906, 44.7345467], [17.2707775, 44.7345721], [17.2708899, 44.7345902], [17.270987, 44.7346048], [17.2710995, 44.7346157], [17.2713039, 44.7346229], [17.2713959, 44.7346302], [17.271493, 44.7346338], [17.2716719, 44.7346556], [17.2717588, 44.7346629], [17.2723364, 44.7345757], [17.2726584, 44.7347863], [17.2727197, 44.7348335], [17.2728015, 44.7348553], [17.2728935, 44.7348517], [17.2729599, 44.7348117], [17.2730213, 44.7347718], [17.2731593, 44.7347282], [17.273241, 44.7347391], [17.2733177, 44.7347718], [17.2733688, 44.734848], [17.273379, 44.7349097], [17.2736499, 44.7349061], [17.2737419, 44.7351167], [17.2739873, 44.7352111], [17.2740281, 44.7352946], [17.2742837, 44.7353164], [17.2745495, 44.7355161], [17.2746721, 44.7359953], [17.2745852, 44.736166], [17.274667, 44.736235], [17.2749379, 44.736333], [17.2751321, 44.7365871], [17.2752599, 44.7366089], [17.2758375, 44.7371971], [17.2759097, 44.7372382], [17.2759965, 44.7372946], [17.2761085, 44.7373383], [17.2762206, 44.7373691], [17.2763579, 44.7373999], [17.2765205, 44.7374384], [17.2766723, 44.7374718], [17.2767446, 44.7374923], [17.2767952, 44.7374949], [17.2768361, 44.7374913], [17.2768795, 44.7374913], [17.2769204, 44.7374949], [17.2769639, 44.7375076], [17.2770022, 44.7375276], [17.2770303, 44.7375512], [17.2770559, 44.7375766], [17.2770865, 44.7375984], [17.2771274, 44.7376129], [17.2771683, 44.7376183], [17.2772117, 44.7376129], [17.2772399, 44.7375893], [17.2772654, 44.737562], [17.2773063, 44.737553], [17.2773523, 44.737553], [17.2774852, 44.7375639], [17.2775261, 44.7375548], [17.2775644, 44.7375421], [17.2776002, 44.7375257], [17.277636, 44.737504], [17.2776666, 44.7374804], [17.2776922, 44.7374531], [17.2777075, 44.7374277], [17.2777101, 44.7373987], [17.277705, 44.737366], [17.2776896, 44.7373369], [17.2776692, 44.7373079], [17.2776513, 44.7372807], [17.2776462, 44.7372498], [17.2776487, 44.7372208], [17.2776692, 44.7371954], [17.2776845, 44.7371699], [17.2776999, 44.7371409], [17.277705, 44.73711], [17.277705, 44.7370774], [17.2776947, 44.7370465], [17.2776769, 44.7370156], [17.2776641, 44.7369811], [17.2776564, 44.7369503], [17.2776641, 44.7369194], [17.2776871, 44.736894], [17.2777203, 44.7368704], [17.2777586, 44.7368523], [17.2777995, 44.7368396], [17.2778404, 44.7368359], [17.2778864, 44.7368414], [17.2779222, 44.7368577], [17.2780091, 44.7369013], [17.2781164, 44.7369666], [17.2782212, 44.7370211], [17.2782416, 44.7370465], [17.2782416, 44.7370792], [17.2782493, 44.73711], [17.2782774, 44.7371373], [17.2783208, 44.7371482], [17.2783566, 44.7371627], [17.2783643, 44.7371954], [17.2783566, 44.737228], [17.278349, 44.7372589], [17.2783413, 44.7372916], [17.2783311, 44.7373569], [17.2783336, 44.7373878], [17.2783464, 44.7374223], [17.2783898, 44.7374822], [17.2784205, 44.737504], [17.2784588, 44.7375185], [17.2785151, 44.7375257], [17.2785611, 44.7375294], [17.2786045, 44.7375348], [17.278648, 44.7375403], [17.2786914, 44.7375512], [17.2787297, 44.7375639], [17.278763, 44.737582], [17.2787936, 44.7376038], [17.2788166, 44.7376292], [17.2788345, 44.7376601], [17.2788396, 44.7376909], [17.2788396, 44.7377218], [17.2788192, 44.7378579], [17.2788192, 44.7378906], [17.2788268, 44.7379233], [17.278878, 44.7379759], [17.2789086, 44.7379977], [17.2789495, 44.7380122], [17.2789878, 44.7380213], [17.2790287, 44.7380304], [17.2790671, 44.7380413], [17.2791054, 44.7380576], [17.2791361, 44.7380776], [17.2791616, 44.7381048], [17.2791846, 44.7381339], [17.2792051, 44.7381593], [17.2792562, 44.7382101], [17.2792894, 44.738241], [17.2793226, 44.7382627], [17.279361, 44.7382863], [17.2793942, 44.7383136], [17.2794274, 44.7383354], [17.279453, 44.7383608], [17.279476, 44.7383862], [17.2795092, 44.7384043], [17.2796165, 44.7384007], [17.2797085, 44.7385931], [17.2805096, 44.7386068], [17.2815577, 44.7385144], [17.2816191, 44.7385016], [17.2816914, 44.7384888], [17.2830358, 44.738268], [17.2838129, 44.7381037], [17.2843297, 44.7380087], [17.2843875, 44.7380061], [17.2848682, 44.7379573], [17.2849802, 44.7381961], [17.2849224, 44.7382269], [17.2850091, 44.7383142], [17.2850236, 44.7384502], [17.2849441, 44.7385555], [17.2849621, 44.7386813], [17.2851465, 44.738748], [17.2852079, 44.7387609], [17.2852693, 44.7388096], [17.2853272, 44.7388174], [17.2853814, 44.7387968], [17.2854464, 44.7387942], [17.285497, 44.7388122], [17.285544, 44.7388405], [17.2855765, 44.7388841], [17.2857861, 44.7391177], [17.2858186, 44.7392206], [17.2858186, 44.7392823], [17.2858032, 44.7393658], [17.2857675, 44.7394275], [17.2857061, 44.7394602], [17.2859208, 44.7394893], [17.2865086, 44.7399467], [17.2864881, 44.7400992], [17.2864881, 44.7401609], [17.2865188, 44.740219], [17.2865699, 44.7402807], [17.2866261, 44.7403352], [17.2866772, 44.740386], [17.2867181, 44.7404368], [17.2867334, 44.7404985], [17.2867641, 44.7405602], [17.2868459, 44.7405857], [17.2869277, 44.7405929], [17.2870043, 44.7406111], [17.287081, 44.7406365], [17.2872343, 44.7406946], [17.2872906, 44.7407381], [17.287311, 44.7407962], [17.2873366, 44.7408543], [17.2873672, 44.7409124], [17.287403, 44.7409705], [17.2874592, 44.741014], [17.287541, 44.7410358], [17.2877812, 44.7410467], [17.2878579, 44.7411338], [17.2879448, 44.7411484], [17.2881186, 44.7411484], [17.2882259, 44.7411738], [17.2882514, 44.7412319], [17.2882872, 44.7412863], [17.288369, 44.7413371], [17.288461, 44.7413444], [17.2885734, 44.7412754], [17.2886399, 44.7412065], [17.2887217, 44.7411883], [17.2888188, 44.741181], [17.2889977, 44.741181], [17.2890845, 44.7411956], [17.2891663, 44.741221], [17.289243, 44.7412645], [17.2892737, 44.7413517], [17.2892634, 44.741417], [17.2892839, 44.741486], [17.2893503, 44.7415296], [17.2895139, 44.741584], [17.2895905, 44.7416131], [17.2896672, 44.741653], [17.2898205, 44.7417074], [17.289887, 44.7417401], [17.2899228, 44.7418018], [17.2899841, 44.7418527], [17.2903419, 44.7420487], [17.2903572, 44.7421249], [17.2903674, 44.7421866], [17.2903674, 44.7422592], [17.2903521, 44.7423246], [17.290347, 44.7423899], [17.2903674, 44.7424553], [17.2904134, 44.7425097], [17.2904748, 44.7425533], [17.2905463, 44.7425932], [17.2906332, 44.7426078], [17.2907252, 44.7426078], [17.2907968, 44.7426332], [17.2908376, 44.742684], [17.2908223, 44.7427457], [17.2907456, 44.742782], [17.2906588, 44.7428183], [17.2905923, 44.7428619], [17.2905719, 44.7429272], [17.290623, 44.7429889], [17.2906792, 44.7430398], [17.2907252, 44.7430942], [17.2907559, 44.7431523], [17.2907508, 44.743214], [17.2907201, 44.7432794], [17.290669, 44.7433338], [17.2906332, 44.7433919], [17.2906588, 44.7434572], [17.290715, 44.7435081], [17.2907354, 44.7435661], [17.2907405, 44.7436932], [17.2907763, 44.7437585], [17.2909143, 44.7438348], [17.290991, 44.743882], [17.2910319, 44.7439582], [17.2910523, 44.7440199], [17.2911239, 44.7440671], [17.2911954, 44.7441034], [17.2912108, 44.7441688], [17.2912414, 44.7442305], [17.291313, 44.744274], [17.2913539, 44.7443285], [17.2913743, 44.7444555], [17.291451, 44.7444991], [17.2915379, 44.7445209], [17.2916299, 44.7445318], [17.2917219, 44.7445354], [17.2920336, 44.7446443], [17.2921052, 44.7446879], [17.2921819, 44.7447096], [17.2922687, 44.7447024], [17.2923505, 44.7446842], [17.2924323, 44.7446951], [17.2924987, 44.7447278], [17.2925703, 44.7447714], [17.2926316, 44.7448222], [17.2926674, 44.7448839], [17.292693, 44.7449456], [17.2927134, 44.7450073], [17.2927441, 44.745069], [17.2928054, 44.7451235], [17.2928923, 44.7451307], [17.2929792, 44.7451235], [17.2930559, 44.7450981], [17.2931274, 44.745069], [17.2932194, 44.7450836], [17.293291, 44.7451199], [17.2933472, 44.7451816], [17.2933932, 44.7452469], [17.293429, 44.7453014], [17.2934801, 44.7453594], [17.2935567, 44.7453776], [17.2936385, 44.7453776], [17.2937254, 44.745374], [17.293797, 44.7453522], [17.2938787, 44.7453631], [17.2939503, 44.7453994], [17.2940218, 44.7454393], [17.294165, 44.7455046], [17.2942518, 44.7455155], [17.2943438, 44.7455192], [17.294579, 44.7456063], [17.294671, 44.7456172], [17.2947578, 44.7456426], [17.2948703, 44.7456861], [17.2949316, 44.7457297], [17.294993, 44.7457769], [17.2950492, 44.7458277], [17.2950901, 44.7458931], [17.2951361, 44.7459511], [17.2953967, 44.7462016], [17.2956523, 44.7465937], [17.2960203, 44.7468732], [17.2961736, 44.7471128], [17.2968585, 44.7476464], [17.2975689, 44.7482344], [17.297758, 44.7481582], [17.2978603, 44.7482562], [17.2984889, 44.748238], [17.2990358, 44.7481763], [17.2991181, 44.7482097], [17.299205, 44.7482024], [17.2992408, 44.7482169], [17.2992842, 44.7482206], [17.2993277, 44.7482151], [17.2993634, 44.7482042], [17.2994094, 44.7482151], [17.2994452, 44.7482296], [17.2994759, 44.7482514], [17.2995142, 44.7482714], [17.2995781, 44.7483149], [17.2996164, 44.7483331], [17.2996599, 44.7483349], [17.2998055, 44.7483349], [17.2998541, 44.7483458], [17.2998899, 44.7483639], [17.2999231, 44.7483857], [17.2999435, 44.7484148], [17.2999563, 44.7484492], [17.2999742, 44.7484819], [17.3000049, 44.7485091], [17.3000432, 44.7485273], [17.3002068, 44.7485854], [17.30024, 44.7486035], [17.3002758, 44.7486253], [17.3003115, 44.7486434], [17.3003524, 44.7486543], [17.3003959, 44.7486598], [17.3004368, 44.7486707], [17.3004828, 44.7486852], [17.3005211, 44.7487015], [17.3005543, 44.7487215], [17.3005824, 44.7487469], [17.300608, 44.7487723], [17.3006412, 44.7487995], [17.3006693, 44.7488231], [17.3007051, 44.7488376], [17.300746, 44.7488485], [17.3007843, 44.7488594], [17.3008252, 44.7488685], [17.3008635, 44.748883], [17.3008942, 44.7489048], [17.3009146, 44.7489338], [17.3009479, 44.7489538], [17.3009811, 44.7489701], [17.3010348, 44.7489774], [17.3010756, 44.7489792], [17.3011191, 44.748981], [17.3011804, 44.7489828], [17.301206, 44.7490064], [17.3012341, 44.7490355], [17.3012571, 44.7490609], [17.3012954, 44.7490845], [17.3013363, 44.749099], [17.3013593, 44.7491244], [17.3013721, 44.7491553], [17.3013925, 44.7491825], [17.3014769, 44.7492641], [17.3014973, 44.7492968], [17.3015075, 44.7493259], [17.3015152, 44.7493603], [17.3015152, 44.7493948], [17.3015203, 44.7494311], [17.301551, 44.7494565], [17.3016455, 44.7494638], [17.3016864, 44.7494674], [17.3017196, 44.7494874], [17.3017375, 44.7495201], [17.3017554, 44.7495491], [17.3017886, 44.7495709], [17.3018244, 44.749589], [17.3018602, 44.7496181], [17.3018806, 44.7496453], [17.3019701, 44.7497977], [17.3019829, 44.7498304], [17.3019982, 44.7498594], [17.3020237, 44.7498957], [17.3020544, 44.7499248], [17.3020876, 44.7499502], [17.302126, 44.7499738], [17.3021899, 44.7500155], [17.3022256, 44.7500355], [17.3022384, 44.7501226], [17.3022563, 44.7501498], [17.3022742, 44.7501789], [17.3022895, 44.7502079], [17.3023074, 44.7502442], [17.3023227, 44.7502751], [17.3023355, 44.7503114], [17.3023483, 44.7503458], [17.3023713, 44.7503749], [17.3023994, 44.7503967], [17.302425, 44.7504221], [17.302448, 44.7504511], [17.3024684, 44.750482], [17.3024837, 44.7505128], [17.302494, 44.7505418], [17.3024914, 44.7507161], [17.3030076, 44.7508849], [17.3026984, 44.7511208], [17.302517, 44.7513531], [17.3023866, 44.7515981], [17.3021285, 44.7519012], [17.3020074, 44.7519889], [17.301946, 44.7520434], [17.3018131, 44.752047], [17.3017058, 44.752047], [17.3015474, 44.7520071], [17.3014298, 44.7519708], [17.3012867, 44.7519308], [17.3011691, 44.7518945], [17.3010618, 44.7518691], [17.3009698, 44.7518764], [17.300888, 44.7519054], [17.3008318, 44.7519599], [17.300796, 44.752018], [17.3007705, 44.7520797], [17.3007602, 44.7521414], [17.3007296, 44.7522648], [17.300704, 44.7523265], [17.300658, 44.7523809], [17.3006018, 44.7524354], [17.299876, 44.7528564], [17.2994774, 44.7529834], [17.2991247, 44.7530415], [17.2988436, 44.7530415], [17.2985165, 44.7529943], [17.2978929, 44.7528818], [17.2972438, 44.7526277], [17.2971621, 44.7526096], [17.2970752, 44.7525878], [17.2969883, 44.7525733], [17.2969014, 44.752566], [17.2968043, 44.752566], [17.2967174, 44.7525842], [17.2966561, 44.7526314], [17.2966561, 44.7526967], [17.2966765, 44.7527657], [17.2967123, 44.7528237], [17.2967429, 44.7528818], [17.2967838, 44.7529326], [17.2969883, 44.7532774], [17.2970138, 44.7534988], [17.2969116, 44.7537457], [17.2966663, 44.7539417], [17.2962574, 44.7541812], [17.2955367, 44.7542828], [17.2951994, 44.7544462], [17.2948927, 44.7545623], [17.2947905, 44.7546639], [17.2947292, 44.7547147], [17.2946423, 44.7547547], [17.2945656, 44.7547873], [17.2944685, 44.75482], [17.2943714, 44.754849], [17.2939165, 44.7549253], [17.2936201, 44.7550124], [17.2933543, 44.7551866], [17.2931601, 44.7554116], [17.2930476, 44.7558943], [17.2929454, 44.7561448], [17.2926592, 44.7563625], [17.2922196, 44.756573], [17.291637, 44.75674], [17.2913099, 44.7569033], [17.2912332, 44.7569541], [17.2911616, 44.7569904], [17.2910799, 44.7570376], [17.2909623, 44.7571428], [17.2909163, 44.7571937], [17.2908448, 44.7573098], [17.2905892, 44.7580175], [17.2904308, 44.7583006], [17.2905636, 44.7594257], [17.2905892, 44.76001], [17.2905688, 44.7600753], [17.2905432, 44.760137], [17.2905176, 44.7601987], [17.2904819, 44.7602531], [17.2904359, 44.7603039], [17.2903745, 44.7603584], [17.2903234, 44.7604092], [17.2902723, 44.7604672], [17.2902212, 44.7605181], [17.2895261, 44.7609608], [17.288969, 44.7612729], [17.2888821, 44.7613128], [17.2888003, 44.7613419], [17.2887185, 44.7613854], [17.2886623, 44.7614362], [17.2886112, 44.761487], [17.2885601, 44.7615378], [17.2885192, 44.7615923], [17.2884886, 44.761654], [17.2884732, 44.7617193], [17.2884732, 44.7618499], [17.288555, 44.7623108], [17.2885908, 44.7623653], [17.2886419, 44.7624161], [17.2887032, 44.7624705], [17.2887645, 44.7625141], [17.2890559, 44.7628153], [17.2890303, 44.7633995], [17.2889894, 44.7639402], [17.2888259, 44.764383], [17.288371, 44.7648148], [17.2880183, 44.765214], [17.2877934, 44.7656748], [17.2874663, 44.7662845], [17.2873181, 44.7667599], [17.287313, 44.7669558], [17.2873232, 44.7670211], [17.2873334, 44.7670828], [17.2873386, 44.7671481], [17.2873692, 44.7672134], [17.2874254, 44.7672679], [17.2875021, 44.7673042], [17.2875788, 44.7673296], [17.2876606, 44.7673586], [17.2877474, 44.7673804], [17.2880132, 44.7675219], [17.2881257, 44.7676126], [17.2881972, 44.7676525], [17.2882637, 44.7676961], [17.2883403, 44.7677324], [17.2884221, 44.7677505], [17.288509, 44.767765], [17.288601, 44.7677759], [17.2886879, 44.7677868], [17.2887697, 44.7678013], [17.288877, 44.7678194], [17.2890712, 44.7678557], [17.289153, 44.7678666], [17.2893319, 44.7679065], [17.2894137, 44.7679356], [17.2894852, 44.7679682], [17.2895363, 44.768019], [17.2895823, 44.7680735], [17.2896385, 44.7681642], [17.2896437, 44.7682331], [17.2896437, 44.7683746], [17.2896385, 44.7684363], [17.2895977, 44.7685669], [17.2895721, 44.7686286], [17.2895517, 44.768694], [17.2895312, 44.7687629], [17.2895261, 44.7688282], [17.2895517, 44.7688935], [17.2895925, 44.768948], [17.2896488, 44.7689988], [17.2897765, 44.7690931], [17.289843, 44.7691294], [17.290257, 44.7695467], [17.2905279, 44.769837], [17.2905432, 44.7699059], [17.2905636, 44.7699676], [17.2905943, 44.7700329], [17.2906045, 44.7700982], [17.2906148, 44.7701599], [17.2906148, 44.7702978], [17.290625, 44.7704139], [17.2906454, 44.7704792], [17.2906761, 44.7705445], [17.2907681, 44.7706606], [17.2908499, 44.7707405], [17.290901, 44.7707949], [17.2909674, 44.7708602], [17.2910185, 44.7709146], [17.2910696, 44.7709654], [17.2911156, 44.7710162], [17.2911565, 44.771067], [17.2912025, 44.7711178], [17.2912383, 44.7711795], [17.291269, 44.7712339], [17.2912792, 44.7712993], [17.2912792, 44.7713609], [17.2912536, 44.7714226], [17.2912076, 44.7714843], [17.2911514, 44.7715351], [17.2910901, 44.7715968], [17.2910339, 44.7716512], [17.290993, 44.7717056], [17.2909368, 44.7717564], [17.2908908, 44.7718145], [17.2904461, 44.7723188], [17.2904256, 44.7726164], [17.2904359, 44.7726817], [17.2905585, 44.7733094], [17.2905841, 44.7733711], [17.290625, 44.7734328], [17.2906761, 44.7734799], [17.2907323, 44.7735344], [17.2907834, 44.7735888], [17.290809, 44.7736468], [17.2908141, 44.7737085], [17.2908039, 44.7737811], [17.2907783, 44.7738428], [17.2907425, 44.7739008], [17.2906914, 44.7739589], [17.2906403, 44.7740133], [17.2905739, 44.7740713], [17.2905125, 44.7741294], [17.2904614, 44.7741874], [17.2904154, 44.7742419], [17.290395, 44.7743072], [17.2904001, 44.7743725], [17.2904001, 44.7747462], [17.2904052, 44.7748079], [17.2904052, 44.7748804], [17.2904205, 44.7749458], [17.2904205, 44.7750764], [17.2904256, 44.7751381], [17.2904256, 44.7752034], [17.2904205, 44.775265], [17.2904103, 44.7753304], [17.2904001, 44.775392], [17.2903899, 44.775461], [17.2903848, 44.7755226], [17.2903848, 44.7755952], [17.290395, 44.7756641], [17.2904205, 44.7757295], [17.2904614, 44.7757839], [17.2905228, 44.7758274], [17.2906045, 44.7758564], [17.2907016, 44.7758637], [17.2907988, 44.7758637], [17.2908908, 44.7758528], [17.2910543, 44.7758165], [17.2911412, 44.7757984], [17.291223, 44.7757802], [17.2913048, 44.7757657], [17.2913865, 44.7757476], [17.2914734, 44.7757367], [17.2915603, 44.7757295], [17.2916523, 44.7757295], [17.2917443, 44.7757331], [17.2918312, 44.7757512], [17.291913, 44.7757766], [17.2919794, 44.7758165], [17.2920356, 44.7758637], [17.2920867, 44.7759181], [17.2921276, 44.7759725], [17.292143, 44.7760378], [17.2921481, 44.7760995], [17.2921481, 44.7761612], [17.2921379, 44.7762229], [17.2921174, 44.7762991], [17.2920867, 44.7763571], [17.2920561, 44.7764152], [17.2920152, 44.7764696], [17.2919488, 44.7765313], [17.2918874, 44.776593], [17.2905585, 44.7777431], [17.2902825, 44.7778918], [17.2902212, 44.7779426], [17.2901548, 44.7779825], [17.2900832, 44.7780152], [17.2900065, 44.7780623], [17.2899401, 44.7781095], [17.289889, 44.7781639], [17.2898634, 44.7782292], [17.2898583, 44.7782909], [17.2898583, 44.7784796], [17.2898328, 44.7786102], [17.2896283, 44.7787408], [17.2895159, 44.778846], [17.2894545, 44.7788932], [17.2892654, 44.7790709], [17.2892297, 44.7791253], [17.2891785, 44.7791798], [17.2891172, 44.7792306], [17.2889332, 44.7792813], [17.2888361, 44.7793067], [17.2887594, 44.7793321], [17.2886777, 44.7793648], [17.2886061, 44.7794228], [17.2885499, 44.7794881], [17.2884988, 44.7795426], [17.2884374, 44.7795897], [17.2883557, 44.7796296], [17.288279, 44.779655], [17.2882074, 44.7796913], [17.2881359, 44.7797421], [17.2880848, 44.7797965], [17.2880337, 44.7798546], [17.2879877, 44.779909], [17.2879417, 44.7799707], [17.287911, 44.7800287], [17.2879161, 44.780094], [17.2879417, 44.7801557], [17.2879672, 44.7802174], [17.2880081, 44.7802754], [17.2880592, 44.7803298], [17.2881001, 44.7803842], [17.2887288, 44.7812549], [17.2887748, 44.781313], [17.2888003, 44.7813747], [17.2888208, 44.78144], [17.2888208, 44.7815089], [17.2888105, 44.7815742], [17.2887645, 44.7816322], [17.2887032, 44.7816794], [17.2886368, 44.7817193], [17.2885499, 44.7817483], [17.2884681, 44.7817737], [17.2883659, 44.7817882], [17.288279, 44.7817991], [17.288187, 44.78181], [17.2877219, 44.7818644], [17.287635, 44.7818753], [17.2875481, 44.7818971], [17.2874663, 44.7819261], [17.2873846, 44.7819587], [17.2873079, 44.781995], [17.2872414, 44.7820385], [17.2864135, 44.7827278], [17.2863572, 44.7827786], [17.2862908, 44.7828185], [17.2862039, 44.7828584], [17.286117, 44.7828838], [17.2860352, 44.7829056], [17.2859586, 44.7829346], [17.2858921, 44.7829745], [17.285841, 44.7830289], [17.2857899, 44.783087], [17.2853606, 44.7835441], [17.285289, 44.783584], [17.2852021, 44.7836057], [17.285105, 44.7836311], [17.2850028, 44.7836565], [17.2849159, 44.7836783], [17.2848444, 44.7837218], [17.2847932, 44.7837762], [17.2847626, 44.7838415], [17.2847472, 44.7839032], [17.284737, 44.7839649], [17.2847319, 44.7840265], [17.2847115, 44.7840955], [17.2846808, 44.7841571], [17.2846348, 44.7842152], [17.2843588, 44.7844691], [17.2842464, 44.7845163], [17.2841646, 44.7845453], [17.2840828, 44.7845852], [17.2840215, 44.7846287], [17.2839857, 44.7846868], [17.2839346, 44.7847376], [17.2838579, 44.7847738], [17.2837608, 44.7847811], [17.2836739, 44.784792], [17.283587, 44.7848065], [17.2835001, 44.7848391], [17.2834286, 44.7848863], [17.2833775, 44.7849407], [17.2833161, 44.7849951], [17.2832344, 44.7850241], [17.2830146, 44.7851221], [17.2827202, 44.7852452], [17.2823839, 44.7854584], [17.2822027, 44.7855512], [17.2820576, 44.7856237], [17.2819541, 44.7856879], [17.2818276, 44.7857859], [17.2817126, 44.7858961], [17.2815171, 44.7861542], [17.2814409, 44.7862491], [17.2813633, 44.7863348], [17.2812744, 44.7864125], [17.2812295, 44.786427], [17.2811771, 44.7864461], [17.2811395, 44.7864652], [17.2811095, 44.7864894], [17.2810791, 44.7865204], [17.2810395, 44.7865909], [17.281013, 44.7866223], [17.2810008, 44.7866374], [17.2809673, 44.7866627], [17.2809307, 44.7866876], [17.2808924, 44.786707], [17.2804499, 44.7868031], [17.279318, 44.7872728], [17.2781602, 44.7875353], [17.2769029, 44.7876296], [17.2763509, 44.7878037], [17.2759625, 44.7880721], [17.2756251, 44.7881809], [17.275114, 44.7881882], [17.2747358, 44.7882607], [17.2738771, 44.78858], [17.2728345, 44.7888774], [17.2714545, 44.7892184], [17.2708003, 44.7894433], [17.2695941, 44.7896972], [17.2691443, 44.7897262], [17.2688683, 44.7897262], [17.2683265, 44.7897842], [17.2681297, 44.7897661], [17.2678691, 44.7897189], [17.267657, 44.7896355], [17.2675956, 44.7896192], [17.2675241, 44.7896319], [17.267473, 44.789699], [17.2673682, 44.7898332], [17.26699, 44.7901615], [17.2667906, 44.7904353], [17.2666526, 44.7908597], [17.2664278, 44.7911934], [17.2659984, 44.7916323], [17.2655486, 44.7918862], [17.2652062, 44.7921764], [17.2649609, 44.7924194], [17.2648178, 44.7926552], [17.2646798, 44.7930904], [17.264644, 44.7935112], [17.2646389, 44.7940951], [17.2646311, 44.794239], [17.2646798, 44.7943962], [17.264828, 44.7947879], [17.2648995, 44.7950382], [17.2648842, 44.7952993], [17.2647513, 44.7957889], [17.264644, 44.7961009], [17.2644038, 44.7966268], [17.2641022, 44.7969894], [17.2638415, 44.7971563], [17.2635553, 44.7973449], [17.263402, 44.7974863], [17.2633202, 44.7977003], [17.2633202, 44.7978345], [17.2633816, 44.7980013], [17.2634787, 44.7981537], [17.2636013, 44.7982081], [17.263816, 44.7982371], [17.2642147, 44.7983386], [17.2648893, 44.7986759], [17.2653289, 44.7988971], [17.26561, 44.7991583], [17.2657071, 44.7993614], [17.2657838, 44.7996044], [17.2658093, 44.7998328], [17.2657786, 44.8001302], [17.2657915, 44.8003106], [17.2658621, 44.8003469], [17.2658553, 44.8003587], [17.265932, 44.8003877], [17.2660189, 44.8004022], [17.2667038, 44.8006234], [17.2669644, 44.8007685], [17.2671331, 44.8010079], [17.2673171, 44.8013451], [17.2673375, 44.8017985], [17.2672915, 44.802502], [17.2672915, 44.8026289], [17.2673069, 44.8026978], [17.2673375, 44.8027667], [17.2673835, 44.8028248], [17.2673375, 44.8029191], [17.2672208, 44.8031639], [17.2672966, 44.8039961], [17.2672506, 44.8043152], [17.2672353, 44.8043769], [17.2672251, 44.8044458], [17.2671995, 44.8045074], [17.2671842, 44.8045691], [17.2671535, 44.804638], [17.2670104, 44.8049245], [17.2668366, 44.8053016], [17.2667242, 44.8057295], [17.2665453, 44.8060486], [17.2661963, 44.8063412], [17.2658011, 44.8065698], [17.2653686, 44.806753], [17.2650427, 44.8069262], [17.2647769, 44.8071945], [17.2644804, 44.8075354], [17.2639744, 44.8080177], [17.2637291, 44.8081808], [17.2634038, 44.8084153], [17.263134, 44.808615], [17.2625727, 44.809034], [17.2621384, 44.8093709], [17.2619489, 44.8096852], [17.2618069, 44.8099105], [17.2617507, 44.8101419], [17.2614928, 44.8106222], [17.2613136, 44.8109364], [17.2611485, 44.8111677], [17.2609016, 44.811438], [17.2606096, 44.8116496], [17.2604187, 44.8119399], [17.2599882, 44.8126132], [17.2598851, 44.8128737], [17.2596785, 44.8131454], [17.2594647, 44.8133684], [17.2593068, 44.8133241], [17.2592227, 44.8133198], [17.2591158, 44.8133277], [17.2590172, 44.8133937], [17.2589126, 44.8134865], [17.2587785, 44.8136188], [17.2586116, 44.8138205], [17.2585118, 44.8138992], [17.2583751, 44.8139582], [17.258119, 44.8140549], [17.2576578, 44.814251], [17.2575425, 44.8143343], [17.257419, 44.8144907], [17.2572722, 44.8147633], [17.2572285, 44.8148688], [17.2572081, 44.814971], [17.2572132, 44.8150801], [17.257318, 44.8153024], [17.2573922, 44.815489], [17.2574041, 44.8156526], [17.2574302, 44.815775], [17.2574617, 44.8158426], [17.2575096, 44.8159085], [17.2576551, 44.8160218], [17.2577236, 44.816089], [17.2581639, 44.8163944], [17.2583061, 44.8165476], [17.2583496, 44.816635], [17.2583745, 44.8167324], [17.2583663, 44.8168528], [17.2583372, 44.8169486], [17.2581836, 44.817202], [17.2578718, 44.8174812], [17.2577236, 44.8176117], [17.2575549, 44.8179924], [17.2574476, 44.8183006], [17.2574374, 44.8185362], [17.2575243, 44.8188408], [17.2576776, 44.8191381], [17.2581171, 44.8194716], [17.2581688, 44.819509], [17.2581712, 44.8195031], [17.2586334, 44.819845], [17.2587765, 44.8200589], [17.2589298, 44.8204432], [17.2591445, 44.8208202], [17.2593949, 44.8211139], [17.2597169, 44.8213713], [17.2601667, 44.8216686], [17.2605207, 44.8218904], [17.2606094, 44.821946], [17.2609998, 44.8221906], [17.2615395, 44.822489], [17.2616858, 44.822536], [17.2618453, 44.8225799], [17.2621489, 44.8226276], [17.2622894, 44.8226474], [17.2623689, 44.8226857], [17.262508, 44.8227549], [17.2625793, 44.8227904], [17.2627196, 44.8228709], [17.2628823, 44.8229649], [17.2630182, 44.8230533], [17.2631143, 44.8230983], [17.2630851, 44.8231332], [17.2629982, 44.8231513], [17.2629062, 44.8231549], [17.2626628, 44.8231909], [17.2624445, 44.8231976], [17.2622056, 44.8232169], [17.2615869, 44.8232611], [17.2612677, 44.8232779], [17.2597753, 44.8232799], [17.2589298, 44.8232709], [17.258066, 44.8233906], [17.2576623, 44.8236262], [17.2571103, 44.8239344], [17.2556843, 44.8247355], [17.2552294, 44.8250291], [17.2546927, 44.8255874], [17.2542072, 44.826171], [17.2541714, 44.826229], [17.2541049, 44.8262762], [17.2540334, 44.826316], [17.2539567, 44.8263487], [17.2538801, 44.826374], [17.2537983, 44.8263958], [17.2537114, 44.8264212], [17.2536296, 44.8264393], [17.2535376, 44.826461], [17.2534558, 44.8264828], [17.2533792, 44.826519], [17.2533229, 44.8265734], [17.2532923, 44.826635], [17.2532718, 44.8267039], [17.2532412, 44.8268344], [17.2532309, 44.8268997], [17.2532514, 44.8269649], [17.2533025, 44.8270157], [17.2533587, 44.8270664], [17.2534354, 44.8271897], [17.2534354, 44.827273], [17.2534201, 44.8273347], [17.2533843, 44.8273927], [17.2533332, 44.827447], [17.2532872, 44.8274978], [17.2532361, 44.8275485], [17.2527403, 44.8281394], [17.2523825, 44.8284294], [17.2523212, 44.8284801], [17.2521627, 44.8285599], [17.251943, 44.8287447], [17.2518918, 44.8288752], [17.251897, 44.8289405], [17.2519276, 44.8290021], [17.2519634, 44.829071], [17.2520145, 44.8291254], [17.2522547, 44.8294371], [17.2523518, 44.8296655], [17.2526074, 44.8301186], [17.2527147, 44.8305934], [17.2522905, 44.8309631], [17.2520503, 44.8315177], [17.2520401, 44.8315793], [17.252035, 44.8316518], [17.252035, 44.8317859], [17.2520554, 44.8319128], [17.2520605, 44.831978], [17.2520605, 44.8321919], [17.2519532, 44.8325181], [17.2520861, 44.8327465], [17.2519327, 44.8328334], [17.2518663, 44.8328842], [17.2518101, 44.8329386], [17.2517641, 44.8329966], [17.2517334, 44.8330545], [17.251713, 44.8331198], [17.2516874, 44.833185], [17.2515801, 44.834102], [17.251575, 44.8341673], [17.251529, 44.8342253], [17.2513859, 44.8343268], [17.2513245, 44.8343739], [17.2512836, 44.8344391], [17.2512734, 44.8345007], [17.2512734, 44.834566], [17.2512836, 44.8346385], [17.2513041, 44.8347001], [17.2513399, 44.8347617], [17.2516312, 44.8356896], [17.2516516, 44.8360556], [17.2515392, 44.8365667], [17.2513143, 44.8369291], [17.2512376, 44.8370016], [17.2515085, 44.8372227], [17.2508083, 44.8374836], [17.2507163, 44.8374945], [17.250563, 44.8374981], [17.250379, 44.8375054], [17.2501796, 44.8375018], [17.2500774, 44.8374981], [17.2499445, 44.83748], [17.2498627, 44.8374619], [17.2497759, 44.8374401], [17.2496941, 44.837422], [17.2496072, 44.8374039], [17.249321, 44.8374039], [17.2492341, 44.8374148], [17.249137, 44.8374365], [17.249045, 44.8374583], [17.2489683, 44.8374873], [17.2488916, 44.8375199], [17.248815, 44.8375489], [17.2487179, 44.8375706], [17.2486259, 44.8375815], [17.2485236, 44.8375851], [17.2484316, 44.8375887], [17.2483448, 44.8375887], [17.2482579, 44.8375924], [17.2481608, 44.8376069], [17.2480739, 44.8376359], [17.2479921, 44.8376685], [17.2479154, 44.8376938], [17.2478337, 44.8377228], [17.2477846, 44.8377391], [17.247757, 44.8377482], [17.247665, 44.8377627], [17.2475679, 44.83777], [17.2471948, 44.8378026], [17.2466172, 44.8379077], [17.2461674, 44.8381614], [17.2456819, 44.838647], [17.2455286, 44.8389841], [17.2453752, 44.8396691], [17.2452832, 44.8401764], [17.2452372, 44.8405932], [17.2454774, 44.8410498], [17.245549, 44.8412021], [17.2455541, 44.841318], [17.2454366, 44.8415137], [17.2451861, 44.8418435], [17.2449561, 44.8421153], [17.2448181, 44.842224], [17.2447619, 44.8431264], [17.2447183, 44.8431799], [17.2447057, 44.8431953], [17.2443095, 44.8446043], [17.2429719, 44.8445296], [17.2415591, 44.8443653], [17.2401464, 44.8441164], [17.238766, 44.8436837], [17.2377188, 44.8433221], [17.2355039, 44.8425209], [17.2335589, 44.8419315], [17.2315325, 44.8412952], [17.2305528, 44.8409854], [17.2295361, 44.8406639], [17.229005, 44.8404662], [17.2284576, 44.8408723], [17.2263416, 44.8420428], [17.2262853, 44.8420936], [17.2262445, 44.8421516], [17.2262291, 44.8422168], [17.226213, 44.8422856], [17.2261711, 44.8423787], [17.2261557, 44.8424073], [17.2261167, 44.8424632], [17.2260553, 44.8425176], [17.2259889, 44.8425611], [17.2246705, 44.8432494], [17.2244965, 44.8433402], [17.2239956, 44.843641], [17.2177703, 44.8468807], [17.2129933, 44.8493932], [17.213111, 44.849804], [17.2133906, 44.8497246], [17.213541, 44.8496962], [17.2138836, 44.8500667], [17.2142488, 44.8505478], [17.2155061, 44.8504971], [17.2162983, 44.8533596], [17.2170343, 44.8534828], [17.2169934, 44.8544357], [17.2170803, 44.8551168], [17.2171876, 44.8554792], [17.2162421, 44.8555226], [17.2135588, 44.8554248], [17.2138041, 44.8555516], [17.2133799, 44.8558705], [17.2133134, 44.8559176], [17.2132674, 44.8559719], [17.2132214, 44.8560299], [17.2131754, 44.856077], [17.2131243, 44.856077], [17.213017, 44.8560842], [17.2129301, 44.856106], [17.2128739, 44.8561603], [17.2127921, 44.8561857], [17.2127154, 44.8562147], [17.2126337, 44.85624], [17.212557, 44.8562763], [17.2124854, 44.8563161], [17.2124445, 44.8563705], [17.2124701, 44.8564321], [17.2126132, 44.8565045], [17.2126643, 44.8565625], [17.2135945, 44.8588088], [17.2123219, 44.8590262], [17.2117546, 44.8592109], [17.2116728, 44.8592508], [17.2115757, 44.8592798], [17.211499, 44.8593087], [17.2114121, 44.8593305], [17.2113201, 44.8593413], [17.2112281, 44.859345], [17.2111412, 44.8593377], [17.2104308, 44.8593486], [17.2100117, 44.8594247], [17.2096488, 44.8594537], [17.2090763, 44.859479], [17.2077781, 44.8596058], [17.2076912, 44.8596094], [17.2076044, 44.8596276], [17.2075072, 44.8596457], [17.2074152, 44.859671], [17.2073386, 44.8597036], [17.207267, 44.8597399], [17.2067457, 44.8601384], [17.2061273, 44.8606601], [17.2056621, 44.8609608], [17.2050233, 44.8615839], [17.2046604, 44.8620512], [17.2043026, 44.8624932], [17.2042566, 44.8625476], [17.2038222, 44.8628627], [17.2033008, 44.8632395], [17.2032395, 44.8632938], [17.2031628, 44.8633337], [17.2030913, 44.8633772], [17.2031526, 44.8634605], [17.2031935, 44.8635148], [17.2032344, 44.8635728], [17.2032344, 44.8636996], [17.2032548, 44.8637648], [17.2029686, 44.8638952], [17.2029431, 44.864272], [17.2028102, 44.8645654], [17.2025751, 44.864848], [17.2025035, 44.8648878], [17.2024268, 44.8649204], [17.2023399, 44.8649421], [17.2022633, 44.8649856], [17.2022173, 44.8650399], [17.2018339, 44.8657645], [17.2016755, 44.8660434], [17.2015733, 44.8660217], [17.2015733, 44.8663042], [17.2015835, 44.8663658], [17.2016551, 44.8664853], [17.2016857, 44.8665397], [17.2017062, 44.8666013], [17.2017062, 44.8666628], [17.2017113, 44.8667317], [17.2017266, 44.8670613], [17.2017726, 44.8671193], [17.2018493, 44.8672424], [17.2018902, 44.8673004], [17.2019362, 44.8673584], [17.2019771, 44.8674163], [17.2020128, 44.8674706], [17.2020231, 44.8675359], [17.2020026, 44.8675974], [17.2019719, 44.8676626], [17.2019362, 44.8677242], [17.2019004, 44.8677822], [17.2019004, 44.8678474], [17.2018953, 44.867909], [17.2018697, 44.8679669], [17.2018135, 44.868014], [17.2026875, 44.8683038], [17.2030351, 44.8686986], [17.2030811, 44.8688399], [17.2034082, 44.8690174], [17.2036995, 44.8694919], [17.2037813, 44.8698505], [17.2036535, 44.8699918], [17.2035768, 44.8702997], [17.2035155, 44.8704084], [17.2035257, 44.8706076], [17.2035155, 44.8706728], [17.2034797, 44.8707271], [17.2034184, 44.8707778], [17.2033417, 44.8708358], [17.2032651, 44.870872], [17.2032191, 44.8710495], [17.2030351, 44.8711835], [17.2030248, 44.8712451], [17.2030555, 44.8713031], [17.2030913, 44.8713574], [17.2030453, 44.8714153], [17.2029788, 44.8714552], [17.2029175, 44.8715023], [17.2028562, 44.8715566], [17.2027999, 44.8716146], [17.2027437, 44.8716653], [17.2026926, 44.8717232], [17.2026517, 44.8717884], [17.2026108, 44.8718464], [17.2024677, 44.8719333], [17.2022326, 44.8722122], [17.2020026, 44.8726469], [17.2019515, 44.8729149], [17.2019719, 44.8729765], [17.2019873, 44.8730417], [17.2019771, 44.8731069], [17.2019464, 44.8731721], [17.2019515, 44.8732336], [17.2020077, 44.8732771], [17.2020793, 44.8733097], [17.2021202, 44.8733713], [17.2021253, 44.8734365], [17.2020997, 44.8734981], [17.2020639, 44.8735633], [17.2020231, 44.8736284], [17.2020179, 44.8737009], [17.2020384, 44.8737697], [17.2020793, 44.8738277], [17.2021253, 44.873882], [17.2022837, 44.8740377], [17.2023297, 44.8740884], [17.2023553, 44.8741536], [17.2023706, 44.8742152], [17.2024779, 44.8743746], [17.2025086, 44.8744977], [17.2025086, 44.8746281], [17.2025495, 44.8746861], [17.2025904, 44.8747404], [17.2026262, 44.8747984], [17.2024422, 44.8751895], [17.2031935, 44.8755372], [17.2023246, 44.8759284], [17.2017113, 44.876287], [17.2011797, 44.8764898], [17.2009191, 44.8766492], [17.2006175, 44.8769244], [17.200178, 44.8773518], [17.199948, 44.8776488], [17.1998151, 44.8778914], [17.199902, 44.8779132], [17.2000144, 44.8780761], [17.2001115, 44.8785759], [17.2001217, 44.8786375], [17.2001473, 44.8787027], [17.2002035, 44.878757], [17.20027, 44.8788005], [17.2003466, 44.8788331], [17.2004284, 44.8788548], [17.2005102, 44.8788802], [17.2005817, 44.8789164], [17.2006533, 44.878949], [17.2007248, 44.8789852], [17.2007708, 44.8790359], [17.2008066, 44.8790902], [17.2008373, 44.879217], [17.2008373, 44.8793546], [17.2008117, 44.8794234], [17.2007708, 44.8794814], [17.2007248, 44.8795357], [17.2006737, 44.87959], [17.2006175, 44.8796443], [17.200546, 44.8796878], [17.2004693, 44.8797276], [17.2003875, 44.8797494], [17.2003006, 44.8797675], [17.2002188, 44.8797856], [17.2001166, 44.8797965], [17.1999429, 44.8798109], [17.199856, 44.8798109], [17.1997537, 44.8798182], [17.1996617, 44.8798327], [17.1995646, 44.8798435], [17.1994726, 44.8798616], [17.1993909, 44.8798797], [17.1992529, 44.8799305], [17.1991711, 44.8799703], [17.199074, 44.8800282], [17.1989513, 44.880126], [17.1990331, 44.8801731], [17.1990382, 44.880318], [17.1990535, 44.8803795], [17.1990995, 44.8804375], [17.1991506, 44.8804846], [17.1992171, 44.880528], [17.199304, 44.8805642], [17.1993653, 44.8806077], [17.1994215, 44.8806584], [17.199442, 44.8807272], [17.199442, 44.8808648], [17.199488, 44.8809192], [17.1995391, 44.8809735], [17.1995953, 44.8810242], [17.1996362, 44.8810749], [17.1996822, 44.8811256], [17.1997282, 44.8811799], [17.19981, 44.8812125], [17.1998969, 44.8812197], [17.1999837, 44.8812379], [17.2000604, 44.8812704], [17.2001268, 44.881303], [17.2001984, 44.8813429], [17.2002086, 44.8814044], [17.2002444, 44.8814696], [17.2003313, 44.8815131], [17.2004131, 44.8815638], [17.2004693, 44.8816072], [17.2005255, 44.881658], [17.2005817, 44.8817195], [17.2006226, 44.8817775], [17.2006533, 44.8818354], [17.2006788, 44.881897], [17.2007044, 44.8819694], [17.2007197, 44.8820382], [17.2007351, 44.8820998], [17.2007708, 44.8821577], [17.2008322, 44.882212], [17.2008986, 44.8822519], [17.2008322, 44.8827263], [17.2001064, 44.8828712], [17.1999786, 44.8830341], [17.1999377, 44.8830921], [17.1998611, 44.8831971], [17.1997997, 44.8832478], [17.199718, 44.8833021], [17.1995902, 44.8833564], [17.1995084, 44.8833818], [17.1994317, 44.8834071], [17.1993551, 44.8834433], [17.1992375, 44.8835484], [17.199166, 44.8835882], [17.1990791, 44.8836063], [17.1989871, 44.8836135], [17.1988031, 44.8836135], [17.198706, 44.8836317], [17.1986089, 44.8836498], [17.1985169, 44.8836498], [17.198706, 44.8837874], [17.1987724, 44.8838272], [17.1988542, 44.8838526], [17.1989513, 44.8838743], [17.1990331, 44.8838852], [17.1991097, 44.8839033], [17.1991813, 44.8840264], [17.1997333, 44.8839902], [17.2003977, 44.8838996], [17.2009548, 44.8836968], [17.2008066, 44.884776], [17.2005971, 44.8847724], [17.2005408, 44.8847362], [17.2004437, 44.8847217], [17.2003364, 44.8847144], [17.2001473, 44.8847144], [17.20004, 44.8847217], [17.1999326, 44.8847326], [17.1998406, 44.884747], [17.1997333, 44.8847688], [17.1996515, 44.8847977], [17.1995749, 44.8848303], [17.1994931, 44.8848738], [17.1994164, 44.8849172], [17.19935, 44.8849571], [17.1989513, 44.8852359], [17.1988389, 44.8853482], [17.198706, 44.8854677], [17.1986446, 44.8855256], [17.198614, 44.8855872], [17.1986089, 44.8856596], [17.1986089, 44.8857393], [17.198614, 44.8858153], [17.1986242, 44.8858769], [17.1986242, 44.8860688], [17.1985986, 44.886134], [17.1985577, 44.8861992], [17.1985015, 44.8862607], [17.1984453, 44.8863078], [17.1983022, 44.8864056], [17.1982409, 44.8864527], [17.1981898, 44.8865106], [17.1981642, 44.8865685], [17.1981284, 44.8866265], [17.1980722, 44.8866736], [17.1980058, 44.886717], [17.1979444, 44.8867641], [17.1979035, 44.886822], [17.1978933, 44.8868836], [17.1978933, 44.8871335], [17.1978729, 44.8871986], [17.1975764, 44.8878106], [17.1972186, 44.8883502], [17.1971573, 44.8883972], [17.1970653, 44.8884624], [17.1969222, 44.8885312], [17.1968455, 44.8885747], [17.1967484, 44.8886036], [17.1966615, 44.8886217], [17.1964878, 44.8886652], [17.1964009, 44.8886905], [17.1962987, 44.8887123], [17.1962118, 44.8887412], [17.1961147, 44.8887702], [17.1960278, 44.8888028], [17.1952713, 44.8890563], [17.1952049, 44.8890997], [17.1951384, 44.8891468], [17.1950771, 44.8891939], [17.1950055, 44.8892337], [17.194934, 44.8892772], [17.1948676, 44.8893242], [17.19452, 44.88969], [17.1944842, 44.8897805], [17.1944484, 44.889842], [17.1944076, 44.8899108], [17.1943513, 44.8900086], [17.1943104, 44.8900883], [17.19429, 44.8901498], [17.1942542, 44.8902259], [17.1942133, 44.890291], [17.1941571, 44.8903381], [17.1940856, 44.8903743], [17.1939271, 44.8904214], [17.1938453, 44.8904504], [17.1931349, 44.8907111], [17.1924091, 44.8912071], [17.1919082, 44.8918553], [17.1916016, 44.8925505], [17.1915402, 44.8928257], [17.1915402, 44.8928872], [17.1915556, 44.892956], [17.1915811, 44.8930212], [17.1916118, 44.8930791], [17.1916578, 44.8931479], [17.1917498, 44.8932529], [17.1921893, 44.8938069], [17.1922762, 44.8941002], [17.1922813, 44.894169], [17.1922865, 44.8944333], [17.192312, 44.8945564], [17.1923836, 44.8946868], [17.19245, 44.8947556], [17.1925318, 44.8948207], [17.1925982, 44.8948678], [17.1926647, 44.894904], [17.192726, 44.8949511], [17.192772, 44.895009], [17.1928231, 44.8951104], [17.1928487, 44.8951719], [17.1928793, 44.8952299], [17.1929202, 44.8952842], [17.1929662, 44.8953349], [17.1930327, 44.8953747], [17.1930991, 44.8954073], [17.1931809, 44.8954326], [17.1932576, 44.895458], [17.1933342, 44.8954942], [17.1934569, 44.8955883], [17.1935182, 44.8956318], [17.1935949, 44.8956643], [17.1936767, 44.8956969], [17.1946631, 44.8962002], [17.1947347, 44.8962292], [17.1948216, 44.8962545], [17.1949135, 44.8962799], [17.1950107, 44.8963052], [17.1950924, 44.8963233], [17.1951998, 44.8963342], [17.1952815, 44.896345], [17.1953531, 44.896374], [17.1954298, 44.8964066], [17.1955167, 44.8964211], [17.1956904, 44.8964174], [17.1958642, 44.8963993], [17.1960533, 44.8963993], [17.1962271, 44.8964211], [17.1963038, 44.8964428], [17.1963804, 44.8964681], [17.196544, 44.8965333], [17.1966258, 44.8965623], [17.1967075, 44.8965695], [17.1968046, 44.896584], [17.1968762, 44.8966093], [17.1969478, 44.8966419], [17.1970193, 44.8966781], [17.1976684, 44.8971488], [17.1977195, 44.8971995], [17.1991251, 44.8983182], [17.199166, 44.8983725], [17.1992733, 44.8986404], [17.1992682, 44.8987056], [17.1992886, 44.8987708], [17.1993244, 44.8988251], [17.1993653, 44.898883], [17.1994164, 44.8989337], [17.1994726, 44.898988], [17.1996055, 44.8990749], [17.1996669, 44.899122], [17.199718, 44.8991726], [17.1997486, 44.8992378], [17.1997486, 44.8993609], [17.1997282, 44.8994225], [17.1996873, 44.8994876], [17.1996413, 44.8995419], [17.1995851, 44.8995962], [17.199534, 44.8996469], [17.1994777, 44.8997012], [17.1994164, 44.8997483], [17.1992171, 44.8999547], [17.1991762, 44.9000198], [17.1991609, 44.9000886], [17.1991506, 44.9001502], [17.1991506, 44.9002117], [17.1991455, 44.9002805], [17.1991302, 44.9003529], [17.1990995, 44.9004108], [17.1990586, 44.9004687], [17.1989564, 44.9005846], [17.198844, 44.9006932], [17.1987775, 44.9007548], [17.198706, 44.9008091], [17.1982358, 44.9012471], [17.1981898, 44.9013014], [17.1981284, 44.9013811], [17.1980824, 44.9014462], [17.1980364, 44.9015078], [17.1979904, 44.9015766], [17.1979444, 44.9016598], [17.1978933, 44.9017829], [17.1978729, 44.9018517], [17.1978473, 44.9019133], [17.1978371, 44.9019748], [17.1978218, 44.9020436], [17.1978013, 44.9021087], [17.1977604, 44.9021739], [17.1977093, 44.9022499], [17.1976429, 44.9023223], [17.1975969, 44.9023766], [17.1975253, 44.9024382], [17.197464, 44.9024961], [17.1971369, 44.9026735], [17.1970346, 44.9027206], [17.1969529, 44.9027531], [17.1968558, 44.902793], [17.1967433, 44.9028436], [17.1966513, 44.9028835], [17.1965747, 44.9029342], [17.1964673, 44.9030029], [17.1964009, 44.9030572], [17.1963498, 44.9031115], [17.196314, 44.9031658], [17.1962987, 44.9032383], [17.1962987, 44.9035098], [17.1963191, 44.9036365], [17.1963191, 44.9037668], [17.1963038, 44.903832], [17.1962731, 44.9038971], [17.1962373, 44.903955], [17.1961964, 44.904013], [17.1961607, 44.9040673], [17.1961351, 44.9041252], [17.1961147, 44.9042772], [17.1961095, 44.9043496], [17.1961095, 44.9046248], [17.19613, 44.9047261], [17.1961504, 44.9048094], [17.196176, 44.9048709], [17.1964111, 44.904889], [17.1964929, 44.9049107], [17.1965747, 44.9049288], [17.1966769, 44.9049542], [17.1967535, 44.9049904], [17.19682, 44.9050266], [17.1969529, 44.9051135], [17.1970193, 44.9051678], [17.1971266, 44.9052619], [17.197188, 44.9053198], [17.1972391, 44.9053741], [17.1973004, 44.9054212], [17.1975866, 44.905566], [17.1976531, 44.905613], [17.1977195, 44.9056565], [17.1977809, 44.9056999], [17.1978422, 44.905747], [17.1979086, 44.9057868], [17.19797, 44.9058375], [17.1980313, 44.9058809], [17.1980926, 44.905928], [17.1981693, 44.9059497], [17.1982562, 44.9059642], [17.1983533, 44.9059642], [17.1984453, 44.9059678], [17.1986293, 44.9059678], [17.1987213, 44.905975], [17.1988082, 44.9059859], [17.1988951, 44.906004], [17.1989717, 44.9060293], [17.1991251, 44.9060909], [17.1991966, 44.9061235], [17.1992784, 44.9061452], [17.199442, 44.9061524], [17.1996975, 44.9061524], [17.1998866, 44.9061597], [17.1999786, 44.9061705], [17.2000706, 44.906185], [17.2001473, 44.9062103], [17.200224, 44.9062465], [17.2002904, 44.9062864], [17.2003415, 44.9063407], [17.2003773, 44.9063986], [17.200408, 44.9064565], [17.200408, 44.9065217], [17.2003824, 44.9065868], [17.2003364, 44.9066484], [17.2002853, 44.906699], [17.2002393, 44.9067678], [17.2002035, 44.9068257], [17.2002035, 44.9068981], [17.2001933, 44.9069597], [17.2001626, 44.9070248], [17.2001268, 44.9070936], [17.2000962, 44.9071624], [17.2000757, 44.9072275], [17.2000655, 44.9072927], [17.2000655, 44.9073579], [17.2000911, 44.9074339], [17.2001268, 44.9074954], [17.2001831, 44.9075533], [17.2002444, 44.9076004], [17.2002955, 44.9076511], [17.2003568, 44.9077018], [17.200408, 44.9077561], [17.2004386, 44.9078212], [17.2005715, 44.9084293], [17.2005357, 44.9085705], [17.2005357, 44.9086393], [17.200546, 44.9087008], [17.2005664, 44.9087805], [17.2005868, 44.9088492], [17.2006124, 44.9089253], [17.2006431, 44.9089904], [17.2006788, 44.9090628], [17.200776, 44.9091787], [17.2008731, 44.9092728], [17.2009702, 44.9093488], [17.2010366, 44.9094031], [17.2011031, 44.9094465], [17.2017368, 44.9099207], [17.2022071, 44.9102718], [17.2022837, 44.9103116], [17.2024217, 44.9103877], [17.2024882, 44.9104383], [17.2025495, 44.910489], [17.2026006, 44.9105433], [17.2026364, 44.9106048], [17.2026619, 44.91067], [17.2026926, 44.9108039], [17.2026977, 44.9108691], [17.2026773, 44.9109378], [17.2026466, 44.9109994], [17.2025853, 44.9110682], [17.2024984, 44.911184], [17.2023195, 44.9115532], [17.2022582, 44.9116002], [17.2021202, 44.9116871], [17.2020537, 44.9117342], [17.2019617, 44.9117595], [17.2018697, 44.9117812], [17.2017726, 44.9117993], [17.2016704, 44.911821], [17.2015835, 44.9118428], [17.201512, 44.9118826], [17.2014353, 44.9119296], [17.2013075, 44.9120274], [17.2012257, 44.9121106], [17.20119, 44.9121722], [17.2011593, 44.9122301], [17.2011542, 44.9122988], [17.2011542, 44.9123604], [17.201144, 44.9125015], [17.2011286, 44.9125631], [17.2011082, 44.9126282], [17.2005511, 44.9133377], [17.2005255, 44.9134209], [17.2005204, 44.9135005], [17.2005204, 44.9135621], [17.2005255, 44.9136272], [17.2004948, 44.9136924], [17.2004284, 44.9137901], [17.2003875, 44.9138444], [17.2003415, 44.9138951], [17.2003006, 44.9139494], [17.2002444, 44.9140073], [17.2001882, 44.9140616], [17.2001371, 44.9141159], [17.1998151, 44.9144307], [17.1997384, 44.9144814], [17.1996617, 44.9145285], [17.1995033, 44.9146009], [17.1994266, 44.9146371], [17.1992733, 44.9147022], [17.1991864, 44.9147348], [17.1990995, 44.9147565], [17.1989462, 44.9147782], [17.1988593, 44.9147855], [17.1987622, 44.9147891], [17.1985731, 44.9147891], [17.198476, 44.9147927], [17.1983737, 44.9147999], [17.1982409, 44.9148035], [17.198154, 44.9148072], [17.1980671, 44.9148144], [17.1979853, 44.9148361], [17.1979138, 44.9148687], [17.1978422, 44.9149049], [17.1977655, 44.9149447], [17.1976838, 44.9149737], [17.1975918, 44.9149918], [17.1974844, 44.9149954], [17.1973822, 44.9150026], [17.1971778, 44.9150026], [17.1970858, 44.9149881], [17.1970091, 44.9149664], [17.1969273, 44.9149411], [17.1968302, 44.9149194], [17.1967331, 44.9149013], [17.1966462, 44.9148868], [17.1965542, 44.9148868], [17.1964724, 44.9149049], [17.1964418, 44.9149664], [17.1964367, 44.9150316], [17.1964367, 44.9150967], [17.1964622, 44.9151546], [17.1964929, 44.9152162], [17.1965491, 44.9152813], [17.1966002, 44.9153428], [17.1966615, 44.9154008], [17.1967126, 44.9154623], [17.1967535, 44.915513], [17.1967893, 44.9155745], [17.1968046, 44.9156469], [17.1968046, 44.9157808], [17.1967791, 44.9158459], [17.1967535, 44.9159039], [17.1966206, 44.9161608], [17.1965747, 44.9162151], [17.1965082, 44.9162622], [17.1964367, 44.916302], [17.1963498, 44.9163309], [17.196268, 44.9163599], [17.1961709, 44.9163925], [17.1958898, 44.9164829], [17.1957262, 44.9165409], [17.1956495, 44.9165771], [17.1955371, 44.9166205], [17.1953684, 44.9166929], [17.1952867, 44.9167182], [17.19521, 44.9167508], [17.1951282, 44.9167797], [17.1950515, 44.9168232], [17.19498, 44.9168666], [17.1949135, 44.9169136], [17.1948369, 44.9169462], [17.1947602, 44.9169752], [17.1946733, 44.9170041], [17.1945813, 44.9170331], [17.1944944, 44.9170512], [17.193876, 44.9171489], [17.1937789, 44.9171742], [17.1936869, 44.9171887], [17.1934927, 44.9172249], [17.1933956, 44.9172394], [17.1932933, 44.9172466], [17.193094, 44.9172502], [17.193002, 44.9172539], [17.1928078, 44.9172539], [17.1927107, 44.9172502], [17.1926187, 44.917243], [17.1925165, 44.9172285], [17.1924245, 44.9172141], [17.1922302, 44.9171923], [17.1921229, 44.9171851], [17.192036, 44.9171815], [17.1916629, 44.9172068], [17.1915658, 44.9172249], [17.191484, 44.917243], [17.191392, 44.917272], [17.1913102, 44.9172901], [17.1910956, 44.9173516], [17.1909985, 44.9173733], [17.1909167, 44.9173986], [17.1908349, 44.9174167], [17.1907429, 44.9174312], [17.190656, 44.9174384], [17.1903749, 44.9174384], [17.1901807, 44.9174312], [17.1900938, 44.917424], [17.1900171, 44.917395], [17.1898638, 44.9174602], [17.1897054, 44.9174493], [17.1898536, 44.9175615], [17.1898996, 44.9176122], [17.189966, 44.9176628], [17.1900989, 44.9177461], [17.1901602, 44.9177931], [17.1902165, 44.9178547], [17.190242, 44.9179126], [17.190242, 44.9179741], [17.1902114, 44.9181008], [17.1901909, 44.9181659], [17.1901654, 44.9182311], [17.1901398, 44.9183107], [17.1901142, 44.9183758], [17.1900938, 44.9184374], [17.1900682, 44.9185025], [17.1900376, 44.9185677], [17.1898331, 44.9189187], [17.1897718, 44.9189658], [17.1896645, 44.9190092], [17.1895827, 44.9190381], [17.1894958, 44.9190635], [17.1894089, 44.9190816], [17.1893271, 44.9191214], [17.1892607, 44.9191684], [17.1892249, 44.9192517], [17.1892198, 44.9193349], [17.1892249, 44.9193964], [17.1892454, 44.9194942], [17.1892658, 44.9195521], [17.1892965, 44.9196172], [17.1893323, 44.919686], [17.189368, 44.9197403], [17.189414, 44.9198018], [17.1894754, 44.9198742], [17.1895418, 44.9199357], [17.1896083, 44.9199791], [17.1896798, 44.9200153], [17.1897616, 44.9200587], [17.189828, 44.9200913], [17.1898842, 44.9201347], [17.1899149, 44.9201927], [17.1899405, 44.9202506], [17.1899373, 44.9203093], [17.1899405, 44.9203881], [17.1899149, 44.9204532], [17.1898842, 44.9205111], [17.1891176, 44.922013], [17.1889489, 44.9222085], [17.188816, 44.9223026], [17.1887394, 44.9223496], [17.1886423, 44.9224039], [17.1885554, 44.9224437], [17.1884225, 44.9225016], [17.1882896, 44.9225486], [17.1869863, 44.9230119], [17.1859027, 44.9229467], [17.1855705, 44.9229612], [17.1852434, 44.9228671], [17.1851565, 44.9228382], [17.1850798, 44.9228092], [17.1849725, 44.9227658], [17.1848958, 44.9227332], [17.1848141, 44.9227006], [17.1847272, 44.9226862], [17.1846249, 44.9226934], [17.1845381, 44.9227187], [17.1844512, 44.9227513], [17.1843745, 44.9227947], [17.184303, 44.9228382], [17.1842365, 44.9228852], [17.1841701, 44.9229431], [17.1841087, 44.9229902], [17.1840525, 44.9230372], [17.1839912, 44.9230842], [17.1839247, 44.9231458], [17.1838583, 44.9232001], [17.1837458, 44.9233014], [17.1832603, 44.9237212], [17.1831887, 44.9237646], [17.1831121, 44.9238008], [17.1830303, 44.923837], [17.1829587, 44.9238768], [17.1828872, 44.9239238], [17.1828412, 44.9239817], [17.1828054, 44.924036], [17.182785, 44.9240975], [17.1827799, 44.9241591], [17.1827799, 44.9242206], [17.1827287, 44.9243653], [17.1826623, 44.9244305], [17.1825805, 44.9244739], [17.182417, 44.9245318], [17.1823352, 44.9245535], [17.1822585, 44.9245788], [17.1820643, 44.9246512], [17.1819979, 44.9246983], [17.1819467, 44.9247562], [17.1819059, 44.9248105], [17.1818701, 44.924872], [17.1818496, 44.9249371], [17.1818394, 44.9250059], [17.1818394, 44.9250782], [17.1818701, 44.9252121], [17.1818547, 44.9254618], [17.1818343, 44.925527], [17.1818036, 44.9255921], [17.1817576, 44.92565], [17.1817014, 44.9257115], [17.1816503, 44.925773], [17.1815839, 44.9258273], [17.1815225, 44.9258744], [17.1814407, 44.9259214], [17.1813539, 44.925954], [17.1812721, 44.9259829], [17.181175, 44.9260046], [17.1810881, 44.9260155], [17.1809859, 44.92603], [17.1808785, 44.9260517], [17.1807865, 44.9260662], [17.1807048, 44.9260879], [17.180623, 44.9261132], [17.1804696, 44.9261856], [17.1804032, 44.9262326], [17.1801323, 44.9264027], [17.1800403, 44.9264534], [17.1798563, 44.9265077], [17.1797643, 44.9265221], [17.1796774, 44.9265366], [17.1795496, 44.9265511], [17.1793708, 44.9265511], [17.1792685, 44.9265438], [17.1791817, 44.926533], [17.1790897, 44.9265221], [17.1790028, 44.9265077], [17.1789261, 44.9264823], [17.1787932, 44.9265656], [17.1789108, 44.9267429], [17.1789619, 44.9267971], [17.1790028, 44.926855], [17.1790334, 44.9269129], [17.1790845, 44.927036], [17.1791152, 44.9270939], [17.1791357, 44.9271554], [17.1791612, 44.9272205], [17.1791714, 44.9272857], [17.1791714, 44.9273544], [17.1791561, 44.9274304], [17.1791203, 44.9275028], [17.1790794, 44.9275571], [17.1790385, 44.9276294], [17.1789977, 44.9276837], [17.1789261, 44.9277995], [17.1785479, 44.9285341], [17.178691, 44.9288381], [17.1787574, 44.928896], [17.1788085, 44.9289502], [17.1788648, 44.9289973], [17.1791203, 44.9291818], [17.1791765, 44.9292397], [17.1792277, 44.9292904], [17.1792737, 44.929341], [17.1793912, 44.9295075], [17.1794525, 44.9295871], [17.1795139, 44.9296631], [17.1795548, 44.929721], [17.1796365, 44.9301841], [17.1795445, 44.9305243], [17.1795088, 44.9305822], [17.1793094, 44.9307776], [17.1790897, 44.9310634], [17.1791101, 44.9312443], [17.1791459, 44.9312986], [17.1793503, 44.9315411], [17.1796825, 44.9320947], [17.1797132, 44.9321489], [17.1801732, 44.9331331], [17.1802039, 44.9334696], [17.1802039, 44.9335348], [17.1801016, 44.9337772], [17.1798921, 44.9340413], [17.1797643, 44.9343995], [17.1797643, 44.9344683], [17.1797132, 44.9348265], [17.1797183, 44.9348916], [17.1797439, 44.9349495], [17.1797796, 44.9350038], [17.1798205, 44.9350616], [17.1798512, 44.9351159], [17.1797439, 44.935731], [17.1797388, 44.9357961], [17.179703, 44.9358613], [17.1796468, 44.9359119], [17.1795905, 44.9359589], [17.1795241, 44.936006], [17.1794577, 44.9360458], [17.178047, 44.9366826], [17.1772957, 44.9372832], [17.1768101, 44.9377571], [17.176474, 44.9380022], [17.1764338, 44.938044], [17.1764677, 44.9382709], [17.1764881, 44.9383324], [17.1764983, 44.9384011], [17.1764983, 44.9385314], [17.1764677, 44.9386001], [17.176437, 44.9386616], [17.1764012, 44.9387267], [17.1763706, 44.9387846], [17.1763399, 44.9388425], [17.1763246, 44.938904], [17.1763246, 44.9389691], [17.1763348, 44.9390343], [17.1763654, 44.9390921], [17.1765597, 44.939501], [17.1767897, 44.9401522], [17.1769123, 44.9407383], [17.1769398, 44.9410986], [17.1770049, 44.9412506], [17.1770522, 44.9414061], [17.1770548, 44.9415879], [17.1770803, 44.9417806], [17.1769602, 44.9420284], [17.1768583, 44.9421552], [17.1767422, 44.9419919], [17.1766738, 44.9417743], [17.176087, 44.9414571], [17.1754009, 44.9411547], [17.1733554, 44.9419703], [17.1714782, 44.9428317], [17.1711027, 44.9430883], [17.1699375, 44.9433632], [17.1696009, 44.9436198], [17.1691867, 44.9437389], [17.1687076, 44.9439588], [17.1677755, 44.9442337], [17.1669211, 44.9449209], [17.1664809, 44.9451225], [17.1657947, 44.9453883], [17.1654193, 44.9455899], [17.1651086, 44.9459014], [17.1649662, 44.946552], [17.1642153, 44.9460663], [17.1638916, 44.9459655], [17.163076, 44.9466436], [17.1626876, 44.9466436], [17.1622733, 44.946946], [17.1614189, 44.9472758], [17.1612635, 44.9474408], [17.1609787, 44.9477157], [17.1603055, 44.9479081], [17.1598783, 44.9478898], [17.1579493, 44.9484029], [17.1573667, 44.9485495], [17.1568877, 44.9487236], [17.1566417, 44.9486319], [17.1562144, 44.9476149], [17.1553859, 44.9480822], [17.1552305, 44.9486228], [17.1556319, 44.9487694], [17.1552435, 44.9490717], [17.1554506, 44.9492458], [17.1561238, 44.9494199], [17.155347, 44.9497498], [17.1549328, 44.9504186], [17.1544667, 44.9503087], [17.1537546, 44.9505377], [17.153677, 44.9508034], [17.152227, 44.9519212], [17.1508806, 44.9517838], [17.1500649, 44.9527916], [17.1504533, 44.953039], [17.1504015, 44.9535062], [17.1495859, 44.9531306], [17.1493788, 44.9528741], [17.1484467, 44.9528558], [17.1483301, 44.9532497], [17.1484596, 44.9545965], [17.1492105, 44.954569], [17.1489516, 44.9549721], [17.1485632, 44.9548988], [17.1478123, 44.9549813], [17.1475145, 44.9547064], [17.1473851, 44.9549996], [17.1475145, 44.9553203], [17.1469967, 44.9557234], [17.1472168, 44.9562089], [17.1463752, 44.9565571], [17.1463882, 44.9568594], [17.1465565, 44.9573816], [17.1468154, 44.9579129], [17.1468284, 44.9582611], [17.1467766, 44.9590031], [17.1473592, 44.95991], [17.1482266, 44.9606429], [17.1489386, 44.9608261], [17.1493141, 44.9615864], [17.149094, 44.9617696], [17.14934, 44.9621819], [17.1497413, 44.9625391], [17.1496895, 44.9630338], [17.1494565, 44.9635651], [17.1499873, 44.9641605], [17.1501556, 44.9647651], [17.1500391, 44.9654246], [17.1512948, 44.9660475], [17.1509453, 44.9668535], [17.1519163, 44.967055], [17.1527578, 44.9674855], [17.1533921, 44.9676687], [17.153677, 44.9679435], [17.1543243, 44.9678886], [17.1547904, 44.9682091], [17.1554765, 44.9690243], [17.1557095, 44.9691068], [17.1564734, 44.9695189], [17.1566641, 44.9696632], [17.1568488, 44.9698029], [17.1565252, 44.9702975], [17.156331, 44.9705722], [17.1559814, 44.970673], [17.1559426, 44.9708012], [17.1555283, 44.9708287], [17.1553082, 44.9710485], [17.1547515, 44.971305], [17.1544796, 44.971708], [17.154156, 44.9719369], [17.1536899, 44.9721568], [17.1536381, 44.9724682], [17.153198, 44.9726605], [17.1533274, 44.9730452], [17.1531203, 44.9731459], [17.1531332, 44.9732924], [17.1528225, 44.9739793], [17.1522917, 44.9744831], [17.1515149, 44.974886], [17.151269, 44.9754172], [17.1510359, 44.9751974], [17.1506216, 44.9750967], [17.1495341, 44.975115], [17.1491069, 44.9752524], [17.1488739, 44.9752341], [17.1482007, 44.9750417], [17.1479935, 44.9751516], [17.1478123, 44.9752341], [17.1472168, 44.9752066], [17.1471391, 44.9752982], [17.1465435, 44.9754722], [17.1459351, 44.9759392], [17.1458962, 44.9762048], [17.1456114, 44.9761499], [17.1453007, 44.9763147], [17.1450159, 44.9762232], [17.1446404, 44.9762598], [17.1435141, 44.9764613], [17.143061, 44.9763331], [17.1429574, 44.9760675], [17.1417405, 44.9755088], [17.1414686, 44.9760308], [17.1406141, 44.9753989], [17.1406141, 44.975518], [17.1405106, 44.975811], [17.1405106, 44.9760583], [17.1406271, 44.9763422], [17.140899, 44.9765712], [17.1415463, 44.9768001], [17.1418958, 44.9769924], [17.1423619, 44.9775694], [17.1427632, 44.9780639], [17.1433717, 44.9783295], [17.1440837, 44.9795292], [17.1447699, 44.9797215], [17.1442391, 44.9797398], [17.1431128, 44.9798314], [17.1423878, 44.9799962], [17.1420641, 44.9801153], [17.1414427, 44.98039], [17.1406659, 44.9807105], [17.1400574, 44.9807471], [17.1397856, 44.9808387], [17.1394619, 44.9810035], [17.1388405, 44.9811867], [17.1384262, 44.9812142], [17.1381284, 44.9812508], [17.1381673, 44.9821116], [17.1376106, 44.982835], [17.1372222, 44.9830273], [17.1367691, 44.9833844], [17.1362771, 44.9835218], [17.1356557, 44.983998], [17.1355133, 44.9843459], [17.1355392, 44.9847397], [17.1353579, 44.9850418], [17.1350602, 44.9854539], [17.1350602, 44.9858385], [17.1346459, 44.9860674], [17.133882, 44.9865069], [17.1337008, 44.9864795], [17.1324838, 44.9866076], [17.1322896, 44.9867908], [17.1318495, 44.9872303], [17.1311892, 44.987798], [17.1306973, 44.9876149], [17.1291178, 44.9860216], [17.1285223, 44.9857835], [17.1281339, 44.9852891], [17.1280044, 44.9846206], [17.1281857, 44.9840529], [17.128095, 44.9836958], [17.1276419, 44.9835859], [17.1272794, 44.9836317], [17.126904, 44.9836134], [17.1262826, 44.9833203], [17.1258683, 44.9831647], [17.1251174, 44.9828075], [17.1244312, 44.9825511], [17.1239652, 44.9823314], [17.1238098, 44.9821207], [17.1238486, 44.9818186], [17.1236674, 44.9815072], [17.123292, 44.9813241], [17.1230071, 44.9811592], [17.1223598, 44.9811959], [17.1222304, 44.9811409], [17.1219067, 44.9809852], [17.1214406, 44.9810402], [17.1210393, 44.9812966], [17.1204956, 44.9815438], [17.1202237, 44.9819101], [17.1197965, 44.9819834], [17.1193045, 44.9817636], [17.1193433, 44.9813149], [17.1190585, 44.9808662], [17.1192139, 44.9804266], [17.1189161, 44.980097], [17.1186183, 44.9796116], [17.1184864, 44.9794287], [17.118454, 44.9791631], [17.1183472, 44.9789708], [17.1180559, 44.9789067], [17.1177614, 44.9788952], [17.1174992, 44.9790257], [17.1171626, 44.9790738], [17.1169814, 44.9790211], [17.1168584, 44.978925], [17.1168163, 44.9788471], [17.1168325, 44.9787167], [17.1169069, 44.9785633], [17.117004, 44.9784282], [17.1169684, 44.9782542], [17.1168487, 44.9781328], [17.1164667, 44.9780413], [17.1152983, 44.978316], [17.115088, 44.9783618], [17.114719, 44.9783503], [17.1139875, 44.9782748], [17.1136347, 44.9782313], [17.1128838, 44.9781763], [17.1126217, 44.9780642], [17.1125214, 44.978055], [17.11201, 44.9780458], [17.1117834, 44.9780435], [17.1115568, 44.9779543], [17.1114565, 44.9778993], [17.1113012, 44.9778787], [17.1110778, 44.9778879], [17.110793, 44.9779886], [17.1106797, 44.9780642], [17.1104953, 44.9780619], [17.1096408, 44.977968], [17.1091359, 44.9780138], [17.1087475, 44.9780138], [17.1071454, 44.9774895], [17.1069318, 44.9774231], [17.1067829, 44.9773017], [17.1065952, 44.9773109], [17.1064333, 44.9774162], [17.1062715, 44.9775124], [17.1059899, 44.9775925], [17.105799, 44.9775719], [17.1055789, 44.9774689], [17.10532, 44.9772857], [17.1051031, 44.9772468], [17.1049348, 44.9772582], [17.104705, 44.9772903], [17.1044623, 44.9772972], [17.1043296, 44.9772605], [17.1040642, 44.9771255], [17.1036855, 44.9768645], [17.1034881, 44.9767774], [17.1032777, 44.9768049], [17.1029961, 44.9768873], [17.1026757, 44.9770018], [17.1022873, 44.9770957], [17.1017079, 44.9769766], [17.1010088, 44.9768003], [17.1007499, 44.9767317], [17.1004683, 44.9766515], [17.1001738, 44.9766057], [17.1000896, 44.9766286], [17.0999408, 44.9766744], [17.0997692, 44.9767912], [17.0996398, 44.9768301], [17.0994391, 44.9768278], [17.0992676, 44.9768461], [17.0990993, 44.9768599], [17.0989536, 44.9768209], [17.0989245, 44.9767385], [17.0988727, 44.9766034], [17.0987529, 44.9765233], [17.0984066, 44.976608], [17.0977431, 44.9768393], [17.0974292, 44.9769629], [17.0972803, 44.9770705], [17.0970893, 44.9771484], [17.0968013, 44.9771712], [17.0965974, 44.977114], [17.0964906, 44.9770018], [17.0964712, 44.9768896], [17.0965229, 44.9767729], [17.09662, 44.9766424], [17.0966848, 44.9764684], [17.0965974, 44.9764088], [17.0964776, 44.9764752], [17.0961701, 44.976663], [17.0958174, 44.9768232], [17.0955779, 44.9767752], [17.0952833, 44.9766904], [17.0951183, 44.9765714], [17.0949597, 44.9763653], [17.0948399, 44.9762692], [17.0946943, 44.9762051], [17.0945292, 44.9761753], [17.0942735, 44.9761661], [17.094047, 44.9761478], [17.0939013, 44.9761364], [17.0937168, 44.9761135], [17.0934806, 44.9761249], [17.0931375, 44.9762646], [17.0928268, 44.976363], [17.0927653, 44.9764271], [17.0926714, 44.9765554], [17.0925031, 44.9766584], [17.0922442, 44.9767225], [17.0921633, 44.9766996], [17.0919853, 44.976608], [17.0916001, 44.9764432], [17.0914091, 44.9764134], [17.0912149, 44.9764249], [17.0910628, 44.9764798], [17.0909819, 44.9765485], [17.0909237, 44.9766309], [17.0908751, 44.9767477], [17.0908978, 44.9768324], [17.0908881, 44.9769492], [17.0908524, 44.9770934], [17.0906971, 44.9771827], [17.0904738, 44.9773452], [17.090354, 44.9774254], [17.0902504, 44.9775513], [17.0901275, 44.977739], [17.0900757, 44.9778444], [17.0899138, 44.9779749], [17.0897973, 44.9780184], [17.0896873, 44.978055], [17.0895416, 44.978055], [17.0893928, 44.9780367], [17.089205, 44.9780252], [17.0889849, 44.9780252], [17.088781, 44.9780367], [17.0884865, 44.9781008], [17.0883376, 44.9781099], [17.0880269, 44.9780092], [17.0877906, 44.9779634], [17.0876288, 44.9779543], [17.0874443, 44.977968], [17.0873278, 44.9780092], [17.0872048, 44.9780527], [17.0869653, 44.9780916], [17.086687, 44.9781443], [17.0864183, 44.9782221], [17.0862436, 44.978332], [17.08614, 44.9785518], [17.0859782, 44.978925], [17.0856448, 44.979637], [17.0856286, 44.9796965], [17.0854733, 44.9798408], [17.0853406, 44.9799346], [17.0852435, 44.9799735], [17.0851399, 44.9799529], [17.0850201, 44.9798957], [17.0848874, 44.9798774], [17.0847418, 44.9799072], [17.0845961, 44.9799049], [17.0845023, 44.9798797], [17.0843793, 44.9798362], [17.0842725, 44.9798362], [17.0841883, 44.9798682], [17.0840394, 44.9799598], [17.0838517, 44.9800537], [17.0836705, 44.9801086], [17.0834472, 44.9801315], [17.0833436, 44.9801292], [17.0832433, 44.9800972], [17.0830879, 44.9800491], [17.0829681, 44.9800422], [17.0828516, 44.9800834], [17.0825636, 44.9803353], [17.08235, 44.9805734], [17.0822626, 44.9808756], [17.0821331, 44.9810312], [17.0818807, 44.9812213], [17.0816832, 44.981338], [17.0814308, 44.9814204], [17.0812366, 44.9814594], [17.081065, 44.98148], [17.0808838, 44.9815006], [17.0806766, 44.9815464], [17.0805925, 44.9816219], [17.0805731, 44.9817409], [17.0805795, 44.9819928], [17.0805472, 44.9820935], [17.0804663, 44.982153], [17.0803692, 44.9821599], [17.0802624, 44.9821278], [17.0801588, 44.9820683], [17.0800779, 44.9819951], [17.0799322, 44.9818783], [17.0798189, 44.9818256], [17.079683, 44.9818234], [17.0794985, 44.981844], [17.0793626, 44.9818943], [17.0791911, 44.9819699], [17.0790681, 44.9820569], [17.0790228, 44.9821553], [17.0789095, 44.9823293], [17.0788221, 44.9824117], [17.0786861, 44.9824689], [17.0784466, 44.9825193], [17.0779676, 44.982533], [17.0777605, 44.9825445], [17.0775695, 44.9825926], [17.0774045, 44.982691], [17.07722, 44.982952], [17.0770323, 44.983158], [17.0766309, 44.9833091], [17.0762882, 44.9833118], [17.0760136, 44.9833733], [17.0758465, 44.983396], [17.0757069, 44.9833879], [17.0754392, 44.9833474], [17.0752675, 44.9833248], [17.075105, 44.9833587], [17.0750661, 44.9833992], [17.0749952, 44.9834591], [17.0749196, 44.98354], [17.0749128, 44.9836679], [17.0748966, 44.9837011], [17.074861, 44.9837217], [17.0745956, 44.9837744], [17.0744985, 44.9837709], [17.0744176, 44.9837629], [17.0743612, 44.9837473], [17.0742398, 44.9837416], [17.0741799, 44.9838252], [17.0740958, 44.9838744], [17.0738352, 44.9837679], [17.0737559, 44.9837828], [17.0736653, 44.9837977], [17.073552, 44.9837966], [17.0734452, 44.983784], [17.0732931, 44.9837313], [17.0731555, 44.9836901], [17.0729856, 44.9836787], [17.0729484, 44.9836706], [17.0728966, 44.9836432], [17.072827, 44.9835871], [17.0727477, 44.9835424], [17.0726086, 44.9834497], [17.0725584, 44.9834005], [17.0723933, 44.9832838], [17.0723334, 44.9832437], [17.0722962, 44.9831979], [17.0722655, 44.9831212], [17.072204, 44.9830354], [17.0720163, 44.9828522], [17.0719742, 44.9827916], [17.071958, 44.9827538], [17.071958, 44.9826943], [17.0719726, 44.9826553], [17.0719515, 44.9826325], [17.0716295, 44.9824161], [17.0715745, 44.9823658], [17.0715356, 44.9823074], [17.0715211, 44.9822238], [17.071534, 44.9821838], [17.0715421, 44.9821391], [17.071555, 44.9821048], [17.0715599, 44.9820613], [17.0715583, 44.9820281], [17.0715372, 44.9819914], [17.0714677, 44.9819502], [17.071233, 44.9818358], [17.0710906, 44.9817808], [17.0708398, 44.9816881], [17.0705647, 44.9815656], [17.0703786, 44.9814477], [17.0703591, 44.9814271], [17.0703478, 44.9813974], [17.0703349, 44.9812531], [17.0703284, 44.9812268], [17.070309, 44.9812085], [17.0702701, 44.9811936], [17.0702183, 44.9811867], [17.0700533, 44.981181], [17.0699206, 44.9811684], [17.0697814, 44.9811432], [17.0696875, 44.9811169], [17.0696293, 44.9810849], [17.0695953, 44.9810368], [17.0695144, 44.9808651], [17.0693671, 44.9806465], [17.0693364, 44.9805984], [17.0693105, 44.9805778], [17.0692781, 44.9805606], [17.0692312, 44.9805469], [17.0691778, 44.98054], [17.0691389, 44.9805274], [17.0691211, 44.9805137], [17.0691017, 44.9804736], [17.0690823, 44.9804061], [17.0690791, 44.9803385], [17.0690677, 44.9803099], [17.0690257, 44.9802813], [17.0689512, 44.9802378], [17.06888, 44.9801622], [17.0688379, 44.9800752], [17.0687554, 44.9798326], [17.0687425, 44.9798097], [17.0687133, 44.9797902], [17.068579, 44.9797605], [17.0684916, 44.9797433], [17.0684641, 44.9797181], [17.0684447, 44.9796746], [17.0684576, 44.9796174], [17.0684965, 44.9795304], [17.0685272, 44.9794892], [17.0685369, 44.9794537], [17.0685337, 44.9794342], [17.0684706, 44.9794022], [17.0683978, 44.9793552], [17.0682796, 44.9792968], [17.0681906, 44.9792133], [17.0681275, 44.9791274], [17.0680984, 44.9790427], [17.0680919, 44.9789511], [17.0681178, 44.9788252], [17.0681194, 44.9787497], [17.0681032, 44.9786821], [17.0680401, 44.9786009], [17.0679317, 44.9785013], [17.0678621, 44.978428], [17.0677731, 44.9783353], [17.0676825, 44.9782632], [17.0676663, 44.978246], [17.0676663, 44.9782277], [17.0676841, 44.9782071], [17.0677796, 44.978175], [17.0678395, 44.9781533], [17.0678524, 44.9781338], [17.0678362, 44.9780995], [17.0677051, 44.9779827], [17.0676631, 44.9779449], [17.067655, 44.9779232], [17.0676744, 44.9778946], [17.0677213, 44.9778636], [17.0678071, 44.9778224], [17.0678605, 44.9777824], [17.0679058, 44.977724], [17.0679592, 44.9776129], [17.0680142, 44.9775454], [17.0681146, 44.9774744], [17.0682683, 44.9773909], [17.0683395, 44.9773313], [17.0683379, 44.9773199], [17.0683201, 44.9773084], [17.0682829, 44.9772993], [17.0682408, 44.977289], [17.0681761, 44.9772684], [17.0681065, 44.977234], [17.0680547, 44.9771974], [17.0680126, 44.9771608], [17.0679916, 44.977131], [17.06799, 44.9771104], [17.0680142, 44.9770875], [17.0680466, 44.9770738], [17.0680854, 44.9770589], [17.0681518, 44.9770486], [17.06821, 44.9770463], [17.0682408, 44.9770417], [17.0682586, 44.9770337], [17.068278, 44.9770005], [17.0682926, 44.9768826], [17.0682893, 44.9768563], [17.0682845, 44.9768368], [17.0682667, 44.9768196], [17.0682246, 44.976807], [17.0681696, 44.9768047], [17.0681097, 44.9768128], [17.0680676, 44.9768128], [17.0679997, 44.9768002], [17.0679463, 44.9767715], [17.0679155, 44.9767383], [17.0679009, 44.976704], [17.0679074, 44.9766605], [17.0679366, 44.9765598], [17.0679906, 44.9764666], [17.0679311, 44.9763857], [17.0677984, 44.9762432], [17.0677205, 44.9760813], [17.0676931, 44.9759745], [17.067597, 44.9758061], [17.0675466, 44.9756701], [17.0675695, 44.975492], [17.0676565, 44.9752589], [17.0676931, 44.9750711], [17.0677343, 44.9748995], [17.0679036, 44.974566], [17.0678853, 44.9743555], [17.0678762, 44.974213], [17.0679814, 44.9738698], [17.0684346, 44.9735751], [17.0685353, 44.9733646], [17.0685353, 44.9731088], [17.0684849, 44.9729372], [17.0681783, 44.9725324], [17.0678212, 44.9723835], [17.0676107, 44.9722669], [17.0672994, 44.9721277], [17.0669424, 44.9718848], [17.0659583, 44.9716355], [17.0658485, 44.9717132], [17.0634088, 44.9702074], [17.0620723, 44.9690708], [17.0588087, 44.966276], [17.0580489, 44.9657579], [17.0578154, 44.9655668], [17.0572936, 44.9650292], [17.0573165, 44.9649903], [17.0553941, 44.9629079], [17.0552659, 44.9627687], [17.0541537, 44.9619622], [17.0538241, 44.9622861], [17.0534579, 44.9624934], [17.0531238, 44.9627687], [17.052808, 44.9629144], [17.0524418, 44.9628755], [17.0523411, 44.9629047], [17.0519841, 44.9630213], [17.0518605, 44.963112], [17.0517735, 44.963112], [17.0504782, 44.9636755], [17.0500708, 44.9638633], [17.0497687, 44.9639022], [17.0495993, 44.9639961], [17.049311, 44.9646471], [17.049018, 44.9648349], [17.0484734, 44.9650778], [17.0483315, 44.965217], [17.0480843, 44.9653628], [17.0477318, 44.9655603], [17.0471872, 44.9657417], [17.0469491, 44.9657579], [17.0466699, 44.9657417], [17.0462854, 44.9657093], [17.0460657, 44.9657028], [17.0457682, 44.9657255], [17.0450084, 44.9659749], [17.0442944, 44.966153], [17.0440792, 44.9661659], [17.0437039, 44.9662404], [17.0432965, 44.9662858], [17.0427381, 44.966561], [17.0425504, 44.9667003], [17.042436, 44.9667456], [17.0421934, 44.9667812], [17.0418684, 44.966765], [17.0412688, 44.9666744], [17.0402069, 44.9665837], [17.0395478, 44.966506], [17.0393143, 44.9663894], [17.0391313, 44.9663408], [17.0389299, 44.9663117], [17.0386186, 44.9662922], [17.038463, 44.9663181], [17.0381197, 44.9663311], [17.0378817, 44.9662598], [17.0369342, 44.9664185], [17.036298, 44.9667391], [17.0355061, 44.9670338], [17.0353322, 44.9670468], [17.0349385, 44.9670241], [17.0347921, 44.9669594], [17.0345907, 44.9669302], [17.0343206, 44.9668978], [17.0338125, 44.9665319], [17.0337027, 44.9664898], [17.0335791, 44.9664865], [17.0333182, 44.9665189], [17.03292, 44.9666258], [17.0326362, 44.9667068], [17.0324073, 44.9668428], [17.0322105, 44.9670403], [17.0320457, 44.967186], [17.0317894, 44.9672508], [17.0315468, 44.9672897], [17.0311074, 44.9673577], [17.0304437, 44.9673642], [17.0298716, 44.9673059], [17.0291529, 44.9672702], [17.0287364, 44.9672702], [17.0282283, 44.9673026], [17.0277867, 44.9673305], [17.0273473, 44.9673408], [17.0271525, 44.9673082], [17.0270734, 44.967661], [17.0270566, 44.9679215], [17.027031, 44.9681679], [17.0267039, 44.9686999], [17.0265316, 44.9689276], [17.0258819, 44.9693734], [17.0257838, 44.9695652], [17.0256977, 44.9698825], [17.025447, 44.9701474], [17.0251058, 44.970385], [17.0246883, 44.970615], [17.0243318, 44.9708003], [17.0235945, 44.9710724], [17.0234175, 44.9711576], [17.0229863, 44.9706825], [17.0224714, 44.9701769], [17.0222525, 44.9699086], [17.0221415, 44.9696034], [17.0220829, 44.9693444], [17.0220891, 44.968737], [17.0221878, 44.968367], [17.0221723, 44.9683084], [17.0222155, 44.9682714], [17.0223882, 44.9677288], [17.0226379, 44.9672293], [17.0229185, 44.9661163], [17.0230326, 44.9655058], [17.0229925, 44.9650741], [17.0228044, 44.9650556], [17.0226009, 44.9650741], [17.0223974, 44.9650741], [17.0221631, 44.9650094], [17.0217284, 44.9650433], [17.0214478, 44.9650094], [17.0212474, 44.9648984], [17.0210285, 44.9649046], [17.0208743, 44.9649477], [17.0207109, 44.9649539], [17.0205999, 44.9648953], [17.0205074, 44.9647781], [17.0204673, 44.9647042], [17.0203163, 44.9646764], [17.0199863, 44.9646024], [17.0199062, 44.9644791], [17.0197674, 44.964217], [17.0197674, 44.9641091], [17.0197921, 44.9639395], [17.0197859, 44.9638563], [17.019752, 44.9637545], [17.0196349, 44.9636158], [17.0196194, 44.9634924], [17.0196965, 44.963366], [17.0196996, 44.9632396], [17.0196349, 44.9630608], [17.0196071, 44.9629436], [17.0196287, 44.9627926], [17.0196934, 44.9626168], [17.019715, 44.962216], [17.0197119, 44.9620834], [17.0196564, 44.961957], [17.0195824, 44.9617628], [17.0196102, 44.9615778], [17.0196472, 44.9614113], [17.0196626, 44.9613034], [17.0195979, 44.9611369], [17.0194869, 44.9609241], [17.019567, 44.9608224], [17.0196472, 44.9607669], [17.0197459, 44.9605233], [17.0196287, 44.9603938], [17.0194252, 44.960326], [17.0193666, 44.9602705], [17.0192649, 44.9601348], [17.01916, 44.9600917], [17.0190799, 44.9599837], [17.019086, 44.9599529], [17.0191138, 44.9598573], [17.0190675, 44.9597648], [17.0190367, 44.9596939], [17.0190429, 44.9595367], [17.0191415, 44.9593764], [17.0191662, 44.9592099], [17.0191076, 44.9590804], [17.0188949, 44.9589231], [17.0185372, 44.9589231], [17.0183985, 44.958991], [17.0181734, 44.9591174], [17.0178743, 44.9590526], [17.0177572, 44.9589786], [17.0176369, 44.9589416], [17.0174242, 44.9589725], [17.0172947, 44.9589725], [17.0171714, 44.9589416], [17.0169987, 44.9589509], [17.0167521, 44.9590711], [17.0165301, 44.9589694], [17.0163913, 44.9589632], [17.0162865, 44.9589601], [17.0161755, 44.9588861], [17.0160152, 44.9587011], [17.0157223, 44.958661], [17.0154725, 44.9586703], [17.0152721, 44.9586765], [17.0151056, 44.9586117], [17.0148775, 44.958473], [17.0147973, 44.9584267], [17.0146246, 44.9583836], [17.0145044, 44.9583466], [17.0144366, 44.9582787], [17.0144088, 44.9581369], [17.014304, 44.9580783], [17.0142176, 44.9580352], [17.0141776, 44.9580012], [17.0140851, 44.9579118], [17.0139556, 44.9578964], [17.0138199, 44.9579365], [17.013712, 44.9579303], [17.013601, 44.9578748], [17.0134715, 44.9579057], [17.0132033, 44.957955], [17.0130584, 44.9578902], [17.0129967, 44.9578008], [17.0129196, 44.9576158], [17.0127377, 44.9575203], [17.0125095, 44.9574586], [17.0123831, 44.9573291], [17.0123646, 44.9571719], [17.0124109, 44.9570424], [17.0124078, 44.9569622], [17.01234, 44.9568974], [17.012081, 44.9568697], [17.0120162, 44.9568789], [17.0119268, 44.9568635], [17.0118744, 44.956808], [17.011896, 44.956734], [17.0119731, 44.9566631], [17.0119731, 44.9565953], [17.0119052, 44.9565398], [17.0117326, 44.9565305], [17.0115907, 44.9564935], [17.0115229, 44.956438], [17.0114952, 44.9563517], [17.0114674, 44.9562654], [17.0113503, 44.9562037], [17.0111498, 44.9561791], [17.0108816, 44.9562068], [17.0106164, 44.9562931], [17.0104469, 44.9563486], [17.0102711, 44.9563363], [17.0099536, 44.9561914], [17.0097346, 44.9560311], [17.0093153, 44.9560372], [17.0092598, 44.9560372], [17.009155, 44.9559941], [17.0090995, 44.9559108], [17.0091612, 44.9557382], [17.0091704, 44.9556333], [17.0091828, 44.9555192], [17.0091322, 44.955357], [17.0090224, 44.9552942], [17.0088868, 44.955214], [17.0088004, 44.9551369], [17.0087295, 44.9549612], [17.0086586, 44.9548841], [17.0084983, 44.9548348], [17.0084027, 44.9547639], [17.0083472, 44.9546775], [17.008341, 44.9544895], [17.0083842, 44.954289], [17.0083195, 44.954178], [17.0081869, 44.9541226], [17.0080543, 44.9540393], [17.0080235, 44.9538605], [17.007931, 44.9537279], [17.0078847, 44.9536385], [17.0078508, 44.953509], [17.0077552, 44.953435], [17.0076596, 44.953361], [17.0076226, 44.95325], [17.0076411, 44.9531544], [17.0076504, 44.9530249], [17.007561, 44.9529602], [17.0073729, 44.9529478], [17.0072126, 44.9529263], [17.0071047, 44.9528461], [17.0070738, 44.9527228], [17.0070276, 44.9525994], [17.0069135, 44.9525131], [17.0066977, 44.9525131], [17.0066299, 44.95251], [17.0065435, 44.9524823], [17.0064849, 44.9523744], [17.0065959, 44.9522757], [17.0066607, 44.952211], [17.0067439, 44.9520845], [17.0067038, 44.9519427], [17.006599, 44.9518841], [17.0065374, 44.9518626], [17.0064449, 44.9517793], [17.0064387, 44.9517237], [17.0065466, 44.9516096], [17.0066545, 44.9515634], [17.0066946, 44.9515079], [17.0066853, 44.9514586], [17.0066329, 44.9513846], [17.0065528, 44.951252], [17.0065466, 44.9511811], [17.006636, 44.951104], [17.0067686, 44.9510454], [17.0068272, 44.9510053], [17.0068303, 44.950956], [17.0068303, 44.9509159], [17.006747, 44.9508481], [17.0067069, 44.9508327], [17.0066453, 44.9508049], [17.0065898, 44.9507525], [17.0065836, 44.9507001], [17.0066453, 44.950623], [17.0067871, 44.9505213], [17.0069197, 44.9504534], [17.0069752, 44.950401], [17.0069813, 44.9503548], [17.0069567, 44.9503054], [17.0068642, 44.950253], [17.0067933, 44.9502068], [17.0067408, 44.9501605], [17.0066915, 44.9500064], [17.0066823, 44.949883], [17.0066206, 44.9497566], [17.0064788, 44.949621], [17.0062876, 44.9495223], [17.006098, 44.9493897], [17.0060286, 44.9493126], [17.0059654, 44.9491662], [17.0059623, 44.9489211], [17.0059623, 44.9488841], [17.0059716, 44.948827], [17.0060055, 44.9487947], [17.006044, 44.9487777], [17.0060672, 44.9487546], [17.0060795, 44.9487299], [17.0060681, 44.9486348], [17.0060485, 44.9485694], [17.00597, 44.9484212], [17.0059635, 44.9482991], [17.0059351, 44.9479895], [17.0059242, 44.9479045], [17.0058806, 44.9478107], [17.0058131, 44.9477148], [17.0057193, 44.9476429], [17.0056038, 44.9475949], [17.0054359, 44.9475644], [17.0053334, 44.9475186], [17.0052942, 44.947475], [17.0052833, 44.9473267], [17.0053073, 44.9472134], [17.0052964, 44.9471283], [17.0052549, 44.9470586], [17.0051132, 44.9469823], [17.0050478, 44.9469256], [17.0049977, 44.9468079], [17.0050369, 44.946725], [17.0050892, 44.9466422], [17.0051437, 44.9465746], [17.0051568, 44.9465135], [17.0051503, 44.9464438], [17.0051045, 44.946374], [17.0049868, 44.9463304], [17.0048669, 44.9462715], [17.0048058, 44.9462018], [17.0047797, 44.9461015], [17.0048102, 44.9459881], [17.0048887, 44.9458726], [17.0049105, 44.9457963], [17.0049083, 44.9457374], [17.0048778, 44.9456676], [17.0048015, 44.9456109], [17.0046641, 44.9455172], [17.0045987, 44.9454038], [17.0045704, 44.9452752], [17.0045791, 44.9452011], [17.0045965, 44.9451269], [17.0045965, 44.9450506], [17.0045464, 44.9449176], [17.0042521, 44.9447607], [17.0041256, 44.9447062], [17.0040079, 44.944619], [17.0039207, 44.9445187], [17.0038836, 44.9444097], [17.0038858, 44.9443246], [17.0038967, 44.9442636], [17.0039098, 44.9441786], [17.0039098, 44.9440892], [17.0038574, 44.9440194], [17.0037702, 44.9439649], [17.0036198, 44.9439518], [17.0035326, 44.9439322], [17.0034476, 44.9438995], [17.003356, 44.9438079], [17.0033298, 44.943736], [17.0032492, 44.9435899], [17.0031772, 44.9435005], [17.0028567, 44.9433414], [17.0027761, 44.9432825], [17.0027194, 44.9432019], [17.0026998, 44.9431234], [17.0026714, 44.9430362], [17.0026366, 44.9429882], [17.0025537, 44.9429359], [17.00246, 44.9428727], [17.0024033, 44.9427789], [17.0023858, 44.9425653], [17.0023422, 44.9423843], [17.0023531, 44.9422731], [17.0023531, 44.9421401], [17.0023291, 44.9420246], [17.0022877, 44.9419439], [17.0022114, 44.9418654], [17.0021068, 44.9418], [17.0019433, 44.9417651], [17.0016271, 44.9417499], [17.0014069, 44.941763], [17.0012892, 44.9417804], [17.0011802, 44.9417695], [17.0010908, 44.9417193], [17.0010254, 44.94163], [17.00096, 44.9415362], [17.0007987, 44.9414686], [17.0007311, 44.9414904], [17.0006134, 44.9415013], [17.0004913, 44.9414774], [17.0004259, 44.9414294], [17.0004062, 44.9413356], [17.0004237, 44.9412746], [17.0004193, 44.9412354], [17.000391, 44.9411917], [17.0003169, 44.9411699], [17.0002711, 44.9411547], [17.0002427, 44.9410871], [17.0001032, 44.9409737], [17.0000204, 44.9409672], [16.9999222, 44.9409454], [16.9998568, 44.94088], [16.9997675, 44.940856], [16.9995974, 44.9408582], [16.9995102, 44.9408495], [16.999447, 44.9407971], [16.9994143, 44.9407579], [16.999399, 44.9406205], [16.9993968, 44.9405704], [16.9993663, 44.9404854], [16.9993249, 44.9404287], [16.9992181, 44.9403567], [16.9991243, 44.9403306], [16.9990153, 44.9403262], [16.9989194, 44.9403153], [16.9987733, 44.9402761], [16.9983155, 44.9400799], [16.9982065, 44.9400188], [16.9980866, 44.9399055], [16.9980299, 44.9398095], [16.9979601, 44.9396678], [16.9978947, 44.9395675], [16.9977988, 44.9394672], [16.9976331, 44.9393604], [16.9973649, 44.9392427], [16.9971818, 44.9390661], [16.9970488, 44.938992], [16.9969529, 44.93892], [16.9968657, 44.9388503], [16.9967741, 44.9387979], [16.9966302, 44.9387543], [16.9963424, 44.9387064], [16.9962596, 44.9386606], [16.9960394, 44.9386083], [16.9957712, 44.9385581], [16.9955946, 44.9384949], [16.9954725, 44.9384338], [16.9953068, 44.9383161], [16.9951935, 44.9382136], [16.9951193, 44.9381766], [16.9950365, 44.938157], [16.9948861, 44.9381461], [16.9947814, 44.9381221], [16.9946685, 44.93808], [16.994566, 44.9380212], [16.9944941, 44.9379666], [16.9944069, 44.9378805], [16.9943818, 44.9378544], [16.9943502, 44.9378293], [16.9943033, 44.9378042], [16.9942161, 44.9377726], [16.9941126, 44.9377421], [16.9939785, 44.9377236], [16.9938902, 44.9377181], [16.9937975, 44.9376985], [16.993703, 44.9376554], [16.9935904, 44.9376122], [16.993464, 44.9375968], [16.9934347, 44.9375783], [16.9933869, 44.9375135], [16.9933438, 44.9374272], [16.9932913, 44.9373717], [16.9932235, 44.9372885], [16.993185, 44.9372067], [16.993185, 44.9370911], [16.9932081, 44.9370387], [16.9932312, 44.9369786], [16.9932805, 44.9369154], [16.993279, 44.9367859], [16.9932621, 44.9367258], [16.993185, 44.936604], [16.9931341, 44.9365454], [16.9930678, 44.9365069], [16.9930169, 44.9364914], [16.9929522, 44.9364544], [16.9929306, 44.936402], [16.9929429, 44.9363589], [16.9929799, 44.9363219], [16.9929938, 44.9362648], [16.992974, 44.9362351], [16.9928984, 44.9361919], [16.992809, 44.9361611], [16.9925223, 44.9360069], [16.9924236, 44.9359267], [16.9922417, 44.9357356], [16.9921338, 44.9355722], [16.9920506, 44.9353656], [16.992029, 44.9352114], [16.9920074, 44.9350819], [16.9919827, 44.9349771], [16.9919242, 44.9348445], [16.9918162, 44.9348384], [16.9917607, 44.9349185], [16.99177, 44.9349617], [16.9917022, 44.9350018], [16.9916436, 44.9349894], [16.9915973, 44.9349185], [16.9915757, 44.9348199], [16.9913553, 44.9346164], [16.9913029, 44.9345871], [16.9912181, 44.9345115], [16.9911641, 44.934419], [16.9910131, 44.9342664], [16.9909113, 44.9341847], [16.9908327, 44.9341708], [16.9907217, 44.93412], [16.9906677, 44.9340629], [16.9906261, 44.9339936], [16.9906169, 44.9339134], [16.99064, 44.9338517], [16.9906277, 44.93377], [16.9906045, 44.9337068], [16.9905922, 44.9336282], [16.990603, 44.9335742], [16.9906477, 44.9334941], [16.9906893, 44.933454], [16.9907649, 44.9334124], [16.9908527, 44.9333908], [16.9909529, 44.9333707], [16.9910054, 44.9333522], [16.9910593, 44.9333183], [16.9910932, 44.9332721], [16.991121, 44.9332058], [16.9910917, 44.9330362], [16.9910177, 44.9329237], [16.9908913, 44.9328188], [16.9905567, 44.9327248], [16.9903656, 44.9326816], [16.9901421, 44.9325845], [16.9900372, 44.9324658], [16.9898707, 44.9321914], [16.9898353, 44.9320974], [16.989732, 44.9319201], [16.9895578, 44.9317844], [16.9894298, 44.9317428], [16.9892541, 44.931712], [16.9889997, 44.9316518], [16.9888995, 44.9315886], [16.9888749, 44.9315594], [16.9888116, 44.931473], [16.98877, 44.9314406], [16.9886621, 44.9314036], [16.9885835, 44.9313774], [16.9885295, 44.9313358], [16.988491, 44.9312834], [16.9884848, 44.9312171], [16.988491, 44.9311709], [16.988491, 44.9311077], [16.9884833, 44.9310583], [16.9884386, 44.9309828], [16.9883939, 44.9309473], [16.9883152, 44.9309088], [16.9882921, 44.9308733], [16.9882967, 44.9308255], [16.9882967, 44.930787], [16.9882366, 44.9307377], [16.9881565, 44.9306945], [16.9879638, 44.9306791], [16.9878821, 44.9306698], [16.9878173, 44.9306421], [16.9877803, 44.9305496], [16.9877865, 44.9304864], [16.9878034, 44.9304124], [16.9878081, 44.9303554], [16.9878019, 44.9302937], [16.9877664, 44.9302444], [16.9876015, 44.930158], [16.9875167, 44.9301349], [16.9874242, 44.9300748], [16.9873841, 44.9300177], [16.9873718, 44.9299576], [16.9873548, 44.9299021], [16.9873055, 44.9298435], [16.9872284, 44.9298019], [16.987119, 44.9296894], [16.9870696, 44.9296215], [16.9869725, 44.929546], [16.9868461, 44.9295152], [16.9867305, 44.9295152], [16.9865624, 44.9294813], [16.9862772, 44.9293471], [16.9861894, 44.9293163], [16.9861077, 44.9292608], [16.9860213, 44.92923], [16.9859319, 44.9292161], [16.9858672, 44.9291714], [16.9858379, 44.9291267], [16.985824, 44.9290481], [16.9858024, 44.9289787], [16.98572, 44.9289385], [16.9856221, 44.9289247], [16.9855604, 44.9289032], [16.9855018, 44.928786], [16.9854864, 44.9287459], [16.9854109, 44.9286272], [16.9853338, 44.9285501], [16.9852675, 44.9284993], [16.9851765, 44.9284499], [16.9849715, 44.9283204], [16.9849391, 44.9282896], [16.9848898, 44.9282048], [16.984859, 44.9281108], [16.9848035, 44.9280383], [16.9846863, 44.9279628], [16.9845768, 44.9279381], [16.9844643, 44.9279042], [16.984361, 44.9278595], [16.9842916, 44.9277886], [16.98425, 44.9277084], [16.9842531, 44.9276622], [16.9842824, 44.9276205], [16.9843502, 44.9276036], [16.9843949, 44.9275882], [16.9844458, 44.9275558], [16.9844628, 44.9274803], [16.9844921, 44.9272336], [16.9844921, 44.9271473], [16.9844443, 44.9270085], [16.9843641, 44.9269345], [16.9842238, 44.9268713], [16.9841529, 44.926822], [16.9840912, 44.9267064], [16.9840573, 44.9265907], [16.9840481, 44.9264104], [16.9840496, 44.9263379], [16.9840172, 44.926267], [16.983951, 44.9262238], [16.9838662, 44.9261915], [16.9837783, 44.9261838], [16.9837135, 44.9261915], [16.9836288, 44.9261915], [16.9835609, 44.9261468], [16.9835131, 44.9260789], [16.9834916, 44.9260096], [16.98349, 44.9259494], [16.9834761, 44.9259001], [16.9833066, 44.9258246], [16.9831832, 44.9257644], [16.9830568, 44.9257043], [16.9829289, 44.9255825], [16.9828256, 44.9254577], [16.9827269, 44.9253683], [16.9826591, 44.9252573], [16.9826205, 44.925137], [16.9825758, 44.9250168], [16.9824772, 44.9249196], [16.9823693, 44.9248117], [16.9823014, 44.9247285], [16.9822382, 44.924562], [16.9821689, 44.9244803], [16.9821241, 44.924397], [16.9820455, 44.9243076], [16.9819746, 44.924246], [16.9819114, 44.924172], [16.9818713, 44.9240856], [16.9817942, 44.9240101], [16.9815399, 44.9238852], [16.9812994, 44.9237403], [16.9810944, 44.9236447], [16.9809618, 44.9235507], [16.9808724, 44.9234089], [16.9805209, 44.9231653], [16.9804238, 44.9230697], [16.9803914, 44.9230142], [16.9803945, 44.922931], [16.9804207, 44.9229063], [16.9804561, 44.9228816], [16.9804685, 44.9228431], [16.9804592, 44.9227984], [16.980359, 44.9227367], [16.9801416, 44.9227383], [16.9799181, 44.922692], [16.979656, 44.9226365], [16.9795342, 44.9225872], [16.9793986, 44.9225039], [16.9791828, 44.9224253], [16.9788991, 44.9222989], [16.9787372, 44.9222095], [16.97858, 44.9220723], [16.9785245, 44.9220153], [16.9784274, 44.9219073], [16.978193, 44.9217516], [16.9779094, 44.9216422], [16.9777398, 44.9215404], [16.9775903, 44.9214356], [16.9774238, 44.9212784], [16.9773128, 44.9211458], [16.9771771, 44.9210672], [16.9770445, 44.9210024], [16.976932, 44.9209716], [16.9769012, 44.9209608], [16.9768549, 44.920913], [16.9768441, 44.9208714], [16.9768611, 44.9208313], [16.9769012, 44.9208236], [16.976989, 44.9208035], [16.9770029, 44.9207928], [16.9770214, 44.9207712], [16.9770276, 44.9207434], [16.9770245, 44.9206864], [16.9770106, 44.9206463], [16.9769968, 44.9206309], [16.9769181, 44.9205893], [16.9768488, 44.9205738], [16.9767655, 44.9205677], [16.9766437, 44.9205492], [16.9765281, 44.9204999], [16.9763123, 44.9203889], [16.9761011, 44.9202532], [16.9758668, 44.9201468], [16.9757095, 44.9200327], [16.9755831, 44.919877], [16.9753102, 44.9196011], [16.9750805, 44.9193159], [16.974968, 44.919154], [16.9748493, 44.9189444], [16.9747738, 44.9188688], [16.9746751, 44.9188395], [16.9745333, 44.9188318], [16.9744346, 44.9187995], [16.9742928, 44.9187008], [16.9742049, 44.9186345], [16.9741124, 44.9186068], [16.9740245, 44.9185636], [16.9739675, 44.9184834], [16.973855, 44.9183508], [16.973801, 44.9183108], [16.9737378, 44.9183046], [16.9736931, 44.9182876], [16.9736607, 44.9182476], [16.9736484, 44.9181921], [16.9736623, 44.9181289], [16.9736669, 44.9180579], [16.9736515, 44.9179994], [16.9736098, 44.9179331], [16.9735821, 44.9178375], [16.9735898, 44.917725], [16.973596, 44.9176479], [16.9735698, 44.9175107], [16.9735297, 44.917449], [16.9734819, 44.9174012], [16.9734449, 44.9173596], [16.9734264, 44.9173041], [16.9734218, 44.9172378], [16.9734356, 44.9172024], [16.9735204, 44.9171145], [16.9735343, 44.9170836], [16.9735081, 44.917005], [16.9734742, 44.9169757], [16.9734264, 44.9169249], [16.9733863, 44.9168601], [16.9733616, 44.9168], [16.9733231, 44.9167537], [16.9733092, 44.9166998], [16.9732954, 44.9166535], [16.9731921, 44.916561], [16.973152, 44.9165148], [16.9731119, 44.9164562], [16.973098, 44.9163653], [16.9730934, 44.9163021], [16.9731134, 44.9162373], [16.9731289, 44.9162003], [16.9731273, 44.9161217], [16.9731212, 44.9160909], [16.9730872, 44.9160523], [16.9729917, 44.9160014], [16.972853, 44.9159775], [16.9727081, 44.9159567], [16.9726433, 44.915942], [16.9725547, 44.9159297], [16.9724704, 44.9158976], [16.9724388, 44.9158779], [16.972417, 44.9158452], [16.9723788, 44.9158278], [16.9723074, 44.9158229], [16.9722704, 44.915806], [16.9722393, 44.9157657], [16.97223, 44.915721], [16.972234, 44.9156568], [16.9722324, 44.9156152], [16.9722232, 44.9155674], [16.972197, 44.915515], [16.9721076, 44.9154641], [16.9720258, 44.9154487], [16.9719364, 44.9154441], [16.9718254, 44.9154256], [16.9717314, 44.9153824], [16.9716867, 44.9153392], [16.971642, 44.9152776], [16.971588, 44.9152128], [16.9714678, 44.9151604], [16.9714323, 44.9150972], [16.97142, 44.9150695], [16.9714138, 44.9150016], [16.9714215, 44.9149569], [16.9714339, 44.9149076], [16.9714339, 44.9148691], [16.9713953, 44.9148012], [16.9713198, 44.9147611], [16.9712088, 44.9147689], [16.9710993, 44.9147858], [16.9710007, 44.9147735], [16.9708958, 44.9147426], [16.9708296, 44.9146856], [16.9707941, 44.9146024], [16.9707864, 44.9145392], [16.9707571, 44.9144682], [16.9706045, 44.9143202], [16.9705397, 44.9142355], [16.9704904, 44.9141476], [16.9704395, 44.9140397], [16.9703902, 44.9139241], [16.9703378, 44.9138393], [16.9701867, 44.9137005], [16.9701266, 44.9136512], [16.9699632, 44.9136034], [16.9698491, 44.9135941], [16.9697597, 44.9135618], [16.9696764, 44.9135001], [16.9696117, 44.9134554], [16.9695161, 44.9134292], [16.9693974, 44.9134292], [16.9692941, 44.9134415], [16.9692124, 44.9134415], [16.9691014, 44.9133984], [16.969029, 44.9133197], [16.9689889, 44.9132303], [16.968918, 44.9131286], [16.9688794, 44.913087], [16.9688116, 44.9130315], [16.9685017, 44.9127571], [16.9684509, 44.9126985], [16.9684262, 44.9126322], [16.9684108, 44.9125767], [16.9683368, 44.9125073], [16.9681734, 44.9124102], [16.9679005, 44.9122992], [16.9677016, 44.9122036], [16.9675336, 44.9121281], [16.9673162, 44.9119724], [16.9672546, 44.9119354], [16.9672237, 44.9118984], [16.967196, 44.9118367], [16.9672268, 44.9117165], [16.967253, 44.9116964], [16.9672808, 44.9116517], [16.9672808, 44.9116363], [16.9672684, 44.9115808], [16.9672376, 44.9115531], [16.9671944, 44.9115253], [16.9671652, 44.9114976], [16.9671389, 44.9114652], [16.9671266, 44.9114359], [16.9671251, 44.9113912], [16.9671189, 44.9113588], [16.9670958, 44.9113249], [16.9670557, 44.9112817], [16.9670233, 44.9112262], [16.9670172, 44.911163], [16.9670326, 44.9111214], [16.967048, 44.9110859], [16.9670619, 44.9110243], [16.9670619, 44.9109827], [16.9670526, 44.9109349], [16.9669925, 44.9108547], [16.9669123, 44.9107853], [16.9668584, 44.9107052], [16.9668383, 44.9106512], [16.9668245, 44.9105803], [16.9667535, 44.9104647], [16.9667181, 44.9103953], [16.9666549, 44.9102674], [16.9666225, 44.9101533], [16.9666056, 44.9100608], [16.9665177, 44.9098619], [16.9664529, 44.9097401], [16.9663111, 44.9095705], [16.9661986, 44.9094642], [16.966049, 44.9093131], [16.9659288, 44.9091173], [16.9658363, 44.9089662], [16.9657623, 44.9088938], [16.9656837, 44.9088583], [16.9655943, 44.9088337], [16.9654678, 44.9088306], [16.9653106, 44.9088028], [16.9651641, 44.9087797], [16.9649869, 44.908735], [16.9649067, 44.9087011], [16.9647849, 44.908681], [16.9646708, 44.9086841], [16.9644843, 44.9086595], [16.9643486, 44.908644], [16.9642238, 44.9086841], [16.9641128, 44.9087165], [16.9639694, 44.9087381], [16.9638538, 44.9087504], [16.9637613, 44.9087535], [16.9636534, 44.908735], [16.9635963, 44.9087057], [16.9635562, 44.9086271], [16.9635439, 44.9085839], [16.9635054, 44.9085115], [16.9634684, 44.9084976], [16.9633898, 44.908493], [16.963345, 44.9084976], [16.9632988, 44.9085192], [16.9632526, 44.9085515], [16.9632017, 44.9085685], [16.9631539, 44.9085639], [16.9631107, 44.9085562], [16.9630506, 44.908533], [16.9629643, 44.9085145], [16.9628872, 44.9085022], [16.9628363, 44.9084529], [16.9628039, 44.9083203], [16.9627608, 44.9082355], [16.9627361, 44.9082062], [16.9626775, 44.9081646], [16.9625555, 44.9081042], [16.9624443, 44.9080911], [16.9623636, 44.9080759], [16.9622415, 44.9080213], [16.9621914, 44.907993], [16.9621303, 44.9079385], [16.9620889, 44.9078796], [16.9620279, 44.9078142], [16.9619385, 44.9077532], [16.9618207, 44.9077227], [16.9617096, 44.90769], [16.9616005, 44.9076158], [16.9615242, 44.9075265], [16.9614327, 44.907461], [16.9607122, 44.9070588], [16.9605828, 44.9069469], [16.9605324, 44.9068636], [16.9604971, 44.9067803], [16.9604786, 44.9066862], [16.9602761, 44.9069068], [16.9602047, 44.906891], [16.9603442, 44.9064327], [16.959998, 44.906034], [16.9598891, 44.9059412], [16.9598084, 44.9059368], [16.9597539, 44.905939], [16.9597146, 44.9059434], [16.9596689, 44.9059608], [16.9595729, 44.9059957], [16.9595184, 44.9060022], [16.9594487, 44.9060022], [16.9593179, 44.9059128], [16.9592328, 44.9058365], [16.9591761, 44.9057624], [16.959078, 44.9056665], [16.9589974, 44.9056229], [16.9589123, 44.9055815], [16.9588513, 44.9055291], [16.9587837, 44.9054179], [16.9587685, 44.9053482], [16.9587597, 44.9053089], [16.9587445, 44.9052348], [16.9587249, 44.9051781], [16.9586878, 44.9051214], [16.9586507, 44.9050866], [16.9585722, 44.9050364], [16.9585047, 44.9050037], [16.9584436, 44.9049885], [16.9583542, 44.9049645], [16.9583063, 44.9049492], [16.9582648, 44.9049187], [16.9582147, 44.9048598], [16.9581798, 44.9048053], [16.9581275, 44.9047508], [16.9580076, 44.9046963], [16.9578241, 44.9046442], [16.9577485, 44.9046442], [16.957673, 44.9046349], [16.9576005, 44.9045964], [16.9575743, 44.904564], [16.9575712, 44.9045239], [16.9575774, 44.9044669], [16.9575743, 44.9044438], [16.9575188, 44.904396], [16.9573693, 44.9043189], [16.9572567, 44.904248], [16.9571273, 44.9041724], [16.9570579, 44.9041123], [16.9570286, 44.9040599], [16.9569885, 44.9039875], [16.9568559, 44.9038842], [16.9566987, 44.9037608], [16.9565353, 44.9036329], [16.9564073, 44.903508], [16.956304, 44.9033909], [16.9561977, 44.9032768], [16.956116, 44.9032043], [16.9560512, 44.903138], [16.9558893, 44.9028682], [16.9558015, 44.9027249], [16.9557429, 44.9026123], [16.9556905, 44.9024844], [16.9556566, 44.902341], [16.9556196, 44.9022038], [16.9554947, 44.9020435], [16.9553621, 44.9019078], [16.9549705, 44.9015887], [16.9547547, 44.90145], [16.9546499, 44.9013251], [16.954616, 44.9012773], [16.9545975, 44.9012126], [16.9545928, 44.9011339], [16.9546067, 44.9010599], [16.9546298, 44.9010137], [16.9546638, 44.9009736], [16.9547054, 44.9008765], [16.954727, 44.9008225], [16.9547301, 44.9007532], [16.9547177, 44.9006576], [16.9546668, 44.9005805], [16.9545821, 44.9005188], [16.9544788, 44.9004726], [16.9543709, 44.9004572], [16.9542105, 44.9004464], [16.9541072, 44.9004001], [16.9540086, 44.9003416], [16.9539284, 44.9003338], [16.9538775, 44.9003539], [16.9538606, 44.9003878], [16.9538575, 44.9004294], [16.9538328, 44.9004741], [16.9537712, 44.9004849], [16.9537157, 44.900471], [16.9536293, 44.9004171], [16.9535615, 44.9003523], [16.9534736, 44.9002999], [16.9533503, 44.9002953], [16.9533118, 44.9003446], [16.9532486, 44.9004001], [16.9531561, 44.9004294], [16.9530589, 44.9003801], [16.9530096, 44.9002891], [16.9530142, 44.9002259], [16.953062, 44.9001566], [16.9531037, 44.9000934], [16.9531067, 44.900044], [16.9530744, 44.9000086], [16.9530065, 44.8999623], [16.9529541, 44.8999392], [16.9528724, 44.8999407], [16.952803, 44.8999299], [16.952766, 44.8999084], [16.9527368, 44.8998637], [16.9526982, 44.8997974], [16.9526288, 44.8997249], [16.9524932, 44.8996417], [16.9523267, 44.8995723], [16.9521448, 44.8994952], [16.9519382, 44.899415], [16.9517008, 44.8993719], [16.9514942, 44.8993349], [16.9514171, 44.8993133], [16.95132, 44.8992563], [16.9512321, 44.89919], [16.9511736, 44.8991437], [16.9510687, 44.8991021], [16.9509839, 44.8991144], [16.9509177, 44.8991591], [16.9508622, 44.8991853], [16.9508005, 44.8991684], [16.9507126, 44.8991684], [16.9506047, 44.8992023], [16.9505708, 44.8992085], [16.9505107, 44.8991992], [16.9504644, 44.8991823], [16.9504058, 44.8991545], [16.9503118, 44.8991499], [16.9502656, 44.8991761], [16.9502147, 44.8991931], [16.9501731, 44.8991853], [16.9500852, 44.8991653], [16.9499819, 44.8991453], [16.9498909, 44.8991468], [16.9497969, 44.8991545], [16.9497229, 44.8991668], [16.9496212, 44.8992162], [16.9495595, 44.8992393], [16.9494593, 44.8992347], [16.9494084, 44.899227], [16.9493421, 44.89919], [16.9492835, 44.8991607], [16.9492111, 44.8991514], [16.9491371, 44.8991237], [16.9490708, 44.8990774], [16.949023, 44.8990358], [16.9489151, 44.8989649], [16.9488611, 44.8989356], [16.9488072, 44.8989048], [16.9487394, 44.8988539], [16.9487024, 44.898803], [16.9486561, 44.8987568], [16.9485837, 44.8987259], [16.9485282, 44.8986951], [16.9484665, 44.8986165], [16.9484102, 44.898534], [16.9483717, 44.8984885], [16.94828, 44.8984384], [16.9481936, 44.8984053], [16.948125, 44.8983822], [16.9480595, 44.8983714], [16.9479793, 44.8983937], [16.9479285, 44.8984076], [16.9478668, 44.8984354], [16.9477789, 44.8984354], [16.9477204, 44.8984323], [16.9476772, 44.8984292], [16.9476155, 44.8984138], [16.9475369, 44.8983937], [16.9474521, 44.8983814], [16.9473797, 44.898386], [16.9471484, 44.8984847], [16.9470297, 44.8984801], [16.9466721, 44.8982874], [16.9462774, 44.8979035], [16.9461525, 44.8978989], [16.9462281, 44.8978757], [16.946279, 44.8978465], [16.9462944, 44.8978187], [16.9463036, 44.897774], [16.9462836, 44.8977093], [16.9466089, 44.8972283], [16.9470405, 44.8966163], [16.947244, 44.8965993], [16.947466, 44.8963172], [16.9478267, 44.895978], [16.9483046, 44.8961831], [16.948499, 44.8959238], [16.9487149, 44.8958322], [16.9489241, 44.8956709], [16.9492577, 44.8954899], [16.9494845, 44.8952087], [16.9498485, 44.8948751], [16.9498812, 44.8944827], [16.9500339, 44.8944696], [16.950326, 44.8942647], [16.950435, 44.8940903], [16.9502453, 44.8939703], [16.9503456, 44.8933381], [16.9504132, 44.8931964], [16.9504132, 44.8931441], [16.9505069, 44.8927211], [16.9505615, 44.8923941], [16.9497504, 44.8921259], [16.9491204, 44.8917073], [16.9493188, 44.8913847], [16.9491923, 44.8913454], [16.9493297, 44.8910794], [16.9496327, 44.8906347], [16.9496828, 44.8904559], [16.9498333, 44.8901681], [16.9500513, 44.8900155], [16.950132, 44.8898302], [16.9503827, 44.8895839], [16.9504372, 44.8893767], [16.9503347, 44.8886725], [16.9503238, 44.8880163], [16.9504479, 44.887856], [16.9504656, 44.8878768], [16.9504718, 44.8878914], [16.9504934, 44.8879022], [16.9505258, 44.887903], [16.9505489, 44.8878976], [16.950572, 44.8878938], [16.9506036, 44.8879007], [16.9506221, 44.8879192], [16.9506167, 44.8879516], [16.9506052, 44.887977], [16.9506052, 44.8879986], [16.9506136, 44.8880209], [16.9506368, 44.8880371], [16.9506876, 44.8880286], [16.9507108, 44.888014], [16.9507285, 44.8879916], [16.9507462, 44.8879647], [16.9507971, 44.8879254], [16.9508603, 44.8879115], [16.9509011, 44.8879115], [16.9509374, 44.8879184], [16.950969, 44.8879338], [16.9509798, 44.8879516], [16.9509751, 44.8879778], [16.9509522, 44.8879959], [16.9509352, 44.8880175], [16.950946, 44.8880453], [16.9509692, 44.8880576], [16.9510247, 44.8880699], [16.9510555, 44.8880977], [16.9510771, 44.8881115], [16.9511171, 44.8881131], [16.9511464, 44.8881054], [16.9511757, 44.8880977], [16.9511896, 44.8880838], [16.9511973, 44.8880638], [16.9512081, 44.8880268], [16.9512266, 44.8879975], [16.9512451, 44.8879944], [16.9512728, 44.8880113], [16.951279, 44.8880437], [16.9512667, 44.8880792], [16.9512374, 44.8881146], [16.9512266, 44.8881439], [16.9512174, 44.8881979], [16.9512204, 44.8882364], [16.9512559, 44.8882811], [16.9512898, 44.8882965], [16.9513345, 44.8882919], [16.9513746, 44.8882811], [16.9513993, 44.8882488], [16.9514039, 44.8882241], [16.9514178, 44.888184], [16.9514779, 44.8881347], [16.9515056, 44.8881331], [16.951538, 44.8881455], [16.951558, 44.8881748], [16.9515627, 44.8882056], [16.9515719, 44.8882441], [16.9515858, 44.8882595], [16.9516305, 44.8882703], [16.9516629, 44.8882611], [16.9516814, 44.8882457], [16.9517153, 44.8882195], [16.9517507, 44.888201], [16.951797, 44.8881794], [16.9518402, 44.8881809], [16.9518679, 44.8881855], [16.9519095, 44.8882118], [16.9519311, 44.888238], [16.951945, 44.8882672], [16.951965, 44.8882996], [16.951982, 44.8883135], [16.9520159, 44.8883135], [16.9520426, 44.8883051], [16.9520513, 44.8882419], [16.9523432, 44.8877745], [16.952428, 44.8877206], [16.9525067, 44.8874677], [16.9527734, 44.8874092], [16.9528165, 44.8873475], [16.9529106, 44.8872165], [16.9530724, 44.8870793], [16.9531449, 44.8870392], [16.9532805, 44.8870084], [16.9533915, 44.8869883], [16.9534933, 44.8868526], [16.9533052, 44.8866461], [16.9532775, 44.8866137], [16.9532697, 44.8865089], [16.9532636, 44.8863501], [16.9532173, 44.8862915], [16.9531094, 44.8861867], [16.9530262, 44.8860973], [16.9528319, 44.8857458], [16.9530108, 44.885718], [16.9531279, 44.8856779], [16.9532574, 44.8856101], [16.9534147, 44.8854991], [16.9536305, 44.8854128], [16.953834, 44.8853665], [16.9540621, 44.8853265], [16.9542841, 44.8852525], [16.954503, 44.8851045], [16.9552831, 44.8843028], [16.9551413, 44.8842196], [16.955243, 44.8841178], [16.9562117, 44.8828604], [16.9560896, 44.8828124], [16.9560896, 44.8827776], [16.956397, 44.881742], [16.9561855, 44.8816657], [16.9556308, 44.8812261], [16.9555676, 44.8810997], [16.9552808, 44.8808669], [16.9553286, 44.8805138], [16.9554257, 44.8802764], [16.9554997, 44.8801485], [16.9556678, 44.8797199], [16.9550249, 44.8794455], [16.9545424, 44.8792235], [16.9544715, 44.8792574], [16.9544006, 44.8792867], [16.9542942, 44.8793083], [16.9541647, 44.879316], [16.9540352, 44.879316], [16.9539103, 44.8792913], [16.9536945, 44.8792266], [16.9533723, 44.8791125], [16.9531364, 44.8790616], [16.9529746, 44.8790601], [16.95301, 44.8788936], [16.9533106, 44.8784435], [16.9530902, 44.8783371], [16.953629, 44.8777975], [16.9527989, 44.8773589], [16.9523194, 44.8771323], [16.9523379, 44.8769674], [16.9512295, 44.8768625], [16.9513127, 44.8765542], [16.9506113, 44.8762875], [16.9506206, 44.8762089], [16.9498975, 44.87601], [16.9505877, 44.8744824], [16.9503741, 44.8743211], [16.9504962, 44.8743211], [16.9506182, 44.8743036], [16.9506793, 44.8742731], [16.9510761, 44.8739941], [16.9510717, 44.8739156], [16.9510848, 44.873824], [16.9510892, 44.873776], [16.9511328, 44.8737237], [16.9515339, 44.8734577], [16.9510325, 44.8729999], [16.9509235, 44.8720842], [16.9508973, 44.8718226], [16.9507578, 44.8716918], [16.9505834, 44.8713866], [16.9501168, 44.8711751], [16.9496023, 44.870968], [16.9492818, 44.870883], [16.9488283, 44.8705058], [16.9485907, 44.8701504], [16.9485776, 44.8697842], [16.9486539, 44.869516], [16.948595, 44.8692064], [16.9486321, 44.8687835], [16.9484227, 44.8680382], [16.9484089, 44.8678493], [16.9479862, 44.8669838], [16.9477006, 44.8668944], [16.9472863, 44.8667396], [16.9469179, 44.866635], [16.9461854, 44.8664606], [16.9466955, 44.8656779], [16.9466693, 44.8654806], [16.9468312, 44.8649904], [16.946771, 44.864571], [16.9463101, 44.8643151], [16.945971, 44.8641008], [16.9459463, 44.8641378], [16.9459124, 44.864164], [16.9458538, 44.864181], [16.9457968, 44.864181], [16.9457181, 44.864164], [16.9456272, 44.8641093], [16.9456118, 44.8640924], [16.9455948, 44.8640608], [16.9455871, 44.8640045], [16.9455856, 44.8639798], [16.9455701, 44.8639421], [16.9455301, 44.8639089], [16.9454907, 44.8638966], [16.9454476, 44.8639174], [16.9454029, 44.8639652], [16.9453828, 44.8639929], [16.9453566, 44.8640638], [16.9453566, 44.8641163], [16.9453535, 44.8641455], [16.9453443, 44.864198], [16.9453227, 44.8642473], [16.9452688, 44.8642935], [16.9452102, 44.8643059], [16.945184, 44.8643043], [16.9451038, 44.8642442], [16.9450144, 44.864198], [16.944888, 44.8641949], [16.9448217, 44.8642288], [16.9447862, 44.8642781], [16.9447477, 44.864349], [16.944703, 44.8643722], [16.9446614, 44.8643922], [16.9445735, 44.8644045], [16.9445087, 44.8644215], [16.944464, 44.8644677], [16.944424, 44.8645448], [16.9443469, 44.8646389], [16.9442867, 44.8646851], [16.9440447, 44.8648269], [16.9439368, 44.8648578], [16.943758, 44.8648701], [16.943647, 44.864867], [16.9435699, 44.8648639], [16.9434589, 44.8648084], [16.9434142, 44.8647144], [16.9434127, 44.8646836], [16.9434142, 44.8646589], [16.9434404, 44.8646142], [16.9434651, 44.8645618], [16.9434635, 44.8645232], [16.9434404, 44.8644832], [16.9434003, 44.8644785], [16.9433479, 44.864494], [16.9433232, 44.8645356], [16.9433232, 44.8645818], [16.9433232, 44.8646265], [16.9433109, 44.8646666], [16.9432755, 44.8646805], [16.9432354, 44.8646635], [16.9431984, 44.8646265], [16.9431907, 44.8645926], [16.9431937, 44.8645464], [16.943186, 44.8644862], [16.9431537, 44.8644369], [16.9430797, 44.8644261], [16.9429933, 44.864403], [16.9429533, 44.8643429], [16.942907, 44.864235], [16.9428361, 44.8641579], [16.9427421, 44.8641271], [16.9426573, 44.8641271], [16.9425679, 44.8641409], [16.9425062, 44.8641656], [16.9424476, 44.8642242], [16.9423983, 44.8642966], [16.9423644, 44.8643614], [16.9423459, 44.864494], [16.942352, 44.8645664], [16.9423474, 44.8646142], [16.9423135, 44.8646604], [16.9422534, 44.8646928], [16.9422087, 44.8647036], [16.9421069, 44.8647375], [16.9419975, 44.8647976], [16.9419219, 44.8648747], [16.9418464, 44.8649487], [16.9417878, 44.8649765], [16.9417261, 44.864995], [16.9416275, 44.8650011], [16.9415519, 44.8649842], [16.9414779, 44.8649626], [16.941387, 44.8649364], [16.941276, 44.8649271], [16.9411804, 44.8649364], [16.9410941, 44.8649534], [16.9410247, 44.8649826], [16.9409707, 44.8650212], [16.940812, 44.865089], [16.9407195, 44.8651461], [16.9406547, 44.8652339], [16.9406208, 44.8652987], [16.9406069, 44.8653388], [16.940553, 44.8654189], [16.9405098, 44.8654528], [16.9404235, 44.865476], [16.9403387, 44.8655191], [16.9403171, 44.8655762], [16.9402679, 44.865671], [16.940234, 44.8656972], [16.9401893, 44.8657265], [16.9401122, 44.8657558], [16.940086, 44.8657527], [16.9400397, 44.8657327], [16.9399673, 44.8657342], [16.9398671, 44.8657342], [16.9397931, 44.8656802], [16.9397391, 44.8656047], [16.9397087, 44.8655732], [16.9396781, 44.8655514], [16.9395975, 44.8655198], [16.9394699, 44.8655492], [16.9393925, 44.8656059], [16.9393794, 44.8657128], [16.9393446, 44.8657825], [16.9393326, 44.865788], [16.9392944, 44.8657956], [16.9392312, 44.8657967], [16.9391593, 44.8657803], [16.9390829, 44.8657269], [16.9389805, 44.8656903], [16.9389142, 44.8656795], [16.938854, 44.8656779], [16.9387739, 44.8656887], [16.9387184, 44.8657057], [16.9386552, 44.8657427], [16.9385997, 44.8657751], [16.9385411, 44.8657966], [16.9384841, 44.8657951], [16.9383839, 44.8657951], [16.9383129, 44.8657951], [16.9381958, 44.8658198], [16.9381326, 44.865866], [16.9380832, 44.8659416], [16.9379938, 44.8660217], [16.9378736, 44.8660495], [16.9378227, 44.8660418], [16.9377086, 44.8660156], [16.937613, 44.8660202], [16.9375144, 44.866051], [16.937408, 44.8661373], [16.9372492, 44.8663886], [16.9373448, 44.8666183], [16.9371644, 44.8667786], [16.9364825, 44.8663873], [16.9364378, 44.8662493], [16.9364987, 44.8660589], [16.9364817, 44.8659094], [16.9362967, 44.8657937], [16.9364709, 44.8657891], [16.9370521, 44.8655764], [16.9373234, 44.8652912], [16.9373712, 44.8651925], [16.937641, 44.8648888], [16.9367977, 44.8646699], [16.9367222, 44.8646961], [16.9366513, 44.8647177], [16.9365495, 44.8647177], [16.936289, 44.8646267], [16.9362597, 44.8645851], [16.9362582, 44.8645296], [16.9362921, 44.864434], [16.9363352, 44.8643678], [16.9363522, 44.864303], [16.9363275, 44.8642429], [16.9363044, 44.8641966], [16.9363075, 44.8641334], [16.9363861, 44.8640224], [16.9364139, 44.8639839], [16.9364293, 44.8639238], [16.9364154, 44.8638606], [16.9363722, 44.8638082], [16.9363044, 44.8637789], [16.9362227, 44.8637804], [16.9361518, 44.8638097], [16.9361163, 44.8638698], [16.9361055, 44.8639299], [16.9360778, 44.8640024], [16.9360223, 44.8640456], [16.9359406, 44.8640764], [16.9358465, 44.8640733], [16.9357741, 44.8640579], [16.9357109, 44.8640286], [16.9356646, 44.8639962], [16.9356091, 44.8639531], [16.9355321, 44.8639284], [16.9354673, 44.8639284], [16.9353902, 44.8639669], [16.9353193, 44.8639978], [16.9352253, 44.8640348], [16.935122, 44.8640579], [16.9350372, 44.8640579], [16.9349416, 44.8640594], [16.9348954, 44.864061], [16.9347967, 44.8640949], [16.9347443, 44.8641288], [16.9347042, 44.8641766], [16.9346903, 44.8642336], [16.9346965, 44.8642953], [16.9347289, 44.8643585], [16.9348445, 44.8644849], [16.9351266, 44.8647408], [16.9350357, 44.8648087], [16.9349062, 44.8646946], [16.9344406, 44.8644741], [16.933642, 44.8641797], [16.9321421, 44.8637573], [16.9319216, 44.8633719], [16.9317875, 44.863341], [16.9315378, 44.8632902], [16.9313219, 44.8632686], [16.9310336, 44.8632547], [16.9304249, 44.8631212], [16.9303044, 44.8630864], [16.9302457, 44.863071], [16.9301869, 44.8630611], [16.9302239, 44.8627984], [16.9302555, 44.8625318], [16.9284903, 44.8622961], [16.927656, 44.8621108], [16.9276991, 44.8619413], [16.927212, 44.8619289], [16.9272213, 44.8618364], [16.9271611, 44.8618318], [16.9271349, 44.8605091], [16.9274741, 44.8602625], [16.927841, 44.8602193], [16.9278209, 44.8600836], [16.927878, 44.8599541], [16.9279782, 44.8598493], [16.9281277, 44.8597799], [16.9282834, 44.8597368], [16.9282341, 44.8599295], [16.9285609, 44.8599033], [16.9290234, 44.8598401], [16.9294982, 44.8597661], [16.9292947, 44.8593591], [16.9290126, 44.8594654], [16.9288153, 44.8591587], [16.9287767, 44.8591802], [16.9280784, 44.8583694], [16.9277994, 44.8581952], [16.9278286, 44.857987], [16.9281308, 44.8581628], [16.9289602, 44.8573504], [16.928823, 44.8573103], [16.9293148, 44.8566227], [16.9294627, 44.8561972], [16.9296817, 44.8559583], [16.9298142, 44.8559614], [16.9299992, 44.8558596], [16.9304155, 44.8557687], [16.9304908, 44.8557524], [16.9306127, 44.8556818], [16.9307174, 44.855611], [16.9306858, 44.8554767], [16.9306775, 44.8554001], [16.9306775, 44.8553494], [16.9307041, 44.8553141], [16.930724, 44.855294], [16.930759, 44.8552858], [16.9307972, 44.8552787], [16.9308521, 44.855274], [16.9309152, 44.8552822], [16.9310283, 44.8553035], [16.9312361, 44.8551844], [16.9313275, 44.8551726], [16.9313491, 44.8552398], [16.9314655, 44.8552198], [16.9316567, 44.8551832], [16.9316185, 44.855122], [16.9315071, 44.8550383], [16.9314373, 44.8549746], [16.9313974, 44.8549145], [16.931389, 44.8548509], [16.9314023, 44.8547884], [16.9315353, 44.8545621], [16.9316318, 44.8543951], [16.931715, 44.8541885], [16.9320434, 44.8542055], [16.9322037, 44.8539927], [16.9318553, 44.8537368], [16.9318337, 44.8535195], [16.9324951, 44.8534208], [16.9326631, 44.8531325], [16.9325182, 44.8529198], [16.9328312, 44.8526546], [16.9324134, 44.8513257], [16.9316626, 44.851426], [16.9314992, 44.8506305], [16.931604, 44.8506197], [16.9315532, 44.8495259], [16.9315816, 44.8491269], [16.9316132, 44.8487879], [16.9315663, 44.8484456], [16.9315445, 44.8480641], [16.9315837, 44.8471157], [16.9304555, 44.8474406], [16.9304566, 44.8472258], [16.9305242, 44.8470918], [16.9305296, 44.8468617], [16.9306866, 44.8467342], [16.9318911, 44.8464006], [16.9318901, 44.8459701], [16.9321397, 44.8459581], [16.9319947, 44.845013], [16.9325081, 44.8450228], [16.933112, 44.8450261], [16.9335208, 44.8450195], [16.9335252, 44.8448734], [16.9334685, 44.8446107], [16.9334423, 44.8442924], [16.933511, 44.8438575], [16.9334728, 44.8434672], [16.9337072, 44.8434247], [16.9336293, 44.8432706], [16.9336102, 44.8432329], [16.9336767, 44.8430715], [16.9339132, 44.8429582], [16.93414, 44.8423641], [16.9341204, 44.8422049], [16.9338348, 44.8419662], [16.9337094, 44.8418136], [16.9334587, 44.8417253], [16.9334096, 44.8416512], [16.9333671, 44.8412849], [16.9334314, 44.8407998], [16.933414, 44.8406232], [16.9333268, 44.8406428], [16.933208, 44.8405665], [16.9328134, 44.8402057], [16.9325441, 44.8401], [16.9323337, 44.8400836], [16.9319956, 44.8401637], [16.931528, 44.840147], [16.9313678, 44.8401165], [16.9312043, 44.8402091], [16.9310844, 44.840208], [16.9302962, 44.8398864], [16.9301611, 44.8397676], [16.9301796, 44.8396891], [16.9299518, 44.8394504], [16.929961, 44.839353], [16.9299952, 44.8391821], [16.9301602, 44.8388331], [16.9303744, 44.838459], [16.9305695, 44.8382209], [16.9306814, 44.838035], [16.9307453, 44.8378922], [16.9307709, 44.8377629], [16.9307326, 44.8376405], [16.9306654, 44.8375634], [16.9305471, 44.8374591], [16.930448, 44.8374001], [16.9303872, 44.8373185], [16.9303936, 44.8372187], [16.9305375, 44.8371598], [16.9305983, 44.8371394], [16.9307134, 44.8371076], [16.9308061, 44.8370374], [16.9308509, 44.8369489], [16.9307709, 44.8367721], [16.9306814, 44.8367018], [16.9305951, 44.8365952], [16.930368, 44.8363208], [16.9303521, 44.8362619], [16.930384, 44.8361848], [16.9305183, 44.8361327], [16.9306015, 44.8361281], [16.9306462, 44.836144], [16.9307549, 44.8362097], [16.9308988, 44.8363413], [16.9309692, 44.8364002], [16.9310779, 44.8364478], [16.9312346, 44.8364682], [16.9313817, 44.8364592], [16.9314328, 44.836441], [16.931468, 44.8363911], [16.9314808, 44.8363186], [16.9314584, 44.8358333], [16.9315032, 44.8357653], [16.9316087, 44.8357086], [16.9317749, 44.8356973], [16.9318357, 44.8356021], [16.9328014, 44.835915], [16.9328301, 44.8358764], [16.9328269, 44.8358333], [16.9328205, 44.8357789], [16.9328557, 44.8356497], [16.9331083, 44.8353096], [16.9330923, 44.8352189], [16.9336647, 44.8350329], [16.9338629, 44.8347472], [16.9339589, 44.8346475], [16.9340963, 44.8345726], [16.934253, 44.8345749], [16.9343106, 44.8346134], [16.9344225, 44.8346452], [16.9345248, 44.8346271], [16.9345888, 44.8345568], [16.9347039, 44.8343618], [16.9349149, 44.834296], [16.9351387, 44.8341101], [16.9352826, 44.8340398], [16.935369, 44.834042], [16.9354553, 44.8340874], [16.9356184, 44.8340239], [16.9356855, 44.8340284], [16.9357622, 44.8340602], [16.9358646, 44.8340738], [16.9359125, 44.8340602], [16.9359541, 44.8340058], [16.9359541, 44.8339649], [16.9359829, 44.8339332], [16.936098, 44.8339219], [16.9364255, 44.8341079], [16.9367871, 44.8339953], [16.9369694, 44.8341079], [16.9375164, 44.8344977], [16.9376468, 44.8343999], [16.9378914, 44.8342458], [16.9382649, 44.8340368], [16.9385688, 44.8338426], [16.9388074, 44.8337092], [16.9391054, 44.833555], [16.9393662, 44.8333905], [16.9395204, 44.8332556], [16.9396242, 44.83314], [16.9396864, 44.8330259], [16.9397353, 44.832894], [16.939762, 44.8327872], [16.9398465, 44.8326316], [16.939888, 44.8325545], [16.9400244, 44.8323188], [16.9401459, 44.8320609], [16.9402808, 44.8318341], [16.9404542, 44.83164], [16.9407077, 44.8313554], [16.9408233, 44.8312264], [16.9408841, 44.8310441], [16.9409108, 44.8307995], [16.9408974, 44.8305179], [16.9408589, 44.8303519], [16.9407788, 44.830137], [16.9407106, 44.8298509], [16.9406879, 44.8293031], [16.9406889, 44.8290987], [16.9406963, 44.8288765], [16.9407424, 44.8286658], [16.9408493, 44.828277], [16.9409551, 44.8279971], [16.9410484, 44.8278776], [16.9412476, 44.8276973], [16.9417423, 44.8272666], [16.94178, 44.8272205], [16.9417884, 44.8271848], [16.9417842, 44.8271471], [16.9415831, 44.8268884], [16.9415725, 44.8268222], [16.94154, 44.8267771], [16.9415306, 44.8267394], [16.941541, 44.8266859], [16.9417241, 44.8265422], [16.9418743, 44.8264008], [16.9419844, 44.8263222], [16.9420515, 44.8262635], [16.9421678, 44.8260874], [16.9422925, 44.8256556], [16.9424099, 44.8252259], [16.9424581, 44.8252395], [16.9424843, 44.8251525], [16.9425263, 44.8248758], [16.9425315, 44.8245373], [16.9425378, 44.8243801], [16.9425797, 44.8242302], [16.9426416, 44.8240594], [16.9425252, 44.8240202], [16.9423354, 44.8240083], [16.9420153, 44.8240128], [16.9413794, 44.824035], [16.9411111, 44.8240498], [16.9409066, 44.8240454], [16.9403715, 44.8239609], [16.9405864, 44.8235399], [16.9404293, 44.8234851], [16.940242, 44.8233701], [16.9400364, 44.8232517], [16.939719, 44.8231372], [16.9395614, 44.8230955], [16.9396471, 44.8229821], [16.9397273, 44.8229087], [16.9397951, 44.8228854], [16.940041, 44.8229368], [16.9406245, 44.8228886], [16.9407389, 44.8226252], [16.9408249, 44.8224373], [16.9408081, 44.8223807], [16.9407107, 44.8223199], [16.9404759, 44.8223063], [16.9403805, 44.8223094], [16.9403155, 44.8222937], [16.9402694, 44.8222298], [16.9402673, 44.8221858], [16.9403438, 44.822081], [16.9404434, 44.8219699], [16.9405776, 44.8218871], [16.9409329, 44.8217581], [16.9411257, 44.8216596], [16.9414213, 44.8215066], [16.9415659, 44.8214626], [16.9418489, 44.8214301], [16.9419946, 44.8214007], [16.9420868, 44.8213787], [16.9421948, 44.8213284], [16.9423059, 44.8211408], [16.942373, 44.8210496], [16.9424453, 44.8209857], [16.9425627, 44.820928], [16.9427251, 44.8208568], [16.9428624, 44.8207939], [16.9429484, 44.8206964], [16.9429683, 44.8206419], [16.9429788, 44.8205549], [16.9429379, 44.8204574], [16.9428865, 44.8204407], [16.9428195, 44.8204407], [16.9427702, 44.8204532], [16.9426989, 44.8204679], [16.9426088, 44.8204564], [16.9425732, 44.8204302], [16.942548, 44.8203558], [16.9425868, 44.8202813], [16.942592, 44.8202153], [16.9425857, 44.8201388], [16.9425428, 44.819991], [16.9425197, 44.8199449], [16.9425145, 44.8199051], [16.9425312, 44.8198359], [16.9425983, 44.8197824], [16.942656, 44.8197531], [16.9426905, 44.8197374], [16.9427545, 44.8197038], [16.9427901, 44.819664], [16.9427912, 44.8194156], [16.9427922, 44.8193884], [16.9428216, 44.8192888], [16.9429044, 44.8191966], [16.9430249, 44.8190813], [16.9431465, 44.8189932], [16.9432439, 44.8189366], [16.9433299, 44.8188842], [16.9433875, 44.8188308], [16.9434326, 44.8186893], [16.9434515, 44.8186201], [16.9434494, 44.8185677], [16.9433991, 44.8184398], [16.9432052, 44.8180468], [16.943136, 44.8179168], [16.9430249, 44.817768], [16.942962, 44.8177229], [16.9428719, 44.8176778], [16.9427933, 44.8176233], [16.9427314, 44.8175479], [16.9424547, 44.8170353], [16.9423436, 44.8168362], [16.9422797, 44.8167723], [16.9421927, 44.8167482], [16.9420764, 44.8167482], [16.9419548, 44.8167754], [16.9415921, 44.8169001], [16.9414108, 44.8169326], [16.9413018, 44.8169274], [16.941219, 44.8168781], [16.941176, 44.8167901], [16.9411938, 44.8166496], [16.9412808, 44.816504], [16.9413448, 44.8164295], [16.9414014, 44.8162545], [16.9413794, 44.816179], [16.9412945, 44.8160868], [16.9411593, 44.8160564], [16.941023, 44.8160501], [16.9408595, 44.8159694], [16.9407704, 44.8158929], [16.9406541, 44.8158499], [16.9405409, 44.8158552], [16.9403082, 44.8156697], [16.9401803, 44.8155166], [16.9400473, 44.8153197], [16.9399332, 44.8151255], [16.9397539, 44.8149669], [16.9395878, 44.8149106], [16.9393299, 44.8148824], [16.9390854, 44.814878], [16.9387622, 44.8148528], [16.9386688, 44.8148424], [16.9385177, 44.8147876], [16.9383813, 44.8146838], [16.9382894, 44.8146008], [16.9381501, 44.8145133], [16.9379944, 44.814457], [16.937858, 44.8144066], [16.9377825, 44.8143295], [16.9377484, 44.8142421], [16.9376876, 44.8141116], [16.9376179, 44.8140598], [16.9374045, 44.8139664], [16.9372429, 44.8139219], [16.9371821, 44.8138626], [16.9371792, 44.8137737], [16.9373837, 44.8136581], [16.9374682, 44.8135751], [16.9374682, 44.8134683], [16.9374223, 44.8134091], [16.9373482, 44.8133394], [16.9372948, 44.8132579], [16.9373067, 44.8131171], [16.9372607, 44.8128666], [16.9372088, 44.8128206], [16.9371125, 44.812785], [16.9370532, 44.8127539], [16.9370339, 44.8127124], [16.9371125, 44.8125731], [16.9372059, 44.8124589], [16.9373052, 44.8123759], [16.9374371, 44.8122559], [16.9375112, 44.8121654], [16.9376327, 44.812038], [16.9377573, 44.8119594], [16.9379677, 44.8118675], [16.9381827, 44.8117178], [16.9382405, 44.8116615], [16.9382701, 44.811497], [16.9382657, 44.8114391], [16.9382523, 44.8113265], [16.9382227, 44.8112227], [16.9382049, 44.8111027], [16.9382227, 44.8110197], [16.938325, 44.810907], [16.9384006, 44.8108729], [16.938445, 44.8108774], [16.9384895, 44.8109233], [16.9384999, 44.8109752], [16.9385132, 44.8110211], [16.9385651, 44.8110671], [16.938654, 44.811079], [16.9387711, 44.8110686], [16.9388778, 44.8110508], [16.9389208, 44.8110345], [16.9390646, 44.8109204], [16.9391239, 44.8108403], [16.9391995, 44.8107825], [16.939321, 44.8107306], [16.9394618, 44.8106906], [16.9396204, 44.8106565], [16.9397568, 44.8106476], [16.9398472, 44.8106595], [16.9400429, 44.8106891], [16.9402341, 44.8107084], [16.9403957, 44.8107054], [16.9405987, 44.8106891], [16.9408374, 44.8106713], [16.9411116, 44.8106565], [16.9411916, 44.8106476], [16.9412702, 44.8106076], [16.9412984, 44.8105083], [16.9413354, 44.8104683], [16.9414718, 44.8104505], [16.9415237, 44.8104371], [16.9416245, 44.8104149], [16.9417519, 44.8103956], [16.9418794, 44.8103645], [16.9419787, 44.8103156], [16.9420676, 44.810243], [16.9423359, 44.8100473], [16.9424604, 44.8099747], [16.9425731, 44.8099184], [16.9426754, 44.8098843], [16.9427628, 44.8098516], [16.9428206, 44.809819], [16.9428532, 44.8097553], [16.9427702, 44.8096263], [16.942751, 44.8095671], [16.9427584, 44.8094855], [16.942834, 44.8093492], [16.9429837, 44.8092691], [16.9430904, 44.8092321], [16.943249, 44.8091772], [16.9433765, 44.8091624], [16.9434713, 44.8091668], [16.9435514, 44.8091609], [16.9435959, 44.8091268], [16.9435944, 44.8090616], [16.9435603, 44.8090068], [16.9435543, 44.8089786], [16.9438671, 44.80878], [16.9439457, 44.8087133], [16.9440242, 44.808694], [16.9441487, 44.8086822], [16.9442525, 44.8087177], [16.9443266, 44.8087711], [16.9444645, 44.8087978], [16.9446542, 44.8087889], [16.9447683, 44.8087518], [16.9448439, 44.8086644], [16.9448661, 44.8085991], [16.9448795, 44.8085161], [16.9449121, 44.8084509], [16.944964, 44.8083887], [16.9450425, 44.8083338], [16.9451448, 44.8082805], [16.94517, 44.808273], [16.9452471, 44.8082627], [16.945296, 44.8082627], [16.9453701, 44.808273], [16.9454457, 44.8082775], [16.9454961, 44.8082716], [16.9455495, 44.8082315], [16.9456695, 44.8080344], [16.9457451, 44.8079455], [16.9457837, 44.807904], [16.9458415, 44.8078551], [16.9459334, 44.807815], [16.9460431, 44.807778], [16.946175, 44.8077439], [16.9463558, 44.8076979], [16.946504, 44.807652], [16.9466582, 44.8075156], [16.9467619, 44.8074474], [16.9468998, 44.8073689], [16.9470925, 44.8072607], [16.9471488, 44.8071406], [16.9471429, 44.807111], [16.947091, 44.8070872], [16.9470169, 44.8070413], [16.9469383, 44.8069553], [16.9468687, 44.8068501], [16.9467708, 44.8066707], [16.9467545, 44.8065922], [16.9467545, 44.8065284], [16.9467397, 44.8064158], [16.9467071, 44.8063076], [16.9466967, 44.806192], [16.9467115, 44.8060852], [16.946842, 44.805894], [16.946925, 44.8058244], [16.9470332, 44.8057651], [16.9471029, 44.8057191], [16.947171, 44.8056139], [16.9471903, 44.8055057], [16.9472096, 44.8054197], [16.9472541, 44.8053234], [16.9473104, 44.8053056], [16.9473578, 44.8053056], [16.9474319, 44.8052893], [16.9475046, 44.8052685], [16.9475446, 44.8052404], [16.9475787, 44.8050625], [16.9476276, 44.8049157], [16.9476083, 44.8048001], [16.9475727, 44.8047438], [16.9475475, 44.8047201], [16.9474482, 44.8047067], [16.9473845, 44.8047156], [16.9472778, 44.8047364], [16.9471829, 44.804726], [16.947137, 44.8046697], [16.947137, 44.8045733], [16.9472985, 44.8043392], [16.947297, 44.8042739], [16.9472526, 44.8041731], [16.9472244, 44.8041064], [16.9473845, 44.803936], [16.9474675, 44.803893], [16.9475876, 44.803847], [16.9476972, 44.8038026], [16.9477714, 44.8036529], [16.9477699, 44.8036158], [16.9477402, 44.803561], [16.9476498, 44.8034424], [16.9474868, 44.803306], [16.9473548, 44.8032645], [16.9472422, 44.8032749], [16.9471221, 44.8032749], [16.9470317, 44.8032512], [16.9469858, 44.8032067], [16.946962, 44.8031267], [16.9471503, 44.8028406], [16.9473608, 44.80239], [16.9473623, 44.8023085], [16.9473474, 44.8022432], [16.9472926, 44.8021513], [16.9471918, 44.8019409], [16.9470451, 44.8017096], [16.9469887, 44.8016044], [16.9469591, 44.8014784], [16.9469102, 44.8013376], [16.9468627, 44.8012472], [16.946802, 44.801139], [16.9467501, 44.8010456], [16.9467056, 44.8008573], [16.9466929, 44.8005855], [16.9467462, 44.8004255], [16.9467907, 44.8003187], [16.9468203, 44.8001883], [16.9468085, 44.800046], [16.9467759, 44.7999304], [16.9466988, 44.799714], [16.946678, 44.7995302], [16.9466454, 44.7991418], [16.9466158, 44.7989047], [16.9465624, 44.7987535], [16.9464112, 44.7985934], [16.9462007, 44.7983562], [16.9460291, 44.7980312], [16.9459261, 44.7977077], [16.9459222, 44.7975983], [16.9457891, 44.7976047], [16.9457897, 44.7974114], [16.9457521, 44.7973947], [16.9456987, 44.7974646], [16.9456693, 44.7976281], [16.9457246, 44.7979619], [16.9458476, 44.7985], [16.9458565, 44.7987816], [16.945818, 44.799121], [16.9456623, 44.7996028], [16.9454607, 44.800003], [16.9451213, 44.8005677], [16.9449367, 44.800967], [16.9448389, 44.801368], [16.944784, 44.8013672], [16.9446269, 44.8013598], [16.9444135, 44.8013154], [16.9437865, 44.8012131], [16.9433507, 44.801176], [16.9430261, 44.8011523], [16.942866, 44.8011167], [16.9426392, 44.8011004], [16.942448, 44.8011108], [16.9423146, 44.8011345], [16.9421234, 44.8012042], [16.9419262, 44.8012487], [16.9417528, 44.8012709], [16.9415408, 44.801265], [16.9413333, 44.8012457], [16.9410739, 44.8011864], [16.9409287, 44.801219], [16.9405759, 44.8012857], [16.9405596, 44.8013079], [16.9405359, 44.8013465], [16.9405003, 44.8013806], [16.9404114, 44.8014325], [16.9403506, 44.8014547], [16.9402617, 44.801468], [16.9401624, 44.8015258], [16.9400482, 44.8016741], [16.9399548, 44.8017734], [16.9392211, 44.8022403], [16.9390284, 44.8024389], [16.9389069, 44.8026168], [16.9387512, 44.8029058], [16.9384785, 44.8032453], [16.9384103, 44.8033179], [16.9383006, 44.8033861], [16.9381168, 44.8035417], [16.9379212, 44.8037685], [16.9377878, 44.8039849], [16.9375462, 44.804314], [16.9374009, 44.8045348], [16.9372749, 44.8047068], [16.9371652, 44.8048001], [16.9370689, 44.804855], [16.9369444, 44.8049261], [16.9367917, 44.8049765], [16.9366435, 44.8050121], [16.9364449, 44.8050892], [16.9362551, 44.805184], [16.936101, 44.8053085], [16.9359943, 44.805436], [16.9358757, 44.8056302], [16.9357126, 44.8060141], [16.9355585, 44.8063817], [16.9355096, 44.8064528], [16.9354266, 44.8065284], [16.9353406, 44.8065729], [16.9351701, 44.8066144], [16.9349923, 44.8066233], [16.9347492, 44.8066159], [16.9344749, 44.8065625], [16.9339413, 44.8063921], [16.933759, 44.8063817], [16.9334833, 44.8063461], [16.9331083, 44.8063076], [16.9329245, 44.806315], [16.9326355, 44.8063698], [16.9320485, 44.8065462], [16.9316898, 44.8067019], [16.9314052, 44.8068516], [16.9311488, 44.8070398], [16.9309842, 44.807194], [16.9308775, 44.8073378], [16.9308612, 44.8073689], [16.9308375, 44.8074252], [16.9308197, 44.8074919], [16.930793, 44.8075764], [16.9308538, 44.8075838], [16.9308561, 44.8078132], [16.9305395, 44.8079085], [16.9304662, 44.8079306], [16.9300595, 44.8079683], [16.9290701, 44.8077712], [16.9287096, 44.8077922], [16.9284706, 44.8079431], [16.9276195, 44.8080018], [16.9273722, 44.8080521], [16.9270494, 44.8081695], [16.9268355, 44.8083037], [16.9265588, 44.8085636], [16.9257707, 44.8094038], [16.9256121, 44.809478], [16.9254728, 44.8095921], [16.9253127, 44.8096736], [16.9250948, 44.8097196], [16.9248191, 44.8098263], [16.9245864, 44.8099834], [16.9243928, 44.8101308], [16.9243187, 44.8101716], [16.9242453, 44.8102072], [16.9241171, 44.8102376], [16.9240237, 44.8102427], [16.9239029, 44.810239], [16.9238177, 44.8102183], [16.9236539, 44.8101701], [16.9235175, 44.810142], [16.9233715, 44.810139], [16.92327, 44.8101412], [16.9231581, 44.8101768], [16.9230721, 44.8102346], [16.9230128, 44.8103132], [16.9229795, 44.8104013], [16.9229832, 44.8104377], [16.923044, 44.8106489], [16.923061, 44.8108149], [16.9230647, 44.8108972], [16.9230426, 44.8110137], [16.9230206, 44.8110735], [16.9229692, 44.8111531], [16.9227952, 44.8113057], [16.922724, 44.8113623], [16.9226736, 44.8114147], [16.9226611, 44.8114546], [16.9226799, 44.8115091], [16.9224619, 44.8114483], [16.9223466, 44.811486], [16.9222125, 44.8115175], [16.9219693, 44.8115531], [16.9217094, 44.8115615], [16.9215228, 44.8115699], [16.9214075, 44.8115887], [16.9213111, 44.8116181], [16.9212084, 44.8116768], [16.921135, 44.8117208], [16.9210155, 44.8117711], [16.9208038, 44.8118109], [16.9205586, 44.8118256], [16.9202819, 44.8118172], [16.9201387, 44.8117975], [16.9198033, 44.8117723], [16.9194763, 44.8118813], [16.9189313, 44.8121748], [16.918294, 44.8124641], [16.918076, 44.8125353], [16.9177574, 44.812594], [16.9173717, 44.8125815], [16.9158959, 44.8122335], [16.9156192, 44.8121077], [16.9154222, 44.8118646], [16.9151582, 44.81152], [16.9149796, 44.8112592], [16.9147973, 44.8110524], [16.9146416, 44.8109405], [16.9144267, 44.8108167], [16.9142095, 44.8107159], [16.9140109, 44.8106329], [16.9138323, 44.8106411], [16.9137034, 44.8106522], [16.9135448, 44.8106826], [16.9132809, 44.8107656], [16.9131786, 44.8107937], [16.9129281, 44.8108916], [16.9126169, 44.8110383], [16.9124206, 44.8111689], [16.9120475, 44.8113659], [16.9116702, 44.8114833], [16.9112342, 44.8115336], [16.9104209, 44.811563], [16.9099555, 44.8116091], [16.9092554, 44.8117139], [16.9087271, 44.8117684], [16.908136, 44.8118648], [16.9072723, 44.8121373], [16.9065345, 44.8123134], [16.9058175, 44.8123428], [16.9051929, 44.8123176], [16.9046353, 44.8123176], [16.9039435, 44.8122296], [16.903365, 44.8120661], [16.9028158, 44.8120535], [16.902233, 44.8121164], [16.9012855, 44.8126488], [16.8995918, 44.8125943], [16.8985227, 44.8124686], [16.8969086, 44.8123092], [16.8967673, 44.8123234], [16.8964548, 44.812373], [16.8963355, 44.8124152], [16.896265, 44.8123621], [16.8959127, 44.8123584], [16.895479, 44.8122841], [16.8951645, 44.8123092], [16.8947411, 44.812347], [16.8944099, 44.8123512], [16.8942799, 44.8122799], [16.8940619, 44.8121709], [16.8937936, 44.8120493], [16.8934331, 44.8119319], [16.8931857, 44.811869], [16.892888, 44.8117642], [16.892385, 44.8115378], [16.8919531, 44.8112066], [16.8917142, 44.8109257], [16.8913075, 44.8104771], [16.8909218, 44.8101711], [16.8905696, 44.8099615], [16.8892574, 44.8091943], [16.8889304, 44.8090936], [16.8887291, 44.8090559], [16.8882638, 44.8090349], [16.8878026, 44.8090391], [16.8874169, 44.8090894], [16.8869515, 44.8091565], [16.8866287, 44.809232], [16.8862388, 44.8093578], [16.8860082, 44.809429], [16.8857525, 44.8095213], [16.8855345, 44.8096428], [16.8852494, 44.8097812], [16.8849643, 44.8098818], [16.8847254, 44.8099824], [16.8845157, 44.8100537], [16.8843355, 44.8101208], [16.8840713, 44.8102675], [16.8837946, 44.8105778], [16.883346, 44.8108083], [16.8831867, 44.8110557], [16.8832035, 44.8110976], [16.8832161, 44.8111605], [16.8832077, 44.8113282], [16.8831867, 44.8114246], [16.8831616, 44.8115211], [16.883128, 44.8116971], [16.8831406, 44.8117768], [16.8831783, 44.8119193], [16.883149, 44.8120828], [16.883061, 44.8122422], [16.8829529, 44.8125563], [16.8828402, 44.8126704], [16.8825053, 44.8129327], [16.882188, 44.8132707], [16.882022, 44.8135597], [16.8818086, 44.8137658], [16.8816218, 44.8140192], [16.8814899, 44.814126], [16.8811697, 44.8142742], [16.8810719, 44.8143424], [16.8808674, 44.8143735], [16.8807873, 44.8144091], [16.8806554, 44.8144743], [16.8804731, 44.814538], [16.8803011, 44.8145617], [16.8800269, 44.8145202], [16.8799261, 44.814541], [16.8796905, 44.8145914], [16.8794859, 44.8146373], [16.8792799, 44.8146418], [16.8790501, 44.8146121], [16.878727, 44.8145217], [16.878435, 44.8142534], [16.8782334, 44.8141808], [16.8772373, 44.8134382], [16.8769868, 44.8133241], [16.8762664, 44.8130306], [16.8754927, 44.8127163], [16.8751251, 44.8125162], [16.87463, 44.8123369], [16.8744522, 44.8122672], [16.8742165, 44.812242], [16.8739171, 44.8122702], [16.8736755, 44.8123028], [16.8734176, 44.8123428], [16.8732338, 44.8123932], [16.8729551, 44.8125236], [16.8726898, 44.8127401], [16.8724734, 44.8128838], [16.8720598, 44.8131996], [16.871584, 44.8136487], [16.8711631, 44.8140741], [16.870997, 44.8142757], [16.870877, 44.8144261], [16.8706703, 44.8145994], [16.8705917, 44.8147419], [16.8705461, 44.8149536], [16.8705433, 44.8150959], [16.8705655, 44.8153019], [16.8706307, 44.8154931], [16.8707523, 44.8157362], [16.8708753, 44.8159334], [16.8709761, 44.8161839], [16.8710561, 44.8164344], [16.8710828, 44.8166033], [16.8710917, 44.8168642], [16.8710917, 44.816965], [16.871105, 44.8171103], [16.871145, 44.8172926], [16.8712755, 44.8177966], [16.8713333, 44.8180589], [16.8713348, 44.8182724], [16.8713348, 44.8184695], [16.8713941, 44.8186726], [16.871483, 44.8189987], [16.8715942, 44.8191869], [16.8717661, 44.8193944], [16.8719084, 44.8195767], [16.8719499, 44.8197294], [16.8719721, 44.8199191], [16.8719425, 44.8201845], [16.8717883, 44.8205269], [16.8716547, 44.8204946], [16.8708365, 44.8199195], [16.8706497, 44.8199165], [16.8704629, 44.8199047], [16.8701724, 44.819881], [16.8697663, 44.8198187], [16.869452, 44.8197298], [16.86904, 44.8196023], [16.8687109, 44.8195045], [16.86829, 44.8193414], [16.8679253, 44.8192436], [16.8676467, 44.819211], [16.8674214, 44.819208], [16.8671457, 44.8192347], [16.8667988, 44.8192555], [16.8664964, 44.8192347], [16.8662059, 44.8192051], [16.8658739, 44.8191784], [16.8655478, 44.8191813], [16.8652899, 44.8191606], [16.8650527, 44.819125], [16.8647652, 44.8190983], [16.8642345, 44.8189679], [16.8638047, 44.8189086], [16.8635319, 44.8188879], [16.8631969, 44.8188908], [16.8630339, 44.8188997], [16.8628115, 44.818962], [16.8625447, 44.8191724], [16.8624973, 44.8192317], [16.8622305, 44.8193562], [16.862106, 44.8193592], [16.8618214, 44.8193474], [16.8615576, 44.8194096], [16.861353, 44.8194748], [16.8610506, 44.81954], [16.8606504, 44.8195074], [16.8603154, 44.8194037], [16.8597018, 44.8191784], [16.8594676, 44.8190302], [16.8593431, 44.8189412], [16.8591741, 44.8189383], [16.8590585, 44.8189768], [16.8589132, 44.8189768], [16.8586346, 44.8188434], [16.858267, 44.8187011], [16.8579942, 44.8186299], [16.85776, 44.8186003], [16.8575496, 44.8185825], [16.857342, 44.8184965], [16.8573094, 44.818372], [16.8572768, 44.8183216], [16.8571286, 44.8182979], [16.8569181, 44.8182238], [16.8566987, 44.8180904], [16.8564379, 44.8179689], [16.8562096, 44.8179363], [16.855756, 44.8180133], [16.8555544, 44.8176013], [16.8553588, 44.8176517], [16.8550327, 44.8171477], [16.8547985, 44.8171536], [16.8546651, 44.8168483], [16.8540544, 44.8164659], [16.8532807, 44.8169372], [16.8523053, 44.8167178], [16.8520595, 44.8167118], [16.8517986, 44.8161001], [16.8516089, 44.8157574], [16.8515103, 44.8156641], [16.85098, 44.8158109], [16.8504434, 44.8158612], [16.849456, 44.8158654], [16.8489341, 44.8158151], [16.8483594, 44.8156216], [16.8480748, 44.8153978], [16.8474982, 44.8151295], [16.847342, 44.8150636], [16.8472351, 44.8151034], [16.8469269, 44.8151139], [16.8462541, 44.8151202], [16.8457342, 44.8150594], [16.8453129, 44.8151285], [16.8447008, 44.8152375], [16.8440824, 44.8153298], [16.8435227, 44.8154136], [16.842942, 44.8156232], [16.8427219, 44.8157637], [16.8421916, 44.8158454], [16.8415292, 44.8158769], [16.8410408, 44.8158475], [16.8399642, 44.8155389], [16.8389622, 44.8150408], [16.838436, 44.8147014], [16.8378875, 44.8142923], [16.8372709, 44.8140107], [16.8365565, 44.8138031], [16.8362007, 44.8137172], [16.8357709, 44.8135838], [16.8353336, 44.8133659], [16.8341923, 44.8127404], [16.834047, 44.8126455], [16.8339047, 44.8124988], [16.8336542, 44.8123713], [16.8326819, 44.8121534], [16.8319037, 44.81198], [16.8314886, 44.811977], [16.8311522, 44.812057], [16.8309254, 44.8121727], [16.8306512, 44.812395], [16.8304941, 44.8125165], [16.8300761, 44.8127967], [16.8294861, 44.8131109], [16.8291926, 44.8132399], [16.8285953, 44.8133955], [16.8281832, 44.8134845], [16.8278112, 44.8135452], [16.8275473, 44.8135778], [16.8272761, 44.8136119], [16.82695, 44.8136401], [16.8263615, 44.8137083], [16.8259969, 44.813729], [16.8252321, 44.8137453], [16.8249208, 44.8137602], [16.8246095, 44.8137868], [16.8244272, 44.8137438], [16.8242448, 44.8132261], [16.8241882, 44.8131758], [16.8241274, 44.8129766], [16.8240834, 44.8127481], [16.8241379, 44.8124945], [16.8241211, 44.8124044], [16.8241149, 44.8120941], [16.8239891, 44.8117671], [16.8239052, 44.811241], [16.8236327, 44.8108741], [16.823507, 44.8106435], [16.8233644, 44.8107756], [16.8232785, 44.8108049], [16.823203, 44.8106729], [16.8231443, 44.810654], [16.8227879, 44.8108385], [16.8226475, 44.8108028], [16.8224861, 44.8108028], [16.8220186, 44.8109244], [16.8218551, 44.8108301], [16.8214275, 44.8109056], [16.8212221, 44.8110313], [16.8212095, 44.8109999], [16.8210942, 44.8109391], [16.8211676, 44.8108238], [16.8209852, 44.8107442], [16.8206351, 44.8107987], [16.8205429, 44.8107106], [16.8204234, 44.8107022], [16.8203228, 44.8107546], [16.8200957, 44.8108366], [16.819774, 44.8107477], [16.8195784, 44.8108707], [16.8192775, 44.8108826], [16.8191559, 44.8109834], [16.8188965, 44.8110056], [16.8185186, 44.8109063], [16.8181184, 44.81097], [16.817859, 44.8108648], [16.817816, 44.8107966], [16.8175936, 44.810721], [16.8172824, 44.8107047], [16.8169963, 44.8105061], [16.8169815, 44.810306], [16.8164108, 44.8101089], [16.8164241, 44.8099962], [16.8161603, 44.8099206], [16.8160565, 44.809842], [16.8155837, 44.8098806], [16.8151835, 44.809725], [16.8151553, 44.8096597], [16.8149997, 44.8095248], [16.8146395, 44.8092358], [16.814303, 44.8090802], [16.8142052, 44.8090401], [16.814051, 44.8090401], [16.8139458, 44.8090565], [16.813845, 44.8091024], [16.8137679, 44.8091187], [16.8136879, 44.8091187], [16.8136434, 44.8090994], [16.8135337, 44.8090046], [16.8134581, 44.808966], [16.8133574, 44.8089201], [16.8132506, 44.8088815], [16.8130831, 44.8088578], [16.8128193, 44.8088148], [16.8126933, 44.8087674], [16.812597, 44.8087719], [16.8123806, 44.8087778], [16.8121538, 44.8087215], [16.8117521, 44.8086577], [16.8116557, 44.8086844], [16.8111429, 44.8087022], [16.8110762, 44.8086889], [16.8109857, 44.8086429], [16.8109383, 44.8086133], [16.8108968, 44.8085777], [16.8108405, 44.8085555], [16.8107679, 44.8085421], [16.8107293, 44.8085243], [16.8106952, 44.8084947], [16.8106004, 44.8084784], [16.8105099, 44.8084813], [16.8104477, 44.808471], [16.8100994, 44.8083509], [16.8099823, 44.808342], [16.8097244, 44.8083583], [16.8095039, 44.8083913], [16.8093345, 44.8085347], [16.809173, 44.8085317], [16.8088394, 44.8085629], [16.8084259, 44.8086133], [16.8081369, 44.8086192], [16.8076655, 44.8086429], [16.8072149, 44.8087407], [16.806295, 44.8090534], [16.8062411, 44.809049], [16.8054154, 44.8087837], [16.8051249, 44.8086488], [16.8049929, 44.8086017], [16.8035893, 44.8083713], [16.8029083, 44.8082284], [16.802575, 44.8081791], [16.8022533, 44.808176], [16.8021513, 44.8081713], [16.8020693, 44.8081753], [16.8020885, 44.8081189], [16.8020735, 44.8080587], [16.8020336, 44.8079896], [16.801978, 44.807959], [16.8018981, 44.8079377], [16.8018133, 44.8079236], [16.8017334, 44.8079094], [16.8016535, 44.8078917], [16.8015737, 44.8078705], [16.8014938, 44.8078492], [16.8014039, 44.8078173], [16.8013341, 44.8077855], [16.8012642, 44.80775], [16.8011943, 44.8077182], [16.8010595, 44.8076332], [16.8009996, 44.8075871], [16.8009497, 44.8075411], [16.8008898, 44.8074844], [16.8008498, 44.8074277], [16.8008149, 44.8073711], [16.8007899, 44.8073144], [16.800755, 44.8072577], [16.800725, 44.807194], [16.8006901, 44.8071302], [16.8005204, 44.8068044], [16.8004904, 44.8067513], [16.8004555, 44.8066875], [16.8004305, 44.8066238], [16.8004006, 44.8065636], [16.8003756, 44.8065034], [16.8003257, 44.8063829], [16.8003007, 44.8063156], [16.8002758, 44.8062554], [16.8002558, 44.8061952], [16.8002408, 44.806135], [16.8002258, 44.8060677], [16.7999014, 44.8054196], [16.7998614, 44.8053629], [16.7998315, 44.8053062], [16.7998165, 44.8052389], [16.7998215, 44.8051752], [16.7998215, 44.805115], [16.7998115, 44.8050477], [16.7997865, 44.8049875], [16.7997566, 44.8049343], [16.7997217, 44.8048812], [16.7996817, 44.8048281], [16.7996418, 44.8047785], [16.7995969, 44.8047289], [16.7995469, 44.8046758], [16.799492, 44.8046297], [16.7994271, 44.8045802], [16.7993672, 44.8045377], [16.7992624, 44.8044385], [16.7991825, 44.8043216], [16.7991426, 44.804272], [16.7990927, 44.8042224], [16.7990328, 44.8041693], [16.798908, 44.8040737], [16.7987931, 44.8039957], [16.7985286, 44.8037903], [16.7984587, 44.803762], [16.7983888, 44.803723], [16.7983189, 44.8036876], [16.798254, 44.8036557], [16.7981791, 44.8036203], [16.7980993, 44.8035884], [16.7980044, 44.8035566], [16.7979245, 44.8035247], [16.7978547, 44.8034928], [16.7977848, 44.803468], [16.7977099, 44.803429], [16.797645, 44.8033936], [16.7975801, 44.8033547], [16.7974403, 44.8032732], [16.7973754, 44.8032378], [16.7973006, 44.8032024], [16.7972307, 44.8031705], [16.7971558, 44.8031351], [16.7970659, 44.8031103], [16.7969861, 44.803089], [16.7969062, 44.8030678], [16.7968213, 44.8030501], [16.7967415, 44.8030217], [16.7965967, 44.802958], [16.7965218, 44.8029261], [16.7964519, 44.8028977], [16.7963721, 44.8028694], [16.7962822, 44.8028375], [16.7962123, 44.8028021], [16.7961424, 44.8027667], [16.7960775, 44.8027277], [16.7960176, 44.8026852], [16.7959427, 44.8026463], [16.7958679, 44.8026144], [16.7957081, 44.8025577], [16.7956283, 44.8025436], [16.7955484, 44.8025294], [16.7954635, 44.8025294], [16.7953836, 44.8025081], [16.7953088, 44.8024798], [16.7952339, 44.8024373], [16.795164, 44.8024019], [16.7950941, 44.8023629], [16.7950242, 44.8023133], [16.7949593, 44.8022708], [16.7949094, 44.8022212], [16.7946498, 44.8020087], [16.79457, 44.8019662], [16.7944501, 44.8018812], [16.7943902, 44.8018352], [16.7943403, 44.8017856], [16.7942904, 44.8017324], [16.7941656, 44.801651], [16.7941007, 44.8016085], [16.7939609, 44.8015235], [16.793896, 44.801488], [16.7938361, 44.8014455], [16.7937812, 44.8013959], [16.7937363, 44.8013428], [16.7937014, 44.8012861], [16.7936664, 44.8012188], [16.7936265, 44.8011692], [16.7935865, 44.8011055], [16.7935366, 44.8010488], [16.7934917, 44.8009992], [16.7934418, 44.8009496], [16.7933968, 44.8009], [16.7933419, 44.8008469], [16.793292, 44.8007902], [16.7932271, 44.8007336], [16.7931672, 44.8006769], [16.7931123, 44.8006238], [16.7930724, 44.8005706], [16.7930474, 44.8005104], [16.7930175, 44.8003227], [16.7930175, 44.8001172], [16.7930025, 44.800057], [16.7929875, 44.7999826], [16.7929725, 44.7999224], [16.7929526, 44.7998657], [16.7929226, 44.799802], [16.7929026, 44.7997418], [16.7928777, 44.7996851], [16.7928377, 44.7995647], [16.7928228, 44.7995009], [16.7927978, 44.7993769], [16.7927878, 44.7993167], [16.7927778, 44.799253], [16.7927679, 44.7991892], [16.7927479, 44.7991254], [16.7927279, 44.7990652], [16.792678, 44.7989448], [16.792653, 44.7988846], [16.7926181, 44.7988173], [16.7925382, 44.7986508], [16.7925083, 44.7985906], [16.7924933, 44.7985303], [16.7924733, 44.798463], [16.7924634, 44.7984028], [16.7924584, 44.7983355], [16.7924584, 44.7982115]]]}}]}