{"type": "FeatureCollection", "features": [{"type": "Feature", "properties": {"name": "Grad Bijeljina, Република Српска / Republika Srpska, Bosna i Hercegovina / Босна и Херцеговина", "source": "OpenStreetMap relation 2528160", "licence": "ODbL 1.0"}, "geometry": {"type": "Polygon", "coordinates": [[[18.9212811, 44.7646826], [18.9213358, 44.7644261], [18.921465, 44.7642054], [18.9215832, 44.7640142], [18.9216795, 44.7638821], [18.9217277, 44.7637267], [18.9216992, 44.7632837], [18.9216314, 44.7625236], [18.921546, 44.7623915], [18.9222794, 44.762522], [18.9226034, 44.7625625], [18.9226844, 44.7625236], [18.9228091, 44.7624365], [18.9229186, 44.7623277], [18.9230193, 44.7621863], [18.9231791, 44.7618195], [18.923247, 44.7618366], [18.9234922, 44.7615024], [18.9237833, 44.7613904], [18.9242978, 44.7616329], [18.9246677, 44.7612459], [18.9251997, 44.7612878], [18.9256638, 44.7605417], [18.9257864, 44.7603909], [18.9258565, 44.7603521], [18.9263381, 44.7602339], [18.9263819, 44.7602759], [18.9264235, 44.7603194], [18.9265329, 44.7603801], [18.9266818, 44.7604687], [18.9268022, 44.7605308], [18.9269467, 44.7605728], [18.9273911, 44.7606055], [18.927483, 44.7606086], [18.9275618, 44.7606008], [18.9276516, 44.7605915], [18.9277414, 44.7605884], [18.9278815, 44.7605977], [18.9280041, 44.7606179], [18.928096, 44.7606381], [18.9282011, 44.7606521], [18.9282996, 44.7606661], [18.9284244, 44.7607034], [18.9285316, 44.7607625], [18.9285141, 44.7607158], [18.9284769, 44.7606194], [18.9284594, 44.7605231], [18.9284704, 44.760206], [18.92805, 44.7598205], [18.9285076, 44.7596883], [18.9285667, 44.7596712], [18.9286214, 44.7596712], [18.9286499, 44.7596743], [18.9287068, 44.7597116], [18.9289958, 44.759836], [18.9293329, 44.7599215], [18.9296197, 44.7599604], [18.9300006, 44.7592779], [18.930329, 44.7592733], [18.9306179, 44.7591583], [18.9307537, 44.7590821], [18.9314848, 44.7589702], [18.9317519, 44.758936], [18.9318745, 44.758908], [18.9320343, 44.758852], [18.9321701, 44.7587805], [18.9323345, 44.7586635], [18.9329124, 44.758316], [18.932918, 44.7582858], [18.9334129, 44.7585308], [18.9335676, 44.7585538], [18.9338654, 44.7585896], [18.9341226, 44.7587274], [18.9342554, 44.7588287], [18.9344421, 44.7591713], [18.9346408, 44.759245], [18.934797, 44.7592224], [18.9349805, 44.7591835], [18.9351694, 44.7591605], [18.9353824, 44.7591568], [18.9355395, 44.7591547], [18.935678, 44.7591599], [18.9357502, 44.7591752], [18.9357984, 44.7592119], [18.9358101, 44.7594438], [18.9358488, 44.7595993], [18.9359163, 44.7597131], [18.9360198, 44.7597937], [18.9362537, 44.7599018], [18.9361621, 44.7600968], [18.9370464, 44.7606392], [18.9377475, 44.761373], [18.9371467, 44.7617349], [18.9371565, 44.7618804], [18.9371621, 44.761966], [18.937274, 44.7620242], [18.9373202, 44.7621118], [18.937377, 44.762283], [18.9374752, 44.7624376], [18.9375181, 44.7625652], [18.9376141, 44.7627847], [18.9377214, 44.7629442], [18.9379738, 44.7630924], [18.9383343, 44.7631937], [18.939636, 44.7634635], [18.9397494, 44.7635249], [18.9399663, 44.7635855], [18.9400883, 44.7635724], [18.940214, 44.7635529], [18.9403117, 44.7635497], [18.9404336, 44.7635574], [18.9405398, 44.7635947], [18.9408314, 44.7637795], [18.9412826, 44.7640392], [18.9417869, 44.763666], [18.9420431, 44.7634987], [18.9423019, 44.7633189], [18.9425332, 44.7631823], [18.9428149, 44.7630311], [18.9430542, 44.7628661], [18.9430971, 44.7629118], [18.9431494, 44.7629509], [18.9432017, 44.7629842], [18.9435826, 44.7631623], [18.9437704, 44.7632251], [18.9439957, 44.7632918], [18.9441553, 44.763347], [18.9446528, 44.7635327], [18.9447118, 44.7635441], [18.9447655, 44.7635441], [18.9448191, 44.7635308], [18.9449056, 44.7634755], [18.9449754, 44.7634146], [18.9449948, 44.7633946], [18.945141, 44.7634879], [18.9456359, 44.763785], [18.9459966, 44.7639659], [18.946297, 44.7640726], [18.946521, 44.7641364], [18.9467262, 44.7642297], [18.9471982, 44.7645201], [18.9472693, 44.7645858], [18.9473096, 44.7646505], [18.9473256, 44.7647115], [18.9473082, 44.7647629], [18.947221, 44.7648962], [18.9471446, 44.7650524], [18.9469488, 44.7653571], [18.9469126, 44.7654532], [18.9469072, 44.7655161], [18.9469327, 44.7655923], [18.9470199, 44.7657018], [18.9476596, 44.7663007], [18.947736, 44.7663445], [18.9477883, 44.7663511], [18.9481464, 44.7666444], [18.948243, 44.7667739], [18.9485487, 44.7671205], [18.9486149, 44.7672058], [18.9489081, 44.7675832], [18.9489075, 44.7676819], [18.9493442, 44.767658], [18.9496204, 44.7675868], [18.9497542, 44.7675659], [18.9498445, 44.7675945], [18.9500299, 44.767693], [18.9501435, 44.7678347], [18.9501893, 44.7680501], [18.9502463, 44.768149], [18.9503863, 44.7683082], [18.9504921, 44.7684723], [18.9505722, 44.7686315], [18.9506727, 44.7687762], [18.9508343, 44.7689446], [18.9510434, 44.7688321], [18.9511821, 44.7687239], [18.9513665, 44.7685301], [18.9515971, 44.7681555], [18.9516828, 44.7680579], [18.9517574, 44.7679059], [18.9517421, 44.7678145], [18.9521064, 44.7677812], [18.9522362, 44.7679375], [18.9522796, 44.7681102], [18.9525551, 44.7681104], [18.9529683, 44.7682097], [18.9534565, 44.7683606], [18.9531285, 44.7685893], [18.9538847, 44.769005], [18.9546779, 44.7688933], [18.9556476, 44.7681867], [18.9559086, 44.7685585], [18.9561322, 44.7684885], [18.9562319, 44.7685697], [18.9568114, 44.7690673], [18.9570145, 44.7694057], [18.956851, 44.7695479], [18.9566379, 44.7696318], [18.9564182, 44.7696927], [18.9563102, 44.7697202], [18.9562846, 44.7698212], [18.9567365, 44.7700493], [18.9572376, 44.7703202], [18.957075, 44.7704568], [18.9569416, 44.770557], [18.9568082, 44.7706389], [18.9566358, 44.7707344], [18.9565003, 44.7708156], [18.9561244, 44.7710401], [18.9564217, 44.7711093], [18.9566138, 44.7711553], [18.9567582, 44.7712325], [18.956854, 44.7713161], [18.9568816, 44.7714288], [18.9580017, 44.7721975], [18.9582162, 44.7720544], [18.9584072, 44.7719455], [18.9586064, 44.7718755], [18.958846, 44.7718354], [18.9590787, 44.7718099], [18.9593808, 44.7717695], [18.9598468, 44.7717098], [18.9600126, 44.7717211], [18.9601359, 44.7718087], [18.9603773, 44.7718277], [18.9606509, 44.7718163], [18.9610559, 44.7717535], [18.9615253, 44.7717744], [18.9620751, 44.7716868], [18.9621733, 44.771616], [18.9624613, 44.7715897], [18.9626186, 44.7715824], [18.9627098, 44.7717137], [18.9628684, 44.7717744], [18.9630338, 44.7718011], [18.9632358, 44.771783], [18.9633927, 44.7717501], [18.9635226, 44.7716996], [18.9636253, 44.7716346], [18.9637173, 44.7715397], [18.9638447, 44.7713841], [18.9640427, 44.771052], [18.9641915, 44.770961], [18.9643983, 44.770984], [18.964777, 44.7710638], [18.964941, 44.7710739], [18.9651653, 44.7710413], [18.965396, 44.7710098], [18.9660045, 44.7709262], [18.9663492, 44.7706603], [18.9665656, 44.7702955], [18.966959, 44.7699366], [18.9671907, 44.7699067], [18.9675683, 44.7700549], [18.968137, 44.770386], [18.9682903, 44.7705219], [18.9684132, 44.7703291], [18.968617, 44.770133], [18.9687806, 44.7699216], [18.9687082, 44.7698379], [18.9684695, 44.7698379], [18.9682978, 44.7696817], [18.9683783, 44.7695541], [18.9688101, 44.7694246], [18.9689764, 44.7691771], [18.9690489, 44.7688895], [18.9688933, 44.7686744], [18.9690757, 44.7683373], [18.9690167, 44.7682592], [18.9688879, 44.7682154], [18.9686519, 44.7682193], [18.968507, 44.7680574], [18.9685093, 44.7679598], [18.9685124, 44.7678327], [18.9688021, 44.7672766], [18.9691347, 44.7670634], [18.9692259, 44.7669758], [18.9691615, 44.7668463], [18.9690971, 44.766534], [18.969124, 44.7662635], [18.9692903, 44.7659855], [18.9695853, 44.7659322], [18.9698642, 44.7656123], [18.9702183, 44.7655247], [18.970583, 44.7656389], [18.9707065, 44.7655437], [18.9707279, 44.7654256], [18.9705723, 44.7652809], [18.9705455, 44.7651819], [18.9707118, 44.765079], [18.9708567, 44.7650752], [18.9709639, 44.7648543], [18.9709854, 44.7646944], [18.9710444, 44.7645534], [18.9712912, 44.7641345], [18.9712862, 44.7639497], [18.971377, 44.763765], [18.9716238, 44.7636964], [18.9718223, 44.7638564], [18.9719188, 44.764043], [18.9719939, 44.764104], [18.9721924, 44.764123], [18.9724043, 44.7637802], [18.9724606, 44.7637155], [18.9724687, 44.7636069], [18.9724553, 44.7634298], [18.9721334, 44.7632108], [18.9722085, 44.7629613], [18.9722595, 44.7628947], [18.9723104, 44.7628928], [18.9723641, 44.7629175], [18.9723855, 44.7629556], [18.9723963, 44.7629823], [18.9724445, 44.7630051], [18.9725062, 44.7630032], [18.97282, 44.763087], [18.9728978, 44.7630756], [18.9729542, 44.7630623], [18.97304, 44.7630756], [18.9731365, 44.7630775], [18.9732599, 44.7630432], [18.9734235, 44.7628756], [18.9736542, 44.7626814], [18.973732, 44.7625557], [18.9738607, 44.7623862], [18.9738661, 44.7622738], [18.9738339, 44.7621919], [18.973732, 44.7620986], [18.9736462, 44.7620396], [18.9734665, 44.7615597], [18.9734396, 44.7613749], [18.9734691, 44.7612721], [18.9735228, 44.7612454], [18.9737079, 44.7613311], [18.9738661, 44.7613806], [18.97396, 44.7613578], [18.9740176, 44.7612501], [18.9741754, 44.7605711], [18.9743718, 44.7597263], [18.974416, 44.7594946], [18.9744666, 44.7592297], [18.9745359, 44.7591304], [18.974715, 44.7589375], [18.9750463, 44.758855], [18.9753853, 44.758732], [18.9753927, 44.7586587], [18.9754148, 44.7585717], [18.9753991, 44.7584893], [18.9753531, 44.7584768], [18.9752831, 44.7584834], [18.975225, 44.7585063], [18.9751632, 44.7585564], [18.9751025, 44.7585678], [18.9749989, 44.7585254], [18.9747745, 44.7584952], [18.9746741, 44.7584539], [18.9746043, 44.7583776], [18.9746049, 44.7581714], [18.9751071, 44.7578512], [18.9752263, 44.7574014], [18.9755696, 44.7572457], [18.9755878, 44.7572097], [18.9755019, 44.7570382], [18.9756368, 44.7566124], [18.9757161, 44.7565019], [18.9759712, 44.7563023], [18.9759888, 44.7562395], [18.9759842, 44.7561714], [18.9759095, 44.7560184], [18.9759336, 44.7559616], [18.9760168, 44.7559128], [18.9760258, 44.7558139], [18.9759455, 44.7557367], [18.9759878, 44.7555238], [18.9760459, 44.7553915], [18.9760182, 44.755359], [18.9757796, 44.7553675], [18.9757501, 44.7553524], [18.9757245, 44.7553224], [18.9757192, 44.7549415], [18.9756656, 44.7548648], [18.9751788, 44.7546796], [18.9751951, 44.7545886], [18.9755775, 44.7546335], [18.9758012, 44.754655], [18.9758838, 44.7546025], [18.9759995, 44.7544391], [18.9760386, 44.754098], [18.9760182, 44.7539975], [18.9760468, 44.7539288], [18.9761419, 44.753881], [18.976329, 44.753909], [18.9764715, 44.7538863], [18.9765544, 44.7538202], [18.9765618, 44.7536962], [18.9764282, 44.7535835], [18.9766775, 44.7534553], [18.976858, 44.7533219], [18.9769906, 44.7533148], [18.9771281, 44.7533549], [18.9771891, 44.7533965], [18.9772439, 44.7533962], [18.9773139, 44.7533247], [18.9772639, 44.7532103], [18.9771336, 44.7531093], [18.9768463, 44.7530039], [18.9768205, 44.7528937], [18.9769234, 44.7526708], [18.977008, 44.7525319], [18.9772114, 44.7525463], [18.977397, 44.7524941], [18.9774499, 44.7523694], [18.9774247, 44.7523034], [18.9774679, 44.7521757], [18.9778825, 44.7519944], [18.9779691, 44.7517926], [18.9781306, 44.7515835], [18.9782726, 44.7514702], [18.9784568, 44.7514571], [18.9786095, 44.751368], [18.9786953, 44.7512921], [18.978739, 44.7511995], [18.9788192, 44.7510214], [18.9789167, 44.7508836], [18.979107, 44.7507204], [18.9793157, 44.7505957], [18.9797768, 44.7501801], [18.979757, 44.7499524], [18.9796996, 44.7497399], [18.9795353, 44.7496107], [18.9794139, 44.7494662], [18.9794815, 44.7493154], [18.9796282, 44.7492251], [18.9798277, 44.7490337], [18.9799161, 44.7489369], [18.979944, 44.7480286], [18.9804804, 44.7477467], [18.980695, 44.7470533], [18.9817662, 44.7461222], [18.9827862, 44.7460296], [18.9844823, 44.7434795], [18.9854487, 44.7427209], [18.985523, 44.7417953], [18.986038, 44.7412467], [18.9872095, 44.7410732], [18.9879906, 44.7409952], [18.9883232, 44.7396768], [18.9879691, 44.7394101], [18.9890135, 44.737909], [18.991102, 44.7383965], [18.9920139, 44.7383965], [18.9931941, 44.7390824], [18.9939666, 44.7392348], [18.9940309, 44.7395015], [18.9947176, 44.7398902], [18.9950287, 44.7394939], [18.9953032, 44.7371146], [18.997314, 44.7350203], [18.9974837, 44.7339722], [18.996638, 44.7321088], [18.9969706, 44.7303558], [18.9974841, 44.7286736], [18.9972228, 44.7281148], [18.9962177, 44.7267426], [18.9971208, 44.7261711], [18.997153, 44.7258433], [18.9980113, 44.7250658], [18.9989018, 44.7236861], [19.0003362, 44.7230741], [19.0003466, 44.7210137], [19.0014017, 44.720149], [19.0020132, 44.7201108], [19.002997, 44.7194876], [19.003011, 44.718205], [19.0027857, 44.717717], [19.0027428, 44.7168327], [19.001398, 44.7151579], [19.001261, 44.7144611], [19.0025067, 44.7128148], [19.0027642, 44.7117169], [19.0032792, 44.7104054], [19.0052318, 44.7093837], [19.0056395, 44.7082171], [19.0080574, 44.7086702], [19.0093732, 44.7088576], [19.0127018, 44.708707], [19.0141113, 44.7081837], [19.0152184, 44.7075744], [19.01619, 44.7066673], [19.0170052, 44.7071708], [19.0180956, 44.7068805], [19.0193094, 44.7063593], [19.0199947, 44.7067798], [19.0208487, 44.7073106], [19.0219627, 44.7074919], [19.0220976, 44.7072343], [19.024096, 44.7075825], [19.0245867, 44.7071687], [19.0246671, 44.7068293], [19.0250427, 44.7068598], [19.0260243, 44.7069304], [19.0263552, 44.7073442], [19.0268478, 44.7081847], [19.0293878, 44.7094752], [19.0312181, 44.710623], [19.0324938, 44.7104435], [19.0343112, 44.7109276], [19.037086, 44.7123245], [19.0381801, 44.7118808], [19.0402722, 44.7119037], [19.0435338, 44.7119761], [19.0435123, 44.7125098], [19.0450036, 44.713703], [19.0460443, 44.7142176], [19.0458405, 44.7144997], [19.046731, 44.715041], [19.0471065, 44.7145989], [19.0479169, 44.7149592], [19.0492145, 44.7144421], [19.0487489, 44.7132905], [19.048103, 44.7123185], [19.0473745, 44.7108852], [19.0473536, 44.7105048], [19.0474986, 44.7095327], [19.0477657, 44.7086726], [19.0481579, 44.7081104], [19.0485978, 44.7078301], [19.0487695, 44.7074489], [19.0487561, 44.7071915], [19.0489492, 44.7068617], [19.0491155, 44.7067188], [19.0492362, 44.7063737], [19.048921, 44.7060655], [19.0489954, 44.7057075], [19.049414, 44.7047916], [19.0503295, 44.7044436], [19.0512245, 44.7047092], [19.053179, 44.7059296], [19.0578351, 44.7058783], [19.0591652, 44.7059663], [19.0593714, 44.7056492], [19.059425, 44.7055669], [19.0595412, 44.7053882], [19.0634447, 44.7051529], [19.0661177, 44.7038687], [19.0664725, 44.703481], [19.0671388, 44.7030777], [19.0678165, 44.7030772], [19.0680814, 44.7001722], [19.068532, 44.6995278], [19.0685588, 44.6985097], [19.068708, 44.6974792], [19.0688016, 44.6974671], [19.0690705, 44.6975446], [19.0691885, 44.6973026], [19.0693428, 44.6973053], [19.0693731, 44.6971978], [19.0694996, 44.6971369], [19.0696828, 44.6971971], [19.0698396, 44.6972863], [19.0696816, 44.6974158], [19.0699978, 44.6974937], [19.0703552, 44.6967796], [19.0705818, 44.6964236], [19.0725156, 44.6971156], [19.0727142, 44.6964857], [19.0729483, 44.6958741], [19.0727949, 44.6954663], [19.0728244, 44.695157], [19.0742386, 44.6956281], [19.0745391, 44.6956188], [19.0748594, 44.6954843], [19.0756818, 44.6956324], [19.0758728, 44.6956073], [19.0757291, 44.6946796], [19.0758824, 44.694341], [19.0760666, 44.6935502], [19.0761817, 44.6928328], [19.0757675, 44.6924533], [19.0754958, 44.6922977], [19.0749261, 44.6919639], [19.0745021, 44.691567], [19.0737686, 44.6911813], [19.0746099, 44.6894185], [19.0746689, 44.6892869], [19.0746621, 44.6882554], [19.0748177, 44.6880004], [19.0748145, 44.6877288], [19.0747956, 44.6869056], [19.0742932, 44.6869299], [19.0740313, 44.6859375], [19.0737442, 44.6852849], [19.0731609, 44.6840921], [19.0722743, 44.6830871], [19.0718628, 44.6817625], [19.0715805, 44.6812469], [19.0707902, 44.680163], [19.0702576, 44.6797224], [19.0693192, 44.6785417], [19.0696827, 44.6783596], [19.0697591, 44.6780658], [19.0698302, 44.6778837], [19.0697108, 44.6776577], [19.0693903, 44.6776529], [19.0691449, 44.677569], [19.0690993, 44.677508], [19.0691476, 44.6774536], [19.0694091, 44.677364], [19.0697309, 44.6773754], [19.0698986, 44.6772886], [19.0699227, 44.6772057], [19.0698677, 44.6771113], [19.0697591, 44.6770397], [19.0696438, 44.6769854], [19.0695834, 44.6769339], [19.0696008, 44.6768662], [19.069684, 44.6767947], [19.0697551, 44.6767298], [19.0697578, 44.6766678], [19.0696894, 44.6763731], [19.0696867, 44.6760718], [19.0696867, 44.6759163], [19.0696518, 44.6758544], [19.0696478, 44.6757809], [19.0697671, 44.6757218], [19.069912, 44.675738], [19.0700649, 44.6757113], [19.0702339, 44.6757065], [19.0705436, 44.67578], [19.0706402, 44.6759364], [19.0705785, 44.6760947], [19.0706496, 44.6763083], [19.0707683, 44.6764242], [19.0708977, 44.67651], [19.0713946, 44.6766254], [19.0714838, 44.6766902], [19.0715421, 44.6766921], [19.0716299, 44.676674], [19.0718029, 44.6766659], [19.0719666, 44.6767122], [19.0721094, 44.676809], [19.0721215, 44.6768657], [19.0720698, 44.6769539], [19.0720296, 44.6770588], [19.0720913, 44.6771542], [19.0721878, 44.6772095], [19.0723515, 44.677179], [19.0725017, 44.6770912], [19.0725902, 44.6769921], [19.0725633, 44.6768643], [19.0725312, 44.6767346], [19.0724695, 44.6766316], [19.0725258, 44.6764962], [19.0726492, 44.676418], [19.0728503, 44.6764065], [19.0730113, 44.6764313], [19.0731129, 44.6765299], [19.0730934, 44.6766107], [19.0730393, 44.6768213], [19.0730537, 44.6769652], [19.0731302, 44.6770314], [19.0732858, 44.6770498], [19.0734413, 44.6770301], [19.0737523, 44.6770356], [19.0741512, 44.6772018], [19.0743359, 44.6772658], [19.074654, 44.6772068], [19.074919, 44.6770878], [19.0753486, 44.6767952], [19.0754332, 44.6765439], [19.0761109, 44.6765838], [19.0762714, 44.6761747], [19.0763305, 44.6760177], [19.0763903, 44.6758155], [19.0765706, 44.6758591], [19.0765974, 44.6761014], [19.0767208, 44.6762101], [19.0771714, 44.676479], [19.077276, 44.676622], [19.0772009, 44.6771027], [19.077284, 44.6772877], [19.0774074, 44.6773926], [19.0775093, 44.6774441], [19.0776139, 44.6774365], [19.0778071, 44.6773869], [19.0780887, 44.6773087], [19.0786037, 44.6770188], [19.0787405, 44.6769978], [19.0790999, 44.6768261], [19.0792394, 44.6767956], [19.0797517, 44.676561], [19.080044, 44.6764618], [19.0801594, 44.6764676], [19.0802291, 44.6764447], [19.080795, 44.6761319], [19.0812162, 44.6759202], [19.0816748, 44.6756684], [19.0820074, 44.6755768], [19.0824285, 44.6753747], [19.0826941, 44.6752183], [19.0830079, 44.6751267], [19.083201, 44.6751038], [19.0840057, 44.6747014], [19.0845153, 44.6744839], [19.084703, 44.6744401], [19.0848452, 44.6744572], [19.0854219, 44.6744077], [19.0859529, 44.6742379], [19.0865189, 44.6740948], [19.086948, 44.6739384], [19.0875328, 44.6737973], [19.0879083, 44.673763], [19.0883106, 44.673742], [19.0886754, 44.6737534], [19.0893513, 44.6738126], [19.0898234, 44.673885], [19.0903813, 44.674072], [19.0914005, 44.6742589], [19.0916607, 44.6743104], [19.0917626, 44.6743771], [19.0917894, 44.6744878], [19.0916902, 44.6748044], [19.0916768, 44.6751191], [19.0917921, 44.6751935], [19.0923205, 44.6751878], [19.0933049, 44.6751229], [19.0938172, 44.6751477], [19.0940505, 44.6750752], [19.0952763, 44.6748959], [19.0957564, 44.6747929], [19.0960863, 44.6747681], [19.0965959, 44.6747796], [19.0971807, 44.6748521], [19.0974703, 44.6749646], [19.0975615, 44.6750142], [19.0977895, 44.6749741], [19.098039, 44.674936], [19.0983582, 44.6749474], [19.0985459, 44.6749188], [19.0986049, 44.6747929], [19.0987712, 44.6746957], [19.0990528, 44.6746365], [19.0992245, 44.6746041], [19.0995034, 44.674631], [19.0997261, 44.6746423], [19.1000104, 44.6746766], [19.1007078, 44.6747967], [19.1014802, 44.6748997], [19.1019282, 44.6749188], [19.1023788, 44.6749799], [19.1028455, 44.6750905], [19.1033202, 44.6751286], [19.1043556, 44.6751382], [19.1046104, 44.6751057], [19.1053399, 44.6748921], [19.1059086, 44.6746918], [19.1060775, 44.6746613], [19.1067079, 44.6746194], [19.10707, 44.674627], [19.1074482, 44.674545], [19.1077235, 44.6744209], [19.107947, 44.6743867], [19.108167, 44.6744477], [19.1087785, 44.6744134], [19.109087, 44.6744401], [19.1092506, 44.6744935], [19.1094679, 44.6744649], [19.1098407, 44.6744496], [19.1104254, 44.6743199], [19.110758, 44.6743123], [19.1110101, 44.6743523], [19.1115573, 44.674173], [19.1117156, 44.674175], [19.1120052, 44.674051], [19.1122651, 44.674054], [19.111787, 44.6738457], [19.1115435, 44.6736754], [19.1112129, 44.6735088], [19.1104301, 44.6733079], [19.1100921, 44.6731651], [19.1095901, 44.6726785], [19.1091161, 44.6723697], [19.1089526, 44.6720675], [19.1088452, 44.6713136], [19.1085977, 44.6705647], [19.1084004, 44.6698282], [19.1085902, 44.6696644], [19.1089104, 44.6697128], [19.1090373, 44.6695261], [19.1090479, 44.6694704], [19.109083, 44.6694272], [19.1091787, 44.6693916], [19.1095774, 44.6694531], [19.1097013, 44.6696403], [19.1097528, 44.6697456], [19.1097453, 44.669881], [19.1095918, 44.670055], [19.109438, 44.6702617], [19.1095963, 44.6705218], [19.1097579, 44.6707763], [19.1101942, 44.6708883], [19.1103465, 44.6710311], [19.1105418, 44.6711441], [19.111339, 44.6712122], [19.1115264, 44.6712631], [19.1116023, 44.6713793], [19.11114, 44.6716595], [19.1109903, 44.6717737], [19.1109863, 44.6719995], [19.1107698, 44.6722301], [19.1108414, 44.6723485], [19.1109796, 44.6724354], [19.1111767, 44.6724292], [19.1119287, 44.6718403], [19.112169, 44.6718126], [19.1125724, 44.6719597], [19.1130424, 44.6720595], [19.1132417, 44.6719755], [19.1133474, 44.6717207], [19.1133303, 44.6714175], [19.1133447, 44.6711641], [19.1132418, 44.6708988], [19.1131234, 44.6707615], [19.113073, 44.6706189], [19.1130992, 44.6705463], [19.1132208, 44.6705095], [19.1134481, 44.6706038], [19.1137164, 44.6706365], [19.1140696, 44.6705405], [19.1142372, 44.6704622], [19.1143888, 44.6702257], [19.1145743, 44.6700894], [19.1148412, 44.6700107], [19.1150762, 44.669999], [19.1152386, 44.6701344], [19.1152735, 44.6706655], [19.1153902, 44.6707101], [19.1156999, 44.6707548], [19.115894, 44.6710698], [19.1161131, 44.6712014], [19.1162487, 44.6711722], [19.116412, 44.6708929], [19.116643, 44.6706739], [19.1169557, 44.6708385], [19.1170943, 44.6712848], [19.1172366, 44.6713871], [19.1176112, 44.6713413], [19.1179443, 44.6712586], [19.1182945, 44.6710766], [19.1183643, 44.6709344], [19.1181185, 44.6707578], [19.1182124, 44.6705004], [19.1184632, 44.6702391], [19.1187206, 44.6701071], [19.1190306, 44.6700783], [19.1193584, 44.6702366], [19.1196477, 44.6703654], [19.1202191, 44.6703651], [19.1203277, 44.6701648], [19.1202473, 44.6698569], [19.1212832, 44.6699557], [19.1236548, 44.6701875], [19.1242389, 44.6704773], [19.1244053, 44.6706792], [19.12448, 44.670753], [19.1247026, 44.6707837], [19.1248162, 44.6707796], [19.1249584, 44.6706395], [19.1251344, 44.6704079], [19.1252382, 44.6702531], [19.125301, 44.6701771], [19.1254351, 44.6701325], [19.1257068, 44.6701175], [19.1262691, 44.6701746], [19.126445, 44.6698741], [19.1269008, 44.6699741], [19.1273334, 44.6700557], [19.1272774, 44.6702577], [19.1271315, 44.6705173], [19.1270931, 44.6707008], [19.1271176, 44.6708006], [19.1272592, 44.670912], [19.1274649, 44.6709307], [19.1276577, 44.6707552], [19.1276442, 44.6705675], [19.1278208, 44.6702083], [19.128362, 44.6702962], [19.1285455, 44.6706337], [19.1281453, 44.6712697], [19.128214, 44.6716094], [19.1280646, 44.6721528], [19.1282257, 44.6722355], [19.1283023, 44.6722341], [19.1283808, 44.6722088], [19.1284564, 44.6721787], [19.1284965, 44.6721053], [19.1284701, 44.6719724], [19.1284672, 44.6718339], [19.1285057, 44.6716998], [19.1286139, 44.6712966], [19.1288062, 44.6711968], [19.1291089, 44.671142], [19.1293204, 44.6711791], [19.1293652, 44.6712762], [19.1294187, 44.6713092], [19.1294972, 44.6713289], [19.1295837, 44.6712697], [19.1296204, 44.6712194], [19.1297468, 44.6710856], [19.1298774, 44.6708419], [19.1303135, 44.6708005], [19.1306865, 44.6708141], [19.1306594, 44.6706191], [19.1306326, 44.6701599], [19.1307018, 44.6701073], [19.1312105, 44.6702224], [19.1315916, 44.6701132], [19.1318343, 44.6698034], [19.1322589, 44.6697575], [19.133075, 44.6699475], [19.1334075, 44.6701365], [19.1338082, 44.670032], [19.1340701, 44.6699409], [19.1347181, 44.6700119], [19.1351627, 44.6699417], [19.1355, 44.6701701], [19.1357113, 44.6703735], [19.1359692, 44.6706002], [19.1361821, 44.6707323], [19.1363324, 44.6707398], [19.1364305, 44.6706759], [19.1364407, 44.6705679], [19.1364279, 44.6703961], [19.1363204, 44.6701403], [19.1363245, 44.6700477], [19.1364033, 44.6699684], [19.1365027, 44.6699151], [19.137028, 44.6697812], [19.1366563, 44.6694969], [19.1367751, 44.669402], [19.1365441, 44.6692351], [19.1369955, 44.6689957], [19.1376077, 44.6686777], [19.1376904, 44.6686737], [19.1375449, 44.6684105], [19.1375028, 44.6682786], [19.1373938, 44.6682082], [19.1368118, 44.6679063], [19.1363359, 44.6676081], [19.1359815, 44.6673848], [19.1357787, 44.6673117], [19.1355551, 44.6672311], [19.1351282, 44.6671228], [19.1347938, 44.6670376], [19.1346587, 44.6670472], [19.1345311, 44.6670562], [19.1345074, 44.6670579], [19.1344049, 44.6670501], [19.1342778, 44.6670405], [19.1339478, 44.6668973], [19.1338306, 44.6668564], [19.13366, 44.6668067], [19.1335599, 44.6667666], [19.1330832, 44.6667429], [19.1328884, 44.6667054], [19.1316494, 44.6666002], [19.1312475, 44.6664691], [19.1310642, 44.6662776], [19.1308917, 44.666026], [19.130886, 44.6660177], [19.1306044, 44.6659068], [19.1305491, 44.6660263], [19.1304433, 44.6660288], [19.1303392, 44.6659354], [19.1301933, 44.6657253], [19.1297654, 44.6654266], [19.1296222, 44.6651553], [19.1295104, 44.6649382], [19.1294074, 44.6644256], [19.129107, 44.6639907], [19.1294396, 44.6638151], [19.1296302, 44.6637272], [19.1296598, 44.663393], [19.1293195, 44.6633155], [19.1287529, 44.6626171], [19.1290426, 44.6623729], [19.1284847, 44.6618769], [19.1287851, 44.6613961], [19.1283882, 44.6611138], [19.1286564, 44.660633], [19.1285462, 44.6604069], [19.1282314, 44.6602191], [19.1266608, 44.6592823], [19.1270854, 44.6561624], [19.1274318, 44.6550315], [19.1274677, 44.6531864], [19.126929, 44.6526655], [19.1267313, 44.6519289], [19.1261136, 44.6507802], [19.1254781, 44.6497156], [19.125309, 44.6470097], [19.1250287, 44.6464811], [19.1245458, 44.6454992], [19.1239545, 44.6445155], [19.1233707, 44.644007], [19.1230899, 44.6438807], [19.1215204, 44.6432808], [19.1212468, 44.6430966], [19.120709, 44.642694], [19.1204638, 44.642425], [19.1202074, 44.6422388], [19.1199178, 44.6421345], [19.1195436, 44.6421043], [19.1188154, 44.6422827], [19.1184586, 44.642297], [19.1182239, 44.6422293], [19.1177049, 44.641948], [19.1170363, 44.641611], [19.1166522, 44.6414735], [19.115991, 44.6413714], [19.1156504, 44.6411558], [19.1151582, 44.6406968], [19.1148658, 44.6405269], [19.1146267, 44.640434], [19.1134335, 44.6399706], [19.112433, 44.6396853], [19.1118591, 44.6392187], [19.1112703, 44.638983], [19.1106735, 44.6389992], [19.1104171, 44.6387701], [19.1098273, 44.6384829], [19.1091062, 44.6375984], [19.1084529, 44.6367418], [19.1072571, 44.6360842], [19.1054821, 44.6375821], [19.1049628, 44.6383841], [19.1036903, 44.6395884], [19.1019206, 44.6390283], [19.1004503, 44.6385058], [19.0997743, 44.6385287], [19.0985996, 44.6377176], [19.0982455, 44.6376527], [19.0979478, 44.6375058], [19.0976581, 44.6374275], [19.0973574, 44.6374441], [19.0971557, 44.6368769], [19.0971531, 44.6367421], [19.0972412, 44.636463], [19.0974844, 44.6358843], [19.0976068, 44.6355427], [19.0974202, 44.6352505], [19.0972917, 44.6351247], [19.0971161, 44.6349481], [19.0967815, 44.6344455], [19.0965827, 44.6340896], [19.096157, 44.6337727], [19.0959348, 44.6337004], [19.0956769, 44.6335589], [19.0955708, 44.6333948], [19.0955111, 44.6331628], [19.0954375, 44.6328649], [19.0948112, 44.6323569], [19.0939643, 44.6317311], [19.0927684, 44.631016], [19.0929353, 44.6299685], [19.0924622, 44.6296985], [19.0919461, 44.6290558], [19.0917963, 44.628252], [19.091458, 44.6278976], [19.0913663, 44.6275982], [19.0910432, 44.6253005], [19.0920677, 44.6250137], [19.092391, 44.62464], [19.0931549, 44.6239918], [19.0939032, 44.623558], [19.094126, 44.6233646], [19.0939676, 44.6230976], [19.0939719, 44.6224195], [19.0940419, 44.6220134], [19.0940066, 44.6216848], [19.0938441, 44.6216876], [19.0938325, 44.6220069], [19.0936536, 44.6220569], [19.093481, 44.6226304], [19.0930232, 44.6228618], [19.0929591, 44.6229395], [19.0927604, 44.6230515], [19.0910479, 44.6230744], [19.0895851, 44.6230155], [19.0894492, 44.623034], [19.0889631, 44.6232304], [19.0888171, 44.6232095], [19.0883981, 44.6231605], [19.0882922, 44.6231427], [19.0881501, 44.6231615], [19.0878884, 44.6231807], [19.0877571, 44.6231855], [19.0873421, 44.6232455], [19.086571, 44.6231019], [19.0860841, 44.6230099], [19.0857636, 44.6229505], [19.0854781, 44.6229255], [19.0853521, 44.6228985], [19.0851963, 44.6228945], [19.0851508, 44.6228542], [19.0851204, 44.6228224], [19.085078, 44.6227806], [19.0850029, 44.6227481], [19.0849311, 44.6227156], [19.0847712, 44.6226157], [19.0846701, 44.6225019], [19.0844645, 44.6222464], [19.084409, 44.6222093], [19.0843535, 44.6221768], [19.0842883, 44.6221489], [19.0842132, 44.622128], [19.0841447, 44.6221164], [19.0840566, 44.6221094], [19.0839489, 44.6221071], [19.0836574, 44.6221126], [19.0835638, 44.6220955], [19.0832342, 44.6219515], [19.0827723, 44.6217105], [19.0832364, 44.6203551], [19.0832733, 44.6197441], [19.0832666, 44.6193665], [19.0833351, 44.6189507], [19.0829482, 44.6189222], [19.0829927, 44.6185606], [19.082967, 44.6184835], [19.0829265, 44.6184383], [19.0828019, 44.6184135], [19.0822235, 44.6183439], [19.0823749, 44.6180733], [19.0822515, 44.6179836], [19.0821872, 44.617869], [19.0821603, 44.6176876], [19.0818411, 44.6176036], [19.0817653, 44.6175983], [19.0816505, 44.6164564], [19.0816214, 44.6156549], [19.0817265, 44.6156101], [19.0816121, 44.6150216], [19.0814818, 44.6149799], [19.0813408, 44.6146457], [19.0810579, 44.6125474], [19.081226, 44.6124035], [19.0821106, 44.6110064], [19.0822941, 44.6107273], [19.0824365, 44.6102908], [19.0824837, 44.610024], [19.0826373, 44.609501], [19.0823727, 44.6093553], [19.0822366, 44.6091816], [19.0810089, 44.6080031], [19.0799493, 44.6072004], [19.0808546, 44.606623], [19.0809133, 44.6065313], [19.0808858, 44.6064169], [19.0788385, 44.6055482], [19.0782998, 44.6050588], [19.0784941, 44.6047436], [19.078524, 44.6045976], [19.0785849, 44.6044244], [19.0786443, 44.6043327], [19.0787023, 44.6042537], [19.0788116, 44.6041571], [19.0789603, 44.6040504], [19.0790834, 44.603928], [19.0791671, 44.6038218], [19.0792047, 44.6037118], [19.0792614, 44.6035588], [19.0793642, 44.6034389], [19.0795953, 44.6031443], [19.0797543, 44.6027479], [19.081043, 44.6031406], [19.0812886, 44.6034545], [19.0812886, 44.603676], [19.0815782, 44.6039281], [19.0816104, 44.6042719], [19.082061, 44.6049288], [19.0832627, 44.6055551], [19.0839922, 44.6055399], [19.0844536, 44.6058454], [19.087327, 44.6057548], [19.0876722, 44.6059676], [19.0877259, 44.6066627], [19.0873396, 44.6070446], [19.0892601, 44.6079001], [19.0909829, 44.6081818], [19.091084, 44.6084119], [19.0917492, 44.6084042], [19.0919101, 44.6080682], [19.0927577, 44.6081522], [19.0936219, 44.607628], [19.0969368, 44.6097799], [19.0990958, 44.6112672], [19.0995598, 44.6114441], [19.1007078, 44.6113907], [19.1013944, 44.6118489], [19.1018236, 44.6118871], [19.1029823, 44.6125974], [19.10339, 44.6125745], [19.1041512, 44.6127716], [19.1048276, 44.613216], [19.1059542, 44.6132466], [19.106437, 44.6129716], [19.1068038, 44.6129377], [19.1074026, 44.6129487], [19.1079819, 44.6132008], [19.1089475, 44.6128265], [19.1100097, 44.6128494], [19.1105997, 44.6128876], [19.1109645, 44.6132619], [19.1110289, 44.6134757], [19.1114581, 44.6139187], [19.1128099, 44.6136896], [19.1128313, 44.6135521], [19.1132247, 44.6134761], [19.1134858, 44.6136743], [19.1136575, 44.6138194], [19.1137648, 44.6144036], [19.1141993, 44.6144609], [19.114843, 44.6141898], [19.1152829, 44.6138805], [19.1155565, 44.6135253], [19.1165543, 44.6133764], [19.1175306, 44.6133077], [19.1187054, 44.6134299], [19.1195369, 44.6135674], [19.1201591, 44.6137659], [19.120363, 44.613659], [19.1203952, 44.6134528], [19.1205561, 44.6131931], [19.1208887, 44.6130938], [19.12178, 44.6130885], [19.1223371, 44.6128342], [19.1233349, 44.612838], [19.1243541, 44.6130824], [19.1272294, 44.6130442], [19.1277552, 44.6124408], [19.1289949, 44.6120785], [19.1309017, 44.6113357], [19.1322935, 44.6111615], [19.1328084, 44.6106918], [19.1336238, 44.6104359], [19.1341281, 44.6103443], [19.1345088, 44.6100353], [19.1346645, 44.6099089], [19.1344392, 44.6092139], [19.1347504, 44.6089618], [19.1352332, 44.6092368], [19.1354477, 44.6092291], [19.1356408, 44.6075494], [19.1364319, 44.6069537], [19.1371536, 44.6059218], [19.1377759, 44.6049288], [19.1382587, 44.6045621], [19.1384196, 44.6043941], [19.138602, 44.6043712], [19.1388059, 44.6045316], [19.1389024, 44.6047531], [19.1389775, 44.604776], [19.1391706, 44.6045774], [19.1395032, 44.6042795], [19.1397765, 44.6036425], [19.1399217, 44.6031108], [19.1401255, 44.6030497], [19.1403991, 44.6032292], [19.1406566, 44.6030955], [19.1405225, 44.6028205], [19.140619, 44.6026906], [19.1411447, 44.6025761], [19.1414022, 44.6025455], [19.1416168, 44.6020031], [19.1422391, 44.6015906], [19.1429868, 44.601819], [19.1439879, 44.6020337], [19.1440952, 44.6023087], [19.1449857, 44.6023087], [19.1454255, 44.6021483], [19.1465092, 44.6023393], [19.1474686, 44.602203], [19.1477752, 44.6023698], [19.1478073, 44.6024538], [19.1485476, 44.6022323], [19.1493952, 44.6021636], [19.1495776, 44.602049], [19.1489875, 44.6018504], [19.1490304, 44.6014379], [19.1493701, 44.6012177], [19.1496834, 44.601229], [19.1499638, 44.6012392], [19.1509509, 44.6011705], [19.1512298, 44.6009031], [19.1513693, 44.6002309], [19.1521525, 44.6000093], [19.1523886, 44.5996961], [19.1526782, 44.5995052], [19.1533327, 44.5994899], [19.1541052, 44.5999864], [19.1543841, 44.600101], [19.1546309, 44.6000093], [19.1546631, 44.5998566], [19.1546094, 44.599635], [19.1547596, 44.5994211], [19.1556287, 44.5993906], [19.1563193, 44.5990042], [19.1568088, 44.5992607], [19.1573024, 44.5992989], [19.1581392, 44.5989398], [19.1583967, 44.5987183], [19.1578238, 44.5982269], [19.1581392, 44.5978092], [19.1585469, 44.5975877], [19.1589653, 44.5977405], [19.1591048, 44.5980002], [19.1596413, 44.5985502], [19.1597056, 44.5987947], [19.1607571, 44.5986495], [19.1608965, 44.5981606], [19.1607678, 44.5976641], [19.1613793, 44.5972744], [19.162375, 44.5971345], [19.162935, 44.5975571], [19.1633427, 44.5976641], [19.1637075, 44.5976259], [19.1634607, 44.5971828], [19.163965, 44.5968161], [19.1640401, 44.5963195], [19.1646731, 44.5958382], [19.1653061, 44.5957618], [19.1653705, 44.5960215], [19.1653275, 44.5963195], [19.1654241, 44.5965028], [19.1656387, 44.5964876], [19.1660464, 44.5962813], [19.1660464, 44.5957618], [19.1673851, 44.5948235], [19.1679454, 44.5948603], [19.1682458, 44.5947304], [19.1684043, 44.5940806], [19.1689485, 44.593848], [19.1698633, 44.5938993], [19.1693509, 44.5932635], [19.1688037, 44.5928242], [19.1685569, 44.592595], [19.1684335, 44.5921557], [19.1687207, 44.5920277], [19.1682351, 44.5910937], [19.1682726, 44.5908568], [19.1680688, 44.5904825], [19.1681653, 44.5900584], [19.168852, 44.5897719], [19.1692167, 44.5895236], [19.1687769, 44.5894319], [19.168466, 44.5893422], [19.1676128, 44.5889314], [19.1668564, 44.5888054], [19.1655636, 44.588068], [19.1655153, 44.5879076], [19.1655528, 44.5874873], [19.1657728, 44.5872008], [19.1660571, 44.5871741], [19.1664755, 44.5869104], [19.1665345, 44.5864978], [19.1670549, 44.586387], [19.1669422, 44.5862036], [19.1663736, 44.5859973], [19.1660839, 44.5859553], [19.1657835, 44.5858025], [19.1657674, 44.5855542], [19.1661054, 44.5850384], [19.1672319, 44.5845111], [19.1681335, 44.5841201], [19.1694635, 44.5836018], [19.17, 44.5836286], [19.171226, 44.5829071], [19.1714752, 44.5828453], [19.172548, 44.5825015], [19.1746482, 44.5820086], [19.1750184, 44.5820391], [19.1771828, 44.5806091], [19.1770542, 44.5802357], [19.1773331, 44.5799682], [19.1774858, 44.5790674], [19.1776872, 44.5788067], [19.1776872, 44.5783864], [19.1778345, 44.578202], [19.1782343, 44.5777826], [19.17836, 44.5775067], [19.1790229, 44.5770987], [19.1791677, 44.5769955], [19.1799617, 44.5768235], [19.1805786, 44.5765064], [19.1807556, 44.5762236], [19.1809187, 44.5761674], [19.1817588, 44.5760402], [19.1820109, 44.5768159], [19.1826707, 44.5766057], [19.1825795, 44.5759638], [19.1817319, 44.5757995], [19.1808897, 44.5755167], [19.1808629, 44.5749779], [19.1815037, 44.574766], [19.1816551, 44.5735575], [19.1820459, 44.573461], [19.1822513, 44.5734613], [19.1824096, 44.5733879], [19.1836309, 44.5731154], [19.184275, 44.5729733], [19.1851779, 44.5749551], [19.1853384, 44.5754802], [19.1856237, 44.5758317], [19.1857902, 44.5761323], [19.1866344, 44.5757258], [19.1870803, 44.57573], [19.1873597, 44.5757682], [19.1880077, 44.5757173], [19.1885666, 44.5759545], [19.1892027, 44.5760561], [19.1899458, 44.576505], [19.1905582, 44.5767887], [19.1907128, 44.576848], [19.1909327, 44.5769539], [19.1910041, 44.5766066], [19.1917294, 44.5763399], [19.1920445, 44.5762594], [19.1929362, 44.575874], [19.1937269, 44.5756496], [19.1940301, 44.5754929], [19.1947673, 44.5752642], [19.1952548, 44.5751202], [19.1955342, 44.575044], [19.1961169, 44.5750271], [19.1967292, 44.5749593], [19.1972643, 44.5748831], [19.1974961, 44.5749], [19.1984176, 44.5748365], [19.1989705, 44.5748153], [19.1992856, 44.5748619], [19.1993986, 44.5749085], [19.1994877, 44.5749593], [19.199678, 44.5752473], [19.1999336, 44.5755903], [19.2002547, 44.5758613], [19.2005995, 44.5760646], [19.2008135, 44.5761705], [19.201949, 44.5772927], [19.2021155, 44.5775044], [19.2026862, 44.5774621], [19.2030072, 44.5773858], [19.206313, 44.5769076], [19.2062762, 44.5772954], [19.2062454, 44.5777822], [19.2062386, 44.5780397], [19.2054537, 44.5811215], [19.2056186, 44.5814621], [19.2057531, 44.5817676], [19.205932, 44.5820717], [19.2061184, 44.5823891], [19.2062414, 44.5826626], [19.2064131, 44.5829456], [19.2065169, 44.5830793], [19.2065964, 44.5831491], [19.2066112, 44.58316], [19.2066231, 44.5833135], [19.2067029, 44.5834503], [19.2068345, 44.5835773], [19.2069736, 44.5836353], [19.2071161, 44.5836525], [19.2072156, 44.5836666], [19.2076232, 44.5839527], [19.2077119, 44.5840984], [19.2077749, 44.5841391], [19.207782, 44.5841427], [19.2078206, 44.58445], [19.2078311, 44.5845978], [19.2078979, 44.5847479], [19.2080217, 44.5849327], [19.2080607, 44.5850318], [19.2083141, 44.5853452], [19.2085628, 44.5856109], [19.2088123, 44.5858547], [19.2090031, 44.586066], [19.2090789, 44.5862243], [19.2092779, 44.5865537], [19.2093827, 44.5867216], [19.2094642, 44.586831], [19.2095563, 44.5869435], [19.2096483, 44.587053], [19.209789, 44.5871974], [19.2099262, 44.5873321], [19.2100716, 44.5874792], [19.2103245, 44.587715], [19.2104501, 44.5878281], [19.2106127, 44.5879542], [19.210895, 44.5882249], [19.2110373, 44.5883169], [19.2111943, 44.5884416], [19.2115756, 44.5886302], [19.2119311, 44.588727], [19.2123388, 44.5888145], [19.2127059, 44.588856], [19.2130276, 44.5888736], [19.2134669, 44.5888953], [19.2138219, 44.5889064], [19.2142507, 44.5889223], [19.2145985, 44.5889365], [19.214725, 44.5889103], [19.2148031, 44.589064], [19.2148486, 44.5892324], [19.2148742, 44.5892878], [19.2149162, 44.5893517], [19.2150618, 44.5896332], [19.2151834, 44.589809], [19.2153424, 44.5900821], [19.2155588, 44.590281], [19.2157519, 44.5904396], [19.2159868, 44.5906466], [19.2162824, 44.590829], [19.2164014, 44.5908838], [19.2164584, 44.5909776], [19.2165984, 44.5911263], [19.2168376, 44.5913357], [19.2171157, 44.5915802], [19.2174273, 44.5918515], [19.2177666, 44.5921475], [19.2179989, 44.592326], [19.2181951, 44.5924835], [19.2183491, 44.5926612], [19.218536, 44.5928194], [19.2187104, 44.5929627], [19.218971, 44.5931569], [19.219277, 44.5934453], [19.2193532, 44.593494], [19.2194038, 44.593557], [19.2194527, 44.59362], [19.2195004, 44.593682], [19.2195459, 44.593747], [19.2195815, 44.5938146], [19.2196192, 44.5938802], [19.219668, 44.5939433], [19.2196957, 44.5940139], [19.2197346, 44.5940765], [19.2197875, 44.5941431], [19.2198323, 44.5942046], [19.2198814, 44.5942705], [19.2199312, 44.5943382], [19.2199523, 44.5944012], [19.2199915, 44.5944775], [19.2200206, 44.5945374], [19.2200657, 44.5946808], [19.2200985, 44.5947393], [19.2201164, 44.5948083], [19.220143, 44.5948814], [19.2201398, 44.5949498], [19.2201423, 44.5950169], [19.2201412, 44.5950931], [19.2201409, 44.5951646], [19.2201412, 44.5952363], [19.2201149, 44.5953053], [19.2201143, 44.5953743], [19.2201258, 44.5954368], [19.2201667, 44.5958228], [19.2202284, 44.5961801], [19.2202266, 44.5964513], [19.2202542, 44.5969441], [19.2204073, 44.5973166], [19.2204764, 44.5973991], [19.2206958, 44.5989058], [19.2207232, 44.598945], [19.220926, 44.5991985], [19.2209475, 44.5992542], [19.2209905, 44.5993459], [19.2211674, 44.5997329], [19.2211698, 44.6001047], [19.2212497, 44.6004459], [19.2213059, 44.6006214], [19.2214384, 44.6008246], [19.2215843, 44.6009915], [19.2216348, 44.6010554], [19.2216452, 44.601086], [19.2216515, 44.6010938], [19.2216893, 44.6011636], [19.221765, 44.6013057], [19.2218347, 44.6014626], [19.2218765, 44.6017603], [19.2218567, 44.6019157], [19.2218388, 44.6020621], [19.2218912, 44.6021732], [19.2219919, 44.6025072], [19.2220001, 44.602784], [19.2219553, 44.6028874], [19.2219904, 44.6032052], [19.2220029, 44.6032439], [19.2221228, 44.6034456], [19.2223522, 44.6037146], [19.2224703, 44.6038633], [19.2226421, 44.6041104], [19.222859, 44.6044262], [19.2228949, 44.6044993], [19.2231145, 44.6048432], [19.2231944, 44.6049639], [19.2234491, 44.6053688], [19.2235298, 44.6054912], [19.2237604, 44.6057482], [19.2240359, 44.6059472], [19.2244299, 44.6061649], [19.2245651, 44.606237], [19.2246175, 44.6062601], [19.2245696, 44.6063615], [19.2245093, 44.6065301], [19.2244942, 44.6067177], [19.2245181, 44.6070643], [19.2245394, 44.6072374], [19.2246231, 44.6075843], [19.2247396, 44.6079293], [19.2248186, 44.6080601], [19.2248349, 44.6081719], [19.2264922, 44.6102713], [19.2265161, 44.6102955], [19.2269056, 44.61053], [19.2271837, 44.6107885], [19.2272138, 44.6108117], [19.2271782, 44.6108289], [19.2268256, 44.611384], [19.2265248, 44.611731], [19.2264132, 44.6118758], [19.226265, 44.6120837], [19.2261056, 44.6122615], [19.2260428, 44.6123315], [19.2259045, 44.6124858], [19.2258987, 44.6125339], [19.2257184, 44.6126922], [19.2255948, 44.6127926], [19.2255689, 44.6128136], [19.2254941, 44.6128744], [19.225365, 44.6129691], [19.2253015, 44.6130534], [19.2251788, 44.6132749], [19.2251589, 44.613288], [19.224955, 44.6134392], [19.2247095, 44.6136281], [19.2245693, 44.6137447], [19.2244842, 44.6138306], [19.2244311, 44.6139301], [19.2242975, 44.6140431], [19.2240693, 44.6142199], [19.224012, 44.6142703], [19.2238011, 44.6143911], [19.2235769, 44.6145097], [19.2234624, 44.614593], [19.2232711, 44.6146824], [19.2231223, 44.614775], [19.2230054, 44.6148234], [19.2229233, 44.6148768], [19.2228493, 44.614925], [19.2224566, 44.6150791], [19.2223075, 44.6151122], [19.2222962, 44.615113], [19.2219831, 44.615137], [19.2217561, 44.615163], [19.2217036, 44.6151708], [19.2215382, 44.6151954], [19.2214313, 44.6152193], [19.2213519, 44.6152371], [19.2211547, 44.6152948], [19.221097, 44.6153117], [19.2207361, 44.6153108], [19.2205802, 44.6153096], [19.2205125, 44.6153091], [19.22001, 44.6153052], [19.2197475, 44.6152995], [19.2196649, 44.6152977], [19.2193361, 44.6153401], [19.2191741, 44.6153707], [19.2190238, 44.6153991], [19.218858, 44.6154305], [19.2187332, 44.6154542], [19.2184604, 44.6155077], [19.2181248, 44.6155736], [19.2177866, 44.6156687], [19.2177544, 44.6156829], [19.2175277, 44.6157833], [19.217349, 44.6158624], [19.2173033, 44.6158788], [19.2169942, 44.6159894], [19.2167859, 44.616064], [19.2167434, 44.6160816], [19.2165691, 44.6161536], [19.2164226, 44.6162209], [19.2163655, 44.6162472], [19.216293, 44.6162806], [19.2161667, 44.6163388], [19.2161534, 44.6163472], [19.2158748, 44.6165236], [19.2156952, 44.6166374], [19.2154794, 44.6168179], [19.2153357, 44.6169386], [19.2152582, 44.6170037], [19.2151134, 44.6171545], [19.2150333, 44.6172685], [19.2150271, 44.6172788], [19.2149318, 44.6174351], [19.2148239, 44.6176102], [19.2147425, 44.6177638], [19.2146855, 44.6179203], [19.2146633, 44.6181815], [19.2146752, 44.6184079], [19.2146791, 44.6186169], [19.2146741, 44.6186871], [19.2146725, 44.6187114], [19.2146977, 44.618821], [19.2147557, 44.6189838], [19.2147708, 44.6190261], [19.2148411, 44.6191881], [19.2148748, 44.6192532], [19.2149292, 44.6193582], [19.214939, 44.6193772], [19.2150021, 44.6194404], [19.2150155, 44.6194482], [19.2151085, 44.6195028], [19.2153145, 44.6196156], [19.2155119, 44.6197315], [19.2155711, 44.6197654], [19.2157207, 44.6198508], [19.2158745, 44.619933], [19.2159261, 44.6199606], [19.216176, 44.6200948], [19.2162075, 44.6201097], [19.216388, 44.6201951], [19.2164964, 44.6202414], [19.2165991, 44.6202832], [19.2169067, 44.6203632], [19.217141, 44.6203984], [19.2177069, 44.6204833], [19.2180789, 44.6203115], [19.2185411, 44.6202121], [19.2188841, 44.6199783], [19.2189785, 44.6199647], [19.2192279, 44.6199287], [19.2195556, 44.6198814], [19.2198591, 44.6198375], [19.2200746, 44.6198064], [19.2202297, 44.6197839], [19.2202105, 44.6198439], [19.2209604, 44.6199397], [19.2222857, 44.6198507], [19.2228814, 44.6198533], [19.2235185, 44.6199197], [19.2244129, 44.6200481], [19.2248621, 44.6201245], [19.2256106, 44.6203344], [19.2265494, 44.6205797], [19.2266579, 44.6205425], [19.2268961, 44.6206316], [19.2271174, 44.6207328], [19.2272893, 44.6208477], [19.2279372, 44.6210482], [19.2283612, 44.6212302], [19.2290933, 44.6213581], [19.2297213, 44.6215119], [19.2305998, 44.6216531], [19.2308049, 44.6215736], [19.230916, 44.6215906], [19.2314586, 44.6216211], [19.2318661, 44.6216868], [19.2323331, 44.6218241], [19.2325992, 44.6219114], [19.2327956, 44.6219759], [19.2331499, 44.6220685], [19.2336245, 44.6221831], [19.2341061, 44.6222948], [19.2364081, 44.623005], [19.2367483, 44.6231822], [19.2368814, 44.6232516], [19.2370453, 44.6233515], [19.2372238, 44.6234762], [19.2375895, 44.6237214], [19.2380126, 44.6240572], [19.2382962, 44.6242563], [19.2385523, 44.6244593], [19.2386367, 44.6245262], [19.2389786, 44.6248621], [19.2392779, 44.6251542], [19.2393584, 44.6252371], [19.2398102, 44.6253869], [19.2402448, 44.6255498], [19.2405668, 44.6257168], [19.2406918, 44.6257869], [19.2408853, 44.6259628], [19.2411253, 44.6262816], [19.2412775, 44.6264985], [19.241364, 44.6266139], [19.2414118, 44.6267038], [19.2414744, 44.6268216], [19.2414967, 44.6269267], [19.2415452, 44.6271556], [19.2415947, 44.6273806], [19.2417483, 44.6278131], [19.2418546, 44.6280526], [19.2419991, 44.6282553], [19.2420894, 44.6283121], [19.2425483, 44.6285375], [19.2430945, 44.6287309], [19.2431414, 44.6291631], [19.2433988, 44.6292462], [19.2436662, 44.6293351], [19.2439046, 44.6294294], [19.2441328, 44.6295409], [19.2443048, 44.62963], [19.2443252, 44.6296332], [19.2445317, 44.6297179], [19.2449596, 44.6298799], [19.2452349, 44.629987], [19.24556, 44.6301106], [19.2457254, 44.6301689], [19.2461406, 44.6302464], [19.2466587, 44.6303245], [19.2468813, 44.630382], [19.2472405, 44.6305376], [19.247529, 44.6306724], [19.2478779, 44.6309055], [19.2480958, 44.6309847], [19.2479166, 44.631564], [19.2478632, 44.6317398], [19.2481523, 44.6319495], [19.2484162, 44.6321415], [19.2487688, 44.6323975], [19.2488743, 44.6324786], [19.2491795, 44.6326972], [19.249407, 44.6328618], [19.2505179, 44.6335235], [19.2506549, 44.6335343], [19.2507117, 44.6336354], [19.2507594, 44.633847], [19.2514016, 44.6338976], [19.2520249, 44.6339454], [19.2526603, 44.6339875], [19.2532686, 44.6340503], [19.2538476, 44.6340569], [19.2540169, 44.6340525], [19.2541327, 44.6340675], [19.2542234, 44.6340793], [19.2544312, 44.6341432], [19.2544906, 44.6341615], [19.2550326, 44.6343802], [19.2551634, 44.6344344], [19.255351, 44.6345121], [19.2556823, 44.6346422], [19.2561473, 44.6347764], [19.2566242, 44.6349159], [19.2568183, 44.6349228], [19.2570001, 44.6348829], [19.2571597, 44.6347905], [19.2573842, 44.6351644], [19.2578457, 44.6356293], [19.2581057, 44.6358663], [19.2584298, 44.6362015], [19.2587129, 44.6364201], [19.2589773, 44.6366676], [19.2590454, 44.6367679], [19.2592411, 44.6371137], [19.2593656, 44.6374363], [19.2596463, 44.6379926], [19.2598964, 44.6383976], [19.2603821, 44.6391296], [19.2607188, 44.639521], [19.2610321, 44.6400942], [19.2612478, 44.6402503], [19.2615751, 44.640427], [19.2620014, 44.6405715], [19.2619123, 44.6407026], [19.2618475, 44.6408766], [19.2617817, 44.6410533], [19.2616218, 44.6414871], [19.2620968, 44.64175], [19.2623983, 44.6419168], [19.2634437, 44.6424951], [19.2636971, 44.6426353], [19.2637397, 44.6429949], [19.2637758, 44.6433014], [19.2637818, 44.6433532], [19.2638338, 44.6437137], [19.2638809, 44.6439845], [19.2639267, 44.6441344], [19.2640618, 44.6443898], [19.2641151, 44.6445694], [19.2641169, 44.6446119], [19.2641221, 44.6447376], [19.2641696, 44.6449052], [19.2642453, 44.6450766], [19.2642881, 44.645097], [19.2644736, 44.6451855], [19.2645033, 44.6452064], [19.2645388, 44.6452246], [19.2648728, 44.6453954], [19.2649177, 44.6454184], [19.2653778, 44.6456599], [19.2655316, 44.6457708], [19.2655446, 44.6458], [19.2656017, 44.6459288], [19.2656333, 44.6460002], [19.2656806, 44.6461071], [19.2658006, 44.646412], [19.2658591, 44.6465676], [19.2659078, 44.6467157], [19.2659511, 44.6468207], [19.2660885, 44.6471538], [19.2661846, 44.6475096], [19.2662919, 44.6478582], [19.2663321, 44.6480174], [19.266344, 44.6480783], [19.2662856, 44.6480822], [19.2659295, 44.648097], [19.2658871, 44.6481049], [19.2658212, 44.6482319], [19.265692, 44.6483861], [19.2655925, 44.6484554], [19.2653847, 44.6486457], [19.2653015, 44.6486998], [19.2651808, 44.6487782], [19.2649789, 44.6488861], [19.2648606, 44.6490285], [19.2648015, 44.6490994], [19.2646826, 44.6493281], [19.264658, 44.6493754], [19.2645434, 44.6495795], [19.2645082, 44.6496421], [19.264467, 44.6498005], [19.2644205, 44.6499796], [19.2643545, 44.6499849], [19.2643318, 44.6503672], [19.2642911, 44.6505322], [19.2642013, 44.650868], [19.2641807, 44.6511955], [19.2640904, 44.6515201], [19.2639647, 44.6517917], [19.2638215, 44.651946], [19.2634956, 44.6522492], [19.2632524, 44.6525703], [19.2631887, 44.6526662], [19.2628851, 44.6529339], [19.2626338, 44.653113], [19.2623008, 44.6533916], [19.2616455, 44.6537584], [19.2612255, 44.65397], [19.2608431, 44.6541797], [19.2599381, 44.6546574], [19.2596722, 44.6547567], [19.2594065, 44.6548949], [19.259166, 44.6550184], [19.2591131, 44.6550883], [19.2589625, 44.6552774], [19.2589494, 44.6553533], [19.2588923, 44.6555325], [19.2588057, 44.6557549], [19.2586285, 44.6559507], [19.2583613, 44.656093], [19.2583186, 44.6561733], [19.258313, 44.6563358], [19.2583464, 44.6564252], [19.2585998, 44.6567694], [19.2587269, 44.6570123], [19.2588729, 44.6572175], [19.2591977, 44.6576017], [19.2598856, 44.658374], [19.2600116, 44.6584924], [19.2603426, 44.6587261], [19.2610142, 44.6590507], [19.2613641, 44.6592056], [19.2617695, 44.6593723], [19.2621484, 44.6595577], [19.262262, 44.6597092], [19.2623872, 44.6598641], [19.2625977, 44.660042], [19.262914, 44.6601672], [19.2633556, 44.6602764], [19.263612, 44.6603628], [19.2638436, 44.6604053], [19.2639035, 44.6604049], [19.2641313, 44.6603815], [19.2643135, 44.6602651], [19.2645958, 44.6601383], [19.2650366, 44.6599824], [19.2650949, 44.6599737], [19.2653065, 44.6598879], [19.2653526, 44.6598629], [19.2656568, 44.6597328], [19.26565, 44.6596542], [19.2661844, 44.6594565], [19.2665401, 44.6593283], [19.266911, 44.659203], [19.2669593, 44.6591867], [19.2673705, 44.6590238], [19.2676242, 44.658885], [19.2678495, 44.658807], [19.2683047, 44.6586112], [19.2687987, 44.6584815], [19.2693881, 44.658311], [19.2699209, 44.6580699], [19.2704712, 44.6578044], [19.2709482, 44.6575794], [19.2712493, 44.6575168], [19.2714341, 44.6574844], [19.2716524, 44.657446], [19.2722528, 44.6573096], [19.2726203, 44.6572227], [19.272673, 44.6572233], [19.2752004, 44.6572012], [19.2752212, 44.6572066], [19.2757244, 44.657222], [19.2761954, 44.6572136], [19.2766964, 44.657267], [19.277035, 44.6573056], [19.2773958, 44.6573927], [19.277484, 44.6574141], [19.2779104, 44.6579636], [19.2782073, 44.6583236], [19.2785224, 44.6584105], [19.2785875, 44.6584301], [19.2787382, 44.6584753], [19.279248, 44.6586338], [19.2792734, 44.6586418], [19.2794587, 44.6587205], [19.2795593, 44.6587632], [19.2797007, 44.6588871], [19.2797767, 44.6589537], [19.2798386, 44.659008], [19.2798557, 44.6590229], [19.2799865, 44.6591398], [19.2800646, 44.6592095], [19.2801895, 44.659321], [19.2802275, 44.6593532], [19.2803338, 44.6594433], [19.2805618, 44.6596414], [19.2806127, 44.6598274], [19.2806787, 44.660069], [19.2807118, 44.6601832], [19.2807955, 44.6604716], [19.280806, 44.6605428], [19.2808373, 44.6607545], [19.2807745, 44.6609312], [19.2807521, 44.661001], [19.2806571, 44.6612964], [19.2806492, 44.6613161], [19.2805192, 44.6616432], [19.2804498, 44.6617949], [19.2805329, 44.6617828], [19.2806953, 44.6617592], [19.2811887, 44.6616793], [19.28168, 44.6615981], [19.2822851, 44.6614969], [19.2824042, 44.661599], [19.2826046, 44.6617705], [19.2827037, 44.6620748], [19.2823772, 44.662211], [19.2822512, 44.6623918], [19.2820851, 44.6625552], [19.2818986, 44.6626934], [19.2816317, 44.6628575], [19.2815136, 44.6629278], [19.2813862, 44.6630276], [19.2812386, 44.6631294], [19.2811081, 44.6632519], [19.2810598, 44.6634562], [19.280944, 44.6635359], [19.2808477, 44.6635755], [19.2806798, 44.6636102], [19.2805415, 44.6636442], [19.2803417, 44.6636847], [19.280308, 44.6638083], [19.2802469, 44.6640781], [19.2801368, 44.6641914], [19.2799843, 44.6643395], [19.2797979, 44.664432], [19.2796501, 44.6644966], [19.2794648, 44.6645778], [19.2792477, 44.6646754], [19.2790975, 44.6647311], [19.278794, 44.664865], [19.2786425, 44.664937], [19.2786012, 44.6649761], [19.2785803, 44.6650089], [19.2785623, 44.6650291], [19.2779893, 44.6656762], [19.2776597, 44.6660621], [19.2772822, 44.6664284], [19.2770446, 44.6666439], [19.2762438, 44.6676618], [19.2762366, 44.6677567], [19.2762081, 44.6680192], [19.2763189, 44.6682647], [19.276516, 44.6685028], [19.2768143, 44.6688904], [19.2768802, 44.6689813], [19.2771063, 44.6692929], [19.2773037, 44.669458], [19.2773602, 44.6695389], [19.2774291, 44.6696461], [19.2778939, 44.6699339], [19.2783019, 44.6701988], [19.2783611, 44.6702859], [19.2783967, 44.6703383], [19.2784828, 44.6705778], [19.2785272, 44.6706366], [19.2786132, 44.6708035], [19.2787495, 44.6709948], [19.2789405, 44.6711329], [19.2790547, 44.671236], [19.2791326, 44.6713166], [19.2791661, 44.6713514], [19.2793209, 44.671786], [19.279426, 44.6721541], [19.279484, 44.6725942], [19.2794717, 44.6730482], [19.2794812, 44.6731489], [19.2794715, 44.6733379], [19.2794717, 44.6734276], [19.279472, 44.6735645], [19.2794613, 44.6740105], [19.2793919, 44.6751146], [19.2793869, 44.6752182], [19.2795458, 44.6754374], [19.2796747, 44.6756154], [19.2799144, 44.6760357], [19.2801033, 44.6764628], [19.2801546, 44.6768367], [19.2801659, 44.6769191], [19.2802824, 44.6772443], [19.28057, 44.6773461], [19.2807696, 44.6775089], [19.2807711, 44.6776793], [19.2808296, 44.6779617], [19.2809593, 44.6781378], [19.2810854, 44.6782798], [19.2813226, 44.6782453], [19.2818265, 44.6782273], [19.2819519, 44.6782228], [19.2825844, 44.6782043], [19.2828208, 44.6782037], [19.2828509, 44.678199], [19.2834402, 44.6781068], [19.2836497, 44.6780833], [19.2837503, 44.6780743], [19.2838592, 44.6780646], [19.2841905, 44.6784491], [19.284346, 44.6786152], [19.2846408, 44.6788339], [19.2849832, 44.6790464], [19.2852959, 44.6791715], [19.285692, 44.6792685], [19.2859736, 44.6793761], [19.2861434, 44.6793838], [19.2863926, 44.6793483], [19.2867408, 44.6794384], [19.2868575, 44.6794483], [19.2871299, 44.6793746], [19.2874764, 44.6793201], [19.2880982, 44.6793514], [19.2886932, 44.6793873], [19.2889299, 44.6794466], [19.2891244, 44.6794848], [19.2889068, 44.679761], [19.2888521, 44.6799543], [19.2887687, 44.680278], [19.2887712, 44.6807283], [19.2888522, 44.6811731], [19.2890509, 44.681603], [19.2894275, 44.6819607], [19.2899391, 44.6822311], [19.2904977, 44.6824285], [19.290764, 44.6825148], [19.2912729, 44.6825049], [19.2912599, 44.6825378], [19.2910878, 44.6829241], [19.2909547, 44.6831267], [19.2908738, 44.6832444], [19.2907095, 44.683483], [19.290652, 44.6836822], [19.2907986, 44.6839447], [19.2908396, 44.6840826], [19.2908157, 44.6842199], [19.2908391, 44.684537], [19.290724, 44.684796], [19.2906305, 44.6848611], [19.2905512, 44.6850483], [19.290422, 44.6852175], [19.2904185, 44.6852222], [19.2903386, 44.6853268], [19.2902039, 44.6854681], [19.2899591, 44.6856198], [19.2899002, 44.6856563], [19.2894205, 44.6859528], [19.2889373, 44.6862256], [19.2884526, 44.6865294], [19.2879888, 44.6868342], [19.2876641, 44.6870817], [19.2872141, 44.687397], [19.2872101, 44.6878771], [19.287257, 44.6881843], [19.287329, 44.6883932], [19.2874157, 44.6888047], [19.2876281, 44.6891224], [19.2877634, 44.6895649], [19.2879917, 44.6899507], [19.2881045, 44.6901273], [19.2883343, 44.6905774], [19.2885512, 44.6908853], [19.2888053, 44.6911605], [19.2892871, 44.6914927], [19.2899523, 44.6919151], [19.2904732, 44.6921725], [19.2907093, 44.6921147], [19.2909231, 44.6920042], [19.2913645, 44.691828], [19.2916373, 44.691691], [19.2917893, 44.6915426], [19.2919675, 44.6913368], [19.2922614, 44.6909448], [19.2925754, 44.6905519], [19.2926873, 44.6904111], [19.2928612, 44.6901924], [19.2928862, 44.690161], [19.2932193, 44.6897845], [19.2935334, 44.6893937], [19.2938154, 44.6889848], [19.2940576, 44.688811], [19.2941418, 44.6887507], [19.2945551, 44.6884152], [19.2946623, 44.6883395], [19.2947968, 44.6882443], [19.2949729, 44.6881901], [19.2951474, 44.6881182], [19.2955193, 44.6879649], [19.296117, 44.687803], [19.2966923, 44.6876286], [19.2968098, 44.6876121], [19.2968623, 44.687606], [19.296903, 44.6876012], [19.2970232, 44.687587], [19.297149, 44.6875722], [19.297258, 44.6875593], [19.29754, 44.6875136], [19.2978758, 44.6874591], [19.2979097, 44.6874513], [19.2980492, 44.6874189], [19.2981785, 44.6873888], [19.2983414, 44.6873518], [19.298779, 44.6872522], [19.298858, 44.6872429], [19.2988911, 44.687239], [19.2989503, 44.6872355], [19.2989783, 44.6872411], [19.2990403, 44.6872532], [19.299208, 44.6872863], [19.299268, 44.6872981], [19.2995424, 44.6873658], [19.2998043, 44.6874303], [19.2998624, 44.6874447], [19.3000931, 44.6875007], [19.3004332, 44.6875834], [19.3004621, 44.6875905], [19.3005108, 44.6876023], [19.3007091, 44.6876508], [19.3010612, 44.6877366], [19.3012986, 44.6877956], [19.3016595, 44.6878852], [19.3020742, 44.6879894], [19.3022495, 44.6880335], [19.302662, 44.6881765], [19.3030024, 44.6883322], [19.3030939, 44.6883933], [19.3032346, 44.6884872], [19.3034572, 44.6887076], [19.3036141, 44.6889105], [19.3038004, 44.6890807], [19.3037957, 44.6891028], [19.3037527, 44.6893054], [19.3037723, 44.6896392], [19.3038084, 44.6899149], [19.3037553, 44.6902132], [19.3037167, 44.6904112], [19.3036043, 44.6905942], [19.3034637, 44.6908162], [19.3032869, 44.6911072], [19.303217, 44.6912414], [19.3029366, 44.6916727], [19.3026911, 44.6919583], [19.3025536, 44.6920226], [19.3023411, 44.6921378], [19.3022227, 44.6921739], [19.3017495, 44.6924723], [19.3016244, 44.6925437], [19.3014207, 44.6926546], [19.3013482, 44.6926872], [19.3012763, 44.692717], [19.3011638, 44.6927861], [19.3010685, 44.6928495], [19.3010279, 44.6928728], [19.3009195, 44.6929724], [19.3008643, 44.6930327], [19.3008129, 44.6931069], [19.3007779, 44.6931518], [19.3007114, 44.6932966], [19.3006535, 44.6934229], [19.3005976, 44.6935898], [19.3005658, 44.6937912], [19.3005486, 44.6938838], [19.3004731, 44.6940134], [19.300401, 44.6941408], [19.3003496, 44.6942677], [19.3002903, 44.6944064], [19.300233, 44.6945543], [19.3001708, 44.6947027], [19.3000848, 44.6949205], [19.300037, 44.6950306], [19.3000176, 44.6950805], [19.2999965, 44.6951429], [19.2999599, 44.6952082], [19.3003783, 44.6955288], [19.3005401, 44.6957299], [19.300704, 44.695921], [19.3010746, 44.6963883], [19.3011465, 44.6964916], [19.3014904, 44.6969493], [19.3016139, 44.6971099], [19.3017558, 44.6973082], [19.301852, 44.6975546], [19.302135, 44.697937], [19.3023542, 44.6983227], [19.3024302, 44.6984483], [19.3025022, 44.6985787], [19.3025719, 44.6987064], [19.3026563, 44.6988762], [19.3027232, 44.6989831], [19.3027995, 44.6990922], [19.3031035, 44.6994882], [19.3032348, 44.699658], [19.3039751, 44.7005155], [19.3044418, 44.7010467], [19.3046268, 44.7014295], [19.3047673, 44.7017583], [19.304884, 44.7020321], [19.3048409, 44.7022456], [19.3048655, 44.702298], [19.3050529, 44.7026339], [19.3052435, 44.7029698], [19.3053532, 44.7031852], [19.306368, 44.7034423], [19.3066736, 44.7036177], [19.3070547, 44.7038401], [19.3074025, 44.7040198], [19.3075889, 44.7041427], [19.3077563, 44.704342], [19.3079014, 44.7044805], [19.3079078, 44.7045235], [19.308145, 44.7047457], [19.3084687, 44.705113], [19.3087304, 44.7054218], [19.3089878, 44.7057301], [19.3089167, 44.7059044], [19.3087819, 44.7062172], [19.3087371, 44.7063122], [19.3086762, 44.7064379], [19.3086594, 44.7064922], [19.3085509, 44.7067576], [19.3084047, 44.7070636], [19.3083326, 44.7072216], [19.3082443, 44.7073969], [19.3082014, 44.7074662], [19.308169, 44.7075407], [19.3081656, 44.7075449], [19.3079502, 44.7079346], [19.3075654, 44.7082986], [19.3072624, 44.7085837], [19.3068859, 44.7089371], [19.3067441, 44.7090721], [19.3065196, 44.7090556], [19.3059693, 44.7089353], [19.3048887, 44.7088427], [19.3023964, 44.7086205], [19.3016749, 44.7095396], [19.3013346, 44.7107779], [19.3008581, 44.7116486], [19.3005178, 44.7133512], [19.3015796, 44.7136898], [19.3018383, 44.7140961], [19.302233, 44.7143186], [19.3043839, 44.7148216], [19.3054729, 44.7148216], [19.3075693, 44.7153537], [19.3099788, 44.7158083], [19.3108228, 44.7160888], [19.3125108, 44.7174624], [19.3133684, 44.7188167], [19.3140218, 44.720345], [19.3140491, 44.7207996], [19.3138857, 44.7214573], [19.3134025, 44.722323], [19.3129737, 44.7229468], [19.3125653, 44.7233337], [19.3113673, 44.7240253], [19.3104825, 44.7244073], [19.3092505, 44.724712], [19.3080594, 44.7249006], [19.3057093, 44.7260113], [19.3049897, 44.7263514], [19.3032949, 44.7274829], [19.3021786, 44.7287402], [19.3018042, 44.7294946], [19.3016477, 44.7300652], [19.3016137, 44.7304955], [19.301743, 44.7309259], [19.3031315, 44.7321347], [19.3036011, 44.7329181], [19.3039959, 44.7333581], [19.3044928, 44.7343541], [19.3052551, 44.7357466], [19.3058473, 44.7363849], [19.3071609, 44.7372648], [19.3074672, 44.7373615], [19.3090155, 44.7384279], [19.3092313, 44.7386647], [19.3095541, 44.7390565], [19.3099039, 44.7395033], [19.3104485, 44.7400061], [19.3108977, 44.7403542], [19.3120616, 44.7411133], [19.3125244, 44.7410891], [19.3138789, 44.7410939], [19.31377, 44.7409489], [19.3142873, 44.7410069], [19.3148182, 44.7410504], [19.3152878, 44.7409682], [19.315846, 44.740799], [19.3165334, 44.740538], [19.3168193, 44.7404606], [19.3170711, 44.7403301], [19.3175476, 44.7402237], [19.3177926, 44.7400545], [19.317983, 44.7397179], [19.3184607, 44.7396852], [19.3189468, 44.7397346], [19.3195804, 44.7400642], [19.3198889, 44.7402531], [19.320233, 44.7404983], [19.3202477, 44.7405023], [19.3203728, 44.7405367], [19.3204019, 44.7405452], [19.3210162, 44.7407398], [19.3210408, 44.740753], [19.3216964, 44.7413122], [19.3217165, 44.7413295], [19.3219311, 44.7415157], [19.3219537, 44.7415313], [19.3222923, 44.7417181], [19.3223188, 44.7417302], [19.3234504, 44.7421452], [19.3234792, 44.7421465], [19.3244228, 44.7418972], [19.3244518, 44.7418884], [19.3252664, 44.7416071], [19.3252944, 44.7416076], [19.325849, 44.7418226], [19.3258774, 44.7418324], [19.3259972, 44.7418683], [19.3260263, 44.7418771], [19.3261434, 44.7419122], [19.3261727, 44.7419206], [19.3262479, 44.7419409], [19.3262771, 44.7419492], [19.3264007, 44.7419862], [19.3264283, 44.7419968], [19.3266653, 44.7421089], [19.3266908, 44.7421221], [19.3268212, 44.7421959], [19.3268463, 44.7422095], [19.3269715, 44.7422753], [19.3269966, 44.742289], [19.3270865, 44.7423403], [19.3271097, 44.7423555], [19.3271998, 44.7424234], [19.3272203, 44.7424404], [19.3273201, 44.7425321], [19.3273362, 44.7425514], [19.3273634, 44.7425958], [19.3273741, 44.7426169], [19.3273952, 44.7426673], [19.3274016, 44.7426893], [19.3274277, 44.7428309], [19.3274326, 44.7428532], [19.3274993, 44.7431134], [19.3275045, 44.7431356], [19.32753, 44.7432593], [19.3275308, 44.7432816], [19.3275098, 44.7434266], [19.3275077, 44.743449], [19.3274897, 44.7438904], [19.3274877, 44.7439128], [19.3273508, 44.7448779], [19.3273492, 44.7449003], [19.3273478, 44.7450713], [19.3273478, 44.7450938], [19.3273524, 44.7459847], [19.32736, 44.7460058], [19.3276139, 44.7463419], [19.3276268, 44.7463623], [19.3276631, 44.7464334], [19.327676, 44.7464538], [19.3278972, 44.7467462], [19.3279155, 44.7467643], [19.3282056, 44.746986], [19.3282272, 44.7470025], [19.3284546, 44.7471774], [19.3284761, 44.7471939], [19.3286812, 44.7473515], [19.3287046, 44.7473666], [19.3290483, 44.7475522], [19.3290758, 44.7475627], [19.3306206, 44.7479514], [19.3306311, 44.7479659], [19.3298714, 44.7498064], [19.3298512, 44.7498177], [19.3279944, 44.7498651], [19.3279628, 44.7498662], [19.3277099, 44.7498773], [19.3276783, 44.7498786], [19.3271444, 44.7499027], [19.327113, 44.7499042], [19.3265284, 44.7499328], [19.3264968, 44.7499341], [19.3258919, 44.7499585], [19.3258604, 44.7499597], [19.3252803, 44.7499801], [19.3252487, 44.7499815], [19.3247135, 44.7500118], [19.3246973, 44.7500239], [19.3246661, 44.7506948], [19.3246501, 44.7507082], [19.3239849, 44.7508028], [19.3239539, 44.7508068], [19.3235271, 44.7508565], [19.3234959, 44.7508593], [19.3233464, 44.7508683], [19.3233153, 44.7508665], [19.3226444, 44.7507473], [19.3226167, 44.7507375], [19.3224162, 44.7506218], [19.322391, 44.7506082], [19.3221752, 44.7504994], [19.3221479, 44.7504883], [19.3215968, 44.7503121], [19.3215685, 44.7503022], [19.3213721, 44.7502274], [19.3213438, 44.7502175], [19.3211113, 44.7501424], [19.3210868, 44.7501291], [19.3210846, 44.7501273], [19.3210588, 44.7501198], [19.3210356, 44.7501216], [19.3210043, 44.7501244], [19.3209039, 44.7501343], [19.3208844, 44.750125], [19.3208047, 44.7499082], [19.3207849, 44.7498979], [19.3206774, 44.7499023], [19.3206461, 44.7499052], [19.3202238, 44.7499665], [19.3201928, 44.7499709], [19.320068, 44.7499885], [19.3200371, 44.7499931], [19.3195048, 44.7500736], [19.3194739, 44.7500785], [19.3188842, 44.7501807], [19.3188541, 44.7501874], [19.3182654, 44.7503518], [19.3182376, 44.7503621], [19.3179519, 44.7504983], [19.3179271, 44.750512], [19.3177358, 44.7506351], [19.3177112, 44.7506492], [19.3172854, 44.7508661], [19.3172605, 44.7508799], [19.3169786, 44.7510492], [19.3169537, 44.751063], [19.3166294, 44.751228], [19.3166046, 44.7512419], [19.3162121, 44.7514829], [19.3161907, 44.7514992], [19.3159052, 44.7517733], [19.3158869, 44.7517916], [19.3156843, 44.7520024], [19.3156664, 44.7520208], [19.3154182, 44.752273], [19.3154012, 44.7522919], [19.3152213, 44.7525127], [19.3152054, 44.7525322], [19.3151587, 44.7525889], [19.3151453, 44.7526093], [19.3150651, 44.7527609], [19.3150546, 44.7527822], [19.315018, 44.7528625], [19.3150084, 44.752884], [19.3149933, 44.7529183], [19.3149848, 44.75294], [19.3148831, 44.7532331], [19.3148777, 44.7532552], [19.3148637, 44.7533471], [19.3148616, 44.7533696], [19.3148441, 44.7538457], [19.3148454, 44.753868], [19.3148968, 44.7542348], [19.314901, 44.7542571], [19.3149653, 44.7545379], [19.3149679, 44.7545603], [19.3149685, 44.7546028], [19.3149714, 44.7546251], [19.3150111, 44.7547798], [19.3150183, 44.7548017], [19.3150571, 44.754896], [19.3150647, 44.7549178], [19.3151636, 44.7552478], [19.3151677, 44.75527], [19.3151775, 44.755399], [19.3151841, 44.7554207], [19.315255, 44.7555518], [19.3152684, 44.7555721], [19.3154879, 44.7558477], [19.3155044, 44.7558668], [19.3156672, 44.7560401], [19.3156832, 44.7560595], [19.3158037, 44.7562258], [19.3158189, 44.7562455], [19.3158657, 44.7563021], [19.3158836, 44.7563205], [19.3160974, 44.7565079], [19.3161205, 44.7565228], [19.3163259, 44.7566197], [19.3163518, 44.7566325], [19.316767, 44.7568484], [19.316794, 44.7568597], [19.3169799, 44.7569198], [19.3170085, 44.7569293], [19.3177672, 44.7571917], [19.3177966, 44.7571993], [19.3181879, 44.7572696], [19.3182172, 44.7572776], [19.3184769, 44.7573747], [19.3185064, 44.7573821], [19.3186622, 44.7574038], [19.3186933, 44.757408], [19.3190946, 44.7574583], [19.3191259, 44.7574614], [19.3197389, 44.7575086], [19.3197703, 44.757511], [19.320341, 44.7575545], [19.3203725, 44.7575552], [19.3209609, 44.7575371], [19.3209917, 44.7575401], [19.3212342, 44.7575956], [19.321265, 44.7575992], [19.3215449, 44.757602], [19.3215764, 44.7576023], [19.3215979, 44.7576024], [19.3216294, 44.7576034], [19.3218381, 44.7576165], [19.3218696, 44.7576168], [19.3220634, 44.7576082], [19.3220949, 44.7576067], [19.3226028, 44.7575795], [19.3227798, 44.75757], [19.3228113, 44.7575696], [19.3230379, 44.7575768], [19.3230693, 44.7575764], [19.3233341, 44.7575614], [19.3233655, 44.7575598], [19.3235135, 44.757553], [19.3235446, 44.7575499], [19.3240018, 44.7576591], [19.3240264, 44.7576722], [19.3240702, 44.7576854], [19.3240988, 44.7576948], [19.3242606, 44.7577716], [19.3241011, 44.7579541], [19.3240794, 44.7579698], [19.3239069, 44.7581663], [19.3238924, 44.7581861], [19.3235711, 44.7585485], [19.323626, 44.758683], [19.3236198, 44.7587049], [19.3235797, 44.7591799], [19.3235835, 44.7592018], [19.3239041, 44.7599225], [19.323919, 44.759942], [19.3239717, 44.759988], [19.3239919, 44.7600053], [19.324401, 44.7603539], [19.3244213, 44.7603712], [19.3244992, 44.7604391], [19.3245173, 44.7604574], [19.3245763, 44.7605285], [19.3245925, 44.7605478], [19.3248542, 44.7608578], [19.3248667, 44.7608783], [19.3248927, 44.7609433], [19.3248965, 44.7609654], [19.3248916, 44.7610636], [19.3248872, 44.7610857], [19.3248143, 44.7612979], [19.3248066, 44.7613197], [19.3246412, 44.7617694], [19.3246331, 44.7617911], [19.3245043, 44.7621309], [19.3244956, 44.7621525], [19.3243475, 44.7625014], [19.3243392, 44.7625231], [19.324331, 44.762548], [19.3243235, 44.7625699], [19.3242974, 44.7626452], [19.3242867, 44.7626662], [19.3242161, 44.7627681], [19.3242025, 44.7627884], [19.3240517, 44.7630231], [19.3240421, 44.7630444], [19.3238863, 44.7636305], [19.3238797, 44.7636525], [19.3238401, 44.7637744], [19.3238209, 44.7637874], [19.3232776, 44.7638566], [19.3232474, 44.7638628], [19.3229546, 44.7639467], [19.3229258, 44.7639558], [19.3228706, 44.7639745], [19.3228418, 44.7639837], [19.3226302, 44.7640461], [19.3226012, 44.764055], [19.3203606, 44.7646709], [19.3193615, 44.7647507], [19.3193302, 44.7647481], [19.3191159, 44.7647221], [19.3190847, 44.7647208], [19.3188479, 44.7647292], [19.3188164, 44.7647288], [19.3182919, 44.7646975], [19.3182607, 44.7646945], [19.3180793, 44.7646706], [19.318052, 44.764676], [19.3174844, 44.7647365], [19.3174533, 44.7647334], [19.3166379, 44.7645901], [19.3166084, 44.7645821], [19.3163573, 44.764505], [19.3163277, 44.7644972], [19.316229, 44.7644746], [19.3161982, 44.7644705], [19.3147292, 44.7641795], [19.3132885, 44.7640962], [19.3132571, 44.7640939], [19.312712, 44.7640832], [19.3126804, 44.7640831], [19.3124109, 44.7640868], [19.3123794, 44.7640856], [19.3118485, 44.7640391], [19.311817, 44.7640375], [19.3089906, 44.7639983], [19.308959, 44.763998], [19.3080063, 44.7639922], [19.3079749, 44.7639939], [19.3074537, 44.7640547], [19.3074235, 44.7640607], [19.307085, 44.7641566], [19.3070556, 44.7641648], [19.3064154, 44.7643435], [19.3063873, 44.7643535], [19.3056723, 44.764672], [19.3056455, 44.7646839], [19.3055556, 44.7647237], [19.3055336, 44.7647391], [19.3053358, 44.7649573], [19.3053203, 44.7649769], [19.30516, 44.7652099], [19.3051427, 44.7652286], [19.3050613, 44.7652959], [19.3050382, 44.7653109], [19.3047896, 44.7654356], [19.3047633, 44.7654481], [19.304033, 44.7657703], [19.3040066, 44.7657825], [19.3035722, 44.7659946], [19.3035466, 44.7660078], [19.3033152, 44.7661336], [19.3032913, 44.7661482], [19.3031564, 44.7662401], [19.3031353, 44.7662568], [19.3029862, 44.7663934], [19.3029685, 44.7664118], [19.3028518, 44.7665506], [19.3028338, 44.7665691], [19.3026239, 44.7667573], [19.3026044, 44.7667749], [19.3024936, 44.7668789], [19.3024718, 44.766895], [19.3023766, 44.7669505], [19.3023518, 44.7669643], [19.3022092, 44.7670401], [19.3021931, 44.7670579], [19.3021217, 44.7672878], [19.3021252, 44.7673089], [19.3022231, 44.7674513], [19.3022361, 44.7674719], [19.3023072, 44.7675955], [19.3023088, 44.7676167], [19.3020655, 44.7682226], [19.302051, 44.768242], [19.3012953, 44.7688735], [19.3012828, 44.7688933], [19.3012214, 44.7691806], [19.3012225, 44.7692026], [19.3013503, 44.7696064], [19.3013638, 44.7696261], [19.3017042, 44.7699291], [19.3017186, 44.7699487], [19.3019157, 44.7704213], [19.3019222, 44.7704433], [19.3020511, 44.77116], [19.3020581, 44.7711819], [19.3022995, 44.7717164], [19.3023116, 44.7717372], [19.3024726, 44.771961], [19.3024902, 44.7719796], [19.3028974, 44.7723156], [19.3029192, 44.7723319], [19.3038822, 44.7729872], [19.3039081, 44.7729994], [19.3050285, 44.773345], [19.3050584, 44.7733523], [19.3059464, 44.773515], [19.3059773, 44.7735192], [19.3077062, 44.7736674], [19.3077375, 44.7736697], [19.3088747, 44.7737416], [19.3089062, 44.7737433], [19.3102766, 44.773809], [19.3103081, 44.7738106], [19.3110704, 44.773851], [19.3111019, 44.7738513], [19.3115174, 44.7738364], [19.311549, 44.773835], [19.3118785, 44.7738159], [19.3119097, 44.7738173], [19.3123785, 44.7738903], [19.3124087, 44.7738967], [19.3127675, 44.773992], [19.3127966, 44.7740005], [19.3131004, 44.7740989], [19.3131297, 44.774107], [19.31369, 44.7742359], [19.3137208, 44.7742394], [19.3139873, 44.7742414], [19.3140187, 44.7742431], [19.3146794, 44.7743147], [19.3147102, 44.7743194], [19.3154134, 44.7744541], [19.3154441, 44.7744594], [19.3162467, 44.774583], [19.3162774, 44.7745884], [19.3166226, 44.7746559], [19.3166526, 44.774663], [19.3173481, 44.7748547], [19.3173771, 44.7748635], [19.3177801, 44.7749987], [19.3178101, 44.7750034], [19.3187498, 44.774997], [19.3187807, 44.7749934], [19.3191842, 44.7749014], [19.3192149, 44.7748974], [19.319634, 44.7748821], [19.3196654, 44.7748802], [19.3200616, 44.7748472], [19.3200929, 44.7748439], [19.3205696, 44.7747852], [19.3206005, 44.774781], [19.3211076, 44.7747096], [19.3211382, 44.7747039], [19.3214833, 44.7746227], [19.3215138, 44.7746167], [19.3219672, 44.7745432], [19.3219918, 44.7745499], [19.3220974, 44.7746574], [19.3221132, 44.7746768], [19.3222417, 44.7748717], [19.3222558, 44.7748918], [19.3223819, 44.7750597], [19.3223958, 44.7750799], [19.3224958, 44.77524], [19.3225137, 44.7752581], [19.32283, 44.7754745], [19.3228479, 44.7754926], [19.3229123, 44.775593], [19.3229312, 44.7756102], [19.3232717, 44.7758014], [19.323299, 44.7758122], [19.3235067, 44.775865], [19.3235362, 44.7758732], [19.3237355, 44.7759321], [19.323763, 44.7759429], [19.324086, 44.7761028], [19.324109, 44.7761179], [19.3241632, 44.7761655], [19.3241826, 44.7761833], [19.3242366, 44.776235], [19.3242521, 44.7762544], [19.3243311, 44.7763889], [19.3243393, 44.7764104], [19.3243664, 44.7765483], [19.3243784, 44.7765683], [19.3247832, 44.7769311], [19.3248058, 44.7769466], [19.3248747, 44.7769829], [19.3248975, 44.7769982], [19.3251658, 44.7772269], [19.3251853, 44.7772444], [19.3254779, 44.7775249], [19.3254899, 44.777545], [19.3255287, 44.777712], [19.3255322, 44.7777344], [19.3255466, 44.7779094], [19.3255513, 44.7779315], [19.3256066, 44.7780945], [19.32562, 44.7781143], [19.3257168, 44.7782033], [19.3257352, 44.7782215], [19.325801, 44.7782932], [19.3258101, 44.7783139], [19.3258145, 44.7784247], [19.3258097, 44.7784465], [19.325781, 44.7785052], [19.3257731, 44.7785269], [19.3257083, 44.7787981], [19.3257005, 44.7788198], [19.3256144, 44.7789964], [19.3256072, 44.7790182], [19.325583, 44.7791524], [19.3255764, 44.7791742], [19.3255109, 44.779329], [19.3255059, 44.779351], [19.3255006, 44.779476], [19.3254967, 44.7794982], [19.3254579, 44.7796239], [19.3254543, 44.7796461], [19.3254467, 44.7801303], [19.3254459, 44.7801528], [19.3254295, 44.7804329], [19.3254291, 44.7804554], [19.3254332, 44.780634], [19.3254334, 44.7806565], [19.3254331, 44.7808304], [19.3254336, 44.7808529], [19.3254391, 44.7809703], [19.3254373, 44.7809926], [19.3254192, 44.7810846], [19.3254137, 44.7811068], [19.3253308, 44.7813731], [19.3253182, 44.7813932], [19.3252818, 44.7814303], [19.3252675, 44.7814501], [19.3252344, 44.7815153], [19.3252286, 44.7815371], [19.3252179, 44.7818192], [19.3252168, 44.7818417], [19.3252052, 44.7820393], [19.3252012, 44.7820615], [19.3251792, 44.7821348], [19.3251748, 44.7821571], [19.3251466, 44.7824266], [19.3251428, 44.7824488], [19.3250852, 44.7826986], [19.3250805, 44.7827208], [19.3249788, 44.783257], [19.3249699, 44.7832783], [19.3247119, 44.7836627], [19.3246959, 44.783682], [19.3243569, 44.7840226], [19.324346, 44.7840428], [19.3243334, 44.7841233], [19.3243201, 44.7841421], [19.324071, 44.7843074], [19.3240472, 44.7843223], [19.3236676, 44.784544], [19.3236424, 44.7845574], [19.3214241, 44.7852341], [19.3206184, 44.7853621], [19.3205875, 44.7853661], [19.3200666, 44.7854765], [19.320036, 44.785482], [19.3193994, 44.7855741], [19.3193684, 44.7855785], [19.3189018, 44.7856423], [19.3188706, 44.7856441], [19.3184712, 44.7856354], [19.3184398, 44.7856335], [19.3182151, 44.7856109], [19.3181846, 44.7856054], [19.3179714, 44.785549], [19.3179453, 44.7855373], [19.3175381, 44.785256], [19.317515, 44.7852406], [19.3170426, 44.7849403], [19.3170321, 44.7844765], [19.316574, 44.783978], [19.3158559, 44.7835091], [19.3145049, 44.7815192], [19.3144975, 44.7814983], [19.3143664, 44.7813381], [19.3143481, 44.7813198], [19.3142344, 44.7812261], [19.3142115, 44.7812108], [19.3137285, 44.780954], [19.313701, 44.7809435], [19.3127522, 44.7807032], [19.3127217, 44.7806972], [19.3117403, 44.7805597], [19.3117093, 44.7805553], [19.3113305, 44.7805004], [19.3112993, 44.7804968], [19.3107841, 44.7804519], [19.3107533, 44.7804536], [19.3099206, 44.7806206], [19.3098908, 44.7806282], [19.309652, 44.7807026], [19.3096243, 44.7807131], [19.3091566, 44.7809292], [19.3091318, 44.7809431], [19.3088376, 44.7811436], [19.3088161, 44.78116], [19.308615, 44.7813308], [19.3085977, 44.7813495], [19.3083149, 44.7817492], [19.3083033, 44.78177], [19.3080383, 44.7824089], [19.3080293, 44.7824305], [19.3077573, 44.7830729], [19.3077472, 44.7830942], [19.3075269, 44.7835067], [19.3075062, 44.7835208], [19.3055982, 44.7839722], [19.3055674, 44.7839755], [19.3047116, 44.7839597], [19.3046807, 44.7839562], [19.3031763, 44.7836416], [19.3031468, 44.7836338], [19.301781, 44.7831869], [19.3017535, 44.7831761], [19.2996503, 44.7821858], [19.2996216, 44.7821781], [19.2986997, 44.7820868], [19.2986687, 44.7820879], [19.2973062, 44.7823199], [19.2972768, 44.7823278], [19.2955838, 44.7829642], [19.2955598, 44.7829781], [19.2948972, 44.783544], [19.2948803, 44.7835628], [19.2942855, 44.7844583], [19.2942811, 44.7844796], [19.2945704, 44.7858025], [19.2945783, 44.7858242], [19.2950069, 44.7866494], [19.2950221, 44.7866688], [19.2961334, 44.7876801], [19.2961574, 44.7876937], [19.296923, 44.7879453], [19.2969524, 44.7879534], [19.2982824, 44.7882604], [19.298312, 44.7882682], [19.2993471, 44.7885756], [19.2993754, 44.7885855], [19.3011532, 44.7893205], [19.3011791, 44.7893331], [19.3017874, 44.7896766], [19.3018097, 44.7896924], [19.3027502, 44.7905355], [19.302766, 44.7905547], [19.3034233, 44.7916864], [19.3034331, 44.7917077], [19.3039418, 44.79321], [19.3039512, 44.7932314], [19.3042306, 44.7937529], [19.3042436, 44.7937734], [19.3046308, 44.7942996], [19.3046519, 44.7943151], [19.305731, 44.7947535], [19.3057599, 44.7947623], [19.3063914, 44.7949011], [19.306422, 44.7949062], [19.3074422, 44.7950278], [19.3074736, 44.795029], [19.3086821, 44.7949866], [19.3087132, 44.7949835], [19.3094096, 44.7948674], [19.3094389, 44.7948594], [19.3101408, 44.7945831], [19.3101686, 44.7945726], [19.3111635, 44.7942106], [19.3111933, 44.7942057], [19.3114148, 44.7942099], [19.3114451, 44.7942145], [19.31156, 44.7942496], [19.3115861, 44.7942616], [19.3117588, 44.7943735], [19.3117845, 44.7943759], [19.3119053, 44.7943325], [19.3119352, 44.7943284], [19.3123345, 44.7943519], [19.3123594, 44.7943436], [19.3124844, 44.7942167], [19.3125083, 44.7942036], [19.3131788, 44.7940288], [19.3132095, 44.794025], [19.3134766, 44.7940277], [19.3135062, 44.7940224], [19.3136893, 44.7939507], [19.3137191, 44.7939453], [19.3144721, 44.793944], [19.3145028, 44.7939477], [19.3157187, 44.79425], [19.3157472, 44.7942594], [19.3166796, 44.7946504], [19.3167005, 44.7946661], [19.3167922, 44.7947923], [19.3168059, 44.7948125], [19.3171006, 44.7952803], [19.317114, 44.7953007], [19.3173262, 44.7956109], [19.3173379, 44.7956317], [19.3175144, 44.7960232], [19.3175217, 44.796045], [19.317792, 44.7972559], [19.317797, 44.7972781], [19.3179669, 44.7980313], [19.3179632, 44.7980528], [19.3171817, 44.7993596], [19.3171701, 44.7993805], [19.3169954, 44.7997153], [19.3169816, 44.7997355], [19.3162663, 44.8005644], [19.3162448, 44.8005801], [19.3156531, 44.8008525], [19.3156272, 44.8008653], [19.3149245, 44.8012395], [19.3148973, 44.8012507], [19.3139067, 44.801553], [19.3138788, 44.8015635], [19.3131669, 44.8018896], [19.3131379, 44.801897], [19.3125501, 44.8019441], [19.3125195, 44.8019492], [19.3121045, 44.8020566], [19.3120763, 44.8020663], [19.3113113, 44.8024015], [19.31129, 44.8024171], [19.3110418, 44.8027234], [19.3110263, 44.802743], [19.3107056, 44.8031622], [19.3106941, 44.803183], [19.3103958, 44.8040103], [19.3103904, 44.8040324], [19.3102902, 44.8048243], [19.3102858, 44.8048466], [19.3101229, 44.8054622], [19.3101212, 44.8054844], [19.3102426, 44.8065408], [19.3102445, 44.8065631], [19.3102753, 44.8071987], [19.3102799, 44.8072208], [19.3103985, 44.8075358], [19.3104055, 44.8075577], [19.310598, 44.8082787], [19.3106087, 44.8082996], [19.3109689, 44.8087535], [19.31098, 44.8087742], [19.3110697, 44.8090661], [19.3110762, 44.8090881], [19.3117363, 44.8113654], [19.3117489, 44.8113855], [19.3129284, 44.8125185], [19.3129512, 44.8125335], [19.3138023, 44.8129102], [19.3138314, 44.8129152], [19.3150185, 44.8128477], [19.3150481, 44.8128413], [19.3158309, 44.8125329], [19.3158595, 44.8125234], [19.3183204, 44.8118548], [19.3183509, 44.8118509], [19.321498, 44.8118749], [19.3215292, 44.8118776], [19.3236787, 44.8122351], [19.3237015, 44.8122476], [19.3240877, 44.8127722], [19.3240985, 44.8127932], [19.3242397, 44.8132229], [19.3242423, 44.8132451], [19.3241125, 44.81479], [19.3241018, 44.8148102], [19.3220106, 44.8167159], [19.3219868, 44.8167295], [19.3185208, 44.8178917], [19.3184964, 44.8179052], [19.3176715, 44.8186242], [19.3176531, 44.8186424], [19.3172556, 44.8190867], [19.3172442, 44.8191073], [19.3170336, 44.8198881], [19.3170328, 44.8199103], [19.3171596, 44.8205404], [19.3171684, 44.8205618], [19.3178557, 44.8216268], [19.317875, 44.8216437], [19.3190953, 44.8222882], [19.3191209, 44.8223014], [19.3192684, 44.8223757], [19.319296, 44.8223864], [19.3206502, 44.8227769], [19.3206803, 44.8227791], [19.3217624, 44.8226346], [19.3217936, 44.8226345], [19.3268052, 44.8228434], [19.3298009, 44.8210717], [19.331144, 44.8187361], [19.3317105, 44.8182656], [19.3323438, 44.8179673], [19.3323703, 44.8179566], [19.3331309, 44.8178184], [19.333161, 44.8178117], [19.3333373, 44.8177663], [19.3333662, 44.8177676], [19.3335416, 44.8178311], [19.3335659, 44.8178448], [19.333782, 44.8180244], [19.3338076, 44.8180358], [19.3342062, 44.818109], [19.3342372, 44.8181132], [19.3344582, 44.8181335], [19.3344859, 44.8181423], [19.3346283, 44.8182285], [19.3346499, 44.8182448], [19.3350362, 44.8186075], [19.3350575, 44.8186241], [19.3350844, 44.8186415], [19.3351066, 44.8186576], [19.3357184, 44.8191575], [19.3357355, 44.8191761], [19.3358024, 44.8192762], [19.3358119, 44.8192975], [19.3358468, 44.8194397], [19.3358462, 44.8194618], [19.3358047, 44.8195965], [19.3357966, 44.8196182], [19.3357936, 44.8196252], [19.3357802, 44.8196453], [19.3357744, 44.8196517], [19.3357617, 44.819672], [19.3356403, 44.8199941], [19.3356309, 44.8200156], [19.3355874, 44.8201032], [19.3355737, 44.8201233], [19.3352706, 44.8204656], [19.3352569, 44.8204857], [19.3350808, 44.8208397], [19.3350801, 44.820861], [19.3351631, 44.8210572], [19.3351532, 44.8210726], [19.3346775, 44.8212256], [19.3346561, 44.8212403], [19.3343889, 44.8216229], [19.3343763, 44.8216435], [19.3342974, 44.821797], [19.3342877, 44.8218183], [19.3342823, 44.8218319], [19.3342757, 44.8218538], [19.3342297, 44.82209], [19.3342257, 44.8221123], [19.334186, 44.8223468], [19.3341837, 44.8223693], [19.3341805, 44.8224981], [19.3341766, 44.8225203], [19.334142, 44.8226247], [19.3341314, 44.8226458], [19.3340634, 44.8227442], [19.3340484, 44.822764], [19.3339774, 44.8228489], [19.3339594, 44.8228672], [19.3339052, 44.8229144], [19.3338878, 44.8229331], [19.3338178, 44.8230281], [19.3338199, 44.8230471], [19.3338767, 44.8231016], [19.3338828, 44.8231216], [19.3338452, 44.8232455], [19.3338375, 44.8232673], [19.3336079, 44.8238345], [19.3336194, 44.8238461], [19.3341965, 44.8238757], [19.3342085, 44.8238875], [19.3341331, 44.8241088], [19.3341255, 44.8241306], [19.3340287, 44.8244082], [19.3340207, 44.82443], [19.3337341, 44.8251605], [19.3337312, 44.8251826], [19.3337357, 44.825219], [19.333737, 44.8252414], [19.3337366, 44.8255983], [19.3337367, 44.8256208], [19.3337376, 44.8257552], [19.3337373, 44.8257778], [19.3337195, 44.8262151], [19.3337258, 44.8262364], [19.3338473, 44.826417], [19.3338601, 44.8264375], [19.3341633, 44.8269717], [19.3341794, 44.8269906], [19.3346881, 44.8274195], [19.3347079, 44.827437], [19.3349176, 44.8276295], [19.3349397, 44.8276452], [19.3356823, 44.8280532], [19.33571, 44.8280632], [19.33633, 44.8281914], [19.3363593, 44.8281997], [19.3365384, 44.8282659], [19.3365666, 44.8282761], [19.336857, 44.8283792], [19.3368848, 44.8283899], [19.3373849, 44.8285926], [19.3374138, 44.8285948], [19.3395275, 44.8281145], [19.3395579, 44.8281138], [19.3398081, 44.8281581], [19.3398352, 44.8281534], [19.3406513, 44.8276416], [19.3406763, 44.8276279], [19.3418677, 44.8270613], [19.3418943, 44.8270492], [19.3433642, 44.8264054], [19.343393, 44.8264026], [19.3441917, 44.8265655], [19.3442226, 44.8265694], [19.3456772, 44.8266353], [19.3457085, 44.8266383], [19.3472357, 44.8268618], [19.3472653, 44.8268693], [19.3481287, 44.8271972], [19.3481584, 44.8272036], [19.3485293, 44.8272303], [19.3485607, 44.8272325], [19.3493849, 44.8272843], [19.3494157, 44.8272817], [19.3502658, 44.8270777], [19.3502961, 44.8270713], [19.3511352, 44.8269183], [19.3511648, 44.826911], [19.3517932, 44.826712], [19.3518213, 44.8267018], [19.3524745, 44.8264364], [19.352504, 44.8264299], [19.3531751, 44.8263887], [19.3531915, 44.826399], [19.3533384, 44.8288792], [19.3533493, 44.8288991], [19.3534791, 44.8290097], [19.3534893, 44.8290183], [19.3539299, 44.8294323], [19.3543125, 44.8299212], [19.3545588, 44.8302361], [19.3547707, 44.8307945], [19.3548973, 44.831905], [19.3550886, 44.8326716], [19.3551144, 44.8327834], [19.3554021, 44.8341759], [19.355491, 44.834608], [19.3549184, 44.8348801], [19.3545723, 44.8350446], [19.35435, 44.8351436], [19.353458, 44.8357178], [19.3530291, 44.8358488], [19.3528436, 44.8359323], [19.3527916, 44.8359573], [19.3517791, 44.836047], [19.3509873, 44.8361693], [19.3509558, 44.8361742], [19.3507496, 44.8363443], [19.3501926, 44.8367156], [19.3499148, 44.8368158], [19.3498641, 44.8368341], [19.3496812, 44.8370691], [19.3496392, 44.8371361], [19.3495184, 44.8373286], [19.3494454, 44.8374499], [19.3492885, 44.83767], [19.3492476, 44.8377274], [19.3491167, 44.8378807], [19.3490752, 44.8379293], [19.3488948, 44.8381673], [19.3487275, 44.8383674], [19.3485915, 44.838524], [19.3481553, 44.8390262], [19.3480273, 44.8390425], [19.3479148, 44.839057], [19.3478333, 44.8390674], [19.3473902, 44.8391164], [19.34697, 44.8391628], [19.3464255, 44.8392228], [19.3461567, 44.8391002], [19.3460373, 44.8390249], [19.3459805, 44.8391525], [19.345967, 44.8391833], [19.3459265, 44.8392766], [19.3458409, 44.8393671], [19.3458026, 44.8394092], [19.3457133, 44.8395073], [19.3455636, 44.8396376], [19.3454839, 44.8397071], [19.3454003, 44.839894], [19.3453744, 44.8399522], [19.3454392, 44.8402266], [19.3456476, 44.8405885], [19.3457478, 44.8411653], [19.3457449, 44.8416778], [19.3457621, 44.8418844], [19.3458095, 44.8424534], [19.3459352, 44.8433087], [19.345977, 44.843461], [19.3460429, 44.8435973], [19.3462002, 44.8439226], [19.3462621, 44.8440977], [19.3462813, 44.8441395], [19.3463916, 44.84438], [19.3464056, 44.8445528], [19.346409, 44.8445939], [19.3463834, 44.8447928], [19.3463846, 44.8449519], [19.3466895, 44.8452677], [19.3467901, 44.8453718], [19.3468336, 44.8454639], [19.3472496, 44.8463442], [19.3472704, 44.84646], [19.3472871, 44.8465538], [19.3472977, 44.8466131], [19.3473804, 44.8470739], [19.3472423, 44.8476499], [19.3471475, 44.8480455], [19.3471391, 44.8480804], [19.3471322, 44.8481091], [19.3470218, 44.8484016], [19.3469349, 44.8486317], [19.3468346, 44.8488973], [19.3467907, 44.8490136], [19.3467383, 44.8491526], [19.3465881, 44.8494091], [19.3463851, 44.8497755], [19.3461429, 44.8502129], [19.3461228, 44.8508609], [19.3459543, 44.8513994], [19.3459164, 44.8515205], [19.3459383, 44.8519662], [19.3459645, 44.8524976], [19.3459769, 44.8525281], [19.3462774, 44.8532708], [19.3463133, 44.8533594], [19.3463699, 44.8534048], [19.3464264, 44.8534652], [19.3464736, 44.8535158], [19.3471154, 44.8542026], [19.3471811, 44.854314], [19.3472414, 44.8544163], [19.3472932, 44.8545041], [19.3473942, 44.8546755], [19.3473994, 44.8546842], [19.347455, 44.8547786], [19.3477635, 44.8557129], [19.347776, 44.8557507], [19.3478272, 44.8559059], [19.3479951, 44.8561156], [19.3482533, 44.856364], [19.3482779, 44.8563876], [19.3485939, 44.8566916], [19.3489754, 44.8570586], [19.3490079, 44.8570858], [19.3492898, 44.8573218], [19.3494523, 44.8574621], [19.3494816, 44.8574733], [19.3496968, 44.8575554], [19.3498499, 44.8576138], [19.3499134, 44.8576381], [19.3503857, 44.85802], [19.351382, 44.8584458], [19.3514551, 44.8585019], [19.3517415, 44.8585708], [19.3518305, 44.8585923], [19.351943, 44.8586194], [19.3523458, 44.8586407], [19.3525444, 44.858668], [19.3530416, 44.8585606], [19.354327, 44.858283], [19.3546831, 44.8581308], [19.3557514, 44.8576745], [19.356861, 44.8570816], [19.3570059, 44.8570041], [19.3574925, 44.8567441], [19.3581657, 44.8563843], [19.3581914, 44.8563745], [19.3588883, 44.856107], [19.3589364, 44.8560991], [19.3591891, 44.8560572], [19.3594294, 44.8560173], [19.3601359, 44.8559002], [19.3607029, 44.8558062], [19.3613051, 44.8558271], [19.3614297, 44.8558315], [19.3616085, 44.8557718], [19.3618938, 44.8556764], [19.36269, 44.8554525], [19.3627594, 44.8554331], [19.3629631, 44.8553758], [19.3630511, 44.8553511], [19.3630717, 44.8553453], [19.3631279, 44.8553182], [19.3632042, 44.8552812], [19.3633326, 44.8552192], [19.3634587, 44.8551582], [19.3636094, 44.8550853], [19.3638822, 44.8548865], [19.3643508, 44.8547174], [19.3644701, 44.8546744], [19.364948, 44.8544354], [19.3651681, 44.8544057], [19.365356, 44.8543802], [19.3653943, 44.8543703], [19.3654374, 44.854364], [19.3654542, 44.8543696], [19.36568, 44.8544459], [19.3661242, 44.8550075], [19.3661955, 44.8550664], [19.3666581, 44.8554492], [19.367155, 44.8558604], [19.3674139, 44.8560746], [19.3674725, 44.856123], [19.3676159, 44.8572836], [19.3672562, 44.8578364], [19.3670056, 44.8582216], [19.3668762, 44.8584206], [19.3668602, 44.8584488], [19.3667482, 44.8586465], [19.366646, 44.8588268], [19.3665602, 44.8589783], [19.3665096, 44.8590674], [19.3664589, 44.8591569], [19.3663606, 44.8593302], [19.3663418, 44.8593635], [19.3661948, 44.8594781], [19.3661111, 44.8595434], [19.3659509, 44.8596684], [19.3657516, 44.8598238], [19.3647117, 44.8606352], [19.3643781, 44.8608317], [19.3641871, 44.8609449], [19.3635938, 44.8612951], [19.3633239, 44.8614996], [19.3630434, 44.8617121], [19.3628776, 44.8618378], [19.3628456, 44.861862], [19.362662, 44.8620011], [19.362563, 44.8620761], [19.3625007, 44.8621411], [19.362005, 44.8626571], [19.3619552, 44.8627091], [19.3618709, 44.8627968], [19.3617795, 44.862918], [19.3617401, 44.8629701], [19.3616343, 44.8630973], [19.3615664, 44.8631788], [19.3615127, 44.8632433], [19.3614575, 44.8633096], [19.3613381, 44.8634528], [19.3611935, 44.8636265], [19.3610939, 44.863746], [19.3610571, 44.8638048], [19.3608914, 44.8640692], [19.3605893, 44.8645512], [19.3605392, 44.8646278], [19.360394, 44.8648504], [19.3603241, 44.8649575], [19.360282, 44.865022], [19.3602662, 44.8650496], [19.3601936, 44.8651762], [19.3601171, 44.8653098], [19.3600788, 44.8653766], [19.3600418, 44.8654412], [19.3599746, 44.8655586], [19.3599227, 44.8656493], [19.359868, 44.8657448], [19.3597904, 44.8658805], [19.3597826, 44.8658941], [19.3597683, 44.8660039], [19.3597542, 44.8661132], [19.3597283, 44.8663139], [19.3596942, 44.8665784], [19.3597466, 44.8667934], [19.3597507, 44.8668102], [19.3598555, 44.8672411], [19.3601575, 44.8683791], [19.3607079, 44.8694808], [19.3625986, 44.870614], [19.3640078, 44.8715976], [19.3641758, 44.8719142], [19.3643582, 44.8724692], [19.3645728, 44.8731915], [19.3648946, 44.8741647], [19.3655291, 44.8747041], [19.3663502, 44.8752323], [19.3677056, 44.8759058], [19.37042, 44.8765977], [19.3710851, 44.8770538], [19.3714402, 44.877561], [19.3715623, 44.8782302], [19.3713224, 44.8789249], [19.3705383, 44.8797208], [19.369269, 44.8805191], [19.3674371, 44.8810774], [19.3655372, 44.8812728], [19.3646116, 44.8814927], [19.3639719, 44.8816211], [19.3620872, 44.8820346], [19.3612345, 44.882341], [19.3602138, 44.8827838], [19.3551935, 44.8848607], [19.3524641, 44.8858331], [19.3523298, 44.8860397], [19.3521798, 44.8862267], [19.3520738, 44.8863867], [19.3520107, 44.8865563], [19.3519619, 44.8867711], [19.351949, 44.8869792], [19.3519685, 44.8872363], [19.35204, 44.8875012], [19.3521193, 44.8876706], [19.3520078, 44.8879512], [19.3517489, 44.8881984], [19.3512188, 44.8890996], [19.3504314, 44.8889641], [19.3497344, 44.888901], [19.3489488, 44.888923], [19.348386, 44.8889922], [19.3482705, 44.8890102], [19.3478049, 44.8890829], [19.3469874, 44.8892457], [19.346026, 44.8895288], [19.3454005, 44.8897951], [19.3445513, 44.8901824], [19.3435371, 44.8906735], [19.3420337, 44.8914888], [19.3414306, 44.8918562], [19.339934, 44.8927867], [19.3384426, 44.8936632], [19.3377494, 44.8941247], [19.336734, 44.8946499], [19.3359643, 44.8950869], [19.3353215, 44.8954231], [19.3342182, 44.8958336], [19.3335573, 44.8960958], [19.3305022, 44.8971843], [19.3301403, 44.8973519], [19.3289364, 44.8977366], [19.3272633, 44.8981423], [19.3259247, 44.8984575], [19.3254847, 44.8986095], [19.3248692, 44.8986986], [19.3240055, 44.8989227], [19.3233908, 44.899117], [19.3224067, 44.8993852], [19.3214895, 44.8999255], [19.3206908, 44.9006238], [19.3198127, 44.9013488], [19.3191151, 44.9020403], [19.3186038, 44.9025191], [19.3174604, 44.9035275], [19.3162958, 44.9044338], [19.3152416, 44.9051994], [19.3140012, 44.9060452], [19.3125954, 44.906505], [19.3107197, 44.9071355], [19.308956, 44.9076241], [19.3069347, 44.9081154], [19.3054481, 44.9084224], [19.3024419, 44.9090095], [19.3011728, 44.9091815], [19.2995949, 44.9094334], [19.2983674, 44.9095258], [19.2979397, 44.9095481], [19.2976715, 44.909562], [19.296967, 44.9095987], [19.296841, 44.9096053], [19.2966612, 44.9096147], [19.295495, 44.9096424], [19.2937234, 44.90958], [19.292601, 44.9094993], [19.2910222, 44.909258], [19.2895321, 44.9088865], [19.2886637, 44.9085702], [19.2876326, 44.9081903], [19.2867893, 44.9078402], [19.285607, 44.9073482], [19.2833316, 44.9053417], [19.2810465, 44.9045215], [19.2790534, 44.9043099], [19.2770355, 44.9046926], [19.2755583, 44.9048981], [19.2741722, 44.9052106], [19.2729741, 44.90544], [19.2721937, 44.9056846], [19.2712402, 44.9060712], [19.2703271, 44.9065764], [19.2647306, 44.9101036], [19.2635682, 44.9108095], [19.2622643, 44.911418], [19.2610989, 44.9119623], [19.2592377, 44.9125769], [19.2574861, 44.9129922], [19.2551368, 44.9133062], [19.2539615, 44.913427], [19.2529236, 44.9134655], [19.2519219, 44.9134135], [19.2511603, 44.9133409], [19.2501942, 44.9131895], [19.2494173, 44.912991], [19.2480015, 44.9125385], [19.2469283, 44.9121183], [19.2451874, 44.9112733], [19.2441618, 44.9107087], [19.2422257, 44.9096141], [19.2387867, 44.907528], [19.2321597, 44.9038027], [19.2296623, 44.9018855], [19.2280139, 44.9004983], [19.22567, 44.8985242], [19.2246577, 44.8979046], [19.2236977, 44.8973653], [19.2220282, 44.8967886], [19.2198761, 44.8962085], [19.2178093, 44.8960686], [19.2169604, 44.8960417], [19.2155564, 44.8961106], [19.214546, 44.8962294], [19.2139029, 44.8963532], [19.2108058, 44.8971871], [19.2103535, 44.8973539], [19.2096529, 44.8977574], [19.20839, 44.8991207], [19.2079634, 44.8996769], [19.2076383, 44.9001008], [19.2068693, 44.901468], [19.2065344, 44.9023985], [19.2062729, 44.9032112], [19.2059364, 44.9040789], [19.2047511, 44.907871], [19.2040161, 44.9096244], [19.2029389, 44.9113452], [19.2020654, 44.912524], [19.200932, 44.9139844], [19.1996476, 44.9154824], [19.1985443, 44.9165735], [19.1974136, 44.9175478], [19.1966283, 44.9181592], [19.1952513, 44.9189477], [19.1938443, 44.919881], [19.1908217, 44.9205721], [19.1901077, 44.9207301], [19.1875613, 44.9212371], [19.1871013, 44.9213064], [19.1840129, 44.9216041], [19.1828806, 44.921666], [19.1827054, 44.9216757], [19.1786035, 44.9217724], [19.1777799, 44.9217573], [19.177062, 44.9217268], [19.1757679, 44.9216289], [19.1748555, 44.9215359], [19.1734941, 44.9212397], [19.1719748, 44.9208162], [19.1709951, 44.9204969], [19.1708395, 44.920443], [19.1691039, 44.9196088], [19.1687402, 44.9194238], [19.1683031, 44.9191713], [19.1680038, 44.9190004], [19.1676271, 44.9187815], [19.1667294, 44.9181987], [19.1663815, 44.9179259], [19.1658514, 44.9175088], [19.1651441, 44.916918], [19.164627, 44.9164416], [19.1642926, 44.9161047], [19.1633883, 44.9151404], [19.1621122, 44.9139394], [19.1608802, 44.9127018], [19.1592802, 44.9113047], [19.1577472, 44.9100338], [19.1571452, 44.9096027], [19.1563678, 44.9090447], [19.1547092, 44.9078185], [19.1536118, 44.9070651], [19.1531128, 44.9067762], [19.147837, 44.9041064], [19.1466171, 44.9034665], [19.1452194, 44.9029238], [19.1447806, 44.9027648], [19.143823, 44.9024468], [19.1436965, 44.9024118], [19.141485, 44.9018352], [19.1404576, 44.9016476], [19.1396726, 44.901529], [19.139345, 44.9014835], [19.1385264, 44.9013839], [19.1374398, 44.9012381], [19.1371098, 44.9011929], [19.13688, 44.9011463], [19.1364089, 44.9010397], [19.1354687, 44.9008722], [19.1347318, 44.9007164], [19.1337963, 44.900467], [19.1327267, 44.9001859], [19.1327261, 44.9001856], [19.1307214, 44.8995708], [19.1298659, 44.8992123], [19.1295115, 44.8990613], [19.1291215, 44.8988698], [19.1288275, 44.8987102], [19.1283773, 44.8984256], [19.128023, 44.8981222], [19.1278413, 44.8979486], [19.1275174, 44.897585], [19.1273542, 44.8973852], [19.1267219, 44.8964097], [19.1262144, 44.8956528], [19.125866, 44.8950426], [19.1253209, 44.8941595], [19.1252275, 44.8939786], [19.1242525, 44.8921404], [19.1234731, 44.8909841], [19.1232108, 44.8906213], [19.1227421, 44.8901168], [19.1216464, 44.8889862], [19.1209865, 44.8883605], [19.1206222, 44.8880571], [19.1198023, 44.887352], [19.1194536, 44.8870856], [19.1190408, 44.8868463], [19.1187005, 44.8866665], [19.1181319, 44.8863618], [19.1179158, 44.8862451], [19.1169406, 44.8858225], [19.1152832, 44.8852796], [19.1139282, 44.8848946], [19.1129471, 44.8846697], [19.1123289, 44.8845953], [19.1114638, 44.8844879], [19.1099293, 44.8843101], [19.1089405, 44.8841709], [19.1045242, 44.8835241], [19.1021923, 44.8831651], [19.1015494, 44.8830771], [19.0996998, 44.8828164], [19.0981898, 44.8825549], [19.0944934, 44.8817283], [19.0938512, 44.8815798], [19.0922779, 44.8810664], [19.0906985, 44.8805508], [19.0897507, 44.8802044], [19.0888828, 44.8798359], [19.0884408, 44.8795972], [19.0876318, 44.8791352], [19.0874398, 44.8790152], [19.0869412, 44.8786113], [19.0864396, 44.8782079], [19.0859411, 44.877778], [19.085054, 44.8770481], [19.084696, 44.8766584], [19.0840562, 44.8758397], [19.0836746, 44.8753851], [19.083261, 44.8749066], [19.0827625, 44.8743238], [19.0817492, 44.8730327], [19.0814253, 44.8725784], [19.0808698, 44.8718081], [19.0805089, 44.8712999], [19.0802732, 44.8709567], [19.0801358, 44.870786], [19.0796504, 44.8702001], [19.0791842, 44.8695561], [19.0772296, 44.8675777], [19.0757565, 44.8663295], [19.0754207, 44.8660564], [19.0747044, 44.8655373], [19.0741679, 44.8651713], [19.0737753, 44.8649491], [19.0735332, 44.8648248], [19.0713407, 44.8636139], [19.0709306, 44.8634213], [19.0702958, 44.8631491], [19.0696359, 44.8628855], [19.0687244, 44.8625685], [19.0659639, 44.8616358], [19.0645611, 44.861237], [19.0636271, 44.8610032], [19.0619034, 44.8606285], [19.0609041, 44.8604377], [19.0604022, 44.8603754], [19.0601861, 44.8603486], [19.0591982, 44.8602178], [19.058065, 44.8601023], [19.0566165, 44.8599624], [19.0553943, 44.8598553], [19.0533669, 44.8598017], [19.0531328, 44.859796], [19.0510546, 44.8597123], [19.0486911, 44.8596137], [19.0466987, 44.8595282], [19.0451913, 44.8594773], [19.0448653, 44.8594539], [19.0445001, 44.8594303], [19.0441942, 44.8593929], [19.0440462, 44.8593767], [19.0431946, 44.8592302], [19.0422476, 44.859078], [19.0413286, 44.8589233], [19.0400997, 44.8586918], [19.0392332, 44.8585299], [19.0389618, 44.8584739], [19.0359266, 44.8578275], [19.0318888, 44.8569741], [19.0301948, 44.8566481], [19.0285831, 44.8563384], [19.0258224, 44.8558748], [19.0251055, 44.8557611], [19.0237643, 44.8555963], [19.0227071, 44.8554791], [19.0214147, 44.8553961], [19.0153367, 44.8552819], [19.012292, 44.8552819], [19.0103421, 44.8552587], [19.0086024, 44.8551977], [19.0072588, 44.8551348], [19.0046289, 44.8548583], [19.004715, 44.8536885], [19.0047337, 44.8534822], [19.0046483, 44.8528596], [19.0045975, 44.8526362], [19.0042905, 44.8522369], [19.0039248, 44.852006], [19.0031906, 44.8512641], [19.0028863, 44.8509196], [19.0027901, 44.8507512], [19.0027768, 44.8505846], [19.0028702, 44.850401], [19.0017783, 44.8499505], [19.0004595, 44.8497707], [19.0003153, 44.8497461], [19.0002512, 44.8497121], [19.0002085, 44.8496666], [19.0001979, 44.8495852], [19.0002993, 44.8490837], [19.0003539, 44.8485139], [19.0003309, 44.8476564], [19.000219, 44.8476207], [19.00016, 44.8476309], [19.0000853, 44.8476508], [18.9998877, 44.8477058], [18.9996982, 44.8477624], [18.9995754, 44.8478145], [18.9990574, 44.8478864], [18.9987024, 44.8479564], [18.9984354, 44.8480435], [18.9981844, 44.8480965], [18.9978454, 44.8481381], [18.9972849, 44.8481958], [18.9965638, 44.848244], [18.9961107, 44.8482547], [18.9952424, 44.8482172], [18.9946005, 44.8481663], [18.9941059, 44.84807], [18.9939926, 44.8479201], [18.9938152, 44.8464821], [18.9938419, 44.8462559], [18.993966, 44.8459465], [18.9946575, 44.8444199], [18.9951688, 44.8440432], [18.9950913, 44.8438965], [18.9950206, 44.8436816], [18.9949472, 44.843427], [18.9949498, 44.8432482], [18.9949832, 44.8430409], [18.9950233, 44.8428913], [18.9949792, 44.8428062], [18.9948831, 44.8427257], [18.994775, 44.8426538], [18.9947189, 44.8425544], [18.9946989, 44.8424635], [18.9949925, 44.8421739], [18.9960591, 44.8415028], [18.9962874, 44.8413543], [18.9964756, 44.8412747], [18.9966998, 44.8411479], [18.9969628, 44.8407059], [18.9972178, 44.8403103], [18.9976796, 44.8398616], [18.9983671, 44.8392672], [18.9985526, 44.8391706], [18.9988623, 44.8391413], [18.9990572, 44.8391631], [18.9995698, 44.8392038], [19.0002412, 44.8391669], [19.0003306, 44.8391754], [19.0003747, 44.8391867], [19.0003934, 44.8392019], [19.0004187, 44.8392113], [19.0004361, 44.8392047], [19.0004441, 44.8391195], [19.0005255, 44.8389851], [19.0009206, 44.8383509], [19.0012237, 44.8381938], [19.0013238, 44.8381578], [19.0015307, 44.8381313], [19.0019817, 44.8381478], [19.0021407, 44.8381238], [19.0023543, 44.8381001], [19.002429, 44.8380301], [19.0023316, 44.837908], [19.0022422, 44.8377584], [19.0021994, 44.8376221], [19.0021247, 44.837199], [19.0025558, 44.8365591], [19.0029416, 44.8362467], [19.0035503, 44.8361966], [19.0040202, 44.8361767], [19.0041684, 44.8361634], [19.0054325, 44.8359419], [19.0054111, 44.8358899], [19.0052896, 44.8358406], [19.0052095, 44.8356362], [19.0050947, 44.8350143], [19.0058089, 44.8348941], [19.0055312, 44.8343024], [19.0058997, 44.8341358], [19.0059731, 44.8340213], [19.0061373, 44.8336881], [19.0063095, 44.833246], [19.0063562, 44.8330406], [19.0063949, 44.8326326], [19.0063896, 44.8325976], [19.0063869, 44.8325777], [19.0063829, 44.8325597], [19.0063789, 44.8325408], [19.0063749, 44.8325218], [19.0063669, 44.8325048], [19.0063615, 44.8324877], [19.0063455, 44.8324385], [19.0063402, 44.8324215], [19.0063362, 44.8324044], [19.0063281, 44.8323685], [19.0063228, 44.8323486], [19.0063175, 44.8323325], [19.0063095, 44.8323164], [19.0063148, 44.8322123], [19.0063161, 44.8321952], [19.0063228, 44.8321772], [19.0063375, 44.8321441], [19.0063455, 44.8321214], [19.0063535, 44.8321034], [19.0063615, 44.8320816], [19.0063695, 44.8320655], [19.0063829, 44.8320428], [19.0063949, 44.8320239], [19.0064056, 44.8320097], [19.0064189, 44.8319964], [19.0064323, 44.8319822], [19.0064483, 44.831969], [19.006467, 44.8319576], [19.006483, 44.8319444], [19.006523, 44.8319179], [19.0065484, 44.8319056], [19.0065711, 44.831897], [19.0065924, 44.8318914], [19.0066138, 44.8318838], [19.0066378, 44.8318762], [19.0067179, 44.8318563], [19.006762, 44.8318421], [19.0067847, 44.8318346], [19.0068074, 44.8318279], [19.0068381, 44.8318194], [19.0068621, 44.8318099], [19.0069061, 44.8317948], [19.0069302, 44.8317872], [19.0069555, 44.8317825], [19.0069836, 44.8317806], [19.0070103, 44.8317806], [19.0070356, 44.8317815], [19.0071317, 44.8317815], [19.0071558, 44.8317806], [19.0071811, 44.8317787], [19.0072065, 44.8317749], [19.0072332, 44.8317721], [19.0072625, 44.8317692], [19.0072866, 44.8317683], [19.0073093, 44.8317683], [19.0075268, 44.8317588], [19.0075522, 44.8317579], [19.0075909, 44.831756], [19.0076443, 44.831756], [19.0077297, 44.8317617], [19.0077618, 44.8317673], [19.0077831, 44.8317711], [19.0078072, 44.8317749], [19.0078312, 44.8317796], [19.0078833, 44.8317891], [19.00791, 44.8317929], [19.007934, 44.8317938], [19.007962, 44.8317938], [19.00799, 44.831791], [19.0080141, 44.8317872], [19.0080368, 44.8317834], [19.0080608, 44.8317796], [19.0080862, 44.8317759], [19.0081075, 44.8317702], [19.0081289, 44.8317636], [19.0081516, 44.831756], [19.0081716, 44.8317494], [19.0081929, 44.8317427], [19.0082156, 44.8317371], [19.0082357, 44.8317295], [19.0082597, 44.8317229], [19.0082797, 44.8317153], [19.0083678, 44.8316698], [19.0083878, 44.8316604], [19.0084092, 44.83165], [19.0084305, 44.8316405], [19.0084612, 44.8316263], [19.008504, 44.8316074], [19.0085253, 44.8315988], [19.0085467, 44.8315913], [19.0085694, 44.8315865], [19.0085921, 44.8315827], [19.0086161, 44.8315799], [19.0086441, 44.8315799], [19.0086682, 44.8315827], [19.0086935, 44.8315884], [19.0087162, 44.8315941], [19.0087362, 44.8316017], [19.0087603, 44.8316074], [19.0087803, 44.8316168], [19.0088056, 44.8316301], [19.0088243, 44.8316395], [19.008843, 44.83165], [19.0088617, 44.8316604], [19.0088804, 44.8316717], [19.0088977, 44.831684], [19.0089191, 44.8316973], [19.0089351, 44.8317096], [19.0089511, 44.831721], [19.0089712, 44.8317352], [19.0089899, 44.8317494], [19.0090045, 44.8317607], [19.0090192, 44.831773], [19.0090352, 44.8317834], [19.0090513, 44.8317948], [19.0090686, 44.8318071], [19.00909, 44.8318251], [19.0091073, 44.8318364], [19.0091233, 44.8318506], [19.0091394, 44.831863], [19.0091554, 44.8318762], [19.0091861, 44.8319084], [19.0092008, 44.8319216], [19.0092168, 44.8319396], [19.0092288, 44.8319529], [19.0092421, 44.8319709], [19.0092555, 44.8319841], [19.0092688, 44.8319983], [19.0092822, 44.8320106], [19.0094304, 44.8321498], [19.0094424, 44.8321659], [19.009453, 44.8321801], [19.0094637, 44.8321933], [19.0094757, 44.8322075], [19.0094851, 44.8322208], [19.0094891, 44.8322369], [19.0094891, 44.8322549], [19.0094864, 44.8322719], [19.0094771, 44.8322871], [19.0094664, 44.8323003], [19.0094571, 44.8323136], [19.0094517, 44.8323297], [19.0094504, 44.8323457], [19.009453, 44.8323647], [19.0094611, 44.8323808], [19.0094704, 44.832394], [19.0094851, 44.8324054], [19.0095024, 44.8324177], [19.0095251, 44.8324281], [19.0095452, 44.8324376], [19.0095692, 44.832447], [19.0095932, 44.8324556], [19.0096519, 44.8324707], [19.0096947, 44.8324877], [19.009716, 44.8324953], [19.0097374, 44.8325048], [19.0097654, 44.8325161], [19.0097868, 44.8325228], [19.0098108, 44.8325294], [19.0098362, 44.8325379], [19.0098602, 44.8325445], [19.0099056, 44.8325578], [19.0099309, 44.8325654], [19.0099803, 44.8325777], [19.0100284, 44.8325919], [19.0100537, 44.8325966], [19.0100764, 44.8326023], [19.0100978, 44.8326089], [19.0101205, 44.8326146], [19.0101418, 44.8326212], [19.0101659, 44.8326269], [19.0101872, 44.8326335], [19.0102086, 44.8326411], [19.0102353, 44.8326487], [19.010266, 44.8326572], [19.0103047, 44.8326667], [19.0104048, 44.8326932], [19.0104355, 44.8327017], [19.0104849, 44.8327159], [19.0105103, 44.8327244], [19.0105303, 44.8327301], [19.010553, 44.8327386], [19.0105757, 44.8327471], [19.010605, 44.8327585], [19.0106291, 44.8327679], [19.0106517, 44.8327774], [19.0106744, 44.8327878], [19.0106945, 44.8327982], [19.0107132, 44.8328096], [19.0107292, 44.832821], [19.0107465, 44.8328304], [19.0107652, 44.8328418], [19.0107839, 44.8328531], [19.0108253, 44.8328825], [19.0108453, 44.832892], [19.0108667, 44.8329014], [19.0108867, 44.832909], [19.0109347, 44.832926], [19.0109641, 44.8329327], [19.0109868, 44.8329374], [19.0110122, 44.8329421], [19.0110362, 44.832945], [19.0110602, 44.832945], [19.0110856, 44.8329421], [19.0111083, 44.8329383], [19.0111336, 44.8329308], [19.0111563, 44.8329213], [19.0111723, 44.832909], [19.011187, 44.8328948], [19.0112004, 44.8328806], [19.0112124, 44.8328664], [19.0112431, 44.8328399], [19.0112604, 44.8328266], [19.0112818, 44.8328143], [19.0113032, 44.8327982], [19.0113205, 44.8327869], [19.0113405, 44.8327746], [19.0113619, 44.8327642], [19.0113846, 44.8327566], [19.0114099, 44.8327509], [19.011438, 44.8327462], [19.0114647, 44.8327395], [19.0114954, 44.832732], [19.0115167, 44.8327253], [19.0115421, 44.8327178], [19.0115635, 44.8327093], [19.0115861, 44.8326988], [19.0116048, 44.8326865], [19.0116222, 44.8326742], [19.0116369, 44.832661], [19.0116542, 44.8326477], [19.0116689, 44.8326345], [19.0116876, 44.8326203], [19.0117009, 44.8326061], [19.0117156, 44.83259], [19.011729, 44.8325758], [19.0117757, 44.8325247], [19.0117917, 44.8325076], [19.0118064, 44.8324934], [19.0118264, 44.832483], [19.0118531, 44.8324754], [19.0118812, 44.8324669], [19.0119038, 44.8324603], [19.0119265, 44.8324546], [19.0119492, 44.832448], [19.0119706, 44.8324404], [19.0119933, 44.8324338], [19.0120173, 44.8324262], [19.0120627, 44.8324111], [19.012084, 44.8324025], [19.0121054, 44.8323912], [19.0121268, 44.8323798], [19.0121468, 44.8323666], [19.0121668, 44.8323533], [19.0121868, 44.832342], [19.0122295, 44.8323192], [19.0122482, 44.8323088], [19.0122669, 44.8322984], [19.0122883, 44.832288], [19.0123083, 44.8322785], [19.012327, 44.83227], [19.0123483, 44.8322624], [19.0123684, 44.8322558], [19.0123937, 44.8322482], [19.0124391, 44.8322388], [19.0124631, 44.8322369], [19.0124885, 44.8322369], [19.0125139, 44.8322378], [19.0125379, 44.8322397], [19.0125633, 44.8322435], [19.0125873, 44.8322473], [19.01261, 44.832252], [19.0126327, 44.8322596], [19.0126527, 44.8322681], [19.0126927, 44.8322842], [19.0127128, 44.8322965], [19.0127341, 44.8323079], [19.0127488, 44.8323221], [19.0127622, 44.8323353], [19.0127768, 44.8323486], [19.0128876, 44.8324527], [19.012905, 44.8324669], [19.0129197, 44.8324802], [19.012929, 44.8324944], [19.0129557, 44.8325228], [19.0129704, 44.832536], [19.0131586, 44.8326742], [19.0131773, 44.8326837], [19.013196, 44.8326922], [19.0132387, 44.8327083], [19.0132614, 44.8327149], [19.0132841, 44.8327197], [19.0133054, 44.8327244], [19.0133268, 44.8327301], [19.0133495, 44.8327348], [19.0133722, 44.8327395], [19.0133949, 44.8327405], [19.0134443, 44.8327405], [19.013467, 44.8327386], [19.013515, 44.8327329], [19.0135377, 44.832731], [19.0136338, 44.832731], [19.0136565, 44.8327339], [19.0136765, 44.8327424], [19.0136939, 44.8327519], [19.0137086, 44.8327642], [19.0137246, 44.8327755], [19.0137513, 44.8328001], [19.013762, 44.8328134], [19.0137726, 44.8328276], [19.0137807, 44.8328427], [19.0137887, 44.8328569], [19.013802, 44.8328702], [19.0138207, 44.8328806], [19.0138421, 44.8328872], [19.0138647, 44.832892], [19.0139115, 44.8328882], [19.0139342, 44.8328825], [19.0139555, 44.8328749], [19.0139755, 44.8328664], [19.0142038, 44.8327386], [19.0146884, 44.8326818], [19.0147204, 44.8326676], [19.0149633, 44.8325086], [19.0153411, 44.8323865], [19.0153291, 44.8320996], [19.015241, 44.8316017], [19.0152396, 44.8315846], [19.0152396, 44.8315685], [19.0152383, 44.8315525], [19.0152437, 44.8314843], [19.015249, 44.8314464], [19.0152583, 44.8314294], [19.0152717, 44.8314152], [19.0152917, 44.8314019], [19.0153157, 44.8313877], [19.0153398, 44.8313821], [19.0153665, 44.8313821], [19.0153972, 44.831383], [19.0154239, 44.8313887], [19.0154466, 44.8313981], [19.0154666, 44.8314057], [19.0154866, 44.8314123], [19.0155093, 44.8314171], [19.0155333, 44.8314152], [19.0155573, 44.8314114], [19.0155827, 44.8314057], [19.0157028, 44.8313858], [19.0157282, 44.8313811], [19.0157536, 44.8313764], [19.0157763, 44.8313716], [19.0158016, 44.831365], [19.0158697, 44.8313499], [19.0158924, 44.8313451], [19.0159138, 44.8313385], [19.0159391, 44.8313347], [19.0159912, 44.8313347], [19.0160486, 44.8313366], [19.0160953, 44.8313328], [19.0164664, 44.8311359], [19.0167187, 44.8309835], [19.0170858, 44.8308936], [19.0171899, 44.830886], [19.0172152, 44.8308794], [19.017266, 44.8308036], [19.0173194, 44.83078], [19.0174048, 44.830779], [19.0174382, 44.8307658], [19.0174658, 44.8307142], [19.0172997, 44.8303407], [19.0172931, 44.8303299], [19.0172874, 44.8303186], [19.0172827, 44.8303078], [19.0172751, 44.8302958], [19.0172695, 44.8302844], [19.0172629, 44.8302737], [19.0172572, 44.8302617], [19.0172572, 44.8302389], [19.01726, 44.8302275], [19.0172647, 44.8302168], [19.0172704, 44.8302048], [19.017278, 44.8301941], [19.0172893, 44.8301847], [19.0173044, 44.830176], [19.0173204, 44.8301726], [19.0173422, 44.830167], [19.017764, 44.8301519], [19.0178494, 44.8299909], [19.0178921, 44.8299777], [19.0179402, 44.8299701], [19.0179936, 44.8299682], [19.0180443, 44.8299644], [19.018095, 44.8299625], [19.0181458, 44.8299568], [19.0181912, 44.8299474], [19.0182312, 44.8299266], [19.0183407, 44.8298925], [19.018386, 44.8298811], [19.0184421, 44.8298754], [19.0185008, 44.8298679], [19.0185489, 44.8298603], [19.018597, 44.8298432], [19.0186397, 44.82983], [19.0186797, 44.8298073], [19.0187064, 44.8297808], [19.0187384, 44.8297524], [19.0187812, 44.8297391], [19.0188292, 44.8297334], [19.0188826, 44.8297353], [19.0189307, 44.8297353], [19.018968, 44.829758], [19.0190161, 44.8298148], [19.0190455, 44.8298414], [19.0190748, 44.829866], [19.0191202, 44.8298811], [19.0191656, 44.8298849], [19.0192003, 44.8299076], [19.0192243, 44.8299379], [19.0192564, 44.8299625], [19.0193018, 44.8299625], [19.0193525, 44.8299682], [19.0193899, 44.8299909], [19.0194299, 44.8300155], [19.0194699, 44.8300383], [19.019502, 44.8300591], [19.0195367, 44.8300799], [19.0195794, 44.830097], [19.0196248, 44.8301121], [19.0196728, 44.8301291], [19.0197129, 44.83015], [19.0197423, 44.8301746], [19.019769, 44.8302068], [19.0197823, 44.8302371], [19.0197876, 44.8302693], [19.0197876, 44.8303639], [19.0197983, 44.8303961], [19.0198277, 44.8304245], [19.0198651, 44.8304397], [19.0199078, 44.8304491], [19.0199558, 44.830451], [19.0200092, 44.8304548], [19.0200519, 44.8304662], [19.020092, 44.8304794], [19.020132, 44.8304946], [19.0201721, 44.8305116], [19.0202148, 44.8305249], [19.0202629, 44.8305343], [19.0203082, 44.8305343], [19.0203536, 44.8305324], [19.020399, 44.8305211], [19.0204364, 44.8304983], [19.0204764, 44.8304737], [19.0205111, 44.8304529], [19.0205458, 44.8304264], [19.0206206, 44.830381], [19.0206606, 44.8303658], [19.0207087, 44.8303658], [19.0207567, 44.8303734], [19.0208021, 44.8303829], [19.021272, 44.8305211], [19.0212773, 44.8304283], [19.0214909, 44.8301386], [19.0214616, 44.830114], [19.0214375, 44.8300837], [19.0214082, 44.8300553], [19.0213868, 44.830025], [19.0213681, 44.8299966], [19.0213521, 44.8299663], [19.0213361, 44.8299379], [19.0213174, 44.8299019], [19.021304, 44.8298698], [19.0212907, 44.8298338], [19.02128, 44.8298016], [19.0212773, 44.8297675], [19.0212773, 44.8296596], [19.0212854, 44.8296274], [19.0212987, 44.8295933], [19.0214162, 44.8292279], [19.0214215, 44.8291938], [19.0214295, 44.8291559], [19.0214349, 44.82912], [19.0214402, 44.8290726], [19.0214455, 44.829031], [19.0214482, 44.8289969], [19.0214482, 44.8288871], [19.0214455, 44.8288511], [19.0214429, 44.8288189], [19.0214349, 44.828783], [19.0214268, 44.8287508], [19.0214188, 44.8287148], [19.0214108, 44.8286807], [19.0213975, 44.8286447], [19.0212079, 44.8284421], [19.0211812, 44.8284081], [19.0211625, 44.8283778], [19.0211172, 44.8283096], [19.0211038, 44.8282755], [19.0210851, 44.828232], [19.0210744, 44.8281998], [19.0210611, 44.8281619], [19.0210531, 44.8281278], [19.0210451, 44.8280881], [19.0210451, 44.827982], [19.0210477, 44.8279498], [19.0210558, 44.8279158], [19.0210664, 44.8278817], [19.0210798, 44.8278514], [19.0210958, 44.8278211], [19.0211092, 44.8277889], [19.0211278, 44.8277586], [19.0211492, 44.8277283], [19.0211973, 44.8276715], [19.021256, 44.8276109], [19.02128, 44.8275844], [19.021304, 44.8275522], [19.0213254, 44.82752], [19.0213361, 44.8274878], [19.0214055, 44.8273477], [19.0214135, 44.8273118], [19.0214242, 44.8272777], [19.0214375, 44.8272303], [19.0214429, 44.8271981], [19.0214509, 44.8271565], [19.0214589, 44.8271186], [19.0214642, 44.8270845], [19.0214642, 44.8270429], [19.0214696, 44.8269974], [19.0214696, 44.8269122], [19.0214642, 44.82688], [19.0214589, 44.8268384], [19.0214562, 44.8267986], [19.0214482, 44.8267456], [19.0214402, 44.8267096], [19.0214295, 44.8266737], [19.0214215, 44.8266396], [19.0214055, 44.8266074], [19.0213841, 44.8265657], [19.0213654, 44.8265335], [19.0213147, 44.8264654], [19.021288, 44.8264332], [19.0212613, 44.8264029], [19.0212346, 44.8263764], [19.0212053, 44.826348], [19.0211706, 44.8263158], [19.0211332, 44.8262912], [19.0210851, 44.8262609], [19.0210424, 44.8262382], [19.0209997, 44.8262173], [19.0209596, 44.8262022], [19.0209089, 44.826187], [19.0208662, 44.8261776], [19.0208155, 44.8261719], [19.020714, 44.8261719], [19.0206686, 44.8261738], [19.0206153, 44.8261738], [19.0205645, 44.8261757], [19.0205191, 44.8261814], [19.0204684, 44.826187], [19.0203803, 44.8262079], [19.0203376, 44.826223], [19.0202922, 44.8262401], [19.0202522, 44.8262571], [19.0202121, 44.8262779], [19.0201774, 44.8262988], [19.0201374, 44.8263196], [19.0200947, 44.8263461], [19.0200493, 44.8263764], [19.0200119, 44.8263972], [19.0199745, 44.8264161], [19.0199398, 44.8264408], [19.0199024, 44.8264654], [19.0198651, 44.8264862], [19.019817, 44.8265108], [19.019777, 44.8265316], [19.0197449, 44.8265525], [19.0197022, 44.8265733], [19.0196622, 44.8265922], [19.0196221, 44.8266131], [19.0195794, 44.826632], [19.019534, 44.8266528], [19.0194913, 44.8266699], [19.0194539, 44.826685], [19.0194005, 44.8266964], [19.0193525, 44.826704], [19.0193071, 44.8267077], [19.0192644, 44.8267096], [19.0190241, 44.8267096], [19.0189761, 44.8267058], [19.0189307, 44.8266964], [19.0188826, 44.8266888], [19.0188319, 44.8266793], [19.0187758, 44.8266737], [19.0186584, 44.8266415], [19.018605, 44.8266339], [19.0185622, 44.8266282], [19.0185115, 44.8266263], [19.0183994, 44.8266225], [19.0183567, 44.8266187], [19.0182606, 44.826615], [19.0182018, 44.8266131], [19.0180069, 44.8266131], [19.0179616, 44.826615], [19.0179082, 44.8266187], [19.0175985, 44.8266187], [19.0175504, 44.826615], [19.0174997, 44.8266074], [19.017457, 44.8265998], [19.0173662, 44.8265771], [19.0173262, 44.8265676], [19.0172835, 44.8265563], [19.0171873, 44.8265298], [19.0171473, 44.8265184], [19.0171019, 44.8265108], [19.0170485, 44.8264995], [19.0170058, 44.82649], [19.0169551, 44.8264824], [19.0168536, 44.8264654], [19.0168056, 44.8264616], [19.0167575, 44.8264559], [19.0167095, 44.8264521], [19.016552, 44.8264521], [19.0164932, 44.826454], [19.0164051, 44.8264578], [19.016301, 44.8264616], [19.0162503, 44.8264616], [19.0162076, 44.8264635], [19.0160314, 44.8264862], [19.0159833, 44.8264995], [19.0159352, 44.8265146], [19.0158899, 44.8265335], [19.0158445, 44.8265544], [19.0157991, 44.826579], [19.0157671, 44.8266017], [19.015735, 44.8266282], [19.0156976, 44.8266604], [19.0156629, 44.8266926], [19.0156416, 44.8267229], [19.0156202, 44.8267494], [19.0156015, 44.8267778], [19.0155802, 44.8268043], [19.0155615, 44.8268403], [19.0155188, 44.8268971], [19.0155001, 44.8269312], [19.0154814, 44.8269596], [19.0154547, 44.8269955], [19.0154147, 44.8270561], [19.0153906, 44.8270808], [19.0153639, 44.8271054], [19.0153346, 44.8271281], [19.0152972, 44.8271546], [19.0152571, 44.8271754], [19.0152171, 44.8271906], [19.0151771, 44.8272038], [19.0151317, 44.8272152], [19.0150756, 44.8272228], [19.0150302, 44.8272228], [19.0149875, 44.8272209], [19.0149394, 44.827219], [19.0148967, 44.8272114], [19.0148513, 44.8272019], [19.0148113, 44.8271887], [19.0147686, 44.8271754], [19.0147339, 44.8271584], [19.0146912, 44.8271413], [19.0146511, 44.8271186], [19.0146164, 44.8270959], [19.0145123, 44.8270542], [19.0144669, 44.8270448], [19.0144242, 44.8270372], [19.0143735, 44.8270353], [19.0143308, 44.8270353], [19.01428, 44.8270372], [19.0142293, 44.827041], [19.0141786, 44.8270467], [19.0141172, 44.827058], [19.0140718, 44.8270656], [19.0140344, 44.8270789], [19.0139864, 44.827094], [19.0139463, 44.8271148], [19.0138689, 44.8271527], [19.0138342, 44.8271716], [19.0137968, 44.8271906], [19.0137568, 44.8272114], [19.0137114, 44.8272322], [19.013666, 44.8272568], [19.0136233, 44.8272796], [19.0135886, 44.8273004], [19.0135485, 44.8273212], [19.0134631, 44.8273686], [19.013423, 44.8273875], [19.0133857, 44.8274064], [19.0133456, 44.8274197], [19.0132976, 44.8274367], [19.0132549, 44.82745], [19.0132015, 44.8274651], [19.0131561, 44.8274727], [19.0131134, 44.8274803], [19.013068, 44.8274878], [19.0130226, 44.8274935], [19.0129639, 44.8274973], [19.0129185, 44.8275011], [19.0127823, 44.8275011], [19.0126862, 44.8274973], [19.0126275, 44.8274916], [19.0125794, 44.8274878], [19.0125314, 44.8274803], [19.012486, 44.8274727], [19.0124406, 44.8274613], [19.0123979, 44.8274519], [19.0123578, 44.8274386], [19.0123178, 44.8274235], [19.0122751, 44.8274026], [19.0122404, 44.8273818], [19.0122083, 44.8273553], [19.0121763, 44.8273231], [19.0121549, 44.8272909], [19.0121416, 44.8272531], [19.0121282, 44.827219], [19.0121202, 44.8271811], [19.0121202, 44.8271092], [19.0121229, 44.827077], [19.0121336, 44.8270429], [19.0121843, 44.8270031], [19.0122243, 44.8269766], [19.0122671, 44.8269539], [19.0123124, 44.8269312], [19.0123525, 44.8269122], [19.0123925, 44.8268914], [19.0124326, 44.8268744], [19.0124753, 44.8268592], [19.0125234, 44.8268441], [19.0125768, 44.8268346], [19.0126221, 44.8268251], [19.0126755, 44.8268176], [19.0127369, 44.8268081], [19.0127877, 44.8267967], [19.0128517, 44.8267892], [19.0128998, 44.8267816], [19.0130012, 44.8267627], [19.013052, 44.8267551], [19.0131027, 44.8267418], [19.0131507, 44.8267305], [19.0131935, 44.8267191], [19.0132362, 44.8267021], [19.0132762, 44.8266774], [19.0133216, 44.8266528], [19.0133697, 44.8266225], [19.0134044, 44.8265998], [19.0134311, 44.8265714], [19.0134497, 44.8265354], [19.0134551, 44.8264976], [19.0134524, 44.8264616], [19.0134444, 44.8264237], [19.0134284, 44.8263934], [19.013399, 44.8263612], [19.0133723, 44.8263366], [19.0133349, 44.8263063], [19.0132655, 44.8262647], [19.0132282, 44.8262419], [19.0131561, 44.826187], [19.0131294, 44.8261624], [19.0131027, 44.826134], [19.013076, 44.8260999], [19.013052, 44.8260715], [19.0130253, 44.8260393], [19.0130066, 44.8260072], [19.0129906, 44.8259731], [19.0129772, 44.8259428], [19.0129692, 44.8259068], [19.0129612, 44.8258689], [19.0129612, 44.8257383], [19.0129665, 44.8256644], [19.0129692, 44.8256303], [19.0129692, 44.8255641], [19.0130386, 44.8253956], [19.0130546, 44.8253596], [19.013068, 44.8253255], [19.0130813, 44.8252895], [19.0130893, 44.8252573], [19.0130947, 44.8252195], [19.013092, 44.8251873], [19.0130893, 44.8251494], [19.013084, 44.8251172], [19.0130733, 44.825085], [19.0130573, 44.8250547], [19.013044, 44.8250244], [19.0130226, 44.8249941], [19.0130012, 44.82496], [19.0129772, 44.8249316], [19.0129532, 44.8249051], [19.0128944, 44.8248559], [19.0128544, 44.8248313], [19.012817, 44.8248086], [19.0127743, 44.8247915], [19.0127236, 44.8247783], [19.0126328, 44.8247593], [19.012534, 44.8247461], [19.0124887, 44.8247347], [19.0124379, 44.8247252], [19.0123952, 44.8247177], [19.0123498, 44.8247063], [19.0123044, 44.8246987], [19.0122564, 44.8246912], [19.0119681, 44.8246703], [19.0119253, 44.8246684], [19.0118239, 44.8246646], [19.0117758, 44.8246646], [19.0117251, 44.8246552], [19.0116797, 44.8246476], [19.011629, 44.8246381], [19.011589, 44.8246268], [19.0115516, 44.8246116], [19.0115062, 44.8245927], [19.0114635, 44.8245662], [19.0114341, 44.8245435], [19.0114101, 44.8245151], [19.0113914, 44.8244848], [19.0113727, 44.8244526], [19.0113594, 44.8244223], [19.011346, 44.8243863], [19.011338, 44.8243541], [19.0113273, 44.8242897], [19.01133, 44.82425], [19.0113353, 44.824214], [19.011346, 44.8241818], [19.0113594, 44.8241458], [19.0113754, 44.8241136], [19.0114021, 44.8240492], [19.0114181, 44.8240114], [19.0114314, 44.8239773], [19.0114475, 44.823947], [19.0114795, 44.823875], [19.0114875, 44.8238428], [19.0114928, 44.823805], [19.0114955, 44.8237633], [19.0114928, 44.8237198], [19.0114902, 44.8236819], [19.0114848, 44.8236497], [19.0114742, 44.8236156], [19.0114608, 44.8235853], [19.0114368, 44.8235531], [19.0114047, 44.8235247], [19.0113727, 44.823502], [19.0113353, 44.8234869], [19.0112846, 44.8234698], [19.0112392, 44.8234585], [19.0111885, 44.823449], [19.011039, 44.823449], [19.0109909, 44.8234509], [19.0109375, 44.8234528], [19.0108842, 44.8234585], [19.0108361, 44.8234641], [19.0107961, 44.8234736], [19.0107507, 44.8234812], [19.010708, 44.8234925], [19.0106279, 44.823519], [19.0105905, 44.8235342], [19.0105504, 44.8235493], [19.0105131, 44.8235645], [19.010473, 44.8235796], [19.0104303, 44.8235929], [19.0103956, 44.8236099], [19.0103582, 44.823627], [19.0103208, 44.8236421], [19.0102835, 44.8236554], [19.0102488, 44.8236762], [19.0102087, 44.8236933], [19.0101713, 44.8237122], [19.010134, 44.8237292], [19.009867, 44.8239262], [19.009835, 44.8239508], [19.0098029, 44.8239735], [19.0097709, 44.8239981], [19.0097362, 44.8240227], [19.0097015, 44.8240436], [19.0096614, 44.8240644], [19.0096321, 44.8240871], [19.0096, 44.8241098], [19.0095653, 44.8241326], [19.0095279, 44.8241553], [19.0094879, 44.8241799], [19.0094185, 44.8242216], [19.0093437, 44.8242708], [19.0092636, 44.82432], [19.0092289, 44.8243409], [19.0091942, 44.8243693], [19.0091595, 44.8243882], [19.0091221, 44.8244109], [19.0090821, 44.8244336], [19.0090447, 44.8244507], [19.009002, 44.8244677], [19.008954, 44.8244885], [19.0089059, 44.8245056], [19.0088578, 44.8245207], [19.0088125, 44.8245283], [19.0087591, 44.8245321], [19.0086096, 44.8245321], [19.0085668, 44.8245302], [19.0085161, 44.8245264], [19.0084707, 44.8245188], [19.0083826, 44.824498], [19.0083399, 44.8244829], [19.0082999, 44.8244715], [19.0082625, 44.8244545], [19.0082198, 44.8244393], [19.0081771, 44.8244223], [19.008137, 44.8244033], [19.0080996, 44.8243844], [19.0080623, 44.8243598], [19.0079902, 44.8243087], [19.0079234, 44.8242575], [19.0078887, 44.8242329], [19.0078594, 44.8242064], [19.00783, 44.824178], [19.0077953, 44.8241496], [19.0077659, 44.8241174], [19.0077446, 44.8240909], [19.0077286, 44.8240606], [19.0077205, 44.8240265], [19.0077179, 44.8239924], [19.0077179, 44.8239602], [19.0077232, 44.8239262], [19.0077419, 44.8238959], [19.0077686, 44.8238694], [19.0078006, 44.8238447], [19.0078407, 44.8238277], [19.0078887, 44.8238144], [19.0079341, 44.823805], [19.0080356, 44.8237879], [19.0080863, 44.8237804], [19.008137, 44.8237747], [19.0081851, 44.823769], [19.0083453, 44.8237633], [19.0083987, 44.8237633], [19.008452, 44.8237614], [19.0085001, 44.8237614], [19.0085535, 44.8237576], [19.0086096, 44.823752], [19.0086656, 44.8237482], [19.008711, 44.8237444], [19.0087564, 44.8237349], [19.0088071, 44.8237254], [19.0088552, 44.8237141], [19.0089006, 44.8236989], [19.0089379, 44.8236819], [19.0089753, 44.8236611], [19.009002, 44.8236327], [19.0089993, 44.8235986], [19.0090394, 44.8235115], [19.0090367, 44.8234774], [19.009026, 44.8234433], [19.00901, 44.8234149], [19.0089833, 44.8233884], [19.0089513, 44.8233657], [19.0089112, 44.8233467], [19.0088739, 44.8233335], [19.0088338, 44.8233202], [19.0087377, 44.8233013], [19.0086469, 44.8232823], [19.0086015, 44.8232691], [19.0085588, 44.8232539], [19.0085241, 44.823235], [19.0084868, 44.8232123], [19.008452, 44.8231896], [19.0084227, 44.8231649], [19.0084013, 44.8231346], [19.0083853, 44.8231044], [19.0083693, 44.82304], [19.0083613, 44.8230059], [19.0083586, 44.8229737], [19.0083586, 44.8229415], [19.0083639, 44.8228733], [19.0083773, 44.8228411], [19.008388, 44.8228071], [19.0084013, 44.822773], [19.0084173, 44.8227408], [19.0084227, 44.8227086], [19.008428, 44.8226745], [19.0084387, 44.8226404], [19.0084494, 44.8226082], [19.0084547, 44.8225704], [19.0084547, 44.822506], [19.0084494, 44.8224719], [19.0084494, 44.8224397], [19.0084627, 44.8222996], [19.0084627, 44.8222314], [19.0084547, 44.8221973], [19.008436, 44.8221689], [19.008412, 44.8221405], [19.0083773, 44.8221159], [19.0083399, 44.8220951], [19.0083025, 44.822078], [19.0081664, 44.8220439], [19.0081183, 44.8220326], [19.0080729, 44.8220193], [19.0080329, 44.8220042], [19.0079902, 44.821989], [19.0079501, 44.8219758], [19.0079128, 44.8219568], [19.0078781, 44.8219341], [19.007838, 44.8219057], [19.0078086, 44.8218792], [19.0077819, 44.8218546], [19.0077553, 44.8218281], [19.0077339, 44.8217959], [19.0073388, 44.821294], [19.0073094, 44.8212713], [19.0072667, 44.8212675], [19.0072213, 44.8212713], [19.0071759, 44.8212789], [19.0071305, 44.8212808], [19.0070878, 44.8212713], [19.0070504, 44.8212581], [19.0070104, 44.8212486], [19.006965, 44.8212467], [19.0069276, 44.8212656], [19.0069143, 44.821294], [19.0069063, 44.8213243], [19.0069036, 44.8213565], [19.0068903, 44.8213868], [19.0068689, 44.821419], [19.0068529, 44.8214455], [19.0068155, 44.8215061], [19.0068022, 44.8215364], [19.0067861, 44.8215667], [19.0067648, 44.8215951], [19.0067381, 44.8216216], [19.006698, 44.8216368], [19.0066553, 44.8216501], [19.0066153, 44.8216633], [19.0065779, 44.8216785], [19.0065432, 44.8216974], [19.0065058, 44.8217163], [19.0064738, 44.8217372], [19.0064418, 44.8217618], [19.0064097, 44.8217826], [19.006343, 44.8218337], [19.0063163, 44.8218584], [19.0062922, 44.821883], [19.0062656, 44.8219057], [19.0062362, 44.8219341], [19.0062095, 44.8219644], [19.0061775, 44.8219833], [19.0061294, 44.821989], [19.0060867, 44.8219966], [19.0060573, 44.8220193], [19.0060306, 44.822042], [19.0059639, 44.8220704], [19.0059265, 44.8220818], [19.0058838, 44.8220913], [19.0058464, 44.8221102], [19.005817, 44.8221348], [19.0058037, 44.8221651], [19.0057877, 44.8221935], [19.005769, 44.8222219], [19.0057476, 44.8222484], [19.0057129, 44.8222693], [19.0056782, 44.822292], [19.0056435, 44.8223128], [19.0056061, 44.8223299], [19.0055688, 44.8223488], [19.005534, 44.8223658], [19.005494, 44.8223772], [19.0054566, 44.8223886], [19.0054166, 44.8223999], [19.0053765, 44.8224094], [19.0053365, 44.8224208], [19.0052964, 44.8224359], [19.0052537, 44.8224586], [19.005219, 44.8224795], [19.0051843, 44.8225041], [19.0051523, 44.8225287], [19.0051256, 44.8225552], [19.0050962, 44.8225779], [19.0050562, 44.8225931], [19.0050108, 44.8225874], [19.0049654, 44.8225874], [19.004928, 44.8226044], [19.004896, 44.8226253], [19.0048613, 44.8226461], [19.0048292, 44.8226669], [19.0047945, 44.822684], [19.0047545, 44.8226953], [19.0047091, 44.8226934], [19.0046717, 44.8226764], [19.0046477, 44.8226499], [19.004629, 44.8226215], [19.0046157, 44.8225893], [19.004605, 44.8225571], [19.0046023, 44.8225249], [19.0045756, 44.8224984], [19.0045302, 44.8225041], [19.0044902, 44.8225173], [19.0044582, 44.8225363], [19.0044261, 44.8225571], [19.0043914, 44.8225741], [19.0043487, 44.8225666], [19.0043113, 44.8225514], [19.0042686, 44.8225533], [19.0042312, 44.8225666], [19.0041885, 44.8225741], [19.0041485, 44.8225647], [19.0041244, 44.8225382], [19.0040951, 44.8225135], [19.0040604, 44.8224908], [19.0040177, 44.8224851], [19.0039803, 44.8225003], [19.0039669, 44.8225306], [19.0039669, 44.822595], [19.0039589, 44.8226272], [19.0039242, 44.8226442], [19.0038762, 44.8226499], [19.0038308, 44.8226442], [19.0037881, 44.822631], [19.0037507, 44.822612], [19.0037186, 44.8225912], [19.0036919, 44.8225647], [19.0036626, 44.8225363], [19.0036359, 44.8225098], [19.0036065, 44.8224851], [19.0035718, 44.8224681], [19.0035318, 44.8224567], [19.0034864, 44.822453], [19.0033128, 44.822453], [19.0032675, 44.8224511], [19.0031982, 44.8224511], [19.0031057, 44.8224404], [19.0030094, 44.8223922], [19.0028339, 44.8222422], [19.0027999, 44.8222155], [19.002781, 44.822186], [19.002781, 44.8221472], [19.002764, 44.8221177], [19.0027376, 44.822107], [19.0026923, 44.822099], [19.0026545, 44.8220816], [19.0026149, 44.822024], [19.0025148, 44.8219463], [19.0024185, 44.8218901], [19.0022732, 44.821803], [19.0022354, 44.8217629], [19.002209, 44.8217106], [19.002209, 44.8216611], [19.0021882, 44.821641], [19.0019107, 44.8215178], [19.0018598, 44.8215781], [19.0017937, 44.8216758], [19.0016634, 44.8217923], [19.0015653, 44.8218767], [19.0013199, 44.8220387], [19.0011405, 44.8221873], [19.0009838, 44.822348], [19.0008083, 44.8224458], [19.0005346, 44.8225703], [19.0003647, 44.8226479], [19.0003212, 44.8226881], [19.0003005, 44.822751], [19.0003005, 44.8227778], [19.0003005, 44.8228327], [19.0002854, 44.8229077], [19.000208, 44.8229626], [19.0001174, 44.82298], [19.0000192, 44.8229693], [19.0000362, 44.8230657], [18.9998361, 44.8232987], [19.0001702, 44.8239159], [19.0003458, 44.8241958], [19.0005119, 44.8243712], [19.0006705, 44.8244984], [19.0008309, 44.8246591], [19.0009215, 44.8247595], [19.0009669, 44.8248505], [19.0009933, 44.8249469], [19.0010084, 44.8250942], [19.0008064, 44.8259792], [19.0006478, 44.8259859], [19.0004798, 44.8260234], [19.0002571, 44.8260743], [18.9999493, 44.8260917], [18.9997417, 44.826089], [18.999702, 44.8260877], [18.9995831, 44.8260877], [18.9994453, 44.8261064], [18.9992943, 44.8261613], [18.9986845, 44.8264773], [18.9985713, 44.8265697], [18.9985241, 44.8266473], [18.9984542, 44.8268013], [18.998424, 44.8270262], [18.9983976, 44.8271012], [18.9983523, 44.8271561], [18.9983145, 44.8271775], [18.9981899, 44.8272043], [18.9979993, 44.8272231], [18.9977822, 44.8272083], [18.997416, 44.8272124], [18.9972347, 44.8272592], [18.9970837, 44.8273221], [18.9969535, 44.8274092], [18.9968912, 44.8274574], [18.9967684, 44.8274922], [18.9963097, 44.8275136], [18.9952488, 44.8275364], [18.9946504, 44.8275578], [18.9943578, 44.8275457], [18.9939462, 44.8274801], [18.9936291, 44.8273797], [18.9932836, 44.8272699], [18.9931364, 44.8272365], [18.9930344, 44.8271601], [18.9927777, 44.8272525], [18.9927985, 44.8272927], [18.9928004, 44.8273476], [18.992789, 44.8274011], [18.9927211, 44.8274774], [18.9925682, 44.8275993], [18.9920301, 44.8280665], [18.9917677, 44.8282152], [18.9916696, 44.8283383], [18.9914638, 44.8285767], [18.9912826, 44.8287534], [18.99099, 44.8289435], [18.9905426, 44.829147], [18.9902311, 44.8293411], [18.9893109, 44.8298228], [18.9891396, 44.8298694], [18.98776, 44.8300012], [18.9875584, 44.8300629], [18.9872619, 44.8301021], [18.9871038, 44.8301021], [18.9866808, 44.8301862], [18.9860959, 44.8302824], [18.9859167, 44.8303395], [18.9852268, 44.8304027], [18.9846253, 44.8304722], [18.9842854, 44.830475], [18.9838107, 44.8304828], [18.9835343, 44.8304918], [18.9834632, 44.8304918], [18.9831272, 44.8304862], [18.98306, 44.8304834], [18.9826726, 44.8303909], [18.9823287, 44.8302227], [18.9819729, 44.8300096], [18.981716, 44.8302339], [18.9814432, 44.8304161], [18.9801582, 44.8309107], [18.9800636, 44.8308086], [18.9797553, 44.8304469], [18.9794272, 44.8305675], [18.9792493, 44.830674], [18.9790082, 44.8308478], [18.9785141, 44.831131], [18.977601, 44.8314337], [18.9773717, 44.8314337], [18.97573, 44.8311945], [18.9758343, 44.8306998], [18.9758838, 44.8303082], [18.9759142, 44.8300853], [18.9759091, 44.8298428], [18.9757727, 44.8297797], [18.9755277, 44.8296101], [18.9754644, 44.8295274], [18.9753607, 44.8295177], [18.9753162, 44.8295779], [18.9752292, 44.8296353], [18.974409, 44.8299998], [18.9739267, 44.8300965], [18.9734741, 44.8302241], [18.973403, 44.830168], [18.9731263, 44.8301526], [18.973065, 44.8300811], [18.9728891, 44.8301231], [18.9728535, 44.8300068], [18.9725887, 44.8298148], [18.9722645, 44.8297293], [18.9721954, 44.8296564], [18.9720866, 44.8295919], [18.9720234, 44.8294573], [18.9719246, 44.8294307], [18.9717289, 44.8292793], [18.971634, 44.8291531], [18.9715095, 44.8290438], [18.9714502, 44.828842], [18.9713257, 44.8287887], [18.9710332, 44.8286121], [18.971049, 44.8284523], [18.9709581, 44.8283191], [18.9708276, 44.8282392], [18.9707525, 44.8281523], [18.9706003, 44.8281313], [18.970377, 44.8279855], [18.9702802, 44.8278733], [18.970377, 44.8278201], [18.9703908, 44.8277598], [18.9701477, 44.8275622], [18.9699619, 44.8274472], [18.9699738, 44.8273435], [18.9696615, 44.8270968], [18.9695113, 44.8269314], [18.9693176, 44.8269201], [18.9691081, 44.826794], [18.9684994, 44.8266005], [18.968448, 44.8265697], [18.9683966, 44.8265417], [18.9683412, 44.8265136], [18.9682859, 44.82648], [18.9682266, 44.8264463], [18.9681713, 44.8264099], [18.9681159, 44.8263734], [18.9673688, 44.8257763], [18.9668194, 44.8254707], [18.9662343, 44.8253053], [18.9659339, 44.8249071], [18.9659893, 44.8245539], [18.9656533, 44.8246156], [18.9648548, 44.8239371], [18.9648192, 44.8238978], [18.9647836, 44.8238558], [18.964748, 44.8238137], [18.9647125, 44.8237716], [18.9646808, 44.8237268], [18.9646532, 44.8236847], [18.9646295, 44.8236343], [18.9646057, 44.8235866], [18.964582, 44.8235417], [18.9645504, 44.8235025], [18.9645109, 44.8234604], [18.9644753, 44.8234212], [18.9644397, 44.8233791], [18.9643962, 44.8233427], [18.9643567, 44.8233062], [18.9643093, 44.8232698], [18.9642539, 44.8232417], [18.9641946, 44.8232193], [18.9641274, 44.8232053], [18.9640602, 44.8231997], [18.9639891, 44.8231969], [18.9637954, 44.8231969], [18.9635147, 44.8232249], [18.9630285, 44.8222548], [18.9628744, 44.8219941], [18.962483, 44.8214866], [18.9619293, 44.8209616], [18.9615554, 44.8206431], [18.961149, 44.8203652], [18.9609967, 44.8202248], [18.9607635, 44.8200958], [18.9604433, 44.8199248], [18.9599848, 44.8198042], [18.9596843, 44.8197762], [18.959289, 44.8197145], [18.9592258, 44.8197061], [18.9591626, 44.8196865], [18.9591033, 44.819664], [18.95904, 44.819636], [18.9589965, 44.8195967], [18.9588028, 44.8194622], [18.9583008, 44.8193136], [18.9582534, 44.8192322], [18.958534, 44.8191621], [18.958451, 44.8190304], [18.9584194, 44.8188509], [18.9583878, 44.8186799], [18.9581822, 44.8184611], [18.9580953, 44.8183097], [18.9578779, 44.8180854], [18.9575577, 44.8181135], [18.9570675, 44.8182312], [18.9570003, 44.8180574], [18.9570831, 44.8178744], [18.9572844, 44.8176791], [18.9571341, 44.8176296], [18.9570124, 44.8175909], [18.9568836, 44.8175203], [18.956495, 44.8174767], [18.9561736, 44.8174232], [18.9557292, 44.8173141], [18.9555307, 44.8172428], [18.9553742, 44.8172586], [18.9552093, 44.8171793], [18.9549996, 44.8171773], [18.9549521, 44.8171694], [18.9549158, 44.8171515], [18.9548375, 44.8171119], [18.9548012, 44.8170881], [18.9547676, 44.8170584], [18.9547229, 44.8169989], [18.9547033, 44.8169652], [18.9546866, 44.8169334], [18.9546726, 44.8169017], [18.9546502, 44.81687], [18.9546195, 44.8168383], [18.9545887, 44.8168125], [18.9545496, 44.8167907], [18.9544686, 44.816751], [18.9543903, 44.8167173], [18.954354, 44.8166955], [18.9543204, 44.8166717], [18.9542925, 44.816644], [18.9542533, 44.8165845], [18.9542198, 44.816521], [18.9541946, 44.8164715], [18.9541611, 44.816408], [18.9541415, 44.8163763], [18.9541164, 44.8163307], [18.9539123, 44.8160947], [18.9535238, 44.8157101], [18.9533449, 44.8155673], [18.9533114, 44.8155534], [18.9532834, 44.8155237], [18.9532806, 44.81549], [18.953152, 44.8150062], [18.9527523, 44.814562], [18.95273, 44.8145164], [18.952607, 44.8144252], [18.952498, 44.8142249], [18.9524896, 44.8141912], [18.9524924, 44.8141555], [18.9524924, 44.8141159], [18.9521905, 44.8137808], [18.9516231, 44.8133049], [18.951201, 44.8129083], [18.9511675, 44.8128448], [18.9511591, 44.8128091], [18.9511451, 44.8127715], [18.9511312, 44.8127378], [18.9511088, 44.812706], [18.9510836, 44.8126763], [18.9510557, 44.8126485], [18.9510305, 44.8126208], [18.9509746, 44.8125613], [18.9509523, 44.8125335], [18.9507314, 44.8123194], [18.9507091, 44.8122896], [18.9506839, 44.8122579], [18.9506588, 44.8122222], [18.9506364, 44.8121806], [18.9506168, 44.8121488], [18.9505973, 44.8121052], [18.9505637, 44.8120001], [18.9505554, 44.8119644], [18.9505386, 44.8119327], [18.9505218, 44.8119029], [18.9504827, 44.8118395], [18.9504575, 44.8118117], [18.9504352, 44.811782], [18.95041, 44.8117503], [18.9503876, 44.8117185], [18.9503653, 44.8116848], [18.9503485, 44.8116531], [18.9503373, 44.8116194], [18.9503317, 44.8115837], [18.9503289, 44.811548], [18.9503289, 44.8114726], [18.9503262, 44.811435], [18.9503262, 44.8114013], [18.9503234, 44.8113556], [18.9503234, 44.8113219], [18.950315, 44.8112862], [18.9503066, 44.8112525], [18.9502926, 44.8112208], [18.9502814, 44.8111891], [18.9502675, 44.8111534], [18.9502563, 44.8111177], [18.9502451, 44.811084], [18.9502395, 44.8110443], [18.9502367, 44.8110086], [18.9502395, 44.8109749], [18.9502451, 44.8109412], [18.9502563, 44.8109075], [18.9503178, 44.8107727], [18.9501668, 44.810503], [18.9499516, 44.8102035], [18.9495994, 44.8096086], [18.9494513, 44.8093608], [18.9494149, 44.8092517], [18.949387, 44.8088452], [18.9491913, 44.8084327], [18.9491801, 44.8083613], [18.9492388, 44.808284], [18.9492109, 44.8082165], [18.9491159, 44.8082384], [18.9489481, 44.8081332], [18.9488335, 44.8080857], [18.9487944, 44.8080619], [18.9486351, 44.8080222], [18.9472878, 44.8078477], [18.9464269, 44.8077446], [18.9460664, 44.807689], [18.9460719, 44.807574], [18.9461279, 44.8075244], [18.9463598, 44.8073598], [18.9466198, 44.8071695], [18.9468266, 44.8069474], [18.946944, 44.8067768], [18.9469664, 44.8067431], [18.946986, 44.8067094], [18.9470055, 44.8066777], [18.9470195, 44.8066439], [18.9470307, 44.8066102], [18.9470391, 44.8065765], [18.9470754, 44.8062929], [18.9471956, 44.806283], [18.9472739, 44.8061085], [18.9474639, 44.8057099], [18.9475869, 44.8054898], [18.947763, 44.8052676], [18.9479167, 44.8050673], [18.9479978, 44.8049226], [18.9480174, 44.8048194], [18.9480537, 44.8046806], [18.9482158, 44.804518], [18.9483891, 44.8043911], [18.9486547, 44.8042522], [18.9489565, 44.8040757], [18.9491746, 44.8039171], [18.9492836, 44.803804], [18.9493031, 44.8037069], [18.9493031, 44.8036732], [18.9492528, 44.8035204], [18.9491969, 44.8033737], [18.9491997, 44.8032428], [18.9492305, 44.8030722], [18.9492947, 44.802862], [18.9493339, 44.8027093], [18.9493059, 44.802509], [18.9491662, 44.8022869], [18.9489202, 44.8019894], [18.948895, 44.8019596], [18.9488671, 44.8019299], [18.9488475, 44.8018942], [18.9488391, 44.8018525], [18.9488363, 44.8018168], [18.9488308, 44.8017831], [18.9488391, 44.801559], [18.948663, 44.8011643], [18.9486351, 44.8007002], [18.9486491, 44.8004285], [18.9486071, 44.8002738], [18.9484506, 44.799772], [18.9482801, 44.7992841], [18.9481627, 44.7990084], [18.9481487, 44.7988696], [18.9480924, 44.7987924], [18.9480915, 44.7987564], [18.9480789, 44.7987228], [18.94809, 44.7986891], [18.9480928, 44.7986534], [18.9480928, 44.798586], [18.94809, 44.7985522], [18.9480789, 44.7985185], [18.9480006, 44.7983579], [18.9478273, 44.7981], [18.9478049, 44.7980703], [18.9477043, 44.7978957], [18.9476177, 44.7977331], [18.9476121, 44.7976538], [18.9476428, 44.7975605], [18.947777, 44.7974415], [18.94809, 44.797265], [18.9485652, 44.7970429], [18.9487749, 44.7969338], [18.9488335, 44.7968624], [18.9488615, 44.7967731], [18.9488503, 44.7966561], [18.9488168, 44.796543], [18.9486994, 44.7963367], [18.9485848, 44.7961146], [18.9485568, 44.7959599], [18.948568, 44.7957417], [18.9486267, 44.795343], [18.9486714, 44.7950832], [18.9486742, 44.7950494], [18.9486798, 44.7950157], [18.9486854, 44.79498], [18.948705, 44.7949463], [18.9487301, 44.7949146], [18.9487497, 44.7948828], [18.9487665, 44.7948511], [18.9489202, 44.7945516], [18.9489651, 44.7944273], [18.9488591, 44.7944171], [18.9485876, 44.7943889], [18.9485401, 44.7943889], [18.9484953, 44.794387], [18.9484506, 44.7943671], [18.9484199, 44.7943393], [18.9483947, 44.7943116], [18.9483751, 44.7942798], [18.9483528, 44.7942481], [18.9483304, 44.7942183], [18.9483164, 44.7941846], [18.9482633, 44.7941212], [18.9482018, 44.7940656], [18.9481599, 44.7940438], [18.9481152, 44.7940299], [18.9480705, 44.794024], [18.9479754, 44.794024], [18.9479307, 44.7940259], [18.947886, 44.7940299], [18.9478385, 44.7940418], [18.9477966, 44.7940537], [18.9477127, 44.7940815], [18.9476736, 44.7940954], [18.9476344, 44.7941132], [18.9475953, 44.7941331], [18.9475618, 44.7941569], [18.9475198, 44.7941747], [18.9474667, 44.7941826], [18.9473661, 44.7941826], [18.9472655, 44.7941668], [18.9472152, 44.7941569], [18.9471481, 44.7941469], [18.9470922, 44.794139], [18.9470447, 44.7941291], [18.9469832, 44.7941172], [18.9469356, 44.7941073], [18.9468825, 44.7940974], [18.9467875, 44.7940775], [18.9467428, 44.7940696], [18.9466981, 44.7940636], [18.9466477, 44.7940557], [18.9465863, 44.7940438], [18.9465192, 44.794024], [18.9464772, 44.7940061], [18.9464297, 44.7939803], [18.946385, 44.7939704], [18.9463375, 44.7939783], [18.9462956, 44.7939922], [18.9462564, 44.7940121], [18.9462229, 44.7940359], [18.9462005, 44.7940616], [18.9461838, 44.7940914], [18.9461698, 44.7941251], [18.9461614, 44.7941569], [18.9461586, 44.7941926], [18.946153, 44.7942263], [18.946153, 44.7943671], [18.9461558, 44.7944008], [18.9461558, 44.7944663], [18.946153, 44.7945], [18.9461474, 44.7945337], [18.9461362, 44.7945694], [18.9461139, 44.7945992], [18.9460887, 44.794625], [18.9460552, 44.7946488], [18.946016, 44.7946646], [18.9459741, 44.7946785], [18.9459238, 44.7946785], [18.9458791, 44.7946686], [18.9458483, 44.7946428], [18.9458232, 44.7946151], [18.9457896, 44.7945476], [18.9457729, 44.7945159], [18.9457533, 44.7944861], [18.945689, 44.7944365], [18.9456499, 44.7944167], [18.945608, 44.7944068], [18.9455604, 44.7943929], [18.9455185, 44.794381], [18.9454766, 44.7943671], [18.9454402, 44.7943493], [18.9454011, 44.7943235], [18.9453704, 44.7942997], [18.9453312, 44.7942679], [18.9452977, 44.7942422], [18.9452586, 44.7942183], [18.9451943, 44.7941826], [18.9451496, 44.7941688], [18.945102, 44.7941608], [18.9450517, 44.7941608], [18.945007, 44.7941628], [18.9449567, 44.7941707], [18.944912, 44.7941807], [18.94487, 44.7942005], [18.9448281, 44.7942302], [18.944789, 44.7942679], [18.9447694, 44.7942977], [18.9447498, 44.7943334], [18.9447275, 44.7943671], [18.9446967, 44.7944028], [18.944666, 44.7944306], [18.9446297, 44.7944524], [18.9445793, 44.7944762], [18.9445374, 44.794498], [18.9444955, 44.7945139], [18.9444452, 44.7945238], [18.9443921, 44.7945258], [18.9443446, 44.7945198], [18.944311, 44.794498], [18.9442887, 44.7944683], [18.9442803, 44.7944326], [18.9442775, 44.7943989], [18.9442803, 44.7943651], [18.9442859, 44.7943314], [18.9442887, 44.7942977], [18.9442998, 44.79426], [18.9443082, 44.7942243], [18.9443138, 44.7941866], [18.9443138, 44.7941529], [18.9443054, 44.7941132], [18.9442914, 44.7940795], [18.9442831, 44.7940458], [18.9442355, 44.7939783], [18.9440455, 44.793774], [18.9440203, 44.7937463], [18.9439868, 44.7937205], [18.9439029, 44.7936887], [18.943861, 44.7936768], [18.9438163, 44.7936709], [18.9437688, 44.7936689], [18.9437212, 44.7936689], [18.9436793, 44.7936768], [18.9436346, 44.7936868], [18.9435955, 44.7937026], [18.9435591, 44.7937205], [18.9434725, 44.79378], [18.9432377, 44.7939526], [18.9431958, 44.7939664], [18.943151, 44.7939684], [18.9431035, 44.7939565], [18.94307, 44.7939347], [18.9430364, 44.7939109], [18.9429079, 44.7937939], [18.9428659, 44.793774], [18.9428184, 44.7937681], [18.9427737, 44.7937701], [18.9423488, 44.7938454], [18.9423013, 44.7938554], [18.9422538, 44.7938573], [18.9422091, 44.7938514], [18.9421727, 44.7938335], [18.9421392, 44.7938058], [18.9421196, 44.793776], [18.9421112, 44.7937403], [18.9421001, 44.7936094], [18.9420386, 44.7933892], [18.9419407, 44.7931909], [18.9418177, 44.793056], [18.941787, 44.7930302], [18.9417618, 44.7930024], [18.9417423, 44.7929727], [18.9417311, 44.792935], [18.9417283, 44.7928973], [18.9417283, 44.7928636], [18.9417786, 44.7927267], [18.9418541, 44.7925779], [18.941882, 44.7924371], [18.9419575, 44.7921872], [18.9415326, 44.7919789], [18.9412755, 44.7917329], [18.9412447, 44.7917071], [18.9411246, 44.7915703], [18.9410994, 44.7915385], [18.9410435, 44.791477], [18.940954, 44.7913044], [18.9407835, 44.7909256], [18.9407584, 44.7908978], [18.9407221, 44.790876], [18.9406773, 44.7908561], [18.9401463, 44.7906875], [18.9401127, 44.7906617], [18.9400959, 44.79063], [18.9400903, 44.7905963], [18.9400428, 44.7902769], [18.9400344, 44.7902432], [18.9400149, 44.7902134], [18.9399674, 44.7901777], [18.9396459, 44.7899754], [18.9393133, 44.7897532], [18.9391288, 44.7896223], [18.9389248, 44.7894457], [18.9387934, 44.7892989], [18.9386341, 44.7890292], [18.938581, 44.7889081], [18.9385642, 44.7888328], [18.9385363, 44.7886999], [18.9384971, 44.7886423], [18.9384021, 44.7886007], [18.9383406, 44.7885689], [18.9382903, 44.7885054], [18.9382316, 44.7884142], [18.9381952, 44.7883864], [18.9380723, 44.7882773], [18.9379884, 44.7882357], [18.9379381, 44.7882218], [18.9378095, 44.7882059], [18.9376781, 44.7881781], [18.9375747, 44.7881365], [18.9375272, 44.7881166], [18.937326, 44.7880412], [18.937066, 44.7880194], [18.9370464, 44.7879877], [18.9370269, 44.7879579], [18.9370045, 44.7879262], [18.9369822, 44.7878964], [18.936957, 44.7878647], [18.9369374, 44.787833], [18.9369151, 44.7878012], [18.9367977, 44.7877], [18.9367641, 44.7876703], [18.9367362, 44.7876385], [18.9367082, 44.7876028], [18.9366887, 44.7875691], [18.9366859, 44.7875354], [18.9366915, 44.7874421], [18.9365769, 44.7873906], [18.9366076, 44.7873608], [18.9366328, 44.787333], [18.9366663, 44.7873053], [18.9366998, 44.7872815], [18.936739, 44.7872577], [18.9367837, 44.7872339], [18.9368256, 44.787212], [18.936971, 44.7871605], [18.9370213, 44.7871446], [18.937066, 44.7871307], [18.9372002, 44.7871128], [18.9372421, 44.787095], [18.9372812, 44.7870712], [18.9373036, 44.7870414], [18.9373176, 44.7870077], [18.9373176, 44.78697], [18.9373036, 44.7869363], [18.937284, 44.7869065], [18.9372477, 44.7868847], [18.937203, 44.7868827], [18.9371079, 44.7868907], [18.9370185, 44.7869105], [18.936971, 44.7869164], [18.9369207, 44.7869184], [18.9368731, 44.7869184], [18.9368284, 44.7869085], [18.9367949, 44.7868827], [18.9367781, 44.786851], [18.9367753, 44.7868153], [18.9367837, 44.7867796], [18.9368089, 44.7867498], [18.9368368, 44.786722], [18.9368731, 44.7866962], [18.9369123, 44.7866744], [18.9369542, 44.7866566], [18.9369989, 44.7866427], [18.9370297, 44.7866129], [18.9370409, 44.7865792], [18.9370492, 44.7865435], [18.9370548, 44.7865018], [18.9370744, 44.7864225], [18.937066, 44.7863848], [18.9370409, 44.786357], [18.9370017, 44.7863372], [18.9369542, 44.7863312], [18.9369123, 44.7863411], [18.9368703, 44.786359], [18.936834, 44.7863808], [18.9367641, 44.7864264], [18.9366915, 44.7864701], [18.9366551, 44.786486], [18.9366132, 44.7865038], [18.9365685, 44.7865058], [18.9365237, 44.7865038], [18.936479, 44.7864979], [18.9364371, 44.786486], [18.9364036, 44.7864622], [18.9363812, 44.7864324], [18.9363784, 44.7863987], [18.9364008, 44.7863689], [18.9364343, 44.7863372], [18.9364567, 44.7863074], [18.936493, 44.7862618], [18.9365126, 44.7862221], [18.9365182, 44.7861824], [18.9365293, 44.7861229], [18.9365293, 44.7860892], [18.9365237, 44.7860138], [18.9365182, 44.7859781], [18.9365126, 44.7859444], [18.9365042, 44.7859106], [18.9364902, 44.785871], [18.9364623, 44.785744], [18.9364623, 44.7856746], [18.9364734, 44.7856349], [18.9364902, 44.7856012], [18.9365182, 44.7855734], [18.9365545, 44.7855456], [18.9365852, 44.7855178], [18.9366132, 44.7854861], [18.9366384, 44.7854524], [18.9366607, 44.7854206], [18.9366831, 44.7853849], [18.936697, 44.7853492], [18.9367138, 44.7853155], [18.9367334, 44.7852838], [18.9367502, 44.785248], [18.9367725, 44.7852104], [18.9367949, 44.7851627], [18.9368089, 44.7851191], [18.93682, 44.7850854], [18.9368284, 44.7850477], [18.936834, 44.78501], [18.9368368, 44.7849763], [18.9368731, 44.7849326], [18.9369067, 44.7849048], [18.936943, 44.784881], [18.9369738, 44.7848513], [18.9369961, 44.7848215], [18.9370297, 44.784758], [18.9370409, 44.7847223], [18.9370576, 44.7846866], [18.9370772, 44.7846549], [18.9370995, 44.7846231], [18.9371191, 44.7845894], [18.9371303, 44.7845537], [18.9371303, 44.78452], [18.9371219, 44.7844843], [18.937094, 44.7844525], [18.9370464, 44.7844347], [18.9369961, 44.7844327], [18.9369542, 44.7844446], [18.9369123, 44.7844664], [18.9368815, 44.7844922], [18.9368536, 44.78452], [18.936834, 44.7845477], [18.936834, 44.7845795], [18.9368312, 44.7846112], [18.9368312, 44.7846826], [18.9368284, 44.7847144], [18.9368144, 44.7847461], [18.9367921, 44.7847779], [18.9367585, 44.7847997], [18.9367222, 44.7848156], [18.9366831, 44.7848294], [18.9366384, 44.7848433], [18.9365936, 44.7848533], [18.9365461, 44.7848552], [18.9364539, 44.7848552], [18.9364064, 44.7848493], [18.9363616, 44.7848394], [18.9363169, 44.7848215], [18.9362806, 44.7847997], [18.9362386, 44.7847838], [18.9361939, 44.7847719], [18.9361492, 44.784758], [18.9360989, 44.7847541], [18.9360486, 44.7847541], [18.9360011, 44.784758], [18.9359563, 44.784758], [18.9359088, 44.7847541], [18.9358697, 44.7847402], [18.9358389, 44.7847144], [18.9358334, 44.7846787], [18.9358166, 44.784633], [18.9358166, 44.7845973], [18.935825, 44.7845577], [18.9358417, 44.7845259], [18.9358669, 44.7844942], [18.9358948, 44.7844664], [18.935934, 44.7844466], [18.9359787, 44.7844247], [18.9360178, 44.7844069], [18.936057, 44.7843831], [18.9360933, 44.7843593], [18.9361268, 44.7843295], [18.9361744, 44.7843097], [18.9362191, 44.7842938], [18.9363197, 44.7842621], [18.9363588, 44.7842402], [18.9363812, 44.7842105], [18.9363868, 44.7841748], [18.9363812, 44.784141], [18.93637, 44.7841093], [18.9363365, 44.7840875], [18.9362918, 44.7840716], [18.9362442, 44.7840637], [18.9361967, 44.7840538], [18.9361492, 44.7840458], [18.9360598, 44.7840518], [18.9360066, 44.7840498], [18.9359535, 44.7840498], [18.9358976, 44.7840399], [18.9358557, 44.784026], [18.9358194, 44.7840061], [18.9357914, 44.7839803], [18.9357691, 44.7839486], [18.9357635, 44.7839149], [18.9357635, 44.7838792], [18.9357747, 44.7838454], [18.935797, 44.7838157], [18.9358306, 44.7837899], [18.9358725, 44.7837701], [18.93592, 44.7837502], [18.9359619, 44.7837343], [18.9360011, 44.7837145], [18.9360402, 44.7836907], [18.9360709, 44.7836609], [18.9360933, 44.7836312], [18.936124, 44.7836034], [18.9361632, 44.7835796], [18.9361995, 44.7835558], [18.9362722, 44.783534], [18.9363141, 44.7835181], [18.9363616, 44.7835042], [18.9364008, 44.7834864], [18.9364371, 44.7834586], [18.9364483, 44.7834249], [18.9364427, 44.7833891], [18.9364147, 44.7833614], [18.9363672, 44.7833514], [18.9363001, 44.7833514], [18.9362554, 44.7833554], [18.9362191, 44.7833713], [18.9361827, 44.7833911], [18.9361436, 44.7834129], [18.9360989, 44.7834328], [18.9360626, 44.7834506], [18.9360206, 44.7834685], [18.9359731, 44.7834804], [18.9359256, 44.7834864], [18.9358725, 44.7834903], [18.935825, 44.7834864], [18.9357774, 44.7834744], [18.9357271, 44.7834467], [18.9356936, 44.7834229], [18.935674, 44.7833931], [18.9356684, 44.7833554], [18.9356768, 44.7833197], [18.9356964, 44.783288], [18.9357299, 44.7832602], [18.9357663, 44.7832324], [18.9357914, 44.7832027], [18.9358082, 44.7831689], [18.9358138, 44.7831332], [18.9358138, 44.7830995], [18.935811, 44.7830658], [18.9358026, 44.783032], [18.9357886, 44.7829924], [18.9357607, 44.7829289], [18.9357271, 44.7828376], [18.9357048, 44.7828039], [18.9356712, 44.7827801], [18.9356265, 44.7827801], [18.9355846, 44.7827959], [18.9355566, 44.7828198], [18.9355343, 44.7828515], [18.9355091, 44.7828813], [18.9354923, 44.782911], [18.9354812, 44.7829467], [18.9354728, 44.7829824], [18.935456, 44.7830162], [18.9354309, 44.7830459], [18.9354085, 44.7830777], [18.9353833, 44.7831094], [18.9353554, 44.7831352], [18.9353162, 44.783157], [18.9352771, 44.7831769], [18.935238, 44.7831947], [18.9351541, 44.7832245], [18.9351122, 44.7832384], [18.9350647, 44.7832523], [18.93502, 44.7832642], [18.9349752, 44.7832741], [18.9349249, 44.783278], [18.9348746, 44.783278], [18.9347656, 44.7832741], [18.9347153, 44.7832642], [18.9346734, 44.7832503], [18.9346314, 44.7832344], [18.9345923, 44.7832146], [18.9345476, 44.7831927], [18.9345085, 44.7831669], [18.9344777, 44.7831431], [18.9344498, 44.7831134], [18.934419, 44.7830737], [18.9343939, 44.7830459], [18.9343715, 44.7830181], [18.9343463, 44.7829805], [18.9343268, 44.7829487], [18.9343016, 44.782917], [18.9342653, 44.7828436], [18.9342541, 44.7828118], [18.9342401, 44.7827761], [18.9342178, 44.7827146], [18.9342094, 44.7826769], [18.9342094, 44.7826412], [18.934201, 44.7826035], [18.934187, 44.7825718], [18.9341647, 44.782542], [18.9341339, 44.7825083], [18.9341004, 44.7824805], [18.9340612, 44.7824547], [18.9339718, 44.782421], [18.9339243, 44.7824011], [18.9338768, 44.7823714], [18.9338236, 44.7823297], [18.9337761, 44.7822603], [18.9337566, 44.7822285], [18.9337426, 44.7821948], [18.9337398, 44.7821591], [18.9337426, 44.7821214], [18.933751, 44.7820837], [18.9337761, 44.7820539], [18.9338153, 44.7820361], [18.93386, 44.7820222], [18.9339103, 44.7820063], [18.9340165, 44.7819746], [18.9340584, 44.7819607], [18.9341087, 44.7819409], [18.9341479, 44.781921], [18.9341814, 44.7818932], [18.934201, 44.7818615], [18.9342122, 44.7818258], [18.9342122, 44.7817921], [18.9342094, 44.7817564], [18.934201, 44.7817206], [18.9341842, 44.7816909], [18.9341619, 44.7816631], [18.9341227, 44.7816373], [18.9340836, 44.7816214], [18.9340389, 44.7816036], [18.9339914, 44.7815877], [18.9338795, 44.7815639], [18.933846, 44.7815877], [18.9338153, 44.7816155], [18.9337929, 44.7816413], [18.9337062, 44.7817345], [18.9335806, 44.7817132], [18.9333958, 44.7816945], [18.9331901, 44.7816561], [18.9329639, 44.7816183], [18.9327084, 44.7816155], [18.9323391, 44.7817133], [18.9316858, 44.781857], [18.9309047, 44.7820267], [18.9302728, 44.7822058], [18.929772, 44.7823841], [18.9294082, 44.7825847], [18.9290583, 44.7827962], [18.9288024, 44.7829337], [18.9287093, 44.7829706], [18.9283891, 44.7830798], [18.9281949, 44.7831341], [18.9276985, 44.7832593], [18.9270696, 44.7834246], [18.9266018, 44.783512], [18.9262679, 44.783517], [18.9259232, 44.783503], [18.9255249, 44.7834249], [18.9251196, 44.7833336], [18.9247522, 44.78324], [18.9245664, 44.7832013], [18.9245881, 44.7831029], [18.9245377, 44.7830886], [18.9244786, 44.7830724], [18.9244425, 44.7830591], [18.9244113, 44.7830406], [18.9243762, 44.7830209], [18.9243369, 44.7829904], [18.9243153, 44.7829687], [18.9242883, 44.7829387], [18.924323, 44.782915], [18.9243677, 44.7828932], [18.9244068, 44.7828753], [18.9244515, 44.7828574], [18.9244935, 44.7828396], [18.9245326, 44.7828178], [18.9245717, 44.7827979], [18.9246109, 44.7827801], [18.9246556, 44.7827622], [18.9247031, 44.7827463], [18.924759, 44.7827344], [18.9249379, 44.7826769], [18.924977, 44.7825976], [18.9250106, 44.7825559], [18.9250357, 44.7825261], [18.9250581, 44.7824964], [18.9250776, 44.7824626], [18.9250972, 44.7824269], [18.9251168, 44.7823892], [18.9251308, 44.7823575], [18.9251419, 44.7823218], [18.9251587, 44.7822504], [18.9251587, 44.7822146], [18.9251559, 44.782175], [18.9251503, 44.7821373], [18.9251475, 44.7821035], [18.9251559, 44.782044], [18.9251699, 44.7819924], [18.9251839, 44.7819528], [18.9251895, 44.7819151], [18.9251895, 44.781806], [18.9251923, 44.7817722], [18.9252006, 44.7817345], [18.9252146, 44.781679], [18.9252314, 44.7816393], [18.9252426, 44.7816036], [18.9252593, 44.7815679], [18.9253292, 44.7814826], [18.9253544, 44.7814548], [18.9253795, 44.7814211], [18.9253991, 44.7813913], [18.9254187, 44.7813556], [18.9254326, 44.7813238], [18.9254354, 44.7812901], [18.9254354, 44.781181], [18.9254382, 44.7811473], [18.9254466, 44.7811096], [18.9254606, 44.7810758], [18.9254774, 44.7810421], [18.9254969, 44.7810104], [18.9255193, 44.7809747], [18.9255472, 44.7809429], [18.9255724, 44.7809151], [18.9256143, 44.7808774], [18.9256367, 44.7808457], [18.9256562, 44.780814], [18.925673, 44.7807743], [18.9256814, 44.7807286], [18.925687, 44.7806949], [18.9256674, 44.7806175], [18.9256227, 44.7806294], [18.9255724, 44.7806294], [18.9255249, 44.7806275], [18.9254857, 44.7806076], [18.9254606, 44.7805779], [18.9254578, 44.7805441], [18.9254634, 44.7805084], [18.9254718, 44.7804747], [18.9254829, 44.780441], [18.9255053, 44.7804112], [18.9255361, 44.7803695], [18.925564, 44.7803378], [18.9256115, 44.7802743], [18.9256311, 44.7802406], [18.9256479, 44.7802049], [18.9256451, 44.7801711], [18.9256367, 44.7801374], [18.9256199, 44.7801057], [18.9255752, 44.7800719], [18.9254802, 44.7797684], [18.9254634, 44.7795958], [18.9254382, 44.7795104], [18.9254802, 44.7794926], [18.9255109, 44.7794668], [18.9255305, 44.7794351], [18.9255472, 44.7794033], [18.925564, 44.7793696], [18.9255864, 44.7793378], [18.9256171, 44.7793101], [18.9256479, 44.7792843], [18.9256842, 44.7792585], [18.9257177, 44.7792287], [18.9257457, 44.779195], [18.9257708, 44.7791652], [18.925905, 44.7790422], [18.9258379, 44.7789946], [18.9257764, 44.778943], [18.9257373, 44.7788795], [18.9256926, 44.7787446], [18.925659, 44.7786851], [18.9255864, 44.7786414], [18.9255193, 44.7785938], [18.9254802, 44.7785343], [18.9254522, 44.7784708], [18.9254019, 44.7784113], [18.9253404, 44.7783597], [18.9252733, 44.7783121], [18.9252118, 44.7782644], [18.9251671, 44.7782049], [18.9251559, 44.7781375], [18.9251559, 44.778066], [18.9250553, 44.7777168], [18.9246584, 44.7768359], [18.9245969, 44.7765343], [18.9243565, 44.7758121], [18.9242335, 44.7756771], [18.9240658, 44.7750501], [18.924049, 44.7748438], [18.9239652, 44.7747366], [18.9239596, 44.7746493], [18.9239372, 44.7745699], [18.9237304, 44.7738675], [18.9236913, 44.773808], [18.9235403, 44.7736413], [18.9235124, 44.7735739], [18.9235403, 44.7735064], [18.9235459, 44.773435], [18.9235124, 44.7732841], [18.92349, 44.7732207], [18.9234621, 44.7731492], [18.923395, 44.7730143], [18.9233773, 44.7730041], [18.9233055, 44.7728476], [18.923272, 44.7727762], [18.9232273, 44.7727127], [18.9231881, 44.7726531], [18.9231378, 44.7725897], [18.9230931, 44.7725222], [18.9229869, 44.7723317], [18.9229701, 44.7722642], [18.922903, 44.7721293], [18.9228471, 44.7720698], [18.9227856, 44.7720063], [18.9227297, 44.7719507], [18.9226626, 44.7719031], [18.9225956, 44.7718515], [18.9224949, 44.7717324], [18.9224614, 44.771665], [18.9224558, 44.7715896], [18.922467, 44.7714546], [18.9224614, 44.7713832], [18.9224446, 44.7713118], [18.9224334, 44.7711133], [18.9224302, 44.7709903], [18.9225469, 44.7706913], [18.9227328, 44.770369], [18.9227975, 44.7702456], [18.9228437, 44.7701082], [18.922857, 44.7700577], [18.9229422, 44.7700398], [18.9231375, 44.7698179], [18.9233105, 44.7695739], [18.9234812, 44.7692894], [18.9237505, 44.7690408], [18.9236914, 44.7690143], [18.9236301, 44.7689739], [18.9235425, 44.7689195], [18.9233893, 44.7687688], [18.9230675, 44.7682108], [18.9230368, 44.7681471], [18.9230653, 44.7680725], [18.923085, 44.7680072], [18.9230806, 44.7678984], [18.9230697, 44.7678114], [18.9230105, 44.7676699], [18.9229164, 44.7675751], [18.9225421, 44.7671384], [18.922483, 44.7671524], [18.9223494, 44.7668508], [18.9221086, 44.7666534], [18.9218722, 44.7663675], [18.9220911, 44.7663441], [18.9223888, 44.7664343], [18.92275, 44.7664545], [18.9228332, 44.7663022], [18.9228945, 44.7659447], [18.9229405, 44.7655888], [18.922993, 44.7654116], [18.9228836, 44.7653727], [18.9225968, 44.7653183], [18.9222662, 44.7652437], [18.921292, 44.7648722], [18.9212811, 44.7646826]]]}}]}