{"type":"FeatureCollection","features":[{"type":"Feature","properties":{"buffer_km":2.0,"note":"nearby band: within buffer_km of the municipality"},"geometry":{"type":"Polygon","coordinates":[[[15.71642,45.05735],[15.7158,45.06114],[15.71585,45.06289],[15.71614,45.06462],[15.71666,45.06633],[15.71741,45.06799],[15.71839,45.0696],[15.71974,45.07134],[15.72118,45.07282],[15.72326,45.0745],[15.72561,45.07599],[15.72821,45.07727],[15.73136,45.07843],[15.7338,45.0798],[15.73719,45.08127],[15.73983,45.08318],[15.74399,45.08542],[15.7434,45.08833],[15.74346,45.09132],[15.74407,45.09396],[15.7454,45.09726],[15.74736,45.10078],[15.74914,45.10311],[15.75179,45.10558],[15.75486,45.10778],[15.75746,45.11335],[15.75848,45.11496],[15.75951,45.11625],[15.75629,45.12012],[15.75456,45.12283],[15.75358,45.12479],[15.75292,45.12659],[15.75245,45.12854],[15.75227,45.13156],[15.75121,45.13341],[15.75051,45.13511],[15.7495,45.13983],[15.74748,45.14211],[15.74546,45.14521],[15.74453,45.14734],[15.74398,45.14947],[15.74288,45.1518],[15.74209,45.15444],[15.74087,45.15636],[15.73992,45.15847],[15.73944,45.16021],[15.7392,45.16197],[15.73926,45.16679],[15.73966,45.1694],[15.7404,45.17154],[15.7415,45.17359],[15.74334,45.17598],[15.74424,45.17773],[15.74564,45.17972],[15.74778,45.18194],[15.75114,45.18458],[15.75158,45.18702],[15.7525,45.18958],[15.75367,45.19166],[15.75554,45.194],[15.75974,45.19771],[15.7616,45.19909],[15.76375,45.20183],[15.76523,45.20324],[15.7669,45.20454],[15.77269,45.20809],[15.77694,45.21023],[15.77975,45.21141],[15.78082,45.2144],[15.78229,45.21686],[15.78427,45.21914],[15.78692,45.22134],[15.79021,45.22335],[15.79394,45.22493],[15.79622,45.22563],[15.7986,45.22617],[15.80198,45.22719],[15.80525,45.22784],[15.8065,45.22922],[15.80803,45.2306],[15.81115,45.23274],[15.81473,45.23447],[15.81874,45.23578],[15.82204,45.23797],[15.82515,45.23952],[15.82802,45.2406],[15.83033,45.24127],[15.83717,45.2426],[15.84033,45.2429],[15.8444,45.24301],[15.84844,45.2428],[15.85161,45.2424],[15.85409,45.24188],[15.85812,45.24076],[15.86135,45.2395],[15.86413,45.23802],[15.86463,45.23805],[15.86908,45.23866],[15.87202,45.24049],[15.87455,45.2424],[15.87697,45.24379],[15.88073,45.24537],[15.88481,45.24647],[15.88724,45.24687],[15.89033,45.24719],[15.89494,45.24729],[15.89927,45.24696],[15.90349,45.24615],[15.90552,45.2469],[15.90786,45.24758],[15.91338,45.24864],[15.9171,45.24905],[15.92086,45.24907],[15.92397,45.24878],[15.92909,45.24792],[15.93257,45.24693],[15.93581,45.24558],[15.93873,45.24392],[15.94088,45.24231],[15.94273,45.24053],[15.94461,45.23811],[15.94587,45.23689],[15.94829,45.23764],[15.95047,45.23814],[15.95287,45.2402],[15.9564,45.2426],[15.95888,45.24391],[15.96213,45.24518],[15.96788,45.24694],[15.97143,45.24771],[15.97511,45.24812],[15.97944,45.24811],[15.9819,45.24787],[15.98585,45.24727],[15.99002,45.24629],[15.99336,45.24505],[15.99738,45.24303],[15.99978,45.24162],[16.00208,45.23996],[16.00624,45.23938],[16.00863,45.23888],[16.01206,45.23783],[16.0149,45.23661],[16.01723,45.23626],[16.02236,45.23515],[16.02585,45.23417],[16.02804,45.23332],[16.03011,45.23231],[16.03203,45.23117],[16.03418,45.22957],[16.0357,45.22816],[16.03731,45.22626],[16.03887,45.22371],[16.04057,45.21986],[16.04227,45.21814],[16.04347,45.21659],[16.04691,45.21485],[16.0496,45.21298],[16.05187,45.21085],[16.05367,45.20851],[16.05512,45.20557],[16.05584,45.2025],[16.0558,45.19939],[16.05505,45.19648],[16.0604,45.1947],[16.0636,45.19331],[16.06692,45.19128],[16.0697,45.18889],[16.0713,45.18699],[16.07257,45.18497],[16.07361,45.18242],[16.07409,45.18003],[16.07529,45.17818],[16.07609,45.17651],[16.07692,45.17349],[16.07702,45.17055],[16.07935,45.16882],[16.08529,45.16347],[16.08709,45.16204],[16.09173,45.15743],[16.09524,45.15553],[16.09699,45.15428],[16.09857,45.15292],[16.09994,45.15145],[16.10166,45.14901],[16.10444,45.14575],[16.10605,45.14313],[16.10872,45.13965],[16.11028,45.13675],[16.11084,45.13502],[16.11117,45.13326],[16.11122,45.13105],[16.11084,45.12866],[16.11171,45.1214],[16.11164,45.11963],[16.1114,45.11813],[16.11348,45.11683],[16.11559,45.11517],[16.11927,45.11333],[16.12207,45.11135],[16.12509,45.11106],[16.1276,45.11061],[16.13093,45.10984],[16.13493,45.10863],[16.13946,45.10881],[16.14194,45.10867],[16.14438,45.10835],[16.14794,45.10757],[16.1513,45.10642],[16.15389,45.10521],[16.15625,45.10379],[16.15835,45.10217],[16.15985,45.10072],[16.16273,45.10018],[16.1657,45.09934],[16.16865,45.09822],[16.17123,45.09696],[16.17358,45.09548],[16.17796,45.09214],[16.18075,45.09046],[16.18274,45.08891],[16.18657,45.08737],[16.18997,45.0854],[16.19208,45.08375],[16.19439,45.08142],[16.19638,45.07882],[16.19799,45.07615],[16.19867,45.07446],[16.19919,45.07229],[16.19933,45.07054],[16.19923,45.06875],[16.2003,45.06619],[16.20086,45.06314],[16.20195,45.0606],[16.20502,45.05835],[16.20741,45.05609],[16.20893,45.05418],[16.21108,45.05061],[16.21356,45.05033],[16.21617,45.04986],[16.22022,45.04875],[16.22306,45.04762],[16.2255,45.04642],[16.23071,45.04292],[16.23803,45.04144],[16.24035,45.04073],[16.24256,45.03987],[16.24513,45.03858],[16.24746,45.03708],[16.24951,45.03538],[16.25146,45.03325],[16.2545,45.03407],[16.25869,45.03489],[16.26184,45.03526],[16.2644,45.03535],[16.26695,45.03526],[16.27186,45.03483],[16.27652,45.03407],[16.27995,45.03313],[16.28316,45.03185],[16.28685,45.02994],[16.29078,45.02742],[16.29351,45.02508],[16.29706,45.02387],[16.30014,45.02237],[16.30289,45.02057],[16.30504,45.01869],[16.30726,45.01872],[16.3103,45.01856],[16.31258,45.0192],[16.31525,45.01975],[16.32042,45.02028],[16.32419,45.02039],[16.33074,45.02008],[16.33115,45.02165],[16.33189,45.02348],[16.33108,45.0254],[16.33043,45.02779],[16.33014,45.0298],[16.33013,45.03183],[16.33073,45.03512],[16.3314,45.03685],[16.33217,45.03829],[16.33359,45.04034],[16.33545,45.04236],[16.33778,45.04606],[16.34024,45.04884],[16.34164,45.05081],[16.34295,45.05229],[16.34571,45.05463],[16.34898,45.05661],[16.35069,45.05838],[16.35224,45.06023],[16.35445,45.06241],[16.35654,45.06411],[16.35852,45.06538],[16.35899,45.06729],[16.3597,45.06916],[16.36122,45.07185],[16.36051,45.07556],[16.36044,45.08017],[16.36086,45.08297],[16.3619,45.08638],[16.36306,45.0889],[16.36516,45.0919],[16.36714,45.09401],[16.36984,45.09616],[16.36995,45.09667],[16.36836,45.09969],[16.36756,45.10189],[16.36711,45.10441],[16.36711,45.10667],[16.36779,45.11048],[16.36977,45.11706],[16.37069,45.11912],[16.37224,45.12147],[16.37443,45.1239],[16.37718,45.12616],[16.37964,45.1277],[16.38196,45.12891],[16.38474,45.13073],[16.38781,45.13235],[16.39166,45.13388],[16.39373,45.13491],[16.39779,45.13654],[16.40299,45.13812],[16.40737,45.13906],[16.41339,45.14004],[16.41719,45.14046],[16.4205,45.14112],[16.42188,45.14257],[16.42372,45.14419],[16.42581,45.14579],[16.42827,45.1474],[16.4302,45.14844],[16.4321,45.14928],[16.43367,45.15028],[16.43566,45.15132],[16.43866,45.15268],[16.44258,45.15419],[16.44338,45.15618],[16.44427,45.15782],[16.44616,45.16029],[16.44679,45.16176],[16.44774,45.16341],[16.45024,45.16669],[16.44969,45.16964],[16.4498,45.17249],[16.44873,45.17571],[16.44813,45.17978],[16.4482,45.18156],[16.44852,45.18358],[16.44967,45.18716],[16.45149,45.19068],[16.45357,45.19332],[16.45914,45.19846],[16.46224,45.20072],[16.46312,45.20238],[16.46467,45.20459],[16.46504,45.20767],[16.46595,45.21098],[16.46744,45.21425],[16.46873,45.2163],[16.47299,45.22117],[16.47498,45.22283],[16.47722,45.22436],[16.47904,45.22542],[16.48168,45.22668],[16.48386,45.22752],[16.48607,45.22819],[16.48767,45.22909],[16.4917,45.2318],[16.49915,45.23569],[16.5027,45.23712],[16.50599,45.23871],[16.50864,45.23971],[16.51857,45.24286],[16.52228,45.24381],[16.52515,45.24433],[16.53034,45.24487],[16.53409,45.24501],[16.53778,45.24489],[16.54107,45.24452],[16.54497,45.24384],[16.54897,45.24283],[16.55411,45.24096],[16.5573,45.23935],[16.55972,45.23979],[16.56284,45.24012],[16.56826,45.24032],[16.57196,45.24031],[16.57568,45.24308],[16.57799,45.24453],[16.5818,45.24634],[16.58533,45.2476],[16.58935,45.24862],[16.59313,45.24916],[16.59774,45.24939],[16.6014,45.24922],[16.60376,45.24893],[16.60608,45.2485],[16.61334,45.24666],[16.61724,45.24522],[16.62025,45.24396],[16.62389,45.24207],[16.62797,45.24073],[16.63109,45.23953],[16.63363,45.2383],[16.63688,45.23634],[16.64001,45.23394],[16.64288,45.2313],[16.64649,45.23047],[16.64987,45.22928],[16.65346,45.22762],[16.65718,45.2254],[16.65992,45.22524],[16.66374,45.22481],[16.66788,45.22396],[16.67176,45.22262],[16.67585,45.22079],[16.67762,45.21987],[16.68194,45.21963],[16.68666,45.21895],[16.69029,45.21807],[16.69403,45.21674],[16.6967,45.21809],[16.70152,45.21999],[16.70587,45.22132],[16.70881,45.22201],[16.71186,45.22243],[16.7163,45.22273],[16.71873,45.22357],[16.72109,45.22419],[16.72435,45.22483],[16.72698,45.22517],[16.73202,45.2254],[16.73682,45.22506],[16.74014,45.2245],[16.74363,45.22368],[16.74579,45.223],[16.74882,45.22182],[16.75114,45.22145],[16.75364,45.22131],[16.75603,45.22101],[16.76221,45.21982],[16.76451,45.21923],[16.76727,45.21829],[16.77618,45.21455],[16.78142,45.21205],[16.78498,45.20993],[16.78615,45.20943],[16.79834,45.20658],[16.80649,45.20405],[16.81037,45.20354],[16.81437,45.20269],[16.81197,45.20565],[16.81058,45.20815],[16.80963,45.21103],[16.80888,45.2155],[16.80893,45.21807],[16.8095,45.22061],[16.81071,45.22382],[16.81243,45.22666],[16.81407,45.22853],[16.81645,45.23058],[16.81922,45.23236],[16.82234,45.23383],[16.82674,45.23555],[16.83075,45.23667],[16.83673,45.23778],[16.84044,45.23813],[16.84266,45.24084],[16.84477,45.24281],[16.84614,45.24389],[16.84665,45.2457],[16.84737,45.24741],[16.84832,45.24907],[16.84968,45.25092],[16.85381,45.25501],[16.85676,45.25719],[16.85756,45.26066],[16.85917,45.26393],[16.86099,45.26636],[16.86389,45.26908],[16.86639,45.27082],[16.8696,45.27258],[16.87293,45.27398],[16.87677,45.27512],[16.87981,45.27572],[16.88346,45.27614],[16.89031,45.27628],[16.89384,45.27616],[16.89481,45.27821],[16.89659,45.28094],[16.89817,45.28281],[16.90042,45.28496],[16.90299,45.28697],[16.90553,45.28859],[16.90872,45.29024],[16.91127,45.2913],[16.9155,45.2926],[16.92103,45.29368],[16.92461,45.2941],[16.9283,45.29436],[16.93233,45.29438],[16.93511,45.2942],[16.93805,45.29386],[16.94062,45.29343],[16.94358,45.29274],[16.948,45.29136],[16.95269,45.28924],[16.95506,45.28782],[16.9572,45.28627],[16.95915,45.28455],[16.96062,45.28296],[16.96197,45.28115],[16.96301,45.27938],[16.96394,45.27719],[16.96455,45.27486],[16.96876,45.27247],[16.9712,45.27079],[16.97294,45.26938],[16.97752,45.26891],[16.98178,45.26806],[16.98649,45.26664],[16.99088,45.26474],[16.99462,45.26267],[16.99834,45.26015],[17.00055,45.25849],[17.00296,45.25636],[17.00604,45.2567],[17.0091,45.25681],[17.01281,45.25667],[17.01639,45.25621],[17.01907,45.25565],[17.02337,45.2544],[17.02849,45.25343],[17.03083,45.25285],[17.03445,45.25166],[17.03744,45.25031],[17.04039,45.24854],[17.04281,45.24662],[17.04457,45.24481],[17.04616,45.24261],[17.04988,45.24134],[17.05341,45.23957],[17.05778,45.23662],[17.05938,45.23528],[17.06078,45.23383],[17.0625,45.23149],[17.06387,45.22858],[17.06441,45.22642],[17.06461,45.22388],[17.06594,45.21935],[17.06651,45.21684],[17.07099,45.21602],[17.07382,45.21527],[17.07704,45.21408],[17.08015,45.21253],[17.08302,45.21073],[17.08529,45.2089],[17.08723,45.20698],[17.08985,45.20361],[17.09102,45.20308],[17.09577,45.20106],[17.10054,45.19934],[17.10597,45.19697],[17.10892,45.19588],[17.11188,45.1951],[17.11974,45.1936],[17.12281,45.19269],[17.12578,45.19157],[17.12941,45.18998],[17.13227,45.18849],[17.14151,45.1827],[17.15195,45.17973],[17.15924,45.17706],[17.1622,45.17563],[17.16592,45.1736],[17.17662,45.16731],[17.17819,45.16667],[17.18407,45.1647],[17.18537,45.16449],[17.19183,45.16614],[17.19604,45.16689],[17.19964,45.16726],[17.20223,45.16738],[17.20791,45.16717],[17.21275,45.16648],[17.21578,45.16578],[17.22205,45.16391],[17.22942,45.16476],[17.23296,45.16498],[17.2342,45.16783],[17.23505,45.17113],[17.23712,45.17694],[17.2403,45.18362],[17.24244,45.18721],[17.24322,45.18889],[17.24594,45.19369],[17.24781,45.19642],[17.24937,45.19823],[17.25159,45.2003],[17.2543,45.20229],[17.25719,45.2039],[17.25983,45.205],[17.26297,45.20603],[17.2674,45.20701],[17.27115,45.20739],[17.2746,45.20741],[17.27842,45.20713],[17.28214,45.20644],[17.28572,45.20541],[17.28939,45.20386],[17.29255,45.20209],[17.29506,45.20021],[17.29774,45.19748],[17.30016,45.19434],[17.30421,45.19482],[17.30746,45.19499],[17.31054,45.19491],[17.31387,45.19459],[17.31682,45.19405],[17.31965,45.19327],[17.323,45.19199],[17.32548,45.19075],[17.32774,45.18932],[17.33033,45.18722],[17.33222,45.18526],[17.33368,45.1834],[17.33686,45.1828],[17.33933,45.18216],[17.34221,45.18118],[17.34426,45.1803],[17.34679,45.17893],[17.3489,45.17756],[17.35106,45.17584],[17.35289,45.17405],[17.3544,45.17217],[17.35558,45.17018],[17.35627,45.16852],[17.35687,45.16624],[17.35711,45.16441],[17.35708,45.16258],[17.35666,45.16009],[17.35611,45.1583],[17.35763,45.15753],[17.35944,45.15711],[17.36477,45.1561],[17.3692,45.15544],[17.37188,45.15527],[17.38137,45.15522],[17.38394,45.15541],[17.38717,45.15546],[17.39113,45.15525],[17.39721,45.15435],[17.40523,45.15257],[17.40667,45.15237],[17.41056,45.15504],[17.41106,45.15809],[17.41205,45.16152],[17.41306,45.16364],[17.41472,45.16622],[17.41601,45.16776],[17.41778,45.16945],[17.42133,45.17218],[17.42314,45.17331],[17.42644,45.17503],[17.42931,45.17622],[17.43159,45.17695],[17.43457,45.17763],[17.44072,45.17854],[17.44312,45.17876],[17.44555,45.17882],[17.44857,45.17867],[17.45362,45.17806],[17.45668,45.1774],[17.46029,45.17632],[17.46248,45.17551],[17.46504,45.1743],[17.47032,45.17095],[17.47204,45.16964],[17.47357,45.16821],[17.47489,45.16668],[17.476,45.16507],[17.47844,45.15971],[17.47976,45.15471],[17.48369,45.15535],[17.48743,45.15557],[17.49062,45.15548],[17.49439,45.15507],[17.49844,45.15424],[17.5013,45.15338],[17.50491,45.1519],[17.50742,45.15056],[17.50979,45.14894],[17.51169,45.14735],[17.51333,45.14567],[17.515,45.1436],[17.51608,45.14191],[17.51713,45.13972],[17.51835,45.13581],[17.51977,45.13736],[17.52168,45.13909],[17.52506,45.14158],[17.5294,45.144],[17.53336,45.14558],[17.53743,45.14675],[17.54215,45.14757],[17.54751,45.14793],[17.55224,45.14773],[17.5571,45.14699],[17.56006,45.14628],[17.56439,45.14477],[17.56708,45.14353],[17.57012,45.14178],[17.57326,45.1395],[17.57548,45.13737],[17.57806,45.13424],[17.58057,45.13413],[17.58294,45.13387],[17.58611,45.13328],[17.58821,45.13276],[17.59399,45.13089],[17.59683,45.12967],[17.59893,45.12856],[17.60114,45.12936],[17.60423,45.13027],[17.60843,45.13109],[17.61181,45.13387],[17.61656,45.13691],[17.62574,45.14187],[17.63073,45.14416],[17.63489,45.14589],[17.64041,45.14782],[17.64534,45.14927],[17.64965,45.15032],[17.654,45.15119],[17.65634,45.15152],[17.66001,45.15189],[17.66508,45.15211],[17.67044,45.15183],[17.67363,45.15146],[17.67806,45.15058],[17.683,45.14924],[17.68685,45.14795],[17.69144,45.14592],[17.69538,45.14354],[17.70177,45.13861],[17.70433,45.13632],[17.70761,45.13261],[17.71256,45.13195],[17.71529,45.1314],[17.71841,45.1306],[17.72361,45.12878],[17.72943,45.12633],[17.73251,45.12472],[17.73712,45.12185],[17.73876,45.12062],[17.7423,45.1176],[17.74605,45.11495],[17.7487,45.11369],[17.75361,45.11163],[17.76198,45.1073],[17.76466,45.10557],[17.76823,45.10273],[17.7725,45.1029],[17.77602,45.10283],[17.77996,45.10259],[17.78556,45.10192],[17.78856,45.10128],[17.79318,45.09995],[17.79654,45.09868],[17.79984,45.09714],[17.80325,45.09514],[17.80676,45.09257],[17.81072,45.08868],[17.81409,45.08446],[17.81704,45.08197],[17.82034,45.07951],[17.82285,45.07707],[17.82353,45.07659],[17.82788,45.07425],[17.8336,45.07061],[17.84105,45.06628],[17.84581,45.06398],[17.84837,45.06303],[17.85276,45.06209],[17.85722,45.0623],[17.85955,45.06293],[17.86766,45.06693],[17.87209,45.0686],[17.87682,45.0702],[17.88494,45.07348],[17.88842,45.07587],[17.89565,45.08141],[17.90002,45.08457],[17.90444,45.08759],[17.90705,45.08914],[17.9054,45.09305],[17.90479,45.09563],[17.90443,45.09821],[17.90428,45.10039],[17.90435,45.10222],[17.90534,45.10675],[17.90612,45.10916],[17.90705,45.11125],[17.90907,45.11455],[17.91216,45.11818],[17.91566,45.12114],[17.92001,45.12388],[17.92342,45.12559],[17.92601,45.12663],[17.92966,45.12772],[17.93503,45.12882],[17.93923,45.12934],[17.94321,45.12956],[17.95037,45.12961],[17.95085,45.13429],[17.95144,45.13708],[17.95261,45.14015],[17.95378,45.14228],[17.95625,45.14574],[17.95998,45.14983],[17.96539,45.15486],[17.96877,45.15756],[17.97158,45.15939],[17.97541,45.16148],[17.98109,45.16411],[17.98399,45.16516],[17.99178,45.16725],[17.9961,45.16825],[18.00263,45.16921],[18.00757,45.16964],[18.01203,45.16969],[18.01702,45.16933],[18.02139,45.16858],[18.02445,45.16784],[18.02667,45.16716],[18.03134,45.16534],[18.03504,45.16343],[18.03737,45.16188],[18.04115,45.15875],[18.04644,45.15994],[18.05318,45.16094],[18.05889,45.16141],[18.06498,45.16123],[18.07035,45.16061],[18.07392,45.15989],[18.07663,45.15916],[18.0794,45.15824],[18.08358,45.15654],[18.08769,45.15443],[18.09138,45.15192],[18.09505,45.14849],[18.09735,45.1456],[18.09837,45.14396],[18.10041,45.13975],[18.1033,45.13515],[18.10753,45.12964],[18.10888,45.12735],[18.11016,45.1245],[18.11098,45.12134],[18.11124,45.11876],[18.1109,45.11556],[18.11007,45.11272],[18.11441,45.1098],[18.11799,45.10691],[18.12216,45.10248],[18.12366,45.10047],[18.12636,45.10131],[18.13114,45.10252],[18.13694,45.10347],[18.14312,45.10385],[18.14911,45.1036],[18.15592,45.10264],[18.15837,45.10203],[18.1615,45.10107],[18.16705,45.09899],[18.17386,45.09581],[18.17486,45.09541],[18.17677,45.09497],[18.18262,45.09471],[18.18607,45.09486],[18.18724,45.09519],[18.18804,45.09558],[18.19105,45.09734],[18.18898,45.09975],[18.18707,45.10232],[18.18579,45.10459],[18.18505,45.10625],[18.18439,45.10829],[18.1832,45.11393],[18.18297,45.1159],[18.18296,45.11816],[18.18326,45.12059],[18.18405,45.12365],[18.18533,45.12688],[18.18646,45.1291],[18.18775,45.13107],[18.18953,45.13328],[18.19312,45.13661],[18.19812,45.14014],[18.20363,45.1433],[18.20767,45.14518],[18.21363,45.14763],[18.21773,45.14947],[18.22491,45.15226],[18.23213,45.15428],[18.23647,45.15524],[18.24656,45.15677],[18.24925,45.15706],[18.25415,45.15734],[18.25805,45.15739],[18.2626,45.15725],[18.26573,45.15696],[18.26984,45.15636],[18.27489,45.15529],[18.27822,45.15445],[18.2818,45.15332],[18.28438,45.15227],[18.288,45.15043],[18.29165,45.14817],[18.29453,45.14596],[18.29619,45.14449],[18.2983,45.14229],[18.30052,45.13935],[18.30184,45.13706],[18.30317,45.13378],[18.30803,45.13357],[18.31259,45.13296],[18.31722,45.1318],[18.32139,45.13018],[18.32483,45.12837],[18.32764,45.12643],[18.33078,45.12357],[18.33323,45.12057],[18.34919,45.12223],[18.36375,45.12389],[18.36746,45.12445],[18.37293,45.12482],[18.38014,45.12487],[18.38257,45.12499],[18.38749,45.12575],[18.39377,45.12721],[18.39705,45.1278],[18.40063,45.12823],[18.40558,45.12857],[18.41195,45.12852],[18.41972,45.12786],[18.42553,45.12691],[18.42987,45.12595],[18.43214,45.12532],[18.43809,45.12308],[18.44342,45.12064],[18.44771,45.11827],[18.45049,45.11635],[18.45615,45.11143],[18.46112,45.10538],[18.46208,45.10372],[18.46388,45.09976],[18.46442,45.09799],[18.46512,45.09453],[18.47024,45.09252],[18.47529,45.08999],[18.47732,45.08879],[18.48295,45.08462],[18.48438,45.08323],[18.48754,45.07965],[18.4929,45.0797],[18.49843,45.07925],[18.50346,45.07835],[18.50856,45.0768],[18.50691,45.07893],[18.5056,45.08139],[18.5049,45.08353],[18.50417,45.08778],[18.50424,45.09002],[18.5047,45.09224],[18.50577,45.09482],[18.50706,45.09687],[18.50835,45.09842],[18.51098,45.10109],[18.5131,45.10272],[18.51498,45.10388],[18.52225,45.10773],[18.52441,45.10871],[18.5273,45.10971],[18.53105,45.11079],[18.5334,45.11134],[18.53642,45.11179],[18.53888,45.11196],[18.54622,45.11186],[18.54866,45.11165],[18.55105,45.11128],[18.55339,45.11074],[18.5558,45.11],[18.56057,45.1117],[18.56291,45.11229],[18.56533,45.11272],[18.5704,45.11315],[18.57461,45.11319],[18.57719,45.11307],[18.58162,45.11243],[18.5927,45.10979],[18.59669,45.1083],[18.60196,45.10562],[18.60397,45.10744],[18.60617,45.10897],[18.60954,45.11078],[18.61162,45.11173],[18.61381,45.11253],[18.61669,45.11331],[18.61968,45.11384],[18.623,45.11417],[18.62605,45.11428],[18.62909,45.11414],[18.63336,45.11356],[18.63644,45.11291],[18.6409,45.11158],[18.64319,45.11073],[18.64535,45.10972],[18.64937,45.10743],[18.65354,45.10947],[18.65638,45.11057],[18.66126,45.11189],[18.66441,45.11245],[18.66922,45.11285],[18.67457,45.1129],[18.67828,45.11256],[18.68274,45.11167],[18.685,45.11109],[18.68718,45.11036],[18.69212,45.10807],[18.69396,45.10703],[18.6973,45.10484],[18.69969,45.10294],[18.70468,45.09751],[18.70593,45.09594],[18.70899,45.0913],[18.71206,45.08524],[18.71288,45.08233],[18.71327,45.07841],[18.71308,45.0763],[18.71195,45.0714],[18.71075,45.06884],[18.70814,45.06489],[18.70604,45.06268],[18.70277,45.06],[18.70755,45.05616],[18.71123,45.0562],[18.71521,45.05599],[18.71966,45.05533],[18.7227,45.05464],[18.72602,45.05354],[18.72884,45.05235],[18.73212,45.05062],[18.73506,45.04867],[18.73761,45.04655],[18.73947,45.04458],[18.74045,45.04334],[18.7425,45.04017],[18.74461,45.03558],[18.74888,45.03415],[18.75252,45.03236],[18.75524,45.03048],[18.75746,45.02867],[18.75888,45.02728],[18.76065,45.02504],[18.76232,45.02207],[18.76318,45.01997],[18.76371,45.01742],[18.76912,45.01728],[18.77217,45.01698],[18.77456,45.01654],[18.78496,45.01408],[18.79799,45.01254],[18.80044,45.01206],[18.8028,45.0114],[18.80804,45.00936],[18.80999,45.00833],[18.81179,45.00717],[18.81547,45.00411],[18.81833,45.00067],[18.81956,44.99869],[18.82071,44.99606],[18.82169,44.99212],[18.82177,44.98895],[18.82098,44.98481],[18.82044,44.98311],[18.81968,44.98145],[18.81618,44.97581],[18.81423,44.97349],[18.81055,44.97024],[18.811,44.96804],[18.81209,44.96551],[18.81508,44.96398],[18.81765,44.96248],[18.82125,44.95986],[18.82345,44.9579],[18.8257,44.95547],[18.82689,44.95394],[18.82792,44.95228],[18.82886,44.95064],[18.8296,44.94892],[18.83029,44.94668],[18.83057,44.94516],[18.83073,44.94349],[18.83067,44.94124],[18.8301,44.93751],[18.82919,44.9349],[18.82747,44.93168],[18.82486,44.92837],[18.82214,44.92596],[18.82054,44.9248],[18.81679,44.9225],[18.81474,44.9215],[18.81049,44.91975],[18.80755,44.91879],[18.80508,44.91812],[18.80111,44.91732],[18.7979,44.91691],[18.79755,44.91548],[18.79676,44.91332],[18.7952,44.91035],[18.80574,44.90327],[18.81174,44.90041],[18.81598,44.89871],[18.82486,44.89639],[18.83023,44.89468],[18.83445,44.89283],[18.8384,44.89064],[18.84343,44.88721],[18.84506,44.88592],[18.84684,44.88416],[18.85203,44.8781],[18.85691,44.87369],[18.8582,44.87264],[18.86075,44.87089],[18.86385,44.8706],[18.8872,44.87059],[18.9076,44.86997],[18.91972,44.86927],[18.93039,44.86795],[18.93682,44.86771],[18.95067,44.86795],[18.96308,44.86801],[18.97351,44.86775],[18.97611,44.86784],[18.97697,44.86788],[18.97972,44.86845],[18.98875,44.87051],[18.99677,44.87206],[19.00029,44.87257],[19.00424,44.87299],[19.00736,44.87316],[19.01977,44.87335],[19.02498,44.87427],[19.03281,44.87592],[19.0395,44.87706],[19.04332,44.87741],[19.05337,44.8778],[19.0557,44.87808],[19.0572,44.87858],[19.05755,44.87894],[19.05966,44.88179],[19.06289,44.88576],[19.06548,44.88843],[19.06978,44.89189],[19.07403,44.89439],[19.07678,44.89564],[19.07913,44.89654],[19.08547,44.89855],[19.0922,44.90002],[19.10226,44.90155],[19.1049,44.90567],[19.10681,44.90794],[19.10932,44.91025],[19.11201,44.91214],[19.11558,44.91407],[19.11954,44.9157],[19.12332,44.91688],[19.12695,44.91783],[19.1307,44.91859],[19.13372,44.91904],[19.1371,44.92075],[19.13913,44.92223],[19.14071,44.92358],[19.14458,44.92742],[19.1476,44.92997],[19.15055,44.93205],[19.154,44.93404],[19.15715,44.93557],[19.15921,44.93641],[19.16485,44.93814],[19.16997,44.93918],[19.17627,44.93971],[19.18411,44.93963],[19.18669,44.93948],[19.19174,44.93898],[19.19694,44.93804],[19.2016,44.937],[19.20559,44.93581],[19.20772,44.93492],[19.20972,44.93389],[19.21349,44.93156],[19.21532,44.93028],[19.21842,44.9277],[19.2202,44.92597],[19.22363,44.92197],[19.23029,44.92581],[19.23367,44.92743],[19.237,44.92873],[19.24024,44.92975],[19.24411,44.93064],[19.2478,44.93116],[19.25171,44.93142],[19.25424,44.93142],[19.25758,44.93122],[19.26273,44.93058],[19.2655,44.93005],[19.26886,44.92921],[19.27287,44.92788],[19.2788,44.92517],[19.28325,44.92637],[19.28728,44.92708],[19.29118,44.92747],[19.29564,44.92762],[19.30022,44.92746],[19.304,44.92714],[19.3085,44.92647],[19.31456,44.92526],[19.321,44.92356],[19.32566,44.922],[19.32775,44.92114],[19.3297,44.92014],[19.33152,44.91902],[19.33438,44.91701],[19.33727,44.91471],[19.34111,44.91355],[19.34818,44.91091],[19.35314,44.90839],[19.35582,44.90678],[19.35806,44.90641],[19.3604,44.90585],[19.36264,44.90514],[19.36478,44.90427],[19.3668,44.90326],[19.3691,44.90181],[19.37114,44.90018],[19.37263,44.89867],[19.37685,44.89776],[19.38036,44.89667],[19.38254,44.89582],[19.38459,44.89482],[19.3873,44.89318],[19.389,44.892],[19.39055,44.89071],[19.39305,44.88812],[19.39495,44.88533],[19.39626,44.88208],[19.39682,44.87901],[19.39681,44.87724],[19.39651,44.87525],[19.39609,44.87356],[19.39545,44.87192],[19.39458,44.87032],[19.39314,44.86826],[19.39183,44.86678],[19.39024,44.86532],[19.39169,44.86275],[19.39266,44.85971],[19.39289,44.85704],[19.39251,44.85366],[19.39204,44.8519],[19.39111,44.84976],[19.3901,44.84811],[19.38887,44.84655],[19.38445,44.8424],[19.38223,44.84086],[19.37979,44.83953],[19.38063,44.83639],[19.38076,44.83464],[19.38064,44.83288],[19.37947,44.82702],[19.37821,44.82392],[19.37759,44.82174],[19.37684,44.82007],[19.37529,44.81768],[19.37363,44.81583],[19.37124,44.81382],[19.36894,44.81234],[19.36588,44.81085],[19.36311,44.80986],[19.3596,44.809],[19.35609,44.80853],[19.35348,44.80626],[19.35085,44.80445],[19.34744,44.80271],[19.34385,44.80141],[19.34296,44.80062],[19.34321,44.79838],[19.34308,44.79617],[19.34526,44.79419],[19.34749,44.79141],[19.34897,44.78885],[19.3499,44.78613],[19.35098,44.7798],[19.35097,44.7769],[19.35065,44.77512],[19.35008,44.77337],[19.34916,44.7713],[19.34788,44.76924],[19.34967,44.76449],[19.35003,44.76264],[19.35012,44.76053],[19.3516,44.75895],[19.35301,44.75697],[19.35389,44.7553],[19.35516,44.75218],[19.35576,44.74957],[19.35577,44.74648],[19.35519,44.74386],[19.3543,44.74174],[19.35333,44.74011],[19.35184,44.73822],[19.3511,44.7365],[19.35019,44.73495],[19.34868,44.73296],[19.34676,44.73107],[19.34418,44.72912],[19.34149,44.72756],[19.33824,44.72611],[19.33898,44.7235],[19.33923,44.72177],[19.33918,44.71912],[19.33888,44.71731],[19.33832,44.71554],[19.33708,44.7127],[19.33523,44.70966],[19.33399,44.70805],[19.3342,44.7059],[19.3341,44.70412],[19.33362,44.70191],[19.33297,44.70019],[19.33126,44.69731],[19.32841,44.69401],[19.32894,44.6913],[19.32898,44.68824],[19.32853,44.6856],[19.32754,44.68304],[19.32659,44.6814],[19.32542,44.67984],[19.32368,44.67798],[19.32174,44.67629],[19.31924,44.67458],[19.31715,44.67345],[19.31473,44.67239],[19.31158,44.67133],[19.30959,44.669],[19.307,44.66682],[19.3078,44.66367],[19.30789,44.66192],[19.30775,44.66017],[19.30683,44.65684],[19.30529,44.65396],[19.30378,44.65204],[19.30116,44.64929],[19.29827,44.64672],[19.29364,44.64362],[19.29017,44.64188],[19.2889,44.63906],[19.28611,44.63443],[19.28238,44.63001],[19.28042,44.62724],[19.27755,44.62424],[19.27516,44.62222],[19.27237,44.62046],[19.2687,44.61881],[19.26511,44.61773],[19.26163,44.61578],[19.26011,44.61434],[19.25849,44.61307],[19.25226,44.60902],[19.2517,44.60664],[19.2508,44.60454],[19.249,44.60181],[19.24769,44.59907],[19.24623,44.59705],[19.24538,44.59485],[19.24504,44.59227],[19.24436,44.58996],[19.24325,44.58759],[19.24178,44.58533],[19.24019,44.58342],[19.23697,44.58052],[19.23484,44.57811],[19.23325,44.57675],[19.23138,44.57544],[19.23083,44.57287],[19.22973,44.57035],[19.22843,44.56835],[19.22644,44.56612],[19.22445,44.56445],[19.2217,44.56268],[19.21915,44.56144],[19.21608,44.56034],[19.2169,44.55811],[19.2173,44.55593],[19.21735,44.55416],[19.21706,44.54998],[19.21667,44.54817],[19.21581,44.54562],[19.21494,44.54373],[19.2141,44.5413],[19.21298,44.53924],[19.21118,44.53692],[19.20892,44.53481],[19.20603,44.53267],[19.20044,44.52922],[19.19952,44.52644],[19.19812,44.52392],[19.19557,44.52037],[19.19151,44.5159],[19.18966,44.51423],[19.18756,44.51258],[19.18472,44.51065],[19.18292,44.5096],[19.1805,44.50842],[19.17526,44.50636],[19.17129,44.5051],[19.1689,44.50461],[19.16645,44.50429],[19.16398,44.50414],[19.16149,44.50417],[19.1572,44.50464],[19.15482,44.50515],[19.15208,44.50597],[19.151,44.50597],[19.15052,44.5042],[19.15271,44.50192],[19.15495,44.4991],[19.15645,44.49663],[19.15743,44.49451],[19.15846,44.49097],[19.15913,44.48529],[19.16144,44.4825],[19.16293,44.4803],[19.16384,44.47861],[19.16481,44.47632],[19.16546,44.47416],[19.16595,44.47177],[19.16607,44.46826],[19.16563,44.46521],[19.16436,44.46196],[19.16573,44.46064],[19.16699,44.45913],[19.16804,44.45754],[19.16887,44.45589],[19.16976,44.45289],[19.16995,44.45114],[19.1699,44.44945],[19.17101,44.44783],[19.17187,44.44616],[19.17359,44.44136],[19.17408,44.43958],[19.1744,44.43732],[19.17431,44.43505],[19.17228,44.42697],[19.17266,44.42407],[19.17273,44.4222],[19.17202,44.41338],[19.17171,44.41188],[19.17101,44.4098],[19.17021,44.40818],[19.16903,44.40633],[19.16756,44.40438],[19.16615,44.4028],[19.1632,44.40023],[19.16096,44.39864],[19.1591,44.39756],[19.15596,44.39597],[19.15116,44.39386],[19.13818,44.38918],[19.13204,44.38741],[19.13177,44.38723],[19.13213,44.38528],[19.13219,44.38336],[19.13414,44.38234],[19.13625,44.38105],[19.13806,44.37972],[19.13959,44.37838],[19.14086,44.37708],[19.14203,44.37562],[19.14301,44.37408],[19.14396,44.37213],[19.14453,44.3704],[19.14508,44.368],[19.14523,44.36632],[19.14517,44.36344],[19.14488,44.36168],[19.14436,44.35995],[19.1436,44.35827],[19.14273,44.35684],[19.14577,44.35586],[19.14936,44.35448],[19.15191,44.3532],[19.15421,44.35169],[19.15636,44.34992],[19.15802,44.34815],[19.15978,44.34578],[19.16092,44.34374],[19.1617,44.34161],[19.16224,44.33898],[19.16236,44.33722],[19.16217,44.33502],[19.16162,44.33267],[19.16049,44.32982],[19.15958,44.32812],[19.15813,44.32613],[19.16176,44.32458],[19.16627,44.32216],[19.16855,44.32063],[19.17188,44.31802],[19.1761,44.31411],[19.17955,44.31047],[19.1815,44.30792],[19.18286,44.30527],[19.18672,44.30708],[19.18891,44.30782],[19.19151,44.30852],[19.19619,44.30936],[19.19965,44.30967],[19.20223,44.30975],[19.20923,44.30954],[19.21427,44.30888],[19.21922,44.30777],[19.2273,44.30508],[19.23092,44.3033],[19.2347,44.30064],[19.23738,44.29811],[19.23965,44.29513],[19.24105,44.29267],[19.24227,44.28947],[19.24302,44.28541],[19.24317,44.28282],[19.24391,44.28036],[19.24863,44.28194],[19.2527,44.28355],[19.25662,44.28534],[19.25862,44.28731],[19.26082,44.28908],[19.26312,44.29057],[19.26566,44.29184],[19.26848,44.29291],[19.27132,44.29374],[19.27427,44.29432],[19.27731,44.29463],[19.28024,44.29469],[19.28329,44.29452],[19.28694,44.29399],[19.28923,44.29352],[19.29146,44.2929],[19.29446,44.29184],[19.29834,44.29006],[19.30031,44.28901],[19.30342,44.28986],[19.30578,44.29033],[19.31001,44.29086],[19.31374,44.29116],[19.3163,44.29121],[19.31968,44.29111],[19.32532,44.29051],[19.32824,44.28995],[19.33317,44.28857],[19.33621,44.28746],[19.34023,44.28561],[19.34309,44.2838],[19.34703,44.28067],[19.3496,44.27796],[19.35122,44.27549],[19.35227,44.27306],[19.35287,44.27047],[19.35352,44.26344],[19.35334,44.26003],[19.35641,44.2584],[19.35866,44.2569],[19.36213,44.2539],[19.36467,44.25124],[19.36698,44.24807],[19.36895,44.24465],[19.37144,44.23977],[19.37306,44.23605],[19.3738,44.23261],[19.37386,44.23089],[19.37369,44.22918],[19.3728,44.22601],[19.3746,44.22453],[19.37657,44.2226],[19.381,44.21745],[19.38335,44.21348],[19.38444,44.21052],[19.38481,44.20747],[19.38453,44.2044],[19.38407,44.20269],[19.38334,44.20087],[19.38175,44.19813],[19.387,44.19714],[19.39124,44.19595],[19.3934,44.1952],[19.3995,44.19274],[19.40415,44.19055],[19.40809,44.18846],[19.41101,44.18803],[19.41429,44.18727],[19.41647,44.18659],[19.41954,44.18543],[19.4221,44.18419],[19.42579,44.1819],[19.42783,44.18026],[19.42926,44.17884],[19.43137,44.17642],[19.43331,44.17361],[19.43481,44.17094],[19.43553,44.16923],[19.4362,44.16679],[19.43649,44.16464],[19.43795,44.16175],[19.43961,44.15926],[19.44086,44.15676],[19.44501,44.15973],[19.44687,44.16089],[19.45256,44.1637],[19.45486,44.16469],[19.45842,44.16587],[19.46347,44.1672],[19.4666,44.16774],[19.47032,44.16803],[19.47393,44.16796],[19.47888,44.16745],[19.48189,44.1669],[19.48472,44.16614],[19.48743,44.16515],[19.49113,44.16347],[19.4949,44.16118],[19.49722,44.16],[19.49911,44.15881],[19.50198,44.15642],[19.5039,44.15432],[19.50506,44.15279],[19.50659,44.14994],[19.50792,44.14582],[19.50835,44.14239],[19.50811,44.13927],[19.50657,44.13446],[19.50506,44.13136],[19.50817,44.12971],[19.51164,44.12729],[19.51381,44.12531],[19.51625,44.12229],[19.51763,44.11978],[19.51878,44.1162],[19.51937,44.11215],[19.51944,44.10748],[19.52158,44.10541],[19.52568,44.10034],[19.52696,44.09863],[19.52848,44.09617],[19.53939,44.09423],[19.54224,44.094],[19.54614,44.09346],[19.54941,44.09279],[19.55448,44.09154],[19.56113,44.08973],[19.56352,44.08891],[19.56686,44.08753],[19.57067,44.08541],[19.5748,44.08733],[19.57796,44.08841],[19.58249,44.08943],[19.58473,44.08979],[19.58734,44.09003],[19.59126,44.09016],[19.59653,44.08987],[19.60443,44.08848],[19.60822,44.0875],[19.61121,44.08639],[19.61376,44.08518],[19.61664,44.08341],[19.61908,44.08147],[19.62194,44.07841],[19.62383,44.07568],[19.62494,44.07358],[19.62573,44.07115],[19.62865,44.07043],[19.63341,44.06887],[19.63594,44.0677],[19.63908,44.06591],[19.64175,44.06393],[19.64363,44.06216],[19.64542,44.05996],[19.6468,44.05763],[19.64788,44.05508],[19.64846,44.05251],[19.64865,44.04959],[19.64826,44.0461],[19.64738,44.04332],[19.64608,44.04056],[19.64353,44.03659],[19.64177,44.03444],[19.64449,44.03056],[19.64551,44.02867],[19.64622,44.02698],[19.64696,44.02475],[19.64732,44.023],[19.64745,44.02124],[19.6473,44.01837],[19.64655,44.01498],[19.64464,44.01068],[19.64281,44.00778],[19.64084,44.00544],[19.63752,44.00232],[19.63588,44.00101],[19.63358,43.99954],[19.63052,43.99807],[19.62776,43.99704],[19.62388,43.99598],[19.6184,43.995],[19.61168,43.994],[19.60796,43.99097],[19.60608,43.98979],[19.60405,43.98875],[19.60076,43.98745],[19.59752,43.98642],[19.5952,43.98585],[19.59249,43.9854],[19.59158,43.98142],[19.59024,43.97836],[19.5875,43.97457],[19.58573,43.97278],[19.58441,43.97167],[19.58254,43.97036],[19.58024,43.96901],[19.57806,43.96799],[19.57542,43.96701],[19.57261,43.96612],[19.57068,43.96565],[19.56561,43.96462],[19.56169,43.96398],[19.5583,43.96163],[19.55455,43.95586],[19.55352,43.95292],[19.55226,43.95056],[19.54999,43.94764],[19.54811,43.94579],[19.54509,43.94354],[19.54176,43.94167],[19.53729,43.9399],[19.53331,43.93884],[19.53021,43.93833],[19.52485,43.93786],[19.52115,43.93793],[19.50068,43.93742],[19.48643,43.93752],[19.4798,43.93794],[19.47138,43.93877],[19.4662,43.93941],[19.45878,43.94053],[19.45469,43.94139],[19.45171,43.94133],[19.44766,43.94151],[19.44257,43.94061],[19.43805,43.94011],[19.43397,43.9399],[19.4311,43.93993],[19.41968,43.94122],[19.41586,43.94188],[19.41111,43.94308],[19.40799,43.94419],[19.40603,43.94504],[19.40319,43.94404],[19.40096,43.94345],[19.39743,43.94279],[19.39402,43.94235],[19.39162,43.94219],[19.38921,43.9422],[19.38612,43.94238],[19.38354,43.94267],[19.37966,43.94343],[19.37695,43.94414],[19.37158,43.94517],[19.36882,43.946],[19.36587,43.94714],[19.3635,43.94833],[19.36056,43.95012],[19.35856,43.95169],[19.35668,43.95359],[19.35149,43.95544],[19.34573,43.95843],[19.34145,43.96143],[19.33868,43.96373],[19.33428,43.964],[19.32933,43.96478],[19.32603,43.96559],[19.32199,43.96695],[19.31905,43.96819],[19.31705,43.96921],[19.31011,43.97358],[19.30625,43.97556],[19.30079,43.97891],[19.29924,43.97967],[19.29615,43.97963],[19.29022,43.97907],[19.28697,43.97902],[19.28073,43.97941],[19.27559,43.97994],[19.27225,43.98048],[19.27615,43.97489],[19.27797,43.97127],[19.27959,43.96608],[19.28032,43.96201],[19.28241,43.96096],[19.28426,43.95981],[19.2891,43.95592],[19.29144,43.95322],[19.29273,43.95122],[19.29353,43.94951],[19.29582,43.9478],[19.29771,43.946],[19.30064,43.94435],[19.30358,43.94207],[19.30592,43.93947],[19.30756,43.93672],[19.3096,43.93493],[19.31255,43.93182],[19.31501,43.92947],[19.31668,43.92726],[19.31883,43.92352],[19.32065,43.91934],[19.32144,43.91667],[19.32339,43.91519],[19.32596,43.91282],[19.33036,43.90849],[19.33207,43.90656],[19.33389,43.9037],[19.33502,43.90069],[19.33695,43.89839],[19.33824,43.89644],[19.33947,43.89357],[19.34284,43.89176],[19.34633,43.88927],[19.34865,43.88702],[19.35041,43.88554],[19.35634,43.87977],[19.35762,43.87826],[19.35892,43.87626],[19.36035,43.8734],[19.36099,43.87154],[19.36284,43.86961],[19.36555,43.86613],[19.36776,43.86363],[19.36919,43.86264],[19.37085,43.86124],[19.37256,43.85948],[19.37368,43.85805],[19.37743,43.85524],[19.3804,43.85267],[19.38329,43.85186],[19.38631,43.85069],[19.38847,43.84968],[19.3904,43.84857],[19.39299,43.84667],[19.39471,43.8451],[19.39604,43.84365],[19.39716,43.84211],[19.39808,43.8405],[19.39878,43.83884],[19.39926,43.83713],[19.39963,43.83279],[19.39919,43.82949],[19.40171,43.8279],[19.40494,43.82558],[19.40645,43.82426],[19.40821,43.82238],[19.41083,43.82036],[19.41316,43.81797],[19.41519,43.81499],[19.41785,43.81516],[19.42034,43.81514],[19.42348,43.81488],[19.42651,43.81437],[19.42982,43.8136],[19.43206,43.8129],[19.43471,43.8118],[19.43715,43.81047],[19.44022,43.80825],[19.44328,43.80528],[19.44459,43.80369],[19.44599,43.8016],[19.44843,43.79954],[19.45061,43.79711],[19.45167,43.79558],[19.45323,43.79284],[19.45815,43.7914],[19.45997,43.79069],[19.46247,43.78953],[19.46639,43.78713],[19.46885,43.78605],[19.47082,43.78496],[19.47346,43.78307],[19.47543,43.78119],[19.4791,43.77952],[19.48176,43.77799],[19.48351,43.77677],[19.48508,43.77542],[19.48646,43.77397],[19.48765,43.77243],[19.48861,43.77082],[19.48976,43.76785],[19.49055,43.76346],[19.49414,43.7606],[19.49641,43.75859],[19.49837,43.75645],[19.49979,43.7544],[19.50079,43.7525],[19.50214,43.74907],[19.50258,43.74686],[19.50264,43.74462],[19.50459,43.74359],[19.50776,43.74258],[19.51044,43.74144],[19.51234,43.74043],[19.5141,43.7393],[19.51683,43.73817],[19.51946,43.73673],[19.52188,43.73573],[19.52393,43.73466],[19.52666,43.73281],[19.52869,43.73101],[19.53256,43.72946],[19.53445,43.72843],[19.53619,43.72729],[19.53769,43.72612],[19.53926,43.72465],[19.54137,43.72201],[19.54267,43.71966],[19.54344,43.71761],[19.54455,43.71144],[19.54445,43.70873],[19.54354,43.70352],[19.54309,43.70179],[19.54242,43.70013],[19.54287,43.69836],[19.54337,43.69483],[19.54346,43.69136],[19.54597,43.68687],[19.54697,43.68458],[19.54846,43.68192],[19.55042,43.68034],[19.55212,43.6786],[19.55326,43.67711],[19.55483,43.67455],[19.55563,43.67277],[19.55621,43.67078],[19.5565,43.66894],[19.55654,43.6672],[19.55628,43.66512],[19.55472,43.65756],[19.55288,43.65307],[19.55246,43.6511],[19.55166,43.64897],[19.55087,43.64589],[19.54938,43.64288],[19.54757,43.64032],[19.54503,43.63782],[19.54178,43.63556],[19.5384,43.6339],[19.53719,43.63123],[19.53542,43.62874],[19.53529,43.62663],[19.53484,43.62446],[19.53422,43.62276],[19.53312,43.62071],[19.53137,43.61841],[19.52957,43.61665],[19.52704,43.61476],[19.52401,43.61302],[19.5235,43.61111],[19.52252,43.60853],[19.52168,43.60686],[19.52049,43.60505],[19.52222,43.60228],[19.52577,43.6006],[19.52895,43.59856],[19.53161,43.59615],[19.53366,43.59344],[19.53504,43.59052],[19.53572,43.58747],[19.53566,43.58438],[19.53488,43.58135],[19.53412,43.57967],[19.53285,43.57766],[19.53093,43.57537],[19.52905,43.57365],[19.52688,43.5721],[19.52498,43.57101],[19.52293,43.57006],[19.52039,43.56914],[19.51497,43.56487],[19.51276,43.56342],[19.51083,43.56241],[19.50878,43.56155],[19.50056,43.55889],[19.49376,43.55616],[19.49039,43.5551],[19.48649,43.55424],[19.48283,43.55381],[19.47854,43.55364],[19.47432,43.55397],[19.4708,43.55467],[19.46746,43.55574],[19.46437,43.55715],[19.46135,43.55906],[19.45932,43.55932],[19.45693,43.55979],[19.45228,43.56029],[19.453,43.55799],[19.45368,43.55419],[19.4536,43.55157],[19.45299,43.54898],[19.4521,43.54689],[19.45,43.54328],[19.44823,43.54103],[19.44667,43.53842],[19.44234,43.53239],[19.44053,43.53057],[19.43809,43.52865],[19.43575,43.52722],[19.43232,43.52559],[19.43021,43.52478],[19.42648,43.52365],[19.41871,43.52216],[19.41629,43.52191],[19.41385,43.52184],[19.41141,43.52194],[19.40899,43.52222],[19.40663,43.52267],[19.40433,43.52329],[19.40207,43.5241],[19.40002,43.52502],[19.39719,43.52666],[19.39435,43.52892],[19.39169,43.53198],[19.39013,43.53464],[19.38742,43.53592],[19.38409,43.53782],[19.38155,43.53891],[19.37959,43.53996],[19.37693,43.54178],[19.37466,43.54386],[19.37311,43.54576],[19.3717,43.54821],[19.37091,43.55035],[19.37044,43.55298],[19.37047,43.55519],[19.37099,43.55782],[19.37183,43.55995],[19.37311,43.56211],[19.37004,43.56423],[19.3678,43.56633],[19.36592,43.56875],[19.36454,43.57126],[19.36371,43.57339],[19.36324,43.57557],[19.36321,43.57867],[19.36391,43.58174],[19.36313,43.58264],[19.3611,43.58097],[19.35871,43.57944],[19.35421,43.57575],[19.35242,43.57458],[19.35048,43.57354],[19.34787,43.57244],[19.34453,43.57144],[19.34162,43.57088],[19.33863,43.57058],[19.33399,43.57058],[19.32987,43.57105],[19.32773,43.57077],[19.322,43.57026],[19.31808,43.57025],[19.31374,43.56999],[19.30951,43.57028],[19.30599,43.57094],[19.30285,43.57188],[19.29904,43.57222],[19.29494,43.57309],[19.29111,43.57447],[19.28665,43.57654],[19.28445,43.57778],[19.28202,43.57815],[19.2805,43.57691],[19.27858,43.57561],[19.27807,43.5707],[19.2776,43.5689],[19.27678,43.56697],[19.27646,43.56496],[19.27667,43.56221],[19.27632,43.55958],[19.27525,43.55659],[19.27343,43.55371],[19.27301,43.55184],[19.27297,43.54994],[19.27269,43.548],[19.27194,43.54547],[19.27229,43.54326],[19.27227,43.5408],[19.27285,43.53834],[19.2732,43.53703],[19.27404,43.53556],[19.27476,43.53387],[19.27541,43.53127],[19.27554,43.52951],[19.27544,43.52774],[19.27469,43.5247],[19.27348,43.5222],[19.2721,43.52024],[19.27002,43.51807],[19.26797,43.51644],[19.26566,43.51501],[19.2626,43.51358],[19.25985,43.51265],[19.25697,43.51197],[19.25338,43.51151],[19.24455,43.51113],[19.23516,43.50996],[19.23146,43.50988],[19.22778,43.51021],[19.22538,43.51025],[19.22299,43.51045],[19.21674,43.51141],[19.21419,43.51195],[19.21031,43.51198],[19.20442,43.51262],[19.20109,43.51327],[19.19272,43.51547],[19.18956,43.5154],[19.18642,43.51557],[19.1835,43.51507],[19.1811,43.51486],[19.17848,43.51482],[19.17551,43.51501],[19.17297,43.51481],[19.17044,43.51478],[19.16294,43.5154],[19.15896,43.51614],[19.15787,43.51622],[19.15653,43.5148],[19.15496,43.51344],[19.15321,43.5122],[19.1513,43.51109],[19.14819,43.5097],[19.14456,43.5086],[19.14259,43.50724],[19.14017,43.50593],[19.13808,43.50504],[19.1343,43.50371],[19.13114,43.50289],[19.12602,43.50181],[19.12356,43.50143],[19.11981,43.50119],[19.11555,43.50141],[19.11292,43.49955],[19.10947,43.49779],[19.10623,43.49664],[19.10202,43.49564],[19.09963,43.49531],[19.09314,43.49484],[19.08961,43.49489],[19.08602,43.49531],[19.08373,43.49459],[19.08113,43.49401],[19.07863,43.49204],[19.07557,43.49025],[19.07351,43.48933],[19.07094,43.48843],[19.06751,43.48704],[19.05786,43.48451],[19.05488,43.48407],[19.05185,43.4839],[19.04822,43.48406],[19.04323,43.48469],[19.03992,43.48533],[19.03612,43.48586],[19.03267,43.4867],[19.02942,43.4879],[19.02692,43.48915],[19.02423,43.49094],[19.02229,43.49263],[19.02064,43.49449],[19.01955,43.49607],[19.01851,43.49814],[19.01782,43.5003],[19.01749,43.50249],[19.01753,43.50472],[19.01734,43.50694],[19.0177,43.51019],[19.01637,43.51261],[19.0155,43.51528],[19.0152,43.51768],[19.01529,43.5209],[19.01298,43.52221],[19.01101,43.52361],[19.00828,43.52395],[19.00637,43.52138],[19.00374,43.51893],[19.00199,43.5177],[18.99973,43.51641],[18.99782,43.5148],[18.99531,43.51312],[18.99348,43.51204],[18.99151,43.51109],[18.98729,43.50958],[18.98253,43.50848],[18.97967,43.50799],[18.97562,43.50774],[18.97407,43.50745],[18.97477,43.50355],[18.97687,43.5013],[18.97982,43.49737],[18.98168,43.4944],[18.9826,43.49228],[18.98372,43.48868],[18.98413,43.48616],[18.98424,43.4819],[18.98361,43.4787],[18.98501,43.47623],[18.98612,43.47297],[18.98986,43.47175],[18.99312,43.47017],[18.9963,43.46944],[18.99955,43.46831],[19.00254,43.46685],[19.00563,43.46481],[19.00966,43.46456],[19.01543,43.46366],[19.01841,43.46304],[19.02112,43.46221],[19.02369,43.46115],[19.02597,43.45993],[19.02812,43.45852],[19.03001,43.45701],[19.03134,43.45571],[19.03264,43.45417],[19.03371,43.45257],[19.03458,43.45087],[19.03518,43.44922],[19.03558,43.44744],[19.03574,43.44571],[19.03565,43.44387],[19.03781,43.44206],[19.03975,43.43994],[19.04115,43.43789],[19.04223,43.43564],[19.04328,43.43201],[19.04357,43.43037],[19.0442,43.42868],[19.04462,43.42691],[19.04489,43.4225],[19.04448,43.41813],[19.04566,43.41491],[19.04668,43.4144],[19.05046,43.41368],[19.05329,43.41285],[19.05544,43.412],[19.05795,43.41073],[19.06022,43.40924],[19.06223,43.40756],[19.06393,43.40571],[19.06531,43.40372],[19.06656,43.40108],[19.06722,43.39847],[19.06757,43.39258],[19.0673,43.38975],[19.06785,43.38764],[19.06805,43.38543],[19.06793,43.38366],[19.06746,43.38147],[19.06499,43.37572],[19.06561,43.37328],[19.06589,43.37135],[19.07476,43.36734],[19.07674,43.36632],[19.07984,43.36421],[19.0824,43.36175],[19.08359,43.36022],[19.08478,43.35819],[19.08562,43.35606],[19.0861,43.3539],[19.08819,43.35255],[19.09021,43.35091],[19.09528,43.34619],[19.09743,43.34353],[19.09857,43.34149],[19.09947,43.33892],[19.09982,43.33673],[19.0998,43.33337],[19.10387,43.32916],[19.10512,43.32763],[19.10639,43.32561],[19.10744,43.32305],[19.108,43.31996],[19.10782,43.31685],[19.10739,43.3151],[19.10404,43.30453],[19.10463,43.30248],[19.10486,43.30073],[19.10486,43.29896],[19.10464,43.29726],[19.10405,43.29516],[19.10332,43.2935],[19.10208,43.29146],[19.10083,43.28991],[19.09899,43.28812],[19.09641,43.28621],[19.09401,43.28486],[19.09096,43.28357],[19.06906,43.27713],[19.05742,43.27497],[19.05635,43.2745],[19.05521,43.27262],[19.05396,43.27106],[19.04922,43.26653],[19.04832,43.2629],[19.0467,43.2595],[19.04547,43.25756],[19.04381,43.2556],[19.04249,43.25276],[19.04059,43.25005],[19.03847,43.24795],[19.02736,43.23886],[19.02565,43.2376],[19.02377,43.23646],[19.02122,43.23524],[19.01793,43.23409],[19.01502,43.23341],[19.01142,43.23295],[19.00838,43.23288],[19.00535,43.23307],[19.00296,43.23342],[18.99995,43.23414],[18.99708,43.23462],[18.9943,43.23531],[18.99113,43.2364],[18.98919,43.23722],[18.98608,43.23877],[18.97954,43.24266],[18.97535,43.24573],[18.97198,43.24714],[18.96964,43.24842],[18.96753,43.24989],[18.9655,43.2516],[18.96382,43.25342],[18.96246,43.25537],[18.96143,43.25743],[18.96063,43.25978],[18.96024,43.26194],[18.96018,43.26369],[18.96035,43.26543],[18.96096,43.26846],[18.9593,43.26919],[18.9571,43.26962],[18.95353,43.26973],[18.95037,43.27011],[18.94714,43.27079],[18.94433,43.27167],[18.94118,43.27306],[18.9388,43.27446],[18.93607,43.2766],[18.93418,43.27855],[18.93238,43.28102],[18.93044,43.2848],[18.92868,43.28947],[18.92807,43.29163],[18.92656,43.2938],[18.9254,43.29609],[18.92475,43.29811],[18.92439,43.30005],[18.92436,43.30304],[18.92478,43.30567],[18.92553,43.30781],[18.9271,43.31098],[18.928,43.31515],[18.92939,43.3183],[18.92764,43.31971],[18.92589,43.32072],[18.92396,43.32206],[18.9214,43.32438],[18.91952,43.32586],[18.9175,43.32792],[18.91584,43.33021],[18.91392,43.33146],[18.91212,43.33291],[18.90986,43.33515],[18.90801,43.33741],[18.90728,43.33784],[18.90455,43.33714],[18.90148,43.33662],[18.89859,43.33634],[18.89537,43.33621],[18.89146,43.33645],[18.88588,43.33735],[18.8818,43.33763],[18.8784,43.33679],[18.87477,43.33623],[18.87597,43.33394],[18.8771,43.33046],[18.87855,43.32821],[18.87947,43.32612],[18.8801,43.32352],[18.8802,43.32089],[18.87998,43.31914],[18.87952,43.31742],[18.87818,43.31451],[18.87618,43.31181],[18.87357,43.3094],[18.87139,43.30789],[18.86897,43.30659],[18.8648,43.3048],[18.86194,43.30383],[18.85954,43.30325],[18.83706,43.2987],[18.83016,43.2977],[18.82007,43.29246],[18.81646,43.29098],[18.81314,43.29008],[18.79888,43.28732],[18.7823,43.27921],[18.76592,43.27306],[18.76299,43.27155],[18.75185,43.26506],[18.73588,43.25223],[18.73181,43.24958],[18.72818,43.24786],[18.73069,43.24679],[18.73264,43.24575],[18.73443,43.24458],[18.73606,43.24328],[18.73751,43.24187],[18.73877,43.24036],[18.73981,43.23877],[18.74081,43.23669],[18.74145,43.23454],[18.74171,43.23278],[18.74172,43.23102],[18.7415,43.22926],[18.74105,43.22753],[18.74016,43.22542],[18.73919,43.22381],[18.73802,43.22227],[18.73665,43.22082],[18.73508,43.21947],[18.73335,43.21825],[18.73146,43.21715],[18.72891,43.21598],[18.71675,43.21141],[18.70972,43.20766],[18.70216,43.19987],[18.69983,43.1979],[18.69807,43.19673],[18.69617,43.19569],[18.68938,43.1928],[18.68772,43.18779],[18.68669,43.18293],[18.68505,43.17928],[18.68352,43.17419],[18.68243,43.172],[18.68131,43.16779],[18.67875,43.16027],[18.67814,43.15733],[18.67685,43.15411],[18.67528,43.14936],[18.6737,43.14558],[18.67417,43.14306],[18.67432,43.13914],[18.67555,43.13503],[18.67677,43.12821],[18.67762,43.12211],[18.67759,43.11901],[18.67694,43.11629],[18.67744,43.1131],[18.67872,43.11037],[18.67933,43.10792],[18.68014,43.10583],[18.68059,43.10368],[18.6807,43.10194],[18.68058,43.09736],[18.68107,43.09554],[18.6813,43.09378],[18.68134,43.0834],[18.68168,43.08012],[18.68189,43.07939],[18.6832,43.07695],[18.68386,43.07525],[18.68433,43.07341],[18.68453,43.07166],[18.6845,43.06991],[18.68407,43.06744],[18.68397,43.06543],[18.68323,43.06117],[18.68421,43.05181],[18.68439,43.04814],[18.68501,43.0446],[18.68502,43.04283],[18.6848,43.04109],[18.68517,43.03846],[18.68517,43.03625],[18.68469,43.03361],[18.68368,43.03105],[18.68216,43.02864],[18.68054,43.02677],[18.6782,43.02473],[18.67548,43.02298],[18.67243,43.02154],[18.66913,43.02044],[18.66623,43.01981],[18.66325,43.01944],[18.66023,43.01935],[18.65692,43.01947],[18.65454,43.0186],[18.65227,43.01798],[18.64993,43.01752],[18.64762,43.01724],[18.6309,43.01242],[18.62856,43.01193],[18.62617,43.01162],[18.61442,43.01111],[18.61092,43.01121],[18.60804,43.01158],[18.58942,43.01481],[18.55108,43.0144],[18.54894,43.01321],[18.53933,43.00845],[18.53849,43.00636],[18.53719,43.00389],[18.5362,43.00157],[18.53538,43.00015],[18.53459,42.99624],[18.53389,42.99407],[18.53283,42.99198],[18.53143,42.99],[18.52893,42.98748],[18.52587,42.98531],[18.52235,42.98356],[18.51816,42.98217],[18.51726,42.97565],[18.51672,42.97354],[18.51585,42.97149],[18.51108,42.96228],[18.51101,42.96024],[18.5107,42.95852],[18.50928,42.94478],[18.51025,42.94178],[18.51057,42.93925],[18.5105,42.93716],[18.50994,42.93435],[18.50979,42.93249],[18.51473,42.92572],[18.51632,42.92381],[18.51733,42.92224],[18.52273,42.91114],[18.5268,42.89991],[18.53058,42.89544],[18.53231,42.89263],[18.53313,42.89051],[18.5336,42.88833],[18.5337,42.88613],[18.53343,42.88393],[18.53263,42.88136],[18.53132,42.87889],[18.52987,42.87696],[18.52772,42.87484],[18.52562,42.87327],[18.52277,42.87165],[18.52018,42.87054],[18.51577,42.86909],[18.51579,42.86373],[18.51516,42.86066],[18.51449,42.85896],[18.51359,42.85732],[18.51248,42.85575],[18.5108,42.85391],[18.50883,42.85224],[18.50534,42.84984],[18.50043,42.84704],[18.49834,42.84608],[18.49612,42.84528],[18.49381,42.84465],[18.4912,42.84413],[18.49097,42.84354],[18.49671,42.83805],[18.49817,42.83611],[18.4993,42.83405],[18.50019,42.83147],[18.50053,42.82927],[18.50044,42.82661],[18.49997,42.82441],[18.49891,42.82187],[18.49766,42.81985],[18.49607,42.81796],[18.49377,42.81591],[18.49156,42.8144],[18.48911,42.81311],[18.48111,42.80993],[18.483,42.80615],[18.48512,42.80082],[18.4857,42.79872],[18.4861,42.79587],[18.48831,42.79315],[18.49048,42.78904],[18.49124,42.78701],[18.49265,42.78199],[18.49388,42.77928],[18.49434,42.77759],[18.49516,42.77318],[18.49515,42.7668],[18.4993,42.76535],[18.50434,42.76323],[18.50642,42.76219],[18.51048,42.75982],[18.5137,42.75765],[18.5159,42.75585],[18.51727,42.75454],[18.51924,42.75226],[18.52196,42.75169],[18.52475,42.75082],[18.52687,42.74994],[18.52933,42.74863],[18.53237,42.74644],[18.53764,42.74126],[18.53875,42.7406],[18.54393,42.74063],[18.56085,42.73971],[18.57184,42.73814],[18.5793,42.73633],[18.582,42.73535],[18.58452,42.73414],[18.58682,42.7327],[18.58847,42.73141],[18.59028,42.72964],[18.59178,42.72772],[18.59295,42.72567],[18.59377,42.72354],[18.59427,42.7209],[18.59424,42.71824],[18.59368,42.71561],[18.59281,42.71349],[18.58995,42.70875],[18.58882,42.70723],[18.58757,42.70587],[18.58602,42.70336],[18.58567,42.70068],[18.58523,42.69878],[18.58445,42.69674],[18.58347,42.69495],[18.5822,42.69316],[18.58064,42.69138],[18.57917,42.69],[18.57643,42.68776],[18.57514,42.68462],[18.57395,42.68253],[18.5748,42.67849],[18.58017,42.67552],[18.5831,42.6733],[18.5855,42.67072],[18.58708,42.66823],[18.58836,42.66711],[18.58972,42.66567],[18.59139,42.66334],[18.59224,42.6617],[18.59296,42.65966],[18.59505,42.65601],[18.59855,42.64731],[18.59901,42.6456],[18.59924,42.64386],[18.59924,42.64187],[18.599,42.64012],[18.59854,42.63839],[18.59764,42.6363],[18.59641,42.6343],[18.59519,42.63279],[18.59339,42.63104],[18.59176,42.62976],[18.58949,42.62834],[18.587,42.62713],[18.58433,42.62616],[18.58209,42.62556],[18.57978,42.62512],[18.57743,42.62486],[18.57386,42.62477],[18.57096,42.62493],[18.56862,42.62521],[18.56509,42.6253],[18.5623,42.62448],[18.5593,42.62391],[18.55322,42.6216],[18.55159,42.62056],[18.55361,42.61773],[18.5552,42.61404],[18.55599,42.6135],[18.55917,42.61184],[18.56154,42.61018],[18.56315,42.60928],[18.56499,42.60804],[18.56743,42.60596],[18.56958,42.60383],[18.57084,42.60236],[18.57205,42.60055],[18.57293,42.59889],[18.57538,42.59216],[18.57737,42.58992],[18.57909,42.58709],[18.5799,42.58496],[18.58035,42.58278],[18.58036,42.57968],[18.57966,42.57663],[18.57826,42.57371],[18.5762,42.57102],[18.57475,42.56961],[18.5727,42.568],[18.55873,42.55925],[18.55679,42.55822],[18.55418,42.55714],[18.55198,42.55645],[18.54912,42.55582],[18.54618,42.55545],[18.5432,42.55535],[18.54081,42.55547],[18.53787,42.55585],[18.53558,42.55635],[18.53284,42.5572],[18.53082,42.55752],[18.52849,42.55805],[18.52463,42.55939],[18.521,42.56123],[18.51633,42.56428],[18.51462,42.56556],[18.51278,42.56728],[18.51051,42.56752],[18.50858,42.56566],[18.50317,42.56135],[18.49648,42.55719],[18.49548,42.55565],[18.4942,42.55401],[18.49284,42.55259],[18.4913,42.55127],[18.48869,42.54952],[18.48492,42.54765],[18.48277,42.54684],[18.48052,42.5462],[18.47642,42.54548],[18.47402,42.5453],[18.47161,42.54531],[18.46921,42.54549],[18.46724,42.54577],[18.46475,42.54543],[18.46224,42.54528],[18.45991,42.54328],[18.4575,42.54168],[18.45463,42.54023],[18.45155,42.53904],[18.44809,42.53808],[18.44514,42.53757],[18.44196,42.53733],[18.43841,42.53741],[18.43323,42.53795],[18.42982,42.53866],[18.42607,42.53994],[18.42266,42.54166],[18.4209,42.54284],[18.41931,42.54413],[18.41767,42.54577],[18.41642,42.54731],[18.41538,42.54893],[18.41456,42.55062],[18.41397,42.55236],[18.41367,42.55379],[18.40101,42.5622],[18.38868,42.56973],[18.37823,42.57354],[18.3753,42.57506],[18.37303,42.57653],[18.37066,42.57855],[18.36743,42.58209],[18.36391,42.58566],[18.36106,42.58814],[18.35967,42.58952],[18.35602,42.59437],[18.35202,42.60011],[18.34503,42.60127],[18.33685,42.60114],[18.33099,42.59971],[18.31655,42.59738],[18.31362,42.59705],[18.31005,42.597],[18.29227,42.59782],[18.29046,42.59658],[18.28859,42.59551],[18.28658,42.59458],[18.28445,42.59379],[18.28224,42.59317],[18.27951,42.59264],[18.27605,42.59103],[18.27165,42.5896],[18.25612,42.58573],[18.25377,42.58536],[18.24987,42.5851],[18.24722,42.58476],[18.24363,42.58464],[18.24124,42.58477],[18.23888,42.58509],[18.23657,42.58557],[18.23379,42.5864],[18.23117,42.58748],[18.22922,42.58851],[18.22699,42.58999],[18.22539,42.59131],[18.22313,42.59373],[18.2215,42.59601],[18.22033,42.59845],[18.21961,42.6011],[18.21786,42.60225],[18.21592,42.60382],[18.21403,42.60469],[18.21213,42.60575],[18.20561,42.6098],[18.20319,42.61162],[18.20178,42.61296],[18.19866,42.61636],[18.19577,42.61896],[18.19371,42.62155],[18.19166,42.6238],[18.18828,42.62602],[18.18481,42.62898],[18.18075,42.63372],[18.17952,42.63545],[18.17618,42.63882],[18.17295,42.64007],[18.16987,42.63845],[18.1661,42.63709],[18.16207,42.63622],[18.1579,42.63588],[18.1549,42.63596],[18.15136,42.63641],[18.1485,42.63708],[18.14577,42.63801],[18.14322,42.63917],[18.14088,42.64056],[18.13841,42.64249],[18.13666,42.64429],[18.13548,42.64583],[18.13228,42.65076],[18.13125,42.6533],[18.13072,42.65606],[18.13011,42.65685],[18.1282,42.65845],[18.12687,42.65981],[18.12451,42.6628],[18.12342,42.6646],[18.11134,42.66687],[18.10943,42.66733],[18.10716,42.66804],[18.09862,42.66897],[18.09515,42.66962],[18.09239,42.67044],[18.08978,42.6715],[18.08736,42.67278],[18.08518,42.67428],[18.08257,42.67668],[18.08055,42.67937],[18.07919,42.68227],[18.07851,42.68531],[18.07818,42.68976],[18.07852,42.69281],[18.07936,42.69537],[18.08132,42.69903],[18.08179,42.701],[18.08255,42.70297],[18.07375,42.70616],[18.07001,42.7066],[18.06606,42.70758],[18.0634,42.70858],[18.06141,42.70954],[18.05822,42.7114],[18.05606,42.71302],[18.05354,42.71559],[18.05134,42.71883],[18.04676,42.72208],[18.0445,42.72403],[18.04341,42.72471],[18.03994,42.72566],[18.03624,42.72721],[18.03386,42.7286],[18.0283,42.73243],[18.02489,42.733],[18.02057,42.73417],[18.00973,42.73434],[18.00561,42.73475],[18.00333,42.73521],[18.00057,42.73601],[17.99775,42.73709],[17.99578,42.73805],[17.9935,42.73944],[17.99186,42.74069],[17.99037,42.74207],[17.98802,42.74346],[17.98568,42.74518],[17.98257,42.74794],[17.98122,42.74949],[17.97867,42.75289],[17.97696,42.75463],[17.97574,42.75613],[17.9745,42.75812],[17.97327,42.76095],[17.97092,42.76161],[17.96586,42.76336],[17.96181,42.76502],[17.95891,42.76656],[17.95612,42.76858],[17.95377,42.76964],[17.95183,42.77069],[17.94747,42.77359],[17.94203,42.77791],[17.93971,42.78003],[17.93762,42.78238],[17.93703,42.78284],[17.93114,42.7841],[17.9044,42.79173],[17.89017,42.79162],[17.88718,42.79186],[17.88426,42.79237],[17.88145,42.79314],[17.87879,42.79415],[17.87631,42.7954],[17.87406,42.79687],[17.87245,42.79818],[17.87102,42.7996],[17.8686,42.80281],[17.86633,42.8053],[17.86502,42.80732],[17.86365,42.81031],[17.86299,42.81334],[17.86304,42.81641],[17.86364,42.81901],[17.86513,42.82253],[17.8619,42.82436],[17.85908,42.82659],[17.85741,42.82838],[17.85568,42.83084],[17.85379,42.83257],[17.85226,42.83438],[17.85068,42.83578],[17.84906,42.83761],[17.84283,42.84697],[17.84042,42.85088],[17.83747,42.85517],[17.83623,42.85742],[17.83527,42.8597],[17.83369,42.86233],[17.83274,42.86478],[17.83053,42.87312],[17.82997,42.87701],[17.82989,42.87921],[17.83009,42.88096],[17.83053,42.88269],[17.83128,42.88456],[17.82988,42.88638],[17.82736,42.88893],[17.81891,42.89317],[17.81806,42.89216],[17.81676,42.89011],[17.81562,42.88873],[17.81514,42.88712],[17.81439,42.88544],[17.81257,42.88266],[17.81125,42.88119],[17.80974,42.87982],[17.80805,42.87856],[17.80572,42.87717],[17.80317,42.87601],[17.80045,42.87507],[17.79818,42.87451],[17.79508,42.874],[17.7932,42.87381],[17.79067,42.87372],[17.78283,42.87397],[17.77935,42.87449],[17.77655,42.87521],[17.77389,42.87616],[17.7714,42.87735],[17.76913,42.87875],[17.76513,42.88178],[17.7627,42.88342],[17.75954,42.88623],[17.75027,42.89342],[17.74305,42.89612],[17.73825,42.89689],[17.71818,42.90167],[17.70547,42.90319],[17.69647,42.90403],[17.6926,42.90452],[17.69158,42.90356],[17.69018,42.90174],[17.6887,42.90024],[17.68756,42.89837],[17.68505,42.89514],[17.68211,42.89229],[17.67425,42.88397],[17.66685,42.8772],[17.65953,42.87137],[17.65775,42.87019],[17.65532,42.86892],[17.65324,42.86806],[17.65049,42.8672],[17.6482,42.8667],[17.64526,42.8663],[17.64287,42.86618],[17.63989,42.86626],[17.63694,42.86661],[17.63407,42.86723],[17.63132,42.8681],[17.62924,42.86896],[17.62066,42.87319],[17.61878,42.87427],[17.6159,42.87641],[17.61265,42.87927],[17.60843,42.88053],[17.60452,42.882],[17.60208,42.88324],[17.59899,42.88518],[17.59436,42.88591],[17.59201,42.88645],[17.58334,42.88933],[17.5808,42.89038],[17.57058,42.89532],[17.55888,42.89924],[17.55453,42.901],[17.54649,42.90394],[17.53676,42.90779],[17.53312,42.90974],[17.52916,42.91241],[17.52483,42.91474],[17.52305,42.91594],[17.52144,42.91727],[17.51969,42.91908],[17.51825,42.92104],[17.51716,42.92311],[17.51642,42.92527],[17.51604,42.92747],[17.51604,42.9297],[17.51642,42.93191],[17.51716,42.93406],[17.51825,42.93613],[17.51969,42.93809],[17.52822,42.94714],[17.53018,42.94879],[17.53267,42.9505],[17.53454,42.9516],[17.53655,42.95255],[17.53868,42.95336],[17.5409,42.95401],[17.54657,42.95533],[17.55005,42.95587],[17.55242,42.95602],[17.55479,42.956],[17.55715,42.95582],[17.55954,42.95546],[17.563,42.95592],[17.56659,42.95601],[17.56957,42.95579],[17.57244,42.95531],[17.57436,42.95578],[17.57672,42.95619],[17.58164,42.95653],[17.58547,42.9575],[17.58834,42.95797],[17.59127,42.95818],[17.59892,42.95827],[17.60834,42.95936],[17.61461,42.96177],[17.61758,42.96403],[17.62041,42.9657],[17.6227,42.96673],[17.62626,42.96862],[17.62836,42.96944],[17.63022,42.97002],[17.6319,42.97115],[17.63383,42.97222],[17.63654,42.97339],[17.63925,42.97475],[17.64137,42.97557],[17.64358,42.97623],[17.64853,42.97744],[17.65423,42.97844],[17.65655,42.97872],[17.65997,42.97938],[17.66285,42.98047],[17.6663,42.98135],[17.6712,42.98211],[17.67779,42.98264],[17.67206,42.99255],[17.66473,43.0007],[17.6628,43.00338],[17.66196,43.005],[17.66133,43.00666],[17.66045,43.01145],[17.65909,43.0134],[17.65661,43.01567],[17.65474,43.01791],[17.65077,43.0238],[17.64243,43.03672],[17.63892,43.04395],[17.63739,43.04656],[17.63648,43.04911],[17.63089,43.05841],[17.62976,43.06082],[17.62801,43.06359],[17.6263,43.06746],[17.62567,43.06931],[17.62242,43.0754],[17.62119,43.07732],[17.61731,43.07892],[17.61323,43.08035],[17.60586,43.08335],[17.59901,43.08715],[17.58764,43.09277],[17.58284,43.09549],[17.58068,43.09689],[17.57593,43.09925],[17.57381,43.10052],[17.56836,43.103],[17.56371,43.10442],[17.56076,43.10513],[17.55463,43.1072],[17.54825,43.11016],[17.54553,43.11186],[17.54254,43.11402],[17.53935,43.11478],[17.53605,43.11589],[17.53292,43.11733],[17.52988,43.11925],[17.52828,43.11978],[17.52435,43.1208],[17.52166,43.12181],[17.51916,43.12305],[17.51503,43.12554],[17.5129,43.12652],[17.50282,43.12938],[17.4972,43.13123],[17.49512,43.13214],[17.49287,43.13338],[17.49049,43.13412],[17.48784,43.13521],[17.48587,43.13625],[17.48395,43.1375],[17.48135,43.13848],[17.4781,43.14004],[17.47483,43.14193],[17.46813,43.14386],[17.46337,43.14566],[17.46035,43.14719],[17.45765,43.14883],[17.45553,43.15033],[17.45384,43.15185],[17.44798,43.15526],[17.44513,43.1564],[17.44247,43.1578],[17.44027,43.15932],[17.43848,43.16084],[17.4354,43.16056],[17.43231,43.16046],[17.42993,43.16054],[17.42688,43.16087],[17.42393,43.16143],[17.42166,43.16206],[17.41895,43.16308],[17.41693,43.16407],[17.41504,43.1652],[17.41292,43.16679],[17.41108,43.16856],[17.40955,43.17049],[17.40651,43.17553],[17.40538,43.17848],[17.40407,43.18112],[17.40307,43.18449],[17.40261,43.18662],[17.40247,43.18844],[17.4029,43.19254],[17.40353,43.19462],[17.40466,43.197],[17.4053,43.19921],[17.40636,43.20145],[17.40697,43.2032],[17.40666,43.20473],[17.40566,43.20758],[17.40519,43.21136],[17.40125,43.21925],[17.3857,43.22887],[17.38102,43.22977],[17.37775,43.22995],[17.37532,43.23025],[17.37295,43.23072],[17.37083,43.23131],[17.35775,43.2315],[17.35413,43.2318],[17.35177,43.23222],[17.34948,43.23281],[17.34727,43.23356],[17.34502,43.23453],[17.33762,43.23548],[17.33469,43.23602],[17.3308,43.23722],[17.32872,43.23811],[17.32677,43.23915],[17.32373,43.24129],[17.32057,43.24429],[17.31934,43.24584],[17.31823,43.24765],[17.31082,43.25649],[17.30907,43.25927],[17.30807,43.26159],[17.30758,43.26334],[17.30731,43.26556],[17.30744,43.2685],[17.30661,43.27079],[17.30596,43.27419],[17.30338,43.27587],[17.29943,43.27909],[17.29799,43.2805],[17.29677,43.28198],[17.29288,43.28524],[17.28982,43.28859],[17.28853,43.29059],[17.28747,43.29283],[17.28491,43.29646],[17.28366,43.29882],[17.28252,43.30058],[17.28156,43.30268],[17.28091,43.30486],[17.27889,43.30701],[17.27672,43.30977],[17.26096,43.33379],[17.25915,43.33623],[17.25828,43.3379],[17.25771,43.33938],[17.25606,43.34201],[17.2537,43.34703],[17.25217,43.34898],[17.2509,43.35107],[17.25016,43.35282],[17.24958,43.35479],[17.24792,43.35791],[17.24693,43.36081],[17.24365,43.36447],[17.24261,43.36607],[17.24178,43.36773],[17.24098,43.37032],[17.2407,43.37312],[17.24038,43.37472],[17.23851,43.38124],[17.23792,43.38597],[17.23591,43.38715],[17.23407,43.38845],[17.23243,43.38986],[17.23103,43.39134],[17.22981,43.39289],[17.22849,43.39503],[17.22721,43.39752],[17.22658,43.39924],[17.22619,43.40098],[17.22603,43.40275],[17.22611,43.40452],[17.22643,43.40628],[17.22699,43.40801],[17.22778,43.40968],[17.22904,43.41174],[17.23045,43.41367],[17.23256,43.41584],[17.23464,43.41746],[17.23797,43.41939],[17.24006,43.42029],[17.24225,43.42104],[17.24352,43.42207],[17.24617,43.42462],[17.25028,43.42746],[17.25198,43.42947],[17.25369,43.43102],[17.25567,43.43372],[17.25957,43.43835],[17.26006,43.4401],[17.25999,43.44186],[17.26025,43.44498],[17.26028,43.44776],[17.25971,43.45062],[17.25962,43.45332],[17.25996,43.45572],[17.26075,43.45812],[17.26063,43.45868],[17.25689,43.4609],[17.25026,43.46601],[17.24317,43.46919],[17.23979,43.47092],[17.23625,43.47241],[17.23448,43.47331],[17.2325,43.47454],[17.23,43.4752],[17.22724,43.47616],[17.22516,43.47706],[17.2232,43.47809],[17.22029,43.47912],[17.21658,43.47847],[17.21234,43.47825],[17.2074,43.47862],[17.19998,43.47991],[17.19569,43.47945],[17.19073,43.47607],[17.18879,43.47503],[17.18618,43.47393],[17.18342,43.47307],[17.18111,43.47257],[17.17815,43.47217],[17.17515,43.47204],[17.17215,43.47217],[17.16977,43.47246],[17.15924,43.47487],[17.15336,43.476],[17.1506,43.47621],[17.14759,43.4767],[17.14468,43.47745],[17.13794,43.47971],[17.1343,43.4814],[17.13111,43.48352],[17.12953,43.4849],[17.1263,43.48818],[17.12517,43.48968],[17.12332,43.49261],[17.12039,43.494],[17.1166,43.49611],[17.11483,43.49723],[17.11248,43.49913],[17.10745,43.50398],[17.10304,43.50546],[17.09685,43.50817],[17.09451,43.50945],[17.08792,43.51379],[17.08468,43.5147],[17.08205,43.51574],[17.07961,43.51702],[17.0771,43.51872],[17.07455,43.51971],[17.07206,43.52097],[17.06938,43.52276],[17.06588,43.52576],[17.06446,43.52718],[17.06277,43.52926],[17.06074,43.53027],[17.05481,43.53375],[17.05149,43.53492],[17.04462,43.53798],[17.04272,43.53849],[17.0368,43.53946],[17.03393,43.54013],[17.03171,43.54081],[17.0262,43.5428],[17.02368,43.54384],[17.01994,43.54584],[17.01556,43.54917],[17.01257,43.55077],[17.01019,43.55248],[17.00048,43.55692],[16.99511,43.56033],[16.99285,43.56149],[16.99109,43.56259],[16.98928,43.56396],[16.98745,43.5657],[16.98592,43.56758],[16.98484,43.56936],[16.98309,43.57062],[16.98056,43.57206],[16.97843,43.57364],[16.97624,43.57577],[16.97471,43.57779],[16.97201,43.57974],[16.9687,43.58287],[16.96713,43.58485],[16.96551,43.58751],[16.9614,43.59134],[16.95622,43.59748],[16.95516,43.59907],[16.95384,43.60161],[16.9505,43.60716],[16.94124,43.61295],[16.9298,43.62073],[16.9151,43.63045],[16.91337,43.63172],[16.91182,43.6331],[16.90987,43.63536],[16.9084,43.63781],[16.90745,43.64039],[16.907,43.643],[16.90492,43.64402],[16.90263,43.64543],[16.90098,43.6467],[16.89917,43.64844],[16.89748,43.65058],[16.89576,43.65223],[16.89451,43.65374],[16.893,43.65611],[16.89196,43.6586],[16.88865,43.66274],[16.87114,43.67096],[16.86828,43.67267],[16.8658,43.67467],[16.86439,43.67614],[16.86319,43.67771],[16.8615,43.68082],[16.85963,43.68208],[16.85803,43.68339],[16.85662,43.68481],[16.85513,43.68672],[16.85361,43.68958],[16.85167,43.69485],[16.85121,43.69663],[16.85066,43.69717],[16.83625,43.70359],[16.83437,43.70455],[16.83085,43.70671],[16.81782,43.71267],[16.80887,43.71752],[16.8067,43.71905],[16.80378,43.72151],[16.80237,43.72296],[16.80115,43.72451],[16.79596,43.73248],[16.79499,43.7345],[16.79187,43.7433],[16.79107,43.74458],[16.79006,43.74544],[16.78766,43.74694],[16.77269,43.75042],[16.75843,43.75192],[16.75493,43.75152],[16.75186,43.75148],[16.7488,43.75171],[16.74581,43.75221],[16.74236,43.75316],[16.73914,43.75447],[16.73623,43.75612],[16.73369,43.75805],[16.72951,43.76214],[16.72702,43.76418],[16.72539,43.76592],[16.7115,43.77811],[16.70344,43.78674],[16.70228,43.78828],[16.70134,43.78989],[16.70022,43.79285],[16.69983,43.79559],[16.69792,43.79763],[16.69632,43.80002],[16.69519,43.80251],[16.69406,43.80606],[16.69333,43.81414],[16.69358,43.82122],[16.69421,43.82418],[16.69344,43.82634],[16.69303,43.82855],[16.69306,43.83123],[16.6935,43.83345],[16.69336,43.83509],[16.69235,43.8366],[16.69151,43.83823],[16.69078,43.84033],[16.69037,43.84278],[16.68962,43.84397],[16.68014,43.84756],[16.67292,43.85001],[16.67029,43.85115],[16.66743,43.85283],[16.65784,43.85967],[16.65562,43.86013],[16.65337,43.86076],[16.65121,43.86155],[16.64918,43.86249],[16.64727,43.86357],[16.64552,43.86477],[16.64049,43.86905],[16.63814,43.86983],[16.63612,43.87069],[16.63177,43.87286],[16.6294,43.87435],[16.62344,43.87892],[16.62194,43.88026],[16.61894,43.88201],[16.61448,43.88536],[16.60866,43.88915],[16.60662,43.89076],[16.60424,43.89328],[16.60234,43.89618],[16.6003,43.89748],[16.59869,43.89871],[16.59114,43.90509],[16.58914,43.90708],[16.58732,43.90945],[16.58585,43.91238],[16.58326,43.91462],[16.58095,43.91736],[16.57973,43.9194],[16.57881,43.92161],[16.57586,43.923],[16.57351,43.92446],[16.57085,43.92656],[16.56858,43.92898],[16.55616,43.93224],[16.55185,43.93325],[16.54393,43.93606],[16.53973,43.93721],[16.53757,43.93803],[16.53504,43.93926],[16.53318,43.94039],[16.53149,43.94166],[16.52997,43.94303],[16.52864,43.94451],[16.52752,43.94607],[16.52662,43.94771],[16.52542,43.95104],[16.52055,43.96847],[16.51546,43.9766],[16.49685,43.99232],[16.49508,43.99401],[16.4936,43.99583],[16.48426,44.00971],[16.47747,44.01145],[16.47074,44.01169],[16.46851,44.01128],[16.46228,44.0105],[16.45316,44.01003],[16.44668,44.01012],[16.44164,44.01069],[16.43675,44.01096],[16.43318,44.01153],[16.42976,44.01247],[16.42708,44.01353],[16.4216,44.01611],[16.41974,44.01726],[16.41804,44.01854],[16.41652,44.01993],[16.41521,44.02143],[16.4138,44.02339],[16.41293,44.025],[16.41228,44.02666],[16.41185,44.02835],[16.41157,44.03118],[16.41172,44.03342],[16.41226,44.03562],[16.41373,44.03958],[16.41169,44.04595],[16.41079,44.05313],[16.41076,44.055],[16.41096,44.05693],[16.41138,44.05871],[16.41228,44.06102],[16.41326,44.06283],[16.40625,44.06187],[16.40248,44.06159],[16.39943,44.06167],[16.38399,44.06279],[16.38164,44.06241],[16.3792,44.06219],[16.37675,44.06215],[16.3743,44.06228],[16.37009,44.06292],[16.36778,44.06352],[16.36533,44.06437],[16.36306,44.06473],[16.36073,44.06527],[16.35739,44.06639],[16.35481,44.06758],[16.3529,44.06869],[16.35075,44.07026],[16.34923,44.07165],[16.3476,44.07352],[16.33935,44.08657],[16.33796,44.08902],[16.33725,44.09079],[16.32635,44.09503],[16.31301,44.09691],[16.31062,44.09739],[16.30831,44.09804],[16.30609,44.09885],[16.3035,44.10007],[16.30159,44.10121],[16.29944,44.10282],[16.29692,44.10537],[16.2917,44.11214],[16.29044,44.11408],[16.28842,44.11576],[16.2867,44.1176],[16.28557,44.11918],[16.28446,44.12125],[16.2836,44.12384],[16.28329,44.12649],[16.28419,44.13732],[16.28086,44.13888],[16.27891,44.13994],[16.27712,44.14113],[16.27541,44.14249],[16.2736,44.14424],[16.27197,44.1463],[16.27007,44.1483],[16.26843,44.15061],[16.26501,44.1524],[16.2624,44.15414],[16.25926,44.15538],[16.25671,44.15666],[16.25439,44.15816],[16.25229,44.15992],[16.24778,44.16231],[16.24519,44.164],[16.24244,44.16642],[16.24035,44.16907],[16.23648,44.17226],[16.23413,44.17483],[16.23203,44.17653],[16.23021,44.17844],[16.22554,44.18163],[16.22182,44.18497],[16.2196,44.1859],[16.21739,44.187],[16.214,44.18907],[16.20974,44.19252],[16.20669,44.19541],[16.20335,44.19725],[16.2005,44.19678],[16.19598,44.1958],[16.19356,44.19551],[16.19121,44.19539],[16.1904,44.19521],[16.1884,44.19397],[16.18584,44.19272],[16.18309,44.1917],[16.18018,44.19094],[16.17594,44.19032],[16.17347,44.1902],[16.171,44.19026],[16.16794,44.19058],[16.16495,44.19118],[16.16186,44.1921],[16.15958,44.19302],[16.15722,44.19419],[16.15492,44.19565],[16.15289,44.1973],[16.15115,44.19911],[16.14948,44.20147],[16.14811,44.20441],[16.14747,44.20709],[16.14743,44.21025],[16.14821,44.21396],[16.1492,44.21641],[16.15139,44.22004],[16.15263,44.22151],[16.15406,44.22289],[16.15674,44.22499],[16.15964,44.22669],[16.16324,44.22833],[16.16809,44.22994],[16.17042,44.2305],[16.17621,44.2322],[16.17925,44.23284],[16.18547,44.23344],[16.19059,44.2335],[16.19144,44.23377],[16.18905,44.23469],[16.18701,44.23568],[16.18478,44.23701],[16.18286,44.23839],[16.18,44.24087],[16.17842,44.24254],[16.17697,44.2445],[16.17605,44.24615],[16.17512,44.24863],[16.17472,44.25047],[16.17315,44.25256],[16.17211,44.25446],[16.17054,44.25812],[16.16986,44.26054],[16.16812,44.26336],[16.16642,44.26772],[16.16605,44.26945],[16.16565,44.27365],[16.16574,44.27653],[16.16602,44.27865],[16.16599,44.28061],[16.16629,44.28281],[16.1658,44.28495],[16.16394,44.28781],[16.16296,44.28991],[16.16234,44.29209],[16.16202,44.29464],[16.16227,44.30092],[16.16252,44.30278],[16.16257,44.30607],[16.16335,44.31076],[16.16488,44.31514],[16.16576,44.31678],[16.16685,44.31835],[16.16814,44.31983],[16.1696,44.32119],[16.17045,44.32433],[16.17185,44.32733],[16.17323,44.33093],[16.17623,44.33635],[16.17896,44.34022],[16.18481,44.34665],[16.17899,44.34748],[16.16781,44.34974],[16.16435,44.35073],[16.16164,44.35182],[16.15914,44.35315],[16.15429,44.35633],[16.15185,44.35834],[16.14939,44.35789],[16.14638,44.3576],[16.14347,44.35753],[16.14042,44.35771],[16.13683,44.35828],[16.13156,44.35954],[16.12878,44.35992],[16.12445,44.36077],[16.12043,44.36186],[16.11827,44.36271],[16.11574,44.36397],[16.11389,44.36513],[16.11221,44.36642],[16.1107,44.36782],[16.1094,44.36931],[16.10719,44.37285],[16.10622,44.37489],[16.10538,44.3775],[16.10464,44.38287],[16.10378,44.38694],[16.10366,44.38849],[16.10269,44.39264],[16.10253,44.3944],[16.10262,44.39617],[16.10336,44.39923],[16.10456,44.40174],[16.10595,44.40372],[16.10767,44.40556],[16.10969,44.40723],[16.11247,44.40899],[16.11579,44.41058],[16.11844,44.41162],[16.12174,44.41265],[16.12071,44.41407],[16.11979,44.41567],[16.11879,44.4181],[16.11728,44.42091],[16.11643,44.42343],[16.11585,44.42627],[16.11584,44.42897],[16.11566,44.43059],[16.11492,44.43395],[16.11396,44.43648],[16.11356,44.43817],[16.11334,44.44028],[16.11345,44.44249],[16.11077,44.44476],[16.10859,44.44742],[16.10708,44.4503],[16.10627,44.45316],[16.10608,44.45589],[16.10642,44.45848],[16.10748,44.46155],[16.10774,44.46341],[16.10824,44.46515],[16.10919,44.46726],[16.11034,44.46905],[16.11039,44.47197],[16.11087,44.47478],[16.10936,44.47614],[16.10801,44.47763],[16.10687,44.47921],[16.10595,44.48087],[16.10526,44.48258],[16.10482,44.48433],[16.10462,44.4861],[16.10464,44.48772],[16.10154,44.491],[16.10041,44.49257],[16.0995,44.49421],[16.09847,44.4972],[16.09714,44.49985],[16.0958,44.50383],[16.09533,44.506],[16.09523,44.50815],[16.09351,44.5102],[16.09077,44.51208],[16.08449,44.51426],[16.08056,44.51591],[16.07817,44.51625],[16.0758,44.51676],[16.07351,44.51743],[16.07164,44.51814],[16.06731,44.5183],[16.05074,44.52029],[16.0466,44.52126],[16.04276,44.52272],[16.03979,44.52434],[16.03508,44.5276],[16.03343,44.52894],[16.03216,44.53018],[16.02854,44.53298],[16.02684,44.53458],[16.01392,44.54193],[16.00773,44.54506],[16.00545,44.5465],[15.99867,44.5518],[15.99692,44.55364],[15.9955,44.55563],[15.99427,44.55816],[15.99358,44.56079],[15.99348,44.56391],[15.99413,44.56714],[15.99377,44.56873],[15.99319,44.57361],[15.99264,44.57607],[15.99179,44.57842],[15.99133,44.58092],[15.99129,44.58372],[15.99154,44.58607],[15.99194,44.58779],[15.99319,44.5907],[15.99552,44.5942],[15.99753,44.59637],[16.00054,44.5988],[16.00268,44.60024],[16.00403,44.60136],[16.0058,44.60258],[16.00925,44.6044],[16.01212,44.6055],[16.01448,44.60621],[16.01753,44.60688],[16.01968,44.6072],[16.02151,44.60983],[16.02184,44.61183],[16.02239,44.61355],[16.02317,44.61523],[16.02424,44.61693],[16.02105,44.62046],[16.01919,44.62334],[16.01788,44.62683],[16.01758,44.62851],[16.0174,44.63104],[16.01527,44.63295],[16.01213,44.63649],[16.00966,44.63664],[16.00699,44.63695],[16.00287,44.63783],[15.99956,44.63897],[15.9963,44.64056],[15.99395,44.64121],[15.99056,44.64237],[15.98701,44.64325],[15.98427,44.64425],[15.98137,44.64561],[15.9787,44.64727],[15.97471,44.6503],[15.97247,44.65254],[15.96823,44.65354],[15.96409,44.65499],[15.96038,44.65686],[15.95567,44.65993],[15.95395,44.66125],[15.95175,44.66325],[15.94959,44.66581],[15.94702,44.66824],[15.94545,44.67018],[15.9442,44.6722],[15.94328,44.6743],[15.94273,44.67647],[15.94247,44.67905],[15.94043,44.68049],[15.93856,44.68212],[15.93686,44.68403],[15.93546,44.68601],[15.93347,44.68789],[15.93205,44.68947],[15.92961,44.6896],[15.92715,44.6899],[15.92475,44.69037],[15.92242,44.69101],[15.92019,44.69181],[15.91719,44.69311],[15.91523,44.69415],[15.91341,44.69532],[15.91065,44.69764],[15.90748,44.70114],[15.90594,44.7036],[15.9039,44.70799],[15.90111,44.71044],[15.8985,44.7137],[15.89671,44.71509],[15.89229,44.7129],[15.88903,44.7117],[15.88615,44.71097],[15.88301,44.71048],[15.88002,44.70967],[15.87703,44.70916],[15.87275,44.70888],[15.86907,44.70906],[15.86546,44.70962],[15.8615,44.7107],[15.85631,44.70432],[15.85488,44.70289],[15.85283,44.70126],[15.85002,44.69955],[15.84743,44.69836],[15.84465,44.6974],[15.84174,44.69669],[15.83872,44.69624],[15.83565,44.69606],[15.83258,44.69614],[15.83014,44.6964],[15.82716,44.69696],[15.8243,44.69777],[15.8216,44.69883],[15.81958,44.69984],[15.81494,44.70247],[15.81233,44.70443],[15.80917,44.70581],[15.80573,44.70775],[15.80255,44.71004],[15.79293,44.71973],[15.79176,44.72127],[15.79082,44.72289],[15.79009,44.72456],[15.78965,44.72606],[15.7876,44.72746],[15.78052,44.72882],[15.77761,44.72967],[15.77541,44.73053],[15.77333,44.73154],[15.76528,44.73614],[15.76305,44.73764],[15.76147,44.73898],[15.75946,44.74117],[15.75791,44.74355],[15.75686,44.74606],[15.75631,44.74905],[15.75416,44.75153],[15.75189,44.7538],[15.74893,44.75743],[15.74744,44.75987],[15.74633,44.76286],[15.74289,44.76539],[15.741,44.7671],[15.73888,44.76976],[15.73736,44.77277],[15.73476,44.77535],[15.73282,44.77802],[15.73127,44.77975],[15.72779,44.78338],[15.72138,44.78813],[15.71981,44.78948],[15.71782,44.7917],[15.7163,44.79409],[15.71529,44.79662],[15.71479,44.79967],[15.71501,44.80273],[15.7159,44.80592],[15.70639,44.81698],[15.70468,44.8198],[15.70377,44.82236],[15.70338,44.82542],[15.70364,44.82806],[15.70444,44.83063],[15.70602,44.83349],[15.70826,44.83612],[15.70982,44.83749],[15.71155,44.83874],[15.71497,44.84062],[15.7188,44.84206],[15.72171,44.8428],[15.72472,44.84327],[15.74303,44.84471],[15.75056,44.84612],[15.75464,44.84829],[15.74598,44.85428],[15.74094,44.85798],[15.7384,44.86052],[15.73724,44.8621],[15.73631,44.86375],[15.73535,44.86633],[15.73496,44.86854],[15.73483,44.8739],[15.73458,44.87702],[15.7348,44.88559],[15.73395,44.88817],[15.73011,44.89839],[15.7261,44.90633],[15.72481,44.90812],[15.72194,44.91311],[15.71912,44.9206],[15.71772,44.9237],[15.71596,44.92523],[15.71458,44.9267],[15.71341,44.92826],[15.71226,44.93031],[15.71147,44.93244],[15.71106,44.93463],[15.711,44.9364],[15.71127,44.9386],[15.71229,44.94161],[15.71401,44.94445],[15.71529,44.94596],[15.71763,44.94808],[15.71914,44.94988],[15.72068,44.95138],[15.72025,44.95398],[15.72041,44.95779],[15.72014,44.96044],[15.72058,44.96402],[15.72145,44.96654],[15.72232,44.96815],[15.7234,44.96971],[15.72491,44.97357],[15.7259,44.9752],[15.72711,44.97675],[15.72972,44.97925],[15.7333,44.98181],[15.73626,44.9834],[15.74134,44.98557],[15.74515,44.98688],[15.74868,44.98773],[15.75233,44.9882],[15.75624,44.98829],[15.75717,44.99039],[15.7572,44.99115],[15.75708,44.99235],[15.75457,44.99404],[15.75263,44.99573],[15.7513,44.9972],[15.74858,45.00077],[15.74626,45.00435],[15.74479,45.00785],[15.74442,45.00844],[15.74261,45.0105],[15.74155,45.01209],[15.74014,45.0149],[15.7396,45.01663],[15.73927,45.01864],[15.73779,45.0212],[15.73679,45.02428],[15.73446,45.02703],[15.73333,45.02871],[15.73246,45.03041],[15.73172,45.0326],[15.73132,45.0353],[15.73039,45.03837],[15.72886,45.04091],[15.72779,45.04399],[15.72596,45.04541],[15.72466,45.04663],[15.72213,45.04853],[15.72065,45.04995],[15.71937,45.05147],[15.71804,45.05341],[15.71721,45.05506],[15.71642,45.05735]],[[15.72868,44.82549],[15.74276,44.80923],[15.74006,44.80026],[15.74676,44.79541],[15.75014,44.79206],[15.75609,44.78573],[15.75599,44.78535],[15.75622,44.78487],[15.75874,44.78249],[15.76006,44.78152],[15.76115,44.78109],[15.76173,44.7806],[15.76214,44.77916],[15.76175,44.77818],[15.76181,44.77733],[15.76271,44.77681],[15.76385,44.77583],[15.76553,44.77493],[15.76781,44.77321],[15.76881,44.77225],[15.76908,44.77223],[15.76952,44.77193],[15.7705,44.77033],[15.77091,44.7683],[15.77093,44.76699],[15.77128,44.76583],[15.77321,44.76346],[15.77513,44.7616],[15.77906,44.75713],[15.78126,44.75433],[15.78154,44.74991],[15.78863,44.74587],[15.80222,44.74337],[15.80611,44.73971],[15.81008,44.73921],[15.8125,44.73725],[15.81439,44.73476],[15.81513,44.73262],[15.81456,44.72902],[15.82199,44.72152],[15.82391,44.72043],[15.83112,44.71816],[15.83186,44.71584],[15.83507,44.71406],[15.84243,44.72317],[15.84737,44.72714],[15.84932,44.72999],[15.84934,44.73351],[15.85287,44.73627],[15.86024,44.73586],[15.8615,44.73495],[15.86515,44.73333],[15.86559,44.73251],[15.86484,44.73318],[15.86326,44.73335],[15.86311,44.73312],[15.86443,44.73296],[15.86488,44.73247],[15.86418,44.73117],[15.86415,44.73014],[15.86512,44.72908],[15.86609,44.7289],[15.87261,44.72689],[15.87398,44.72827],[15.87297,44.72958],[15.87344,44.73078],[15.87535,44.72876],[15.87914,44.72827],[15.88083,44.72909],[15.88152,44.73275],[15.88419,44.73455],[15.88379,44.74395],[15.88861,44.74441],[15.88929,44.74738],[15.89043,44.7473],[15.89447,44.74942],[15.89462,44.74868],[15.89625,44.74663],[15.89784,44.74598],[15.90016,44.74617],[15.90098,44.74584],[15.90206,44.74576],[15.90244,44.74554],[15.90173,44.74393],[15.90127,44.74166],[15.90142,44.74145],[15.90375,44.74035],[15.9045,44.73778],[15.90558,44.73712],[15.90724,44.73636],[15.91229,44.73318],[15.91314,44.7317],[15.91381,44.73106],[15.91324,44.73056],[15.91473,44.72886],[15.9157,44.72817],[15.91618,44.72656],[15.91879,44.72555],[15.9186,44.72486],[15.91888,44.72433],[15.91961,44.72372],[15.92202,44.72053],[15.92634,44.71767],[15.92801,44.71333],[15.9297,44.70968],[15.93122,44.70808],[15.93264,44.70747],[15.93738,44.71074],[15.94532,44.71101],[15.94726,44.7109],[15.9479,44.71112],[15.94748,44.71146],[15.94804,44.71152],[15.95272,44.71154],[15.95351,44.71149],[15.95438,44.71126],[15.95541,44.71065],[15.95572,44.71],[15.95566,44.70847],[15.95633,44.70735],[15.95658,44.70491],[15.95611,44.7033],[15.95564,44.70281],[15.95363,44.70225],[15.95318,44.70195],[15.9528,44.7014],[15.95276,44.70085],[15.95328,44.69959],[15.95396,44.69841],[15.95685,44.69567],[15.95921,44.69252],[15.96266,44.69228],[15.96394,44.69204],[15.96457,44.69181],[15.96562,44.69103],[15.96599,44.69021],[15.96605,44.68765],[15.96672,44.68633],[15.9678,44.68473],[15.96847,44.68294],[15.96854,44.68204],[15.96805,44.68073],[15.9677,44.67918],[15.96778,44.67862],[15.96802,44.67822],[15.97151,44.675],[15.97222,44.67377],[15.97329,44.67281],[15.9745,44.67221],[15.97647,44.67073],[15.97713,44.67041],[15.97892,44.66995],[15.98,44.66983],[15.98128,44.66991],[15.98254,44.66985],[15.98384,44.66951],[15.98708,44.66823],[15.98783,44.6677],[15.98835,44.66695],[15.98897,44.66649],[15.9913,44.66509],[15.99232,44.66462],[15.99307,44.66404],[15.9938,44.66298],[15.99407,44.66184],[15.99507,44.66129],[15.9966,44.65996],[15.99704,44.65977],[15.99849,44.65967],[16.0006,44.65906],[16.00219,44.65835],[16.00327,44.65813],[16.00431,44.65763],[16.00698,44.65717],[16.00816,44.65663],[16.01027,44.65598],[16.01212,44.65458],[16.01297,44.65449],[16.01402,44.65473],[16.0192,44.65657],[16.02058,44.6569],[16.02138,44.65691],[16.02608,44.65558],[16.02779,44.65535],[16.03031,44.65438],[16.03154,44.6536],[16.03185,44.653],[16.03189,44.64924],[16.03201,44.64824],[16.03237,44.64758],[16.03495,44.6443],[16.03605,44.64315],[16.03902,44.64109],[16.0411,44.63827],[16.0425,44.63594],[16.04299,44.63339],[16.04302,44.63274],[16.04261,44.63083],[16.04292,44.62942],[16.04418,44.62795],[16.04538,44.62687],[16.04832,44.62471],[16.04925,44.62451],[16.0496,44.62472],[16.05087,44.62627],[16.05132,44.62644],[16.05182,44.62648],[16.05246,44.62638],[16.05458,44.62568],[16.05491,44.62536],[16.05526,44.62397],[16.05552,44.61527],[16.05484,44.61303],[16.05479,44.61226],[16.05522,44.61138],[16.05582,44.61068],[16.0577,44.60912],[16.05802,44.60856],[16.058,44.60823],[16.05656,44.60701],[16.05635,44.60664],[16.05569,44.60671],[16.05545,44.60649],[16.05498,44.6066],[16.05509,44.60671],[16.05444,44.60723],[16.05336,44.60777],[16.0536,44.60791],[16.05358,44.60807],[16.05248,44.60941],[16.05214,44.60955],[16.05066,44.60957],[16.04905,44.60933],[16.04666,44.60871],[16.04678,44.6078],[16.04739,44.60685],[16.04753,44.60561],[16.04836,44.6041],[16.04782,44.60298],[16.04734,44.60263],[16.04411,44.60087],[16.0431,44.60054],[16.04317,44.59991],[16.04415,44.59846],[16.04662,44.59814],[16.04795,44.59771],[16.05012,44.59668],[16.0511,44.59637],[16.05088,44.59623],[16.04927,44.59595],[16.04826,44.59542],[16.04711,44.59469],[16.0463,44.59384],[16.04536,44.59381],[16.04517,44.59333],[16.0438,44.59202],[16.04125,44.58877],[16.0397,44.58829],[16.03839,44.58832],[16.03571,44.58787],[16.03359,44.58835],[16.03075,44.58829],[16.02969,44.58815],[16.02757,44.58875],[16.02607,44.58882],[16.02435,44.58949],[16.02381,44.58944],[16.02243,44.58906],[16.0208,44.58721],[16.01883,44.58642],[16.01812,44.58566],[16.01745,44.58535],[16.01656,44.58398],[16.01642,44.5825],[16.01653,44.58181],[16.01736,44.57963],[16.01813,44.57618],[16.0185,44.57399],[16.01879,44.5708],[16.01946,44.56762],[16.01947,44.56564],[16.01861,44.56279],[16.02205,44.56031],[16.0232,44.55926],[16.02923,44.55623],[16.036,44.5523],[16.03787,44.55141],[16.04582,44.54676],[16.04769,44.54466],[16.0505,44.54251],[16.05327,44.54079],[16.05305,44.54051],[16.0531,44.54017],[16.05646,44.53782],[16.06882,44.53643],[16.06996,44.53676],[16.07075,44.53613],[16.07306,44.53643],[16.0793,44.53571],[16.08367,44.53423],[16.08426,44.53371],[16.08501,44.53431],[16.09196,44.53274],[16.09359,44.53196],[16.09463,44.53084],[16.09637,44.53013],[16.09921,44.53014],[16.10043,44.5287],[16.10283,44.528],[16.10529,44.52744],[16.10614,44.5267],[16.1079,44.52556],[16.10947,44.52412],[16.11255,44.52255],[16.11545,44.5194],[16.1159,44.51842],[16.1178,44.51674],[16.11861,44.51568],[16.11965,44.51558],[16.12064,44.51429],[16.12057,44.5132],[16.12208,44.51348],[16.12268,44.51138],[16.12038,44.50765],[16.12194,44.50595],[16.12217,44.5054],[16.12142,44.50456],[16.12207,44.50389],[16.12294,44.50181],[16.12333,44.5008],[16.12331,44.50002],[16.12391,44.49982],[16.1255,44.49802],[16.12559,44.49769],[16.12708,44.49668],[16.12747,44.4962],[16.12779,44.4952],[16.12884,44.49485],[16.12918,44.4946],[16.13077,44.49272],[16.13121,44.4918],[16.13136,44.49127],[16.13107,44.49043],[16.13125,44.4901],[16.13162,44.4901],[16.13186,44.48976],[16.13177,44.48908],[16.1319,44.48857],[16.13023,44.48755],[16.12977,44.48701],[16.12975,44.48667],[16.13022,44.48639],[16.13371,44.48503],[16.13728,44.48375],[16.13794,44.48274],[16.14049,44.48035],[16.14116,44.47998],[16.14059,44.47974],[16.1404,44.47947],[16.13988,44.47762],[16.13967,44.47568],[16.13812,44.47401],[16.13702,44.47322],[16.13667,44.47269],[16.13566,44.47179],[16.13543,44.4702],[16.13557,44.46954],[16.13677,44.46598],[16.1375,44.46469],[16.1377,44.46386],[16.13764,44.46349],[16.13744,44.46302],[16.13664,44.46219],[16.13306,44.46104],[16.13259,44.46066],[16.13251,44.45906],[16.13272,44.45723],[16.13265,44.45701],[16.13157,44.45622],[16.13121,44.4554],[16.13127,44.45518],[16.13351,44.45366],[16.13486,44.4535],[16.13647,44.45351],[16.13704,44.45356],[16.13765,44.45384],[16.13908,44.45403],[16.14074,44.45287],[16.14132,44.4511],[16.14216,44.45031],[16.14341,44.44854],[16.1424,44.44646],[16.14285,44.44543],[16.14217,44.44467],[16.14193,44.44382],[16.14246,44.44321],[16.14161,44.44243],[16.13943,44.44189],[16.13855,44.44121],[16.13846,44.44073],[16.13953,44.43781],[16.14017,44.43455],[16.14062,44.43368],[16.14098,44.43334],[16.14065,44.4324],[16.14086,44.43063],[16.14128,44.42982],[16.14151,44.42895],[16.14146,44.42817],[16.14092,44.428],[16.14131,44.42614],[16.14213,44.42492],[16.14371,44.42422],[16.14513,44.42332],[16.14519,44.42309],[16.14352,44.42244],[16.14331,44.42231],[16.14331,44.42204],[16.14365,44.42154],[16.14502,44.42073],[16.14578,44.41951],[16.14628,44.41949],[16.14696,44.42007],[16.14825,44.42031],[16.14943,44.42075],[16.14963,44.42096],[16.14982,44.42186],[16.15019,44.42232],[16.15162,44.42218],[16.15288,44.42264],[16.15328,44.42243],[16.15384,44.42118],[16.15435,44.42069],[16.15783,44.4193],[16.15839,44.41859],[16.15858,44.41696],[16.15938,44.41639],[16.15986,44.41573],[16.16025,44.41573],[16.16035,44.4161],[16.16067,44.41638],[16.16127,44.41649],[16.16157,44.4164],[16.16194,44.41585],[16.16308,44.41488],[16.16289,44.41447],[16.16297,44.41423],[16.1647,44.41342],[16.16542,44.41142],[16.1659,44.41062],[16.16539,44.40958],[16.16539,44.40909],[16.16595,44.40843],[16.16701,44.4076],[16.16675,44.40608],[16.16684,44.40592],[16.16742,44.40564],[16.16825,44.4057],[16.16951,44.40606],[16.17068,44.40567],[16.1717,44.40486],[16.17203,44.40292],[16.17243,44.40238],[16.17203,44.4023],[16.17158,44.40254],[16.17136,44.40246],[16.17124,44.4022],[16.17096,44.40218],[16.17064,44.40252],[16.1704,44.40257],[16.16977,44.40237],[16.16941,44.40104],[16.16868,44.40101],[16.16802,44.40134],[16.16756,44.40142],[16.16664,44.40121],[16.16625,44.39985],[16.16605,44.39962],[16.16533,44.3994],[16.16495,44.39916],[16.16371,44.39766],[16.16303,44.39724],[16.16184,44.39675],[16.16156,44.39675],[16.16007,44.3958],[16.15921,44.39501],[16.15815,44.39483],[16.15727,44.39455],[16.15393,44.39462],[16.1537,44.39518],[16.15396,44.39635],[16.15373,44.397],[16.15275,44.39708],[16.1501,44.39678],[16.14954,44.39647],[16.14885,44.39569],[16.1475,44.39522],[16.14754,44.39451],[16.14741,44.39395],[16.14721,44.39376],[16.14583,44.39356],[16.14378,44.39357],[16.14328,44.39343],[16.14233,44.39236],[16.14201,44.39221],[16.14136,44.39203],[16.14022,44.39199],[16.13863,44.39286],[16.13571,44.3955],[16.1341,44.39503],[16.13346,44.39495],[16.13276,44.395],[16.13162,44.39531],[16.13121,44.39548],[16.13111,44.39577],[16.13083,44.39584],[16.12917,44.39534],[16.12764,44.39464],[16.12891,44.39192],[16.12837,44.39165],[16.12959,44.39005],[16.12894,44.38942],[16.12876,44.38877],[16.12896,44.38809],[16.12938,44.38771],[16.1295,44.38735],[16.12941,44.38579],[16.1301,44.38478],[16.13039,44.38388],[16.1301,44.38381],[16.12989,44.38361],[16.12974,44.38315],[16.12988,44.38248],[16.13035,44.38153],[16.13009,44.38089],[16.13015,44.38041],[16.13053,44.37948],[16.13127,44.37856],[16.13132,44.37808],[16.13388,44.37786],[16.13456,44.37744],[16.13488,44.37739],[16.13892,44.37706],[16.14017,44.37646],[16.14097,44.37664],[16.14219,44.37719],[16.14304,44.3772],[16.14348,44.37699],[16.14335,44.37631],[16.14348,44.37592],[16.14403,44.37553],[16.14448,44.37555],[16.14691,44.3766],[16.14937,44.37703],[16.14985,44.37739],[16.15025,44.37739],[16.15082,44.37708],[16.15207,44.37709],[16.15334,44.37852],[16.15414,44.37909],[16.15417,44.37938],[16.15445,44.37966],[16.15495,44.38009],[16.15551,44.38023],[16.15733,44.3795],[16.15794,44.37874],[16.15817,44.37869],[16.15866,44.37889],[16.15895,44.37837],[16.16301,44.3775],[16.16443,44.37646],[16.1651,44.37548],[16.16626,44.37426],[16.16726,44.3746],[16.16873,44.37483],[16.17002,44.37262],[16.17009,44.37226],[16.17174,44.37025],[16.17195,44.36912],[16.17298,44.36945],[16.17311,44.36931],[16.17224,44.36901],[16.17456,44.36805],[16.17498,44.36759],[16.17489,44.36732],[16.17528,44.36693],[16.17612,44.36691],[16.17684,44.3666],[16.17748,44.36676],[16.17756,44.36654],[16.17858,44.36639],[16.18018,44.36597],[16.18075,44.36598],[16.18089,44.36586],[16.18561,44.36485],[16.18621,44.36493],[16.18636,44.36483],[16.18703,44.36499],[16.18818,44.36463],[16.18812,44.36452],[16.19837,44.36318],[16.20619,44.36006],[16.21164,44.35242],[16.21374,44.35198],[16.21871,44.34814],[16.21706,44.34406],[16.21771,44.34357],[16.2182,44.3435],[16.21833,44.34309],[16.21723,44.34194],[16.21626,44.34143],[16.21287,44.34053],[16.21193,44.33969],[16.20967,44.33828],[16.20879,44.33811],[16.20763,44.33765],[16.20681,44.33698],[16.20553,44.3365],[16.20391,44.33441],[16.20246,44.33311],[16.20151,44.33195],[16.20054,44.33104],[16.19917,44.32908],[16.19918,44.32854],[16.19718,44.32558],[16.1963,44.32292],[16.19474,44.31982],[16.19437,44.31785],[16.19494,44.31624],[16.19504,44.31552],[16.19394,44.31349],[16.19316,44.31266],[16.18871,44.30954],[16.1883,44.30824],[16.18857,44.30768],[16.18813,44.30766],[16.18801,44.3075],[16.18826,44.30666],[16.18803,44.30613],[16.18825,44.30544],[16.18781,44.30512],[16.18754,44.30444],[16.18759,44.30314],[16.18773,44.30308],[16.18783,44.30227],[16.18779,44.30156],[16.18732,44.30016],[16.18723,44.29725],[16.18754,44.2967],[16.18714,44.29627],[16.18705,44.29578],[16.18717,44.29458],[16.18744,44.29456],[16.18768,44.29437],[16.18801,44.2936],[16.18837,44.29318],[16.18827,44.29293],[16.18881,44.29256],[16.18907,44.29191],[16.18988,44.29171],[16.19028,44.29128],[16.19079,44.29116],[16.1907,44.29097],[16.19091,44.29068],[16.19087,44.29009],[16.19055,44.29003],[16.19091,44.28858],[16.19052,44.28792],[16.19072,44.28768],[16.19085,44.287],[16.19129,44.28666],[16.19123,44.28638],[16.19093,44.28611],[16.19108,44.28594],[16.19169,44.2859],[16.19191,44.28569],[16.1918,44.28444],[16.19226,44.28354],[16.19186,44.28185],[16.19135,44.28114],[16.19102,44.2798],[16.19144,44.27925],[16.19133,44.27861],[16.19156,44.27844],[16.19133,44.27813],[16.19126,44.27719],[16.19096,44.27691],[16.1912,44.276],[16.19108,44.27556],[16.19076,44.27545],[16.19093,44.27478],[16.19076,44.27461],[16.19073,44.27363],[16.19113,44.27216],[16.19098,44.27128],[16.1919,44.26953],[16.1918,44.26923],[16.19375,44.26731],[16.19399,44.26689],[16.19403,44.26548],[16.19455,44.26503],[16.19458,44.26464],[16.19496,44.26433],[16.19467,44.26343],[16.19471,44.26285],[16.19522,44.26251],[16.19578,44.26158],[16.19591,44.26082],[16.19581,44.26029],[16.19646,44.25955],[16.19745,44.25897],[16.19789,44.25911],[16.19908,44.25888],[16.19973,44.25826],[16.20017,44.25758],[16.20065,44.25736],[16.20091,44.25695],[16.2008,44.25666],[16.19987,44.25622],[16.19982,44.25596],[16.20028,44.25483],[16.19984,44.25428],[16.19993,44.25366],[16.19963,44.25233],[16.19998,44.25173],[16.20108,44.25112],[16.20137,44.25052],[16.20204,44.25008],[16.20249,44.25006],[16.20381,44.25056],[16.20693,44.25129],[16.21006,44.24997],[16.21047,44.24892],[16.21048,44.2485],[16.2111,44.24803],[16.21154,44.24802],[16.21224,44.24739],[16.21378,44.24503],[16.21559,44.24345],[16.21698,44.24115],[16.21809,44.23982],[16.21916,44.23771],[16.21926,44.23677],[16.21981,44.23576],[16.22075,44.23314],[16.22077,44.23255],[16.21994,44.23055],[16.21966,44.22933],[16.21998,44.22854],[16.22001,44.22623],[16.21948,44.22352],[16.21826,44.22529],[16.21743,44.22551],[16.21504,44.22392],[16.21506,44.22272],[16.21474,44.22128],[16.21437,44.22063],[16.21305,44.21926],[16.21267,44.21845],[16.21252,44.21728],[16.21217,44.21684],[16.20854,44.21761],[16.20704,44.21811],[16.20623,44.21817],[16.20536,44.2181],[16.20307,44.2174],[16.20183,44.21739],[16.20028,44.2169],[16.1986,44.2159],[16.19717,44.21535],[16.19352,44.21497],[16.18954,44.21552],[16.18829,44.21538],[16.18728,44.21549],[16.18474,44.21527],[16.18166,44.2144],[16.17831,44.21325],[16.17725,44.21318],[16.17586,44.21276],[16.17525,44.21254],[16.17471,44.21204],[16.17396,44.21192],[16.17339,44.21145],[16.17267,44.21015],[16.17238,44.20882],[16.17257,44.20842],[16.17316,44.20826],[16.17301,44.20869],[16.1732,44.20894],[16.1731,44.20904],[16.17326,44.20974],[16.17297,44.21032],[16.17378,44.21119],[16.17444,44.21151],[16.17573,44.21149],[16.17577,44.21164],[16.17547,44.21187],[16.17584,44.21231],[16.17777,44.21221],[16.17791,44.21207],[16.17886,44.21195],[16.18042,44.212],[16.18094,44.21204],[16.18206,44.21266],[16.18241,44.21269],[16.18339,44.21249],[16.18409,44.21296],[16.18416,44.21322],[16.1853,44.21338],[16.18786,44.21371],[16.18945,44.2137],[16.19067,44.21339],[16.19156,44.2136],[16.19197,44.21405],[16.19259,44.21403],[16.19353,44.21432],[16.19414,44.21433],[16.19542,44.21474],[16.19605,44.21477],[16.19639,44.21454],[16.19719,44.21502],[16.19742,44.21486],[16.19772,44.21487],[16.19897,44.21536],[16.19981,44.21603],[16.20098,44.21639],[16.20221,44.21624],[16.203,44.21655],[16.20396,44.21644],[16.20475,44.21677],[16.20536,44.21684],[16.20604,44.21709],[16.20716,44.21721],[16.2084,44.21656],[16.20954,44.21639],[16.21007,44.21608],[16.21038,44.21608],[16.21194,44.21513],[16.21228,44.21479],[16.21273,44.2148],[16.21335,44.21456],[16.21384,44.21407],[16.21482,44.21412],[16.2154,44.21387],[16.2163,44.21377],[16.2167,44.21288],[16.21756,44.21258],[16.21862,44.21196],[16.21931,44.21184],[16.21955,44.21167],[16.21989,44.21106],[16.21986,44.21079],[16.22015,44.21059],[16.22062,44.21043],[16.2219,44.2104],[16.22222,44.21029],[16.22279,44.20976],[16.22375,44.2094],[16.22482,44.20964],[16.22546,44.20995],[16.22626,44.20957],[16.22635,44.20884],[16.2267,44.20823],[16.22694,44.2073],[16.22687,44.20627],[16.22752,44.20539],[16.22882,44.20417],[16.23113,44.20262],[16.23159,44.20188],[16.23324,44.20099],[16.23373,44.2011],[16.23394,44.20102],[16.23454,44.20055],[16.23479,44.20051],[16.23505,44.20069],[16.23549,44.20124],[16.23562,44.20188],[16.23603,44.202],[16.2367,44.20187],[16.23755,44.20125],[16.23851,44.20017],[16.23891,44.19871],[16.24011,44.19726],[16.24092,44.19686],[16.24276,44.19649],[16.24274,44.19581],[16.24299,44.195],[16.24354,44.19416],[16.24614,44.19232],[16.25117,44.18935],[16.25172,44.18764],[16.25221,44.18746],[16.25216,44.18738],[16.25281,44.18702],[16.25415,44.18586],[16.25579,44.18384],[16.25649,44.18335],[16.25629,44.18325],[16.25736,44.1829],[16.25824,44.18197],[16.2581,44.18189],[16.25933,44.18079],[16.26016,44.18056],[16.26032,44.18029],[16.26095,44.17983],[16.26174,44.17957],[16.26271,44.17788],[16.26308,44.17658],[16.26607,44.17494],[16.26791,44.17433],[16.26897,44.17429],[16.26944,44.1741],[16.2694,44.17402],[16.27074,44.17378],[16.27131,44.17312],[16.27224,44.17077],[16.27577,44.16942],[16.27723,44.16902],[16.28063,44.16646],[16.28097,44.1666],[16.28172,44.16587],[16.28274,44.16579],[16.28345,44.16544],[16.28386,44.16499],[16.28561,44.16418],[16.28629,44.1636],[16.28821,44.16334],[16.2898,44.16235],[16.28969,44.1618],[16.28999,44.16082],[16.29083,44.15976],[16.29127,44.15879],[16.29205,44.15802],[16.29147,44.15761],[16.29441,44.15474],[16.29449,44.15413],[16.29497,44.15374],[16.2997,44.15153],[16.30616,44.14777],[16.3097,44.14321],[16.30829,44.12668],[16.31244,44.12485],[16.31363,44.12078],[16.31848,44.11448],[16.32978,44.11287],[16.33394,44.11257],[16.35141,44.10572],[16.35927,44.10196],[16.36322,44.09821],[16.36157,44.09491],[16.36954,44.08212],[16.37663,44.08165],[16.37737,44.08015],[16.38382,44.08351],[16.38852,44.08049],[16.40177,44.07959],[16.42768,44.08317],[16.43988,44.06969],[16.44166,44.06757],[16.44145,44.06732],[16.44213,44.06708],[16.44093,44.0635],[16.43576,44.05482],[16.4357,44.05425],[16.43637,44.04863],[16.43845,44.04243],[16.43877,44.03923],[16.43878,44.03731],[16.43652,44.0314],[16.43658,44.03075],[16.43689,44.03033],[16.44036,44.02877],[16.44387,44.02869],[16.44874,44.02806],[16.45275,44.02803],[16.4592,44.02837],[16.46349,44.02892],[16.46778,44.02981],[16.48241,44.02929],[16.50243,44.02419],[16.50251,44.02377],[16.51582,44.00401],[16.52531,43.99609],[16.53678,43.98625],[16.54444,43.97399],[16.55019,43.95355],[16.55374,43.95266],[16.56089,43.95002],[16.56415,43.94931],[16.58719,43.94323],[16.58796,43.94278],[16.58826,43.94177],[16.58956,43.93915],[16.59026,43.93784],[16.59088,43.93736],[16.5923,43.93702],[16.5995,43.9347],[16.60318,43.92548],[16.60359,43.92502],[16.60778,43.92318],[16.60839,43.92278],[16.60991,43.91701],[16.61758,43.91044],[16.61963,43.9092],[16.6232,43.90659],[16.62593,43.90212],[16.63203,43.89815],[16.63606,43.89508],[16.63965,43.89351],[16.64199,43.89093],[16.64494,43.88878],[16.64686,43.88718],[16.6497,43.88577],[16.65612,43.88407],[16.65724,43.88359],[16.65805,43.8825],[16.65943,43.8812],[16.66062,43.87964],[16.66354,43.87719],[16.66865,43.87771],[16.67337,43.8739],[16.68447,43.86595],[16.69127,43.86367],[16.69721,43.86136],[16.70583,43.85821],[16.70748,43.85679],[16.70997,43.85497],[16.71454,43.84766],[16.71503,43.84659],[16.71522,43.84368],[16.71738,43.84172],[16.71835,43.84024],[16.71822,43.83536],[16.71996,43.83275],[16.71784,43.82979],[16.71973,43.82674],[16.72013,43.82574],[16.71838,43.81993],[16.71819,43.81419],[16.71863,43.8088],[16.71944,43.80664],[16.72312,43.80428],[16.72628,43.79971],[16.72637,43.79889],[16.72602,43.79798],[16.72467,43.7961],[16.73137,43.78892],[16.74586,43.77623],[16.74675,43.77512],[16.74805,43.77426],[16.74889,43.77395],[16.75018,43.77213],[16.75289,43.76947],[16.75682,43.77029],[16.77831,43.76802],[16.80006,43.76292],[16.80154,43.76218],[16.80307,43.76107],[16.8077,43.75818],[16.81223,43.75434],[16.81539,43.74929],[16.81887,43.73942],[16.82331,43.73263],[16.82505,43.73117],[16.83207,43.72741],[16.84559,43.72125],[16.84959,43.71877],[16.86721,43.71086],[16.87243,43.70636],[16.87603,43.70039],[16.8758,43.69906],[16.87742,43.69462],[16.88292,43.69187],[16.88463,43.68735],[16.88543,43.68567],[16.8979,43.6799],[16.90827,43.67481],[16.9089,43.67391],[16.90929,43.673],[16.90987,43.67243],[16.91029,43.67153],[16.91634,43.66401],[16.91612,43.66302],[16.91615,43.66257],[16.91638,43.66223],[16.91722,43.66204],[16.91979,43.65843],[16.92589,43.65561],[16.92732,43.65511],[16.92777,43.65453],[16.92919,43.65122],[16.93164,43.64667],[16.9318,43.64376],[16.94664,43.63394],[16.95773,43.62638],[16.971,43.61805],[16.97678,43.60845],[16.97796,43.60611],[16.98204,43.6013],[16.98615,43.59765],[16.98774,43.59549],[16.98932,43.59285],[16.99079,43.59148],[16.99152,43.59108],[16.99364,43.59091],[16.99485,43.58998],[16.99513,43.58881],[16.99743,43.58729],[16.99712,43.58545],[16.99933,43.58501],[16.99969,43.58478],[17.00136,43.58277],[17.00677,43.5794],[17.00731,43.57786],[17.00724,43.57727],[17.00768,43.57717],[17.00755,43.5767],[17.00842,43.57634],[17.00798,43.57576],[17.00814,43.57564],[17.00938,43.57522],[17.01512,43.57144],[17.02594,43.56656],[17.0275,43.56598],[17.02872,43.56442],[17.03027,43.56376],[17.03231,43.56257],[17.03629,43.55935],[17.03714,43.55895],[17.04297,43.55689],[17.05061,43.55566],[17.05299,43.55492],[17.05467,43.55479],[17.056,43.55427],[17.05691,43.5536],[17.05751,43.55348],[17.05772,43.55354],[17.05894,43.55294],[17.05924,43.55252],[17.05943,43.55299],[17.05927,43.55321],[17.05981,43.55343],[17.05993,43.55362],[17.06214,43.55369],[17.06235,43.55382],[17.06291,43.55358],[17.0632,43.55359],[17.0634,43.55316],[17.06328,43.55292],[17.06478,43.55235],[17.06506,43.55195],[17.06554,43.55177],[17.06411,43.55107],[17.06352,43.55124],[17.06341,43.55141],[17.06279,43.55132],[17.06203,43.55139],[17.06392,43.55049],[17.06498,43.55037],[17.06926,43.54892],[17.07033,43.54875],[17.07171,43.5469],[17.07565,43.54475],[17.07573,43.54459],[17.08046,43.5435],[17.08083,43.54331],[17.08243,43.54301],[17.08261,43.54287],[17.0828,43.54221],[17.08267,43.54156],[17.08294,43.54102],[17.08255,43.54058],[17.08311,43.53959],[17.08482,43.53789],[17.08516,43.53704],[17.0859,43.53687],[17.08682,43.53642],[17.08743,43.53508],[17.09223,43.53347],[17.09521,43.53099],[17.10014,43.53018],[17.10182,43.52923],[17.10362,43.52878],[17.10382,43.52815],[17.10476,43.52697],[17.11058,43.52314],[17.11472,43.52133],[17.11864,43.52006],[17.12384,43.51793],[17.12425,43.51785],[17.12885,43.51314],[17.13201,43.51019],[17.13534,43.50835],[17.14229,43.50548],[17.1474,43.49756],[17.14933,43.49569],[17.15439,43.494],[17.15912,43.49373],[17.16146,43.49301],[17.166,43.49219],[17.17514,43.49004],[17.18418,43.49647],[17.18665,43.49671],[17.18718,43.49717],[17.19447,43.49746],[17.1986,43.49927],[17.19999,43.4991],[17.20583,43.49741],[17.21271,43.49625],[17.21517,43.49718],[17.21955,43.49732],[17.22005,43.49748],[17.22024,43.49738],[17.22069,43.49742],[17.22326,43.49863],[17.22383,43.49808],[17.22473,43.49792],[17.22559,43.49744],[17.22643,43.49751],[17.22734,43.49708],[17.22831,43.49681],[17.22857,43.49686],[17.22891,43.49714],[17.22928,43.49695],[17.22959,43.49653],[17.23017,43.49647],[17.23106,43.49586],[17.23177,43.49518],[17.23253,43.49476],[17.23382,43.49442],[17.23518,43.49429],[17.23723,43.49328],[17.23742,43.49292],[17.2387,43.49212],[17.2388,43.49221],[17.23966,43.49177],[17.24383,43.49082],[17.24652,43.48942],[17.24914,43.48824],[17.24946,43.48763],[17.24977,43.48748],[17.24989,43.48761],[17.25156,43.48675],[17.25287,43.48626],[17.25679,43.48422],[17.25772,43.48391],[17.25795,43.48405],[17.25922,43.48333],[17.25917,43.48318],[17.25975,43.48284],[17.26147,43.48207],[17.26403,43.48125],[17.26589,43.48048],[17.26584,43.48039],[17.26624,43.4801],[17.26614,43.47993],[17.26711,43.47959],[17.26728,43.47986],[17.26821,43.47952],[17.26828,43.47961],[17.26949,43.47885],[17.26985,43.47826],[17.26931,43.47793],[17.26927,43.47752],[17.27117,43.47634],[17.27164,43.47624],[17.27153,43.4759],[17.27183,43.47581],[17.27178,43.47564],[17.27273,43.47542],[17.27314,43.4752],[17.27383,43.47448],[17.2739,43.47425],[17.27376,43.47412],[17.27414,43.47379],[17.27622,43.47275],[17.2773,43.47248],[17.2781,43.47201],[17.28147,43.46875],[17.28272,43.46703],[17.28423,43.46534],[17.28397,43.4651],[17.28634,43.46318],[17.28529,43.46201],[17.2857,43.46163],[17.28522,43.46138],[17.28512,43.4611],[17.28542,43.46082],[17.28537,43.45981],[17.28569,43.45987],[17.28595,43.45942],[17.28588,43.4588],[17.28618,43.45794],[17.28633,43.45683],[17.28591,43.45483],[17.28542,43.45394],[17.28454,43.45321],[17.28432,43.45267],[17.28431,43.4525],[17.28451,43.4524],[17.28437,43.45219],[17.28439,43.45167],[17.28652,43.44892],[17.28551,43.44663],[17.2849,43.44626],[17.28556,43.4447],[17.28525,43.44358],[17.28472,43.44252],[17.28469,43.44146],[17.28498,43.44037],[17.28498,43.43927],[17.2848,43.43904],[17.28474,43.43803],[17.28384,43.4346],[17.28238,43.43117],[17.27873,43.42658],[17.27697,43.4246],[17.27569,43.42264],[17.27522,43.4222],[17.27272,43.4189],[17.27207,43.41899],[17.27033,43.41565],[17.27019,43.41566],[17.26979,43.41523],[17.26724,43.41438],[17.26491,43.41245],[17.26461,43.41264],[17.26381,43.41176],[17.2635,43.41118],[17.26232,43.41025],[17.26222,43.41032],[17.26103,43.40917],[17.26084,43.40919],[17.2603,43.40853],[17.25949,43.40686],[17.25815,43.4056],[17.25655,43.40489],[17.25607,43.4055],[17.25556,43.40506],[17.25424,43.40332],[17.25159,43.40438],[17.25072,43.40302],[17.25183,43.40103],[17.25215,43.40071],[17.25547,43.39947],[17.25699,43.39849],[17.25833,43.39735],[17.25883,43.39711],[17.25904,43.39613],[17.25956,43.39522],[17.26056,43.39427],[17.26119,43.39309],[17.26232,43.38884],[17.26288,43.38406],[17.26488,43.37704],[17.2655,43.37382],[17.26538,43.37301],[17.2667,43.37158],[17.26777,43.37092],[17.26814,43.37051],[17.26842,43.36991],[17.26914,43.36964],[17.26926,43.36912],[17.26981,43.36812],[17.27123,43.36611],[17.2713,43.36582],[17.27162,43.36558],[17.27137,43.36529],[17.27145,43.36469],[17.2712,43.36403],[17.27148,43.36378],[17.27142,43.3634],[17.27213,43.36279],[17.27191,43.36244],[17.27294,43.36184],[17.27369,43.36104],[17.27342,43.36092],[17.27337,43.36054],[17.27393,43.35973],[17.2742,43.35887],[17.27394,43.35862],[17.27384,43.35806],[17.27408,43.35804],[17.27405,43.35729],[17.27494,43.35618],[17.27543,43.35606],[17.27605,43.35482],[17.27631,43.35468],[17.27626,43.35453],[17.2792,43.34824],[17.27931,43.34836],[17.27954,43.34831],[17.27943,43.34802],[17.2818,43.34417],[17.2816,43.34395],[17.28171,43.34351],[17.28232,43.34337],[17.28294,43.34219],[17.28356,43.34161],[17.28355,43.341],[17.28392,43.34094],[17.29755,43.31984],[17.29768,43.31946],[17.29798,43.31944],[17.2985,43.31882],[17.2983,43.31868],[17.29881,43.31777],[17.29979,43.31655],[17.30259,43.31364],[17.30551,43.3086],[17.30564,43.3083],[17.30549,43.30799],[17.30556,43.30765],[17.30537,43.30733],[17.30618,43.30712],[17.30751,43.30593],[17.30716,43.30525],[17.3072,43.30415],[17.30753,43.30393],[17.30763,43.30366],[17.30791,43.30355],[17.30898,43.30162],[17.31069,43.29919],[17.31072,43.29885],[17.31118,43.29811],[17.31114,43.29784],[17.31143,43.29767],[17.3116,43.2973],[17.31142,43.29725],[17.31266,43.29597],[17.31275,43.29602],[17.31402,43.29535],[17.3142,43.29471],[17.3152,43.29473],[17.31528,43.29423],[17.31564,43.29394],[17.31712,43.29359],[17.3173,43.29346],[17.3175,43.29252],[17.31819,43.29232],[17.31826,43.29184],[17.31954,43.29125],[17.31949,43.2911],[17.31909,43.29085],[17.3186,43.29081],[17.31847,43.29052],[17.31904,43.29015],[17.31942,43.29008],[17.31925,43.28988],[17.31997,43.28971],[17.32074,43.28908],[17.32088,43.28887],[17.32075,43.28876],[17.32107,43.28852],[17.32099,43.28846],[17.32342,43.28754],[17.32362,43.28723],[17.324,43.28715],[17.32449,43.28678],[17.32641,43.28636],[17.32707,43.28586],[17.32774,43.28509],[17.32798,43.28404],[17.32832,43.2839],[17.32849,43.2836],[17.32848,43.28273],[17.32903,43.28245],[17.32943,43.28204],[17.32921,43.28125],[17.33013,43.27769],[17.33059,43.27676],[17.33082,43.27588],[17.33079,43.27424],[17.33215,43.27263],[17.33265,43.27157],[17.33265,43.27063],[17.33197,43.27015],[17.33253,43.26887],[17.33337,43.2681],[17.33296,43.26729],[17.33194,43.26603],[17.33222,43.26541],[17.33483,43.26224],[17.33607,43.26099],[17.33863,43.25774],[17.33926,43.25719],[17.34079,43.25628],[17.34118,43.25581],[17.34124,43.25407],[17.34224,43.25316],[17.35111,43.25208],[17.3532,43.25159],[17.3537,43.25158],[17.35495,43.25124],[17.35685,43.25032],[17.3583,43.25002],[17.35874,43.24949],[17.35919,43.24957],[17.36923,43.24927],[17.37072,43.24989],[17.37336,43.24987],[17.37604,43.24957],[17.37689,43.24913],[17.37843,43.24868],[17.3806,43.24783],[17.38393,43.24782],[17.39719,43.24537],[17.42044,43.23102],[17.42229,43.22973],[17.42755,43.21887],[17.42894,43.21744],[17.42946,43.21708],[17.42904,43.21649],[17.42934,43.21627],[17.42969,43.21533],[17.42957,43.2146],[17.42992,43.21061],[17.43033,43.2102],[17.43109,43.20995],[17.43171,43.2095],[17.43115,43.20654],[17.43187,43.20607],[17.43191,43.20561],[17.43245,43.20508],[17.43183,43.20295],[17.43135,43.19907],[17.43048,43.1979],[17.43022,43.19644],[17.4295,43.19481],[17.42902,43.19443],[17.42897,43.1935],[17.42836,43.19169],[17.42718,43.18966],[17.42707,43.18854],[17.42779,43.1859],[17.42888,43.18389],[17.42978,43.18134],[17.43155,43.17854],[17.43224,43.17846],[17.43362,43.17857],[17.43506,43.179],[17.43776,43.18025],[17.43809,43.18029],[17.43914,43.1801],[17.44067,43.17963],[17.44183,43.17892],[17.44334,43.1788],[17.44473,43.17829],[17.44636,43.17797],[17.44677,43.1778],[17.44805,43.17784],[17.4488,43.17752],[17.4497,43.17746],[17.45032,43.17727],[17.45085,43.17698],[17.45188,43.17601],[17.45346,43.17551],[17.45543,43.17452],[17.45625,43.1738],[17.45682,43.173],[17.45762,43.17242],[17.45815,43.17167],[17.45858,43.17154],[17.45987,43.1715],[17.46036,43.17133],[17.46126,43.1706],[17.46269,43.17008],[17.46355,43.16919],[17.47141,43.16462],[17.47266,43.16403],[17.47368,43.16247],[17.47637,43.16094],[17.47804,43.16033],[17.48707,43.15771],[17.4894,43.15661],[17.49168,43.15504],[17.49391,43.15396],[17.49473,43.154],[17.49636,43.15333],[17.49762,43.15302],[17.49897,43.15229],[17.50038,43.15195],[17.5002,43.15131],[17.50064,43.15075],[17.50122,43.15031],[17.50211,43.15065],[17.50247,43.15098],[17.50307,43.15045],[17.50383,43.15022],[17.5048,43.14929],[17.50552,43.14959],[17.50694,43.14832],[17.50876,43.14711],[17.51659,43.14477],[17.52069,43.14378],[17.52398,43.1426],[17.52921,43.14028],[17.53415,43.13731],[17.53729,43.13657],[17.5444,43.13426],[17.5455,43.13322],[17.54746,43.13184],[17.54852,43.13148],[17.5508,43.13116],[17.55255,43.1311],[17.55415,43.1306],[17.55563,43.12995],[17.55668,43.12932],[17.55872,43.12785],[17.56044,43.12635],[17.56316,43.12447],[17.56472,43.12408],[17.56582,43.12353],[17.56641,43.12299],[17.56798,43.12245],[17.56994,43.12183],[17.57155,43.12155],[17.5762,43.1201],[17.57963,43.11916],[17.58315,43.11738],[17.58641,43.11617],[17.58699,43.11571],[17.58899,43.11471],[17.59041,43.11379],[17.59365,43.11227],[17.59668,43.11059],[17.5993,43.1089],[17.60043,43.10836],[17.60075,43.10855],[17.60124,43.10864],[17.60241,43.10798],[17.602,43.10738],[17.61342,43.10172],[17.619,43.09874],[17.61948,43.09832],[17.62122,43.09777],[17.6261,43.09573],[17.62815,43.09531],[17.63168,43.09359],[17.63599,43.09246],[17.63633,43.09202],[17.6372,43.09147],[17.6397,43.09004],[17.64085,43.08951],[17.64403,43.08394],[17.64466,43.08313],[17.64794,43.0769],[17.64979,43.07371],[17.64964,43.07343],[17.64977,43.07276],[17.65068,43.07109],[17.65093,43.07004],[17.65148,43.06928],[17.65235,43.06859],[17.65352,43.06539],[17.65964,43.05525],[17.66084,43.05282],[17.66088,43.05265],[17.66062,43.05236],[17.66194,43.05029],[17.66488,43.04399],[17.67299,43.03143],[17.67655,43.02616],[17.67736,43.0263],[17.67708,43.02565],[17.67939,43.02367],[17.68026,43.02277],[17.68222,43.01974],[17.68279,43.01929],[17.68318,43.01938],[17.68351,43.01905],[17.68386,43.01825],[17.68386,43.01756],[17.68419,43.01711],[17.68526,43.01061],[17.69437,43.00043],[17.69452,42.9998],[17.69498,42.99896],[17.70135,42.98795],[17.70212,42.9864],[17.7023,42.98486],[17.70256,42.98427],[17.7033,42.98324],[17.70534,42.97943],[17.71196,42.97292],[17.70063,42.96888],[17.69027,42.96629],[17.68812,42.96537],[17.68494,42.96487],[17.67862,42.96465],[17.67483,42.96431],[17.67318,42.96391],[17.67265,42.96397],[17.67157,42.96338],[17.67124,42.96335],[17.6711,42.96318],[17.66926,42.96272],[17.66922,42.96258],[17.66886,42.96253],[17.66859,42.96235],[17.66799,42.96232],[17.66758,42.96193],[17.66686,42.96204],[17.66445,42.96168],[17.66363,42.96141],[17.66298,42.96135],[17.6623,42.96099],[17.66157,42.9608],[17.65929,42.96083],[17.65764,42.96028],[17.65689,42.96018],[17.65671,42.96],[17.65537,42.95962],[17.65497,42.95961],[17.65487,42.96005],[17.65386,42.95927],[17.65167,42.95923],[17.65053,42.95794],[17.6476,42.95733],[17.64409,42.95476],[17.64152,42.95336],[17.63882,42.95316],[17.63633,42.95159],[17.63428,42.95086],[17.63427,42.95049],[17.63318,42.94998],[17.63321,42.94982],[17.6329,42.9495],[17.63159,42.94845],[17.63126,42.94825],[17.63096,42.94836],[17.63053,42.94783],[17.63057,42.9476],[17.62993,42.94712],[17.62887,42.94705],[17.62804,42.94662],[17.6201,42.94357],[17.61991,42.94319],[17.61934,42.94293],[17.61933,42.94278],[17.61285,42.9416],[17.60072,42.94028],[17.5922,42.9402],[17.58664,42.93871],[17.5811,42.93848],[17.57669,42.93547],[17.57592,42.93527],[17.56564,42.93802],[17.55943,42.93582],[17.55641,42.93654],[17.55338,42.93803],[17.54885,42.93698],[17.54766,42.93617],[17.54049,42.92858],[17.54469,42.92638],[17.54937,42.92323],[17.55805,42.91981],[17.566,42.91691],[17.56962,42.91542],[17.58249,42.91111],[17.59408,42.90551],[17.60052,42.90333],[17.61066,42.90179],[17.61162,42.90126],[17.61541,42.89853],[17.61718,42.89741],[17.62658,42.89455],[17.6293,42.8927],[17.6348,42.88788],[17.64233,42.88417],[17.64841,42.88904],[17.6545,42.89461],[17.66395,42.90473],[17.66451,42.90493],[17.66451,42.90524],[17.66484,42.90574],[17.66584,42.90668],[17.66595,42.90741],[17.66663,42.9089],[17.6676,42.90983],[17.66797,42.91039],[17.66906,42.91127],[17.66961,42.91151],[17.66951,42.91179],[17.66964,42.912],[17.67039,42.91288],[17.67066,42.913],[17.67079,42.91341],[17.67095,42.91336],[17.67117,42.91363],[17.67145,42.91424],[17.67177,42.91421],[17.67219,42.91474],[17.67273,42.91505],[17.67463,42.91685],[17.6753,42.91867],[17.67694,42.91952],[17.67822,42.92059],[17.68099,42.92086],[17.68102,42.92104],[17.68189,42.92152],[17.69132,42.92561],[17.69809,42.92206],[17.70899,42.921],[17.7242,42.91917],[17.74515,42.91416],[17.75212,42.91307],[17.75281,42.91265],[17.75558,42.91165],[17.75642,42.91155],[17.75779,42.91082],[17.76,42.91021],[17.76119,42.90952],[17.76527,42.90799],[17.77765,42.89835],[17.77949,42.89681],[17.78043,42.89583],[17.78107,42.89557],[17.78594,42.89183],[17.79078,42.89172],[17.79151,42.89183],[17.79191,42.89477],[17.79365,42.89687],[17.79369,42.89734],[17.79422,42.89797],[17.79526,42.89872],[17.79554,42.89958],[17.79888,42.90357],[17.80266,42.90935],[17.80505,42.91258],[17.80607,42.91388],[17.80753,42.91514],[17.80909,42.91711],[17.80999,42.91692],[17.81326,42.9157],[17.81443,42.91509],[17.82043,42.91271],[17.82926,42.90977],[17.84036,42.90418],[17.84416,42.90262],[17.85062,42.896],[17.85463,42.89073],[17.85757,42.8874],[17.85879,42.88466],[17.85866,42.88401],[17.85667,42.88077],[17.85636,42.88068],[17.85552,42.87993],[17.85435,42.87856],[17.85461,42.87634],[17.85679,42.86828],[17.8582,42.86613],[17.8597,42.86268],[17.86199,42.85937],[17.86315,42.85811],[17.86317,42.8575],[17.86405,42.85646],[17.86482,42.85486],[17.86658,42.85217],[17.86687,42.85193],[17.87032,42.84651],[17.87387,42.84362],[17.87374,42.84298],[17.87416,42.84296],[17.87456,42.84278],[17.87559,42.84179],[17.87835,42.83768],[17.87906,42.83744],[17.88474,42.83748],[17.89094,42.83486],[17.89996,42.83247],[17.90008,42.83189],[17.89877,42.8297],[17.89716,42.82856],[17.89651,42.82682],[17.89529,42.82601],[17.89328,42.82393],[17.89065,42.82209],[17.88737,42.81468],[17.88768,42.81406],[17.88873,42.81318],[17.89134,42.8096],[17.902,42.80964],[17.90961,42.8107],[17.91039,42.8105],[17.91433,42.80817],[17.93988,42.80091],[17.95007,42.79902],[17.95709,42.79339],[17.95932,42.79077],[17.96015,42.78999],[17.96483,42.78625],[17.96626,42.78579],[17.96725,42.78465],[17.97291,42.7821],[17.97396,42.78131],[17.97459,42.78036],[17.97628,42.77964],[17.98079,42.77807],[17.98524,42.77818],[17.98948,42.7776],[17.99294,42.77709],[17.99649,42.77591],[17.99648,42.77394],[17.99679,42.77177],[17.99678,42.76834],[17.99701,42.76517],[17.99728,42.76461],[17.99901,42.76298],[18.00239,42.75846],[18.00302,42.75785],[18.00453,42.75673],[18.00809,42.75498],[18.00855,42.75464],[18.01018,42.75258],[18.01091,42.75232],[18.02532,42.75215],[18.03193,42.75023],[18.03411,42.75009],[18.036,42.74955],[18.04117,42.74849],[18.04176,42.74822],[18.04428,42.74606],[18.05013,42.74201],[18.05246,42.74169],[18.05685,42.73982],[18.06214,42.7366],[18.06429,42.7346],[18.06537,42.73378],[18.07342,42.72835],[18.07321,42.72763],[18.07401,42.72548],[18.07449,42.72482],[18.07578,42.72409],[18.07893,42.72451],[18.07976,42.72442],[18.08233,42.7231],[18.09825,42.71733],[18.10126,42.71563],[18.10574,42.71224],[18.10722,42.7094],[18.10893,42.70448],[18.10828,42.70298],[18.10754,42.69997],[18.10559,42.69706],[18.105,42.69412],[18.10258,42.68983],[18.10294,42.68722],[18.10283,42.6867],[18.1095,42.68596],[18.1116,42.6862],[18.11272,42.68617],[18.114,42.68637],[18.11787,42.68421],[18.1279,42.68229],[18.1322,42.6823],[18.13764,42.67986],[18.14107,42.68022],[18.14319,42.67941],[18.14374,42.67894],[18.14617,42.67108],[18.14734,42.66959],[18.14921,42.66814],[18.15017,42.66723],[18.15362,42.66288],[18.15436,42.66162],[18.15504,42.66002],[18.15506,42.65718],[18.15729,42.65387],[18.15717,42.65472],[18.15808,42.65593],[18.15943,42.65652],[18.16051,42.65741],[18.16123,42.65763],[18.16248,42.65863],[18.1669,42.65889],[18.16906,42.65942],[18.1716,42.65946],[18.17449,42.65887],[18.17523,42.6598],[18.1757,42.66113],[18.17691,42.66182],[18.17842,42.6608],[18.18291,42.6568],[18.18426,42.65602],[18.18628,42.65519],[18.18661,42.65539],[18.1877,42.65563],[18.18903,42.65552],[18.19058,42.65502],[18.19146,42.65462],[18.19182,42.6542],[18.19179,42.6536],[18.19153,42.65302],[18.19413,42.6523],[18.19453,42.65195],[18.19549,42.64979],[18.19691,42.6487],[18.19803,42.64716],[18.19991,42.64621],[18.20053,42.64537],[18.20168,42.64295],[18.20351,42.64092],[18.20428,42.6398],[18.20577,42.63855],[18.20988,42.63601],[18.21085,42.63528],[18.21237,42.63328],[18.21455,42.63092],[18.21567,42.62934],[18.21615,42.62889],[18.21683,42.62864],[18.21746,42.62812],[18.21775,42.62758],[18.22028,42.62498],[18.22172,42.6233],[18.2278,42.61953],[18.2285,42.6196],[18.23257,42.61925],[18.23398,42.61846],[18.23485,42.61514],[18.23576,42.61491],[18.23604,42.61512],[18.23917,42.61594],[18.24113,42.61601],[18.24234,42.61464],[18.24309,42.61346],[18.24339,42.61166],[18.24357,42.60441],[18.24381,42.60324],[18.24433,42.60263],[18.24489,42.60292],[18.24992,42.60313],[18.26307,42.60645],[18.26484,42.607],[18.26684,42.60907],[18.27135,42.61095],[18.27467,42.61027],[18.27536,42.61078],[18.27692,42.61343],[18.27736,42.61385],[18.28185,42.6173],[18.28253,42.61747],[18.28307,42.61737],[18.28731,42.61723],[18.29175,42.61586],[18.3114,42.61497],[18.32529,42.61721],[18.33213,42.61901],[18.34725,42.6193],[18.36628,42.61618],[18.36713,42.61592],[18.37029,42.61272],[18.37242,42.61013],[18.37993,42.59951],[18.38304,42.59683],[18.38741,42.59239],[18.39022,42.58927],[18.39075,42.58897],[18.4022,42.58484],[18.41666,42.576],[18.43171,42.566],[18.43318,42.56561],[18.4348,42.56488],[18.43643,42.56387],[18.43682,42.56346],[18.43785,42.55583],[18.43808,42.55558],[18.43824,42.55569],[18.44019,42.55558],[18.44092,42.55531],[18.44185,42.55555],[18.44267,42.55598],[18.44364,42.55783],[18.44326,42.55862],[18.44353,42.55941],[18.4433,42.5597],[18.44336,42.56011],[18.44326,42.5604],[18.44265,42.56078],[18.44386,42.56156],[18.4438,42.56213],[18.44553,42.56235],[18.4462,42.56219],[18.44687,42.56186],[18.4472,42.56136],[18.44931,42.5614],[18.45002,42.56162],[18.45081,42.56205],[18.4513,42.56272],[18.45128,42.56332],[18.45283,42.5635],[18.45334,42.56324],[18.45412,42.56241],[18.45488,42.56271],[18.45499,42.56315],[18.45648,42.56443],[18.45724,42.56461],[18.45814,42.565],[18.4591,42.56516],[18.46025,42.56462],[18.46079,42.56421],[18.46156,42.56327],[18.46346,42.56389],[18.46403,42.56389],[18.46574,42.56445],[18.46723,42.56475],[18.46818,42.56418],[18.46977,42.56369],[18.47103,42.56388],[18.47237,42.56336],[18.47287,42.56328],[18.47366,42.56367],[18.47406,42.56418],[18.47427,42.56481],[18.47368,42.56615],[18.47385,42.56671],[18.47376,42.56719],[18.4741,42.56836],[18.47487,42.56944],[18.47608,42.57017],[18.4766,42.5703],[18.47837,42.57017],[18.48163,42.57145],[18.4837,42.57282],[18.48593,42.57405],[18.48661,42.5754],[18.48786,42.57622],[18.48899,42.5765],[18.49028,42.57753],[18.49042,42.57801],[18.49089,42.57835],[18.49166,42.58046],[18.49213,42.58128],[18.49289,42.58137],[18.49324,42.58183],[18.49476,42.58227],[18.49488,42.58291],[18.49556,42.58427],[18.49596,42.58455],[18.49632,42.58512],[18.49712,42.58555],[18.49771,42.58635],[18.49829,42.58666],[18.49892,42.58755],[18.49992,42.58813],[18.50235,42.58797],[18.50276,42.58786],[18.50433,42.58698],[18.50662,42.58658],[18.50812,42.5861],[18.50927,42.58632],[18.51073,42.5863],[18.51205,42.58602],[18.51232,42.58609],[18.51502,42.5852],[18.51534,42.58519],[18.5166,42.5857],[18.51707,42.58571],[18.51726,42.58558],[18.51811,42.58569],[18.51967,42.58503],[18.51985,42.58484],[18.52132,42.58471],[18.52159,42.58482],[18.52299,42.58454],[18.52458,42.58379],[18.52591,42.58339],[18.52604,42.58353],[18.52659,42.58359],[18.52778,42.58353],[18.52859,42.58314],[18.5292,42.58264],[18.52931,42.58215],[18.52988,42.58121],[18.53052,42.58069],[18.53073,42.5799],[18.53134,42.57935],[18.53276,42.57756],[18.53492,42.57665],[18.53489,42.57649],[18.53622,42.57527],[18.53685,42.57495],[18.53725,42.5749],[18.53952,42.57507],[18.54104,42.57491],[18.54197,42.57417],[18.54284,42.57402],[18.54343,42.57373],[18.5436,42.57334],[18.5561,42.58117],[18.55524,42.58167],[18.55423,42.5818],[18.55126,42.58886],[18.55067,42.59038],[18.55065,42.59104],[18.54977,42.59284],[18.54981,42.59323],[18.54965,42.59349],[18.54768,42.59538],[18.54714,42.59566],[18.54473,42.59626],[18.54438,42.59648],[18.54366,42.59761],[18.54358,42.59802],[18.54275,42.59809],[18.54073,42.59878],[18.53934,42.59964],[18.53917,42.60006],[18.53929,42.60039],[18.53896,42.60062],[18.53782,42.60104],[18.53716,42.60147],[18.53592,42.60174],[18.53524,42.60203],[18.53435,42.60262],[18.53378,42.60315],[18.53113,42.61079],[18.52029,42.6184],[18.52847,42.6309],[18.53134,42.63272],[18.53337,42.63329],[18.53642,42.63463],[18.53762,42.63682],[18.54326,42.63802],[18.5516,42.64124],[18.5547,42.64158],[18.55483,42.64179],[18.55563,42.64207],[18.55874,42.64272],[18.56361,42.6434],[18.56552,42.64355],[18.56794,42.64321],[18.57047,42.64341],[18.5715,42.64335],[18.57369,42.64281],[18.5743,42.64286],[18.5749,42.64275],[18.57188,42.65043],[18.57143,42.65082],[18.57132,42.65139],[18.57005,42.65281],[18.56906,42.65611],[18.56541,42.65642],[18.56466,42.65673],[18.56441,42.65867],[18.56485,42.65993],[18.56425,42.66084],[18.56428,42.66186],[18.56416,42.66192],[18.56346,42.66175],[18.56313,42.66186],[18.56263,42.66221],[18.5619,42.66304],[18.56077,42.66363],[18.56024,42.66406],[18.55617,42.66594],[18.55559,42.66661],[18.55565,42.66695],[18.55464,42.66737],[18.55395,42.66742],[18.55384,42.66752],[18.55269,42.66896],[18.55244,42.66983],[18.5512,42.67019],[18.55111,42.67072],[18.55049,42.67128],[18.55013,42.67134],[18.54881,42.67197],[18.55069,42.67562],[18.55043,42.67739],[18.54934,42.67766],[18.55006,42.6788],[18.54981,42.67946],[18.54925,42.67973],[18.549,42.68],[18.54941,42.68079],[18.54943,42.68126],[18.5492,42.68199],[18.54863,42.68243],[18.54862,42.68279],[18.54904,42.68346],[18.54919,42.68453],[18.54861,42.68536],[18.54776,42.68717],[18.54678,42.68788],[18.54639,42.68862],[18.5476,42.68992],[18.5476,42.69013],[18.54672,42.69089],[18.54592,42.692],[18.54545,42.69215],[18.54651,42.69235],[18.54756,42.69205],[18.54798,42.69217],[18.55024,42.69098],[18.55068,42.69048],[18.55122,42.69017],[18.55164,42.69014],[18.55199,42.69037],[18.55214,42.69067],[18.5521,42.69125],[18.55267,42.69184],[18.55385,42.69607],[18.55449,42.69707],[18.55477,42.69809],[18.55525,42.69851],[18.55628,42.69885],[18.55696,42.69935],[18.55794,42.69957],[18.55852,42.69998],[18.55957,42.70102],[18.56077,42.70181],[18.5614,42.70263],[18.56142,42.70296],[18.5612,42.7033],[18.56163,42.70399],[18.56162,42.70424],[18.56063,42.70571],[18.56116,42.70647],[18.56102,42.70733],[18.56116,42.70802],[18.56094,42.70951],[18.56102,42.70992],[18.56176,42.71057],[18.56216,42.71072],[18.56265,42.71122],[18.56379,42.71144],[18.56466,42.71206],[18.56522,42.71371],[18.56635,42.71486],[18.56659,42.7153],[18.568,42.71661],[18.56992,42.71972],[18.56598,42.7206],[18.56602,42.72067],[18.55738,42.72191],[18.54292,42.72265],[18.53456,42.72256],[18.52798,42.72388],[18.51985,42.72872],[18.51386,42.73472],[18.50623,42.73508],[18.50523,42.73524],[18.50188,42.73515],[18.49881,42.73595],[18.49614,42.73588],[18.49786,42.73911],[18.49818,42.74029],[18.49794,42.74348],[18.49726,42.74423],[18.49494,42.74594],[18.49168,42.74785],[18.4878,42.74948],[18.47757,42.75301],[18.47558,42.75392],[18.47445,42.75476],[18.47305,42.75613],[18.4711,42.75959],[18.47076,42.76446],[18.4708,42.77187],[18.47018,42.77494],[18.46894,42.77703],[18.46861,42.77882],[18.46782,42.78124],[18.46737,42.78322],[18.46632,42.78531],[18.46399,42.78758],[18.46267,42.7896],[18.46194,42.79289],[18.46152,42.79617],[18.45972,42.80068],[18.45683,42.80638],[18.45039,42.81679],[18.4602,42.82204],[18.47611,42.82835],[18.46642,42.83739],[18.46552,42.83856],[18.46621,42.83932],[18.4664,42.84044],[18.46629,42.8407],[18.46636,42.84135],[18.46593,42.84165],[18.46566,42.84222],[18.46609,42.8431],[18.46606,42.84396],[18.4658,42.84439],[18.46543,42.84464],[18.4654,42.84489],[18.46618,42.84526],[18.46661,42.84573],[18.46655,42.846],[18.46613,42.84637],[18.46604,42.84689],[18.46651,42.8474],[18.46667,42.84783],[18.46753,42.84864],[18.46765,42.8494],[18.46742,42.84968],[18.46739,42.85024],[18.46771,42.85079],[18.46766,42.85118],[18.46795,42.85159],[18.46816,42.85262],[18.46862,42.85307],[18.46866,42.85347],[18.46934,42.85452],[18.47009,42.85508],[18.47076,42.85539],[18.47161,42.85637],[18.47251,42.85698],[18.47335,42.85802],[18.47381,42.85816],[18.47477,42.85876],[18.47502,42.85936],[18.47499,42.85975],[18.4755,42.85996],[18.47574,42.86037],[18.4763,42.86067],[18.47661,42.86188],[18.47753,42.86212],[18.47808,42.86272],[18.47906,42.86277],[18.4793,42.86264],[18.47949,42.86272],[18.47968,42.86245],[18.47983,42.86258],[18.48012,42.86248],[18.48219,42.861],[18.48648,42.86182],[18.48914,42.86333],[18.49137,42.86484],[18.49118,42.87712],[18.48894,42.88006],[18.50924,42.88664],[18.50408,42.89267],[18.49946,42.90558],[18.4947,42.91538],[18.4941,42.91592],[18.48858,42.9235],[18.48585,42.92543],[18.48393,42.92749],[18.48255,42.92835],[18.48459,42.93326],[18.48528,42.9337],[18.48523,42.93432],[18.48544,42.93444],[18.48524,42.93525],[18.48429,42.93553],[18.48432,42.93709],[18.48444,42.93726],[18.48488,42.93733],[18.48585,42.93801],[18.48609,42.93858],[18.48457,42.94306],[18.4862,42.95849],[18.48575,42.95863],[18.48556,42.95907],[18.48587,42.95982],[18.48581,42.96028],[18.48605,42.96108],[18.4866,42.96175],[18.48595,42.96342],[18.48667,42.96483],[18.48654,42.96536],[18.48689,42.96618],[18.49294,42.97788],[18.49412,42.98646],[18.49822,42.99566],[18.51044,42.99929],[18.51165,43.0054],[18.51186,43.00569],[18.51205,43.00646],[18.51296,43.00785],[18.51324,43.00787],[18.51348,43.00848],[18.51341,43.0088],[18.51363,43.00954],[18.51493,43.01144],[18.51542,43.01244],[18.51594,43.01444],[18.5187,43.01995],[18.53523,43.02813],[18.53584,43.0336],[18.53615,43.03336],[18.54375,43.03232],[18.59211,43.03283],[18.61368,43.02909],[18.62303,43.02946],[18.64286,43.03527],[18.64398,43.0355],[18.6448,43.03511],[18.64548,43.03559],[18.6488,43.03652],[18.64972,43.03705],[18.65115,43.0375],[18.65274,43.03775],[18.65281,43.03787],[18.65328,43.03787],[18.65347,43.03774],[18.65457,43.03773],[18.65485,43.038],[18.65518,43.03777],[18.65528,43.03753],[18.65584,43.03772],[18.65596,43.0376],[18.65661,43.0376],[18.6568,43.03746],[18.65755,43.03754],[18.65751,43.03794],[18.65781,43.03799],[18.66069,43.03733],[18.65982,43.04301],[18.66013,43.04315],[18.66052,43.04361],[18.65972,43.04406],[18.65974,43.04466],[18.65986,43.04499],[18.66006,43.04509],[18.66006,43.04547],[18.65975,43.04548],[18.65998,43.04639],[18.65979,43.04693],[18.6595,43.04714],[18.65988,43.04743],[18.65948,43.04755],[18.6593,43.04777],[18.65923,43.04794],[18.65948,43.0483],[18.65898,43.04862],[18.6591,43.04877],[18.65936,43.04877],[18.65964,43.04929],[18.65976,43.05042],[18.65865,43.06103],[18.65848,43.0611],[18.65864,43.06134],[18.65854,43.06293],[18.65873,43.06303],[18.65871,43.06328],[18.65889,43.06342],[18.65891,43.0636],[18.65874,43.06375],[18.65903,43.06413],[18.65891,43.06435],[18.65844,43.06427],[18.65856,43.06537],[18.65952,43.06687],[18.65953,43.06728],[18.65889,43.06822],[18.65864,43.06842],[18.65809,43.06855],[18.65719,43.0701],[18.65756,43.07023],[18.65807,43.07017],[18.65892,43.07072],[18.65988,43.07089],[18.66001,43.07102],[18.65987,43.07119],[18.65936,43.07115],[18.65855,43.07209],[18.65838,43.0726],[18.65878,43.07335],[18.65761,43.07369],[18.65771,43.07383],[18.65688,43.07414],[18.6569,43.07436],[18.65711,43.07449],[18.65781,43.07465],[18.65786,43.07513],[18.65773,43.0754],[18.6578,43.07597],[18.65733,43.07628],[18.65738,43.07714],[18.65679,43.08278],[18.65686,43.08949],[18.65625,43.09229],[18.65678,43.09296],[18.6555,43.09523],[18.65609,43.09856],[18.65615,43.102],[18.65396,43.10391],[18.65494,43.1059],[18.65374,43.10658],[18.6521,43.11713],[18.65221,43.12017],[18.65314,43.1207],[18.65234,43.12635],[18.65125,43.1324],[18.64982,43.13686],[18.64967,43.14176],[18.6484,43.14713],[18.65003,43.15041],[18.6516,43.15416],[18.65261,43.15706],[18.65307,43.15968],[18.65371,43.16017],[18.65357,43.1608],[18.65423,43.1615],[18.654,43.16159],[18.65421,43.16203],[18.65416,43.16242],[18.65551,43.16667],[18.65592,43.16739],[18.65662,43.17018],[18.6573,43.17165],[18.65806,43.17431],[18.65804,43.17477],[18.65872,43.1779],[18.65991,43.17921],[18.65994,43.18056],[18.66033,43.18098],[18.66068,43.1817],[18.66122,43.18399],[18.66149,43.1844],[18.66203,43.18634],[18.66277,43.1871],[18.66353,43.1911],[18.66492,43.19561],[18.66661,43.20005],[18.66773,43.20391],[18.67581,43.20784],[18.68244,43.21062],[18.69174,43.22021],[18.69239,43.22068],[18.7038,43.22677],[18.71714,43.23178],[18.713,43.2326],[18.70989,43.23387],[18.70696,43.23593],[18.70544,43.23611],[18.70033,43.24202],[18.69408,43.2505],[18.68812,43.25471],[18.70613,43.25981],[18.71665,43.26375],[18.71849,43.26496],[18.73543,43.2786],[18.73624,43.27897],[18.74831,43.286],[18.75318,43.2885],[18.76956,43.29461],[18.78858,43.30394],[18.80627,43.30736],[18.81746,43.31318],[18.81891,43.31445],[18.81968,43.31482],[18.82122,43.31471],[18.82425,43.31524],[18.83045,43.31603],[18.85299,43.32059],[18.85559,43.32169],[18.85449,43.32244],[18.85372,43.32275],[18.85346,43.32308],[18.85351,43.32436],[18.85338,43.32487],[18.85279,43.32552],[18.85229,43.32641],[18.85274,43.32759],[18.85241,43.32868],[18.8521,43.32915],[18.85154,43.32942],[18.8503,43.33081],[18.85035,43.33337],[18.85002,43.33508],[18.84942,43.33655],[18.84902,43.33691],[18.84768,43.33765],[18.84695,43.33896],[18.84662,43.33923],[18.84504,43.34024],[18.8425,43.34148],[18.84159,43.34226],[18.83927,43.34375],[18.83892,43.34424],[18.83889,43.34468],[18.83959,43.34644],[18.83959,43.34778],[18.83938,43.34852],[18.84176,43.34846],[18.84448,43.3486],[18.84564,43.34887],[18.84933,43.34939],[18.8532,43.35041],[18.85495,43.35111],[18.85576,43.35123],[18.8571,43.35121],[18.85835,43.35148],[18.85988,43.35199],[18.86133,43.35202],[18.86196,43.3525],[18.86276,43.35362],[18.8633,43.3539],[18.86472,43.35404],[18.86638,43.35398],[18.86747,43.35409],[18.87055,43.35396],[18.87178,43.35411],[18.87308,43.3545],[18.87646,43.35587],[18.87845,43.35645],[18.88168,43.35646],[18.88264,43.35628],[18.88555,43.35541],[18.88637,43.35535],[18.88782,43.35538],[18.88894,43.35568],[18.89126,43.35587],[18.89167,43.35576],[18.89225,43.35535],[18.89295,43.35458],[18.89547,43.3542],[18.89694,43.3543],[18.89864,43.35471],[18.90109,43.35567],[18.90171,43.35614],[18.90237,43.35728],[18.9031,43.35783],[18.9044,43.35838],[18.90479,43.35878],[18.90548,43.35916],[18.90747,43.3596],[18.90836,43.36017],[18.91089,43.36067],[18.91206,43.36041],[18.91343,43.36026],[18.91446,43.35985],[18.91501,43.35927],[18.91541,43.35768],[18.91562,43.35734],[18.91618,43.35689],[18.91734,43.35633],[18.91895,43.35517],[18.92096,43.35453],[18.92221,43.35258],[18.92295,43.35173],[18.92379,43.35129],[18.92574,43.35074],[18.9274,43.35005],[18.92804,43.34964],[18.92853,43.3486],[18.9287,43.34774],[18.9293,43.34717],[18.92954,43.34616],[18.93031,43.34518],[18.93109,43.34458],[18.93118,43.34431],[18.93204,43.34394],[18.93464,43.34202],[18.93662,43.34076],[18.93758,43.33968],[18.93792,43.33896],[18.93793,43.33878],[18.93775,43.33875],[18.9385,43.33733],[18.94031,43.33662],[18.94072,43.33622],[18.9413,43.33509],[18.94205,43.3343],[18.94263,43.33409],[18.94401,43.33396],[18.94518,43.33349],[18.94568,43.33284],[18.94633,43.33149],[18.9474,43.33059],[18.94833,43.33027],[18.94932,43.33026],[18.95144,43.33096],[18.95308,43.33134],[18.95609,43.33158],[18.95774,43.33125],[18.95855,43.33048],[18.959,43.32931],[18.95922,43.32732],[18.95912,43.32633],[18.95926,43.3261],[18.96051,43.32517],[18.96112,43.32452],[18.96132,43.32407],[18.96125,43.32336],[18.96096,43.32278],[18.95977,43.32183],[18.95943,43.3212],[18.95992,43.31813],[18.95986,43.3174],[18.95885,43.31603],[18.95637,43.31499],[18.95582,43.31465],[18.95211,43.31134],[18.95162,43.30933],[18.95162,43.30787],[18.9512,43.30643],[18.95047,43.3053],[18.95035,43.30432],[18.94999,43.30388],[18.9494,43.30267],[18.94897,43.3023],[18.94894,43.3015],[18.94912,43.30101],[18.95019,43.29978],[18.95077,43.29861],[18.95187,43.29701],[18.95249,43.29404],[18.95376,43.292],[18.95378,43.29051],[18.95491,43.28935],[18.95483,43.28856],[18.95504,43.2881],[18.95544,43.28772],[18.95645,43.2876],[18.95818,43.28779],[18.95977,43.28826],[18.96126,43.28821],[18.96344,43.28712],[18.96443,43.28679],[18.96756,43.28656],[18.97105,43.28541],[18.97202,43.2846],[18.97412,43.28369],[18.97788,43.28277],[18.97966,43.28199],[18.98085,43.28106],[18.98182,43.28077],[18.98242,43.2799],[18.98313,43.27934],[18.98356,43.27871],[18.9837,43.27741],[18.98406,43.27643],[18.98475,43.27553],[18.98683,43.27371],[18.98711,43.27296],[18.98707,43.2704],[18.98671,43.26938],[18.98626,43.26868],[18.9852,43.26533],[18.98478,43.26325],[18.98503,43.26254],[18.98551,43.26217],[18.99103,43.26005],[18.99178,43.25954],[18.99346,43.2579],[18.9941,43.25746],[18.9943,43.25755],[18.99595,43.25606],[19.00085,43.25316],[19.00247,43.25236],[19.00353,43.25198],[19.00754,43.25131],[19.00902,43.25086],[19.01974,43.25961],[19.01999,43.2601],[19.01959,43.26062],[19.01985,43.26121],[19.01944,43.26235],[19.01978,43.26272],[19.02016,43.26362],[19.02111,43.26413],[19.02178,43.26428],[19.02376,43.26603],[19.02397,43.26675],[19.02451,43.26745],[19.02589,43.27394],[19.03335,43.2809],[19.03367,43.28239],[19.03378,43.28237],[19.03398,43.28303],[19.03394,43.28351],[19.03416,43.28384],[19.03467,43.2842],[19.03475,43.28508],[19.03462,43.28557],[19.03576,43.28774],[19.03586,43.2895],[19.0363,43.29012],[19.03643,43.2901],[19.0372,43.29057],[19.03803,43.29003],[19.03874,43.28976],[19.04035,43.28961],[19.04158,43.28981],[19.04242,43.28935],[19.04786,43.29178],[19.06098,43.29412],[19.08027,43.29982],[19.079,43.3007],[19.07751,43.30262],[19.07707,43.30413],[19.07726,43.30485],[19.07792,43.30575],[19.07807,43.30618],[19.07882,43.30705],[19.07959,43.30763],[19.07992,43.30816],[19.08339,43.31916],[19.07502,43.32782],[19.07522,43.33574],[19.07087,43.33976],[19.06126,43.34464],[19.06169,43.34833],[19.06157,43.35214],[19.05605,43.35469],[19.05371,43.35552],[19.052,43.35649],[19.0482,43.35817],[19.04428,43.36138],[19.03992,43.36544],[19.04127,43.37042],[19.04016,43.37475],[19.03976,43.37509],[19.03859,43.3753],[19.03776,43.37579],[19.03693,43.37595],[19.03526,43.37861],[19.0412,43.38052],[19.04339,43.38537],[19.04125,43.38734],[19.04291,43.39238],[19.04271,43.3965],[19.04264,43.39662],[19.04029,43.39673],[19.03915,43.39704],[19.03885,43.39734],[19.03802,43.39737],[19.03534,43.39803],[19.03307,43.39921],[19.03223,43.39982],[19.03103,43.40017],[19.02848,43.40187],[19.02056,43.40857],[19.02058,43.40958],[19.02109,43.40969],[19.02126,43.40987],[19.02113,43.41032],[19.02142,43.41154],[19.02099,43.4123],[19.02093,43.41278],[19.02027,43.41327],[19.02039,43.41366],[19.01986,43.41406],[19.01966,43.41574],[19.01901,43.41629],[19.01886,43.41669],[19.01897,43.41761],[19.01979,43.4184],[19.01938,43.41979],[19.01985,43.4203],[19.02016,43.42148],[19.01997,43.42204],[19.02022,43.42272],[19.01978,43.42373],[19.0201,43.42445],[19.02009,43.42484],[19.01927,43.42574],[19.01905,43.42662],[19.01853,43.42714],[19.01851,43.42735],[19.019,43.428],[19.01883,43.42848],[19.01898,43.42891],[19.0181,43.42934],[19.01789,43.42962],[19.01846,43.43079],[19.01793,43.43133],[19.01655,43.43178],[19.0164,43.43192],[19.01641,43.43235],[19.01616,43.43267],[19.0152,43.43274],[19.01453,43.43307],[19.01479,43.43358],[19.0144,43.43434],[19.01393,43.43433],[19.01356,43.43458],[19.01305,43.43536],[19.0122,43.43622],[19.01011,43.43775],[19.00997,43.43826],[19.01074,43.44051],[19.01065,43.44091],[19.01034,43.4413],[19.00995,43.44161],[19.00923,43.44186],[19.00893,43.44177],[19.00847,43.44111],[19.00771,43.44113],[19.00712,43.44146],[19.00697,43.44181],[19.00698,43.44256],[19.00728,43.44319],[19.01049,43.44484],[19.01098,43.44519],[19.011,43.44551],[19.0102,43.44608],[19.00937,43.44591],[19.00885,43.44614],[19.00901,43.44604],[19.00857,43.44592],[19.00835,43.44529],[19.00767,43.44497],[19.0072,43.44408],[19.00689,43.44377],[19.00664,43.44375],[19.00599,43.44401],[19.00569,43.4444],[19.00602,43.44506],[19.00667,43.4458],[19.00671,43.44608],[19.00653,43.44646],[19.00631,43.44668],[19.00593,43.44678],[19.00493,43.44674],[19.00374,43.44574],[19.00345,43.44511],[19.00363,43.44434],[19.00411,43.44405],[19.00423,43.44374],[19.00437,43.44294],[19.00426,43.44223],[19.00382,43.44185],[19.00258,43.44133],[19.00113,43.43959],[19.00024,43.439],[18.99978,43.43895],[18.9988,43.43958],[18.99836,43.44025],[18.99781,43.44248],[18.99831,43.44411],[18.99801,43.44462],[18.99684,43.44538],[18.99492,43.44612],[18.99437,43.44647],[18.99329,43.44786],[18.9928,43.44821],[18.99243,43.44831],[18.99174,43.44803],[18.99112,43.44723],[18.99007,43.44692],[18.9897,43.44585],[18.98912,43.44561],[18.98864,43.44567],[18.98838,43.44586],[18.98841,43.44744],[18.98801,43.44862],[18.98748,43.44942],[18.98669,43.44996],[18.9858,43.4511],[18.98603,43.45136],[18.98714,43.45141],[18.98775,43.45167],[18.98797,43.45194],[18.98771,43.45244],[18.98707,43.45273],[18.98462,43.45225],[18.98326,43.45231],[18.98301,43.45248],[18.98213,43.45404],[18.98174,43.45415],[18.98134,43.45405],[18.98079,43.45353],[18.98031,43.45339],[18.97982,43.45344],[18.97917,43.45393],[18.97788,43.45602],[18.97733,43.45598],[18.97694,43.45576],[18.97672,43.45516],[18.97625,43.45462],[18.97582,43.45374],[18.97507,43.45336],[18.97374,43.45306],[18.9724,43.45304],[18.97171,43.45323],[18.97086,43.45329],[18.96981,43.45314],[18.96815,43.45309],[18.96412,43.45163],[18.96306,43.451],[18.96248,43.45101],[18.96201,43.45122],[18.95947,43.45298],[18.95869,43.45325],[18.95709,43.45283],[18.95635,43.45227],[18.95619,43.45239],[18.95632,43.45246],[18.95557,43.45325],[18.95575,43.45367],[18.95568,43.45401],[18.95612,43.45445],[18.95595,43.45545],[18.95566,43.45599],[18.95604,43.45638],[18.95591,43.45718],[18.95617,43.45746],[18.95688,43.45752],[18.95806,43.45823],[18.95882,43.45847],[18.95885,43.45871],[18.95917,43.45895],[18.95937,43.45948],[18.96039,43.45989],[18.96108,43.46056],[18.96095,43.46119],[18.96056,43.46155],[18.96071,43.4618],[18.96047,43.4621],[18.96025,43.46297],[18.96055,43.46333],[18.96027,43.46366],[18.96063,43.46388],[18.96047,43.4649],[18.96069,43.46539],[18.96024,43.46583],[18.96018,43.46608],[18.96041,43.46623],[18.96033,43.46667],[18.96044,43.46685],[18.96072,43.46695],[18.96082,43.46737],[18.96034,43.46793],[18.96007,43.46869],[18.9606,43.46916],[18.96137,43.46939],[18.96141,43.46967],[18.96175,43.47006],[18.9615,43.47068],[18.96119,43.47078],[18.96059,43.47158],[18.96063,43.47206],[18.96005,43.47271],[18.95997,43.47299],[18.95976,43.473],[18.95947,43.47338],[18.95825,43.47391],[18.95831,43.4744],[18.95795,43.47455],[18.95785,43.47484],[18.9575,43.475],[18.95751,43.47521],[18.95725,43.47529],[18.95713,43.47553],[18.95665,43.47574],[18.95633,43.47609],[18.95653,43.47631],[18.95648,43.47655],[18.95703,43.47701],[18.95689,43.47787],[18.95722,43.47817],[18.95684,43.47896],[18.95707,43.47939],[18.95693,43.47961],[18.95696,43.48044],[18.95766,43.48092],[18.95772,43.48131],[18.95803,43.48164],[18.95837,43.48185],[18.95904,43.48187],[18.95918,43.48235],[18.95957,43.48281],[18.9596,43.48327],[18.95919,43.48368],[18.95913,43.48397],[18.95934,43.48438],[18.9593,43.48494],[18.95946,43.48532],[18.95867,43.48649],[18.95864,43.48791],[18.95837,43.48814],[18.95774,43.48927],[18.95712,43.48958],[18.95628,43.49069],[18.95616,43.49146],[18.95541,43.49238],[18.9552,43.49252],[18.95477,43.49254],[18.95426,43.49288],[18.95376,43.49289],[18.95309,43.49336],[18.95283,43.49327],[18.95207,43.4936],[18.95157,43.49362],[18.95054,43.4933],[18.95116,43.49493],[18.94991,43.50367],[18.93632,43.50253],[18.93422,43.49888],[18.93571,43.49163],[18.92981,43.49282],[18.92423,43.49127],[18.92149,43.49027],[18.91809,43.49507],[18.91256,43.50208],[18.91329,43.50253],[18.91248,43.50314],[18.91249,43.50334],[18.91289,43.50351],[18.91427,43.50359],[18.91474,43.50338],[18.91493,43.50299],[18.91759,43.50414],[18.92385,43.50482],[18.92743,43.51137],[18.9296,43.51198],[18.93019,43.51149],[18.93395,43.5128],[18.93438,43.51305],[18.93448,43.51293],[18.93483,43.51302],[18.93477,43.51322],[18.9364,43.51341],[18.94234,43.51506],[18.94268,43.5153],[18.94218,43.51612],[18.94225,43.51662],[18.94267,43.51691],[18.94276,43.51719],[18.94328,43.5173],[18.94418,43.51716],[18.94463,43.51729],[18.94679,43.51936],[18.94723,43.51961],[18.94782,43.5196],[18.9533,43.52267],[18.95989,43.52308],[18.96645,43.52517],[18.96885,43.52503],[18.9702,43.52562],[18.97286,43.5258],[18.97548,43.52572],[18.9788,43.52652],[18.98006,43.52731],[18.98041,43.52779],[18.981,43.52959],[18.98288,43.53034],[18.98566,43.5312],[18.98236,43.53301],[18.98188,43.53444],[18.97986,43.53588],[18.98118,43.54131],[18.98157,43.54397],[18.98435,43.54657],[18.98724,43.55022],[18.98827,43.55531],[18.99666,43.55797],[18.99896,43.5576],[18.99939,43.55793],[18.9999,43.5576],[19.00118,43.55742],[19.00211,43.55768],[19.00422,43.55803],[19.00492,43.55824],[19.00508,43.55851],[19.00687,43.55618],[19.00772,43.55431],[19.00802,43.55311],[19.00787,43.55147],[19.00817,43.55084],[19.00934,43.5498],[19.00948,43.54944],[19.01078,43.54879],[19.01108,43.54848],[19.01125,43.54749],[19.01103,43.54659],[19.01113,43.54594],[19.01184,43.54397],[19.01148,43.54275],[19.01331,43.54163],[19.01399,43.54146],[19.01443,43.54203],[19.01473,43.54186],[19.01547,43.543],[19.01552,43.54345],[19.01589,43.54321],[19.01687,43.54315],[19.01748,43.54285],[19.01805,43.543],[19.0183,43.54322],[19.01899,43.54296],[19.01926,43.5434],[19.0222,43.54533],[19.02247,43.54466],[19.02412,43.54281],[19.02548,43.5389],[19.02765,43.5377],[19.02924,43.53575],[19.03172,43.53482],[19.03606,43.53289],[19.03868,43.52967],[19.03968,43.52892],[19.04138,43.52683],[19.04192,43.52591],[19.04356,43.52442],[19.04237,43.52332],[19.04141,43.52278],[19.04084,43.52216],[19.04043,43.522],[19.04001,43.52118],[19.0403,43.52029],[19.04021,43.51929],[19.0404,43.51907],[19.03991,43.51808],[19.04044,43.51728],[19.04076,43.51716],[19.04116,43.51661],[19.04158,43.51641],[19.04157,43.51606],[19.04185,43.5159],[19.04189,43.51555],[19.04221,43.51528],[19.04215,43.51502],[19.04275,43.51424],[19.04379,43.51353],[19.04386,43.51329],[19.04369,43.51283],[19.04387,43.5126],[19.04374,43.51227],[19.04377,43.51156],[19.04397,43.51126],[19.04383,43.51094],[19.04349,43.5108],[19.04283,43.51017],[19.04293,43.50914],[19.04252,43.50874],[19.04231,43.50822],[19.04241,43.50777],[19.04205,43.50715],[19.04229,43.50646],[19.04224,43.50563],[19.04242,43.50438],[19.04218,43.5033],[19.04409,43.50306],[19.04601,43.50354],[19.04696,43.5031],[19.0479,43.50235],[19.04978,43.50224],[19.05151,43.50189],[19.05283,43.50226],[19.05439,43.50308],[19.05518,43.50364],[19.05705,43.50335],[19.05863,43.5041],[19.06179,43.5052],[19.06173,43.50626],[19.06239,43.5073],[19.06236,43.50796],[19.06279,43.50883],[19.06275,43.50975],[19.06385,43.51067],[19.06584,43.51125],[19.06807,43.51095],[19.07017,43.51137],[19.0706,43.51126],[19.0752,43.51147],[19.08296,43.51509],[19.08683,43.5167],[19.09033,43.5161],[19.0919,43.51525],[19.09188,43.51463],[19.09239,43.51327],[19.09168,43.51281],[19.09632,43.51314],[19.09706,43.51334],[19.0983,43.51479],[19.10271,43.51815],[19.10318,43.52204],[19.11106,43.52216],[19.11611,43.52077],[19.11608,43.52051],[19.11686,43.51997],[19.11801,43.51985],[19.11839,43.5196],[19.11879,43.51956],[19.11934,43.51918],[19.12022,43.51942],[19.12077,43.51945],[19.12207,43.51985],[19.12476,43.5203],[19.12665,43.52099],[19.12665,43.5213],[19.1271,43.52191],[19.1272,43.52308],[19.12769,43.52364],[19.12814,43.52386],[19.12842,43.52419],[19.12912,43.52434],[19.13195,43.52601],[19.13686,43.52568],[19.13665,43.52619],[19.13682,43.52676],[19.13719,43.52705],[19.13768,43.52719],[19.13749,43.5273],[19.13872,43.52812],[19.13917,43.52864],[19.1389,43.52883],[19.13979,43.52906],[19.14159,43.53035],[19.14278,43.53098],[19.14473,43.53176],[19.14672,43.53235],[19.14716,43.53272],[19.14811,43.53296],[19.14859,43.53322],[19.14957,43.53414],[19.14983,43.53499],[19.15014,43.53535],[19.1509,43.53541],[19.15137,43.5356],[19.15236,43.53628],[19.15265,43.53678],[19.15349,43.5363],[19.155,43.53583],[19.15565,43.53535],[19.15742,43.53501],[19.15886,43.53447],[19.16009,43.53418],[19.16314,43.53396],[19.16422,43.53374],[19.16484,43.53396],[19.16539,43.53398],[19.16665,43.53362],[19.167,43.53314],[19.16779,43.53347],[19.16893,43.53337],[19.16931,43.53365],[19.16948,43.53365],[19.16983,43.53319],[19.17105,43.53276],[19.17178,43.53279],[19.17227,43.53304],[19.1728,43.53361],[19.17256,43.53411],[19.17444,43.53458],[19.17563,43.5343],[19.17601,43.5339],[19.17699,43.53422],[19.17729,43.53374],[19.17797,43.53359],[19.17843,43.53303],[19.17912,43.5328],[19.18015,43.53304],[19.18067,43.53343],[19.18755,43.53359],[19.19038,43.53337],[19.19762,43.53575],[19.19954,43.53276],[19.20909,43.53028],[19.21258,43.52989],[19.21347,43.53016],[19.21509,43.53093],[19.21615,43.53102],[19.21765,43.53067],[19.21862,43.53021],[19.21952,43.52997],[19.22051,43.52952],[19.22127,43.52941],[19.22235,43.52892],[19.22544,43.52855],[19.22566,43.52843],[19.22709,43.52819],[19.22736,43.52847],[19.22799,43.52856],[19.23263,43.52785],[19.24169,43.52903],[19.25083,43.52939],[19.24881,43.53196],[19.24901,43.5324],[19.24877,43.53429],[19.24795,43.5353],[19.24837,43.53586],[19.24816,43.53682],[19.24759,43.53776],[19.24686,43.53972],[19.24757,43.54157],[19.24762,43.54222],[19.24726,43.5438],[19.24702,43.5441],[19.24678,43.54567],[19.24637,43.54665],[19.24621,43.54807],[19.24798,43.55],[19.2482,43.5505],[19.24825,43.55179],[19.24791,43.55324],[19.24887,43.55578],[19.24848,43.5563],[19.24695,43.55773],[19.2483,43.55832],[19.24971,43.55935],[19.25036,43.56077],[19.25194,43.56261],[19.25118,43.5633],[19.25083,43.56388],[19.25042,43.5662],[19.25114,43.56698],[19.25188,43.56748],[19.2521,43.56807],[19.25178,43.5691],[19.25207,43.56989],[19.25201,43.57032],[19.25231,43.57082],[19.25237,43.57147],[19.25358,43.57319],[19.25362,43.57463],[19.25385,43.57549],[19.25238,43.5774],[19.25278,43.58008],[19.25202,43.58149],[19.25202,43.58173],[19.25098,43.58285],[19.25086,43.58378],[19.24909,43.58594],[19.24832,43.58638],[19.24786,43.58692],[19.24723,43.58722],[19.24688,43.58801],[19.24653,43.58822],[19.24648,43.58888],[19.24748,43.59],[19.24759,43.59029],[19.24606,43.59157],[19.24588,43.5927],[19.24631,43.59276],[19.2501,43.59216],[19.25203,43.59126],[19.25296,43.59096],[19.25814,43.59118],[19.25892,43.59079],[19.25935,43.59039],[19.26094,43.59035],[19.26269,43.58939],[19.26374,43.59027],[19.26392,43.59069],[19.26477,43.59175],[19.26488,43.59298],[19.26594,43.59396],[19.26867,43.59485],[19.26974,43.59539],[19.27129,43.59587],[19.2727,43.59655],[19.27267,43.59707],[19.27166,43.59837],[19.27054,43.6006],[19.26906,43.60181],[19.26853,43.60194],[19.26724,43.60124],[19.26684,43.60123],[19.26623,43.60073],[19.26509,43.60073],[19.26402,43.60057],[19.26301,43.59994],[19.2619,43.59991],[19.26067,43.59965],[19.25942,43.59962],[19.25876,43.59948],[19.25645,43.59846],[19.25551,43.59792],[19.25585,43.59914],[19.25658,43.60008],[19.2568,43.60081],[19.2613,43.60396],[19.2618,43.60502],[19.26373,43.60691],[19.26462,43.60626],[19.26603,43.60574],[19.26656,43.6052],[19.26703,43.60428],[19.26845,43.6025],[19.27064,43.60065],[19.27179,43.59848],[19.27303,43.5967],[19.27353,43.59698],[19.27565,43.59712],[19.27631,43.59674],[19.27705,43.59695],[19.27875,43.59676],[19.27941,43.59648],[19.28265,43.59639],[19.28487,43.59614],[19.28641,43.59585],[19.28772,43.59581],[19.28825,43.5959],[19.28873,43.59548],[19.29084,43.59855],[19.29113,43.60014],[19.29258,43.59912],[19.29384,43.5985],[19.29487,43.59747],[19.29563,43.59705],[19.2956,43.59678],[19.29631,43.59587],[19.29701,43.59536],[19.29812,43.59493],[19.3006,43.59139],[19.30356,43.59016],[19.30395,43.58984],[19.30608,43.58993],[19.30637,43.58977],[19.3095,43.58932],[19.30982,43.58949],[19.31105,43.58925],[19.31138,43.58883],[19.3139,43.58797],[19.31595,43.589],[19.3175,43.58883],[19.31865,43.58837],[19.31958,43.58819],[19.32075,43.58822],[19.32212,43.58861],[19.32329,43.58866],[19.32404,43.58855],[19.32581,43.58881],[19.32625,43.5889],[19.32694,43.58932],[19.33116,43.59065],[19.33219,43.59047],[19.33513,43.58946],[19.33578,43.58851],[19.33679,43.58852],[19.34168,43.5926],[19.34359,43.59367],[19.34395,43.59426],[19.3455,43.59587],[19.34729,43.59843],[19.34825,43.59926],[19.34951,43.59988],[19.35109,43.60134],[19.35386,43.60344],[19.35497,43.60406],[19.35663,43.60566],[19.35757,43.60605],[19.35925,43.60625],[19.36007,43.60616],[19.36178,43.60554],[19.36254,43.60714],[19.36248,43.60783],[19.36412,43.60842],[19.36473,43.60914],[19.36701,43.61022],[19.36819,43.61037],[19.36936,43.61069],[19.36908,43.60998],[19.36938,43.6082],[19.36969,43.60741],[19.3696,43.60645],[19.37087,43.60527],[19.37171,43.60488],[19.38148,43.60191],[19.38187,43.60162],[19.38223,43.60095],[19.38208,43.59746],[19.38256,43.59442],[19.38436,43.59186],[19.3848,43.59148],[19.38527,43.59123],[19.38748,43.59057],[19.38838,43.59048],[19.3913,43.59069],[19.39163,43.59087],[19.394,43.59148],[19.39512,43.59173],[19.39563,43.59172],[19.39683,43.5914],[19.39755,43.59098],[19.40193,43.58759],[19.40161,43.58709],[19.40058,43.58672],[19.40009,43.58581],[19.40001,43.58483],[19.39954,43.58413],[19.39989,43.58366],[19.39982,43.58282],[19.40001,43.58244],[19.40003,43.58175],[19.39953,43.58129],[19.39841,43.58107],[19.39723,43.5804],[19.39529,43.57979],[19.39369,43.57952],[19.3928,43.579],[19.39188,43.57801],[19.39095,43.57754],[19.38972,43.57755],[19.38786,43.57725],[19.38854,43.57704],[19.38831,43.57659],[19.3884,43.57628],[19.39021,43.57512],[19.39052,43.57537],[19.39213,43.57481],[19.39241,43.5737],[19.3931,43.57442],[19.39377,43.57483],[19.39452,43.57498],[19.39596,43.5756],[19.39696,43.57627],[19.39818,43.57638],[19.39862,43.57675],[19.3996,43.57709],[19.39977,43.57751],[19.40016,43.5779],[19.40018,43.57813],[19.40521,43.57726],[19.40406,43.57537],[19.40252,43.57032],[19.40689,43.57011],[19.40757,43.56987],[19.40842,43.56978],[19.40978,43.57018],[19.41014,43.57042],[19.41044,43.57112],[19.41251,43.57178],[19.41334,43.57193],[19.41703,43.57342],[19.41726,43.57376],[19.41843,43.57451],[19.42227,43.57532],[19.42158,43.57703],[19.42097,43.57732],[19.4195,43.57766],[19.41735,43.57761],[19.41811,43.5783],[19.41938,43.57866],[19.42139,43.57882],[19.42228,43.57925],[19.42274,43.579],[19.42431,43.57889],[19.42623,43.57922],[19.42798,43.57936],[19.43043,43.57984],[19.43107,43.58009],[19.43145,43.58043],[19.43227,43.58064],[19.43712,43.58111],[19.43875,43.58119],[19.44185,43.58005],[19.44255,43.58004],[19.44375,43.58097],[19.44462,43.58101],[19.44607,43.58187],[19.44695,43.5816],[19.44732,43.58162],[19.44803,43.58107],[19.44921,43.58045],[19.4497,43.58057],[19.4505,43.58033],[19.45112,43.57942],[19.45173,43.57894],[19.45237,43.57888],[19.45331,43.57899],[19.45385,43.57872],[19.45446,43.57896],[19.45536,43.57893],[19.45625,43.57862],[19.45794,43.57779],[19.45832,43.57803],[19.45912,43.5777],[19.46095,43.57781],[19.46456,43.57689],[19.46566,43.57706],[19.46616,43.57727],[19.46781,43.57683],[19.46839,43.57696],[19.4692,43.57681],[19.47098,43.57617],[19.47205,43.57664],[19.47261,43.57642],[19.47262,43.57614],[19.47281,43.57598],[19.47358,43.57628],[19.47417,43.57558],[19.47541,43.57548],[19.47581,43.57519],[19.47603,43.57481],[19.47714,43.57396],[19.47765,43.57333],[19.47839,43.57295],[19.47905,43.57162],[19.48073,43.57172],[19.48227,43.57208],[19.4824,43.57237],[19.48528,43.57332],[19.48965,43.57505],[19.49737,43.5775],[19.50594,43.58425],[19.50852,43.58558],[19.51065,43.58566],[19.51105,43.58615],[19.5073,43.58782],[19.5046,43.58921],[19.5033,43.58994],[19.50196,43.59096],[19.5008,43.59205],[19.50055,43.59265],[19.49967,43.59376],[19.4989,43.59627],[19.49835,43.59701],[19.4971,43.59807],[19.49646,43.59833],[19.49504,43.59853],[19.49419,43.59817],[19.49344,43.59631],[19.49253,43.59622],[19.49182,43.59643],[19.49191,43.5977],[19.49177,43.59856],[19.49142,43.59909],[19.49127,43.6003],[19.4916,43.60088],[19.49266,43.60155],[19.4944,43.60392],[19.49457,43.60456],[19.49412,43.60568],[19.49506,43.60887],[19.49694,43.61183],[19.49889,43.61385],[19.49905,43.61474],[19.49949,43.61544],[19.49951,43.61606],[19.4991,43.61684],[19.49888,43.617],[19.49731,43.61759],[19.49672,43.61745],[19.49601,43.61748],[19.49342,43.61862],[19.49242,43.61921],[19.49197,43.61964],[19.49159,43.62032],[19.49145,43.62206],[19.49154,43.6226],[19.49186,43.62307],[19.4924,43.6245],[19.49233,43.62554],[19.49132,43.62731],[19.48961,43.62945],[19.4885,43.63061],[19.48837,43.63093],[19.48784,43.63115],[19.48767,43.63154],[19.48808,43.63245],[19.48887,43.63353],[19.48964,43.63419],[19.49117,43.63488],[19.49353,43.637],[19.49613,43.6384],[19.49849,43.63897],[19.49876,43.63894],[19.49921,43.63877],[19.49936,43.63839],[19.49931,43.63591],[19.49952,43.63506],[19.49999,43.63404],[19.50052,43.63337],[19.50142,43.63311],[19.50402,43.63348],[19.50609,43.63357],[19.50732,43.63331],[19.50751,43.63316],[19.50775,43.63276],[19.50781,43.63225],[19.50661,43.62982],[19.50685,43.6283],[19.50703,43.62804],[19.50801,43.62737],[19.5085,43.62729],[19.50923,43.62744],[19.51064,43.62822],[19.51054,43.62865],[19.51069,43.62945],[19.51052,43.63108],[19.51162,43.63391],[19.51177,43.63524],[19.51231,43.63631],[19.51238,43.6368],[19.51276,43.63734],[19.51437,43.63819],[19.51461,43.63941],[19.515,43.64043],[19.51486,43.64067],[19.51487,43.64166],[19.51399,43.64295],[19.51323,43.64365],[19.51231,43.64413],[19.51317,43.64507],[19.51326,43.64545],[19.51391,43.64574],[19.51414,43.64623],[19.51529,43.64685],[19.51801,43.64742],[19.52126,43.64848],[19.52341,43.64884],[19.52585,43.6494],[19.52646,43.64972],[19.527,43.65066],[19.52727,43.65245],[19.52823,43.65481],[19.52809,43.6574],[19.52859,43.65817],[19.52959,43.65917],[19.53052,43.66136],[19.53083,43.66315],[19.53069,43.66412],[19.53124,43.66547],[19.53178,43.66777],[19.53108,43.66911],[19.52959,43.66959],[19.52854,43.6702],[19.52813,43.67068],[19.52781,43.67125],[19.52754,43.67229],[19.52641,43.67339],[19.52474,43.67665],[19.52392,43.67767],[19.52303,43.67964],[19.5229,43.68032],[19.52162,43.68218],[19.52093,43.68388],[19.51945,43.68553],[19.5183,43.68749],[19.51834,43.68792],[19.51706,43.68952],[19.51702,43.68998],[19.51788,43.69077],[19.51873,43.69248],[19.51829,43.69604],[19.51771,43.69666],[19.51705,43.69692],[19.51595,43.69928],[19.51536,43.70013],[19.51454,43.70083],[19.51508,43.70247],[19.51619,43.70425],[19.51899,43.70598],[19.51935,43.70825],[19.51932,43.70997],[19.51979,43.71056],[19.51916,43.71204],[19.51904,43.71319],[19.51918,43.71391],[19.51896,43.71433],[19.51866,43.71457],[19.51771,43.71482],[19.51579,43.71502],[19.51333,43.71553],[19.51118,43.71731],[19.51047,43.71813],[19.50975,43.71871],[19.50905,43.71997],[19.50845,43.72062],[19.50736,43.7209],[19.50593,43.72108],[19.50486,43.72199],[19.5044,43.72218],[19.50312,43.72318],[19.50253,43.72325],[19.50091,43.72314],[19.49847,43.72403],[19.4979,43.72458],[19.49714,43.72612],[19.49678,43.72643],[19.49409,43.7272],[19.49348,43.72747],[19.49163,43.72787],[19.49031,43.7286],[19.4892,43.72949],[19.48634,43.73062],[19.48395,43.73208],[19.4828,43.73254],[19.48094,43.73365],[19.4804,43.73466],[19.48046,43.73546],[19.4796,43.73702],[19.47941,43.73716],[19.47899,43.7383],[19.4779,43.74005],[19.47793,43.74057],[19.47737,43.74135],[19.47732,43.74184],[19.47762,43.74265],[19.47733,43.74355],[19.47735,43.744],[19.47756,43.74443],[19.47749,43.74488],[19.47787,43.74537],[19.47694,43.7474],[19.47526,43.74894],[19.47409,43.74967],[19.47342,43.75027],[19.47336,43.7505],[19.4725,43.75053],[19.47114,43.75121],[19.47009,43.75139],[19.46929,43.75237],[19.4686,43.75267],[19.46787,43.75343],[19.4673,43.75383],[19.46749,43.75476],[19.46743,43.7553],[19.46584,43.75729],[19.466,43.75792],[19.46592,43.75996],[19.46608,43.7605],[19.46561,43.76227],[19.46539,43.76448],[19.4634,43.76547],[19.46255,43.76578],[19.46105,43.76606],[19.46016,43.76654],[19.45826,43.76714],[19.45779,43.76783],[19.45591,43.76934],[19.45476,43.77125],[19.45172,43.77209],[19.45104,43.77301],[19.44993,43.77354],[19.44791,43.77497],[19.44731,43.77522],[19.44503,43.77587],[19.44247,43.77611],[19.44014,43.77612],[19.43883,43.77637],[19.43768,43.77618],[19.43631,43.77612],[19.43491,43.77623],[19.43395,43.77643],[19.4324,43.77643],[19.43126,43.77685],[19.43072,43.77831],[19.43095,43.77986],[19.43143,43.78027],[19.43176,43.78104],[19.43161,43.78231],[19.4317,43.78328],[19.43144,43.78399],[19.42992,43.7864],[19.42902,43.78824],[19.42853,43.7888],[19.42754,43.7895],[19.42583,43.79021],[19.42512,43.79102],[19.42402,43.79192],[19.42356,43.79365],[19.42306,43.79471],[19.42262,43.79532],[19.42106,43.79678],[19.41943,43.79714],[19.41877,43.79719],[19.41793,43.79708],[19.41687,43.79616],[19.41669,43.79615],[19.41611,43.79467],[19.41567,43.79423],[19.41422,43.79399],[19.41267,43.79407],[19.4114,43.79393],[19.41011,43.79412],[19.40923,43.7945],[19.4082,43.79532],[19.40745,43.79629],[19.40625,43.79726],[19.40571,43.79748],[19.40469,43.79763],[19.40278,43.79765],[19.4023,43.79758],[19.40107,43.7971],[19.40033,43.79702],[19.39701,43.79757],[19.39503,43.79813],[19.39437,43.79845],[19.3942,43.79897],[19.39429,43.80029],[19.39458,43.80128],[19.39435,43.80245],[19.39248,43.80616],[19.39209,43.8084],[19.39181,43.80878],[19.39122,43.80927],[19.38907,43.80974],[19.38814,43.81166],[19.38716,43.81233],[19.38698,43.81297],[19.3866,43.81346],[19.38528,43.81419],[19.38478,43.81475],[19.38407,43.81523],[19.37993,43.81764],[19.37784,43.82025],[19.37681,43.82081],[19.37549,43.82194],[19.3736,43.82298],[19.37344,43.82328],[19.37314,43.82343],[19.37204,43.82459],[19.37187,43.82556],[19.37131,43.8261],[19.3712,43.82675],[19.37129,43.82714],[19.37281,43.82834],[19.37294,43.82889],[19.37368,43.82996],[19.37387,43.83077],[19.37432,43.83144],[19.37474,43.83266],[19.3747,43.83445],[19.37406,43.83503],[19.37372,43.83518],[19.37348,43.83514],[19.37289,43.83553],[19.37078,43.83568],[19.3701,43.83563],[19.36969,43.83605],[19.36823,43.83622],[19.36598,43.83703],[19.36499,43.83725],[19.36246,43.83905],[19.3625,43.83959],[19.36221,43.84022],[19.36049,43.84192],[19.35881,43.84333],[19.35619,43.84526],[19.35554,43.84556],[19.35491,43.84563],[19.35459,43.84584],[19.3541,43.8459],[19.35376,43.84613],[19.35353,43.84644],[19.35341,43.84716],[19.35198,43.84881],[19.35153,43.8499],[19.3512,43.85023],[19.35039,43.8506],[19.34947,43.85067],[19.34907,43.85084],[19.34768,43.85222],[19.34612,43.85295],[19.3459,43.8533],[19.346,43.85493],[19.34582,43.8552],[19.34471,43.85595],[19.343,43.85741],[19.34305,43.8585],[19.34179,43.85956],[19.34169,43.85976],[19.34181,43.86004],[19.3413,43.86057],[19.33987,43.86134],[19.33867,43.86249],[19.33851,43.86281],[19.33795,43.86324],[19.33797,43.86345],[19.3377,43.86371],[19.33735,43.86456],[19.3371,43.86648],[19.33655,43.86731],[19.33659,43.86812],[19.33611,43.86836],[19.33524,43.86912],[19.3358,43.86965],[19.33506,43.86993],[19.33467,43.87033],[19.33424,43.87053],[19.33431,43.87101],[19.33333,43.87203],[19.33236,43.87252],[19.33081,43.87447],[19.32843,43.87614],[19.32764,43.87741],[19.32677,43.87791],[19.32644,43.87825],[19.32474,43.87881],[19.3243,43.87904],[19.32393,43.87953],[19.32275,43.87985],[19.32253,43.88009],[19.32218,43.88019],[19.32095,43.87995],[19.31957,43.88018],[19.31806,43.88127],[19.31791,43.88162],[19.31749,43.88192],[19.31647,43.88225],[19.31561,43.88309],[19.31555,43.88356],[19.31519,43.88394],[19.31494,43.88508],[19.31399,43.88649],[19.31427,43.88746],[19.31547,43.88878],[19.3152,43.88969],[19.31463,43.8904],[19.31366,43.89104],[19.31346,43.89153],[19.31313,43.89183],[19.3123,43.89217],[19.31101,43.89324],[19.31009,43.89375],[19.30922,43.89471],[19.30927,43.89562],[19.30999,43.89684],[19.31055,43.89734],[19.31046,43.89767],[19.31001,43.89815],[19.30882,43.89873],[19.30865,43.89942],[19.30828,43.89978],[19.30699,43.90046],[19.30624,43.90186],[19.30519,43.90244],[19.30453,43.90347],[19.30279,43.90454],[19.30145,43.90562],[19.30043,43.9061],[19.29983,43.90706],[19.29857,43.90858],[19.29726,43.90952],[19.29676,43.91033],[19.29667,43.91089],[19.29684,43.91402],[19.29668,43.91454],[19.29557,43.91613],[19.29548,43.91732],[19.29433,43.91884],[19.29418,43.91959],[19.294,43.91984],[19.29311,43.92026],[19.2913,43.92201],[19.29111,43.92269],[19.29003,43.92357],[19.28967,43.92416],[19.28919,43.9246],[19.28827,43.92522],[19.28734,43.92563],[19.2863,43.92579],[19.28572,43.92621],[19.28377,43.92703],[19.28348,43.92764],[19.28366,43.92836],[19.28348,43.93011],[19.28356,43.93045],[19.28397,43.931],[19.28266,43.93131],[19.2819,43.93132],[19.28139,43.9317],[19.28108,43.93214],[19.2805,43.93242],[19.27982,43.9333],[19.27889,43.93367],[19.2785,43.93443],[19.278,43.935],[19.27766,43.93535],[19.27693,43.93571],[19.2768,43.9362],[19.27634,43.93623],[19.27543,43.93658],[19.27449,43.93636],[19.27418,43.93645],[19.27396,43.93696],[19.27322,43.93751],[19.27315,43.93793],[19.27259,43.93825],[19.27181,43.9385],[19.27168,43.93931],[19.27034,43.94011],[19.27011,43.94081],[19.27029,43.94134],[19.27065,43.9415],[19.27079,43.94209],[19.26985,43.94252],[19.26987,43.94318],[19.2696,43.94456],[19.26925,43.94507],[19.26844,43.94528],[19.26786,43.94588],[19.26759,43.94593],[19.26713,43.94676],[19.26564,43.94686],[19.26485,43.94751],[19.2645,43.94748],[19.26367,43.94774],[19.2633,43.94761],[19.26202,43.94795],[19.2617,43.94818],[19.26136,43.94825],[19.26121,43.94844],[19.26115,43.94906],[19.26067,43.9492],[19.26011,43.94923],[19.25929,43.94902],[19.258,43.94887],[19.25791,43.94927],[19.25691,43.95],[19.25568,43.9506],[19.25535,43.95102],[19.25508,43.95115],[19.25443,43.95108],[19.25415,43.95123],[19.25388,43.95179],[19.25351,43.95188],[19.25244,43.95286],[19.25233,43.95315],[19.25159,43.95373],[19.25136,43.95408],[19.25144,43.95437],[19.2507,43.95484],[19.25184,43.95554],[19.25299,43.95664],[19.25389,43.9579],[19.254,43.95832],[19.25497,43.95952],[19.25549,43.96078],[19.25508,43.96294],[19.25446,43.96414],[19.25421,43.96592],[19.25342,43.96755],[19.25267,43.9684],[19.25182,43.9699],[19.25019,43.97214],[19.24861,43.97384],[19.24674,43.97514],[19.24487,43.97704],[19.24417,43.97812],[19.24188,43.97983],[19.23949,43.98221],[19.23892,43.98293],[19.23854,43.98456],[19.23782,43.98553],[19.23752,43.98645],[19.23662,43.98765],[19.23623,43.98886],[19.23642,43.99028],[19.23614,43.99171],[19.23559,43.99314],[19.23537,43.99456],[19.23554,43.99637],[19.23545,43.99775],[19.23567,43.99932],[19.23556,43.99969],[19.23583,44.00075],[19.23542,44.00262],[19.23554,44.00292],[19.2353,44.00387],[19.23535,44.00547],[19.23513,44.00595],[19.23499,44.00737],[19.23505,44.01039],[19.23565,44.0118],[19.23682,44.01288],[19.23869,44.01402],[19.24067,44.01465],[19.24253,44.01483],[19.24748,44.01421],[19.24835,44.01396],[19.25049,44.01297],[19.25149,44.01237],[19.25311,44.01112],[19.25423,44.00971],[19.25719,44.00662],[19.25907,44.0049],[19.26066,44.00367],[19.26618,44.00069],[19.267,44.0004],[19.27284,43.99905],[19.27563,43.99865],[19.27864,43.99785],[19.28399,43.99724],[19.28808,43.99699],[19.29438,43.99767],[19.29555,43.9976],[19.29949,43.99773],[19.3006,43.99762],[19.30352,43.99764],[19.3045,43.9975],[19.31027,43.99587],[19.31567,43.99336],[19.32081,43.99037],[19.32175,43.98963],[19.32372,43.98864],[19.3249,43.98822],[19.32628,43.98745],[19.32754,43.98643],[19.32955,43.98533],[19.33238,43.98338],[19.33426,43.98259],[19.33565,43.98217],[19.33879,43.98172],[19.34146,43.9818],[19.34483,43.98144],[19.34533,43.98159],[19.35007,43.98226],[19.35196,43.98215],[19.35378,43.9819],[19.35662,43.98129],[19.35765,43.9809],[19.35832,43.98024],[19.3584,43.97997],[19.35836,43.97931],[19.35808,43.97864],[19.3572,43.97822],[19.35683,43.97772],[19.35684,43.97682],[19.35747,43.97567],[19.35843,43.97467],[19.35959,43.97374],[19.36201,43.97203],[19.3644,43.97081],[19.36965,43.96908],[19.37124,43.9688],[19.3723,43.96834],[19.37382,43.96738],[19.37543,43.96664],[19.37628,43.96606],[19.37687,43.96535],[19.37747,43.96352],[19.37782,43.96308],[19.3788,43.96251],[19.3797,43.96217],[19.38403,43.96144],[19.38866,43.96026],[19.39056,43.96015],[19.39133,43.96035],[19.39346,43.96059],[19.39491,43.96113],[19.39574,43.96157],[19.3971,43.96275],[19.398,43.96497],[19.39938,43.96683],[19.40021,43.96752],[19.40128,43.96817],[19.40293,43.96864],[19.40361,43.96864],[19.40472,43.96852],[19.40553,43.96857],[19.40716,43.96832],[19.40753,43.96815],[19.40807,43.96766],[19.40866,43.96654],[19.40958,43.96548],[19.41226,43.96383],[19.41417,43.9631],[19.41745,43.9612],[19.41986,43.95999],[19.42137,43.95946],[19.42429,43.95888],[19.42707,43.95873],[19.43268,43.95789],[19.43479,43.95793],[19.43711,43.95826],[19.43782,43.95826],[19.44399,43.95935],[19.44829,43.95958],[19.45118,43.95933],[19.45544,43.9594],[19.45851,43.95923],[19.46131,43.95881],[19.46432,43.95806],[19.46652,43.95783],[19.47094,43.95706],[19.48242,43.95582],[19.48695,43.9555],[19.50414,43.95545],[19.52164,43.95595],[19.52372,43.95582],[19.5261,43.95606],[19.52696,43.95626],[19.52816,43.95672],[19.52902,43.95732],[19.52972,43.95817],[19.53084,43.9614],[19.53255,43.96451],[19.53714,43.97142],[19.53818,43.97274],[19.5396,43.97399],[19.5419,43.97515],[19.54664,43.97835],[19.55046,43.98013],[19.55206,43.98068],[19.55517,43.98137],[19.55955,43.98206],[19.56057,43.98235],[19.56365,43.98289],[19.56564,43.98357],[19.56652,43.98424],[19.56727,43.98531],[19.56748,43.98605],[19.56779,43.98767],[19.56777,43.98887],[19.56696,43.9907],[19.56626,43.99138],[19.56371,43.99537],[19.56304,43.99764],[19.56336,43.99872],[19.56389,43.99908],[19.56473,43.9995],[19.56685,44.00027],[19.56794,44.00048],[19.56996,44.00061],[19.58138,44.00268],[19.58499,44.00299],[19.58743,44.00301],[19.58832,44.00313],[19.59066,44.00391],[19.59176,44.00479],[19.59295,44.0062],[19.59517,44.0082],[19.59657,44.00911],[19.59833,44.01],[19.60058,44.0106],[19.60278,44.01083],[19.60695,44.01169],[19.61648,44.01314],[19.61826,44.01371],[19.6189,44.01449],[19.62026,44.01557],[19.62128,44.01693],[19.62218,44.0188],[19.62247,44.0198],[19.62254,44.02117],[19.62221,44.02118],[19.62204,44.02265],[19.62165,44.02338],[19.61833,44.028],[19.61598,44.03072],[19.61478,44.0324],[19.61438,44.03313],[19.61384,44.035],[19.61406,44.03629],[19.61483,44.03756],[19.62134,44.04477],[19.62288,44.04712],[19.62365,44.04898],[19.62363,44.05091],[19.62328,44.05167],[19.62247,44.05251],[19.62129,44.05316],[19.61914,44.05381],[19.61795,44.05395],[19.61709,44.05377],[19.61255,44.05033],[19.61178,44.05001],[19.61063,44.04981],[19.60953,44.04985],[19.60546,44.05034],[19.60445,44.05068],[19.60356,44.05163],[19.60283,44.05299],[19.60255,44.05478],[19.60239,44.05488],[19.60225,44.05558],[19.60241,44.05619],[19.60192,44.05811],[19.60201,44.0602],[19.60232,44.06169],[19.60221,44.06382],[19.60111,44.06827],[19.60043,44.06932],[19.59945,44.07039],[19.5988,44.0708],[19.59794,44.07112],[19.59552,44.07141],[19.59257,44.07212],[19.5892,44.0721],[19.58705,44.07167],[19.58595,44.0712],[19.5842,44.07012],[19.5831,44.06921],[19.58211,44.06756],[19.58206,44.06318],[19.58287,44.05954],[19.583,44.05778],[19.58277,44.05514],[19.58288,44.05322],[19.5827,44.0515],[19.58242,44.05046],[19.58203,44.04941],[19.58134,44.04818],[19.58045,44.04716],[19.57848,44.04617],[19.57596,44.04593],[19.57384,44.04666],[19.57086,44.04862],[19.56964,44.04983],[19.56886,44.05088],[19.56777,44.05363],[19.5663,44.06012],[19.56563,44.0615],[19.56356,44.06366],[19.56255,44.06517],[19.56063,44.06728],[19.55793,44.06968],[19.55685,44.07042],[19.55306,44.07256],[19.55166,44.0731],[19.54642,44.07453],[19.5451,44.07472],[19.54194,44.07564],[19.53993,44.07605],[19.53803,44.07628],[19.53603,44.07628],[19.51959,44.07915],[19.51221,44.08094],[19.51125,44.08129],[19.51057,44.08177],[19.50813,44.08477],[19.50405,44.09139],[19.50057,44.09571],[19.49828,44.09769],[19.4959,44.10069],[19.49518,44.10225],[19.49485,44.10352],[19.49448,44.10727],[19.49445,44.11132],[19.49409,44.1136],[19.49378,44.11449],[19.49316,44.11521],[19.49185,44.11611],[19.49084,44.11649],[19.48573,44.11647],[19.48127,44.11673],[19.47695,44.11674],[19.4754,44.11692],[19.47445,44.11716],[19.47213,44.11845],[19.47005,44.12079],[19.46974,44.12139],[19.46959,44.12207],[19.47001,44.1228],[19.47018,44.12372],[19.46993,44.12606],[19.4701,44.12697],[19.47106,44.1294],[19.47397,44.13223],[19.4767,44.13421],[19.48057,44.13669],[19.48208,44.13838],[19.48339,44.14182],[19.48322,44.14319],[19.48277,44.1441],[19.48261,44.14492],[19.48173,44.1459],[19.4795,44.14692],[19.47653,44.14889],[19.47415,44.1498],[19.4718,44.14981],[19.47148,44.15007],[19.47088,44.15003],[19.46653,44.1488],[19.46225,44.14672],[19.46156,44.14606],[19.46007,44.14521],[19.45775,44.14341],[19.45499,44.14087],[19.45366,44.13921],[19.45075,44.13384],[19.44966,44.13241],[19.44879,44.13164],[19.44741,44.13129],[19.44578,44.13124],[19.44388,44.13172],[19.43948,44.13339],[19.43521,44.13453],[19.43293,44.13553],[19.4302,44.13758],[19.42814,44.13883],[19.42753,44.13942],[19.42195,44.1423],[19.42095,44.14303],[19.41994,44.14408],[19.41967,44.14552],[19.41875,44.14642],[19.41772,44.14829],[19.41739,44.15033],[19.41687,44.15176],[19.41633,44.15275],[19.41487,44.15463],[19.4124,44.15984],[19.41169,44.16209],[19.41152,44.16402],[19.41129,44.16489],[19.40966,44.16753],[19.40827,44.16908],[19.40689,44.16993],[19.40553,44.17043],[19.40452,44.17066],[19.40349,44.1704],[19.40172,44.17048],[19.39748,44.17108],[19.39693,44.17129],[19.39467,44.17249],[19.39171,44.17485],[19.38591,44.17765],[19.38336,44.17856],[19.38135,44.17943],[19.37872,44.18018],[19.3767,44.18052],[19.37363,44.1807],[19.36811,44.18064],[19.3671,44.1808],[19.3636,44.18182],[19.36133,44.18285],[19.35907,44.18431],[19.35779,44.18599],[19.35712,44.18771],[19.35664,44.19013],[19.35694,44.19035],[19.35657,44.19143],[19.35614,44.1944],[19.3555,44.19682],[19.35539,44.19955],[19.35564,44.20144],[19.35592,44.20195],[19.35683,44.20278],[19.35706,44.20319],[19.35751,44.20351],[19.35844,44.20461],[19.35955,44.20639],[19.35982,44.20742],[19.35851,44.20954],[19.35488,44.21347],[19.35118,44.21422],[19.34937,44.21485],[19.34861,44.21528],[19.34789,44.21597],[19.34551,44.21724],[19.34413,44.2184],[19.34352,44.21912],[19.34278,44.2218],[19.34287,44.22281],[19.34579,44.22772],[19.34642,44.22853],[19.34743,44.2292],[19.34841,44.23027],[19.34886,44.23133],[19.34878,44.23175],[19.34564,44.23812],[19.34396,44.24105],[19.34223,44.24301],[19.34086,44.24405],[19.34052,44.24452],[19.33186,44.24874],[19.33085,44.24946],[19.32995,44.25052],[19.32865,44.25392],[19.32786,44.25812],[19.32851,44.26297],[19.32828,44.26424],[19.32819,44.26703],[19.32796,44.26881],[19.32737,44.26954],[19.32517,44.27125],[19.32271,44.27224],[19.32035,44.27288],[19.31776,44.27318],[19.31646,44.27314],[19.3157,44.27323],[19.31221,44.27292],[19.31038,44.27256],[19.30935,44.272],[19.3082,44.27167],[19.30509,44.27022],[19.30202,44.26941],[19.30012,44.26926],[19.29809,44.26939],[19.29639,44.26967],[19.29052,44.27137],[19.28931,44.2719],[19.28822,44.27286],[19.28444,44.27511],[19.283,44.2758],[19.28121,44.27649],[19.27931,44.2767],[19.27868,44.27649],[19.27814,44.27605],[19.27625,44.27389],[19.27442,44.27261],[19.2725,44.27136],[19.26951,44.26984],[19.26816,44.26939],[19.26544,44.26799],[19.26405,44.26743],[19.26301,44.26717],[19.25883,44.2655],[19.25641,44.26479],[19.25139,44.26266],[19.24268,44.26164],[19.23819,44.26187],[19.23365,44.26261],[19.23105,44.26329],[19.22928,44.26397],[19.22668,44.26557],[19.2228,44.26902],[19.22206,44.26982],[19.22116,44.27145],[19.22056,44.27284],[19.21997,44.27511],[19.21925,44.27678],[19.21826,44.28054],[19.21804,44.28245],[19.21811,44.28366],[19.21771,44.286],[19.21725,44.28711],[19.21621,44.28852],[19.21504,44.2894],[19.21306,44.28992],[19.20964,44.29115],[19.20699,44.29163],[19.202,44.29177],[19.20034,44.29163],[19.19848,44.29121],[19.19353,44.28815],[19.1906,44.28478],[19.18951,44.28383],[19.1839,44.28095],[19.1823,44.28034],[19.17985,44.27982],[19.17705,44.27972],[19.17588,44.2799],[19.17236,44.28126],[19.16909,44.28268],[19.16648,44.28392],[19.16535,44.28458],[19.1631,44.28635],[19.16213,44.28749],[19.16156,44.28852],[19.16101,44.29026],[19.16048,44.29509],[19.16005,44.29574],[19.15966,44.2968],[19.15876,44.30039],[19.15831,44.30094],[19.15779,44.3013],[19.15592,44.30345],[19.15349,44.30549],[19.15282,44.30635],[19.1519,44.30712],[19.15039,44.30825],[19.14751,44.3098],[19.14521,44.31056],[19.14174,44.31097],[19.13849,44.31218],[19.1368,44.31312],[19.13452,44.31525],[19.13313,44.31617],[19.13236,44.31686],[19.13152,44.31809],[19.1297,44.32285],[19.1301,44.32358],[19.13031,44.32523],[19.12992,44.32807],[19.12954,44.32872],[19.12968,44.32943],[19.13014,44.33042],[19.13142,44.3319],[19.13229,44.33236],[19.13408,44.33375],[19.13471,44.33392],[19.13669,44.33543],[19.13731,44.33722],[19.13712,44.33811],[19.13644,44.33901],[19.13324,44.3402],[19.13185,44.34043],[19.13138,44.34025],[19.12883,44.3405],[19.12808,44.34067],[19.12486,44.34066],[19.12283,44.34082],[19.1216,44.34185],[19.11835,44.34261],[19.11473,44.34382],[19.1141,44.3446],[19.11343,44.34648],[19.11259,44.3481],[19.11133,44.35004],[19.10958,44.35391],[19.109,44.35471],[19.10895,44.35681],[19.10933,44.35825],[19.10966,44.35884],[19.11116,44.36021],[19.11279,44.36115],[19.1177,44.36267],[19.11949,44.36374],[19.12016,44.36465],[19.12016,44.36604],[19.11974,44.36739],[19.11891,44.36806],[19.11804,44.36848],[19.11653,44.3686],[19.11518,44.3692],[19.11392,44.36949],[19.11246,44.36947],[19.11094,44.36931],[19.11003,44.3688],[19.10923,44.36817],[19.10923,44.36772],[19.10899,44.36733],[19.10834,44.36697],[19.10741,44.36665],[19.10652,44.36681],[19.10577,44.36706],[19.10527,44.36741],[19.10366,44.36934],[19.10276,44.37125],[19.10264,44.37207],[19.10277,44.37454],[19.1035,44.37656],[19.10374,44.37811],[19.10626,44.38142],[19.10704,44.3831],[19.10713,44.38391],[19.10615,44.38615],[19.10643,44.38794],[19.10675,44.38879],[19.10707,44.39342],[19.10735,44.3942],[19.10969,44.397],[19.11015,44.39746],[19.11077,44.39776],[19.11302,44.39941],[19.11576,44.40109],[19.11837,44.40293],[19.12155,44.40376],[19.1253,44.40492],[19.12736,44.4054],[19.13867,44.40945],[19.14266,44.41122],[19.14425,44.41205],[19.14554,44.41305],[19.14646,44.41418],[19.14707,44.41528],[19.14765,44.42267],[19.14721,44.42562],[19.14718,44.42829],[19.14859,44.43444],[19.14932,44.43665],[19.14923,44.43705],[19.14854,44.43864],[19.14793,44.44076],[19.14747,44.44089],[19.14695,44.44154],[19.14681,44.44226],[19.14634,44.4426],[19.1456,44.44281],[19.1453,44.44374],[19.14467,44.44461],[19.14448,44.44526],[19.14407,44.4457],[19.14388,44.44803],[19.14403,44.44921],[19.14435,44.45007],[19.14486,44.45064],[19.14354,44.45084],[19.14331,44.45147],[19.14264,44.45178],[19.14201,44.45254],[19.1408,44.4533],[19.13898,44.45361],[19.13799,44.45442],[19.13701,44.45499],[19.1366,44.45551],[19.13627,44.45659],[19.1362,44.45728],[19.13647,44.45868],[19.13706,44.45917],[19.13797,44.45951],[19.13854,44.46032],[19.13851,44.46201],[19.13926,44.46326],[19.13979,44.46668],[19.1393,44.4674],[19.14097,44.46857],[19.14086,44.4689],[19.14097,44.4699],[19.14071,44.47113],[19.13999,44.47298],[19.13932,44.47399],[19.13575,44.47798],[19.13456,44.4796],[19.13429,44.48025],[19.13385,44.48166],[19.13376,44.48384],[19.13402,44.48532],[19.13364,44.48724],[19.13358,44.4885],[19.13333,44.48943],[19.13262,44.49086],[19.13058,44.49327],[19.1278,44.49534],[19.12493,44.49846],[19.12455,44.49854],[19.12348,44.49947],[19.12305,44.50054],[19.12304,44.50237],[19.12365,44.50471],[19.1254,44.50797],[19.12612,44.50849],[19.12583,44.50942],[19.12596,44.51007],[19.1267,44.5118],[19.12691,44.51311],[19.12757,44.51509],[19.12738,44.51619],[19.12757,44.51736],[19.12843,44.51992],[19.12935,44.52119],[19.13047,44.52226],[19.13137,44.52284],[19.13203,44.52308],[19.13304,44.52305],[19.13413,44.52351],[19.13596,44.52395],[19.14053,44.52468],[19.14298,44.52666],[19.144,44.52692],[19.14543,44.52684],[19.14764,44.5264],[19.15076,44.52419],[19.15161,44.52394],[19.15254,44.52403],[19.15329,44.52433],[19.15405,44.52531],[19.15456,44.52565],[19.15539,44.52558],[19.15712,44.52399],[19.15786,44.52388],[19.15843,44.52395],[19.15999,44.52437],[19.16266,44.52342],[19.16349,44.52343],[19.16315,44.52211],[19.16563,44.52321],[19.16758,44.52384],[19.16975,44.52527],[19.17101,44.52631],[19.17382,44.52938],[19.17488,44.53106],[19.17553,44.53181],[19.17564,44.53216],[19.17542,44.53321],[19.17548,44.53395],[19.17668,44.53645],[19.17927,44.53917],[19.1796,44.53984],[19.18008,44.54028],[19.18177,44.54132],[19.18309,44.54248],[19.18352,44.54258],[19.18452,44.54313],[19.18912,44.54598],[19.19016,44.54678],[19.19059,44.54849],[19.19163,44.55055],[19.19205,44.55181],[19.19143,44.55465],[19.19221,44.55469],[19.19198,44.55487],[19.19204,44.55503],[19.1912,44.55514],[19.19066,44.55571],[19.18688,44.55764],[19.1848,44.55928],[19.18428,44.56001],[19.18341,44.56039],[19.18295,44.56075],[19.18231,44.56142],[19.1822,44.56172],[19.18346,44.56268],[19.18271,44.56293],[19.18241,44.56347],[19.18239,44.56386],[19.18186,44.56456],[19.18174,44.56509],[19.18232,44.56908],[19.18363,44.57312],[19.18427,44.57297],[19.18534,44.57548],[19.18579,44.57613],[19.18663,44.57573],[19.18801,44.57572],[19.18857,44.57595],[19.1892,44.57606],[19.19093,44.57695],[19.191,44.57661],[19.19553,44.57504],[19.19897,44.57482],[19.19949,44.57496],[19.19993,44.57559],[19.20081,44.57617],[19.20212,44.5775],[19.20631,44.57691],[19.20624,44.57804],[19.20545,44.58112],[19.2067,44.58345],[19.20762,44.58395],[19.20806,44.58503],[19.209,44.58607],[19.20965,44.58705],[19.2109,44.58822],[19.21158,44.58863],[19.21234,44.58881],[19.21473,44.58891],[19.21534,44.59008],[19.21935,44.59349],[19.21993,44.59434],[19.22014,44.59488],[19.22025,44.59694],[19.22048,44.5974],[19.2207,44.59891],[19.22117,44.59973],[19.22131,44.60062],[19.22183,44.60146],[19.222,44.60324],[19.22353,44.60549],[19.22462,44.60626],[19.22452,44.60706],[19.22483,44.60817],[19.22649,44.61027],[19.22721,44.61081],[19.22518,44.61327],[19.22401,44.61427],[19.22285,44.61493],[19.2211,44.61531],[19.21966,44.6153],[19.21812,44.61557],[19.21657,44.61615],[19.2157,44.61664],[19.21511,44.61715],[19.21469,44.61792],[19.21467,44.61871],[19.21494,44.61938],[19.2166,44.62028],[19.21771,44.62048],[19.21854,44.62021],[19.21888,44.61998],[19.22023,44.61978],[19.22096,44.61994],[19.22288,44.61985],[19.22441,44.62005],[19.22666,44.62054],[19.22836,44.62123],[19.2306,44.62165],[19.2308,44.62157],[19.23187,44.62169],[19.23641,44.623],[19.23759,44.62372],[19.23936,44.62524],[19.24024,44.62555],[19.24089,44.62596],[19.24147,44.62682],[19.24185,44.62805],[19.24209,44.62831],[19.24309,44.62873],[19.24314,44.62916],[19.24573,44.63017],[19.24688,44.63038],[19.2481,44.63098],[19.24786,44.63174],[19.24941,44.63286],[19.25065,44.63353],[19.25076,44.63385],[19.25422,44.63408],[19.25662,44.63492],[19.25716,44.63479],[19.25738,44.63516],[19.25898,44.63667],[19.25965,44.63799],[19.26103,44.64009],[19.262,44.64057],[19.26162,44.64149],[19.2637,44.64264],[19.26388,44.64398],[19.26425,44.64508],[19.26553,44.64577],[19.26634,44.64808],[19.26589,44.6481],[19.2648,44.6491],[19.26435,44.64998],[19.26409,44.65152],[19.26319,44.65267],[19.2623,44.65339],[19.25917,44.65502],[19.25896,44.65528],[19.25881,44.65575],[19.25836,44.65609],[19.25831,44.65634],[19.2592,44.6576],[19.26034,44.65873],[19.26215,44.65956],[19.2626,44.66004],[19.26384,44.66041],[19.26413,44.66038],[19.2683,44.65861],[19.26939,44.65831],[19.27095,44.65758],[19.27262,44.65722],[19.2762,44.65721],[19.27704,44.65731],[19.27748,44.65741],[19.27821,44.65832],[19.27956,44.65876],[19.28056,44.65964],[19.28084,44.66075],[19.28045,44.66179],[19.28229,44.6615],[19.2826,44.66177],[19.2827,44.66207],[19.28124,44.66313],[19.28094,44.66354],[19.28034,44.66368],[19.28025,44.66408],[19.27998,44.66434],[19.27864,44.66494],[19.27704,44.66664],[19.27624,44.66766],[19.27621,44.66802],[19.27711,44.66929],[19.27743,44.66965],[19.2783,44.6702],[19.27875,44.67099],[19.27917,44.67135],[19.27948,44.67259],[19.27939,44.67522],[19.2801,44.67646],[19.28028,44.67724],[19.28077,44.67751],[19.28083,44.67796],[19.28109,44.67828],[19.28386,44.67806],[19.28435,44.67862],[19.28498,44.67905],[19.28597,44.67938],[19.28686,44.67945],[19.28748,44.67932],[19.28912,44.67948],[19.28877,44.68028],[19.28885,44.68117],[19.28905,44.6816],[19.28994,44.68223],[19.29076,44.68251],[19.29127,44.6825],[19.29071,44.68348],[19.29084,44.68454],[19.29034,44.68533],[19.28721,44.6874],[19.28742,44.6888],[19.28855,44.69089],[19.28995,44.69192],[19.29047,44.69217],[19.29071,44.69211],[19.29164,44.69169],[19.29382,44.68898],[19.2948,44.68824],[19.29669,44.68763],[19.29878,44.68725],[19.30266,44.68818],[19.30323,44.68849],[19.3038,44.68908],[19.30372,44.69041],[19.30322,44.69124],[19.30269,44.69196],[19.30086,44.69303],[19.29996,44.69521],[19.30107,44.69639],[19.3028,44.69909],[19.30444,44.70105],[19.30488,44.70203],[19.30484,44.70225],[19.30535,44.70319],[19.30637,44.70344],[19.30759,44.70414],[19.30899,44.70573],[19.30795,44.70793],[19.30674,44.70907],[19.3024,44.70862],[19.30167,44.70954],[19.30133,44.71078],[19.30086,44.71165],[19.30052,44.71335],[19.30158,44.71369],[19.30184,44.7141],[19.30223,44.71432],[19.30438,44.71482],[19.30547,44.71482],[19.30998,44.71581],[19.31082,44.71609],[19.31251,44.71746],[19.31337,44.71882],[19.31402,44.72035],[19.31405,44.7208],[19.31389,44.72146],[19.3134,44.72232],[19.31257,44.72333],[19.31048,44.72441],[19.30806,44.7249],[19.30499,44.72635],[19.30329,44.72748],[19.30218,44.72874],[19.3018,44.72949],[19.30161,44.7305],[19.30174,44.73093],[19.30313,44.73213],[19.304,44.73336],[19.30526,44.73575],[19.30585,44.73638],[19.30902,44.73843],[19.31045,44.74001],[19.31206,44.74111],[19.31388,44.74109],[19.31377,44.74095],[19.31482,44.74105],[19.31529,44.74097],[19.31755,44.74022],[19.31798,44.73972],[19.31846,44.73969],[19.31895,44.73973],[19.32023,44.7405],[19.32102,44.74074],[19.32195,44.74153],[19.32345,44.74215],[19.32527,44.74161],[19.3264,44.74199],[19.32711,44.74236],[19.3274,44.74269],[19.32753,44.74328],[19.32735,44.74598],[19.32768,44.74645],[19.32792,44.74676],[19.32905,44.74755],[19.33063,44.74797],[19.32985,44.74982],[19.32471,44.75001],[19.32465,44.75071],[19.32335,44.75087],[19.32264,44.75075],[19.32215,44.75049],[19.3209,44.75013],[19.32078,44.7499],[19.31888,44.75018],[19.31795,44.7505],[19.31621,44.75148],[19.3154,44.75229],[19.31499,44.75292],[19.31485,44.75387],[19.31518,44.75542],[19.31612,44.75652],[19.31679,44.75686],[19.31851,44.75738],[19.32127,44.7576],[19.32354,44.75755],[19.32426,44.75777],[19.32357,44.75855],[19.32358,44.7592],[19.3239,44.75992],[19.32452,44.76046],[19.32489,44.76106],[19.32384,44.76377],[19.32036,44.76467],[19.31936,44.76475],[19.31745,44.76473],[19.31473,44.76418],[19.31326,44.76409],[19.30742,44.76406],[19.30556,44.76472],[19.30504,44.76531],[19.30314,44.76626],[19.30219,44.76706],[19.30213,44.76731],[19.30231,44.76762],[19.30207,44.76822],[19.3013,44.76887],[19.30122,44.76918],[19.30135,44.76961],[19.30172,44.76995],[19.30206,44.77118],[19.30247,44.77196],[19.30388,44.77299],[19.30503,44.77334],[19.30774,44.77367],[19.31191,44.77382],[19.31369,44.77424],[19.31662,44.77466],[19.31781,44.775],[19.31875,44.775],[19.32199,44.77455],[19.32293,44.77561],[19.32424,44.77623],[19.32438,44.77657],[19.32548,44.77752],[19.32561,44.77809],[19.32581,44.77831],[19.32546,44.77962],[19.32544,44.78099],[19.32498,44.78326],[19.32432,44.78414],[19.32364,44.78456],[19.32142,44.78523],[19.3189,44.78564],[19.31797,44.78555],[19.31704,44.78494],[19.31703,44.78448],[19.31657,44.78398],[19.31586,44.78351],[19.31423,44.78123],[19.3137,44.78094],[19.31275,44.7807],[19.31075,44.78045],[19.30962,44.78071],[19.30861,44.78133],[19.30753,44.78351],[19.3056,44.78397],[19.30468,44.78396],[19.30315,44.78363],[19.30175,44.78318],[19.29962,44.78218],[19.29867,44.78209],[19.29728,44.78233],[19.29558,44.78296],[19.29488,44.78356],[19.29428,44.78448],[19.29457,44.7858],[19.29502,44.78667],[19.29616,44.78769],[19.29938,44.78859],[19.30181,44.78969],[19.30277,44.79055],[19.30343,44.79171],[19.30395,44.79323],[19.30465,44.79432],[19.30642,44.79491],[19.30747,44.79503],[19.30868,44.79499],[19.30944,44.79486],[19.31116,44.79421],[19.31176,44.79437],[19.31233,44.79435],[19.31251,44.7942],[19.31318,44.79403],[19.31447,44.79394],[19.31572,44.79425],[19.31668,44.79465],[19.31733,44.79561],[19.31797,44.79803],[19.31698,44.79974],[19.31627,44.80056],[19.31492,44.80124],[19.31317,44.80189],[19.3121,44.80206],[19.31129,44.80242],[19.31069,44.80318],[19.31012,44.80548],[19.31028,44.80722],[19.3106,44.80828],[19.31098,44.80877],[19.31174,44.81137],[19.31295,44.81253],[19.31383,44.81292],[19.31502,44.81285],[19.31832,44.81185],[19.3215,44.81187],[19.32368,44.81224],[19.3241,44.81279],[19.32424,44.81325],[19.3241,44.81481],[19.32201,44.81672],[19.31852,44.81789],[19.31726,44.81909],[19.31703,44.81989],[19.31716,44.82054],[19.31788,44.82164],[19.31927,44.82238],[19.32065,44.82278],[19.32179,44.82263],[19.32681,44.82284],[19.3298,44.82107],[19.33114,44.81874],[19.33171,44.81827],[19.33237,44.81796],[19.33337,44.81777],[19.33381,44.81804],[19.33463,44.81823],[19.33572,44.81916],[19.33585,44.81944],[19.33508,44.82084],[19.33515,44.82107],[19.33466,44.82124],[19.3343,44.8218],[19.33414,44.82262],[19.33382,44.82303],[19.33361,44.82383],[19.33421,44.82389],[19.33373,44.82516],[19.33373,44.82624],[19.33418,44.82699],[19.33494,44.82765],[19.33568,44.82805],[19.33741,44.82859],[19.33953,44.82811],[19.33984,44.82815],[19.34068,44.82763],[19.34339,44.8264],[19.34724,44.82686],[19.34816,44.8272],[19.34938,44.82728],[19.35116,44.82691],[19.35247,44.82644],[19.35319,44.8264],[19.35334,44.82888],[19.35456,44.83024],[19.35477,44.83079],[19.35549,44.83461],[19.35346,44.83572],[19.35279,44.83596],[19.35096,44.83617],[19.34986,44.83683],[19.34816,44.83903],[19.34643,44.83922],[19.34604,44.83902],[19.34548,44.83971],[19.34537,44.83995],[19.34575,44.84117],[19.34594,44.84331],[19.34639,44.84438],[19.34638,44.84495],[19.34679,44.84537],[19.34725,44.84634],[19.34738,44.84707],[19.34674,44.84915],[19.34614,44.85021],[19.34592,44.85152],[19.34596,44.8525],[19.34631,44.85336],[19.34712,44.8542],[19.34746,44.85478],[19.348,44.85612],[19.34945,44.85746],[19.34991,44.85764],[19.35039,44.85802],[19.35194,44.85862],[19.35254,44.85867],[19.35433,44.85828],[19.35889,44.85611],[19.3607,44.85581],[19.36143,44.85583],[19.36307,44.85535],[19.36495,44.85444],[19.36544,44.85436],[19.36568,44.85445],[19.36612,44.85501],[19.36747,44.85612],[19.36762,44.85728],[19.36634,44.85936],[19.36256,44.86208],[19.36187,44.8628],[19.36028,44.86502],[19.35978,44.86589],[19.35969,44.86658],[19.36016,44.86838],[19.36071,44.86948],[19.36401,44.8716],[19.36489,44.87416],[19.36635,44.87523],[19.36771,44.87591],[19.37042,44.8766],[19.37109,44.87705],[19.37144,44.87756],[19.37156,44.87823],[19.37132,44.87892],[19.37054,44.87972],[19.36927,44.88052],[19.36744,44.88108],[19.36554,44.88127],[19.36209,44.88203],[19.35519,44.88486],[19.35246,44.88583],[19.35196,44.88677],[19.35212,44.88767],[19.35122,44.8891],[19.34973,44.8889],[19.34895,44.88892],[19.34699,44.88925],[19.34603,44.88953],[19.34203,44.89149],[19.33775,44.89412],[19.33532,44.89542],[19.32894,44.89774],[19.32241,44.89939],[19.32149,44.89993],[19.31746,44.90353],[19.314,44.90605],[19.31072,44.90714],[19.30693,44.90812],[19.30244,44.90901],[19.29959,44.90943],[19.29666,44.90961],[19.29372,44.90958],[19.29102,44.90926],[19.28953,44.90889],[19.28561,44.90735],[19.28333,44.90534],[19.28105,44.90452],[19.27905,44.90431],[19.27297,44.90544],[19.27124,44.90607],[19.26357,44.91081],[19.2611,44.91196],[19.25924,44.91258],[19.25749,44.91299],[19.25396,44.91343],[19.25116,44.91334],[19.25019,44.91319],[19.248,44.91254],[19.24519,44.91127],[19.23216,44.9038],[19.22966,44.90189],[19.22567,44.89852],[19.2237,44.89737],[19.21988,44.89621],[19.21696,44.89604],[19.21556,44.89611],[19.2139,44.89635],[19.21035,44.89735],[19.20965,44.89776],[19.20839,44.89912],[19.20764,44.9001],[19.20687,44.90147],[19.20475,44.90787],[19.20402,44.90962],[19.20207,44.91252],[19.19965,44.91548],[19.19663,44.91816],[19.19384,44.91988],[19.18756,44.92124],[19.18271,44.92168],[19.17706,44.92173],[19.17486,44.92154],[19.17197,44.92082],[19.17084,44.92044],[19.16763,44.91878],[19.16514,44.91692],[19.16088,44.9127],[19.15928,44.9113],[19.15471,44.90782],[19.15311,44.90678],[19.14662,44.90347],[19.14382,44.90245],[19.14148,44.90184],[19.13711,44.90119],[19.13273,44.90019],[19.13072,44.89957],[19.12883,44.89871],[19.12802,44.89812],[19.12735,44.89739],[19.12532,44.89416],[19.12425,44.89214],[19.12321,44.89062],[19.12165,44.88899],[19.1198,44.88735],[19.11792,44.88625],[19.11528,44.88528],[19.11295,44.88467],[19.10894,44.88417],[19.09819,44.88255],[19.09385,44.88158],[19.08888,44.87984],[19.08744,44.87902],[19.08505,44.87705],[19.08175,44.87303],[19.07918,44.86956],[19.07723,44.86758],[19.0747,44.86554],[19.07134,44.86361],[19.06964,44.86289],[19.06596,44.86164],[19.0619,44.86063],[19.0592,44.86022],[19.05539,44.85986],[19.04405,44.85938],[19.03923,44.85853],[19.02858,44.85634],[19.02271,44.85548],[19.01034,44.85526],[19.00726,44.85513],[19.00463,44.85486],[19.00276,44.85459],[18.99676,44.85335],[18.99562,44.85321],[18.98717,44.85126],[18.98169,44.85014],[18.97346,44.84975],[18.96322,44.85002],[18.95113,44.84997],[18.93589,44.84974],[18.92784,44.85002],[18.91637,44.85145],[18.90588,44.85203],[18.88667,44.85261],[18.86249,44.85262],[18.8562,44.85318],[18.8529,44.85373],[18.84983,44.85448],[18.84674,44.85571],[18.84562,44.8563],[18.83988,44.86022],[18.83753,44.86213],[18.83137,44.86766],[18.82545,44.87456],[18.82464,44.87497],[18.82215,44.87686],[18.81879,44.87864],[18.81576,44.87961],[18.805,44.88247],[18.7985,44.88507],[18.79167,44.8883],[18.78934,44.88953],[18.77742,44.89754],[18.76802,44.90232],[18.76505,44.90441],[18.76377,44.90577],[18.76283,44.90763],[18.76269,44.90832],[18.76278,44.90994],[18.76304,44.91065],[18.7636,44.91149],[18.76549,44.91337],[18.7697,44.91578],[18.77144,44.91699],[18.7721,44.91769],[18.77246,44.91836],[18.77281,44.91928],[18.77282,44.91988],[18.7726,44.92052],[18.77209,44.92112],[18.77049,44.92211],[18.76865,44.92302],[18.76355,44.92486],[18.76155,44.92577],[18.75975,44.92689],[18.75808,44.92802],[18.75428,44.93175],[18.75283,44.93342],[18.75129,44.93652],[18.75101,44.93749],[18.75109,44.9399],[18.75138,44.94063],[18.75257,44.94184],[18.75402,44.94299],[18.75537,44.9437],[18.7567,44.94415],[18.75923,44.94467],[18.76082,44.94453],[18.76199,44.94422],[18.76773,44.94087],[18.77438,44.93749],[18.77715,44.93624],[18.78019,44.93535],[18.78259,44.93485],[18.78578,44.93439],[18.78752,44.93432],[18.79143,44.93445],[18.79529,44.93482],[18.79739,44.93526],[18.79874,44.93568],[18.80143,44.93679],[18.80332,44.93798],[18.80384,44.93839],[18.80463,44.93943],[18.80514,44.94054],[18.80541,44.9431],[18.80505,44.94451],[18.80414,44.94604],[18.80286,44.94744],[18.80103,44.9489],[18.79684,44.95111],[18.79469,44.9524],[18.79208,44.95428],[18.79085,44.95541],[18.78908,44.95766],[18.7885,44.9587],[18.78635,44.96381],[18.78455,44.97183],[18.78464,44.97392],[18.78492,44.97523],[18.78539,44.97637],[18.78677,44.97804],[18.79352,44.98385],[18.796,44.98787],[18.79649,44.99021],[18.79582,44.99239],[18.79484,44.99366],[18.79389,44.99443],[18.79245,44.99499],[18.77894,44.99654],[18.76709,44.99936],[18.75668,44.99959],[18.75087,44.99675],[18.74371,44.9926],[18.7379,44.99201],[18.73475,44.99217],[18.73172,44.99267],[18.72918,44.99394],[18.72753,44.99628],[18.7274,44.99794],[18.72779,44.99907],[18.72857,45.00014],[18.73724,45.00991],[18.73834,45.01319],[18.73843,45.01603],[18.73769,45.0174],[18.73625,45.01856],[18.72938,45.0206],[18.72321,45.02412],[18.72167,45.02532],[18.72026,45.03055],[18.71886,45.03366],[18.71782,45.03522],[18.71706,45.036],[18.71587,45.03681],[18.71448,45.03752],[18.7135,45.03788],[18.71195,45.03815],[18.71028,45.03822],[18.70864,45.03819],[18.70454,45.03784],[18.6999,45.03793],[18.6954,45.03888],[18.69396,45.03938],[18.69295,45.03995],[18.6921,45.04054],[18.69058,45.04195],[18.68796,45.04473],[18.68416,45.04778],[18.67843,45.05171],[18.67054,45.0586],[18.66791,45.0621],[18.66815,45.06389],[18.66884,45.06516],[18.67061,45.0671],[18.67459,45.06894],[18.68369,45.07185],[18.6861,45.07381],[18.68733,45.07576],[18.68789,45.07848],[18.68765,45.08029],[18.68555,45.08439],[18.68323,45.08789],[18.67961,45.09193],[18.67714,45.09355],[18.67524,45.09449],[18.67319,45.09494],[18.66895,45.09475],[18.66709,45.09426],[18.66511,45.09332],[18.6605,45.08967],[18.65351,45.07849],[18.65347,45.07716],[18.65388,45.07553],[18.65546,45.0729],[18.65878,45.06855],[18.66103,45.06419],[18.66043,45.05999],[18.65983,45.05855],[18.659,45.0573],[18.65837,45.05682],[18.65769,45.05653],[18.65669,45.05631],[18.6548,45.05611],[18.65309,45.05627],[18.65194,45.05656],[18.65079,45.05705],[18.64326,45.06128],[18.64071,45.06199],[18.63835,45.06232],[18.63077,45.06199],[18.62208,45.06121],[18.6185,45.06116],[18.61529,45.06166],[18.60911,45.06311],[18.60609,45.06573],[18.60582,45.06714],[18.60628,45.06928],[18.60767,45.07107],[18.61313,45.07456],[18.61824,45.07723],[18.62435,45.07943],[18.63092,45.08111],[18.63386,45.0833],[18.63634,45.08592],[18.6368,45.088],[18.63618,45.09062],[18.63561,45.09205],[18.63032,45.09523],[18.62765,45.09603],[18.62581,45.0963],[18.62432,45.09616],[18.62287,45.09543],[18.62195,45.09427],[18.62133,45.09248],[18.62096,45.0887],[18.62046,45.08569],[18.61816,45.08273],[18.61305,45.08043],[18.60841,45.08069],[18.60248,45.08154],[18.59719,45.08311],[18.5879,45.09062],[18.58293,45.09319],[18.57428,45.09521],[18.57029,45.09508],[18.56913,45.0947],[18.56791,45.09346],[18.56789,45.09059],[18.56892,45.08944],[18.57352,45.08636],[18.58047,45.0821],[18.5819,45.0805],[18.58268,45.0784],[18.58282,45.07496],[18.58175,45.07182],[18.5799,45.0693],[18.57753,45.06767],[18.57511,45.06664],[18.57413,45.06658],[18.57226,45.06709],[18.57123,45.06803],[18.57041,45.07193],[18.56958,45.07733],[18.56648,45.08038],[18.55766,45.08629],[18.55271,45.08976],[18.54814,45.09269],[18.54439,45.09392],[18.54013,45.09399],[18.53695,45.09307],[18.5307,45.08975],[18.52954,45.08851],[18.52995,45.08649],[18.5315,45.08536],[18.53695,45.08341],[18.54294,45.08149],[18.54579,45.08024],[18.54848,45.07855],[18.55022,45.07692],[18.5508,45.07604],[18.55115,45.07488],[18.55115,45.07399],[18.5509,45.07289],[18.54977,45.07135],[18.54843,45.07031],[18.54684,45.0694],[18.54302,45.06755],[18.54084,45.06624],[18.53857,45.06457],[18.53759,45.06361],[18.53638,45.06144],[18.53589,45.05937],[18.53603,45.05763],[18.53677,45.05472],[18.53735,45.05159],[18.53736,45.05006],[18.53717,45.04859],[18.53651,45.04661],[18.53573,45.04526],[18.53446,45.04418],[18.53301,45.04372],[18.53228,45.0438],[18.53143,45.04406],[18.53081,45.04446],[18.52983,45.04538],[18.52954,45.04658],[18.52962,45.04981],[18.53037,45.05293],[18.53039,45.05499],[18.53024,45.05587],[18.52989,45.05697],[18.52894,45.05862],[18.52789,45.0595],[18.52597,45.06061],[18.52517,45.06083],[18.52355,45.06098],[18.52112,45.06076],[18.51967,45.06044],[18.5138,45.05811],[18.51154,45.05745],[18.5093,45.05725],[18.50529,45.0579],[18.49523,45.06134],[18.49174,45.06173],[18.48976,45.06173],[18.48499,45.06129],[18.48338,45.06126],[18.48173,45.06138],[18.47781,45.06215],[18.47627,45.06264],[18.47419,45.06357],[18.46923,45.06696],[18.46683,45.06914],[18.46317,45.07335],[18.46011,45.07557],[18.45607,45.07759],[18.45331,45.07855],[18.44707,45.08132],[18.44442,45.08329],[18.44205,45.08566],[18.44082,45.08808],[18.43937,45.09505],[18.43814,45.09771],[18.43511,45.10136],[18.43139,45.10449],[18.42902,45.10582],[18.42539,45.10751],[18.42169,45.10892],[18.41855,45.10962],[18.4153,45.11015],[18.41004,45.11058],[18.40717,45.11062],[18.40525,45.1105],[18.40129,45.11003],[18.39341,45.10824],[18.38682,45.10723],[18.38232,45.10692],[18.37406,45.10685],[18.37095,45.10664],[18.36969,45.10629],[18.33798,45.1029],[18.32653,45.10154],[18.32289,45.10136],[18.32083,45.1015],[18.31992,45.10172],[18.31737,45.10278],[18.31625,45.10366],[18.31554,45.10444],[18.31284,45.10839],[18.31083,45.11203],[18.30988,45.11334],[18.30853,45.11457],[18.30692,45.11536],[18.3057,45.11564],[18.30349,45.1158],[18.30111,45.11561],[18.29845,45.11508],[18.29366,45.11381],[18.29041,45.11337],[18.28795,45.11348],[18.28477,45.11387],[18.28193,45.11462],[18.27986,45.11584],[18.27883,45.11701],[18.27827,45.11906],[18.27818,45.12354],[18.27882,45.12655],[18.27852,45.12936],[18.27784,45.13115],[18.27654,45.133],[18.27555,45.13399],[18.27413,45.13513],[18.27236,45.13625],[18.27045,45.13723],[18.26907,45.13767],[18.26474,45.1387],[18.26116,45.13927],[18.25862,45.13939],[18.25533,45.13937],[18.2519,45.13917],[18.24931,45.13886],[18.24557,45.13815],[18.24256,45.13777],[18.23613,45.13612],[18.23079,45.13404],[18.21837,45.12865],[18.21502,45.1267],[18.21345,45.1254],[18.21243,45.12492],[18.21115,45.12379],[18.21024,45.12271],[18.20948,45.12127],[18.20877,45.11949],[18.20834,45.11742],[18.20842,45.11611],[18.20961,45.11084],[18.21044,45.10944],[18.21209,45.10741],[18.21409,45.10587],[18.22018,45.10177],[18.22113,45.10092],[18.22174,45.09945],[18.22169,45.09789],[18.22135,45.09689],[18.21859,45.09347],[18.21395,45.08879],[18.21008,45.08537],[18.20714,45.08331],[18.20295,45.081],[18.19922,45.07922],[18.19515,45.07797],[18.19181,45.07732],[18.18809,45.07682],[18.18235,45.0767],[18.17635,45.07692],[18.17202,45.07724],[18.16769,45.07809],[18.16404,45.07909],[18.16064,45.08044],[18.15392,45.08359],[18.15134,45.08459],[18.14881,45.08537],[18.14565,45.08578],[18.14378,45.08587],[18.14124,45.08574],[18.13858,45.08532],[18.13562,45.08455],[18.13239,45.08354],[18.12373,45.08039],[18.12138,45.08019],[18.11816,45.08059],[18.11378,45.08172],[18.11129,45.08262],[18.10835,45.0842],[18.10533,45.08662],[18.10272,45.0898],[18.10046,45.09312],[18.09793,45.09588],[18.09409,45.09874],[18.09159,45.1],[18.08736,45.10149],[18.07491,45.10474],[18.07369,45.1053],[18.07241,45.10612],[18.07133,45.10735],[18.07103,45.10805],[18.071,45.10897],[18.07164,45.10995],[18.07394,45.11134],[18.08389,45.11596],[18.08496,45.1167],[18.08533,45.1172],[18.08569,45.11778],[18.08583,45.1188],[18.08562,45.11985],[18.08438,45.12222],[18.08061,45.127],[18.07677,45.13311],[18.07463,45.13754],[18.07387,45.13854],[18.07232,45.14002],[18.0703,45.1412],[18.06841,45.14202],[18.06514,45.143],[18.06283,45.1433],[18.05984,45.14343],[18.0566,45.14312],[18.0526,45.14248],[18.04891,45.14162],[18.04658,45.14069],[18.0447,45.13959],[18.04385,45.13884],[18.04321,45.13792],[18.04204,45.13428],[18.04165,45.12962],[18.0414,45.12874],[18.04014,45.1267],[18.03917,45.12596],[18.03796,45.12551],[18.03671,45.12549],[18.03555,45.12567],[18.03419,45.12606],[18.03304,45.12705],[18.03076,45.12955],[18.02867,45.13242],[18.02678,45.13563],[18.02607,45.13712],[18.0239,45.14382],[18.02286,45.14561],[18.0207,45.14806],[18.0188,45.14959],[18.01627,45.15074],[18.01393,45.15138],[18.01237,45.15164],[18.00982,45.15172],[18.00705,45.15149],[18.00283,45.1509],[18.00042,45.15033],[17.99613,45.14906],[17.99402,45.14862],[17.98993,45.14671],[17.98801,45.14566],[17.98659,45.14473],[17.98535,45.14371],[17.98097,45.13968],[17.9782,45.13666],[17.97685,45.13473],[17.97635,45.1335],[17.97615,45.13253],[17.97566,45.12751],[17.97512,45.12501],[17.97521,45.12449],[17.97447,45.1233],[17.97152,45.1193],[17.96961,45.11733],[17.9655,45.11419],[17.96141,45.11235],[17.96028,45.11195],[17.95792,45.11161],[17.94384,45.11158],[17.94116,45.11136],[17.93937,45.11104],[17.93728,45.11051],[17.93586,45.10981],[17.93364,45.10843],[17.93272,45.10761],[17.93164,45.10629],[17.93072,45.10466],[17.92968,45.10081],[17.92977,45.09947],[17.93023,45.09684],[17.93075,45.09563],[17.93322,45.09094],[17.93633,45.08723],[17.9374,45.0845],[17.93755,45.08345],[17.93732,45.08263],[17.93584,45.08099],[17.93432,45.08012],[17.93306,45.07966],[17.9317,45.07897],[17.92668,45.07701],[17.9249,45.07616],[17.92157,45.07431],[17.91434,45.06922],[17.90671,45.06339],[17.90314,45.06085],[17.89974,45.0588],[17.8983,45.05817],[17.8883,45.05413],[17.88071,45.05149],[17.8736,45.04793],[17.86991,45.04645],[17.86422,45.04498],[17.86022,45.04442],[17.85369,45.04403],[17.84913,45.04425],[17.84423,45.04505],[17.83962,45.04609],[17.83784,45.04662],[17.83313,45.04838],[17.82566,45.05195],[17.8171,45.05693],[17.81163,45.06042],[17.80804,45.06227],[17.80397,45.06495],[17.80101,45.06784],[17.79835,45.06977],[17.79341,45.07391],[17.78919,45.07913],[17.78803,45.08032],[17.78707,45.0812],[17.78449,45.08279],[17.78206,45.08378],[17.7797,45.08442],[17.77633,45.08478],[17.77283,45.08491],[17.77052,45.08481],[17.76682,45.08429],[17.76383,45.08405],[17.76076,45.08463],[17.75483,45.08684],[17.7508,45.08956],[17.74627,45.09316],[17.73955,45.09664],[17.73764,45.09749],[17.73596,45.09808],[17.7307,45.10058],[17.7286,45.10184],[17.72362,45.10537],[17.71949,45.10889],[17.71631,45.11085],[17.7151,45.11147],[17.71007,45.11351],[17.70769,45.11423],[17.70487,45.11472],[17.70001,45.11486],[17.69719,45.11512],[17.69568,45.11541],[17.69442,45.11582],[17.69311,45.11645],[17.69013,45.11836],[17.68867,45.11956],[17.68509,45.12427],[17.68341,45.12609],[17.67726,45.13092],[17.67563,45.13177],[17.67311,45.13267],[17.67144,45.13316],[17.66794,45.13393],[17.66528,45.13411],[17.66269,45.134],[17.66015,45.13373],[17.65453,45.13249],[17.64773,45.13036],[17.64074,45.12735],[17.6335,45.1235],[17.62972,45.12111],[17.62795,45.11957],[17.62704,45.11805],[17.62613,45.11549],[17.6254,45.11453],[17.62417,45.11382],[17.62289,45.11345],[17.62024,45.1133],[17.61773,45.11343],[17.61313,45.11341],[17.61161,45.11297],[17.6101,45.11195],[17.60547,45.10828],[17.60388,45.10745],[17.60175,45.10664],[17.59888,45.10619],[17.59668,45.106],[17.59424,45.10621],[17.59193,45.10691],[17.59137,45.10718],[17.58943,45.10872],[17.5851,45.11285],[17.58315,45.11446],[17.58152,45.11521],[17.5794,45.11588],[17.57783,45.11624],[17.57604,45.11621],[17.57409,45.11595],[17.57279,45.11559],[17.57167,45.11505],[17.57086,45.11443],[17.56809,45.1114],[17.56707,45.1106],[17.56587,45.10989],[17.5638,45.10901],[17.56237,45.1087],[17.55839,45.10833],[17.55636,45.10842],[17.55571,45.10859],[17.5547,45.1093],[17.55438,45.10982],[17.5542,45.11118],[17.5545,45.11274],[17.55712,45.11813],[17.55743,45.1208],[17.55735,45.12202],[17.55708,45.12314],[17.55668,45.12417],[17.5551,45.12651],[17.55396,45.12779],[17.55186,45.12911],[17.55037,45.12964],[17.54799,45.12994],[17.54651,45.12984],[17.54493,45.12955],[17.54353,45.12905],[17.54138,45.12772],[17.53967,45.12601],[17.53932,45.12496],[17.54035,45.12182],[17.54089,45.11964],[17.54091,45.11796],[17.54053,45.11657],[17.54018,45.11582],[17.5389,45.11411],[17.53678,45.11234],[17.53335,45.11011],[17.53212,45.10951],[17.53044,45.10906],[17.52802,45.10868],[17.51776,45.10826],[17.51614,45.10832],[17.51339,45.10874],[17.51263,45.10901],[17.51045,45.11056],[17.50791,45.11309],[17.50663,45.11401],[17.50495,45.11464],[17.50375,45.11487],[17.50195,45.11489],[17.50028,45.11439],[17.49615,45.11262],[17.4888,45.10992],[17.48615,45.10954],[17.48427,45.10971],[17.48268,45.11013],[17.48183,45.1105],[17.4805,45.11144],[17.48012,45.11203],[17.4798,45.11312],[17.47974,45.11431],[17.48013,45.11513],[17.48077,45.11599],[17.48237,45.1174],[17.48422,45.11865],[17.48969,45.12135],[17.49108,45.12239],[17.4921,45.12359],[17.49323,45.1259],[17.49351,45.12676],[17.49375,45.12892],[17.49353,45.1318],[17.4928,45.1345],[17.49239,45.13537],[17.49142,45.13649],[17.49088,45.13689],[17.48997,45.13727],[17.48806,45.13758],[17.48674,45.13738],[17.48525,45.1367],[17.48395,45.13543],[17.48214,45.13298],[17.48126,45.13202],[17.47892,45.13],[17.47797,45.12935],[17.4763,45.12845],[17.4736,45.12741],[17.47192,45.12691],[17.46955,45.12643],[17.46658,45.12604],[17.46218,45.12567],[17.45988,45.12563],[17.45317,45.12629],[17.45222,45.12651],[17.45072,45.12714],[17.44937,45.12812],[17.44878,45.12887],[17.44848,45.12981],[17.4487,45.13112],[17.44916,45.132],[17.4502,45.13338],[17.45172,45.13509],[17.45397,45.13929],[17.45525,45.14396],[17.4553,45.14777],[17.45476,45.1514],[17.4538,45.15526],[17.45257,45.15806],[17.44964,45.15998],[17.44779,45.16054],[17.44523,45.16083],[17.4409,45.1602],[17.43908,45.15929],[17.4372,45.15781],[17.43661,45.15685],[17.43596,45.15404],[17.4358,45.1521],[17.43504,45.14953],[17.43313,45.14622],[17.43229,45.14511],[17.43136,45.14422],[17.4238,45.13906],[17.42108,45.13738],[17.41828,45.13611],[17.41317,45.13466],[17.41178,45.13441],[17.41006,45.13435],[17.4054,45.13437],[17.40316,45.13449],[17.39951,45.13502],[17.39266,45.13656],[17.38791,45.1374],[17.38534,45.13744],[17.38167,45.13722],[17.36995,45.13729],[17.36607,45.13754],[17.35904,45.13857],[17.35216,45.13986],[17.34849,45.14071],[17.34564,45.14164],[17.3415,45.14349],[17.34024,45.14413],[17.33748,45.14603],[17.33337,45.14934],[17.32918,45.15307],[17.32827,45.154],[17.32789,45.15511],[17.32799,45.15743],[17.32855,45.15855],[17.33123,45.16224],[17.33155,45.16298],[17.33169,45.16369],[17.33156,45.16424],[17.33063,45.16504],[17.32936,45.1656],[17.32792,45.16583],[17.32343,45.16551],[17.31552,45.16464],[17.3143,45.1646],[17.31206,45.16509],[17.31104,45.16607],[17.31048,45.16703],[17.31006,45.16837],[17.31011,45.1694],[17.31089,45.17219],[17.3111,45.17433],[17.31074,45.17562],[17.30964,45.17667],[17.30897,45.17693],[17.30805,45.177],[17.30621,45.17684],[17.30295,45.17631],[17.29951,45.17559],[17.29409,45.1754],[17.29094,45.17506],[17.28796,45.17534],[17.28687,45.17567],[17.28568,45.17622],[17.28323,45.17785],[17.28236,45.17888],[17.27998,45.18267],[17.27763,45.18569],[17.27686,45.1871],[17.27537,45.18881],[17.27458,45.18923],[17.27385,45.18942],[17.27293,45.18944],[17.27145,45.18899],[17.27027,45.18796],[17.26926,45.18648],[17.26868,45.1852],[17.26702,45.18252],[17.26606,45.1804],[17.26436,45.17777],[17.26156,45.17193],[17.25978,45.16692],[17.25917,45.16423],[17.2572,45.15952],[17.2563,45.15661],[17.25532,45.15481],[17.25304,45.15163],[17.25221,45.15067],[17.25052,45.14913],[17.24819,45.1472],[17.24567,45.14601],[17.24156,45.14599],[17.24006,45.14616],[17.23686,45.14682],[17.23493,45.14702],[17.23273,45.14692],[17.22353,45.14586],[17.22036,45.14587],[17.21656,45.1461],[17.21386,45.14669],[17.21051,45.14786],[17.20642,45.14905],[17.20463,45.14933],[17.20357,45.14928],[17.20262,45.14939],[17.19949,45.14898],[17.1908,45.1467],[17.18664,45.14626],[17.18295,45.14647],[17.17777,45.14724],[17.17601,45.14762],[17.17255,45.14861],[17.16648,45.15065],[17.16232,45.15242],[17.15938,45.15398],[17.14993,45.1596],[17.14604,45.16168],[17.1413,45.16338],[17.13281,45.16573],[17.12977,45.16671],[17.12664,45.16804],[17.11728,45.17392],[17.11542,45.17495],[17.11323,45.17592],[17.11135,45.17661],[17.10449,45.17787],[17.10036,45.17885],[17.09769,45.17973],[17.09334,45.18132],[17.08826,45.18357],[17.0838,45.1851],[17.07244,45.18996],[17.07038,45.19091],[17.06876,45.19201],[17.06788,45.19438],[17.06662,45.19619],[17.06561,45.19748],[17.06496,45.19804],[17.06358,45.1988],[17.05819,45.19966],[17.05364,45.20006],[17.05269,45.2003],[17.05192,45.20069],[17.04913,45.20296],[17.04634,45.20492],[17.04394,45.20696],[17.04279,45.20859],[17.0424,45.20953],[17.04192,45.21214],[17.04157,45.21307],[17.04096,45.21587],[17.03915,45.22171],[17.03901,45.22232],[17.03911,45.22438],[17.03849,45.22464],[17.0378,45.2253],[17.03696,45.22583],[17.03596,45.22588],[17.03422,45.22522],[17.03408,45.22458],[17.03266,45.22401],[17.03307,45.22326],[17.03169,45.22262],[17.03035,45.22076],[17.02678,45.21736],[17.0201,45.21387],[17.01837,45.21326],[17.01737,45.21311],[17.01724,45.21284],[17.01615,45.21276],[17.01459,45.21288],[17.01334,45.21313],[17.01181,45.21359],[17.01056,45.21418],[17.00859,45.21559],[17.00797,45.21648],[17.00765,45.21789],[17.00806,45.21931],[17.00923,45.22109],[17.01122,45.22348],[17.01371,45.22751],[17.01496,45.22917],[17.01603,45.22997],[17.02154,45.23248],[17.02237,45.2332],[17.02286,45.23415],[17.02292,45.23516],[17.02275,45.23552],[17.02211,45.23591],[17.02129,45.23616],[17.01589,45.23719],[17.01016,45.23876],[17.00894,45.23882],[17.00813,45.23874],[17.00673,45.23839],[17.00547,45.23787],[17.00483,45.2375],[17.00375,45.2365],[17.00343,45.23605],[17.00324,45.23517],[17.00363,45.23391],[17.00598,45.22952],[17.00622,45.22873],[17.00631,45.22716],[17.00602,45.22625],[17.00565,45.22575],[17.00435,45.22433],[17.00292,45.22314],[17.0015,45.22224],[17.0001,45.22171],[16.99855,45.22137],[16.99654,45.22133],[16.99228,45.22203],[16.98887,45.22318],[16.98745,45.22399],[16.98589,45.22509],[16.98409,45.22709],[16.98338,45.22807],[16.98241,45.22988],[16.98218,45.23094],[16.98233,45.23223],[16.9847,45.23769],[16.98504,45.23886],[16.98508,45.2401],[16.98482,45.24135],[16.98414,45.24342],[16.98337,45.24467],[16.98233,45.2458],[16.98052,45.24729],[16.97809,45.24897],[16.9766,45.24984],[16.97428,45.25082],[16.9724,45.25128],[16.97064,45.25142],[16.96979,45.25131],[16.96822,45.25086],[16.96618,45.24983],[16.96522,45.24911],[16.96367,45.24767],[16.96196,45.24565],[16.96138,45.24475],[16.9614,45.24376],[16.96189,45.24258],[16.96336,45.24167],[16.96431,45.24138],[16.96822,45.24097],[16.96935,45.24074],[16.97221,45.23976],[16.97385,45.23885],[16.97456,45.23823],[16.97588,45.23686],[16.97691,45.23508],[16.97747,45.23311],[16.97752,45.23167],[16.97713,45.23013],[16.97673,45.22935],[16.97609,45.22881],[16.97504,45.22808],[16.9733,45.22732],[16.97245,45.22713],[16.97154,45.22713],[16.96863,45.22805],[16.96501,45.23006],[16.96155,45.23171],[16.96042,45.232],[16.95707,45.23232],[16.95523,45.23219],[16.95427,45.23189],[16.94788,45.22855],[16.94642,45.2281],[16.94237,45.22727],[16.94153,45.22721],[16.9392,45.22726],[16.93778,45.22783],[16.93705,45.22866],[16.93651,45.23021],[16.93637,45.23102],[16.93646,45.23331],[16.93635,45.23436],[16.93557,45.23797],[16.93526,45.24028],[16.93546,45.24233],[16.93632,45.24428],[16.93754,45.24593],[16.93902,45.24701],[16.94021,45.24767],[16.94228,45.24851],[16.95035,45.25115],[16.9524,45.25223],[16.95293,45.25267],[16.95403,45.25412],[16.95427,45.25491],[16.95425,45.25604],[16.95387,45.2571],[16.95323,45.25797],[16.95129,45.25937],[16.94987,45.26015],[16.94357,45.26263],[16.94251,45.26322],[16.94082,45.26449],[16.94049,45.26493],[16.94058,45.26525],[16.94009,45.26568],[16.93955,45.26675],[16.93931,45.26824],[16.93928,45.27251],[16.93895,45.27342],[16.93819,45.27427],[16.93669,45.27518],[16.93484,45.27584],[16.93288,45.27624],[16.93023,45.27641],[16.92602,45.27603],[16.92299,45.27532],[16.92093,45.27418],[16.91921,45.27265],[16.91848,45.27152],[16.91806,45.27052],[16.91821,45.26826],[16.91786,45.26662],[16.91699,45.26565],[16.91527,45.26466],[16.9144,45.264],[16.9138,45.26329],[16.91347,45.26263],[16.91318,45.26133],[16.91376,45.25849],[16.91347,45.25681],[16.91313,45.25608],[16.9122,45.25462],[16.91155,45.25409],[16.90614,45.25122],[16.90332,45.25037],[16.9014,45.25015],[16.89969,45.25015],[16.89751,45.25067],[16.89648,45.25123],[16.89565,45.2519],[16.89515,45.25262],[16.89418,45.25535],[16.8933,45.25643],[16.89272,45.25746],[16.89223,45.25788],[16.89147,45.2582],[16.89057,45.25828],[16.88813,45.25814],[16.88636,45.25825],[16.88547,45.25818],[16.88395,45.2577],[16.88308,45.25722],[16.88254,45.25675],[16.88216,45.25571],[16.88229,45.25524],[16.88276,45.25488],[16.88394,45.25452],[16.88462,45.25443],[16.88702,45.25453],[16.88855,45.25434],[16.8905,45.25372],[16.89178,45.25308],[16.89409,45.25105],[16.89461,45.2499],[16.89459,45.24909],[16.89367,45.24801],[16.89152,45.24668],[16.88986,45.24617],[16.88843,45.24598],[16.88619,45.24605],[16.88169,45.24658],[16.87918,45.24631],[16.87743,45.24589],[16.87589,45.24516],[16.87363,45.24369],[16.8714,45.24144],[16.87127,45.24095],[16.87137,45.24055],[16.87182,45.24003],[16.87246,45.23993],[16.87287,45.24006],[16.87448,45.24106],[16.87524,45.24134],[16.87703,45.24173],[16.87782,45.24205],[16.8785,45.24261],[16.88002,45.24292],[16.88129,45.24235],[16.88182,45.24108],[16.8821,45.24086],[16.88393,45.24035],[16.88159,45.23629],[16.88085,45.23471],[16.88096,45.23345],[16.88251,45.23122],[16.88337,45.22835],[16.88335,45.22716],[16.88294,45.22615],[16.88136,45.22484],[16.88107,45.22468],[16.88035,45.22454],[16.87954,45.22451],[16.87865,45.22464],[16.87777,45.22493],[16.87645,45.22583],[16.87598,45.22631],[16.87571,45.22731],[16.87576,45.22958],[16.87625,45.23088],[16.87645,45.23191],[16.86913,45.23235],[16.86799,45.23236],[16.86552,45.23208],[16.8648,45.23125],[16.86445,45.23138],[16.86367,45.23066],[16.86293,45.2296],[16.86272,45.2289],[16.86292,45.22816],[16.86321,45.22787],[16.86603,45.22643],[16.86638,45.22589],[16.86621,45.22541],[16.86669,45.22431],[16.86733,45.22369],[16.86808,45.22334],[16.86878,45.22335],[16.87178,45.22421],[16.8747,45.22445],[16.87642,45.22398],[16.87672,45.22394],[16.87681,45.22404],[16.87767,45.22388],[16.8789,45.22337],[16.87985,45.22248],[16.87991,45.22192],[16.87963,45.22118],[16.87959,45.22027],[16.87902,45.21965],[16.8775,45.21906],[16.87708,45.21906],[16.87493,45.21963],[16.87446,45.2198],[16.87416,45.22013],[16.87369,45.22025],[16.87187,45.22025],[16.86976,45.22049],[16.86784,45.22026],[16.86746,45.21997],[16.86637,45.21957],[16.86605,45.21964],[16.86495,45.2193],[16.86368,45.21819],[16.86331,45.21766],[16.86327,45.21642],[16.86271,45.21458],[16.86267,45.21366],[16.86238,45.21275],[16.8619,45.21208],[16.86103,45.21147],[16.86037,45.21142],[16.86001,45.21125],[16.85918,45.21063],[16.85787,45.20885],[16.85626,45.20753],[16.85585,45.20696],[16.85555,45.20598],[16.85501,45.20526],[16.8542,45.20466],[16.85338,45.20452],[16.85192,45.20472],[16.85133,45.20494],[16.85046,45.20602],[16.85018,45.20709],[16.85039,45.20775],[16.85079,45.20813],[16.85244,45.20938],[16.85311,45.20967],[16.85441,45.21055],[16.85516,45.21138],[16.85533,45.21274],[16.85492,45.21351],[16.85511,45.2142],[16.85475,45.21469],[16.85295,45.21497],[16.85238,45.21517],[16.85205,45.21539],[16.85191,45.21567],[16.85186,45.21645],[16.84958,45.21787],[16.84758,45.21841],[16.84607,45.21827],[16.8447,45.21901],[16.84325,45.2193],[16.84238,45.22013],[16.8419,45.22016],[16.8377,45.21931],[16.83489,45.21817],[16.8343,45.21652],[16.83493,45.21343],[16.83665,45.21152],[16.83788,45.21072],[16.84106,45.20784],[16.84173,45.20711],[16.84329,45.20467],[16.84383,45.20231],[16.84377,45.20211],[16.8432,45.2017],[16.84303,45.19947],[16.84269,45.19781],[16.8427,45.19688],[16.84293,45.19619],[16.8435,45.19542],[16.84365,45.19477],[16.84356,45.19422],[16.84309,45.19378],[16.84211,45.19344],[16.84154,45.19345],[16.84088,45.19301],[16.8397,45.19177],[16.83725,45.18969],[16.83058,45.18725],[16.82654,45.18675],[16.82358,45.18582],[16.81939,45.18498],[16.81558,45.18462],[16.81242,45.18453],[16.80991,45.18476],[16.80424,45.18607],[16.80305,45.1862],[16.80271,45.18586],[16.80004,45.18629],[16.79691,45.18707],[16.79616,45.1873],[16.79451,45.18817],[16.79393,45.18825],[16.78917,45.18979],[16.78075,45.19181],[16.77599,45.1927],[16.77522,45.19294],[16.77343,45.19371],[16.77247,45.19426],[16.77009,45.19503],[16.76628,45.19758],[16.7635,45.19891],[16.75482,45.20259],[16.75036,45.20346],[16.74828,45.20344],[16.74241,45.20435],[16.73908,45.20499],[16.73441,45.2069],[16.73212,45.20737],[16.73086,45.20738],[16.72873,45.20702],[16.72685,45.20617],[16.72536,45.20532],[16.72462,45.20507],[16.72251,45.20484],[16.71819,45.20478],[16.7153,45.2046],[16.71274,45.20383],[16.71015,45.20281],[16.7046,45.19897],[16.70238,45.19772],[16.7002,45.19687],[16.69735,45.19654],[16.69575,45.19655],[16.69423,45.19686],[16.68379,45.20021],[16.68021,45.20154],[16.67846,45.2018],[16.67659,45.20189],[16.67385,45.20152],[16.67097,45.20144],[16.66947,45.20162],[16.66565,45.20318],[16.66172,45.20581],[16.65867,45.20718],[16.65667,45.20739],[16.65408,45.2075],[16.65016,45.20731],[16.64814,45.20768],[16.64473,45.20918],[16.63824,45.21319],[16.63682,45.21382],[16.63382,45.21403],[16.63044,45.21364],[16.62918,45.2138],[16.62836,45.21405],[16.62725,45.21468],[16.62621,45.21558],[16.62528,45.21669],[16.62484,45.21776],[16.62384,45.219],[16.62186,45.22114],[16.61904,45.22349],[16.61795,45.22411],[16.61305,45.22576],[16.61056,45.22672],[16.60923,45.22731],[16.60706,45.22855],[16.60283,45.23026],[16.59845,45.23132],[16.59787,45.23139],[16.59612,45.23126],[16.59495,45.23093],[16.59372,45.23037],[16.58952,45.22724],[16.59019,45.22674],[16.58969,45.22621],[16.58803,45.22518],[16.58625,45.2243],[16.58231,45.22277],[16.57908,45.22194],[16.57657,45.22214],[16.57526,45.22244],[16.57245,45.22208],[16.56922,45.22233],[16.56479,45.22215],[16.56118,45.22119],[16.56051,45.22093],[16.5596,45.22016],[16.55806,45.2196],[16.5567,45.21943],[16.55655,45.2192],[16.55614,45.21903],[16.55483,45.21932],[16.55431,45.21925],[16.5539,45.21892],[16.55269,45.21874],[16.5515,45.21894],[16.55052,45.21936],[16.54932,45.21953],[16.54784,45.21957],[16.54503,45.22051],[16.54374,45.2207],[16.54226,45.22179],[16.54169,45.22197],[16.54082,45.22254],[16.54017,45.22363],[16.5402,45.22393],[16.53995,45.22437],[16.54096,45.22555],[16.53858,45.2264],[16.53539,45.22697],[16.53332,45.22699],[16.52996,45.22665],[16.52795,45.22613],[16.51904,45.22326],[16.51837,45.22293],[16.51747,45.22191],[16.51506,45.22113],[16.51385,45.22093],[16.51303,45.2206],[16.51208,45.22008],[16.51159,45.2194],[16.51028,45.21856],[16.50799,45.21796],[16.50514,45.21586],[16.50175,45.21391],[16.501,45.21306],[16.49968,45.21211],[16.49706,45.21178],[16.49499,45.21133],[16.49432,45.21102],[16.49339,45.2104],[16.49301,45.20981],[16.49148,45.20823],[16.49075,45.2069],[16.49028,45.20532],[16.49006,45.20184],[16.48947,45.19936],[16.48892,45.19838],[16.48819,45.19759],[16.48652,45.19529],[16.48619,45.1946],[16.48565,45.19238],[16.48425,45.19049],[16.48373,45.19009],[16.48191,45.18923],[16.4798,45.18762],[16.4789,45.18711],[16.47748,45.1856],[16.47513,45.18373],[16.47433,45.18262],[16.47368,45.18088],[16.47358,45.18015],[16.47381,45.17876],[16.47499,45.17539],[16.47544,45.17316],[16.47511,45.1705],[16.47605,45.17046],[16.4769,45.17061],[16.47709,45.17048],[16.4777,45.16951],[16.47803,45.1682],[16.47846,45.1675],[16.47913,45.16699],[16.47955,45.166],[16.47952,45.16555],[16.47906,45.16498],[16.4789,45.16485],[16.4782,45.16481],[16.47802,45.16455],[16.47846,45.16172],[16.4787,45.16148],[16.4786,45.16073],[16.47786,45.15997],[16.47656,45.1594],[16.47583,45.15927],[16.4751,45.15866],[16.47432,45.15904],[16.47342,45.15926],[16.47157,45.15659],[16.47079,45.1558],[16.47189,45.15542],[16.47208,45.15517],[16.4712,45.15348],[16.47133,45.15344],[16.46963,45.15105],[16.46948,45.15108],[16.46951,45.15061],[16.46936,45.15045],[16.46869,45.15028],[16.46754,45.15054],[16.46686,45.14879],[16.46433,45.14368],[16.46332,45.14246],[16.462,45.14145],[16.46024,45.14044],[16.45587,45.13884],[16.4554,45.13849],[16.4544,45.13826],[16.45144,45.13711],[16.44979,45.13636],[16.44989,45.13527],[16.44843,45.13423],[16.44717,45.13388],[16.44624,45.13401],[16.44547,45.13393],[16.44469,45.13364],[16.44356,45.1329],[16.44229,45.13183],[16.44135,45.13065],[16.44105,45.12986],[16.44059,45.12926],[16.4392,45.12848],[16.43824,45.12748],[16.43727,45.12676],[16.43373,45.12538],[16.43079,45.1245],[16.42528,45.12339],[16.42243,45.12269],[16.41845,45.12239],[16.41311,45.12152],[16.40969,45.12064],[16.40725,45.11966],[16.40598,45.11894],[16.4016,45.11722],[16.39758,45.11464],[16.39511,45.11339],[16.39444,45.11271],[16.39333,45.10926],[16.39256,45.1062],[16.39253,45.10527],[16.39298,45.10428],[16.39447,45.10289],[16.39613,45.10204],[16.39887,45.10098],[16.4014,45.09929],[16.40287,45.0985],[16.40204,45.09755],[16.40154,45.09734],[16.39942,45.09686],[16.3986,45.09541],[16.39728,45.0951],[16.39517,45.09397],[16.39501,45.09368],[16.39506,45.0934],[16.39522,45.09305],[16.39551,45.09287],[16.39528,45.09275],[16.39584,45.09176],[16.39598,45.09109],[16.39568,45.08967],[16.39464,45.08934],[16.39394,45.08888],[16.39058,45.08479],[16.38978,45.08428],[16.38779,45.08342],[16.38726,45.08302],[16.38656,45.08204],[16.38583,45.07951],[16.38615,45.07838],[16.38587,45.07659],[16.38602,45.07574],[16.38735,45.07404],[16.38768,45.07241],[16.38757,45.07179],[16.38676,45.07047],[16.38659,45.06963],[16.38662,45.06897],[16.38707,45.06752],[16.38686,45.06631],[16.38564,45.06495],[16.38398,45.06386],[16.38375,45.06327],[16.38366,45.06222],[16.38391,45.06167],[16.38419,45.06152],[16.38346,45.06027],[16.38334,45.05949],[16.38294,45.05913],[16.38271,45.05839],[16.38281,45.05729],[16.38369,45.05349],[16.38267,45.05342],[16.38204,45.05272],[16.38133,45.05281],[16.38082,45.05254],[16.38048,45.05194],[16.38004,45.05173],[16.38021,45.05114],[16.38007,45.05089],[16.37943,45.05101],[16.37784,45.05174],[16.37734,45.05185],[16.37569,45.05181],[16.37457,45.05142],[16.37333,45.0502],[16.3723,45.04855],[16.37115,45.04768],[16.37043,45.04694],[16.36985,45.04558],[16.36981,45.04477],[16.36941,45.04418],[16.36786,45.04303],[16.36423,45.0422],[16.36377,45.04198],[16.36322,45.04089],[16.36259,45.04029],[16.3631,45.04011],[16.36293,45.03925],[16.36216,45.03907],[16.36067,45.03816],[16.35936,45.03631],[16.35896,45.03526],[16.35902,45.03313],[16.35875,45.0329],[16.3561,45.03178],[16.35552,45.03122],[16.35553,45.03049],[16.35595,45.02925],[16.35656,45.02883],[16.35705,45.02878],[16.35726,45.02814],[16.35786,45.02744],[16.35825,45.02547],[16.35869,45.02532],[16.35878,45.02515],[16.35818,45.02447],[16.35887,45.02344],[16.35825,45.02274],[16.35802,45.02199],[16.35761,45.02135],[16.35774,45.02093],[16.35749,45.02033],[16.35769,45.01998],[16.35752,45.0196],[16.3576,45.01915],[16.35681,45.01877],[16.35667,45.01854],[16.35695,45.01805],[16.35685,45.01794],[16.35588,45.01759],[16.35645,45.01728],[16.35611,45.01687],[16.35613,45.0165],[16.35624,45.01622],[16.35689,45.01583],[16.35674,45.01545],[16.35709,45.01522],[16.35755,45.01448],[16.35734,45.01288],[16.35754,45.01223],[16.35833,45.01222],[16.35835,45.01084],[16.35811,45.01023],[16.35724,45.00927],[16.35657,45.00873],[16.35598,45.00864],[16.35499,45.00765],[16.35392,45.00601],[16.35396,45.00539],[16.35456,45.00387],[16.35453,45.00336],[16.35391,45.00289],[16.3533,45.00267],[16.3504,45.00228],[16.34874,45.00155],[16.34845,45.00123],[16.34767,45.00102],[16.34612,45.00096],[16.34411,45.00164],[16.34308,45.00173],[16.34254,45.00156],[16.34186,45.00105],[16.34075,45.0005],[16.33945,45.00034],[16.33663,45.00029],[16.33573,45.00062],[16.3343,45.00079],[16.33325,45.0007],[16.33256,45.00028],[16.33167,45.00019],[16.33023,45.0005],[16.32953,45.00094],[16.3287,45.00188],[16.32797,45.00218],[16.32378,45.0023],[16.32356,45.0024],[16.32111,45.00223],[16.31865,45.00141],[16.31786,45.00082],[16.3167,45.00021],[16.31456,44.99966],[16.31257,44.99821],[16.31184,44.99804],[16.31041,44.99818],[16.31007,44.99845],[16.30934,44.99972],[16.30885,45.00018],[16.30811,45.00056],[16.30707,45.0007],[16.3058,45.00066],[16.30465,45.00037],[16.3021,44.9989],[16.30061,44.99838],[16.2998,44.99827],[16.29703,44.99825],[16.29419,44.99917],[16.29301,44.99925],[16.2924,44.99905],[16.29189,44.9986],[16.2908,44.99628],[16.29029,44.99595],[16.28919,44.99568],[16.28875,44.99566],[16.28778,44.99814],[16.28717,44.99928],[16.287,45.00021],[16.28555,45.00218],[16.28541,45.00319],[16.28567,45.00484],[16.2851,45.00582],[16.28533,45.00692],[16.28501,45.00732],[16.28414,45.00754],[16.28431,45.0083],[16.28038,45.00875],[16.27754,45.00728],[16.27671,45.00641],[16.27595,45.00633],[16.27491,45.00598],[16.27427,45.00598],[16.27374,45.00623],[16.27273,45.00863],[16.27335,45.00993],[16.27271,45.01169],[16.27299,45.01409],[16.27266,45.01482],[16.2705,45.01617],[16.26912,45.01685],[16.26685,45.01718],[16.26441,45.01735],[16.26254,45.01686],[16.26205,45.01689],[16.25954,45.01454],[16.25928,45.01407],[16.2594,45.01312],[16.25885,45.0118],[16.25813,45.01123],[16.25757,45.01109],[16.25717,45.0111],[16.25661,45.01149],[16.25558,45.01256],[16.25318,45.0143],[16.25275,45.01434],[16.25105,45.01369],[16.25003,45.01426],[16.2472,45.01484],[16.24455,45.01488],[16.24271,45.01423],[16.23635,45.01466],[16.23424,45.01513],[16.23214,45.01656],[16.22982,45.0172],[16.22972,45.01948],[16.2306,45.02171],[16.2295,45.0226],[16.2296,45.02317],[16.22994,45.02367],[16.22922,45.02455],[16.22728,45.02474],[16.22591,45.02464],[16.2255,45.02473],[16.22467,45.02544],[16.22392,45.02485],[16.22358,45.02476],[16.22024,45.02588],[16.21896,45.02669],[16.21748,45.02727],[16.21558,45.02826],[16.21438,45.02914],[16.21372,45.02942],[16.21215,45.02903],[16.21142,45.02928],[16.21081,45.02962],[16.21051,45.03019],[16.21043,45.03073],[16.21057,45.03157],[16.21041,45.03185],[16.20908,45.03257],[16.20832,45.03272],[16.2067,45.03272],[16.20556,45.03299],[16.20398,45.03301],[16.20095,45.03194],[16.19909,45.03255],[16.19707,45.0319],[16.19637,45.03127],[16.19574,45.03094],[16.19505,45.03099],[16.19423,45.03081],[16.19368,45.03104],[16.19315,45.03158],[16.19201,45.03236],[16.19165,45.03296],[16.19151,45.03351],[16.19173,45.03461],[16.19153,45.03575],[16.19067,45.03678],[16.18957,45.03764],[16.18805,45.03966],[16.1879,45.04083],[16.18827,45.04256],[16.18802,45.04307],[16.18658,45.04457],[16.1861,45.04566],[16.18613,45.04626],[16.1851,45.04714],[16.18299,45.04806],[16.17705,45.05108],[16.17684,45.05168],[16.17633,45.05205],[16.17595,45.05263],[16.17578,45.05378],[16.17605,45.05488],[16.1764,45.05543],[16.17729,45.05624],[16.17679,45.05737],[16.17584,45.05835],[16.17475,45.06036],[16.1747,45.06108],[16.17548,45.06236],[16.17538,45.06253],[16.17383,45.06341],[16.17283,45.06453],[16.17118,45.06555],[16.17014,45.06671],[16.17046,45.06744],[16.17141,45.0685],[16.17206,45.06948],[16.17393,45.07037],[16.17223,45.07252],[16.16833,45.07344],[16.16678,45.07395],[16.16619,45.07427],[16.16407,45.0756],[16.16298,45.0776],[16.16026,45.07893],[16.15835,45.08069],[16.15553,45.08281],[16.15482,45.08307],[16.15433,45.08312],[16.15232,45.08308],[16.15073,45.08334],[16.14869,45.08341],[16.14675,45.08402],[16.14551,45.08478],[16.14408,45.08537],[16.1429,45.08615],[16.14241,45.08664],[16.14174,45.08774],[16.14009,45.08897],[16.1394,45.08993],[16.13884,45.0903],[16.13862,45.09082],[16.13687,45.09013],[16.1317,45.08661],[16.12968,45.08746],[16.12802,45.08861],[16.12617,45.0905],[16.12565,45.09128],[16.12399,45.09238],[16.12227,45.09276],[16.12175,45.09305],[16.12012,45.0934],[16.11928,45.09342],[16.11741,45.09261],[16.11648,45.09268],[16.11424,45.09325],[16.11164,45.0925],[16.10892,45.0927],[16.10784,45.09327],[16.10516,45.09583],[16.10445,45.09704],[16.10405,45.09723],[16.10403,45.09778],[16.10328,45.09827],[16.1028,45.09962],[16.1014,45.09991],[16.09953,45.10095],[16.09773,45.10144],[16.09707,45.10226],[16.09664,45.1025],[16.09611,45.10308],[16.09567,45.10399],[16.09219,45.10387],[16.08995,45.10435],[16.08932,45.10497],[16.08777,45.10792],[16.0844,45.11061],[16.08484,45.11157],[16.08443,45.11206],[16.0854,45.11391],[16.08567,45.11506],[16.0855,45.11739],[16.08478,45.11846],[16.08516,45.11884],[16.08487,45.11967],[16.08629,45.12095],[16.08523,45.12207],[16.08588,45.12429],[16.08579,45.12561],[16.08545,45.12624],[16.08482,45.12682],[16.08506,45.12747],[16.08458,45.12818],[16.08497,45.12877],[16.08469,45.1307],[16.08568,45.1314],[16.08581,45.13183],[16.08364,45.13461],[16.08264,45.1348],[16.08188,45.1361],[16.082,45.13728],[16.08049,45.13903],[16.07947,45.13984],[16.07809,45.14224],[16.07719,45.14256],[16.0767,45.14257],[16.07494,45.14357],[16.07242,45.14571],[16.07082,45.14605],[16.07065,45.14724],[16.07028,45.14746],[16.06946,45.14864],[16.06718,45.15083],[16.06536,45.15143],[16.06473,45.1528],[16.06442,45.15275],[16.06411,45.1535],[16.06379,45.15337],[16.06303,45.15423],[16.06286,45.15418],[16.0618,45.15552],[16.06134,45.15583],[16.06051,45.15605],[16.05981,45.15729],[16.0577,45.15764],[16.05665,45.15796],[16.05318,45.16287],[16.05103,45.16801],[16.05161,45.17158],[16.04715,45.17188],[16.04641,45.17269],[16.04646,45.17389],[16.04621,45.17532],[16.04789,45.17641],[16.0487,45.17871],[16.04832,45.17856],[16.04746,45.17913],[16.04651,45.17916],[16.0462,45.1796],[16.04515,45.17964],[16.04412,45.17943],[16.04389,45.17949],[16.04312,45.18029],[16.03912,45.17974],[16.03761,45.17991],[16.03652,45.18027],[16.03487,45.18046],[16.03289,45.18048],[16.03006,45.18105],[16.02756,45.18067],[16.02241,45.18092],[16.02001,45.18049],[16.01775,45.1795],[16.01681,45.17952],[16.01566,45.17989],[16.01553,45.18122],[16.01469,45.1828],[16.01467,45.18328],[16.01524,45.18378],[16.0165,45.18438],[16.01741,45.18543],[16.01818,45.18592],[16.02001,45.18849],[16.02218,45.18925],[16.0238,45.19133],[16.02511,45.19211],[16.02539,45.19309],[16.02632,45.19444],[16.02765,45.198],[16.02962,45.19898],[16.03045,45.20112],[16.02363,45.20127],[16.02276,45.2011],[16.02175,45.20203],[16.02078,45.20357],[16.02077,45.2043],[16.02,45.20559],[16.02088,45.20698],[16.02054,45.20874],[16.0196,45.20895],[16.0194,45.20968],[16.0176,45.21007],[16.0171,45.21033],[16.01748,45.21073],[16.01704,45.21115],[16.01723,45.21182],[16.01559,45.21621],[16.01468,45.21799],[16.01415,45.21769],[16.01292,45.21763],[16.01068,45.21886],[16.01027,45.2188],[16.0064,45.2169],[16.0043,45.21734],[16.00074,45.22045],[16.00027,45.22188],[15.99094,45.22313],[15.98855,45.22386],[15.9862,45.22506],[15.98487,45.22663],[15.98229,45.22853],[15.98077,45.22891],[15.97991,45.22977],[15.97718,45.23018],[15.97605,45.22933],[15.97536,45.22941],[15.97426,45.22899],[15.97283,45.22884],[15.972,45.22799],[15.97129,45.22776],[15.96934,45.22574],[15.96954,45.22562],[15.96681,45.22358],[15.966,45.22182],[15.96263,45.22111],[15.95721,45.22078],[15.95366,45.21727],[15.94768,45.2157],[15.94639,45.21441],[15.94459,45.21329],[15.94038,45.21472],[15.93638,45.21397],[15.93509,45.21349],[15.93418,45.2136],[15.93083,45.21273],[15.9299,45.21235],[15.92893,45.21103],[15.92779,45.21086],[15.92697,45.21114],[15.92679,45.21155],[15.92731,45.21259],[15.92734,45.21429],[15.92687,45.21475],[15.92549,45.21456],[15.92459,45.21401],[15.92391,45.21267],[15.92271,45.21161],[15.92136,45.21201],[15.92113,45.21249],[15.92188,45.21415],[15.92354,45.21624],[15.92393,45.21737],[15.92483,45.21837],[15.92547,45.21865],[15.92602,45.21915],[15.92627,45.21966],[15.92643,45.22382],[15.92635,45.22429],[15.92574,45.22542],[15.92467,45.2269],[15.92402,45.22732],[15.92326,45.22755],[15.92142,45.22868],[15.92094,45.22973],[15.92144,45.23063],[15.92131,45.23078],[15.9205,45.23075],[15.91998,45.23096],[15.91914,45.23111],[15.91967,45.23066],[15.91956,45.23046],[15.91664,45.23059],[15.91609,45.2305],[15.91592,45.23025],[15.91587,45.22935],[15.91593,45.22903],[15.91628,45.22866],[15.91674,45.22841],[15.9185,45.2291],[15.91926,45.22886],[15.9193,45.22862],[15.91909,45.22835],[15.91791,45.22775],[15.91757,45.22722],[15.91668,45.22655],[15.91579,45.22624],[15.91548,45.22601],[15.91513,45.22536],[15.91374,45.22478],[15.91343,45.22472],[15.91227,45.22508],[15.91179,45.22604],[15.91124,45.22609],[15.911,45.22595],[15.911,45.22566],[15.91165,45.22534],[15.91176,45.22488],[15.91155,45.22466],[15.91024,45.22434],[15.90907,45.2245],[15.90885,45.22464],[15.90874,45.22555],[15.90812,45.2256],[15.90778,45.22539],[15.90748,45.22495],[15.90693,45.22495],[15.90659,45.22525],[15.90649,45.22579],[15.90539,45.22575],[15.90503,45.22596],[15.90508,45.22684],[15.90492,45.2272],[15.90451,45.22752],[15.9028,45.22752],[15.90217,45.22771],[15.9006,45.2279],[15.89906,45.22734],[15.89777,45.22711],[15.89732,45.22687],[15.89662,45.22675],[15.8962,45.22683],[15.89541,45.22878],[15.89494,45.2292],[15.893,45.22929],[15.89182,45.22916],[15.89159,45.22889],[15.89107,45.22741],[15.89111,45.22688],[15.89072,45.22662],[15.88909,45.22656],[15.88749,45.22617],[15.88733,45.2261],[15.88739,45.22562],[15.88848,45.22416],[15.88904,45.22379],[15.89054,45.22305],[15.89361,45.22186],[15.89419,45.22148],[15.89438,45.22002],[15.89465,45.21986],[15.89492,45.21903],[15.8948,45.21891],[15.8935,45.21878],[15.89329,45.21861],[15.89336,45.21841],[15.89405,45.21819],[15.89415,45.21803],[15.89389,45.21714],[15.89396,45.21673],[15.89377,45.21661],[15.89235,45.21693],[15.89144,45.21757],[15.89123,45.21757],[15.89095,45.21743],[15.89024,45.2164],[15.88954,45.21604],[15.88925,45.21606],[15.88906,45.21646],[15.88903,45.21736],[15.88993,45.21843],[15.88991,45.21867],[15.88896,45.21862],[15.88828,45.21916],[15.88678,45.21988],[15.8861,45.21999],[15.88571,45.21956],[15.88489,45.21983],[15.88404,45.21946],[15.88371,45.21918],[15.88376,45.21831],[15.88359,45.21815],[15.88276,45.21832],[15.88192,45.21831],[15.88127,45.21847],[15.8808,45.21891],[15.88081,45.21926],[15.88142,45.22027],[15.88106,45.22062],[15.88077,45.22067],[15.87898,45.22036],[15.87888,45.22021],[15.87961,45.21972],[15.87986,45.21904],[15.87972,45.21884],[15.87923,45.21882],[15.8785,45.21942],[15.87785,45.2196],[15.87723,45.21952],[15.87672,45.21905],[15.87652,45.21831],[15.87605,45.21815],[15.8756,45.21823],[15.87495,45.21878],[15.8752,45.22011],[15.875,45.22022],[15.87444,45.22014],[15.87371,45.21974],[15.87269,45.21961],[15.87206,45.21982],[15.87202,45.21997],[15.87261,45.22033],[15.87245,45.22059],[15.87181,45.22077],[15.87065,45.22037],[15.8691,45.2202],[15.86789,45.21992],[15.86763,45.2199],[15.86703,45.22012],[15.86654,45.2201],[15.86578,45.21977],[15.86251,45.21879],[15.85839,45.21712],[15.85732,45.21691],[15.85667,45.21693],[15.8563,45.21711],[15.85587,45.21828],[15.85485,45.21867],[15.8534,45.21955],[15.85185,45.2198],[15.8518,45.21997],[15.85218,45.22018],[15.85236,45.22053],[15.85097,45.22119],[15.85027,45.22193],[15.84988,45.22262],[15.84907,45.22336],[15.84746,45.22441],[15.84556,45.22492],[15.84416,45.225],[15.84214,45.22494],[15.84145,45.22461],[15.8407,45.22444],[15.83888,45.22431],[15.83824,45.22407],[15.83561,45.22198],[15.83373,45.22123],[15.83289,45.22069],[15.83247,45.22027],[15.83246,45.21955],[15.83268,45.21929],[15.83253,45.21897],[15.83039,45.21856],[15.82849,45.21901],[15.82728,45.21881],[15.82705,45.21842],[15.82684,45.21732],[15.82707,45.21688],[15.82776,45.21609],[15.82855,45.21547],[15.83012,45.21464],[15.83069,45.21418],[15.83138,45.21324],[15.83196,45.21273],[15.83191,45.21254],[15.83135,45.21189],[15.83118,45.21124],[15.83101,45.21108],[15.82913,45.21064],[15.82864,45.21024],[15.82821,45.20967],[15.82802,45.20908],[15.82667,45.20734],[15.82591,45.207],[15.82447,45.20667],[15.82403,45.20593],[15.82305,45.20643],[15.82242,45.20649],[15.82214,45.20635],[15.82169,45.20634],[15.82175,45.20684],[15.82196,45.20702],[15.82272,45.20726],[15.82186,45.20783],[15.82157,45.20831],[15.82118,45.20843],[15.82081,45.20832],[15.82073,45.20803],[15.82127,45.20785],[15.82134,45.20765],[15.82064,45.20728],[15.82022,45.20735],[15.82027,45.20776],[15.82012,45.20782],[15.81923,45.20737],[15.81885,45.20763],[15.81822,45.20773],[15.81813,45.20783],[15.81825,45.20794],[15.81878,45.20823],[15.81884,45.20868],[15.81851,45.20875],[15.81819,45.2086],[15.8181,45.20838],[15.81741,45.20829],[15.81692,45.20891],[15.81705,45.20984],[15.81679,45.21013],[15.8165,45.21013],[15.8164,45.20978],[15.81564,45.20976],[15.8154,45.20991],[15.81577,45.21044],[15.81499,45.21096],[15.81454,45.21091],[15.81446,45.21079],[15.81463,45.21005],[15.81391,45.20986],[15.81356,45.20997],[15.81348,45.2104],[15.813,45.2104],[15.81255,45.21057],[15.81203,45.21002],[15.8116,45.20987],[15.81063,45.21025],[15.81022,45.21015],[15.80994,45.20946],[15.80879,45.20889],[15.80813,45.20828],[15.80746,45.20807],[15.8056,45.2087],[15.80515,45.20877],[15.80493,45.20861],[15.80516,45.20808],[15.80599,45.20739],[15.80624,45.20692],[15.80769,45.20618],[15.80807,45.20637],[15.80864,45.2062],[15.80951,45.20566],[15.80946,45.20558],[15.8092,45.20532],[15.8087,45.20511],[15.808,45.20514],[15.80753,45.20502],[15.80687,45.20444],[15.80602,45.2042],[15.80557,45.2042],[15.80527,45.20398],[15.80514,45.20397],[15.80494,45.20439],[15.80415,45.20426],[15.8044,45.20387],[15.80431,45.20344],[15.80381,45.20315],[15.8036,45.20374],[15.80341,45.20381],[15.80315,45.20383],[15.80266,45.20356],[15.80302,45.20318],[15.80304,45.20293],[15.80247,45.20292],[15.8015,45.20202],[15.80117,45.20129],[15.80117,45.20074],[15.80138,45.20018],[15.80134,45.19903],[15.80163,45.19854],[15.80155,45.19816],[15.80085,45.1973],[15.80037,45.19761],[15.80015,45.19728],[15.7994,45.19692],[15.79923,45.19693],[15.79866,45.19739],[15.7987,45.19699],[15.79846,45.19677],[15.79808,45.19692],[15.79742,45.19663],[15.79707,45.19604],[15.79664,45.19561],[15.79624,45.19542],[15.79587,45.19486],[15.79539,45.19479],[15.79502,45.1949],[15.7945,45.19528],[15.79432,45.19506],[15.79419,45.19517],[15.79364,45.19508],[15.7932,45.19536],[15.79268,45.19547],[15.79218,45.19538],[15.7919,45.19548],[15.79156,45.19543],[15.79142,45.19528],[15.79128,45.19536],[15.7902,45.19447],[15.79019,45.19434],[15.78839,45.19371],[15.78802,45.19372],[15.78779,45.19341],[15.78722,45.19326],[15.78664,45.19253],[15.78635,45.19258],[15.78625,45.1922],[15.78587,45.19234],[15.78572,45.19213],[15.78527,45.19194],[15.78535,45.19183],[15.78487,45.19178],[15.78475,45.19134],[15.78484,45.19073],[15.78426,45.19047],[15.78442,45.19033],[15.78409,45.18992],[15.78416,45.18981],[15.78364,45.18935],[15.78395,45.18914],[15.78371,45.1889],[15.78389,45.18879],[15.78386,45.18861],[15.78366,45.18837],[15.78312,45.18825],[15.783,45.18803],[15.78315,45.18772],[15.78271,45.18771],[15.78263,45.18761],[15.78281,45.18723],[15.78262,45.18716],[15.78244,45.18741],[15.78228,45.18728],[15.78233,45.18712],[15.78161,45.18705],[15.78138,45.18686],[15.7811,45.18688],[15.78059,45.18658],[15.78031,45.1866],[15.78001,45.1865],[15.77999,45.18636],[15.77951,45.18627],[15.7795,45.18614],[15.77906,45.18599],[15.77934,45.18575],[15.77914,45.18516],[15.77882,45.18514],[15.77884,45.185],[15.77862,45.18502],[15.77816,45.18437],[15.77799,45.1844],[15.77765,45.18424],[15.77734,45.18434],[15.77733,45.1842],[15.77711,45.18419],[15.77717,45.18409],[15.77699,45.18396],[15.7769,45.18411],[15.77688,45.184],[15.77668,45.18396],[15.77673,45.18366],[15.77658,45.18363],[15.77654,45.18339],[15.77742,45.18144],[15.7773,45.18058],[15.77655,45.17945],[15.77689,45.17844],[15.77761,45.17716],[15.77773,45.17662],[15.77758,45.17636],[15.77565,45.17483],[15.77517,45.17486],[15.77463,45.1746],[15.77433,45.17475],[15.77379,45.1747],[15.77376,45.17437],[15.77265,45.17308],[15.77243,45.1735],[15.77173,45.17357],[15.77138,45.17331],[15.77113,45.17333],[15.77078,45.17312],[15.77079,45.17227],[15.77035,45.1724],[15.77057,45.17217],[15.77044,45.17189],[15.77028,45.17201],[15.76989,45.17177],[15.76952,45.17186],[15.7696,45.17147],[15.76899,45.17144],[15.76833,45.17071],[15.76801,45.17083],[15.76768,45.17071],[15.76764,45.17016],[15.76779,45.16988],[15.76731,45.16979],[15.76715,45.16951],[15.76751,45.16904],[15.76804,45.16894],[15.76787,45.16802],[15.76761,45.16783],[15.76743,45.16787],[15.76692,45.16833],[15.76661,45.16796],[15.76692,45.1672],[15.76656,45.16704],[15.7663,45.16734],[15.76598,45.16705],[15.76549,45.16712],[15.76556,45.16687],[15.76499,45.16648],[15.7652,45.16625],[15.76469,45.16617],[15.76507,45.16585],[15.76489,45.16567],[15.76529,45.16558],[15.76533,45.16513],[15.76571,45.16495],[15.76504,45.16456],[15.76502,45.16432],[15.76467,45.16413],[15.76464,45.16402],[15.76503,45.16397],[15.76521,45.16375],[15.76504,45.16312],[15.76478,45.16283],[15.76461,45.16282],[15.76505,45.16252],[15.76557,45.16253],[15.76585,45.16235],[15.76632,45.16164],[15.76623,45.16133],[15.76642,45.161],[15.76627,45.16062],[15.76677,45.16002],[15.76668,45.15984],[15.76682,45.15989],[15.76691,45.15979],[15.76693,45.15963],[15.76677,45.15957],[15.76699,45.15947],[15.76711,45.15907],[15.76686,45.15881],[15.7672,45.15828],[15.76718,45.15743],[15.76745,45.15729],[15.76767,45.15688],[15.76748,45.15641],[15.76752,45.15629],[15.76779,45.15627],[15.76802,45.15609],[15.76785,45.15596],[15.76845,45.15577],[15.76841,45.15533],[15.76878,45.15445],[15.76868,45.15398],[15.76942,45.15126],[15.76999,45.1505],[15.7721,45.14899],[15.77279,45.14745],[15.77466,45.14673],[15.77594,45.14604],[15.77599,45.14478],[15.77615,45.14458],[15.77607,45.14391],[15.77592,45.14381],[15.77553,45.14228],[15.77487,45.14112],[15.77519,45.14086],[15.77544,45.13966],[15.77527,45.13925],[15.77606,45.13812],[15.77704,45.13736],[15.77792,45.13703],[15.77831,45.13706],[15.77871,45.13675],[15.77914,45.13664],[15.78063,45.13646],[15.78158,45.13619],[15.78183,45.13594],[15.78188,45.1357],[15.78141,45.13533],[15.78144,45.13515],[15.78096,45.13474],[15.78071,45.13427],[15.78042,45.13415],[15.78048,45.13394],[15.78,45.13371],[15.78004,45.13348],[15.77985,45.13335],[15.77994,45.1331],[15.77969,45.13306],[15.77925,45.13267],[15.77928,45.1325],[15.77896,45.13241],[15.77909,45.13223],[15.77867,45.13211],[15.77892,45.13192],[15.77879,45.13146],[15.77852,45.13155],[15.77822,45.13106],[15.77768,45.13083],[15.77814,45.12956],[15.77922,45.1279],[15.78035,45.12692],[15.78083,45.12607],[15.78142,45.12566],[15.78167,45.12525],[15.78267,45.12509],[15.78313,45.12471],[15.784,45.1244],[15.78434,45.1241],[15.7846,45.12352],[15.78458,45.12288],[15.78476,45.12268],[15.78479,45.1223],[15.78503,45.1222],[15.78514,45.12229],[15.78533,45.12201],[15.78553,45.12204],[15.78555,45.12187],[15.78588,45.12187],[15.78595,45.12161],[15.78619,45.12174],[15.78698,45.12126],[15.78709,45.12101],[15.78699,45.12095],[15.78756,45.12069],[15.78758,45.12023],[15.7879,45.11977],[15.78803,45.11999],[15.78832,45.11974],[15.78884,45.11998],[15.78956,45.11973],[15.78956,45.11988],[15.7897,45.11975],[15.78983,45.11989],[15.78985,45.12009],[15.79038,45.12007],[15.79015,45.11951],[15.79029,45.11927],[15.79021,45.11895],[15.78989,45.11884],[15.7896,45.11776],[15.7899,45.11749],[15.7898,45.11735],[15.78994,45.11726],[15.7901,45.11747],[15.79012,45.11726],[15.79034,45.11716],[15.79024,45.11689],[15.79046,45.11662],[15.79041,45.11607],[15.79087,45.11585],[15.79082,45.11569],[15.79105,45.11558],[15.79117,45.1151],[15.79078,45.1148],[15.79018,45.11482],[15.7901,45.11467],[15.78944,45.11438],[15.78928,45.11415],[15.78865,45.11406],[15.78857,45.11383],[15.78815,45.11373],[15.78814,45.11354],[15.78794,45.11357],[15.78789,45.1134],[15.78765,45.1134],[15.78751,45.11269],[15.78723,45.11273],[15.78713,45.1126],[15.78758,45.11247],[15.7871,45.11223],[15.78687,45.11185],[15.78695,45.11157],[15.7864,45.11142],[15.78651,45.11125],[15.7863,45.11071],[15.78616,45.11057],[15.78598,45.11066],[15.78581,45.11059],[15.78548,45.11013],[15.78572,45.11009],[15.78592,45.10982],[15.78562,45.10974],[15.78556,45.10959],[15.7857,45.10953],[15.78549,45.10934],[15.78498,45.1093],[15.78473,45.10907],[15.78473,45.10883],[15.78429,45.10874],[15.78445,45.10836],[15.78417,45.10841],[15.78398,45.10811],[15.78229,45.10768],[15.78229,45.10756],[15.78197,45.10753],[15.7818,45.10717],[15.78156,45.10711],[15.78153,45.10676],[15.7814,45.10669],[15.78114,45.10679],[15.78109,45.10634],[15.7815,45.10619],[15.78112,45.10595],[15.78083,45.10512],[15.78057,45.10502],[15.78073,45.10466],[15.78053,45.10469],[15.78036,45.10454],[15.78036,45.1042],[15.78014,45.10419],[15.78014,45.104],[15.77998,45.10399],[15.78004,45.10375],[15.7797,45.10379],[15.77994,45.1034],[15.7796,45.10339],[15.77946,45.10323],[15.77974,45.10278],[15.77995,45.10278],[15.77998,45.10242],[15.77965,45.10239],[15.77964,45.10214],[15.77986,45.10207],[15.77958,45.10201],[15.77944,45.10174],[15.77965,45.10164],[15.7795,45.10147],[15.77964,45.10132],[15.77988,45.10133],[15.77997,45.10117],[15.77976,45.10079],[15.77946,45.10073],[15.77943,45.1005],[15.77969,45.09984],[15.77962,45.09966],[15.7799,45.09966],[15.77983,45.09955],[15.78007,45.09948],[15.7799,45.09942],[15.7798,45.09905],[15.78025,45.09864],[15.78003,45.09856],[15.77979,45.0979],[15.77957,45.09794],[15.77926,45.0977],[15.77952,45.0976],[15.77944,45.09737],[15.77973,45.09739],[15.77983,45.09728],[15.77974,45.09717],[15.77921,45.0971],[15.77928,45.0968],[15.77909,45.0964],[15.7792,45.09641],[15.77912,45.09619],[15.77932,45.09597],[15.77898,45.0952],[15.77885,45.09527],[15.77869,45.09513],[15.77771,45.09519],[15.77737,45.0951],[15.77616,45.09532],[15.77564,45.09531],[15.77556,45.09521],[15.77469,45.09534],[15.77327,45.09515],[15.77166,45.09427],[15.77116,45.09393],[15.77095,45.09361],[15.77055,45.09341],[15.76986,45.09175],[15.76932,45.09118],[15.76877,45.08939],[15.76961,45.08866],[15.77018,45.08864],[15.77119,45.08755],[15.77173,45.08756],[15.77174,45.08704],[15.77193,45.08706],[15.77191,45.08694],[15.77241,45.08668],[15.77246,45.08647],[15.77308,45.08646],[15.77326,45.08635],[15.77319,45.08619],[15.77356,45.08584],[15.77327,45.08574],[15.77351,45.08563],[15.77339,45.0853],[15.77375,45.08524],[15.77374,45.0849],[15.77406,45.08441],[15.77386,45.0842],[15.77441,45.08398],[15.77405,45.08362],[15.77318,45.08347],[15.77155,45.08288],[15.76913,45.08148],[15.76909,45.08119],[15.76952,45.08006],[15.76952,45.07952],[15.77019,45.07883],[15.77099,45.07854],[15.7711,45.0783],[15.77138,45.07728],[15.77121,45.07674],[15.77087,45.07633],[15.76933,45.07544],[15.76909,45.075],[15.76463,45.07346],[15.76358,45.07294],[15.76236,45.07186],[15.76037,45.07145],[15.75919,45.07067],[15.75855,45.07058],[15.7576,45.07022],[15.75659,45.06964],[15.75604,45.06818],[15.75425,45.06601],[15.75199,45.06502],[15.75168,45.0651],[15.75134,45.065],[15.75108,45.06517],[15.75023,45.06513],[15.75018,45.06498],[15.75002,45.06514],[15.74953,45.0651],[15.74922,45.06533],[15.74883,45.06527],[15.74849,45.06498],[15.74829,45.065],[15.74839,45.06478],[15.74805,45.0646],[15.74823,45.06455],[15.74821,45.0644],[15.74802,45.06441],[15.74818,45.06424],[15.74792,45.06428],[15.74803,45.06405],[15.74784,45.06413],[15.74768,45.06394],[15.74778,45.06392],[15.74748,45.06377],[15.74744,45.06389],[15.74712,45.06379],[15.74707,45.06358],[15.74696,45.06373],[15.74677,45.06372],[15.74668,45.06353],[15.74646,45.06359],[15.74629,45.0634],[15.74653,45.06333],[15.7463,45.06312],[15.74579,45.06286],[15.74524,45.06279],[15.74512,45.06268],[15.74525,45.06254],[15.74497,45.06262],[15.74483,45.06241],[15.74455,45.06258],[15.74406,45.06245],[15.74406,45.06219],[15.74378,45.06212],[15.74379,45.06194],[15.74363,45.06212],[15.74297,45.06229],[15.74229,45.06195],[15.74158,45.06195],[15.74119,45.06167],[15.74152,45.06028],[15.74179,45.05992],[15.74245,45.05979],[15.74336,45.0608],[15.74376,45.06056],[15.74323,45.06011],[15.74325,45.05993],[15.74357,45.05978],[15.74462,45.06006],[15.7451,45.06001],[15.74529,45.05988],[15.74499,45.05948],[15.74508,45.05917],[15.74586,45.05928],[15.74626,45.05911],[15.74648,45.05838],[15.74567,45.05764],[15.74532,45.05712],[15.74558,45.05684],[15.74613,45.05691],[15.74651,45.05718],[15.74754,45.057],[15.74762,45.05656],[15.74704,45.05619],[15.74696,45.05595],[15.74712,45.05581],[15.74767,45.05584],[15.74791,45.05538],[15.74829,45.05527],[15.74982,45.05512],[15.75082,45.05534],[15.75122,45.0553],[15.75206,45.0547],[15.75294,45.05496],[15.75317,45.05475],[15.75323,45.05435],[15.75371,45.05391],[15.75358,45.05356],[15.75325,45.05323],[15.75293,45.05319],[15.7523,45.0538],[15.75205,45.0538],[15.75179,45.05297],[15.75216,45.05263],[15.75291,45.05224],[15.75331,45.05176],[15.7529,45.05131],[15.75285,45.05098],[15.75314,45.05069],[15.75321,45.0504],[15.75269,45.04977],[15.75336,45.04902],[15.75343,45.04818],[15.7529,45.04671],[15.75307,45.04649],[15.75346,45.04644],[15.7538,45.0466],[15.75478,45.04751],[15.75516,45.04749],[15.75535,45.04736],[15.75542,45.04698],[15.75472,45.04658],[15.75521,45.04589],[15.75521,45.0455],[15.75482,45.04457],[15.75619,45.04384],[15.75655,45.04352],[15.75659,45.04327],[15.75629,45.04276],[15.7554,45.04229],[15.75542,45.04215],[15.75627,45.04194],[15.75644,45.04176],[15.75622,45.04117],[15.75585,45.04098],[15.7556,45.04057],[15.75588,45.04031],[15.75675,45.03997],[15.7569,45.03947],[15.75779,45.03966],[15.75822,45.03937],[15.75825,45.03836],[15.75853,45.03783],[15.75851,45.03764],[15.75749,45.03731],[15.75714,45.03694],[15.75771,45.03657],[15.75778,45.03618],[15.75739,45.03601],[15.75669,45.036],[15.75673,45.03571],[15.7579,45.03428],[15.75938,45.0331],[15.76115,45.03254],[15.76145,45.0322],[15.76071,45.03149],[15.76086,45.0306],[15.76115,45.03023],[15.76204,45.02971],[15.76237,45.02914],[15.7629,45.02897],[15.76315,45.02923],[15.7629,45.02962],[15.76325,45.03041],[15.76359,45.03046],[15.76487,45.02962],[15.76496,45.02925],[15.76457,45.0288],[15.76398,45.02873],[15.76318,45.02841],[15.76323,45.02781],[15.76189,45.027],[15.76194,45.02674],[15.76271,45.02645],[15.76353,45.0262],[15.76433,45.02627],[15.76452,45.02604],[15.76446,45.02591],[15.76388,45.02589],[15.7633,45.02527],[15.76345,45.02486],[15.76416,45.02498],[15.76492,45.02542],[15.76547,45.02533],[15.76575,45.02516],[15.76592,45.02485],[15.76574,45.02467],[15.76527,45.02467],[15.76479,45.02436],[15.76448,45.02387],[15.76473,45.02374],[15.76597,45.02424],[15.76619,45.02422],[15.76649,45.02375],[15.76637,45.02344],[15.76577,45.02344],[15.76547,45.02296],[15.76604,45.02274],[15.76663,45.02276],[15.76656,45.02239],[15.76594,45.0221],[15.76593,45.02141],[15.76653,45.02098],[15.76656,45.02076],[15.76614,45.0205],[15.76491,45.02078],[15.7646,45.02052],[15.76477,45.01994],[15.76461,45.01969],[15.765,45.01898],[15.76612,45.01827],[15.76657,45.01821],[15.7671,45.01843],[15.76807,45.01816],[15.76825,45.01795],[15.76816,45.01776],[15.76776,45.01754],[15.7676,45.01761],[15.76759,45.01785],[15.76709,45.01799],[15.76697,45.01733],[15.76727,45.01656],[15.76746,45.01614],[15.76802,45.01576],[15.76781,45.01543],[15.76803,45.0151],[15.76841,45.01501],[15.7688,45.01514],[15.76917,45.01507],[15.76962,45.0147],[15.76961,45.01452],[15.76894,45.01417],[15.76873,45.01382],[15.76912,45.01381],[15.76928,45.01358],[15.77001,45.01322],[15.77032,45.01371],[15.77058,45.01367],[15.77071,45.0135],[15.7706,45.01303],[15.7703,45.01273],[15.77047,45.01255],[15.77034,45.0124],[15.77006,45.01232],[15.7699,45.01248],[15.76963,45.01239],[15.76974,45.01157],[15.77022,45.01138],[15.76995,45.01098],[15.77002,45.01067],[15.77055,45.01013],[15.77108,45.0091],[15.77144,45.00878],[15.77206,45.00857],[15.77231,45.00898],[15.77252,45.00908],[15.77297,45.00893],[15.77294,45.0081],[15.77327,45.00621],[15.77352,45.00606],[15.77388,45.00662],[15.77421,45.00649],[15.77423,45.00609],[15.77456,45.00565],[15.7748,45.00562],[15.77502,45.00568],[15.77503,45.0061],[15.77539,45.00627],[15.77597,45.00626],[15.77596,45.00592],[15.77558,45.00559],[15.77557,45.00541],[15.77587,45.0052],[15.77612,45.00521],[15.77643,45.00542],[15.7768,45.00624],[15.77736,45.0066],[15.77752,45.00688],[15.77855,45.0071],[15.77907,45.00707],[15.77912,45.0068],[15.7786,45.00608],[15.77863,45.00518],[15.77884,45.00494],[15.77972,45.00489],[15.77998,45.00462],[15.77988,45.00436],[15.77999,45.00404],[15.78141,45.00406],[15.78156,45.00397],[15.78144,45.00264],[15.7819,45.00202],[15.78185,45.00184],[15.78151,45.00178],[15.78081,45.00206],[15.78037,45.00199],[15.78004,45.00176],[15.77938,45.00164],[15.77938,45.00135],[15.78003,45.00093],[15.7805,45.00091],[15.78097,45.00058],[15.78189,44.99938],[15.78199,44.99918],[15.78175,44.99824],[15.78198,44.99773],[15.78309,44.99677],[15.78439,44.99633],[15.78502,44.99568],[15.78539,44.9956],[15.78553,44.99535],[15.78585,44.99519],[15.78569,44.99472],[15.78581,44.99414],[15.78538,44.99369],[15.78437,44.99384],[15.7843,44.99318],[15.78397,44.99317],[15.78359,44.9935],[15.78269,44.99364],[15.78243,44.99305],[15.78248,44.99275],[15.78324,44.99244],[15.78334,44.99228],[15.78269,44.99198],[15.78299,44.99166],[15.78307,44.99126],[15.78381,44.99093],[15.78374,44.99058],[15.7833,44.99047],[15.78262,44.99072],[15.78253,44.9902],[15.78309,44.99011],[15.78324,44.98984],[15.78315,44.9895],[15.78341,44.98894],[15.78308,44.98869],[15.78308,44.9884],[15.78346,44.98832],[15.78362,44.98793],[15.78225,44.98718],[15.78219,44.98695],[15.78267,44.9866],[15.78281,44.98614],[15.78254,44.98612],[15.7824,44.98626],[15.78202,44.98621],[15.78146,44.9852],[15.7819,44.98466],[15.78185,44.9844],[15.78105,44.98399],[15.78051,44.98299],[15.78063,44.98275],[15.78108,44.98264],[15.78123,44.98242],[15.78094,44.98222],[15.78082,44.98178],[15.78088,44.98104],[15.78074,44.98096],[15.78069,44.98049],[15.78092,44.9801],[15.78151,44.97975],[15.78296,44.97986],[15.78304,44.97967],[15.78283,44.97932],[15.78232,44.97898],[15.78233,44.97864],[15.78261,44.9784],[15.78235,44.97759],[15.78286,44.97586],[15.78328,44.97562],[15.78358,44.97471],[15.78253,44.97375],[15.78225,44.97317],[15.78243,44.97295],[15.78264,44.97292],[15.78323,44.97328],[15.78352,44.97316],[15.78359,44.97296],[15.7834,44.97224],[15.78299,44.97224],[15.78266,44.97202],[15.7828,44.97119],[15.78269,44.97097],[15.78222,44.97101],[15.782,44.97081],[15.78205,44.97035],[15.78173,44.9702],[15.78143,44.97023],[15.78071,44.97042],[15.78068,44.97063],[15.7804,44.97079],[15.77985,44.97075],[15.77969,44.97042],[15.78046,44.97003],[15.78097,44.96938],[15.78034,44.96913],[15.7795,44.96906],[15.77885,44.96886],[15.77601,44.96908],[15.77516,44.97057],[15.77486,44.97086],[15.77292,44.9714],[15.77264,44.97145],[15.77226,44.97121],[15.772,44.9715],[15.77068,44.97168],[15.77,44.97149],[15.76878,44.97087],[15.76804,44.97102],[15.76551,44.97022],[15.764,44.97043],[15.76264,44.97035],[15.76219,44.97006],[15.76181,44.97002],[15.76045,44.96946],[15.76002,44.96911],[15.75822,44.96914],[15.75688,44.96981],[15.75505,44.9703],[15.75351,44.96977],[15.75171,44.96858],[15.75094,44.96831],[15.75005,44.96829],[15.74867,44.96728],[15.74837,44.96611],[15.74766,44.96446],[15.74791,44.96374],[15.7465,44.9617],[15.74596,44.96142],[15.74557,44.96098],[15.7455,44.96042],[15.74623,44.95813],[15.74578,44.95755],[15.7461,44.95604],[15.74558,44.95479],[15.74633,44.95398],[15.74721,44.95365],[15.74851,44.95291],[15.74913,44.95197],[15.74971,44.95142],[15.74985,44.95049],[15.74843,44.94972],[15.74803,44.94931],[15.74722,44.94756],[15.74728,44.94721],[15.74678,44.94657],[15.74554,44.94598],[15.74445,44.94504],[15.74323,44.94232],[15.74322,44.94173],[15.74221,44.94139],[15.74108,44.94068],[15.74008,44.93971],[15.73833,44.93701],[15.73724,44.93631],[15.73634,44.93593],[15.7367,44.93564],[15.73803,44.93552],[15.7394,44.93513],[15.73997,44.93386],[15.74003,44.93279],[15.74067,44.93209],[15.74299,44.92677],[15.74591,44.91894],[15.74722,44.9171],[15.74797,44.91542],[15.74896,44.91437],[15.75448,44.90343],[15.75689,44.8966],[15.75846,44.89271],[15.76022,44.88737],[15.7599,44.87698],[15.76015,44.87458],[15.76023,44.86964],[15.7788,44.85659],[15.79326,44.84661],[15.79459,44.84542],[15.79452,44.84492],[15.7939,44.84437],[15.79343,44.84367],[15.79346,44.84342],[15.79294,44.8429],[15.78053,44.83956],[15.76176,44.82961],[15.74765,44.82695],[15.72868,44.82549]],[[19.39513,43.55394],[19.39593,43.5536],[19.39664,43.55348],[19.39714,43.55313],[19.39784,43.55315],[19.39822,43.55276],[19.39883,43.55251],[19.39955,43.55184],[19.40007,43.55183],[19.40148,43.55116],[19.40202,43.55043],[19.40301,43.55033],[19.40334,43.54984],[19.40428,43.54952],[19.4056,43.54955],[19.40669,43.54921],[19.40766,43.54881],[19.4083,43.54824],[19.4084,43.54789],[19.41007,43.54749],[19.41071,43.54745],[19.41137,43.547],[19.41124,43.54692],[19.41171,43.54581],[19.41229,43.54297],[19.41301,43.5419],[19.41317,43.54114],[19.41398,43.53985],[19.41566,43.54013],[19.41636,43.54045],[19.4184,43.54065],[19.41882,43.54092],[19.41907,43.54085],[19.42019,43.5413],[19.42046,43.54147],[19.42077,43.54195],[19.42107,43.54169],[19.42142,43.54197],[19.42187,43.54348],[19.42293,43.54416],[19.42345,43.54507],[19.42351,43.54551],[19.42415,43.54587],[19.42441,43.54623],[19.42436,43.54652],[19.42559,43.54825],[19.42586,43.54887],[19.42578,43.54967],[19.42695,43.55038],[19.42771,43.55105],[19.42899,43.55328],[19.42855,43.55455],[19.42859,43.55513],[19.42813,43.55582],[19.42797,43.55657],[19.42644,43.55709],[19.42542,43.55721],[19.42343,43.55903],[19.4238,43.56001],[19.42378,43.56045],[19.42448,43.56133],[19.42453,43.56164],[19.42405,43.56384],[19.42429,43.56552],[19.42463,43.56668],[19.42443,43.56729],[19.42356,43.56837],[19.42274,43.5682],[19.42142,43.56837],[19.42067,43.56826],[19.42,43.56801],[19.41939,43.568],[19.41515,43.56694],[19.41488,43.56656],[19.41362,43.56619],[19.41335,43.56591],[19.41221,43.56547],[19.41237,43.56508],[19.41233,43.56454],[19.41138,43.56352],[19.41056,43.56309],[19.41057,43.56231],[19.40986,43.56173],[19.41009,43.56095],[19.40957,43.55967],[19.40964,43.55939],[19.40919,43.55887],[19.40928,43.55822],[19.40907,43.55767],[19.40841,43.55709],[19.40795,43.55641],[19.40825,43.55614],[19.40801,43.55516],[19.40731,43.55506],[19.40667,43.55479],[19.40582,43.5548],[19.40431,43.55461],[19.40245,43.55395],[19.40173,43.55406],[19.40115,43.55437],[19.40088,43.55428],[19.39996,43.55444],[19.39886,43.55437],[19.39827,43.55451],[19.39813,43.55429],[19.39758,43.55401],[19.39659,43.55419],[19.39513,43.55394]]]}}]}