{"type": "FeatureCollection", "features": [{"type": "Feature", "properties": {"name": "Grad Derventa, Република Српска / Republika Srpska, Bosna i Hercegovina / Босна и Херцеговина", "source": "OpenStreetMap relation 2528182", "licence": "ODbL 1.0"}, "geometry": {"type": "Polygon", "coordinates": [[[17.7529507, 45.0203145], [17.7532965, 45.0203363], [17.7537895, 45.0202188], [17.7540171, 45.0200863], [17.754479, 45.0199586], [17.7561458, 45.0200485], [17.7566881, 45.0201211], [17.756991, 45.0202148], [17.757275, 45.0203218], [17.757559, 45.0204556], [17.7577862, 45.0206162], [17.7580134, 45.0207902], [17.7582785, 45.0209374], [17.7584868, 45.0211114], [17.7587897, 45.0212051], [17.7591115, 45.021272], [17.7594145, 45.0213523], [17.7597553, 45.0214594], [17.7600582, 45.0215664], [17.7603611, 45.0217002], [17.7606451, 45.0218073], [17.760967, 45.0217939], [17.7613078, 45.0218073], [17.7616107, 45.021901], [17.7618379, 45.0220482], [17.7620462, 45.0222355], [17.7621976, 45.0224229], [17.762387, 45.0226102], [17.7626331, 45.0227575], [17.7629171, 45.0228779], [17.76322, 45.0229448], [17.7635608, 45.022985], [17.7638827, 45.0230251], [17.7641477, 45.0231589], [17.7644696, 45.023266], [17.7648104, 45.0232927], [17.7651322, 45.0233597], [17.7654352, 45.0234667], [17.765757, 45.0235069], [17.7660978, 45.0234667], [17.7664008, 45.023373], [17.7667605, 45.0233061], [17.7671013, 45.0233195], [17.7674231, 45.0233864], [17.7677639, 45.0234266], [17.7680858, 45.0234667], [17.7684266, 45.0234801], [17.7687106, 45.0235872], [17.7689567, 45.0237477], [17.7692028, 45.0239083], [17.7694868, 45.0240154], [17.7698087, 45.0240823], [17.7701306, 45.0241091], [17.7704903, 45.0241224], [17.7707932, 45.0241893], [17.7710583, 45.0243232], [17.7712855, 45.024564], [17.7715505, 45.0246979], [17.7718345, 45.0248049], [17.7721185, 45.0248986], [17.7724593, 45.0249254], [17.7727812, 45.0249254], [17.773103, 45.0249655], [17.773406, 45.025019], [17.7737468, 45.0250324], [17.7740686, 45.0249789], [17.7743526, 45.0248451], [17.7746555, 45.024738], [17.7749395, 45.0246443], [17.7752614, 45.0245774], [17.7756022, 45.024564], [17.7766435, 45.024564], [17.7769843, 45.0246042], [17.7775523, 45.0248183], [17.7778742, 45.0248451], [17.778196, 45.0248718], [17.7785179, 45.0249655], [17.7788397, 45.025019], [17.7791616, 45.025019], [17.7795024, 45.0249521], [17.7798053, 45.0248718], [17.780165, 45.0248317], [17.780468, 45.0249254], [17.7808088, 45.0249521], [17.7811117, 45.0248718], [17.781301, 45.0246845], [17.7814525, 45.0244704], [17.7815661, 45.0242429], [17.7817365, 45.0240154], [17.7818501, 45.0237879], [17.7819258, 45.023547], [17.7819069, 45.0233061], [17.7818312, 45.023092], [17.7817365, 45.0228645], [17.7816986, 45.0226236], [17.7816797, 45.0223961], [17.7815472, 45.021901], [17.7813957, 45.0217136], [17.7811874, 45.0215396], [17.7809981, 45.0213657], [17.7808656, 45.0211649], [17.7807898, 45.0209374], [17.7806573, 45.0206965], [17.780468, 45.0205092], [17.7802029, 45.0203084], [17.7799568, 45.0201746], [17.7794077, 45.0198133], [17.7790859, 45.0196393], [17.7788965, 45.0194519], [17.7787829, 45.0192378], [17.7786315, 45.019037], [17.7784043, 45.0188497], [17.7781771, 45.0186757], [17.7779688, 45.0185017], [17.7778742, 45.0182742], [17.7777606, 45.0180601], [17.7775523, 45.0178727], [17.7772872, 45.0177522], [17.777079, 45.0175916], [17.7768707, 45.0174177], [17.7766814, 45.0172303], [17.7764542, 45.0170429], [17.7762838, 45.0168555], [17.7761134, 45.0166682], [17.7759241, 45.0164406], [17.7758862, 45.0161863], [17.7758483, 45.0159588], [17.7755974, 45.0156999], [17.7756352, 45.0152449], [17.775976, 45.0148434], [17.7760518, 45.0143615], [17.7764304, 45.01396], [17.7768091, 45.0135317], [17.7769227, 45.0130498], [17.7769227, 45.0116578], [17.777112, 45.0112295], [17.7773013, 45.0107744], [17.7772256, 45.0103193], [17.7769984, 45.009891], [17.7768469, 45.0094359], [17.7768469, 45.0085257], [17.7768848, 45.0080706], [17.7768848, 45.0076154], [17.7768469, 45.0071335], [17.7768091, 45.0066784], [17.7768091, 45.0061965], [17.7767712, 45.0057414], [17.7766198, 45.0050721], [17.7763547, 45.0046705], [17.7758624, 45.0044027], [17.7753702, 45.0041082], [17.7749915, 45.0037602], [17.7748022, 45.0033318], [17.7744993, 45.0029302], [17.7739691, 45.0026357], [17.7734011, 45.0024215], [17.7729846, 45.0021002], [17.7727196, 45.0016718], [17.772303, 45.0013505], [17.7718486, 45.0010292], [17.7716593, 45.0005473], [17.7716214, 45.0000653], [17.7713564, 44.9995833], [17.7707505, 44.9992085], [17.7704476, 44.9988069], [17.7702961, 44.9983249], [17.7700689, 44.9979232], [17.7699932, 44.997468], [17.7701825, 44.9970128], [17.7704476, 44.9966112], [17.7704097, 44.996156], [17.7704476, 44.9956472], [17.7706748, 44.995192], [17.770902, 44.9946832], [17.7709398, 44.9942012], [17.7708263, 44.9937192], [17.7705612, 44.9933175], [17.7701447, 44.9929962], [17.7699932, 44.992541], [17.7699932, 44.9920857], [17.7701116, 44.9915295], [17.7706607, 44.9910877], [17.7707885, 44.9908868], [17.7709825, 44.9900767], [17.7708027, 44.9896482], [17.7708547, 44.9893336], [17.7708642, 44.98927], [17.7709541, 44.9890992], [17.7725492, 44.9886406], [17.7728474, 44.9885871], [17.7733208, 44.9885737], [17.7735101, 44.9885737], [17.7741443, 44.9886239], [17.7760329, 44.988423], [17.7760755, 44.9883695], [17.7760613, 44.9883126], [17.7760376, 44.9882557], [17.7759998, 44.9882054], [17.7759524, 44.9881519], [17.7758389, 44.9880514], [17.775801, 44.9880012], [17.7757631, 44.9879477], [17.7756779, 44.9878439], [17.7756306, 44.9877937], [17.775588, 44.9877401], [17.7755691, 44.9876799], [17.7755454, 44.9874957], [17.7755359, 44.9874221], [17.7755312, 44.9873384], [17.7755217, 44.9872581], [17.7755075, 44.9870572], [17.7754886, 44.9870003], [17.7754649, 44.9869467], [17.7754507, 44.9868831], [17.7754413, 44.9868229], [17.7754271, 44.9867492], [17.7754507, 44.9865417], [17.7754507, 44.9863441], [17.7754271, 44.9862906], [17.775375, 44.9862471], [17.7752993, 44.9862236], [17.7752188, 44.9862136], [17.7751478, 44.9861901], [17.7750815, 44.98616], [17.77502, 44.9861165], [17.7749348, 44.9860094], [17.7749064, 44.9859525], [17.7748922, 44.9858955], [17.7748827, 44.9858386], [17.7748733, 44.9857616], [17.7748733, 44.9857014], [17.774878, 44.9856445], [17.7748922, 44.9855809], [17.7749301, 44.9855239], [17.7749963, 44.9854871], [17.7750484, 44.9854436], [17.7750768, 44.9853566], [17.7751005, 44.9852996], [17.7751667, 44.9852561], [17.775233, 44.9852896], [17.7753087, 44.9853097], [17.7753939, 44.985303], [17.7754886, 44.9852327], [17.7754839, 44.9851624], [17.7754507, 44.9851055], [17.7754081, 44.9850553], [17.7753561, 44.9850117], [17.775304, 44.9849716], [17.7751951, 44.9849615], [17.7751431, 44.9849213], [17.7751289, 44.9848644], [17.7751762, 44.9848109], [17.7753277, 44.9847439], [17.7753419, 44.984687], [17.7753229, 44.9846301], [17.7752803, 44.9845832], [17.7752235, 44.984543], [17.7751715, 44.9845029], [17.7751383, 44.9844493], [17.7751241, 44.9843924], [17.7751005, 44.9843321], [17.7750626, 44.9842685], [17.7749585, 44.9841748], [17.7748827, 44.9840743], [17.7748354, 44.9840275], [17.7747881, 44.9839773], [17.7747549, 44.983927], [17.7747265, 44.9838668], [17.7747455, 44.9836893], [17.7747597, 44.9836291], [17.7747975, 44.9835722], [17.7748638, 44.983532], [17.7749443, 44.9835153], [17.7750011, 44.9834751], [17.7750105, 44.9834115], [17.7749727, 44.9833512], [17.7749064, 44.9833211], [17.7748496, 44.9832809], [17.774807, 44.9832307], [17.7747644, 44.9831805], [17.7747549, 44.9831202], [17.7747881, 44.9830633], [17.774807, 44.983003], [17.7748969, 44.9827921], [17.7748969, 44.9827352], [17.7749111, 44.9826749], [17.7749443, 44.982618], [17.77502, 44.9825912], [17.7751099, 44.9825879], [17.7751951, 44.9825745], [17.7752567, 44.9825377], [17.7753135, 44.9824908], [17.7753087, 44.9824305], [17.7752567, 44.9823837], [17.7752567, 44.9823267], [17.7753277, 44.9823], [17.7753845, 44.9823535], [17.7754649, 44.9823669], [17.7755359, 44.9823435], [17.7756022, 44.9823067], [17.7756117, 44.9822464], [17.775588, 44.9821794], [17.7755312, 44.9821326], [17.7754649, 44.9820924], [17.7754129, 44.9820489], [17.7753939, 44.9819719], [17.7753608, 44.9818748], [17.7753845, 44.9818145], [17.7753939, 44.9817509], [17.7753939, 44.981694], [17.7753703, 44.9816337], [17.7753608, 44.9815768], [17.7754176, 44.9815366], [17.7755075, 44.9815199], [17.7755407, 44.9814663], [17.7755075, 44.9814094], [17.7754318, 44.9813759], [17.7753513, 44.9813759], [17.7753087, 44.9813224], [17.7753124, 44.9812821], [17.7753287, 44.9812408], [17.7752646, 44.9811787], [17.7752131, 44.9811273], [17.7751697, 44.9810901], [17.7751126, 44.9810298], [17.7750431, 44.9809919], [17.7749721, 44.9809542], [17.7749111, 44.9809239], [17.7748212, 44.9809239], [17.7747407, 44.9809139], [17.7746745, 44.9808804], [17.7746413, 44.9808235], [17.7746271, 44.9807632], [17.7746082, 44.9807097], [17.7745419, 44.9806695], [17.7744615, 44.9806661], [17.774381, 44.9806661], [17.7742627, 44.9806628], [17.7742011, 44.9806092], [17.7742011, 44.9805523], [17.7741396, 44.9805222], [17.7740733, 44.9804987], [17.7740307, 44.9804485], [17.7740213, 44.9803916], [17.7740307, 44.9803313], [17.7740449, 44.9802711], [17.7740449, 44.9802108], [17.7740307, 44.9801505], [17.7739976, 44.9801003], [17.7739456, 44.9800401], [17.7739266, 44.9799831], [17.7739503, 44.9799296], [17.7740449, 44.9799095], [17.7741301, 44.9799229], [17.7742059, 44.9798994], [17.7742011, 44.9798425], [17.7741727, 44.9797889], [17.7741254, 44.9797454], [17.7740733, 44.9797052], [17.7740213, 44.9796651], [17.773974, 44.9796215], [17.7739503, 44.979568], [17.7739598, 44.9795111], [17.7740165, 44.9794709], [17.7740828, 44.979434], [17.7741065, 44.9793771], [17.7740875, 44.9793202], [17.7740591, 44.97927], [17.7740023, 44.9792265], [17.7739787, 44.9791695], [17.7739882, 44.9791093], [17.7740071, 44.979049], [17.7740355, 44.9789854], [17.7740639, 44.9789251], [17.7740875, 44.9788682], [17.7741301, 44.978818], [17.7742153, 44.9787946], [17.7743005, 44.9788046], [17.7743384, 44.9788515], [17.7743621, 44.978905], [17.7743668, 44.978962], [17.7743952, 44.9790155], [17.7744378, 44.9790624], [17.7745325, 44.9790858], [17.7746224, 44.9790758], [17.7747123, 44.979049], [17.7747881, 44.9790122], [17.7748354, 44.9789586], [17.7748827, 44.9788917], [17.7749111, 44.9788381], [17.7749206, 44.9787778], [17.7749206, 44.9787209], [17.7748922, 44.978664], [17.7748591, 44.9786138], [17.7748212, 44.9785468], [17.7747502, 44.9784396], [17.7747407, 44.978376], [17.7747549, 44.9783124], [17.7747833, 44.9782555], [17.7748259, 44.9782019], [17.7749017, 44.9781718], [17.7749869, 44.9781584], [17.7752614, 44.9781584], [17.7753466, 44.9781651], [17.7755123, 44.9781751], [17.7755927, 44.9781584], [17.7756637, 44.978135], [17.7757253, 44.9780881], [17.7757631, 44.9780345], [17.775801, 44.9779776], [17.7758483, 44.977914], [17.7759051, 44.9778705], [17.7759903, 44.977837], [17.7760708, 44.9778135], [17.7761039, 44.9777566], [17.7761844, 44.9776528], [17.7762317, 44.9776059], [17.7763169, 44.9775557], [17.7763832, 44.9775189], [17.7764494, 44.9774653], [17.7764636, 44.9774084], [17.7764589, 44.9773515], [17.7764404, 44.9772886], [17.7764364, 44.9772156], [17.7764352, 44.9771405], [17.7765015, 44.9771004], [17.7765914, 44.9771104], [17.776653, 44.9771539], [17.7767287, 44.9772544], [17.7767666, 44.977308], [17.7768186, 44.9773515], [17.7768991, 44.9773816], [17.7769843, 44.9773783], [17.7770648, 44.9773582], [17.777131, 44.977318], [17.7771452, 44.9772577], [17.7771452, 44.9771941], [17.777131, 44.9771338], [17.7771121, 44.9770769], [17.7770932, 44.9770167], [17.7770222, 44.9768693], [17.7769559, 44.9767622], [17.7769086, 44.976712], [17.776847, 44.9766751], [17.776776, 44.9766517], [17.7766956, 44.9766517], [17.7766151, 44.9766617], [17.776511, 44.9766818], [17.7764352, 44.9767053], [17.776369, 44.9767354], [17.7763027, 44.9767689], [17.7762317, 44.9767957], [17.776156, 44.9768024], [17.7760755, 44.9767957], [17.7759998, 44.9767689], [17.7759477, 44.9767187], [17.7759382, 44.9766617], [17.775943, 44.9766048], [17.7759761, 44.9765512], [17.7760518, 44.9765278], [17.7761512, 44.9765144], [17.7762317, 44.9765077], [17.7765157, 44.9765077], [17.7766104, 44.976491], [17.7766482, 44.9764408], [17.7767003, 44.9763269], [17.7767382, 44.97627], [17.7767902, 44.976203], [17.776847, 44.9761562], [17.7769228, 44.976126], [17.7769938, 44.9761026], [17.7770932, 44.9760825], [17.7771784, 44.9760724], [17.7772494, 44.976039], [17.7772683, 44.9759787], [17.7772636, 44.9759218], [17.7772399, 44.9758682], [17.777202, 44.9758213], [17.7771452, 44.9757778], [17.7770742, 44.975751], [17.7769985, 44.9757343], [17.7769228, 44.9757276], [17.7767571, 44.9757276], [17.7766719, 44.9757108], [17.7766198, 44.9756706], [17.7766246, 44.9756137], [17.7766766, 44.9755668], [17.7767429, 44.97553], [17.7768234, 44.9755099], [17.7769038, 44.9754965], [17.7769843, 44.9754865], [17.777079, 44.9754798], [17.7772399, 44.9754697], [17.7773204, 44.9754497], [17.7773819, 44.9754128], [17.7774198, 44.9753559], [17.7774434, 44.9751717], [17.7774624, 44.9751148], [17.7774908, 44.9750545], [17.7775476, 44.975011], [17.7776044, 44.9749708], [17.7776848, 44.974934], [17.77777, 44.9749005], [17.7778458, 44.9748804], [17.7779309, 44.9748637], [17.7780114, 44.9748603], [17.7780966, 44.9748603], [17.7781913, 44.974867], [17.7782812, 44.9748838], [17.7783664, 44.9749173], [17.7784421, 44.9749641], [17.7785131, 44.9750579], [17.7785463, 44.9751115], [17.7785983, 44.9751617], [17.7786741, 44.9751918], [17.7787545, 44.9751918], [17.7788539, 44.9751784], [17.7789202, 44.9751416], [17.7789533, 44.975088], [17.778977, 44.9750345], [17.7790338, 44.9749641], [17.7791285, 44.9749273], [17.7792752, 44.9749106], [17.7794456, 44.9749106], [17.7795308, 44.9749173], [17.779616, 44.9749273], [17.7796917, 44.9749441], [17.7798384, 44.9749943], [17.7799189, 44.9750244], [17.7799899, 44.9750512], [17.7800704, 44.9750746], [17.780236, 44.9750914], [17.7803165, 44.9750981], [17.7805721, 44.9750981], [17.7806715, 44.9750947], [17.780752, 44.9750847], [17.7808372, 44.9750646], [17.7809792, 44.9750378], [17.7810928, 44.9750278], [17.781178, 44.9750345], [17.7812632, 44.9750512], [17.7813768, 44.9750847], [17.7814525, 44.9751115], [17.7815188, 44.9751383], [17.7816229, 44.975165], [17.7818406, 44.9752287], [17.7819211, 44.9752488], [17.782082, 44.9752956], [17.7821577, 44.9753191], [17.782224, 44.9753526], [17.7822855, 44.9753927], [17.7823092, 44.9754463], [17.7822855, 44.9754965], [17.7822287, 44.9755334], [17.7821672, 44.9755601], [17.7821151, 44.9756037], [17.7820347, 44.9756639], [17.7819826, 44.9757108], [17.7819779, 44.9757677], [17.7823218, 44.9763006], [17.7825668, 44.9764963], [17.7828508, 44.9766302], [17.7831537, 44.9767374], [17.7835134, 44.9768043], [17.7838542, 44.9767642], [17.7845169, 44.9767642], [17.7848955, 44.9767374], [17.7852174, 44.9766704], [17.7854446, 44.9764695], [17.785615, 44.9762552], [17.7859368, 44.97584], [17.7860504, 44.9755855], [17.7860315, 44.9753579], [17.78588, 44.9751436], [17.7856528, 44.9749695], [17.7854824, 44.9747685], [17.7852931, 44.9745944], [17.7851985, 44.9743801], [17.7851227, 44.9741658], [17.785047, 44.9738176], [17.785154, 44.9738003], [17.7851227, 44.9735765], [17.7852742, 44.9733488], [17.7853688, 44.9731077], [17.7854256, 44.9728264], [17.7854635, 44.9725988], [17.7855771, 44.9723711], [17.7859179, 44.9721701], [17.7862966, 44.9721032], [17.7866942, 44.9720496], [17.7870539, 44.9719692], [17.7873189, 44.9718487], [17.787584, 44.9717013], [17.7877733, 44.9715004], [17.7878112, 44.9713799], [17.7878301, 44.9711254], [17.7877355, 44.9708709], [17.7875272, 44.97067], [17.7873189, 44.9704825], [17.7870918, 44.9703083], [17.7868646, 44.9701208], [17.7866563, 44.9698931], [17.7865427, 44.9696922], [17.786448, 44.9694779], [17.7864291, 44.9692501], [17.7864291, 44.9687679], [17.7863912, 44.9685268], [17.7862587, 44.9683125], [17.7861451, 44.9680848], [17.7860583, 44.9679104], [17.7860548, 44.9673417], [17.7860984, 44.9670455], [17.7861262, 44.9667988], [17.7862776, 44.9665711], [17.786467, 44.9663702], [17.786751, 44.9662094], [17.787016, 44.9660219], [17.7872243, 44.9658344], [17.7873189, 44.96562], [17.7873379, 44.9653789], [17.7872432, 44.9651378], [17.7870728, 44.9649502], [17.7869024, 44.9647627], [17.7866942, 44.9645885], [17.786467, 44.9643608], [17.7862966, 44.9641599], [17.7861451, 44.9639589], [17.7861072, 44.9637044], [17.7861072, 44.9634633], [17.786164, 44.9632355], [17.7863155, 44.9630212], [17.7864859, 44.9627801], [17.7865995, 44.9625121], [17.7866563, 44.9622844], [17.7866563, 44.9620567], [17.7865806, 44.9618289], [17.7864859, 44.9616012], [17.7861451, 44.9613198], [17.7858422, 44.9612529], [17.7855582, 44.9611859], [17.7852363, 44.9611189], [17.7849523, 44.9609983], [17.7847441, 44.9607974], [17.7846683, 44.9605696], [17.7846494, 44.9603017], [17.7847251, 44.9600739], [17.7850281, 44.9599534], [17.7853878, 44.9598998], [17.7857664, 44.9598864], [17.7861072, 44.9598194], [17.7864102, 44.9597256], [17.7866563, 44.9595381], [17.7867888, 44.9593103], [17.7868646, 44.9590692], [17.7869592, 44.9588414], [17.7871107, 44.9583591], [17.7872053, 44.9580912], [17.7873568, 44.9578902], [17.7876029, 44.9576892], [17.7878869, 44.9575553], [17.7882088, 44.9574749], [17.7885307, 44.9574749], [17.7889093, 44.9575017], [17.7892122, 44.9576088], [17.7894773, 44.9577428], [17.7897424, 44.9578634], [17.7900264, 44.9579572], [17.790405, 44.9580912], [17.790689, 44.9581715], [17.7910298, 44.9581983], [17.7913706, 44.9581983], [17.7917114, 44.9581581], [17.7920901, 44.957984], [17.7923173, 44.9578098], [17.7924498, 44.957582], [17.7924498, 44.9573543], [17.7923551, 44.9571399], [17.7921847, 44.956939], [17.7919765, 44.956738], [17.7917871, 44.956537], [17.7916357, 44.9563361], [17.791541, 44.9560681], [17.7915599, 44.9558269], [17.7916357, 44.9555992], [17.7917682, 44.9553848], [17.7919765, 44.9551704], [17.7922226, 44.9549963], [17.7924498, 44.9547819], [17.7926013, 44.9545407], [17.7927149, 44.9542995], [17.7927338, 44.954045], [17.792677, 44.9538172], [17.7925066, 44.9536162], [17.7922794, 44.9534554], [17.7920333, 44.9533081], [17.791825, 44.9531205], [17.7916167, 44.9529329], [17.7914653, 44.9527185], [17.7915599, 44.9524907], [17.7920522, 44.9521424], [17.7922037, 44.9519414], [17.7922983, 44.9516734], [17.7923173, 44.9514456], [17.7922794, 44.9512179], [17.792109, 44.9510303], [17.7918061, 44.9508963], [17.7915031, 44.9508963], [17.7911434, 44.9509231], [17.7908216, 44.9509901], [17.7905565, 44.9510705], [17.790424, 44.951258], [17.7903293, 44.951459], [17.79014, 44.9516332], [17.7899128, 44.9517806], [17.7896098, 44.9519012], [17.789288, 44.9519682], [17.7889661, 44.9519816], [17.7886821, 44.9518878], [17.7882088, 44.9517002], [17.7880005, 44.9515126], [17.7877733, 44.951325], [17.7875083, 44.9512045], [17.7869592, 44.9510169], [17.7867131, 44.9508561], [17.7865616, 44.9506551], [17.786467, 44.9504273], [17.7863723, 44.9502129], [17.7862587, 44.9500119], [17.7861262, 44.9497975], [17.7859747, 44.9495831], [17.7856907, 44.9494759], [17.7853688, 44.9494893], [17.7851038, 44.9496099], [17.7849713, 44.9497975], [17.7848387, 44.9499851], [17.7846494, 44.9501727], [17.7843843, 44.9503469], [17.7841003, 44.9504675], [17.7838353, 44.9505613], [17.7835513, 44.9506149], [17.7832294, 44.9506149], [17.7828886, 44.9506015], [17.7825857, 44.9505881], [17.7822828, 44.9505479], [17.7819798, 44.9504943], [17.781658, 44.9504273], [17.7813924, 44.9503601], [17.7810762, 44.9502736], [17.7808516, 44.9501489], [17.7805572, 44.9499556], [17.7802921, 44.9497586], [17.780073, 44.9495866], [17.7798564, 44.9494431], [17.7796155, 44.9493108], [17.779407, 44.9492089], [17.7789904, 44.9489887], [17.7786958, 44.9488033], [17.7783636, 44.9485782], [17.7781364, 44.9484174], [17.777985, 44.9482164], [17.7778524, 44.9479752], [17.7778146, 44.947734], [17.7778335, 44.9475062], [17.777985, 44.9472918], [17.77825, 44.9471578], [17.778553, 44.9470372], [17.7788559, 44.9468898], [17.779121, 44.946729], [17.7793671, 44.9465146], [17.7795185, 44.9463002], [17.7796132, 44.946059], [17.7796321, 44.9458312], [17.779664, 44.9455481], [17.7794669, 44.945305], [17.7792236, 44.9451157], [17.779045, 44.9449147], [17.7789316, 44.9447591], [17.7789695, 44.9445313], [17.7790831, 44.9443035], [17.7791967, 44.9440489], [17.7791967, 44.9438211], [17.7790642, 44.9436067], [17.7787612, 44.9434861], [17.7784583, 44.9434593], [17.7781364, 44.9434593], [17.7778524, 44.9435531], [17.7776252, 44.9437005], [17.777417, 44.9438613], [17.7771519, 44.9439417], [17.7765271, 44.9439417], [17.7761863, 44.9439015], [17.7758834, 44.9438211], [17.7755994, 44.9437005], [17.7753533, 44.9435263], [17.775145, 44.9433521], [17.7749557, 44.9431779], [17.7748042, 44.94295], [17.7740658, 44.942146], [17.7738008, 44.9420254], [17.7735168, 44.9419584], [17.7732139, 44.9418914], [17.7729109, 44.9417841], [17.7727027, 44.9416233], [17.7725323, 44.9414357], [17.7723429, 44.9412615], [17.7722672, 44.9410203], [17.772324, 44.9407924], [17.7725323, 44.9406048], [17.7728541, 44.9404842], [17.773176, 44.9404172], [17.7734789, 44.9403368], [17.7737818, 44.940243], [17.7740469, 44.9400822], [17.7742362, 44.9398677], [17.7743688, 44.9396533], [17.7744824, 44.9394389], [17.7746528, 44.9392379], [17.7747664, 44.93901], [17.7748042, 44.9384337], [17.7747664, 44.9382059], [17.7746717, 44.9379915], [17.7745392, 44.937777], [17.7743498, 44.9375894], [17.7741605, 44.9374018], [17.7739333, 44.9372409], [17.7736493, 44.9370533], [17.7733843, 44.9369327], [17.7731003, 44.9367987], [17.7728163, 44.9366914], [17.7725323, 44.936544], [17.7722861, 44.93641], [17.7720589, 44.9362626], [17.7718317, 44.9360883], [17.7716235, 44.9359007], [17.7714531, 44.9356997], [17.7713395, 44.9354852], [17.7712259, 44.9352574], [17.7711312, 44.9350295], [17.7709798, 44.9348151], [17.7708472, 44.9344532], [17.770923, 44.9342119], [17.7710366, 44.9339707], [17.771188, 44.9337562], [17.7713395, 44.9335418], [17.7715856, 44.9333407], [17.7718317, 44.9331665], [17.7720968, 44.9329922], [17.7723619, 44.9328448], [17.7727027, 44.9327242], [17.7730435, 44.9326572], [17.7733653, 44.9326572], [17.7737061, 44.932684], [17.774028, 44.9327376], [17.7743688, 44.9327644], [17.7747096, 44.932751], [17.7750314, 44.9326974], [17.7753533, 44.932617], [17.7756751, 44.9325231], [17.7759781, 44.9324159], [17.776281, 44.9322685], [17.7764893, 44.9320808], [17.7767354, 44.9319066], [17.7769058, 44.9316921], [17.7770573, 44.9314777], [17.777133, 44.9312498], [17.777133, 44.9307539], [17.7768869, 44.9302981], [17.7767354, 44.9300569], [17.7766029, 44.9298424], [17.7764893, 44.9296145], [17.7764703, 44.9293598], [17.7764893, 44.9291052], [17.7766218, 44.9289041], [17.7768111, 44.9286896], [17.7769815, 44.9284752], [17.7770951, 44.9282473], [17.7771898, 44.9280194], [17.7771898, 44.9277781], [17.7771519, 44.9275368], [17.777133, 44.9272956], [17.7770762, 44.9270677], [17.7770573, 44.9267326], [17.7770762, 44.9264913], [17.7771141, 44.9262232], [17.7772087, 44.9259953], [17.7774738, 44.9252044], [17.7776631, 44.9249631], [17.7778146, 44.9247352], [17.777966, 44.9245207], [17.7780796, 44.9242928], [17.7781743, 44.9240515], [17.7782122, 44.9237968], [17.7782122, 44.923569], [17.7781932, 44.9233411], [17.7781175, 44.9231132], [17.7780039, 44.9228987], [17.7778524, 44.9226976], [17.7775874, 44.9225367], [17.7772845, 44.9224697], [17.7769815, 44.9224697], [17.7766786, 44.9224831], [17.7763757, 44.9224697], [17.7760917, 44.9223893], [17.7758455, 44.9222418], [17.7757319, 44.9220407], [17.7756183, 44.9217994], [17.7756373, 44.9215447], [17.7756941, 44.9213034], [17.7757698, 44.9205124], [17.7758266, 44.9202845], [17.7759591, 44.9200834], [17.776281, 44.9200164], [17.7766029, 44.9200566], [17.7768869, 44.9201504], [17.7771709, 44.9202711], [17.7774359, 44.9204186], [17.7777388, 44.9205124], [17.7780796, 44.9205929], [17.7784015, 44.9206599], [17.7787234, 44.9207135], [17.779102, 44.9207537], [17.7794239, 44.9207805], [17.7797457, 44.9207805], [17.7800297, 44.9206867], [17.7803137, 44.920566], [17.780522, 44.9203784], [17.7806356, 44.9201504], [17.7806545, 44.9199091], [17.7806545, 44.9196678], [17.7806167, 44.9193997], [17.7806167, 44.9186623], [17.7805332, 44.9184363], [17.7803895, 44.9182333], [17.7802191, 44.9180322], [17.7801244, 44.9178043], [17.7800108, 44.9175764], [17.7798025, 44.9173619], [17.7793671, 44.9170535], [17.7790452, 44.9169597], [17.7787802, 44.9168658], [17.7784962, 44.9167317], [17.7782311, 44.9165977], [17.7779282, 44.9164368], [17.777682, 44.9163161], [17.7773981, 44.9162089], [17.777133, 44.916115], [17.776849, 44.9160346], [17.7765461, 44.9159541], [17.7762242, 44.9159005], [17.7759023, 44.9157932], [17.7756373, 44.9156458], [17.775429, 44.9154715], [17.7752397, 44.9152838], [17.7750693, 44.9151229], [17.7749178, 44.9149218], [17.7747664, 44.9146804], [17.7747096, 44.9144525], [17.7747285, 44.9142112], [17.7748421, 44.9139966], [17.7751261, 44.9138625], [17.7754669, 44.9138491], [17.7758077, 44.913876], [17.7760917, 44.9139698], [17.7763567, 44.9140905], [17.7766407, 44.9141977], [17.7769626, 44.9142514], [17.7773034, 44.9142112], [17.7777578, 44.914238], [17.7780986, 44.9142648], [17.7783826, 44.9141575], [17.7786476, 44.9140234], [17.7789316, 44.9138223], [17.7792346, 44.9136212], [17.7794428, 44.9134335], [17.7796321, 44.9132458], [17.7798215, 44.9130581], [17.7800297, 44.9128838], [17.7804841, 44.9124815], [17.7807113, 44.9122938], [17.7809196, 44.9120659], [17.7811089, 44.9118648], [17.7812415, 44.9116502], [17.781355, 44.9114357], [17.7814497, 44.9112078], [17.7815822, 44.9109798], [17.7817337, 44.9107519], [17.7819041, 44.9105105], [17.7820745, 44.9102826], [17.7822638, 44.9100144], [17.7823774, 44.9097999], [17.7824721, 44.9095317], [17.7828508, 44.9088344], [17.7828508, 44.9085796], [17.7828318, 44.9083517], [17.782775, 44.9080969], [17.7826614, 44.9078824], [17.7825289, 44.9076544], [17.7824153, 44.9074533], [17.7821502, 44.9070242], [17.7820177, 44.9068096], [17.7818852, 44.9065817], [17.7817526, 44.9063537], [17.7816201, 44.9061257], [17.7812793, 44.9054821], [17.7811468, 44.9052675], [17.7808439, 44.9049189], [17.7806167, 44.9047311], [17.7803705, 44.9045568], [17.7801623, 44.9043691], [17.7799919, 44.9041679], [17.7798783, 44.9039534], [17.7799161, 44.9037254], [17.7801244, 44.9035376], [17.7804841, 44.9034572], [17.7808249, 44.9034169], [17.7815254, 44.9034169], [17.7818852, 44.9034706], [17.7821692, 44.9035779], [17.7824721, 44.9036986], [17.7827372, 44.9038193], [17.7830212, 44.9039399], [17.7833241, 44.9040338], [17.7836649, 44.9040606], [17.7840057, 44.9040204], [17.7843465, 44.9039668], [17.7846683, 44.9038863], [17.7849902, 44.9037924], [17.785312, 44.9036717], [17.785596, 44.9035511], [17.7858422, 44.9033767], [17.7860694, 44.9032024], [17.7862776, 44.9030146], [17.786467, 44.9028135], [17.7865995, 44.9025989], [17.7866077, 44.9025362], [17.7866752, 44.9023441], [17.7866942, 44.9021027], [17.7866563, 44.9018613], [17.7865995, 44.9016334], [17.7862966, 44.901231], [17.7861262, 44.9010299], [17.7859936, 44.9008153], [17.7859179, 44.9005739], [17.785899, 44.9003459], [17.785899, 44.9000911], [17.7859179, 44.8998631], [17.7859558, 44.8996351], [17.7860883, 44.8994206], [17.7862966, 44.8992194], [17.7865238, 44.8990585], [17.7868078, 44.8988975], [17.7872053, 44.8987098], [17.7874704, 44.8985891], [17.7877544, 44.8984415], [17.7880384, 44.8983208], [17.7883603, 44.8981733], [17.7886443, 44.8980526], [17.7889283, 44.8979185], [17.7891744, 44.8977576], [17.7894205, 44.89761], [17.7896477, 44.8974223], [17.7898938, 44.8972211], [17.79014, 44.8970467], [17.7903861, 44.8968724], [17.7906322, 44.8967115], [17.7908408, 44.8965163], [17.7912949, 44.8959604], [17.7915221, 44.895719], [17.7917682, 44.895558], [17.7920711, 44.8954105], [17.7923173, 44.895263], [17.7925255, 44.8950752], [17.7927338, 44.894874], [17.792961, 44.8946997], [17.793245, 44.8945655], [17.7935479, 44.8944582], [17.7938698, 44.8943643], [17.7942106, 44.8942302], [17.7944946, 44.8940827], [17.794665, 44.8938815], [17.794665, 44.8936535], [17.7946082, 44.8934121], [17.7944567, 44.8932243], [17.7942295, 44.8930365], [17.7939266, 44.8929292], [17.7936236, 44.8928621], [17.7933775, 44.8927012], [17.7930746, 44.8925671], [17.7925823, 44.8922988], [17.7922983, 44.8922049], [17.7919954, 44.892111], [17.7916546, 44.8920976], [17.7913138, 44.8921379], [17.7910298, 44.8922183], [17.7907648, 44.8923256], [17.7904997, 44.8924732], [17.7902346, 44.8925939], [17.7899128, 44.8926475], [17.789553, 44.8926744], [17.7892312, 44.8926341], [17.7889093, 44.8925268], [17.7886253, 44.8924329], [17.7883224, 44.8923391], [17.7880005, 44.8923122], [17.7876976, 44.8922988], [17.7873568, 44.8922988], [17.7870539, 44.8923256], [17.786732, 44.8923793], [17.7864291, 44.8924329], [17.7861072, 44.8924732], [17.7857854, 44.8924732], [17.7854824, 44.8924464], [17.7853499, 44.8922317], [17.7852931, 44.891883], [17.7851985, 44.8916684], [17.7851227, 44.8914404], [17.785047, 44.8912258], [17.7849523, 44.8910112], [17.7848009, 44.89081], [17.7846683, 44.8906088], [17.7845737, 44.8903942], [17.7845737, 44.8901661], [17.7846873, 44.8899515], [17.7849523, 44.8897906], [17.7852931, 44.8897503], [17.7856339, 44.8897503], [17.7859558, 44.889804], [17.7863155, 44.8898442], [17.7866563, 44.8898174], [17.7869592, 44.8897369], [17.7872432, 44.8895894], [17.7875272, 44.8894284], [17.7878112, 44.8892943], [17.7880952, 44.8891601], [17.7884171, 44.8890797], [17.7887389, 44.8890797], [17.7890797, 44.8891199], [17.7894584, 44.8891601], [17.7898181, 44.889187], [17.7912381, 44.889254], [17.7922983, 44.889254], [17.7926959, 44.8892406], [17.7930367, 44.8892138], [17.7934154, 44.8891735], [17.7937562, 44.8891467], [17.7941159, 44.8890931], [17.7944378, 44.889026], [17.7947786, 44.8889589], [17.7951004, 44.8888784], [17.7954033, 44.8888114], [17.7957441, 44.8886907], [17.796066, 44.8885968], [17.7963689, 44.8884895], [17.7966908, 44.8883419], [17.7969748, 44.8882078], [17.7972209, 44.8880602], [17.797486, 44.8878858], [17.797751, 44.8877249], [17.798054, 44.8875639], [17.7983001, 44.8874029], [17.798603, 44.8872151], [17.7989059, 44.8870542], [17.7991899, 44.8869603], [17.7995307, 44.8869469], [17.8000041, 44.8868395], [17.8000798, 44.8866115], [17.8001366, 44.8860884], [17.8001745, 44.8858469], [17.8002313, 44.8856054], [17.8003259, 44.885364], [17.8004585, 44.8851628], [17.8006288, 44.884975], [17.8008371, 44.8848006], [17.8010832, 44.8846262], [17.8012726, 44.8844115], [17.8013672, 44.8841835], [17.8014051, 44.883942], [17.8014619, 44.8837006], [17.8015755, 44.8834591], [17.8016702, 44.8832445], [17.8016891, 44.883003], [17.8014998, 44.8827884], [17.8012158, 44.8826944], [17.8009128, 44.8826676], [17.800591, 44.8826676], [17.8002691, 44.882681], [17.7999094, 44.8826944], [17.7995875, 44.8826408], [17.7993982, 44.8823859], [17.7992846, 44.8821847], [17.7991899, 44.88197], [17.7991521, 44.8817956], [17.7989438, 44.8815542], [17.7987734, 44.8813261], [17.7986409, 44.8811115], [17.7984894, 44.8808834], [17.7983758, 44.8806822], [17.7983001, 44.8804541], [17.7982244, 44.8801992], [17.7982244, 44.8796894], [17.7982812, 44.8794211], [17.7983758, 44.8791796], [17.7985462, 44.8789515], [17.7990953, 44.8783881], [17.7993414, 44.8781868], [17.7996254, 44.8780124], [17.7999283, 44.8778782], [17.8002502, 44.8778246], [17.800591, 44.8778112], [17.8009318, 44.8778112], [17.8012536, 44.8778246], [17.8015944, 44.8778782], [17.8019163, 44.8779453], [17.8022571, 44.8779587], [17.8026547, 44.8779319], [17.8028629, 44.8777441], [17.8029008, 44.8775026], [17.8028061, 44.8772745], [17.8026168, 44.8770867], [17.8024086, 44.8769257], [17.8021624, 44.8767647], [17.8018974, 44.8766574], [17.8015944, 44.8765903], [17.8012915, 44.87655], [17.7993982, 44.87655], [17.7990953, 44.8765098], [17.7987923, 44.876389], [17.7985084, 44.8762549], [17.7982622, 44.8760939], [17.798035, 44.875906], [17.7978268, 44.8757182], [17.7976374, 44.875517], [17.797486, 44.8753291], [17.7973724, 44.8751145], [17.7973724, 44.8746314], [17.797467, 44.8744168], [17.7977132, 44.8742289], [17.798035, 44.8741082], [17.7983569, 44.8740411], [17.7986788, 44.8740411], [17.7990006, 44.8740545], [17.7993414, 44.8740679], [17.7996633, 44.8740813], [17.7999851, 44.8741082], [17.8004017, 44.8740948], [17.8007424, 44.8740008], [17.8010454, 44.8739203], [17.8013294, 44.8737996], [17.8015755, 44.8736118], [17.8021814, 44.8730482], [17.8022382, 44.8728201], [17.802276, 44.872592], [17.8022382, 44.8723505], [17.8021246, 44.8721493], [17.8019731, 44.871948], [17.8018027, 44.8717333], [17.8016512, 44.8715321], [17.8015376, 44.8713174], [17.8014998, 44.8710624], [17.8015376, 44.8708209], [17.8016134, 44.8705794], [17.801708, 44.8703647], [17.8023139, 44.869573], [17.8025032, 44.8693718], [17.8027304, 44.8691437], [17.8029765, 44.868929], [17.8032227, 44.8687411], [17.8034877, 44.8686204], [17.8037717, 44.8684728], [17.8040368, 44.868352], [17.8043397, 44.8682178], [17.8046237, 44.8681105], [17.8049456, 44.8680299], [17.8052485, 44.8679092], [17.8055325, 44.8678018], [17.8057976, 44.8676676], [17.8060626, 44.86752], [17.8062709, 44.8673322], [17.8063845, 44.8671041], [17.8063277, 44.8668759], [17.8062141, 44.8666747], [17.8060437, 44.8664734], [17.8058733, 44.8662721], [17.805684, 44.8660708], [17.8054189, 44.8659098], [17.8051728, 44.8657756], [17.8049077, 44.8655743], [17.8046994, 44.865373], [17.8045858, 44.8651717], [17.8044722, 44.864957], [17.8043776, 44.8647289], [17.804264, 44.8644874], [17.8041125, 44.8642592], [17.8039989, 44.8640177], [17.8038475, 44.8636956], [17.8035824, 44.8630783], [17.8033931, 44.862877], [17.8031659, 44.8626891], [17.8028601, 44.8625395], [17.8026168, 44.8624342], [17.8023707, 44.8623134], [17.8021056, 44.862206], [17.8018216, 44.8620853], [17.8015566, 44.8619645], [17.8012726, 44.8618169], [17.8010075, 44.8616961], [17.8007614, 44.861535], [17.8005342, 44.861374], [17.8003259, 44.8611861], [17.8001555, 44.8609848], [17.7999283, 44.8608104], [17.7996065, 44.8607164], [17.7992846, 44.8606762], [17.7989627, 44.8606762], [17.798603, 44.8606896], [17.7982433, 44.8606493], [17.7979782, 44.8605151], [17.7978646, 44.8603138], [17.7981297, 44.8601662], [17.7982054, 44.859938], [17.7982054, 44.8597099], [17.7981486, 44.8594683], [17.7980729, 44.8592402], [17.7979972, 44.8589584], [17.7977132, 44.8588912], [17.7973913, 44.8589181], [17.7970694, 44.8588778], [17.7967854, 44.8587705], [17.7964825, 44.8586899], [17.7961796, 44.8586363], [17.7959145, 44.8585021], [17.7956873, 44.8583544], [17.7954791, 44.8581665], [17.7953087, 44.8579518], [17.7951572, 44.8577371], [17.7951193, 44.8574955], [17.7951383, 44.8572673], [17.7951951, 44.8570258], [17.7952897, 44.8567842], [17.7954412, 44.8565694], [17.7955737, 44.8563413], [17.7956495, 44.8560997], [17.7956873, 44.8558715], [17.795782, 44.8556434], [17.7960092, 44.8554689], [17.7963121, 44.8553749], [17.796634, 44.8553078], [17.7969937, 44.855281], [17.7973345, 44.855281], [17.7976564, 44.8552944], [17.7979782, 44.8553347], [17.7982622, 44.8554152], [17.7985273, 44.8555494], [17.7987545, 44.8557239], [17.7989817, 44.8559118], [17.7991331, 44.8560997], [17.7992657, 44.856301], [17.7993793, 44.8565158], [17.7994739, 44.8567439], [17.7995875, 44.8569587], [17.7997201, 44.8571734], [17.7998526, 44.8573747], [17.7999851, 44.857576], [17.8002313, 44.8577371], [17.8005342, 44.8578176], [17.800856, 44.8578176], [17.801159, 44.8577371], [17.8014808, 44.8576565], [17.8017648, 44.8575223], [17.8019731, 44.8573479], [17.8021624, 44.8571465], [17.8023518, 44.8569587], [17.8027683, 44.8565829], [17.8030144, 44.8564218], [17.8032984, 44.8563279], [17.8036203, 44.856301], [17.8043019, 44.856301], [17.8046237, 44.8562608], [17.8048888, 44.8561265], [17.805097, 44.8559386], [17.8053053, 44.8557507], [17.8055243, 44.8553239], [17.8055444, 44.8552338], [17.8055444, 44.8551484], [17.805531, 44.8550677], [17.8054908, 44.8549823], [17.8054373, 44.8549064], [17.8053703, 44.8548352], [17.8052097, 44.8547118], [17.805116, 44.8546596], [17.8050022, 44.8546169], [17.8048951, 44.8545837], [17.804788, 44.8545552], [17.8046876, 44.8545315], [17.8044533, 44.854503], [17.8043395, 44.854503], [17.804219, 44.8544983], [17.803737, 44.8544223], [17.8024585, 44.8539858], [17.8020224, 44.8538343], [17.8017195, 44.8536291], [17.8014045, 44.8534173], [17.8009121, 44.8528328], [17.8002629, 44.8517887], [17.7993392, 44.8510199], [17.7992589, 44.8508918], [17.7984891, 44.850104], [17.7984154, 44.8500423], [17.7983686, 44.8499664], [17.7983619, 44.8498857], [17.798315, 44.849805], [17.7982347, 44.8497433], [17.7981879, 44.8496721], [17.7981946, 44.8495867], [17.7982347, 44.849506], [17.7982816, 44.8494301], [17.7983418, 44.8493637], [17.7984288, 44.8492925], [17.7986029, 44.8491691], [17.7986832, 44.8491074], [17.7987434, 44.8490362], [17.7988372, 44.8489793], [17.799038, 44.8488939], [17.7991317, 44.8488511], [17.7992321, 44.8488084], [17.7993392, 44.848761], [17.799453, 44.8487135], [17.7995668, 44.8486708], [17.7996672, 44.8486186], [17.7997542, 44.8485616], [17.7998412, 44.8484952], [17.7999015, 44.848424], [17.799955, 44.8483481], [17.7999885, 44.8482674], [17.7999952, 44.848182], [17.7999684, 44.8480966], [17.7999349, 44.8480159], [17.7998881, 44.84794], [17.7994329, 44.8472993], [17.7993526, 44.8472471], [17.7992522, 44.8472138], [17.7991451, 44.8471901], [17.7990648, 44.8471332], [17.7990246, 44.847062], [17.7989777, 44.846986], [17.7988974, 44.8469291], [17.7988037, 44.8468721], [17.7987301, 44.8468057], [17.7986765, 44.8467345], [17.7986497, 44.8466538], [17.798623, 44.8465779], [17.7985627, 44.8464545], [17.7984958, 44.8463881], [17.7984021, 44.8463311], [17.7982347, 44.8462409], [17.7981276, 44.8461555], [17.7980607, 44.8460938], [17.7979603, 44.8459989], [17.7978732, 44.8459277], [17.7977996, 44.8458707], [17.7977126, 44.8458138], [17.7975453, 44.8457094], [17.7974382, 44.8456382], [17.7973377, 44.8455623], [17.7972641, 44.8454911], [17.7971972, 44.8454104], [17.7970968, 44.8452822], [17.7970365, 44.8452111], [17.7969696, 44.8451446], [17.7969026, 44.8450734], [17.7968558, 44.8450022], [17.7968223, 44.8449263], [17.7968022, 44.8448409], [17.7968022, 44.8447554], [17.7968223, 44.8446748], [17.7968491, 44.8445941], [17.796896, 44.8445181], [17.7969361, 44.8444422], [17.7969897, 44.844371], [17.7970566, 44.8442998], [17.7970968, 44.8442096], [17.797157, 44.8441384], [17.7972574, 44.8441005], [17.7973578, 44.8440483], [17.7974248, 44.8439818], [17.7974984, 44.8439106], [17.7978599, 44.8438822], [17.7979804, 44.8438822], [17.7980941, 44.8439106], [17.7981678, 44.8439723], [17.7982615, 44.8440245], [17.7983753, 44.8440767], [17.7984824, 44.8441005], [17.7986029, 44.8441052], [17.7987234, 44.8440957], [17.7988439, 44.8440767], [17.7989577, 44.844091], [17.7990581, 44.844129], [17.7991719, 44.8441527], [17.7992923, 44.8441527], [17.7994262, 44.8441479], [17.7995467, 44.8441622], [17.7996605, 44.8441859], [17.7997609, 44.8442191], [17.7998948, 44.8442239], [17.8000086, 44.8442049], [17.8001023, 44.8441574], [17.8001692, 44.8440862], [17.8002295, 44.8440103], [17.8002763, 44.8439391], [17.8003165, 44.8438584], [17.8003567, 44.8436923], [17.8003634, 44.8436116], [17.8003567, 44.8435309], [17.8003165, 44.8434597], [17.8002563, 44.8433933], [17.8001224, 44.8432699], [17.8000889, 44.8431892], [17.8000153, 44.8431228], [17.7999349, 44.8430611], [17.7993526, 44.8424773], [17.799299, 44.8424061], [17.7992856, 44.8423254], [17.7993057, 44.84224], [17.7993727, 44.8421735], [17.7994262, 44.8421023], [17.7994061, 44.8420216], [17.7993927, 44.8419362], [17.7993526, 44.8418603], [17.7993057, 44.8417843], [17.7992455, 44.8417179], [17.7991585, 44.8416562], [17.7991049, 44.8415897], [17.7991406, 44.8414828], [17.7991989, 44.8413406], [17.7992074, 44.8413223], [17.7992074, 44.841268], [17.799282, 44.8410769], [17.7993164, 44.840932], [17.7993235, 44.8408749], [17.7993353, 44.840786], [17.7993495, 44.8407474], [17.7993732, 44.8407172], [17.7994181, 44.8406954], [17.7994891, 44.8406702], [17.7995294, 44.8406518], [17.799572, 44.8406148], [17.7996004, 44.8405729], [17.7996075, 44.8405393], [17.799598, 44.8405024], [17.7995696, 44.8404722], [17.799527, 44.8404386], [17.7994678, 44.8404], [17.7994205, 44.8403765], [17.7993755, 44.8403581], [17.7993235, 44.8403413], [17.7992809, 44.8403212], [17.7992454, 44.840296], [17.799217, 44.8402691], [17.7991957, 44.8402389], [17.7991791, 44.8400778], [17.7992241, 44.8400728], [17.7992667, 44.8400661], [17.799314, 44.840056], [17.7993613, 44.8400308], [17.7994039, 44.8399973], [17.7994489, 44.839952], [17.7994844, 44.8399218], [17.7995223, 44.8398849], [17.799553, 44.8398546], [17.7996193, 44.839806], [17.7996619, 44.8397791], [17.7997069, 44.8397607], [17.7998489, 44.839712], [17.7999057, 44.839712], [17.7999814, 44.8397137], [17.8000145, 44.8397321], [17.8000429, 44.8397674], [17.8000997, 44.8398228], [17.8001471, 44.8398496], [17.8001968, 44.839853], [17.8002323, 44.8398312], [17.8002985, 44.8397892], [17.8003317, 44.8397556], [17.8003695, 44.8397187], [17.8004003, 44.8396919], [17.8004429, 44.8396549], [17.8004831, 44.8396315], [17.8005352, 44.839608], [17.8005849, 44.8395912], [17.8006464, 44.8395794], [17.8007151, 44.839566], [17.8007529, 44.8395459], [17.8007813, 44.8395257], [17.8008215, 44.8394905], [17.8008641, 44.8394687], [17.800902, 44.8394586], [17.8009564, 44.8394519], [17.8010038, 44.8394502], [17.8010464, 44.8394334], [17.8010771, 44.8393999], [17.8010984, 44.8393663], [17.8011197, 44.8393327], [17.8011505, 44.8392975], [17.8011931, 44.8392807], [17.8012475, 44.8392757], [17.801302, 44.839279], [17.8013446, 44.8392858], [17.8013943, 44.8392925], [17.8014889, 44.8392925], [17.8015315, 44.8392807], [17.8015741, 44.8392639], [17.8016167, 44.8392404], [17.8016309, 44.839227], [17.8016972, 44.8392488], [17.8021918, 44.8392287], [17.8027101, 44.8392505], [17.8037893, 44.8394334], [17.8038437, 44.8394435], [17.8048093, 44.839566], [17.8049158, 44.8395794], [17.8052448, 44.8396298], [17.8053039, 44.8396398], [17.8053702, 44.8396482], [17.805472, 44.8396549], [17.805543, 44.8396549], [17.8056329, 44.8396516], [17.8056755, 44.8396482], [17.8057418, 44.8396382], [17.8058199, 44.839618], [17.8058601, 44.8395979], [17.8058956, 44.8395727], [17.8059406, 44.8395442], [17.8059832, 44.8395207], [17.8060258, 44.8395006], [17.8061062, 44.8394704], [17.8061512, 44.8394502], [17.806182, 44.8394284], [17.8062009, 44.8394015], [17.8062104, 44.839363], [17.8062104, 44.8393327], [17.8062009, 44.8392858], [17.8061867, 44.8392472], [17.8061725, 44.8392186], [17.8061512, 44.8391867], [17.8061275, 44.8391633], [17.8060826, 44.8391179], [17.8060376, 44.839071], [17.8060116, 44.8390441], [17.8059974, 44.8390173], [17.8059784, 44.838935], [17.8059808, 44.8388914], [17.8059997, 44.8388461], [17.8060305, 44.8388092], [17.8060613, 44.8387907], [17.8061086, 44.8387773], [17.8061796, 44.8387571], [17.8062459, 44.838742], [17.8063027, 44.8387303], [17.8063642, 44.8387236], [17.8064186, 44.8387068], [17.8064565, 44.8386883], [17.8064991, 44.8386632], [17.8065393, 44.8386413], [17.8066363, 44.8385927], [17.8066979, 44.8385642], [17.8067428, 44.8385356], [17.8067949, 44.8384836], [17.8068233, 44.8384534], [17.8068541, 44.8384181], [17.8068588, 44.8383879], [17.8069014, 44.8382369], [17.806918, 44.8382084], [17.8069203, 44.8381748], [17.8069203, 44.8381396], [17.8069109, 44.838111], [17.8068825, 44.8380825], [17.8068399, 44.8380792], [17.8068067, 44.8380976], [17.8067712, 44.838106], [17.8067334, 44.8380892], [17.8067357, 44.838059], [17.8067357, 44.8380238], [17.8067286, 44.8379919], [17.8066979, 44.8379667], [17.8066529, 44.8379449], [17.8066103, 44.8379382], [17.806544, 44.8379382], [17.8064849, 44.8379499], [17.8064447, 44.8379634], [17.8064139, 44.8379818], [17.8063926, 44.8380104], [17.806376, 44.8380473], [17.8063642, 44.8380859], [17.8063524, 44.8381161], [17.8063429, 44.8381429], [17.8063263, 44.8381849], [17.806305, 44.8382369], [17.8062885, 44.8382738], [17.8062672, 44.8383091], [17.806253, 44.8383376], [17.8062317, 44.8383644], [17.8062009, 44.838398], [17.8061654, 44.8384148], [17.8061204, 44.8384181], [17.8060684, 44.8384198], [17.8060281, 44.8384265], [17.8059784, 44.8384416], [17.8059429, 44.8384584], [17.8058956, 44.8384752], [17.8058388, 44.8384886], [17.8056447, 44.8384886], [17.8055998, 44.838487], [17.8055501, 44.8384802], [17.8055122, 44.8384618], [17.8054862, 44.8384282], [17.8054672, 44.8383913], [17.8054554, 44.8383426], [17.8054507, 44.8383107], [17.8054507, 44.8382419], [17.8054554, 44.8382067], [17.8054625, 44.8381748], [17.8054767, 44.8381379], [17.8054601, 44.8381077], [17.8054152, 44.8380976], [17.8053749, 44.838101], [17.8053371, 44.8381094], [17.8053063, 44.8381295], [17.8052826, 44.8381547], [17.805259, 44.8381765], [17.8052258, 44.8382], [17.8051927, 44.8382134], [17.8051477, 44.8382117], [17.8051004, 44.8382084], [17.8050554, 44.8382017], [17.8049939, 44.8381966], [17.8049537, 44.8381933], [17.8048921, 44.8381798], [17.8048637, 44.8381547], [17.8048495, 44.8381211], [17.8048495, 44.8380506], [17.8048472, 44.8379449], [17.8048424, 44.837913], [17.8048188, 44.8378795], [17.8047904, 44.8378543], [17.804762, 44.8378341], [17.8047123, 44.8378174], [17.8046768, 44.8378073], [17.8046365, 44.8378006], [17.8045892, 44.8377972], [17.804478, 44.8377972], [17.8044401, 44.8377939], [17.8043999, 44.8377905], [17.8043597, 44.8377821], [17.8043123, 44.8377721], [17.804265, 44.8377586], [17.8041774, 44.8377267], [17.8041277, 44.8377049], [17.804097, 44.8376898], [17.8040615, 44.8376663], [17.8040307, 44.8376428], [17.8040047, 44.837621], [17.8039786, 44.8375958], [17.803955, 44.837569], [17.8039313, 44.8375405], [17.8039029, 44.8375119], [17.8038437, 44.8374465], [17.8038177, 44.8373978], [17.8037704, 44.8373038], [17.8037538, 44.8372669], [17.8037538, 44.837235], [17.8037609, 44.8372031], [17.8037727, 44.8371729], [17.8038059, 44.8371276], [17.803839, 44.8371008], [17.8038792, 44.8370756], [17.8039313, 44.8370504], [17.8039763, 44.8370336], [17.804026, 44.8370202], [17.8040733, 44.8370101], [17.8041183, 44.8369984], [17.8041964, 44.8369816], [17.8042437, 44.8369665], [17.8042745, 44.8369464], [17.80431, 44.8369027], [17.80431, 44.8368591], [17.8042839, 44.8368155], [17.8042484, 44.8367853], [17.8042082, 44.8367735], [17.8041609, 44.8367651], [17.8040473, 44.8367618], [17.8039502, 44.8367517], [17.8039053, 44.83674], [17.8038366, 44.8367232], [17.8037869, 44.8366963], [17.8037278, 44.8366527], [17.803697, 44.8366242], [17.8036639, 44.8365973], [17.8036307, 44.8365671], [17.8035881, 44.8365369], [17.8035526, 44.8365134], [17.8035195, 44.8364933], [17.8034793, 44.8364731], [17.8034296, 44.8364513], [17.8033775, 44.8364312], [17.8033325, 44.8364228], [17.8032852, 44.8364161], [17.8032426, 44.8364144], [17.8031905, 44.8364144], [17.8031432, 44.8364177], [17.8030888, 44.8364278], [17.8030509, 44.8364379], [17.8029941, 44.8364463], [17.8029539, 44.8364463], [17.8028923, 44.8364429], [17.8028379, 44.8364312], [17.8027906, 44.8364177], [17.8027361, 44.8363926], [17.8026888, 44.8363573], [17.8026462, 44.8363221], [17.8026084, 44.8362885], [17.802561, 44.8362449], [17.8025232, 44.8362113], [17.8024948, 44.8361878], [17.8024687, 44.8361626], [17.8024261, 44.836119], [17.8023504, 44.8359831], [17.8023338, 44.8359495], [17.8023149, 44.8359109], [17.8023078, 44.8358589], [17.8023102, 44.8358186], [17.8023196, 44.8357867], [17.8023386, 44.8357599], [17.8023788, 44.8357246], [17.8024214, 44.8356961], [17.802464, 44.8356743], [17.8025042, 44.8356575], [17.8025563, 44.8356374], [17.8026036, 44.8356206], [17.8026533, 44.8356038], [17.8027196, 44.8355853], [17.8027716, 44.8355803], [17.8028166, 44.835582], [17.8028758, 44.8356021], [17.8028994, 44.8356273], [17.8029539, 44.8356961], [17.8029894, 44.8357414], [17.8030272, 44.8357699], [17.8031077, 44.8357968], [17.8031527, 44.8358136], [17.8032118, 44.8358387], [17.8032544, 44.8358589], [17.8032994, 44.8358857], [17.803342, 44.8359143], [17.8033893, 44.8359445], [17.8034225, 44.8359613], [17.803484, 44.835978], [17.8035313, 44.8359814], [17.8035858, 44.8359814], [17.8036378, 44.835968], [17.8036733, 44.8359411], [17.8037088, 44.8359076], [17.8037396, 44.8358807], [17.8037656, 44.8358522], [17.8037893, 44.8358287], [17.8038153, 44.8358001], [17.8038579, 44.8357565], [17.8038887, 44.8357196], [17.8039124, 44.8356877], [17.8039337, 44.8356558], [17.803955, 44.8356139], [17.8039644, 44.8355853], [17.8039739, 44.8355518], [17.8039739, 44.8354779], [17.8039644, 44.8354376], [17.8039502, 44.8354108], [17.8039242, 44.8353806], [17.8038958, 44.8353504], [17.8038603, 44.8353185], [17.8038248, 44.8352883], [17.803723, 44.8352161], [17.8036828, 44.8351792], [17.8036449, 44.8351423], [17.8036047, 44.8350886], [17.8035408, 44.8349795], [17.8035053, 44.8349325], [17.8034674, 44.8348771], [17.8034485, 44.8348234], [17.8034509, 44.8347764], [17.8034556, 44.8347227], [17.8034911, 44.8346371], [17.8035171, 44.8345918], [17.8035408, 44.8345599], [17.8035716, 44.8345364], [17.8036142, 44.834528], [17.8036639, 44.834528], [17.803723, 44.8345364], [17.8037775, 44.8345448], [17.803839, 44.8345582], [17.8038769, 44.8345717], [17.8039171, 44.8345884], [17.803955, 44.8346086], [17.8039881, 44.8346254], [17.8040189, 44.8346455], [17.8041017, 44.8346942], [17.8041419, 44.834721], [17.8041893, 44.8347512], [17.8042508, 44.8347831], [17.8043029, 44.8348016], [17.8043478, 44.834815], [17.804433, 44.8348318], [17.8044851, 44.8348335], [17.8045253, 44.8348284], [17.804575, 44.83481], [17.8046294, 44.8347798], [17.8046649, 44.8347563], [17.8047454, 44.8346824], [17.8047785, 44.8346489], [17.8048117, 44.8346119], [17.8048377, 44.83458], [17.8048543, 44.8345532], [17.8048732, 44.834518], [17.8049963, 44.834377], [17.8050223, 44.8343166], [17.8050436, 44.8342629], [17.8050531, 44.8342108], [17.8050554, 44.8341622], [17.8050483, 44.8341219], [17.8050318, 44.834085], [17.8050034, 44.8340564], [17.8049489, 44.8340279], [17.8049111, 44.8340262], [17.8048093, 44.8340296], [17.8047643, 44.8340329], [17.8047004, 44.8340329], [17.8046531, 44.8340312], [17.8045324, 44.8339859], [17.8044922, 44.8339708], [17.8044449, 44.8339524], [17.8044094, 44.8339356], [17.8043171, 44.833897], [17.8041703, 44.8338265], [17.8041206, 44.8337912], [17.804097, 44.8337661], [17.8040828, 44.8337375], [17.8040709, 44.8336973], [17.8040496, 44.8336201], [17.8040402, 44.833568], [17.8040402, 44.833417], [17.8040449, 44.8333851], [17.8040449, 44.8333415], [17.8040402, 44.8333113], [17.8040307, 44.833271], [17.8040165, 44.8331854], [17.8040118, 44.8331501], [17.8039692, 44.8330494], [17.8039597, 44.8329991], [17.8039621, 44.8329504], [17.8039739, 44.8329185], [17.8039928, 44.8328699], [17.8040165, 44.832796], [17.8040212, 44.8327641], [17.8040212, 44.8326517], [17.8040331, 44.8326147], [17.8040496, 44.8325728], [17.8040686, 44.8325426], [17.8040946, 44.832509], [17.804123, 44.8324805], [17.8041561, 44.8324553], [17.8042011, 44.8324503], [17.8042484, 44.8324503], [17.804291, 44.8324368], [17.8043194, 44.83241], [17.8043573, 44.8323966], [17.8044046, 44.8324016], [17.8044472, 44.8324217], [17.8044898, 44.8324519], [17.804523, 44.8324838], [17.8045443, 44.832509], [17.8045703, 44.8325426], [17.8046129, 44.8326097], [17.8046365, 44.8326433], [17.8046649, 44.8326886], [17.8046886, 44.8327255], [17.8047099, 44.832749], [17.8047501, 44.8327792], [17.8047927, 44.8327977], [17.8048519, 44.832801], [17.804904, 44.832796], [17.8049679, 44.8327843], [17.8050341, 44.8327742], [17.8051004, 44.8327675], [17.8051572, 44.8327658], [17.8052708, 44.8327708], [17.8053252, 44.8327809], [17.8053962, 44.8327977], [17.8054601, 44.8328161], [17.8055311, 44.832838], [17.8055903, 44.8328581], [17.8056353, 44.8328715], [17.8056944, 44.8328866], [17.8057512, 44.8328984], [17.8058151, 44.8329034], [17.8058743, 44.8328933], [17.8059193, 44.8328766], [17.8059713, 44.8328464], [17.8060234, 44.8328061], [17.8060518, 44.8327792], [17.8060707, 44.8327389], [17.8060684, 44.832702], [17.8060518, 44.8326617], [17.8060258, 44.8326332], [17.8059784, 44.8325946], [17.8059358, 44.8325661], [17.805898, 44.8325443], [17.8058435, 44.8325157], [17.8057938, 44.8324905], [17.8057583, 44.8324788], [17.8057157, 44.832462], [17.8056329, 44.8324419], [17.8055548, 44.8324352], [17.8055027, 44.8324268], [17.8053726, 44.832405], [17.8053371, 44.8323882], [17.8052897, 44.8323596], [17.8052542, 44.8323361], [17.8052282, 44.8323043], [17.8052116, 44.8322724], [17.8051974, 44.8322405], [17.8051998, 44.8322086], [17.8052187, 44.8321834], [17.805285, 44.8321163], [17.8053276, 44.8320827], [17.8053655, 44.8320525], [17.8054057, 44.8320189], [17.8054365, 44.8319921], [17.8054625, 44.8319652], [17.8054956, 44.8319199], [17.8055051, 44.8318897], [17.8055051, 44.8318612], [17.8054956, 44.8318159], [17.8054791, 44.8317705], [17.8054649, 44.831737], [17.805453, 44.8316967], [17.8054412, 44.8316631], [17.8054341, 44.8316195], [17.8054341, 44.8315473], [17.8054672, 44.8314433], [17.8055311, 44.8313493], [17.8055761, 44.8312821], [17.8056211, 44.8312032], [17.8056305, 44.831173], [17.8056305, 44.8311344], [17.805614, 44.8310908], [17.805595, 44.8310505], [17.8055643, 44.8310119], [17.8055193, 44.8309666], [17.8054791, 44.830933], [17.805427, 44.8308911], [17.8053986, 44.8308592], [17.805382, 44.8308155], [17.805382, 44.8307786], [17.8053891, 44.8307383], [17.8054152, 44.8306897], [17.8054507, 44.8306544], [17.8054767, 44.8306309], [17.8055051, 44.8306007], [17.805569, 44.8305436], [17.8056092, 44.8305201], [17.8056542, 44.8305067], [17.8056968, 44.8305017], [17.805898, 44.8305], [17.8059666, 44.8305034], [17.8060139, 44.8305151], [17.8060494, 44.8305302], [17.8060802, 44.8305537], [17.8061394, 44.830594], [17.806182, 44.8306259], [17.8062198, 44.8306594], [17.8062411, 44.8306947], [17.806253, 44.8307299], [17.8062695, 44.8307753], [17.8062885, 44.8308055], [17.806324, 44.8308407], [17.8063476, 44.8308676], [17.8063666, 44.8308978], [17.8063808, 44.8309263], [17.8063831, 44.8309649], [17.8063784, 44.8310069], [17.8063689, 44.8311344], [17.8063642, 44.8311797], [17.8063618, 44.83122], [17.8063571, 44.8312469], [17.8063382, 44.8312838], [17.8063192, 44.8313241], [17.8062979, 44.8313694], [17.8062814, 44.8314181], [17.806279, 44.8314651], [17.8062932, 44.8315607], [17.8062956, 44.8315893], [17.8062956, 44.8317789], [17.8062979, 44.8318091], [17.806305, 44.8318461], [17.8063263, 44.8318813], [17.8063571, 44.8319065], [17.806395, 44.8319182], [17.8064423, 44.8319249], [17.8064825, 44.8319233], [17.8065251, 44.8319132], [17.8065843, 44.8318897], [17.8066908, 44.8318393], [17.8067428, 44.8318125], [17.8067925, 44.8317806], [17.8068328, 44.8317554], [17.8068659, 44.8317319], [17.806899, 44.8317051], [17.8069298, 44.8316782], [17.8069606, 44.8316497], [17.8070008, 44.8316161], [17.8070387, 44.8315859], [17.8070765, 44.8315607], [17.8071144, 44.8315406], [17.8071665, 44.8315154], [17.8072162, 44.8314936], [17.8072611, 44.8314735], [17.807299, 44.8314449], [17.8073345, 44.8314147], [17.8073818, 44.8313728], [17.8074079, 44.8313409], [17.8074244, 44.8313073], [17.8074244, 44.831267], [17.807415, 44.8312318], [17.8073937, 44.8312066], [17.8073558, 44.831173], [17.8073132, 44.8311563], [17.8072919, 44.8311395], [17.8072398, 44.8311126], [17.8072091, 44.8310925], [17.8071665, 44.8310472], [17.8071546, 44.8310069], [17.807157, 44.8309767], [17.8071759, 44.830928], [17.8071925, 44.8308944], [17.8072256, 44.8308592], [17.8072753, 44.830834], [17.807325, 44.8308357], [17.8074481, 44.8308357], [17.8075025, 44.8308306], [17.8075593, 44.8308155], [17.8076209, 44.830787], [17.8076445, 44.8307518], [17.8076493, 44.8307081], [17.8076493, 44.8306729], [17.8076445, 44.8305973], [17.8076445, 44.8305453], [17.8076587, 44.8305101], [17.80768, 44.8304815], [17.8077061, 44.830453], [17.8077297, 44.8304278], [17.8077581, 44.8303959], [17.8077865, 44.8303506], [17.8078007, 44.8303087], [17.8078197, 44.8302566], [17.8078457, 44.8302164], [17.8078859, 44.8301945], [17.807938, 44.8301895], [17.8079782, 44.8301912], [17.8080208, 44.8301979], [17.8080682, 44.830208], [17.8081368, 44.8302315], [17.8081676, 44.8302516], [17.8081912, 44.8302818], [17.8082125, 44.8303103], [17.8082315, 44.8303422], [17.8082528, 44.8303909], [17.8082551, 44.8304278], [17.8082551, 44.8304631], [17.8082599, 44.8305017], [17.8082741, 44.8305352], [17.8082906, 44.8305688], [17.8083285, 44.8306208], [17.8083498, 44.8306477], [17.808364, 44.8307316], [17.8083924, 44.8307602], [17.8084232, 44.8307803], [17.8084752, 44.8307853], [17.8085178, 44.8307719], [17.8085509, 44.8307501], [17.8085817, 44.8307148], [17.8086006, 44.8306796], [17.8086196, 44.8306427], [17.8086456, 44.830599], [17.8086929, 44.830542], [17.8087213, 44.8305134], [17.8087616, 44.8304832], [17.8087923, 44.8304547], [17.8088373, 44.8304295], [17.8088823, 44.830411], [17.808932, 44.8303943], [17.8089982, 44.8303708], [17.809074, 44.830354], [17.8091166, 44.8303456], [17.8091828, 44.8303422], [17.8092349, 44.8303439], [17.8092775, 44.8303439], [17.8093248, 44.8303489], [17.8094195, 44.8303691], [17.8094692, 44.8303859], [17.8095165, 44.8304077], [17.8095591, 44.8304312], [17.8095994, 44.8304513], [17.8096491, 44.8304799], [17.809694, 44.8305101], [17.8097792, 44.8305705], [17.8098479, 44.8306208], [17.8099141, 44.8306897], [17.8099402, 44.8307165], [17.8099662, 44.8307534], [17.8100064, 44.8308004], [17.8100396, 44.8308206], [17.8100869, 44.8308223], [17.810139, 44.8308105], [17.8101532, 44.8307769], [17.8101532, 44.8307064], [17.8101437, 44.8306695], [17.8101319, 44.8306343], [17.8101011, 44.8305386], [17.8100869, 44.8304916], [17.8100798, 44.8304245], [17.8101129, 44.8303271], [17.8101603, 44.8302701], [17.810191, 44.8302315], [17.8102407, 44.8302063], [17.8102881, 44.8301861], [17.8103401, 44.8301677], [17.8103922, 44.8301626], [17.8104395, 44.830166], [17.8105105, 44.8301777], [17.8105626, 44.8301929], [17.8106217, 44.8302147], [17.8107022, 44.8302466], [17.8107495, 44.8302751], [17.8107874, 44.8302969], [17.81083, 44.8303154], [17.8108702, 44.8303305], [17.8109128, 44.8303389], [17.8109838, 44.8303439], [17.8110406, 44.8303489], [17.8111187, 44.830364], [17.8111708, 44.8303808], [17.8112158, 44.830401], [17.8112584, 44.8304345], [17.8112915, 44.8304597], [17.8113436, 44.8304799], [17.8114027, 44.8304933], [17.8114548, 44.8305], [17.8115258, 44.8304983], [17.8115731, 44.8304966], [17.8116299, 44.8304899], [17.8116702, 44.8304832], [17.8117128, 44.8304765], [17.8117719, 44.8304564], [17.8118169, 44.8304312], [17.8118406, 44.830401], [17.8118453, 44.830359], [17.8118429, 44.8303087], [17.8118453, 44.8302701], [17.8118619, 44.8302365], [17.8119021, 44.8301929], [17.8119518, 44.8301526], [17.8119968, 44.8301156], [17.8120133, 44.8300804], [17.812011, 44.8300401], [17.8119991, 44.8300133], [17.8119613, 44.8299747], [17.8119187, 44.8299562], [17.8118311, 44.8299377], [17.811727, 44.8299226], [17.8116725, 44.8299159], [17.8114808, 44.8299008], [17.8114335, 44.8298907], [17.8113933, 44.8298756], [17.8113507, 44.8298622], [17.8112986, 44.8298488], [17.8112442, 44.829837], [17.8111542, 44.8298219], [17.811088, 44.8298102], [17.8110501, 44.8297984], [17.810998, 44.8297749], [17.8109625, 44.8297514], [17.8109105, 44.8297111], [17.8108418, 44.8296507], [17.8108087, 44.829602], [17.8108063, 44.8295685], [17.8108063, 44.8294997], [17.8108182, 44.8294493], [17.8108229, 44.8294124], [17.8108324, 44.8293469], [17.8109247, 44.8291841], [17.8109365, 44.8291489], [17.8109507, 44.8291153], [17.8109625, 44.8290884], [17.8109744, 44.8290532], [17.8109933, 44.8290028], [17.811017, 44.8289726], [17.8110619, 44.8289592], [17.8111282, 44.8289441], [17.8111968, 44.8289256], [17.8112394, 44.8289172], [17.8112939, 44.8289122], [17.8113483, 44.8289122], [17.8113956, 44.8289139], [17.8114501, 44.8289189], [17.8115021, 44.828924], [17.8115424, 44.8289307], [17.8116039, 44.8289441], [17.8116418, 44.8289559], [17.8116962, 44.8289777], [17.8117459, 44.8290028], [17.8117838, 44.829023], [17.8118406, 44.8290415], [17.8118926, 44.8290465], [17.8119329, 44.8290448], [17.8119778, 44.8290364], [17.8120133, 44.829018], [17.8120394, 44.8289877], [17.8120583, 44.8289508], [17.8120678, 44.8289206], [17.8120843, 44.8288904], [17.812108, 44.8288652], [17.8121459, 44.8288417], [17.8121814, 44.8288199], [17.8122145, 44.8287964], [17.8122476, 44.8287628], [17.8122689, 44.8287209], [17.8122737, 44.8286856], [17.8122737, 44.8286537], [17.8122713, 44.8286151], [17.8122666, 44.8285698], [17.8122618, 44.8285312], [17.8122382, 44.828402], [17.8122216, 44.828365], [17.8122003, 44.8283315], [17.8121695, 44.8283113], [17.8121222, 44.8282929], [17.8120843, 44.8282929], [17.8120346, 44.8282979], [17.8120039, 44.828318], [17.8119778, 44.8283432], [17.8119447, 44.8283768], [17.8119092, 44.8284087], [17.8118808, 44.8284288], [17.8118287, 44.8284607], [17.8117885, 44.8284708], [17.8116962, 44.8284775], [17.8116228, 44.8284842], [17.8115708, 44.8284842], [17.8114619, 44.8284725], [17.8114051, 44.8284674], [17.8112962, 44.8284674], [17.8112323, 44.8284691], [17.8111874, 44.8284725], [17.811114, 44.8284808], [17.8110312, 44.8284926], [17.8109412, 44.828506], [17.8108773, 44.8285144], [17.8108229, 44.8285211], [17.8107803, 44.8285245], [17.8107401, 44.8285278], [17.810643, 44.8285278], [17.8105981, 44.8285245], [17.8105413, 44.8285144], [17.8105081, 44.8285027], [17.8104632, 44.8284859], [17.8104277, 44.8284708], [17.8103827, 44.8284422], [17.8103472, 44.8284154], [17.8103188, 44.8283919], [17.8102881, 44.8283432], [17.8102739, 44.8283046], [17.8102715, 44.828271], [17.8102739, 44.828214], [17.8102857, 44.828177], [17.8102999, 44.8281384], [17.8103188, 44.8280914], [17.8103354, 44.8280646], [17.8104608, 44.8279286], [17.8104868, 44.8279051], [17.8105152, 44.8278783], [17.8105507, 44.8278497], [17.8106099, 44.8278229], [17.8106501, 44.8278061], [17.8106904, 44.8277876], [17.8107259, 44.8277625], [17.8107637, 44.8277323], [17.8108016, 44.827702], [17.8108489, 44.8276802], [17.8108939, 44.8276685], [17.8109436, 44.8276601], [17.8109957, 44.8276601], [17.8110501, 44.8276618], [17.8110927, 44.8276668], [17.8111424, 44.8276769], [17.8111897, 44.8276853], [17.8112418, 44.8276953], [17.8113104, 44.8277088], [17.811353, 44.8277205], [17.8114027, 44.8277289], [17.8114903, 44.827739], [17.81154, 44.8277373], [17.8115873, 44.8277306], [17.8116205, 44.8277071], [17.8116181, 44.8276752], [17.8116015, 44.82765], [17.8115755, 44.8276282], [17.8115495, 44.8276064], [17.8115187, 44.8275862], [17.8114335, 44.8275375], [17.8113956, 44.8275208], [17.8113483, 44.8274939], [17.8112868, 44.827457], [17.811256, 44.8274268], [17.8112347, 44.8273932], [17.8112276, 44.8273613], [17.8112394, 44.8273244], [17.8112749, 44.8272925], [17.8113483, 44.8272421], [17.8113885, 44.8272203], [17.8114359, 44.8272018], [17.8114927, 44.82718], [17.81154, 44.8271616], [17.8115897, 44.8271431], [17.8116915, 44.8271045], [17.8117483, 44.827076], [17.8117767, 44.8270457], [17.8118193, 44.8269904], [17.8118619, 44.826945], [17.8120204, 44.8268376], [17.8120536, 44.8268192], [17.8121127, 44.8268024], [17.8121624, 44.8267889], [17.8121979, 44.8267755], [17.8122382, 44.8267386], [17.8122547, 44.8267084], [17.8122571, 44.8266748], [17.8122642, 44.8266328], [17.8122879, 44.8265942], [17.8123257, 44.8265791], [17.8124085, 44.826564], [17.8124582, 44.8265556], [17.8125079, 44.8265388], [17.8125434, 44.8265137], [17.8125695, 44.8264751], [17.812586, 44.8264398], [17.8125908, 44.8264113], [17.8125908, 44.8263693], [17.8125766, 44.826329], [17.8125505, 44.8262988], [17.8125127, 44.8262787], [17.812463, 44.8262736], [17.812418, 44.826282], [17.8123849, 44.8262938], [17.812347, 44.8263072], [17.8123091, 44.826329], [17.8122618, 44.8263592], [17.812224, 44.8263811], [17.8121364, 44.8264213], [17.8121009, 44.8264381], [17.8120559, 44.8264465], [17.8120133, 44.8264448], [17.8119731, 44.8264348], [17.8119447, 44.8264163], [17.8119139, 44.8263928], [17.8118832, 44.8263609], [17.8118619, 44.826324], [17.8118524, 44.8262955], [17.8118453, 44.8262518], [17.8118453, 44.8262149], [17.81185, 44.826183], [17.8118524, 44.8261461], [17.8118524, 44.8261041], [17.8118477, 44.8260672], [17.8118406, 44.8260353], [17.8118406, 44.8260034], [17.8118477, 44.8259715], [17.8118642, 44.825943], [17.8118619, 44.8259077], [17.8118477, 44.8258708], [17.8118382, 44.8258406], [17.8118429, 44.825807], [17.8118619, 44.8257466], [17.811895, 44.8256677], [17.8119068, 44.8256156], [17.8118997, 44.8255686], [17.8118855, 44.82553], [17.8118619, 44.8254914], [17.8118358, 44.8254646], [17.8117956, 44.8254293], [17.8117506, 44.8253974], [17.8117128, 44.8253756], [17.8116725, 44.8253555], [17.8116228, 44.8253337], [17.811585, 44.8253185], [17.8115376, 44.8253018], [17.8114832, 44.8252799], [17.8114477, 44.8252648], [17.8114075, 44.8252464], [17.8113625, 44.8252195], [17.8113317, 44.8251943], [17.811301, 44.8251692], [17.8112702, 44.8251423], [17.8112394, 44.825107], [17.8112205, 44.8250735], [17.8112063, 44.8250399], [17.8111945, 44.825003], [17.8111874, 44.8249711], [17.8111874, 44.824909], [17.8112016, 44.824862], [17.8112276, 44.8247965], [17.811256, 44.824768], [17.8112844, 44.8247478], [17.8113696, 44.8247193], [17.8114146, 44.8247143], [17.811469, 44.8247159], [17.8115092, 44.8247227], [17.8115566, 44.8247344], [17.8116039, 44.8247478], [17.8117009, 44.824778], [17.8117388, 44.8247915], [17.8117861, 44.8248099], [17.8118264, 44.8248284], [17.8118666, 44.8248519], [17.8118997, 44.8248754], [17.8119329, 44.8248955], [17.8119897, 44.8249425], [17.8120204, 44.8249728], [17.8120583, 44.8250114], [17.812082, 44.8250483], [17.8121033, 44.8250835], [17.8121198, 44.8251205], [17.8121364, 44.8251473], [17.8121553, 44.8251759], [17.8121861, 44.8252145], [17.8122287, 44.825248], [17.8122713, 44.8252699], [17.8123186, 44.825285], [17.8123612, 44.8252984], [17.8124038, 44.8253068], [17.8124511, 44.8253102], [17.8124914, 44.8253068], [17.8125434, 44.825295], [17.8126002, 44.8252783], [17.8126523, 44.8252581], [17.8126925, 44.825238], [17.8127209, 44.8252162], [17.8127635, 44.8251608], [17.8127825, 44.8251305], [17.8128819, 44.8249577], [17.8129008, 44.8249274], [17.8129197, 44.8248955], [17.8129387, 44.8248586], [17.8129529, 44.8248133], [17.8129623, 44.8247747], [17.8129694, 44.8247411], [17.8129718, 44.8246924], [17.8129718, 44.8246538], [17.8129647, 44.8245649], [17.8129505, 44.8244809], [17.8129363, 44.8244339], [17.8129055, 44.8243366], [17.8128913, 44.824298], [17.8128724, 44.8242543], [17.8128511, 44.8242023], [17.8128274, 44.8240361], [17.8128038, 44.8240076], [17.8127304, 44.8239069], [17.8127091, 44.8238548], [17.8126949, 44.8238078], [17.8126878, 44.8237726], [17.8126854, 44.8237239], [17.8126854, 44.8236836], [17.8126925, 44.8236534], [17.8126996, 44.8236232], [17.8127186, 44.8235779], [17.8127375, 44.823551], [17.8127659, 44.8235174], [17.8127896, 44.8234906], [17.8128345, 44.8234553], [17.81287, 44.8234301], [17.8129055, 44.8234134], [17.8129552, 44.8233932], [17.8129931, 44.8233831], [17.8130475, 44.8233714], [17.8131043, 44.8233647], [17.8131682, 44.823363], [17.8132179, 44.823368], [17.8132558, 44.8233848], [17.8132866, 44.82341], [17.8133102, 44.8234369], [17.8133386, 44.8234771], [17.8133576, 44.8235074], [17.8133765, 44.8235325], [17.8133931, 44.8235594], [17.8134167, 44.8235946], [17.813438, 44.8236299], [17.8134593, 44.8236668], [17.8134735, 44.823697], [17.8134948, 44.8237289], [17.8135232, 44.8237541], [17.8135753, 44.8237827], [17.8136226, 44.8237944], [17.81367, 44.8237944], [17.8137197, 44.8237827], [17.8137433, 44.8237558], [17.8137504, 44.8237256], [17.8137433, 44.8236937], [17.8137291, 44.8236668], [17.8137126, 44.8236416], [17.813696, 44.8236148], [17.8136842, 44.8235863], [17.8136652, 44.8235577], [17.8136534, 44.8235258], [17.8135966, 44.8234251], [17.8135777, 44.8233966], [17.8135611, 44.8233563], [17.8135516, 44.823316], [17.813554, 44.8232807], [17.813554, 44.8232438], [17.8135635, 44.8232102], [17.8135777, 44.8231767], [17.813599, 44.8231448], [17.813625, 44.8231162], [17.8136558, 44.8230894], [17.8136842, 44.8230625], [17.8137197, 44.8230424], [17.8137623, 44.8230189], [17.8138309, 44.8229853], [17.8138806, 44.8229736], [17.8139303, 44.8229652], [17.8140226, 44.8229652], [17.8140889, 44.8229752], [17.8141386, 44.8229887], [17.8141859, 44.8230105], [17.814219, 44.823034], [17.8142474, 44.8230642], [17.8142592, 44.8231079], [17.8142592, 44.8231465], [17.8142545, 44.82318], [17.8142474, 44.8232186], [17.8142403, 44.8232505], [17.8142403, 44.8232858], [17.814245, 44.8233294], [17.814264, 44.8233647], [17.8142876, 44.8233949], [17.814316, 44.8234184], [17.8143468, 44.8234369], [17.8143823, 44.8234553], [17.8144344, 44.8234771], [17.8144722, 44.8234889], [17.8145101, 44.823499], [17.8145669, 44.8235074], [17.8146119, 44.8235124], [17.8146545, 44.8235124], [17.8147231, 44.8235057], [17.8147775, 44.8234973], [17.8148272, 44.8234822], [17.8148698, 44.8234654], [17.814903, 44.8234469], [17.814929, 44.8234167], [17.8149408, 44.8233882], [17.8149456, 44.8233596], [17.8149456, 44.823321], [17.8149361, 44.8232791], [17.8149219, 44.8232421], [17.8149124, 44.8232035], [17.814903, 44.823133], [17.8148935, 44.8229803], [17.8148935, 44.8229433], [17.8148959, 44.8229131], [17.8149266, 44.822841], [17.8149479, 44.8228091], [17.8149834, 44.8227604], [17.8150071, 44.8227335], [17.8150473, 44.8226949], [17.8150828, 44.822663], [17.8151349, 44.8226244], [17.8151846, 44.8225892], [17.8152201, 44.8225623], [17.8153077, 44.8225035], [17.8153479, 44.82247], [17.8153834, 44.8224431], [17.8154236, 44.8224146], [17.8154591, 44.8223844], [17.8154899, 44.8223609], [17.8155254, 44.8223155], [17.8155396, 44.822282], [17.815542, 44.8222484], [17.815542, 44.8221779], [17.8155396, 44.8221426], [17.8155325, 44.8221024], [17.8155325, 44.8220268], [17.8155396, 44.8219966], [17.8155491, 44.8219647], [17.8155656, 44.8219278], [17.8155798, 44.8219009], [17.8156082, 44.8218657], [17.8156461, 44.8218455], [17.8157266, 44.8218287], [17.8157668, 44.8218187], [17.815807, 44.8218019], [17.8158449, 44.8217851], [17.8158828, 44.8217683], [17.8159301, 44.8217515], [17.8159751, 44.8217482], [17.8160035, 44.8217717], [17.8160295, 44.8218069], [17.8160508, 44.8218321], [17.8160697, 44.8218673], [17.816091, 44.8219043], [17.8161052, 44.8219362], [17.81611, 44.8219681], [17.8161076, 44.8219949], [17.8161076, 44.8220251], [17.8161029, 44.8220906], [17.8161029, 44.8221645], [17.8160981, 44.8222366], [17.8160981, 44.8222669], [17.8161029, 44.8223055], [17.81611, 44.822339], [17.8161218, 44.8223726], [17.8161313, 44.8224011], [17.8161573, 44.8224633], [17.8161691, 44.8224935], [17.8161951, 44.8225556], [17.8162046, 44.8226127], [17.8162188, 44.8226412], [17.8162614, 44.8227083], [17.8162827, 44.8227352], [17.816304, 44.8227587], [17.8163987, 44.8228342], [17.816446, 44.8228594], [17.8164839, 44.8228745], [17.8165407, 44.8228997], [17.8165904, 44.8229198], [17.8166259, 44.8229383], [17.8166708, 44.8229635], [17.8167205, 44.8229887], [17.8167631, 44.8230122], [17.8167963, 44.8230306], [17.8168365, 44.8230592], [17.8168649, 44.8230844], [17.8169004, 44.8231162], [17.8169217, 44.8231431], [17.816943, 44.8231716], [17.8169832, 44.8232337], [17.8169998, 44.8232724], [17.8170211, 44.823316], [17.8170732, 44.8233932], [17.8170992, 44.8234335], [17.8171252, 44.823462], [17.8171489, 44.8234872], [17.8171939, 44.8235409], [17.8172199, 44.8235711], [17.8172459, 44.8235946], [17.8172862, 44.8236299], [17.8173335, 44.8236568], [17.8173808, 44.8236719], [17.8174234, 44.8236803], [17.8174731, 44.8236836], [17.8175276, 44.8236853], [17.8175773, 44.823687], [17.8176861, 44.823687], [17.8177335, 44.8236819], [17.8177737, 44.8236702], [17.8178045, 44.8236416], [17.8178116, 44.8236047], [17.8177382, 44.8235678], [17.8177027, 44.823546], [17.8176601, 44.8235241], [17.8176128, 44.8235023], [17.8175749, 44.8234839], [17.8175394, 44.8234704], [17.8174921, 44.8234536], [17.8174589, 44.8234385], [17.8174282, 44.823415], [17.8174045, 44.8233899], [17.8173856, 44.8233596], [17.8173737, 44.8233277], [17.8173761, 44.8232807], [17.8173903, 44.8232522], [17.8174305, 44.8232203], [17.8174779, 44.8232002], [17.8175134, 44.8231817], [17.8175489, 44.8231549], [17.8176057, 44.8231011], [17.8176388, 44.8230676], [17.8176601, 44.8230424], [17.8177311, 44.8229786], [17.8177666, 44.8229635], [17.8178092, 44.8229685], [17.8178565, 44.8229803], [17.817911, 44.8229971], [17.8179512, 44.8230088], [17.8179962, 44.823029], [17.8180293, 44.8230474], [17.8180648, 44.8230642], [17.8181263, 44.8230894], [17.8181784, 44.8231011], [17.8182281, 44.8231129], [17.8182778, 44.8231129], [17.818318, 44.8231112], [17.8183701, 44.8231062], [17.8184056, 44.8230894], [17.8184482, 44.8230676], [17.818486, 44.8230407], [17.8185144, 44.8230105], [17.818531, 44.8229769], [17.8185334, 44.82294], [17.818531, 44.8229081], [17.8185002, 44.8228863], [17.8184103, 44.8228863], [17.8183677, 44.8228846], [17.8182636, 44.8228829], [17.8182162, 44.8228796], [17.8181713, 44.8228712], [17.818131, 44.8228594], [17.8180884, 44.8228426], [17.8180482, 44.8228208], [17.8180104, 44.822804], [17.8179678, 44.8227839], [17.8179299, 44.8227671], [17.8178826, 44.8227436], [17.8178542, 44.8227218], [17.8178305, 44.8226916], [17.8178329, 44.822658], [17.81784, 44.8226294], [17.8178589, 44.8225975], [17.8178707, 44.822569], [17.8178802, 44.8225354], [17.8178849, 44.8225035], [17.8178944, 44.8224616], [17.8179181, 44.8224196], [17.8179394, 44.8223911], [17.8179701, 44.8223676], [17.8180175, 44.822339], [17.818053, 44.8223189], [17.8180932, 44.8222954], [17.8181263, 44.8222769], [17.8181973, 44.8222417], [17.8182423, 44.8222165], [17.818273, 44.822193], [17.8183251, 44.8221393], [17.8183559, 44.8221107], [17.8184174, 44.8220671], [17.8184624, 44.8220369], [17.8184979, 44.8220167], [17.8185357, 44.8219899], [17.8186044, 44.8219429], [17.8186422, 44.8219278], [17.8186825, 44.8219076], [17.8187298, 44.8218925], [17.8187819, 44.8218925], [17.8188245, 44.8218976], [17.81886, 44.8219143], [17.8188884, 44.8219378], [17.8189191, 44.8219613], [17.8189475, 44.8219865], [17.8189712, 44.8220167], [17.8189925, 44.8220503], [17.8190185, 44.8220738], [17.8190422, 44.8220956], [17.8190659, 44.8221208], [17.8190848, 44.822151], [17.8190966, 44.8221812], [17.8191061, 44.8222081], [17.8191132, 44.8222383], [17.8191274, 44.8222669], [17.8191463, 44.8222937], [17.8191724, 44.8223206], [17.8192031, 44.8223458], [17.8192292, 44.8223693], [17.8192647, 44.8223978], [17.8192954, 44.8224247], [17.8193191, 44.8224482], [17.8193499, 44.8224784], [17.8193712, 44.8225019], [17.8193925, 44.8225287], [17.819409, 44.822564], [17.8194161, 44.8225908], [17.819428, 44.8226244], [17.8194422, 44.8226496], [17.8194611, 44.8226832], [17.81948, 44.8227167], [17.8194895, 44.8227436], [17.8194942, 44.8227721], [17.8195013, 44.8228057], [17.8195155, 44.8228326], [17.8195534, 44.8228477], [17.8195984, 44.8228527], [17.819641, 44.822851], [17.8196836, 44.822841], [17.8197238, 44.8228258], [17.8197569, 44.8228091], [17.8197924, 44.8227872], [17.8198232, 44.8227637], [17.819854, 44.8227352], [17.8198966, 44.8226832], [17.8199108, 44.8226513], [17.8199202, 44.8226227], [17.819925, 44.8225908], [17.819925, 44.8224918], [17.8199297, 44.8224633], [17.8199841, 44.822376], [17.8200078, 44.8223508], [17.8200362, 44.8223139], [17.8200551, 44.8222803], [17.8200622, 44.8222518], [17.8200575, 44.8222182], [17.8200409, 44.8221913], [17.8200054, 44.8221661], [17.8199723, 44.8221527], [17.8199344, 44.822146], [17.8198729, 44.8221342], [17.819835, 44.8221225], [17.8198019, 44.8221091], [17.8197711, 44.8220906], [17.8197498, 44.8220637], [17.8197333, 44.8220369], [17.8197167, 44.8220067], [17.8196978, 44.8219781], [17.8196788, 44.8219496], [17.8196575, 44.8219194], [17.8196362, 44.8218858], [17.8196173, 44.8218589], [17.819596, 44.8218338], [17.8195771, 44.8218052], [17.8195676, 44.821775], [17.8195652, 44.8217381], [17.8195652, 44.8217062], [17.819622, 44.821451], [17.8196244, 44.8214158], [17.8196339, 44.8213805], [17.8196481, 44.821352], [17.8196741, 44.8213251], [17.819712, 44.8213083], [17.8197451, 44.8212916], [17.8197877, 44.8212697], [17.8198232, 44.8212429], [17.8198611, 44.8212211], [17.8199084, 44.8211959], [17.8199463, 44.8211824], [17.8199936, 44.8211707], [17.8200433, 44.8211589], [17.8200882, 44.8211472], [17.8201379, 44.8211304], [17.8201687, 44.8211002], [17.8201876, 44.8210733], [17.8202089, 44.8210482], [17.8202468, 44.821028], [17.8202941, 44.8210129], [17.8203344, 44.8210062], [17.8203888, 44.8210028], [17.8204409, 44.8210028], [17.8204811, 44.8209995], [17.8205284, 44.8209877], [17.8205639, 44.8209743], [17.8206065, 44.8209709], [17.8206988, 44.820981], [17.8207391, 44.8209911], [17.820784, 44.8210028], [17.8208243, 44.8210163], [17.8208621, 44.8210297], [17.8208953, 44.8210431], [17.8209308, 44.8210599], [17.8209757, 44.8210767], [17.8210136, 44.8210918], [17.8210467, 44.8211103], [17.8210751, 44.8211287], [17.8210964, 44.8211506], [17.8211083, 44.8211791], [17.8211201, 44.8212093], [17.8211225, 44.8212395], [17.8211083, 44.8212983], [17.8210846, 44.8214275], [17.8210775, 44.8214577], [17.8210657, 44.8214863], [17.8210491, 44.8215115], [17.8210278, 44.8215383], [17.8209994, 44.8215635], [17.8209663, 44.821592], [17.8209402, 44.8216189], [17.8209213, 44.8216525], [17.820926, 44.8216827], [17.8209473, 44.8217062], [17.8209828, 44.821723], [17.8210207, 44.821733], [17.8210609, 44.8217431], [17.8211083, 44.8217515], [17.8211556, 44.8217599], [17.8212124, 44.8217683], [17.8212645, 44.8217784], [17.8213071, 44.8217901], [17.8213449, 44.8218052], [17.8214301, 44.8218455], [17.821468, 44.8218623], [17.8215106, 44.8218774], [17.8215603, 44.8218959], [17.8216076, 44.8219093], [17.8216692, 44.8219261], [17.821726, 44.8219412], [17.8217757, 44.8219546], [17.8218301, 44.8219681], [17.8218727, 44.8219798], [17.8219082, 44.8219899], [17.8219579, 44.8220016], [17.8220218, 44.8220235], [17.822062, 44.8220369], [17.8221022, 44.8220537], [17.8221496, 44.8220705], [17.8221945, 44.822094], [17.8222348, 44.8221107], [17.8222774, 44.8221292], [17.8223247, 44.822141], [17.8223768, 44.8221443], [17.8224241, 44.8221393], [17.8224691, 44.8221309], [17.8225117, 44.8221141], [17.8225543, 44.822099], [17.8225898, 44.8220822], [17.8226324, 44.8220621], [17.8226679, 44.822047], [17.8227081, 44.8220318], [17.822746, 44.8220201], [17.8227838, 44.822005], [17.8228028, 44.8219731], [17.8227815, 44.8219446], [17.8227389, 44.8219328], [17.8226986, 44.8219295], [17.8226584, 44.8219227], [17.8226182, 44.821916], [17.8225779, 44.8219026], [17.8225401, 44.8218841], [17.8225117, 44.821864], [17.8224762, 44.8218371], [17.8224478, 44.8218052], [17.8224288, 44.8217801], [17.8224123, 44.8217498], [17.8223957, 44.8217129], [17.8223957, 44.8216827], [17.8224241, 44.8216558], [17.8225353, 44.8216038], [17.8225921, 44.8215719], [17.8226253, 44.821545], [17.8226489, 44.8215148], [17.8226679, 44.8214611], [17.8226726, 44.8214275], [17.822675, 44.8213856], [17.8226513, 44.8213268], [17.8226371, 44.8213], [17.8226229, 44.8212714], [17.8226087, 44.8212378], [17.8225969, 44.8212026], [17.8225921, 44.821164], [17.8225921, 44.8210985], [17.8225969, 44.8210666], [17.8226253, 44.8208904], [17.8226395, 44.820845], [17.8226537, 44.8208165], [17.8226797, 44.820788], [17.8227152, 44.8207678], [17.8227602, 44.8207544], [17.8228122, 44.820741], [17.8228572, 44.8207208], [17.8229448, 44.8206788], [17.8229803, 44.8206621], [17.8230205, 44.8206469], [17.8230584, 44.8206369], [17.8231057, 44.8206234], [17.8231483, 44.8206151], [17.8232075, 44.8206067], [17.8232524, 44.8205999], [17.8232974, 44.8205932], [17.8233376, 44.8205832], [17.8233755, 44.8205714], [17.8234228, 44.8205529], [17.823456, 44.8205278], [17.8234702, 44.8204992], [17.8234891, 44.820469], [17.8235009, 44.8204421], [17.8235151, 44.8204153], [17.8235909, 44.8203162], [17.8236051, 44.820281], [17.8236193, 44.820239], [17.8236335, 44.8202021], [17.8236619, 44.8201635], [17.823695, 44.8201249], [17.8237187, 44.8201014], [17.8237542, 44.8200762], [17.8238086, 44.8200493], [17.8238512, 44.8200325], [17.8238985, 44.8200191], [17.8239387, 44.820009], [17.8239813, 44.8200074], [17.8240239, 44.8200124], [17.8240571, 44.8200309], [17.8240831, 44.8200527], [17.8240997, 44.8200762], [17.824121, 44.8201047], [17.8241375, 44.8201366], [17.8241446, 44.8201702], [17.824147, 44.8202004], [17.824147, 44.820234], [17.8241423, 44.8202676], [17.8241352, 44.8202944], [17.8241257, 44.8203297], [17.8241257, 44.8203616], [17.8241304, 44.8203918], [17.8241375, 44.8204203], [17.8241612, 44.8204489], [17.8241943, 44.8204774], [17.8242417, 44.8204908], [17.8242985, 44.8204908], [17.8243411, 44.8204858], [17.8243884, 44.8204757], [17.8244357, 44.8204606], [17.8244736, 44.8204388], [17.8244973, 44.8204069], [17.8244973, 44.8203448], [17.8244925, 44.8203146], [17.8244925, 44.8201769], [17.8244831, 44.8201031], [17.8244736, 44.8200611], [17.8244618, 44.819999], [17.8244452, 44.8199671], [17.8244263, 44.8199301], [17.8244239, 44.8198932], [17.8244357, 44.8198647], [17.8244618, 44.8198345], [17.8244925, 44.8198076], [17.8245351, 44.8197858], [17.8245801, 44.8197707], [17.8246251, 44.8197572], [17.8246677, 44.8197438], [17.8247079, 44.819722], [17.8247363, 44.8196968], [17.8247671, 44.8196733], [17.8248097, 44.8196599], [17.8248546, 44.8196548], [17.824902, 44.8196532], [17.8249517, 44.8196532], [17.8250014, 44.8196548], [17.8250487, 44.8196649], [17.8250937, 44.819675], [17.8251363, 44.8196867], [17.8251883, 44.8196968], [17.8252309, 44.8197035], [17.8252759, 44.8197052], [17.8253682, 44.8197052], [17.8254132, 44.8197018], [17.8254558, 44.8196951], [17.825496, 44.8196817], [17.8255386, 44.8196683], [17.8255812, 44.8196548], [17.8256285, 44.8196397], [17.8256688, 44.8196297], [17.8257752, 44.8195944], [17.8258131, 44.8195743], [17.8258486, 44.8195591], [17.8258959, 44.8195457], [17.825948, 44.819539], [17.8259953, 44.8195407], [17.8260403, 44.8195541], [17.8260853, 44.8195743], [17.8261255, 44.8195994], [17.8261539, 44.8196246], [17.8261799, 44.8196565], [17.8261823, 44.8196867], [17.8261799, 44.8197153], [17.8261657, 44.8197455], [17.8261397, 44.8197791], [17.8261208, 44.8198042], [17.8261089, 44.8198311], [17.8260995, 44.8198647], [17.8260995, 44.8198932], [17.8261066, 44.8199234], [17.8261231, 44.8199503], [17.8261563, 44.8199721], [17.8262036, 44.8199788], [17.8262486, 44.8199755], [17.8262935, 44.8199721], [17.8263764, 44.8199704], [17.8264355, 44.8199738], [17.8264758, 44.8199839], [17.8265255, 44.8200074], [17.8265775, 44.8200342], [17.826613, 44.820056], [17.8266462, 44.8200829], [17.8266698, 44.8201081], [17.8266911, 44.8201333], [17.8267243, 44.8201618], [17.8267621, 44.8201702], [17.8268142, 44.8201719], [17.8268592, 44.8201668], [17.8268994, 44.8201568], [17.8269396, 44.8201417], [17.826987, 44.8201299], [17.8270319, 44.8201266], [17.8270722, 44.8201198], [17.8271148, 44.8201064], [17.8271503, 44.8200896], [17.8271834, 44.8200678], [17.8272118, 44.820046], [17.8272355, 44.8200174], [17.8272331, 44.8199889], [17.8272071, 44.8199688], [17.827181, 44.8199436], [17.8271716, 44.8199134], [17.8271739, 44.8198848], [17.8271929, 44.8198244], [17.8272094, 44.8197942], [17.8272307, 44.819769], [17.8272378, 44.8197404], [17.8272284, 44.8197119], [17.8271952, 44.8196884], [17.8271597, 44.8196767], [17.8271171, 44.8196683], [17.8270627, 44.8196632], [17.827013, 44.8196599], [17.826968, 44.8196599], [17.8268852, 44.8196498], [17.8268473, 44.8196347], [17.8267882, 44.8195877], [17.8267456, 44.819581], [17.826703, 44.8195827], [17.8266698, 44.8195659], [17.8266509, 44.8195424], [17.8266367, 44.8195121], [17.8266462, 44.8194366], [17.8266485, 44.8194064], [17.8266485, 44.8193778], [17.8266533, 44.8193409], [17.8266556, 44.819309], [17.8266769, 44.8192822], [17.8267124, 44.819257], [17.8267621, 44.8192318], [17.8268095, 44.8192117], [17.8268473, 44.8191999], [17.8268923, 44.8191882], [17.8269373, 44.8191798], [17.8270461, 44.8191814], [17.8271053, 44.8191764], [17.827155, 44.819163], [17.8271905, 44.8191445], [17.8272284, 44.8191294], [17.8272686, 44.8191193], [17.8273088, 44.8191143], [17.8273514, 44.8191143], [17.8273917, 44.8191176], [17.827439, 44.8191176], [17.8274792, 44.8191076], [17.8275171, 44.8190958], [17.8275573, 44.8190841], [17.8275952, 44.8190723], [17.8276354, 44.8190589], [17.8276828, 44.8190421], [17.8277135, 44.8190186], [17.8277372, 44.8189884], [17.827749, 44.8189514], [17.8277537, 44.8189229], [17.8277514, 44.8188877], [17.8277419, 44.8188591], [17.8277206, 44.8188272], [17.8276946, 44.818797], [17.8276686, 44.8187668], [17.8276473, 44.8187433], [17.8275857, 44.8186426], [17.8275597, 44.8185905], [17.8275455, 44.8185603], [17.8275313, 44.8185301], [17.8275171, 44.8185032], [17.8275076, 44.8184646], [17.8275076, 44.8184327], [17.8275147, 44.8184008], [17.827536, 44.8183337], [17.8275479, 44.8182984], [17.8275644, 44.8182665], [17.8275928, 44.8182397], [17.8276331, 44.8182178], [17.8276851, 44.8181927], [17.8277159, 44.8181725], [17.8277537, 44.8181507], [17.8277916, 44.8181272], [17.8278247, 44.8181087], [17.8278579, 44.8180886], [17.8278981, 44.8180768], [17.8279549, 44.8180819], [17.8279975, 44.8180936], [17.8280354, 44.8181121], [17.8280685, 44.8181322], [17.828104, 44.8181608], [17.82813, 44.8181859], [17.8281561, 44.8182128], [17.8281845, 44.8182397], [17.8283099, 44.8183824], [17.8283288, 44.8184092], [17.8283525, 44.8184327], [17.8283833, 44.8184562], [17.8284164, 44.8184747], [17.8284519, 44.8184898], [17.8284898, 44.8185049], [17.8285347, 44.8185217], [17.8285702, 44.8185334], [17.8286176, 44.8185519], [17.8286507, 44.8185687], [17.8286862, 44.8185855], [17.8287217, 44.8186107], [17.8287548, 44.8186375], [17.8287761, 44.8186593], [17.8287998, 44.8186829], [17.8288282, 44.8187097], [17.8288519, 44.8187332], [17.8288779, 44.8187584], [17.8289063, 44.8187869], [17.8289323, 44.8188138], [17.8289536, 44.8188373], [17.8289726, 44.8188658], [17.8289844, 44.8188977], [17.8289962, 44.8189279], [17.8290081, 44.8189582], [17.8290246, 44.818985], [17.829053, 44.8190052], [17.8290909, 44.8190119], [17.8291311, 44.8190085], [17.8292163, 44.8189901], [17.8292968, 44.8189649], [17.8293347, 44.8189481], [17.8293702, 44.818933], [17.8294104, 44.8189179], [17.829453, 44.8188977], [17.8295784, 44.8188407], [17.8296234, 44.8188155], [17.829905, 44.8186577], [17.8299452, 44.8186375], [17.8299784, 44.8186123], [17.8300162, 44.8185838], [17.8300494, 44.8185553], [17.8300754, 44.8185284], [17.8301085, 44.8184948], [17.8301275, 44.8184696], [17.8301511, 44.8184411], [17.8301724, 44.8184159], [17.8302056, 44.8183924], [17.8302387, 44.8183756], [17.8302789, 44.8183538], [17.8303097, 44.8183286], [17.8303192, 44.8182934], [17.8303192, 44.8182615], [17.8303144, 44.8182262], [17.8303002, 44.818201], [17.8302671, 44.8181826], [17.830215, 44.8181826], [17.8301748, 44.8181859], [17.8301298, 44.818196], [17.8300896, 44.8182061], [17.8300399, 44.8182145], [17.8299784, 44.8182413], [17.8299358, 44.8182548], [17.8298908, 44.8182682], [17.8298435, 44.8182816], [17.8298056, 44.8182883], [17.8297606, 44.8182967], [17.8297228, 44.8182967], [17.8296754, 44.8182867], [17.8296376, 44.8182749], [17.8296045, 44.8182598], [17.8295737, 44.818243], [17.8295406, 44.8182212], [17.8295145, 44.8181994], [17.8294956, 44.8181708], [17.8294956, 44.8181423], [17.8295051, 44.8181104], [17.8295311, 44.8180819], [17.8295571, 44.8180567], [17.829595, 44.8180315], [17.8296234, 44.8180063], [17.8296565, 44.8179778], [17.8296873, 44.8179459], [17.829718, 44.8179173], [17.8298103, 44.8178586], [17.8298553, 44.8178418], [17.8298908, 44.8178216], [17.8299192, 44.8177998], [17.8299358, 44.8177713], [17.8299429, 44.8177344], [17.8299381, 44.8177041], [17.8299216, 44.8176739], [17.8298955, 44.8176504], [17.8298695, 44.8176269], [17.8298506, 44.8176017], [17.8298316, 44.8175765], [17.829808, 44.817548], [17.8297819, 44.8175195], [17.8297606, 44.8174926], [17.829737, 44.8174641], [17.8297204, 44.8174389], [17.8296849, 44.8173952], [17.8295642, 44.8173096], [17.8295335, 44.8172878], [17.829498, 44.8172626], [17.8294767, 44.8172391], [17.8294601, 44.8172106], [17.8294648, 44.8171804], [17.829479, 44.8171501], [17.8295027, 44.8171199], [17.8295287, 44.8170931], [17.82955, 44.8170662], [17.8295761, 44.817041], [17.8296068, 44.8170175], [17.8297086, 44.816947], [17.8297488, 44.8169285], [17.8297914, 44.8169218], [17.829834, 44.8169285], [17.8298719, 44.8169436], [17.8299168, 44.8169621], [17.8299547, 44.8169806], [17.8299926, 44.8169957], [17.8300375, 44.8170142], [17.8300754, 44.8170343], [17.830118, 44.8170561], [17.830163, 44.817088], [17.8302008, 44.8171182], [17.8302363, 44.8171417], [17.8302718, 44.8171552], [17.8303121, 44.8171703], [17.8303594, 44.8171804], [17.8304588, 44.8171804], [17.8305156, 44.8171703], [17.8305487, 44.8171518], [17.8305724, 44.817125], [17.8305961, 44.8170964], [17.8306126, 44.8170612], [17.8306174, 44.8170242], [17.8306174, 44.8168983], [17.8306197, 44.816858], [17.8306245, 44.8168278], [17.8306339, 44.8167942], [17.8306955, 44.8167086], [17.8307215, 44.816675], [17.8307428, 44.8166415], [17.830757, 44.8166112], [17.8307641, 44.8165743], [17.8307641, 44.8165156], [17.8307546, 44.816487], [17.8307523, 44.8164551], [17.8307523, 44.8164249], [17.830757, 44.816388], [17.8307688, 44.8163577], [17.8307901, 44.8163242], [17.8308209, 44.816299], [17.8308588, 44.8162788], [17.8309037, 44.8162654], [17.8309487, 44.8162587], [17.8309984, 44.8162537], [17.831041, 44.816252], [17.8312209, 44.816252], [17.8312658, 44.8162537], [17.8313132, 44.816257], [17.8313581, 44.8162621], [17.8313936, 44.8162721], [17.8314197, 44.8162956], [17.8314291, 44.8163242], [17.8314528, 44.8163477], [17.8314954, 44.816346], [17.8315285, 44.8163275], [17.8315356, 44.8162973], [17.8315427, 44.8162671], [17.8315451, 44.8162335], [17.8315498, 44.8161949], [17.8315711, 44.8161244], [17.8315829, 44.8160975], [17.8316042, 44.816074], [17.831635, 44.8160488], [17.8316681, 44.8160304], [17.8316989, 44.8160119], [17.8317391, 44.8159934], [17.8317794, 44.815975], [17.8318196, 44.8159632], [17.8318669, 44.8159498], [17.8319095, 44.8159414], [17.8319711, 44.815928], [17.8320184, 44.8159162], [17.8320515, 44.8159011], [17.8320776, 44.8158759], [17.8320894, 44.8158474], [17.8321036, 44.8157819], [17.8321036, 44.8157517], [17.8321012, 44.8157181], [17.8320918, 44.8156845], [17.8320728, 44.815656], [17.8320468, 44.8156275], [17.832016, 44.8155939], [17.8319947, 44.8155653], [17.8319782, 44.8155402], [17.8319663, 44.8155032], [17.8319592, 44.815468], [17.8319474, 44.8154411], [17.8319592, 44.815285], [17.8319569, 44.8152497], [17.8319545, 44.8152027], [17.8319592, 44.8151641], [17.8320017, 44.8151559], [17.8320444, 44.8151507], [17.8320799, 44.8151356], [17.8320989, 44.815107], [17.8321178, 44.8150818], [17.8321344, 44.8150533], [17.832158, 44.8150231], [17.8321746, 44.8149912], [17.8321912, 44.8149593], [17.8322054, 44.8149291], [17.8322148, 44.8148988], [17.8322338, 44.8148669], [17.8322693, 44.8148518], [17.832319, 44.8148451], [17.8323734, 44.8148418], [17.8324255, 44.8148418], [17.8324823, 44.8148451], [17.8325343, 44.8148518], [17.8325769, 44.8148636], [17.8326148, 44.814872], [17.8326574, 44.8148854], [17.8327024, 44.8149005], [17.8327402, 44.8149123], [17.8327876, 44.8149257], [17.8328396, 44.8149358], [17.8328846, 44.8149425], [17.8329367, 44.8149542], [17.8329745, 44.8149677], [17.83301, 44.8149878], [17.8330337, 44.8150096], [17.8330597, 44.8150365], [17.8330929, 44.8150684], [17.833126, 44.8150969], [17.8331591, 44.8151272], [17.8332467, 44.8151994], [17.8332893, 44.8152312], [17.8333153, 44.8152514], [17.8333579, 44.8152799], [17.8333887, 44.8153001], [17.833436, 44.8153236], [17.833481, 44.8153437], [17.8335662, 44.8153689], [17.8336135, 44.8153773], [17.8336608, 44.8153823], [17.8337082, 44.8153723], [17.8337437, 44.8153488], [17.8337673, 44.8153219], [17.8337934, 44.81529], [17.8338099, 44.8152564], [17.8338099, 44.8152212], [17.8337981, 44.8151926], [17.8337839, 44.8151591], [17.8337602, 44.8151204], [17.8337437, 44.8150835], [17.8337295, 44.8150415], [17.8337176, 44.8150046], [17.8337058, 44.8149307], [17.8336987, 44.8148972], [17.8336916, 44.8148585], [17.8336821, 44.8148216], [17.833675, 44.8147813], [17.833675, 44.8147477], [17.8336774, 44.8147158], [17.8336845, 44.8146856], [17.833694, 44.8146487], [17.8337058, 44.8146118], [17.8338099, 44.8144607], [17.8338383, 44.8144304], [17.8338762, 44.8144086], [17.8339117, 44.8143868], [17.8339496, 44.8143666], [17.8340253, 44.8143364], [17.8340679, 44.8143163], [17.8341271, 44.8142995], [17.8341862, 44.8142944], [17.8342454, 44.8142961], [17.834288, 44.8143045], [17.8343282, 44.8143247], [17.8343566, 44.8143482], [17.834385, 44.8143734], [17.8344371, 44.8144204], [17.8344631, 44.8144439], [17.8344963, 44.814459], [17.8345389, 44.814469], [17.8345862, 44.814469], [17.8346312, 44.814464], [17.8346667, 44.8144455], [17.8346856, 44.8144187], [17.8346927, 44.8143868], [17.8347022, 44.8143566], [17.8347187, 44.8143196], [17.8347448, 44.8142978], [17.8347755, 44.8142777], [17.8348063, 44.8142525], [17.83483, 44.8142256], [17.8348749, 44.8142139], [17.8349152, 44.8142206], [17.8349554, 44.8142306], [17.8350051, 44.8142508], [17.8350335, 44.8142726], [17.8350595, 44.8142995], [17.8350832, 44.8143247], [17.8351045, 44.8143498], [17.8351282, 44.8143767], [17.8351471, 44.8144019], [17.8351731, 44.8144288], [17.8352086, 44.8144539], [17.8352512, 44.8144825], [17.8352891, 44.814506], [17.835327, 44.8145261], [17.8353719, 44.8145446], [17.8354121, 44.8145547], [17.8354571, 44.8145647], [17.835779, 44.8146403], [17.8358973, 44.8146655], [17.835947, 44.8146772], [17.8360038, 44.814689], [17.8360748, 44.8146991], [17.836115, 44.8147091], [17.8361553, 44.8147276], [17.8361979, 44.8147561], [17.836231, 44.8147746], [17.8362689, 44.8147864], [17.8363091, 44.8147947], [17.8363588, 44.8148065], [17.8364085, 44.8148199], [17.8364464, 44.8148434], [17.8365292, 44.8149123], [17.83656, 44.8149425], [17.8365907, 44.8149744], [17.8366191, 44.8150012], [17.8366523, 44.8150248], [17.8366949, 44.8150449], [17.8367327, 44.815055], [17.8367848, 44.8150667], [17.836825, 44.8150667], [17.8368724, 44.815065], [17.836915, 44.8150516], [17.8369552, 44.8150348], [17.8370002, 44.8150113], [17.8370451, 44.8149895], [17.8370806, 44.8149744], [17.8371232, 44.8149542], [17.8371658, 44.8149475], [17.8372179, 44.8149475], [17.8372652, 44.8149442], [17.8373078, 44.8149358], [17.8373528, 44.814924], [17.8373859, 44.8148988], [17.8373954, 44.8148686], [17.8374096, 44.814835], [17.8374214, 44.8147998], [17.8374214, 44.8147679], [17.8374096, 44.814736], [17.8373859, 44.8146991], [17.8373599, 44.8146772], [17.8373315, 44.8146571], [17.8372984, 44.8146336], [17.8372771, 44.8146034], [17.8372723, 44.8145731], [17.8372865, 44.8145429], [17.8373197, 44.8145228], [17.8373622, 44.8145144], [17.8375066, 44.8145144], [17.8375587, 44.8145194], [17.8376036, 44.8145245], [17.8376462, 44.8145295], [17.8377409, 44.8145312], [17.8377835, 44.8145211], [17.8378237, 44.8145043], [17.8378427, 44.8144774], [17.8378308, 44.8144489], [17.8378048, 44.814422], [17.8377764, 44.8144002], [17.8377409, 44.8143767], [17.8376344, 44.8143045], [17.8376036, 44.8142793], [17.8375871, 44.8142491], [17.83758, 44.8142155], [17.83758, 44.8141484], [17.8375681, 44.8141215], [17.8375445, 44.8140896], [17.8375161, 44.8140644], [17.83749, 44.8140409], [17.8374735, 44.8140124], [17.8374616, 44.8139822], [17.8374522, 44.813952], [17.8374498, 44.8139184], [17.8374498, 44.8138798], [17.8374545, 44.8138479], [17.837464, 44.8137992], [17.8374758, 44.813769], [17.8374924, 44.8137371], [17.8375137, 44.8137068], [17.8375468, 44.8136817], [17.8375871, 44.8136632], [17.8376344, 44.8136464], [17.8376746, 44.8136296], [17.8377622, 44.813596], [17.8378048, 44.8135826], [17.837845, 44.8135675], [17.8379231, 44.8135356], [17.8379586, 44.8135222], [17.8379989, 44.8135121], [17.8380438, 44.8135087], [17.8380912, 44.8135087], [17.8381385, 44.8135121], [17.8381882, 44.8135205], [17.8382332, 44.8135272], [17.8382876, 44.8135406], [17.8383278, 44.813549], [17.8383681, 44.8135574], [17.8384107, 44.8135641], [17.8384485, 44.8135725], [17.8385077, 44.8135843], [17.8385503, 44.8135977], [17.8385953, 44.8136162], [17.8386331, 44.8136363], [17.8386663, 44.8136498], [17.838716, 44.8136481], [17.8387562, 44.813643], [17.8387633, 44.8136145], [17.8387515, 44.8135876], [17.8387231, 44.8135608], [17.8386592, 44.8135154], [17.8386047, 44.8134718], [17.8385811, 44.8134466], [17.8385669, 44.8134197], [17.8385621, 44.8133912], [17.8385621, 44.8132938], [17.8385598, 44.8132586], [17.8385574, 44.8132284], [17.8385408, 44.8131679], [17.8385266, 44.8131377], [17.8385195, 44.8131075], [17.8385195, 44.8130739], [17.8385219, 44.8130437], [17.8385337, 44.8130151], [17.838555, 44.8129849], [17.8386166, 44.8128892], [17.8386473, 44.8128623], [17.8386781, 44.8128405], [17.838716, 44.8128271], [17.8387586, 44.8128237], [17.8388461, 44.8128237], [17.8388887, 44.8128288], [17.8389787, 44.8128305], [17.8390213, 44.8128187], [17.8390497, 44.8127969], [17.8390781, 44.8127717], [17.8391041, 44.8127499], [17.839142, 44.8127314], [17.8391822, 44.812723], [17.8392224, 44.812723], [17.8392674, 44.8127247], [17.8393123, 44.812728], [17.839407, 44.8127431], [17.8394922, 44.8127465], [17.8395372, 44.8127465], [17.8395798, 44.8127398], [17.8396176, 44.8127247], [17.8396508, 44.8127045], [17.8396744, 44.8126777], [17.839691, 44.8126474], [17.8397005, 44.8126155], [17.8397076, 44.8125803], [17.8397076, 44.8125199], [17.8397123, 44.8124896], [17.8397407, 44.8124661], [17.8397786, 44.8124493], [17.8397999, 44.8124225], [17.8397975, 44.8123906], [17.8397857, 44.812362], [17.839762, 44.8123368], [17.8397407, 44.8123117], [17.8397147, 44.8122898], [17.8396863, 44.8122697], [17.8396555, 44.8122529], [17.8396247, 44.8122344], [17.8395892, 44.812216], [17.8395585, 44.8121992], [17.8395206, 44.8121807], [17.8394922, 44.8121589], [17.8394638, 44.8121337], [17.8393745, 44.8120856], [17.8393544, 44.8120642], [17.8393277, 44.8120357], [17.8393025, 44.8120179], [17.8392758, 44.8119989], [17.839249, 44.8119858], [17.8392222, 44.8119775], [17.8391603, 44.8119775], [17.8388474, 44.8121176], [17.8388139, 44.8121259], [17.8387871, 44.8121319], [17.838757, 44.8121319], [17.8387185, 44.8121295], [17.8386834, 44.8121259], [17.8386516, 44.8121212], [17.8386215, 44.8121164], [17.8385913, 44.8121093], [17.8385629, 44.8120974], [17.8385344, 44.8120808], [17.8385144, 44.8120678], [17.8384943, 44.8120488], [17.838337, 44.8117389], [17.8382817, 44.8117104], [17.838265, 44.8116938], [17.8382516, 44.8116736], [17.8382483, 44.8116534], [17.8382483, 44.8116309], [17.8382516, 44.8116083], [17.8383621, 44.8114599], [17.8384139, 44.8114195], [17.8384441, 44.8114101], [17.8384842, 44.8114006], [17.8385528, 44.8113827], [17.838588, 44.8113721], [17.8386131, 44.8113614], [17.8386365, 44.8113495], [17.8386532, 44.8113317], [17.8386683, 44.8113139], [17.8386951, 44.811283], [17.8387118, 44.8112593], [17.8387603, 44.8112142], [17.8387871, 44.8111987], [17.8388122, 44.8111869], [17.8388474, 44.8111726], [17.8388741, 44.8111643], [17.8389059, 44.811156], [17.8391084, 44.8111275], [17.8391419, 44.8111204], [17.839172, 44.8111121], [17.8392005, 44.8110954], [17.8392155, 44.8110729], [17.8392239, 44.8110503], [17.8392239, 44.8110052], [17.8392189, 44.8109815], [17.8391988, 44.8109423], [17.8391637, 44.8108604], [17.8391386, 44.8108402], [17.8391185, 44.8108259], [17.8390934, 44.8108129], [17.8390616, 44.810801], [17.8390298, 44.8107951], [17.8389444, 44.8107951], [17.8388758, 44.8107986], [17.8388239, 44.8107998], [17.8387855, 44.8107998], [17.8387386, 44.8107986], [17.8387101, 44.8107963], [17.8386733, 44.8107868], [17.8386449, 44.8107737], [17.8386181, 44.8107583], [17.8385964, 44.8107322], [17.8385796, 44.8106989], [17.8385729, 44.8106799], [17.8385595, 44.8106609], [17.8385428, 44.8106431], [17.8384892, 44.8106075], [17.8384374, 44.8105802], [17.8384139, 44.8105659], [17.8383855, 44.8105458], [17.8383236, 44.8104259], [17.8382248, 44.8105315], [17.8382098, 44.8104852], [17.8382064, 44.8104401], [17.8382064, 44.8103522], [17.8382131, 44.8103071], [17.8382399, 44.8102549], [17.8382667, 44.8102074], [17.8382968, 44.810167], [17.8383269, 44.8101314], [17.8383604, 44.8100982], [17.8384173, 44.8100721], [17.8384742, 44.8100578], [17.838598, 44.8100436], [17.8386549, 44.8100364], [17.8387185, 44.8100222], [17.8387788, 44.8100032], [17.8389026, 44.8099557], [17.8389695, 44.8099557], [17.8389662, 44.8099961], [17.839003, 44.8100269], [17.8390666, 44.8100198], [17.8391302, 44.8100222], [17.8391603, 44.8100578], [17.8392172, 44.8100436], [17.8392774, 44.8100459], [17.8393377, 44.8100459], [17.8393912, 44.8100341], [17.8394548, 44.8100269], [17.8395117, 44.8100388], [17.8395619, 44.8100602], [17.839649, 44.8101006], [17.8396757, 44.8101385], [17.8396958, 44.8101765], [17.8396992, 44.8102169], [17.8396958, 44.8102549], [17.8396791, 44.8102929], [17.8396891, 44.8103309], [17.8397192, 44.8103689], [17.839736, 44.8104069], [17.8397427, 44.8104496], [17.8397393, 44.8104947], [17.8397293, 44.8105351], [17.8397125, 44.8105754], [17.8397059, 44.8106182], [17.8397059, 44.8106609], [17.8397293, 44.8106965], [17.8397795, 44.8107132], [17.8398364, 44.8107108], [17.8398632, 44.8106728], [17.8398598, 44.8106229], [17.8398498, 44.8105826], [17.8398397, 44.810528], [17.8398364, 44.8104733], [17.8398364, 44.810433], [17.8398531, 44.8103902], [17.8398799, 44.8103451], [17.8399234, 44.8103119], [17.839987, 44.8102953], [17.8400439, 44.8102929], [17.8401142, 44.8102953], [17.8401744, 44.8103], [17.8402447, 44.8103071], [17.8402949, 44.8103214], [17.8403418, 44.8103522], [17.8403685, 44.8103902], [17.8403719, 44.8104282], [17.8403752, 44.8104686], [17.8403786, 44.8105137], [17.8403953, 44.8105541], [17.8404254, 44.8105921], [17.8404723, 44.8106206], [17.8405292, 44.8106372], [17.8405928, 44.8106443], [17.8406564, 44.8106491], [17.8407166, 44.8106514], [17.8407802, 44.8106514], [17.8408438, 44.8106467], [17.8408974, 44.8106301], [17.8409174, 44.8105897], [17.8408271, 44.8105422], [17.8407702, 44.8105185], [17.8407267, 44.8104947], [17.8406832, 44.8104662], [17.840643, 44.8104306], [17.8406095, 44.810395], [17.8405761, 44.810357], [17.8405392, 44.810319], [17.8405225, 44.810281], [17.8405225, 44.8101765], [17.8405258, 44.8101314], [17.8405392, 44.8100792], [17.840556, 44.8100317], [17.8406028, 44.8100079], [17.8406597, 44.8099937], [17.8407133, 44.8099676], [17.8407668, 44.8099367], [17.8408271, 44.809913], [17.8408806, 44.809894], [17.8409409, 44.8098869], [17.8410078, 44.8098869], [17.8410814, 44.8098987], [17.841135, 44.8099296], [17.8411651, 44.8099652], [17.8411885, 44.8100079], [17.8412086, 44.8100531], [17.841232, 44.8100911], [17.8412521, 44.810129], [17.8412822, 44.8101742], [17.8413023, 44.8102098], [17.8413191, 44.8102478], [17.8413391, 44.8102834], [17.8413626, 44.8103166], [17.8413827, 44.810357], [17.8414094, 44.8103926], [17.8414496, 44.8104235], [17.8415098, 44.8104354], [17.84155, 44.8104021], [17.84155, 44.8102691], [17.8415567, 44.8102288], [17.8415734, 44.810186], [17.8416203, 44.8101528], [17.8416705, 44.8101267], [17.8417207, 44.8101006], [17.8417709, 44.8100816], [17.8418311, 44.8100721], [17.841888, 44.8100721], [17.8419483, 44.8100744], [17.8420119, 44.8100816], [17.8420889, 44.8100863], [17.8422093, 44.8100863], [17.8422796, 44.8100792], [17.8423533, 44.8100649], [17.8424135, 44.8100436], [17.8424637, 44.8100198], [17.8425039, 44.8099866], [17.8425306, 44.8099462], [17.8425875, 44.8098631], [17.8426277, 44.8098299], [17.8426712, 44.8098014], [17.8427248, 44.8097824], [17.8427884, 44.8097729], [17.8429055, 44.8097681], [17.8429691, 44.8097586], [17.8430293, 44.8097396], [17.8430862, 44.8097088], [17.8430929, 44.8096684], [17.8430829, 44.809628], [17.8430561, 44.8095948], [17.8429992, 44.80959], [17.8429423, 44.8095877], [17.8428854, 44.8095877], [17.8428285, 44.8095829], [17.842775, 44.809571], [17.8427281, 44.8095521], [17.842688, 44.8095259], [17.8426478, 44.8094951], [17.8426177, 44.8094571], [17.8425976, 44.8094072], [17.8425842, 44.8093431], [17.8425875, 44.8092956], [17.8426478, 44.8092244], [17.8426846, 44.8091911], [17.8427382, 44.8091555], [17.842785, 44.8091318], [17.8428285, 44.8091033], [17.8429477, 44.8090417], [17.8429996, 44.8090643], [17.8432791, 44.8089076], [17.8433594, 44.8088992], [17.8436773, 44.8087758], [17.8437242, 44.8088755], [17.8437778, 44.8088518], [17.8437376, 44.8087746], [17.843761, 44.8087781], [17.8437945, 44.808777], [17.8438246, 44.808771], [17.8438547, 44.8087627], [17.8438865, 44.8087496], [17.843915, 44.8087378], [17.8439367, 44.8087235], [17.8439607, 44.8087032], [17.8439986, 44.8086528], [17.8440033, 44.8085923], [17.8440364, 44.8085319], [17.8441784, 44.8084849], [17.8442541, 44.8084647], [17.8443393, 44.808458], [17.8444293, 44.8084681], [17.8445003, 44.8084983], [17.8445665, 44.8085453], [17.8446091, 44.8085957], [17.8446517, 44.8086494], [17.8447085, 44.8087569], [17.8447227, 44.8088274], [17.8447227, 44.8089483], [17.8447275, 44.8090054], [17.8447511, 44.8090625], [17.8448079, 44.8091028], [17.8448979, 44.8091095], [17.8449783, 44.8090994], [17.8450493, 44.8090759], [17.8451156, 44.8090356], [17.8452008, 44.8090087], [17.8452907, 44.8090121], [17.8453712, 44.8090155], [17.8454706, 44.8090222], [17.8455653, 44.8090188], [17.8456221, 44.8089718], [17.8456363, 44.8089147], [17.8456268, 44.8088576], [17.8455605, 44.8087569], [17.8455085, 44.8086931], [17.8454611, 44.808636], [17.8454233, 44.8085756], [17.8453901, 44.8085252], [17.8453523, 44.8084715], [17.8453191, 44.8083976], [17.8453144, 44.8083271], [17.8453191, 44.8082599], [17.8453475, 44.8081457], [17.8453901, 44.8080953], [17.8454706, 44.8080853], [17.8455511, 44.8080886], [17.8457215, 44.8081021], [17.8458067, 44.8081054], [17.8459013, 44.8081054], [17.8459913, 44.8080987], [17.8460812, 44.8080886], [17.8461664, 44.8080651], [17.8462374, 44.8080315], [17.8463084, 44.8080013], [17.8463936, 44.8080047], [17.8464788, 44.8080282], [17.8465403, 44.8080718], [17.8466018, 44.8081189], [17.846635, 44.8081659], [17.8466444, 44.8082297], [17.8466302, 44.8082868], [17.8465924, 44.8083371], [17.8465214, 44.8083573], [17.8464551, 44.8083774], [17.8463841, 44.8084278], [17.8463415, 44.8084748], [17.8463084, 44.8085218], [17.8463131, 44.8085789], [17.8463604, 44.8086427], [17.8464409, 44.8086797], [17.8465308, 44.808683], [17.8466066, 44.8086629], [17.8466776, 44.8086326], [17.8467722, 44.808636], [17.8468527, 44.8086494], [17.8469474, 44.8086662], [17.8470184, 44.8086931], [17.8470894, 44.8087367], [17.8472077, 44.8088274], [17.8473308, 44.808908], [17.8474018, 44.8089315], [17.8475012, 44.8089584], [17.8475864, 44.8089584], [17.8476716, 44.8089483], [17.8477473, 44.8089282], [17.8478183, 44.8088979], [17.8478798, 44.8088576], [17.8479887, 44.8087838], [17.848036, 44.8087267], [17.8480881, 44.8086696], [17.8481638, 44.8086394], [17.8482348, 44.8086629], [17.8482774, 44.8087166], [17.8483247, 44.8088375], [17.8483579, 44.8088946], [17.8483957, 44.8089449], [17.8484573, 44.8089819], [17.848533, 44.8090054], [17.8486229, 44.8090155], [17.8487081, 44.8089987], [17.8487602, 44.8089517], [17.8487744, 44.8088879], [17.8487697, 44.8088207], [17.8487602, 44.8087502], [17.8487602, 44.8086931], [17.8487791, 44.808636], [17.8488501, 44.8085923], [17.8489306, 44.8085991], [17.8490111, 44.8086226], [17.8490726, 44.8086595], [17.8491294, 44.8087065], [17.8491815, 44.8087703], [17.8492193, 44.8088241], [17.8492619, 44.8088744], [17.8493471, 44.8088811], [17.8494323, 44.808861], [17.8494891, 44.8088073], [17.8495081, 44.8087435], [17.8495223, 44.8086864], [17.8495412, 44.8086259], [17.8495885, 44.8085722], [17.8496548, 44.8085252], [17.8497163, 44.8084782], [17.8497353, 44.8084177], [17.8497447, 44.8083539], [17.8497637, 44.8082901], [17.8498063, 44.808223], [17.8498631, 44.8081592], [17.849934, 44.8081088], [17.850005, 44.8080718], [17.8500808, 44.8080315], [17.8501754, 44.8079879], [17.8502748, 44.8079879], [17.8503648, 44.8080013], [17.85045, 44.8080282], [17.850502, 44.8080718], [17.8505446, 44.8081189], [17.8505778, 44.8081692], [17.8506346, 44.8082767], [17.850644, 44.8083438], [17.850663, 44.8084009], [17.8506914, 44.8084547], [17.8507576, 44.808495], [17.8508097, 44.8085386], [17.8508334, 44.808589], [17.8508902, 44.808636], [17.8509706, 44.8086293], [17.8510464, 44.8086091], [17.8511221, 44.8085823], [17.8511931, 44.808552], [17.8512357, 44.8085017], [17.8513493, 44.8083841], [17.8513919, 44.8083338], [17.8514203, 44.80827], [17.8514392, 44.8082062], [17.8514534, 44.8081424], [17.8514676, 44.8080752], [17.8515055, 44.8080215], [17.851567, 44.8079812], [17.851638, 44.8079207], [17.8516996, 44.8078603], [17.8517611, 44.8078166], [17.8518415, 44.8077864], [17.8519173, 44.8077629], [17.8519977, 44.8077495], [17.8521019, 44.8077495], [17.8521871, 44.8077663], [17.8522723, 44.8077663], [17.852348, 44.8077495], [17.8524237, 44.8077226], [17.8525042, 44.8077024], [17.8525989, 44.8076857], [17.8526983, 44.8076655], [17.8527787, 44.8076454], [17.8528734, 44.8076185], [17.8529728, 44.8075916], [17.8530485, 44.8075648], [17.8531432, 44.8075211], [17.8532095, 44.8074842], [17.8532852, 44.8074372], [17.853342, 44.8073901], [17.8535313, 44.8072659], [17.8536023, 44.8072424], [17.8536923, 44.8072357], [17.8537774, 44.8072289], [17.8538626, 44.8072256], [17.8539952, 44.8072021], [17.8540993, 44.8071484], [17.8542744, 44.8070778], [17.8543502, 44.807051], [17.8544164, 44.8070107], [17.854478, 44.8069637], [17.854549, 44.8069267], [17.8546247, 44.8068998], [17.8547099, 44.8069032], [17.8547856, 44.8069334], [17.8548282, 44.8069804], [17.8548945, 44.8070241], [17.8549702, 44.8070476], [17.8550507, 44.8070644], [17.8552306, 44.8070644], [17.8553252, 44.807061], [17.8554057, 44.8070342], [17.8554388, 44.8069838], [17.8554578, 44.8069267], [17.8554909, 44.8068629], [17.8555146, 44.8068058], [17.8555146, 44.8067454], [17.8555051, 44.8066816], [17.8554862, 44.8066178], [17.8554672, 44.8065573], [17.8554672, 44.8065002], [17.855472, 44.8064398], [17.8554862, 44.8063793], [17.8554956, 44.8063189], [17.855524, 44.8062517], [17.8555524, 44.806198], [17.8556092, 44.8061375], [17.8556897, 44.8061207], [17.8557607, 44.8061476], [17.8557985, 44.8061946], [17.8558269, 44.8062484], [17.8558743, 44.8062954], [17.8559453, 44.8063323], [17.856021, 44.8063625], [17.8560778, 44.8063995], [17.8561157, 44.8064532], [17.8561393, 44.8065069], [17.8561583, 44.8065741], [17.856163, 44.8066346], [17.8561488, 44.8066984], [17.8560778, 44.8068058], [17.8560825, 44.8068629], [17.8561157, 44.8069166], [17.8561583, 44.8069603], [17.8562245, 44.8069972], [17.856305, 44.8070275], [17.8563997, 44.807051], [17.8564896, 44.807051], [17.8565843, 44.8070476], [17.8566789, 44.8070241], [17.8567499, 44.8069939], [17.8568067, 44.8069435], [17.8568209, 44.8068797], [17.8568209, 44.8068125], [17.8567973, 44.8067521], [17.8567547, 44.8067017], [17.8567026, 44.8066547], [17.8566553, 44.806601], [17.8566221, 44.8065439], [17.8566174, 44.8064834], [17.8566174, 44.8063625], [17.8566316, 44.8062987], [17.85666, 44.806245], [17.8567215, 44.8062047], [17.8567925, 44.8061711], [17.8568683, 44.8061543], [17.8569582, 44.8061443], [17.8570434, 44.806151], [17.8571191, 44.8061678], [17.8571854, 44.8062081], [17.8572611, 44.806245], [17.8573558, 44.8062551], [17.8574363, 44.8062719], [17.8575309, 44.8062987], [17.8576492, 44.8063659], [17.8577439, 44.8063961], [17.8578244, 44.8064163], [17.8579048, 44.8064263], [17.8581036, 44.8064902], [17.8581841, 44.8065103], [17.858274, 44.8065304], [17.8583592, 44.8065439], [17.8584492, 44.8065607], [17.8585486, 44.8065707], [17.8587237, 44.8065707], [17.8588089, 44.8065506], [17.8588894, 44.8065237], [17.8589556, 44.8064868], [17.8590219, 44.8064431], [17.8590692, 44.8063961], [17.859074, 44.8063323], [17.8590598, 44.8062719], [17.8590361, 44.8062181], [17.8590077, 44.8061577], [17.8589604, 44.8060972], [17.8588941, 44.8060569], [17.8588136, 44.8060301], [17.8587284, 44.8060133], [17.8586527, 44.8060133], [17.858577, 44.8060166], [17.8584965, 44.8060267], [17.8584113, 44.8060401], [17.8583308, 44.806067], [17.8582551, 44.8060838], [17.8581794, 44.8060704], [17.8581415, 44.8060133], [17.8581652, 44.8059562], [17.8582314, 44.8059193], [17.8582882, 44.8058756], [17.8583308, 44.8058252], [17.8583356, 44.8057648], [17.8583072, 44.8057043], [17.858274, 44.8056506], [17.8582551, 44.8055767], [17.8582646, 44.8055163], [17.8582882, 44.8054592], [17.8583261, 44.8054088], [17.8583734, 44.8053517], [17.8584302, 44.8053013], [17.8585012, 44.8052577], [17.858577, 44.8052342], [17.8586669, 44.8052442], [17.8587379, 44.8052644], [17.8588089, 44.8053047], [17.8588515, 44.8053551], [17.8588752, 44.8054189], [17.8588894, 44.805486], [17.8589272, 44.8055465], [17.8589604, 44.8056002], [17.8590361, 44.8057077], [17.859074, 44.8057782], [17.8591213, 44.8058252], [17.8591781, 44.8058857], [17.8592254, 44.8059327], [17.8592775, 44.8059797], [17.8593248, 44.8060267], [17.8593958, 44.8060569], [17.859481, 44.8060704], [17.8596419, 44.8061275], [17.8597082, 44.806161], [17.8597603, 44.8062013], [17.8598029, 44.8062517], [17.8598549, 44.806292], [17.8599401, 44.8063088], [17.8600206, 44.8063088], [17.8601105, 44.8063054], [17.8602005, 44.8062954], [17.860262, 44.8062484], [17.8602525, 44.8061913], [17.8602289, 44.8061342], [17.860191, 44.8060804], [17.8601484, 44.8060334], [17.8601011, 44.8059864], [17.8600585, 44.8059394], [17.8600206, 44.8058857], [17.8600064, 44.8058219], [17.8600064, 44.8057547], [17.8600348, 44.8056976], [17.8600963, 44.8056573], [17.8601768, 44.8056372], [17.8602667, 44.8056439], [17.8603472, 44.8056707], [17.8604182, 44.8057178], [17.8604561, 44.8057681], [17.8604892, 44.8058185], [17.8605129, 44.8058756], [17.860546, 44.805926], [17.8606123, 44.8059763], [17.8607022, 44.8060066], [17.8607874, 44.8060166], [17.8608821, 44.8060368], [17.8609625, 44.8060569], [17.8610288, 44.8060905], [17.8610998, 44.8061275], [17.8611708, 44.806151], [17.8612465, 44.8061711], [17.8613317, 44.8061745], [17.8614169, 44.8061745], [17.8614974, 44.8061678], [17.8615778, 44.806151], [17.8616536, 44.8061275], [17.8616867, 44.8060737], [17.8616867, 44.8060133], [17.861663, 44.8059562], [17.8616204, 44.8059025], [17.8615636, 44.8058521], [17.861521, 44.8058051], [17.8615068, 44.8057446], [17.8615305, 44.8056909], [17.8616015, 44.805664], [17.8616867, 44.805664], [17.8617672, 44.8056707], [17.8618524, 44.8056875], [17.8619423, 44.8057043], [17.8620228, 44.8057178], [17.8620843, 44.8057614], [17.862108, 44.8058185], [17.8621884, 44.8058722], [17.8622358, 44.8059159], [17.8622594, 44.8059797], [17.8622547, 44.8060368], [17.8622358, 44.8060939], [17.8622168, 44.8061476], [17.8622263, 44.8062013], [17.8622784, 44.8062416], [17.8623541, 44.8062618], [17.8624346, 44.8062652], [17.8625198, 44.8062652], [17.8625908, 44.8062316], [17.8626618, 44.8062047], [17.8627422, 44.8061879], [17.8628227, 44.8062114], [17.8628937, 44.8062584], [17.8629552, 44.8062954], [17.863031, 44.806329], [17.863102, 44.8063558], [17.8631824, 44.806376], [17.8632629, 44.8063928], [17.8633528, 44.8064163], [17.8634285, 44.8064431], [17.8634901, 44.8064801], [17.8635516, 44.8065271], [17.86358, 44.8065808], [17.8635989, 44.8066379], [17.863651, 44.8066916], [17.8637173, 44.806742], [17.8637883, 44.8067756], [17.8638545, 44.8068025], [17.8639492, 44.8068159], [17.8640297, 44.8068226], [17.8641149, 44.806826], [17.8642143, 44.806826], [17.8643326, 44.8068226], [17.8644367, 44.8068125], [17.8645267, 44.8067957], [17.8646119, 44.8067924], [17.8649148, 44.806742], [17.8650047, 44.8067151], [17.8650852, 44.806695], [17.8651657, 44.8066614], [17.8652509, 44.8066211], [17.8652935, 44.8065707], [17.8653266, 44.8065103], [17.8653266, 44.8064465], [17.8653171, 44.8063726], [17.8652982, 44.8063122], [17.8652556, 44.8062652], [17.8651893, 44.8062249], [17.8651183, 44.8061946], [17.8650568, 44.806151], [17.8650473, 44.8060939], [17.8650994, 44.8060469], [17.8651893, 44.8060469], [17.8652793, 44.8060536], [17.865355, 44.8060704], [17.8654449, 44.8060704], [17.8655159, 44.8060401], [17.8655916, 44.8060066], [17.8656768, 44.8059797], [17.8657668, 44.8059797], [17.865852, 44.8059864], [17.8659324, 44.8060032], [17.8660129, 44.8060334], [17.8660934, 44.806067], [17.8661691, 44.8060972], [17.8662448, 44.8061241], [17.8663206, 44.8061543], [17.8664058, 44.8061879], [17.8664815, 44.8062114], [17.866562, 44.8062349], [17.8666377, 44.8062584], [17.8667892, 44.8063088], [17.8668649, 44.8063357], [17.8669312, 44.8063659], [17.8670069, 44.8064028], [17.8670779, 44.8064431], [17.8671394, 44.8064801], [17.8672246, 44.8064935], [17.8673098, 44.8064902], [17.8673808, 44.8064633], [17.8674281, 44.8064163], [17.8674234, 44.8063592], [17.867395, 44.8063021], [17.8673429, 44.8062517], [17.8672956, 44.8062013], [17.867253, 44.8061443], [17.8672436, 44.8060838], [17.8672483, 44.8060267], [17.8672767, 44.8059696], [17.8673335, 44.8058991], [17.8673903, 44.8058185], [17.8673997, 44.8057614], [17.8674471, 44.8056372], [17.8674565, 44.8055734], [17.8674565, 44.8055095], [17.8674376, 44.8054558], [17.867395, 44.8053954], [17.8673524, 44.8053416], [17.8673193, 44.8052845], [17.8673051, 44.8052207], [17.8673098, 44.8051636], [17.867324, 44.8050931], [17.8673619, 44.8050327], [17.8674187, 44.804989], [17.8674991, 44.8049487], [17.8675843, 44.8049252], [17.8676364, 44.8048816], [17.8676979, 44.8048379], [17.8677973, 44.8048177], [17.8678873, 44.8048211], [17.8679725, 44.8048513], [17.8680151, 44.8049051], [17.8680482, 44.8049588], [17.868105, 44.8050159], [17.8681618, 44.8050595], [17.8682328, 44.80512], [17.8682849, 44.805167], [17.8683133, 44.8052241], [17.8683369, 44.8052879], [17.8683606, 44.805345], [17.8683985, 44.8053954], [17.8684647, 44.805439], [17.8685499, 44.8054659], [17.8686399, 44.8054692], [17.8687298, 44.8054592], [17.8688055, 44.8054256], [17.8688481, 44.8053719], [17.8688718, 44.8053114], [17.8688907, 44.8052543], [17.8689002, 44.8051872], [17.8689002, 44.8051267], [17.8689239, 44.8050562], [17.8689665, 44.8050058], [17.8690138, 44.8049554], [17.8690753, 44.8049084], [17.8691605, 44.804895], [17.8692362, 44.8049218], [17.8692552, 44.8049789], [17.8692173, 44.8050226], [17.8692315, 44.8050763], [17.8692741, 44.8051267], [17.869293, 44.8051838], [17.8692978, 44.8052375], [17.8693262, 44.8052913], [17.8693782, 44.8053316], [17.8694587, 44.8053651], [17.8695486, 44.8053853], [17.8696291, 44.8053887], [17.869719, 44.8053887], [17.8699178, 44.8053819], [17.8699983, 44.8053651], [17.870074, 44.805345], [17.870164, 44.8053248], [17.8702397, 44.8053047], [17.8703249, 44.8052845], [17.8704148, 44.8052745], [17.8704858, 44.8053081], [17.8705426, 44.8053517], [17.870571, 44.8054054], [17.870571, 44.8054659], [17.8705663, 44.805523], [17.8705568, 44.8055801], [17.8705568, 44.8056976], [17.8705663, 44.8058286], [17.8705805, 44.8058823], [17.8705994, 44.805936], [17.8706468, 44.8059898], [17.8706988, 44.8060368], [17.8707604, 44.8060737], [17.8708266, 44.8061107], [17.8708882, 44.8061543], [17.8709355, 44.8062013], [17.8709686, 44.8062551], [17.8709828, 44.8063122], [17.8709876, 44.8063659], [17.8710018, 44.806423], [17.8710349, 44.8064734], [17.8710964, 44.8065137], [17.8711721, 44.8065439], [17.8712431, 44.8065674], [17.8713236, 44.8065842], [17.8714135, 44.8065842], [17.8715934, 44.806564], [17.8716881, 44.8065573], [17.8719437, 44.8065573], [17.8720383, 44.8065674], [17.8721188, 44.8065842], [17.8721993, 44.8065943], [17.8722797, 44.8065741], [17.8723602, 44.8065439], [17.8723933, 44.8064902], [17.872417, 44.806423], [17.8724407, 44.8063625], [17.8724549, 44.806292], [17.8724643, 44.8062249], [17.8724738, 44.8061644], [17.8724785, 44.8061006], [17.872488, 44.8060435], [17.8725164, 44.8059864], [17.8725874, 44.8059428], [17.8726584, 44.8059193], [17.8727341, 44.8058957], [17.8728051, 44.8058622], [17.8728714, 44.8058219], [17.8729282, 44.8057681], [17.8729424, 44.8057077], [17.8729519, 44.8056506], [17.8729708, 44.8055901], [17.8730134, 44.8055364], [17.8730418, 44.8054793], [17.8730749, 44.8054222], [17.8731033, 44.8053651], [17.8731175, 44.8053081], [17.873127, 44.8052476], [17.8731364, 44.8051804], [17.8731554, 44.80512], [17.8732216, 44.805083], [17.8733021, 44.8050763], [17.8733684, 44.8051133], [17.873411, 44.8051636], [17.8734583, 44.8052107], [17.8735056, 44.805261], [17.8735482, 44.8053114], [17.8735482, 44.8053685], [17.8735293, 44.8054357], [17.8735009, 44.8054894], [17.8734583, 44.8055331], [17.8734157, 44.8055801], [17.8733873, 44.8056338], [17.8733068, 44.8057144], [17.8732879, 44.8057648], [17.8732879, 44.8058319], [17.8733021, 44.805889], [17.8733305, 44.8059394], [17.8733778, 44.8059898], [17.8734441, 44.8060234], [17.8735198, 44.8060368], [17.8736098, 44.8060301], [17.8736618, 44.8060099], [17.8736997, 44.8060771], [17.8737802, 44.8060704], [17.8739458, 44.8060771], [17.874031, 44.8060838], [17.8741115, 44.8060872], [17.8744665, 44.8061006], [17.8745564, 44.8061174], [17.8746085, 44.806161], [17.8745801, 44.8062148], [17.8745044, 44.8062215], [17.8744192, 44.8062249], [17.874263, 44.8062316], [17.8741872, 44.8062416], [17.8740926, 44.806245], [17.8739364, 44.8062517], [17.8738559, 44.8062652], [17.8737802, 44.8062853], [17.8737092, 44.8063088], [17.8736382, 44.806329], [17.8735861, 44.8063726], [17.873553, 44.8064196], [17.873534, 44.8064767], [17.873534, 44.8065842], [17.8735482, 44.8066413], [17.8735624, 44.8067017], [17.8735766, 44.8067655], [17.8735908, 44.8068226], [17.8736003, 44.8068831], [17.8736476, 44.8070107], [17.8736808, 44.807061], [17.8737234, 44.8071148], [17.873766, 44.8071719], [17.873818, 44.8072189], [17.873889, 44.8072525], [17.8739695, 44.807276], [17.87405, 44.8072558], [17.8740784, 44.8071987], [17.8741068, 44.807145], [17.874121, 44.8070812], [17.8741446, 44.8070241], [17.8741636, 44.806967], [17.8742156, 44.8069166], [17.8742772, 44.8068763], [17.8744097, 44.8067957], [17.8744665, 44.8067521], [17.8745328, 44.8067219], [17.8746085, 44.806695], [17.8746937, 44.8066916], [17.8747789, 44.8066984], [17.8748594, 44.8067185], [17.8749304, 44.806742], [17.8749919, 44.806789], [17.8750203, 44.8068394], [17.8750581, 44.8069469], [17.8750676, 44.807004], [17.8750534, 44.807061], [17.8750203, 44.8071181], [17.8749871, 44.8071786], [17.8749446, 44.8072323], [17.874902, 44.8072928], [17.8748688, 44.8073431], [17.874831, 44.8074036], [17.8747742, 44.8074539], [17.8747742, 44.8075715], [17.8747694, 44.8076286], [17.874741, 44.8076823], [17.8746984, 44.8077293], [17.8746464, 44.8077763], [17.8746085, 44.8078301], [17.8745754, 44.8078939], [17.8745801, 44.8079476], [17.874599, 44.8080114], [17.8746558, 44.8080618], [17.8747316, 44.8080819], [17.874812, 44.8080819], [17.8748925, 44.8080718], [17.8749777, 44.8080483], [17.8750487, 44.8080181], [17.8751291, 44.8079946], [17.8752096, 44.8080013], [17.8752285, 44.8080651], [17.8752049, 44.8081189], [17.8751717, 44.8081659], [17.8751386, 44.8082162], [17.8751812, 44.8082834], [17.8752475, 44.8083338], [17.8753327, 44.808364], [17.8754179, 44.8083841], [17.8754983, 44.8084244], [17.8755693, 44.8084782], [17.8756214, 44.8085285], [17.8756261, 44.8085823], [17.8756214, 44.8086427], [17.875593, 44.8086964], [17.8755599, 44.8087569], [17.8755551, 44.8088274], [17.8755693, 44.8088879], [17.8756167, 44.8089315], [17.8756877, 44.8089651], [17.8757681, 44.8089819], [17.8759527, 44.8089819], [17.8760569, 44.8089752], [17.8761373, 44.8089449], [17.8762273, 44.8089517], [17.8763693, 44.8090054], [17.8764545, 44.8090222], [17.8765444, 44.8090188], [17.8766249, 44.8090087], [17.8766959, 44.8089819], [17.8767479, 44.8089349], [17.8767905, 44.8088811], [17.8768284, 44.8088241], [17.8768473, 44.8087602], [17.8768615, 44.8086998], [17.8768663, 44.8086394], [17.8768804, 44.8085756], [17.876923, 44.8085252], [17.8770082, 44.808542], [17.877084, 44.8085688], [17.8771692, 44.808589], [17.8772544, 44.8085957], [17.8773443, 44.808589], [17.8774248, 44.8085789], [17.8775052, 44.808542], [17.877581, 44.8085084], [17.8776709, 44.8084882], [17.8777561, 44.8084849], [17.8778366, 44.8084849], [17.8779218, 44.8084882], [17.8780022, 44.8085118], [17.8780638, 44.808552], [17.878078, 44.8086125], [17.8780685, 44.8086763], [17.8780212, 44.8087267], [17.8779502, 44.8087569], [17.8778744, 44.8087737], [17.8778034, 44.8087972], [17.8777561, 44.8088375], [17.8777561, 44.8088946], [17.8777703, 44.8089517], [17.8777892, 44.8090087], [17.8778271, 44.8090558], [17.8778697, 44.8090994], [17.8779265, 44.8091397], [17.8779975, 44.8091766], [17.8780638, 44.8092102], [17.8781348, 44.8092438], [17.8782105, 44.8092707], [17.8782862, 44.8092908], [17.8784566, 44.8093546], [17.8785371, 44.8093613], [17.8786223, 44.8093613], [17.8787028, 44.8093546], [17.878788, 44.8093345], [17.8788589, 44.8093009], [17.8789394, 44.8093009], [17.8790151, 44.8093143], [17.8790814, 44.8093445], [17.8791429, 44.8093916], [17.8792187, 44.8094184], [17.8793039, 44.8094151], [17.8793749, 44.8093848], [17.8794317, 44.8093412], [17.879479, 44.8092908], [17.8795121, 44.8092304], [17.87955, 44.8091766], [17.8795831, 44.8091229], [17.8796589, 44.8090155], [17.8796873, 44.8089517], [17.8796873, 44.8088912], [17.8797109, 44.8088341], [17.8797393, 44.808767], [17.8798198, 44.8087569], [17.879905, 44.8087535], [17.8800139, 44.8087502], [17.8800991, 44.8087502], [17.8801937, 44.8087602], [17.8802695, 44.8087838], [17.8803357, 44.808814], [17.8803925, 44.8088576], [17.8804115, 44.8089147], [17.8804115, 44.8089718], [17.880402, 44.8090255], [17.8803641, 44.8090759], [17.8803121, 44.8091162], [17.8802553, 44.8091565], [17.880189, 44.8092002], [17.8801511, 44.8092472], [17.8801369, 44.8093043], [17.8801464, 44.8093613], [17.8802174, 44.8094621], [17.8802269, 44.8095259], [17.8802269, 44.809583], [17.88026, 44.8096367], [17.8803215, 44.8096703], [17.8803973, 44.8096904], [17.8804777, 44.8096904], [17.8805582, 44.8096804], [17.8806481, 44.8096636], [17.8807286, 44.8096468], [17.8808469, 44.8095628], [17.8809605, 44.8094688], [17.8810173, 44.8094251], [17.8810599, 44.8093714], [17.8810978, 44.8093177], [17.8811309, 44.8092606], [17.881164, 44.8092102], [17.8812303, 44.8091733], [17.881325, 44.8091632], [17.8814054, 44.80918], [17.8814764, 44.8092069], [17.8815285, 44.8092539], [17.8815711, 44.8093009], [17.881609, 44.8093513], [17.8816705, 44.8094016], [17.8817462, 44.8094486], [17.8818172, 44.8094755], [17.881893, 44.809499], [17.8819734, 44.8095192], [17.8820586, 44.8095259], [17.8821391, 44.8095225], [17.8822196, 44.8094957], [17.8822811, 44.809452], [17.882319, 44.8093983], [17.8823521, 44.8093445], [17.8823758, 44.8092875], [17.8823758, 44.8092304], [17.88239, 44.8091733], [17.882461, 44.8091397], [17.8825509, 44.8091531], [17.8826219, 44.8091766], [17.8826834, 44.8092169], [17.8827544, 44.8092572], [17.8829153, 44.8093445], [17.8829721, 44.8093882], [17.8830147, 44.8094319], [17.8830573, 44.8094889], [17.8830905, 44.809536], [17.8830952, 44.8096031], [17.8830952, 44.8096636], [17.8831189, 44.8097139], [17.8832183, 44.809865], [17.883294, 44.8099658], [17.8833508, 44.8100195], [17.8834076, 44.8100632], [17.8835023, 44.8101572], [17.8835733, 44.8101975], [17.8836395, 44.8102277], [17.8837153, 44.8102479], [17.8837957, 44.810268], [17.8838809, 44.8102814], [17.8839614, 44.8102814], [17.8840466, 44.8102848], [17.8841365, 44.810268], [17.8841697, 44.8102176], [17.8842028, 44.8101605], [17.8842312, 44.8101035], [17.8842691, 44.8100531], [17.8843211, 44.8100061], [17.8844016, 44.8099859], [17.8845673, 44.8099859], [17.8846477, 44.8099826], [17.8847282, 44.8099624], [17.8847897, 44.8099221], [17.8849033, 44.8098348], [17.885069, 44.8097643], [17.8851494, 44.8097442], [17.8852394, 44.8097307], [17.8853246, 44.8097475], [17.8854098, 44.8097744], [17.885476, 44.809808], [17.8855328, 44.8098516], [17.8855707, 44.8099053], [17.8855754, 44.8099591], [17.8855328, 44.8100061], [17.8854713, 44.8100363], [17.8854003, 44.8100564], [17.8853246, 44.81008], [17.8852536, 44.8101068], [17.8851873, 44.8101404], [17.8851116, 44.8101874], [17.8850784, 44.8102378], [17.8850832, 44.8102949], [17.885121, 44.8103452], [17.8851873, 44.8103788], [17.8852678, 44.8103822], [17.8853482, 44.8103788], [17.8854382, 44.8103755], [17.8855186, 44.8104023], [17.8855565, 44.8104493], [17.8855849, 44.8104997], [17.885618, 44.8105534], [17.8856464, 44.8106072], [17.8856796, 44.810671], [17.8856985, 44.8107247], [17.8857174, 44.8107885], [17.8857458, 44.8108389], [17.8857932, 44.8108825], [17.8858594, 44.8109161], [17.8859446, 44.8109161], [17.8860298, 44.8109127], [17.8861103, 44.8108959], [17.8861718, 44.8108556], [17.8861908, 44.8107986], [17.8861955, 44.8107381], [17.8862097, 44.810681], [17.8862381, 44.8106239], [17.8862996, 44.8105803], [17.8863801, 44.8105669], [17.8864511, 44.8105937], [17.8865741, 44.8106609], [17.8866357, 44.8107012], [17.8867634, 44.8108266], [17.8867965, 44.8108484], [17.8868344, 44.8108669], [17.8868699, 44.8108854], [17.8869077, 44.8108971], [17.8869527, 44.8109022], [17.8869953, 44.8108971], [17.8870355, 44.8108904], [17.8870734, 44.8108803], [17.8871136, 44.8108703], [17.8871373, 44.8108468], [17.8871562, 44.8108115], [17.8871681, 44.810783], [17.8871775, 44.8107511], [17.8871775, 44.8107208], [17.8871633, 44.8106923], [17.8871349, 44.8106688], [17.8871018, 44.8106184], [17.8871018, 44.8105832], [17.8871065, 44.8105496], [17.8871255, 44.810521], [17.8871515, 44.8104925], [17.8871941, 44.8104958], [17.8872296, 44.8105093], [17.8872651, 44.8105277], [17.8872888, 44.8105513], [17.8873124, 44.8105731], [17.8873432, 44.8105983], [17.8873787, 44.8106151], [17.8874592, 44.8106402], [17.887497, 44.8106553], [17.8875254, 44.8106755], [17.8875515, 44.8107007], [17.8875728, 44.8107309], [17.887587, 44.8107594], [17.8876012, 44.8107863], [17.8876201, 44.8108149], [17.8876414, 44.81084], [17.8876722, 44.8108602], [17.88771, 44.8108753], [17.8877526, 44.8108887], [17.8877905, 44.8109022], [17.887826, 44.8109206], [17.8878686, 44.8109391], [17.8879041, 44.8109576], [17.8879372, 44.8109744], [17.8879751, 44.8109928], [17.8880082, 44.8110146], [17.8880414, 44.8110331], [17.8880745, 44.8110465], [17.8881124, 44.8110566], [17.8881573, 44.8110617], [17.8882094, 44.8110617], [17.8882496, 44.8110583], [17.8882899, 44.8110516], [17.8883301, 44.8110432], [17.8883656, 44.8110298], [17.8883987, 44.8110096], [17.8884248, 44.8109861], [17.888439, 44.8109559], [17.8884508, 44.8109273], [17.8884508, 44.8108938], [17.8884461, 44.8108652], [17.8884342, 44.8108367], [17.8884248, 44.8107779], [17.88842, 44.810746], [17.8884129, 44.8107158], [17.8884035, 44.8106872], [17.8883893, 44.8106553], [17.8883727, 44.8106251], [17.8883561, 44.8105983], [17.8883325, 44.8105748], [17.8883064, 44.8105496], [17.8882757, 44.8105277], [17.8882449, 44.8104975], [17.8882307, 44.810469], [17.8881976, 44.8103985], [17.8881834, 44.8103632], [17.888181, 44.8103347], [17.888181, 44.8103044], [17.8881834, 44.8102709], [17.8881999, 44.8102423], [17.8882378, 44.8102171], [17.8882804, 44.8102071], [17.888323, 44.8102003], [17.8883656, 44.810197], [17.8884579, 44.810197], [17.8885029, 44.8102054], [17.8885455, 44.8102104], [17.888659, 44.8102457], [17.8886969, 44.8102608], [17.8887324, 44.8102776], [17.8887655, 44.8102994], [17.8887916, 44.8103212], [17.8888176, 44.8103481], [17.8888555, 44.810385], [17.8888815, 44.8104119], [17.8889028, 44.8104371], [17.8889265, 44.8104589], [17.8889549, 44.8104807], [17.888988, 44.8105026], [17.8890306, 44.8105244], [17.8890661, 44.8105412], [17.8891087, 44.8105496], [17.8891466, 44.8105563], [17.8892318, 44.8105563], [17.889272, 44.8105664], [17.8893051, 44.8105848], [17.8893217, 44.81061], [17.8893288, 44.8106436], [17.8893335, 44.8106721], [17.8893383, 44.8107309], [17.8893383, 44.8107662], [17.8893619, 44.8108484], [17.8893288, 44.8108669], [17.8893288, 44.8108971], [17.8893241, 44.8109273], [17.8893241, 44.8109576], [17.889317, 44.8109861], [17.8893075, 44.8110146], [17.8892933, 44.8110432], [17.8892507, 44.8110969], [17.8892247, 44.8111271], [17.8891986, 44.811149], [17.8891844, 44.8111758], [17.8891844, 44.8112044], [17.8891868, 44.8112329], [17.8891844, 44.8112598], [17.8891773, 44.8112883], [17.8891797, 44.8113236], [17.8891844, 44.8113555], [17.8891915, 44.811384], [17.8892176, 44.8114478], [17.8892318, 44.811478], [17.8892436, 44.8115049], [17.8892602, 44.8115301], [17.8892744, 44.811557], [17.8892957, 44.8115838], [17.8893217, 44.8116157], [17.8893454, 44.8116426], [17.889369, 44.8116644], [17.8893903, 44.8116896], [17.889414, 44.8117165], [17.8894353, 44.8117416], [17.8894566, 44.8117651], [17.8894803, 44.811792], [17.8895039, 44.8118222], [17.8895229, 44.8118491], [17.8895371, 44.8118743], [17.8895773, 44.811923], [17.8895915, 44.8119481], [17.8896081, 44.8119733], [17.889627, 44.8120036], [17.8896483, 44.8120338], [17.889672, 44.8120573], [17.8897075, 44.8120791], [17.889743, 44.8120942], [17.8897856, 44.8121093], [17.8898305, 44.8121194], [17.8898755, 44.8121261], [17.8899252, 44.8121295], [17.8899654, 44.8121295], [17.8900104, 44.8121278], [17.8900506, 44.8121278], [17.8900885, 44.8121177], [17.8901193, 44.8120959], [17.8901429, 44.8120724], [17.8901548, 44.8120438], [17.89015, 44.8120136], [17.8901335, 44.8119884], [17.8901122, 44.8119633], [17.8900909, 44.8119364], [17.8900506, 44.8118793], [17.8900317, 44.8118541], [17.8900222, 44.8118273], [17.8900246, 44.811797], [17.8900554, 44.8117786], [17.890098, 44.8117786], [17.8901453, 44.8117803], [17.8901855, 44.8117853], [17.8902258, 44.811797], [17.8902589, 44.8118138], [17.8902897, 44.8118306], [17.8903299, 44.8118457], [17.8903725, 44.8118491], [17.8904151, 44.8118424], [17.8904506, 44.8118205], [17.8904766, 44.811797], [17.8905003, 44.8117702], [17.8905216, 44.8117416], [17.8905381, 44.8117131], [17.8905547, 44.8116829], [17.8905736, 44.8116527], [17.8905902, 44.8116224], [17.8906091, 44.8115939], [17.8906257, 44.8115653], [17.8906399, 44.8115385], [17.8906707, 44.8114176], [17.8906707, 44.8113874], [17.890673, 44.8113588], [17.8906801, 44.8113253], [17.890692, 44.8112967], [17.8907062, 44.8112682], [17.8907227, 44.811238], [17.8907393, 44.8112094], [17.8907724, 44.811149], [17.8907961, 44.8111171], [17.8908198, 44.8110936], [17.8908553, 44.8110734], [17.8908908, 44.8110549], [17.8909286, 44.8110398], [17.8909665, 44.8110264], [17.8910067, 44.8110113], [17.8910422, 44.8109995], [17.8910872, 44.8109911], [17.8911298, 44.8109861], [17.8911558, 44.8109643], [17.8911724, 44.8109374], [17.8911961, 44.8109072], [17.8912221, 44.810882], [17.8912931, 44.8108484], [17.8913357, 44.8108451], [17.891383, 44.8108484], [17.8914162, 44.8108619], [17.8914398, 44.8108837], [17.891454, 44.8109189], [17.8914588, 44.8109576], [17.8914588, 44.8109861], [17.891454, 44.811018], [17.8914351, 44.8110633], [17.8914233, 44.8110902], [17.8914043, 44.8111171], [17.8913878, 44.8111439], [17.8913712, 44.8111792], [17.8913168, 44.8112631], [17.8912978, 44.8112866], [17.8912576, 44.8113538], [17.8912458, 44.811384], [17.8912387, 44.8114176], [17.8912387, 44.8114461], [17.8912434, 44.8114747], [17.8912529, 44.8115066], [17.8912671, 44.8115653], [17.8912789, 44.8115922], [17.8912978, 44.8116325], [17.8913168, 44.8116661], [17.8913333, 44.8116896], [17.8913617, 44.8117215], [17.891383, 44.8117433], [17.8914067, 44.8117651], [17.8914469, 44.8117886], [17.8914824, 44.8118105], [17.8915179, 44.8118256], [17.8915511, 44.811839], [17.8916315, 44.8118676], [17.8917238, 44.8118894], [17.8917688, 44.8118978], [17.8918114, 44.8119045], [17.8919416, 44.8119045], [17.8919889, 44.8119028], [17.8920339, 44.8118978], [17.8920741, 44.8118894], [17.892112, 44.8118793], [17.8921522, 44.8118659], [17.8921853, 44.8118441], [17.8922066, 44.8118205], [17.8922208, 44.8117886], [17.8922374, 44.8117601], [17.8922469, 44.8117299], [17.8922611, 44.811698], [17.8922682, 44.8116694], [17.8922729, 44.8116241], [17.8922563, 44.8115989], [17.8922374, 44.8115737], [17.8922161, 44.8115486], [17.8921948, 44.8115251], [17.892164, 44.8114982], [17.8921333, 44.8114764], [17.892093, 44.8114529], [17.8920575, 44.8114361], [17.8920268, 44.8114176], [17.8919865, 44.8113941], [17.8919558, 44.8113739], [17.8919274, 44.8113538], [17.8919037, 44.8113303], [17.8918824, 44.8113034], [17.8918658, 44.8112766], [17.891854, 44.811248], [17.8918445, 44.8112178], [17.8918256, 44.8111725], [17.8918114, 44.8111339], [17.8918019, 44.8111036], [17.8917948, 44.8110717], [17.8917925, 44.8110331], [17.8917948, 44.8109962], [17.8918067, 44.8109626], [17.8918232, 44.8109357], [17.8918493, 44.8109089], [17.8918753, 44.8108837], [17.8919416, 44.8108249], [17.8919629, 44.8107947], [17.8919865, 44.8107578], [17.8920031, 44.8107292], [17.8920173, 44.8107024], [17.8920339, 44.8106688], [17.8920481, 44.8106386], [17.8920646, 44.8106117], [17.8920859, 44.8105882], [17.8921167, 44.810568], [17.8921569, 44.8105596], [17.8921972, 44.8105613], [17.8922327, 44.8105731], [17.8922682, 44.8105899], [17.8922966, 44.8106151], [17.8923202, 44.8106386], [17.8923415, 44.8106637], [17.8923581, 44.8106923], [17.8923652, 44.8107225], [17.8923652, 44.8107494], [17.8923676, 44.8107779], [17.8923747, 44.8108098], [17.8924007, 44.8108837], [17.8924149, 44.8109106], [17.8924267, 44.8109374], [17.8924267, 44.8109911], [17.8924173, 44.811023], [17.8924078, 44.8110516], [17.8923983, 44.8110818], [17.8923912, 44.8111137], [17.8923912, 44.8111423], [17.8923936, 44.8111708], [17.8924007, 44.8111977], [17.8924149, 44.8112262], [17.8924385, 44.8112514], [17.8924598, 44.8112766], [17.8924811, 44.8113001], [17.8924953, 44.8113269], [17.8925001, 44.8113538], [17.8925001, 44.8113823], [17.8925095, 44.8114142], [17.8925214, 44.8114411], [17.8925379, 44.811468], [17.8925569, 44.8114915], [17.8925805, 44.811515], [17.8926113, 44.8115385], [17.8926444, 44.8115586], [17.892777, 44.8116208], [17.8928077, 44.8116459], [17.8928338, 44.8116694], [17.8928622, 44.8116963], [17.8928882, 44.8117248], [17.8929166, 44.81175], [17.8929403, 44.8117752], [17.8929687, 44.8118071], [17.8929923, 44.8118323], [17.8930089, 44.8118575], [17.8930255, 44.811886], [17.8930397, 44.8119431], [17.8930397, 44.8119717], [17.8930539, 44.8120287], [17.8930681, 44.8120573], [17.8930965, 44.8120791], [17.8931296, 44.8120976], [17.8931627, 44.8121144], [17.8931888, 44.8121395], [17.8932077, 44.8121664], [17.8932172, 44.8121933], [17.8932195, 44.8122285], [17.8932243, 44.8122588], [17.8932314, 44.8122873], [17.8932432, 44.8123125], [17.8932645, 44.812336], [17.8933544, 44.8123612], [17.8933923, 44.8123729], [17.8934349, 44.8123763], [17.8934775, 44.8123729], [17.8935225, 44.8123679], [17.8935603, 44.8123544], [17.8936029, 44.8123427], [17.8936503, 44.8123427], [17.8937, 44.8123461], [17.8937449, 44.8123578], [17.8937757, 44.812378], [17.893797, 44.8124015], [17.8938207, 44.8124619], [17.8938325, 44.8124955], [17.8938443, 44.8125274], [17.8938751, 44.8125861], [17.8938893, 44.8126147], [17.8939035, 44.8126449], [17.8939248, 44.8126734], [17.8939532, 44.8126936], [17.8939887, 44.8127087], [17.8940313, 44.8127171], [17.8940763, 44.8127171], [17.8941212, 44.8127154], [17.8943508, 44.8127154], [17.894391, 44.8127121], [17.8944169, 44.8127085], [17.894471, 44.8126935], [17.8945059, 44.8126878], [17.89453, 44.8126887], [17.8945702, 44.8127005], [17.8946104, 44.8126904], [17.8946365, 44.8126669], [17.8946507, 44.8126401], [17.8946767, 44.8126149], [17.8947146, 44.8125981], [17.8947572, 44.8125813], [17.8948069, 44.8125645], [17.89484, 44.8125494], [17.8948589, 44.8125225], [17.8948589, 44.8124906], [17.8948542, 44.8124587], [17.8948518, 44.8124302], [17.8948542, 44.8124016], [17.8948684, 44.8123395], [17.8948708, 44.8123059], [17.8948779, 44.8122724], [17.8948779, 44.8122438], [17.8948802, 44.8121515], [17.8948731, 44.8121196], [17.8948731, 44.8120843], [17.8948826, 44.8120524], [17.894911, 44.8120256], [17.8949394, 44.8120021], [17.8949702, 44.8119819], [17.8950128, 44.8119634], [17.8950506, 44.8119433], [17.8950885, 44.8119265], [17.8951216, 44.811908], [17.8951595, 44.8118829], [17.8951808, 44.811856], [17.8951879, 44.8118275], [17.8951926, 44.8117653], [17.8951974, 44.8117284], [17.8952092, 44.8117015], [17.895221, 44.8116713], [17.8952352, 44.8116428], [17.8952613, 44.8116142], [17.895292, 44.8115941], [17.8953252, 44.8115773], [17.895363, 44.8115655], [17.8954056, 44.8115571], [17.8954506, 44.8115471], [17.8954956, 44.8115387], [17.8955382, 44.811532], [17.8955808, 44.8115219], [17.895621, 44.8115101], [17.8956589, 44.8114967], [17.8956896, 44.8114766], [17.8957157, 44.811453], [17.8957535, 44.8114329], [17.895789, 44.8114161], [17.8958269, 44.811396], [17.89586, 44.8113775], [17.8958861, 44.8113557], [17.8959168, 44.8113372], [17.8959831, 44.8112801], [17.8960068, 44.8112482], [17.8960304, 44.811223], [17.8960541, 44.8111962], [17.8960754, 44.8111693], [17.8961085, 44.8111525], [17.8961464, 44.8111424], [17.896189, 44.8111374], [17.8962316, 44.8111307], [17.8962742, 44.811129], [17.8963144, 44.811124], [17.8963594, 44.8111173], [17.8963996, 44.8111173], [17.8964446, 44.8111156], [17.8966647, 44.8111156], [17.8967144, 44.8111139], [17.8967546, 44.8111089], [17.8967972, 44.8111072], [17.8968824, 44.8110971], [17.8969274, 44.8110904], [17.8969723, 44.811082], [17.8970149, 44.8110736], [17.8970599, 44.8110719], [17.8971498, 44.8110719], [17.8971948, 44.8110736], [17.8972398, 44.8110803], [17.8972776, 44.811087], [17.8973202, 44.8110988], [17.8973557, 44.8111139], [17.8973841, 44.8111408], [17.8974031, 44.8111693], [17.8974149, 44.8111978], [17.8974173, 44.8112281], [17.8974125, 44.8112818], [17.8974078, 44.8113103], [17.8974054, 44.8113389], [17.8973936, 44.8113657], [17.8973747, 44.8113943], [17.897351, 44.8114178], [17.8973226, 44.8114363], [17.8972492, 44.8114732], [17.8972137, 44.8114967], [17.8971877, 44.8115252], [17.8971688, 44.8115521], [17.897164, 44.8115806], [17.8971688, 44.8116109], [17.8971782, 44.8116394], [17.897183, 44.8116713], [17.897183, 44.8116999], [17.8971782, 44.8117284], [17.8971782, 44.8118728], [17.8971877, 44.8119047], [17.8972019, 44.8119315], [17.8972279, 44.8119567], [17.8972634, 44.8119752], [17.8972989, 44.8119886], [17.8973368, 44.8120021], [17.8973747, 44.8120189], [17.8974102, 44.812034], [17.8974433, 44.8120558], [17.8974764, 44.8120709], [17.8975119, 44.812091], [17.8975877, 44.8121146], [17.8976303, 44.8121213], [17.8976705, 44.8121263], [17.8977155, 44.8121263], [17.8977604, 44.8121246], [17.8978054, 44.8121162], [17.8978409, 44.8120994], [17.8978693, 44.8120776], [17.8978882, 44.8120508], [17.8979024, 44.8120189], [17.8979024, 44.8119903], [17.8978906, 44.8119634], [17.8978693, 44.8119383], [17.8978409, 44.8119164], [17.8978125, 44.8118929], [17.8977794, 44.8118644], [17.8977581, 44.8118392], [17.8977391, 44.8118123], [17.8977226, 44.8117872], [17.8977131, 44.8117569], [17.8977036, 44.8117234], [17.8977036, 44.8116915], [17.897706, 44.8116612], [17.8977226, 44.8116344], [17.8977486, 44.8116092], [17.8977817, 44.8115874], [17.8978149, 44.8115706], [17.8978906, 44.8115303], [17.8979285, 44.8115068], [17.8979569, 44.8114833], [17.8979876, 44.8114631], [17.8980492, 44.8114346], [17.898087, 44.8114195], [17.8981296, 44.8114178], [17.8982195, 44.8113892], [17.8982621, 44.8113825], [17.8983095, 44.8113758], [17.8983568, 44.8113641], [17.8983947, 44.811354], [17.8984349, 44.8113389], [17.8984704, 44.8113204], [17.8985083, 44.8113103], [17.8985485, 44.8113019], [17.8986763, 44.8113019], [17.8987165, 44.8112986], [17.8987568, 44.8112902], [17.8987923, 44.8112768], [17.8988372, 44.8112616], [17.8988798, 44.8112449], [17.8989603, 44.8112281], [17.8990029, 44.8112281], [17.8990431, 44.8112297], [17.8990834, 44.8112415], [17.8991165, 44.8112583], [17.8992041, 44.8113154], [17.8992443, 44.8113372], [17.8992822, 44.8113473], [17.8993248, 44.8113523], [17.8994052, 44.8113523], [17.8994478, 44.8113456], [17.899481, 44.8113271], [17.8994952, 44.8112986], [17.899507, 44.811265], [17.8995425, 44.8111827], [17.8995591, 44.8111559], [17.899578, 44.8111307], [17.8996017, 44.8111055], [17.8996348, 44.8110854], [17.8996727, 44.8110719], [17.8997153, 44.8110585], [17.8997579, 44.8110501], [17.8998028, 44.8110417], [17.8998431, 44.8110333], [17.8998857, 44.8110266], [17.8999283, 44.8110249], [17.8999709, 44.8110333], [17.9000087, 44.8110434], [17.9000442, 44.8110299], [17.9000939, 44.8110165], [17.9001412, 44.8110148], [17.9002099, 44.8110216], [17.9002454, 44.8110367], [17.9002714, 44.8110585], [17.9002951, 44.8110803], [17.9003187, 44.8111038], [17.9003377, 44.8111307], [17.9003519, 44.8111576], [17.9003519, 44.8111844], [17.9003353, 44.8112096], [17.9003069, 44.8112281], [17.9002714, 44.8112398], [17.9002335, 44.8112465], [17.9002028, 44.8112633], [17.900198, 44.8112935], [17.900198, 44.8113221], [17.9002028, 44.811349], [17.9002051, 44.8113775], [17.9002122, 44.8114077], [17.900217, 44.8114379], [17.9002193, 44.8114665], [17.9002241, 44.811495], [17.9002312, 44.8115236], [17.9002359, 44.8115538], [17.9002477, 44.8115806], [17.900269, 44.8116042], [17.9003069, 44.8116176], [17.9003519, 44.8116142], [17.9003803, 44.8115907], [17.9003921, 44.8115639], [17.9004063, 44.8115353], [17.9004276, 44.8115101], [17.9004536, 44.8114849], [17.9004844, 44.8114648], [17.9005223, 44.811443], [17.9005625, 44.8114312], [17.9006051, 44.8114211], [17.9006453, 44.8114144], [17.9006879, 44.8114144], [17.9007353, 44.8114178], [17.9007755, 44.8114228], [17.9008157, 44.8114329], [17.9008536, 44.811448], [17.9008915, 44.8114665], [17.9009222, 44.8114849], [17.9009506, 44.8115085], [17.9010713, 44.8115605], [17.9011116, 44.8115723], [17.9011542, 44.8115605], [17.9011778, 44.811537], [17.9012062, 44.8115135], [17.9012394, 44.8114933], [17.9012796, 44.8114816], [17.9013198, 44.8114715], [17.9013601, 44.8114682], [17.9014027, 44.8114682], [17.9014453, 44.8114715], [17.9014879, 44.8114799], [17.9015257, 44.81149], [17.9015683, 44.8114984], [17.9016086, 44.8114984], [17.9016512, 44.8114917], [17.9016772, 44.8114682], [17.9016867, 44.8114363], [17.9016867, 44.8114027], [17.9016961, 44.8113741], [17.9017127, 44.8113473], [17.9017411, 44.8113204], [17.9017648, 44.8112969], [17.9017837, 44.8112717], [17.901805, 44.8112465], [17.9018263, 44.8112197], [17.9018523, 44.8111978], [17.9018807, 44.8111777], [17.9019233, 44.8111693], [17.9019659, 44.8111676], [17.9020568, 44.8111895], [17.9021299, 44.8112296], [17.9021488, 44.8112547], [17.9021654, 44.8112799], [17.9021701, 44.8113085], [17.9021677, 44.811337], [17.9021606, 44.8113672], [17.9021559, 44.8113941], [17.9021488, 44.811421], [17.9021464, 44.8114478], [17.9021393, 44.811478], [17.9021346, 44.8115083], [17.9021275, 44.8115351], [17.9021251, 44.8115653], [17.9021251, 44.8115939], [17.9021346, 44.8116224], [17.9021535, 44.811651], [17.9021748, 44.8116745], [17.902208, 44.8116963], [17.9022411, 44.8117131], [17.9022837, 44.8117232], [17.9023263, 44.8117232], [17.9023713, 44.8117215], [17.9024139, 44.8117181], [17.9024541, 44.8117114], [17.9024943, 44.8117013], [17.9025322, 44.8116929], [17.9025724, 44.8116879], [17.9026127, 44.8116879], [17.9026553, 44.8116946], [17.9026955, 44.8117064], [17.9027215, 44.8117282], [17.9027428, 44.8117517], [17.9027665, 44.8117752], [17.9028683, 44.8118843], [17.9028896, 44.8119079], [17.9029156, 44.8119297], [17.9029558, 44.8119448], [17.9029961, 44.8119565], [17.9030363, 44.8119532], [17.9030671, 44.8119314], [17.9030931, 44.8119045], [17.903112, 44.8118793], [17.9031381, 44.8118575], [17.9031688, 44.8118373], [17.9032091, 44.8118306], [17.9032493, 44.811839], [17.9032872, 44.8118524], [17.9033203, 44.8118692], [17.9033558, 44.8118877], [17.9034173, 44.811928], [17.9034457, 44.8119515], [17.9034741, 44.8119767], [17.9034978, 44.8120002], [17.9035215, 44.8120271], [17.9035451, 44.8120489], [17.9035664, 44.8120741], [17.9035901, 44.8120959], [17.9036256, 44.812116], [17.9036706, 44.8121228], [17.9037155, 44.8121228], [17.9038078, 44.8121194], [17.9038528, 44.812116], [17.903893, 44.8121144], [17.9039356, 44.812111], [17.9040208, 44.812111], [17.9040681, 44.8121093], [17.9041084, 44.8121093], [17.9041912, 44.812106], [17.9042338, 44.8120993], [17.9042693, 44.8120858], [17.9043024, 44.812064], [17.9043261, 44.8120388], [17.9043498, 44.8120119], [17.9043758, 44.8119817], [17.9044089, 44.8119565], [17.9044421, 44.8119347], [17.9044847, 44.8119162], [17.9045296, 44.8119028], [17.9045699, 44.8118961], [17.9047, 44.8118961], [17.9047474, 44.8118978], [17.90479, 44.8119028], [17.9048278, 44.8119112], [17.9048633, 44.8119246], [17.9048941, 44.8119448], [17.9049225, 44.8119649], [17.9049391, 44.8119884], [17.9049391, 44.812017], [17.9049343, 44.8120455], [17.904932, 44.8120724], [17.904932, 44.8120993], [17.9049438, 44.8121741], [17.9049627, 44.8122278], [17.9050385, 44.8122446], [17.9051142, 44.8122043], [17.9051899, 44.8121842], [17.9052799, 44.8121808], [17.9053556, 44.8122043], [17.9054029, 44.812248], [17.9054219, 44.8123017], [17.9054455, 44.8123588], [17.9054787, 44.8124125], [17.9055071, 44.8124629], [17.9055733, 44.8125032], [17.9056396, 44.8124662], [17.905597, 44.8124192], [17.9055639, 44.8123655], [17.9055875, 44.8123084], [17.9056633, 44.8122916], [17.9057437, 44.8123084], [17.9058952, 44.8123487], [17.9059472, 44.8123924], [17.9059898, 44.8124427], [17.9060466, 44.8124931], [17.9061176, 44.8125267], [17.9061981, 44.8125435], [17.9062786, 44.8125435], [17.906359, 44.8125603], [17.9064206, 44.8125972], [17.9064963, 44.8126173], [17.9065768, 44.8126073], [17.9066478, 44.8125804], [17.9067046, 44.8125368], [17.9067472, 44.812483], [17.9067898, 44.812436], [17.9068702, 44.8124058], [17.906946, 44.8124226], [17.906998, 44.8124662], [17.9070406, 44.81252], [17.9070832, 44.812567], [17.907159, 44.8125905], [17.9072252, 44.8125603], [17.9072726, 44.8125099], [17.9073483, 44.8124797], [17.9074288, 44.8124763], [17.9075045, 44.8124897], [17.9075802, 44.81253], [17.9076512, 44.812567], [17.907708, 44.8126073], [17.9077459, 44.8126576], [17.9077696, 44.8127147], [17.9078074, 44.8127852], [17.9078405, 44.8128356], [17.9078595, 44.8128927], [17.9078547, 44.8129498], [17.9078169, 44.8130001], [17.9077648, 44.8130404], [17.9077317, 44.8130874], [17.907708, 44.8131445], [17.9076986, 44.8131982], [17.9076986, 44.8132553], [17.9077222, 44.8133057], [17.9077696, 44.8133561], [17.9078311, 44.8133997], [17.9079115, 44.8134232], [17.907992, 44.8134367], [17.9081624, 44.8134501], [17.9082381, 44.8134904], [17.9082381, 44.8136683], [17.9082429, 44.8137288], [17.9082571, 44.8137825], [17.9083423, 44.8137892], [17.9083849, 44.8138329], [17.9083943, 44.8138866], [17.9083754, 44.8139403], [17.9083233, 44.813984], [17.9082571, 44.8140108], [17.9081813, 44.8140343], [17.9081103, 44.8140578], [17.9080441, 44.8140914], [17.9079967, 44.8141418], [17.9079873, 44.8141989], [17.9080393, 44.8142425], [17.9082003, 44.8142157], [17.9082807, 44.8142324], [17.9083186, 44.8142795], [17.9083517, 44.8143298], [17.9083896, 44.8143768], [17.9084748, 44.8143735], [17.9085553, 44.8143768], [17.9086263, 44.8144138], [17.908702, 44.814444], [17.908773, 44.8144675], [17.9088393, 44.8144943], [17.908915, 44.8145313], [17.9089245, 44.814585], [17.9089292, 44.8146387], [17.9089718, 44.8146891], [17.9090239, 44.8147327], [17.9090665, 44.8147798], [17.9090712, 44.8148402], [17.9090523, 44.8149006], [17.9089955, 44.8149409], [17.9088913, 44.8149711], [17.9088393, 44.8150148], [17.9088251, 44.8150719], [17.9088535, 44.8151222], [17.9089197, 44.8151491], [17.9090049, 44.8151525], [17.9090854, 44.8151726], [17.9091233, 44.815223], [17.9091233, 44.8152868], [17.9091138, 44.8153405], [17.9091091, 44.8154009], [17.9091091, 44.8154547], [17.9091138, 44.8155117], [17.9091422, 44.8155688], [17.9091895, 44.8156158], [17.90927, 44.8156225], [17.9093457, 44.8156024], [17.909412, 44.8155722], [17.909483, 44.815542], [17.909554, 44.8155017], [17.909625, 44.8154647], [17.9097007, 44.8154479], [17.9097812, 44.8154547], [17.9098616, 44.8154748], [17.9099326, 44.8155017], [17.9099752, 44.8155487], [17.9100084, 44.815599], [17.9100368, 44.8156528], [17.9100699, 44.8156998], [17.9101125, 44.8157434], [17.9101835, 44.8157703], [17.910264, 44.8157468], [17.9104154, 44.815693], [17.9104959, 44.8156796], [17.9105811, 44.815683], [17.9106663, 44.8156964], [17.910742, 44.8157166], [17.9108083, 44.8157501], [17.9108651, 44.8157904], [17.9109172, 44.8158341], [17.9109692, 44.8158811], [17.9110686, 44.815965], [17.9111396, 44.816002], [17.9112201, 44.8160187], [17.9113053, 44.8160255], [17.9113858, 44.8160355], [17.9114757, 44.8160456], [17.9115562, 44.8160557], [17.9116224, 44.8160892], [17.9116792, 44.8161363], [17.9117029, 44.81619], [17.9117029, 44.8164116], [17.9117407, 44.8164619], [17.9118212, 44.8164854], [17.9119159, 44.8164989], [17.9120105, 44.8165056], [17.9121005, 44.8165056], [17.9121857, 44.8165123], [17.9122709, 44.8165157], [17.9125265, 44.8165157], [17.9126117, 44.8165123], [17.9126685, 44.8164653], [17.9126685, 44.8164049], [17.9126732, 44.8163444], [17.91273, 44.8163008], [17.9128152, 44.8163041], [17.9129004, 44.8163109], [17.9129809, 44.8163176], [17.9130708, 44.8163176], [17.9131513, 44.8163142], [17.9132365, 44.8163041], [17.9133264, 44.8163008], [17.9134069, 44.8163008], [17.9134873, 44.8163142], [17.9135678, 44.8163377], [17.9136388, 44.8163713], [17.9137145, 44.8163881], [17.913795, 44.8163814], [17.9138754, 44.8163646], [17.9139606, 44.8163746], [17.9140316, 44.8164082], [17.9140884, 44.8164519], [17.9141358, 44.8164989], [17.9141784, 44.8165492], [17.9142115, 44.8165996], [17.9142683, 44.8166433], [17.9143582, 44.8166567], [17.9144387, 44.8166466], [17.9145144, 44.8166298], [17.9145902, 44.8166097], [17.9146612, 44.8165862], [17.9147511, 44.816566], [17.9148221, 44.8165358], [17.9148884, 44.8164989], [17.9149783, 44.8164888], [17.9150493, 44.816519], [17.9151156, 44.8165526], [17.9151771, 44.8165929], [17.9152244, 44.8166365], [17.9152765, 44.8166802], [17.9153191, 44.8167238], [17.9153428, 44.8167809], [17.915338, 44.8168346], [17.9153096, 44.816885], [17.9152528, 44.8169219], [17.9151724, 44.8169253], [17.9150824, 44.8169253], [17.915002, 44.8169186], [17.9149215, 44.8169186], [17.9148458, 44.8169287], [17.9147842, 44.8169589], [17.9147558, 44.8170092], [17.9147748, 44.8170663], [17.9148268, 44.8171066], [17.9149073, 44.81712], [17.914983, 44.8171368], [17.9150588, 44.8171603], [17.9151203, 44.8172006], [17.9151676, 44.817251], [17.9151913, 44.8173114], [17.9152197, 44.8173752], [17.9152386, 44.8174323], [17.9152718, 44.817486], [17.9153096, 44.8175364], [17.9153712, 44.8175834], [17.9154422, 44.8176102], [17.9155179, 44.817627], [17.9156031, 44.8176304], [17.9156835, 44.817627], [17.915764, 44.8176102], [17.915835, 44.81758], [17.9158823, 44.817533], [17.9159202, 44.8174827], [17.9159533, 44.8174256], [17.9159675, 44.8173651], [17.9159675, 44.817251], [17.9159723, 44.8171939], [17.9159865, 44.8171368], [17.9160196, 44.8170831], [17.9160575, 44.817026], [17.9161095, 44.8169757], [17.9162279, 44.816885], [17.9162941, 44.8168447], [17.9163888, 44.8168078], [17.9164645, 44.8167809], [17.9165403, 44.8167608], [17.9166207, 44.8167373], [17.9166965, 44.8167138], [17.9167817, 44.816697], [17.9168763, 44.8166768], [17.9169615, 44.8166668], [17.9170515, 44.8166668], [17.9171367, 44.8166802], [17.9172077, 44.8167104], [17.9173497, 44.8167574], [17.9174301, 44.8167809], [17.91752, 44.8168044], [17.9175863, 44.8168346], [17.9176526, 44.8168682], [17.9177283, 44.8168951], [17.9177804, 44.8169354], [17.9177709, 44.8169891], [17.9177094, 44.8170193], [17.9176336, 44.817026], [17.9175579, 44.817026], [17.9174727, 44.8170092], [17.9174017, 44.8169824], [17.9173213, 44.8169723], [17.9172408, 44.8169757], [17.9171556, 44.8169857], [17.9170799, 44.817016], [17.9170231, 44.8170562], [17.9169568, 44.8170831], [17.9168905, 44.8171066], [17.9168243, 44.8171335], [17.9167533, 44.817157], [17.916687, 44.8171872], [17.9166207, 44.8172107], [17.9165545, 44.8172409], [17.9164787, 44.8172778], [17.9164219, 44.8173181], [17.9163935, 44.8173752], [17.916403, 44.8174289], [17.9164787, 44.8174457], [17.9165639, 44.8174524], [17.9166255, 44.8174927], [17.9166823, 44.8175397], [17.9167201, 44.8175901], [17.916758, 44.8176438], [17.9167675, 44.8177009], [17.9167627, 44.8177546], [17.9167343, 44.8178016], [17.916687, 44.817852], [17.9166349, 44.817899], [17.9165829, 44.8179426], [17.9165497, 44.817993], [17.9165213, 44.8180434], [17.9164977, 44.8181004], [17.9164787, 44.8181542], [17.9164787, 44.818218], [17.9164835, 44.818275], [17.9165024, 44.8183288], [17.9165403, 44.8183825], [17.9165829, 44.8184295], [17.9166397, 44.8184798], [17.9166917, 44.8185235], [17.9167391, 44.8185738], [17.9167769, 44.8186276], [17.9167959, 44.818688], [17.9168195, 44.8187451], [17.9168385, 44.8188055], [17.9168763, 44.8188559], [17.9169331, 44.8188962], [17.9170089, 44.8189197], [17.9170893, 44.8189197], [17.9171651, 44.8188962], [17.9171793, 44.8188391], [17.9171556, 44.8187854], [17.9170988, 44.8187417], [17.9170278, 44.8187115], [17.916971, 44.8186712], [17.9169379, 44.8186175], [17.9169189, 44.8185571], [17.9169095, 44.8184966], [17.9169142, 44.8184395], [17.9169284, 44.8183825], [17.9169379, 44.818322], [17.9169568, 44.8182616], [17.9170041, 44.8182112], [17.9170846, 44.8181609], [17.9171603, 44.8181441], [17.9172455, 44.8181307], [17.917326, 44.8181307], [17.9174112, 44.8181407], [17.9174774, 44.8181743], [17.9175248, 44.8182247], [17.9175579, 44.8182784], [17.9175863, 44.8183288], [17.9176147, 44.8183892], [17.9176478, 44.8184429], [17.9177094, 44.8184832], [17.9177898, 44.8185033], [17.9178419, 44.8184597], [17.9178656, 44.8184026], [17.917875, 44.8183455], [17.9178798, 44.8182885], [17.9178987, 44.818228], [17.9179318, 44.8181709], [17.9179839, 44.8181206], [17.9180407, 44.8180736], [17.9180928, 44.8180232], [17.9181543, 44.8179729], [17.9182111, 44.8179258], [17.9183294, 44.8178184], [17.9184004, 44.8177882], [17.9184809, 44.817768], [17.9186466, 44.8177613], [17.9188312, 44.8177613], [17.9189116, 44.8177748], [17.9189968, 44.8177882], [17.9190726, 44.8178117], [17.9191341, 44.817852], [17.919172, 44.817899], [17.9191814, 44.8179527], [17.9194039, 44.8180199], [17.9193045, 44.8180098], [17.9192193, 44.8180467], [17.9192193, 44.8181105], [17.9192051, 44.8181676], [17.9191625, 44.818228], [17.9191057, 44.8182784], [17.9190394, 44.8183052], [17.9189637, 44.8183321], [17.9188927, 44.818359], [17.9188312, 44.8183892], [17.9187602, 44.8184194], [17.9186986, 44.8184563], [17.9186324, 44.8184899], [17.9185661, 44.8185201], [17.9185093, 44.8185604], [17.9184667, 44.8186074], [17.9184667, 44.8186645], [17.9184809, 44.8187216], [17.918533, 44.8187686], [17.9186182, 44.8187719], [17.9186892, 44.8187384], [17.9188217, 44.8186645], [17.918888, 44.8186309], [17.9189637, 44.8186074], [17.9190489, 44.8185873], [17.9191294, 44.8185772], [17.9192193, 44.8185772], [17.9193045, 44.8185806], [17.9193944, 44.8185873], [17.9194701, 44.8186074], [17.9194938, 44.8186611], [17.9194938, 44.8187787], [17.9194559, 44.8188492], [17.9194323, 44.8188995], [17.9193991, 44.8189499], [17.9193613, 44.8190002], [17.9193282, 44.8190506], [17.9192998, 44.819101], [17.9192714, 44.8191648], [17.9192524, 44.8192252], [17.919243, 44.8192856], [17.919243, 44.8193394], [17.9192477, 44.8193931], [17.9192714, 44.8194535], [17.919314, 44.8194972], [17.9193897, 44.8195139], [17.9194654, 44.8194904], [17.919508, 44.8194401], [17.9195364, 44.8193864], [17.9195459, 44.8193293], [17.9195648, 44.8192084], [17.9195885, 44.819148], [17.9196453, 44.8191043], [17.9197163, 44.8190674], [17.9197967, 44.8190439], [17.9198772, 44.819054], [17.9199529, 44.8190708], [17.9200239, 44.819101], [17.9200855, 44.8191446], [17.9201281, 44.8191916], [17.9201754, 44.8192453], [17.9202133, 44.8193024], [17.9202464, 44.8193561], [17.9202843, 44.8194065], [17.9203316, 44.8194569], [17.9203884, 44.8194972], [17.9204547, 44.8195341], [17.9205446, 44.8195475], [17.9206298, 44.8195374], [17.9206771, 44.8194904], [17.9207008, 44.8194266], [17.9206913, 44.8193662], [17.9206535, 44.8193125], [17.9205967, 44.8192688], [17.9205399, 44.8192286], [17.9204736, 44.819195], [17.9204026, 44.8191681], [17.9203316, 44.8191379], [17.9202559, 44.8191043], [17.9201943, 44.8190674], [17.9201517, 44.8190204], [17.9201328, 44.8189667], [17.9201328, 44.8189096], [17.9201375, 44.8188525], [17.9201565, 44.8187954], [17.9202038, 44.8187417], [17.9202464, 44.818688], [17.9202795, 44.8186309], [17.9203032, 44.8185738], [17.9203458, 44.8185235], [17.9204073, 44.8184765], [17.9204878, 44.8184731], [17.920573, 44.8184832], [17.9206677, 44.8185], [17.9207292, 44.8185403], [17.9207671, 44.8185906], [17.9207671, 44.8186477], [17.9207623, 44.8187048], [17.9207529, 44.8187652], [17.9207623, 44.818829], [17.9208002, 44.8188794], [17.9208428, 44.8189297], [17.9208901, 44.8189801], [17.9209564, 44.819017], [17.9210274, 44.8190473], [17.9211079, 44.8190775], [17.9211978, 44.8190708], [17.9212842, 44.8190567], [17.9213465, 44.8190351], [17.9214324, 44.8190125], [17.9215067, 44.8190023], [17.9216134, 44.818999], [17.9216696, 44.8190059], [17.9217232, 44.8190271], [17.9217894, 44.8190708], [17.9218604, 44.8190976], [17.9219362, 44.8190708], [17.9220273, 44.8190766], [17.9220958, 44.8190834], [17.9221627, 44.8191108], [17.9221965, 44.8191379], [17.9222122, 44.8191878], [17.922224, 44.8192338], [17.9222888, 44.8193137], [17.9223196, 44.8195005], [17.9223243, 44.8195576], [17.9223574, 44.8196113], [17.922419, 44.8197015], [17.922504, 44.8197613], [17.9225468, 44.8197754], [17.9225894, 44.8198116], [17.9226462, 44.8199], [17.9226531, 44.819989], [17.922676, 44.8200527], [17.9226963, 44.8200964], [17.9227314, 44.8201492], [17.922774, 44.8201754], [17.9228497, 44.8202056], [17.922916, 44.8201653], [17.9229822, 44.8200578], [17.923039, 44.8200108], [17.9231148, 44.8199672], [17.9231905, 44.8199437], [17.9232709, 44.8199235], [17.9233609, 44.8199068], [17.9234461, 44.8199034], [17.9236165, 44.8199034], [17.9236875, 44.8199269], [17.9237537, 44.8199672], [17.9238153, 44.8200041], [17.9238815, 44.8200411], [17.9244874, 44.8202324], [17.9245442, 44.8202727], [17.924601, 44.8203164], [17.9246436, 44.8203634], [17.9246436, 44.8204204], [17.924601, 44.8204641], [17.92453, 44.8204909], [17.9244543, 44.820501], [17.9243785, 44.8205178], [17.9243123, 44.8205413], [17.9242271, 44.8205782], [17.9241608, 44.8206085], [17.9240851, 44.8206487], [17.9240141, 44.8206823], [17.9239478, 44.8207192], [17.9238863, 44.8207528], [17.9238247, 44.8207898], [17.9237111, 44.8208636], [17.9236638, 44.820914], [17.9236543, 44.8209778], [17.9236685, 44.8210315], [17.9236922, 44.8210818], [17.9237159, 44.8211356], [17.9237585, 44.8211792], [17.9238247, 44.8212128], [17.9239052, 44.8212329], [17.9239762, 44.8212061], [17.924033, 44.8211624], [17.9241087, 44.8211356], [17.9241892, 44.8211523], [17.9242318, 44.8211994], [17.9242602, 44.8212497], [17.924246, 44.8213068], [17.9242129, 44.8213538], [17.9241797, 44.8214075], [17.9241797, 44.8214646], [17.9242176, 44.8215116], [17.9242981, 44.8215351], [17.9244685, 44.8215485], [17.9245489, 44.8215485], [17.9246341, 44.8215552], [17.9247051, 44.8215821], [17.9247619, 44.8216257], [17.9247903, 44.8216794], [17.9247951, 44.8217365], [17.9247856, 44.8217936], [17.9248694, 44.8218802], [17.9248244, 44.8218852], [17.9247889, 44.8218936], [17.9247747, 44.8219204], [17.92477, 44.8219876], [17.9247605, 44.8220195], [17.9247487, 44.8220447], [17.9247298, 44.8220766], [17.9247108, 44.8221051], [17.9246895, 44.8221387], [17.9246256, 44.8222511], [17.9246233, 44.822278], [17.9246185, 44.8223099], [17.9246233, 44.8223686], [17.9246351, 44.8223972], [17.9246682, 44.822414], [17.9247132, 44.8224089], [17.9247487, 44.8223955], [17.9247795, 44.8223703], [17.9248031, 44.8223418], [17.924841, 44.8222881], [17.9248552, 44.8222595], [17.9248647, 44.8222243], [17.9248741, 44.8221941], [17.924886, 44.8221622], [17.9248954, 44.822132], [17.9249144, 44.8221068], [17.9249404, 44.8220782], [17.9249759, 44.8220631], [17.9250161, 44.8220531], [17.9251557, 44.8220531], [17.9251983, 44.8220547], [17.9252386, 44.8220615], [17.9252764, 44.8220682], [17.925319, 44.8220799], [17.925364, 44.8220917], [17.925409, 44.8221001], [17.9254492, 44.8221068], [17.9254894, 44.8221152], [17.9255273, 44.8221286], [17.9255652, 44.8221403], [17.9256409, 44.8221706], [17.9256788, 44.822184], [17.9257143, 44.8221991], [17.9257569, 44.8222159], [17.9257924, 44.822231], [17.9258279, 44.8222511], [17.9258586, 44.8222763], [17.9258989, 44.8223334], [17.9259154, 44.8223619], [17.9259296, 44.8223888], [17.9259486, 44.822414], [17.9259722, 44.8224391], [17.9259983, 44.8224626], [17.926029, 44.8224845], [17.9260693, 44.8225013], [17.9261071, 44.8225147], [17.9261497, 44.8225264], [17.9261923, 44.8225264], [17.9262444, 44.8225248], [17.9262941, 44.8225214], [17.9263391, 44.8225147], [17.9263793, 44.822508], [17.9264219, 44.8225046], [17.9264763, 44.8224929], [17.9265189, 44.8224861], [17.9265615, 44.8224845], [17.9266089, 44.8224845], [17.9266491, 44.8224861], [17.9266917, 44.8224912], [17.9267343, 44.8225029], [17.9267745, 44.822513], [17.9268195, 44.8225164], [17.9268621, 44.8225164], [17.9269023, 44.8225147], [17.9269922, 44.8225046], [17.9271224, 44.8224996], [17.9271626, 44.8224996], [17.9272242, 44.8225063], [17.9272739, 44.8225147], [17.9273165, 44.8225214], [17.9273733, 44.8225298], [17.9274159, 44.8225365], [17.9274798, 44.8225499], [17.9276573, 44.8226104], [17.9275957, 44.8225902], [17.9276241, 44.8226104], [17.9276525, 44.8226322], [17.9276786, 44.8226557], [17.9276999, 44.8226792], [17.9277141, 44.8227094], [17.9277212, 44.8227363], [17.9277188, 44.8227631], [17.9277046, 44.82279], [17.9276833, 44.8228135], [17.9276525, 44.8228319], [17.9276147, 44.8228487], [17.9275792, 44.8228605], [17.9275413, 44.8228689], [17.9274987, 44.8228773], [17.9274585, 44.8228857], [17.9274182, 44.822889], [17.9270916, 44.822889], [17.9270135, 44.8228924], [17.9269733, 44.8228974], [17.9269283, 44.8229058], [17.9268881, 44.8229142], [17.9268597, 44.822936], [17.9268645, 44.8229662], [17.9268976, 44.8229864], [17.9269331, 44.8230015], [17.9269686, 44.8230149], [17.9270088, 44.8230334], [17.9270419, 44.8230518], [17.9270751, 44.8230686], [17.9271082, 44.8230871], [17.9271413, 44.8231072], [17.9271792, 44.8231307], [17.9272123, 44.8231526], [17.9272762, 44.8232012], [17.9273614, 44.8232717], [17.9273851, 44.8232952], [17.9274088, 44.8233204], [17.9274372, 44.8233473], [17.9274632, 44.8233758], [17.9274892, 44.8233993], [17.9275105, 44.8234211], [17.9275318, 44.8234446], [17.9275555, 44.8234681], [17.9275768, 44.8234916], [17.9276028, 44.8235135], [17.927636, 44.8235336], [17.9276762, 44.8235454], [17.9277188, 44.8235487], [17.927759, 44.8235487], [17.9278466, 44.8235454], [17.9278868, 44.8235403], [17.9279294, 44.8235235], [17.9279649, 44.8235084], [17.9280004, 44.8234849], [17.9280288, 44.8234631], [17.9280572, 44.8234396], [17.9280856, 44.8234144], [17.928114, 44.8233909], [17.9281424, 44.8233624], [17.9281614, 44.8233355], [17.9281779, 44.8233036], [17.9281874, 44.8232751], [17.9281921, 44.8232432], [17.9281921, 44.8232113], [17.9282087, 44.823166], [17.9282182, 44.8231375], [17.9282395, 44.8231005], [17.9282631, 44.8230703], [17.9282892, 44.8230434], [17.9283152, 44.8230216], [17.9283436, 44.8230015], [17.9283767, 44.8229746], [17.9284146, 44.8229545], [17.9284596, 44.8229394], [17.9285116, 44.8229276], [17.9285542, 44.8229192], [17.9286039, 44.8229159], [17.9286465, 44.8229176], [17.9286844, 44.8229343], [17.928701, 44.8229595], [17.9287152, 44.8229948], [17.9287152, 44.8230854], [17.9287128, 44.823114], [17.9287081, 44.8231458], [17.9287033, 44.8231744], [17.9286797, 44.8232281], [17.9286797, 44.8232835], [17.9286844, 44.8233103], [17.9286891, 44.8233406], [17.9287033, 44.8233657], [17.9287294, 44.8233892], [17.9287649, 44.8234127], [17.9288004, 44.8234245], [17.9288406, 44.8234362], [17.9289258, 44.8234329], [17.928966, 44.8234279], [17.9290062, 44.8234178], [17.9290465, 44.8234094], [17.9290914, 44.8234094], [17.9291364, 44.8234111], [17.9291885, 44.8234161], [17.929224, 44.8234312], [17.9292784, 44.8234765], [17.929295, 44.8235034], [17.9293115, 44.8235319], [17.9293257, 44.8235588], [17.9293447, 44.823584], [17.9293636, 44.8236159], [17.9294062, 44.8236696], [17.9294275, 44.8236998], [17.9294488, 44.8237233], [17.9294796, 44.8237501], [17.9295127, 44.8237703], [17.9295506, 44.8237804], [17.9295908, 44.8237837], [17.929676, 44.8237837], [17.9296973, 44.8237585], [17.9296784, 44.8237317], [17.9296429, 44.8237199], [17.9296074, 44.8237048], [17.9295766, 44.8236796], [17.9295553, 44.8236494], [17.9295482, 44.8236192], [17.9295506, 44.823589], [17.9295577, 44.8235588], [17.9295742, 44.8235336], [17.9295979, 44.8235101], [17.9296263, 44.8234866], [17.9296523, 44.8234631], [17.9296831, 44.8234346], [17.9297115, 44.8234127], [17.9297399, 44.8233926], [17.9297707, 44.8233741], [17.9298062, 44.8233574], [17.9298417, 44.8233456], [17.9298843, 44.8233339], [17.9299316, 44.8233271], [17.9300192, 44.8233271], [17.9300618, 44.8233305], [17.930102, 44.8233372], [17.9301446, 44.8233439], [17.9301825, 44.823354], [17.930218, 44.8233641], [17.9302558, 44.8233775], [17.9302913, 44.8233909], [17.9303339, 44.8234044], [17.9303742, 44.8234161], [17.9304144, 44.8234312], [17.9304499, 44.823443], [17.9304854, 44.8234581], [17.9305185, 44.8234765], [17.9305493, 44.8235017], [17.9305895, 44.8235521], [17.9306108, 44.8235772], [17.9306298, 44.8236041], [17.9306629, 44.8236477], [17.9306747, 44.8236746], [17.9307694, 44.8238257], [17.9307339, 44.8238441], [17.9307457, 44.823871], [17.9307481, 44.8239012], [17.9307339, 44.8239298], [17.9307079, 44.8239499], [17.9306842, 44.82397], [17.9306511, 44.8239818], [17.9306132, 44.8239902], [17.9305777, 44.8240003], [17.9305327, 44.8240003], [17.9304925, 44.8239986], [17.9304499, 44.8239935], [17.9304097, 44.8239835], [17.9303742, 44.8239751], [17.9302535, 44.8239449], [17.9302061, 44.8239432], [17.9301659, 44.8239432], [17.9301233, 44.8239449], [17.9300878, 44.8239583], [17.9300452, 44.8239784], [17.9300121, 44.8239969], [17.929986, 44.8240221], [17.9299671, 44.8240456], [17.9299624, 44.8240758], [17.9299647, 44.8241043], [17.9299742, 44.8241329], [17.9299931, 44.8241564], [17.9300168, 44.8241782], [17.9300428, 44.8242], [17.9301162, 44.8242671], [17.9301399, 44.824294], [17.9301635, 44.8243192], [17.9301825, 44.824346], [17.9302061, 44.8243712], [17.9302487, 44.8244182], [17.93027, 44.8244451], [17.9302937, 44.824477], [17.9302961, 44.8245055], [17.9302961, 44.8245693], [17.9302984, 44.8245978], [17.9303079, 44.824628], [17.9303221, 44.8246583], [17.9303363, 44.8246834], [17.9303529, 44.8247103], [17.9303647, 44.8247388], [17.9303694, 44.8247674], [17.9303718, 44.8247942], [17.9303765, 44.8248546], [17.9303765, 44.8248815], [17.930386, 44.8249168], [17.9304026, 44.8249419], [17.9304357, 44.8249621], [17.9304783, 44.8249604], [17.9305185, 44.8249453], [17.930554, 44.8249235], [17.9305753, 44.8248966], [17.9305777, 44.8248664], [17.9305635, 44.8248026], [17.9305659, 44.8247707], [17.930573, 44.8247422], [17.9305895, 44.824712], [17.9306179, 44.8246834], [17.9306487, 44.8246583], [17.9306842, 44.8246381], [17.9307504, 44.8245945], [17.9307694, 44.8245676], [17.9307836, 44.8245391], [17.9307836, 44.8245072], [17.9307812, 44.824477], [17.9307741, 44.8244468], [17.9307599, 44.8244132], [17.9307481, 44.8243813], [17.9307434, 44.8243511], [17.9307434, 44.824289], [17.9307599, 44.8242638], [17.9307978, 44.8242487], [17.9308451, 44.8242386], [17.9308853, 44.8242386], [17.9309256, 44.8242403], [17.9309682, 44.824252], [17.9310084, 44.8242671], [17.9310463, 44.8242789], [17.9310889, 44.8242974], [17.931122, 44.8243108], [17.9311599, 44.8243276], [17.9312025, 44.8243427], [17.9312403, 44.8243528], [17.9312829, 44.8243595], [17.9313326, 44.8243611], [17.9313681, 44.824346], [17.9313965, 44.8243225], [17.9314249, 44.8243024], [17.9314439, 44.8242772], [17.9314462, 44.824247], [17.9314415, 44.8242168], [17.9314273, 44.8241899], [17.9314107, 44.8241648], [17.9313942, 44.8241345], [17.9313776, 44.8241077], [17.9313681, 44.8240808], [17.931361, 44.8240523], [17.9313587, 44.8240154], [17.9313587, 44.8239851], [17.9313634, 44.8239533], [17.9313705, 44.8239247], [17.9313894, 44.8238995], [17.9314226, 44.8238777], [17.9314604, 44.8238593], [17.931503, 44.8238593], [17.9315456, 44.823866], [17.9315859, 44.8238777], [17.9316237, 44.8238911], [17.931735, 44.8239331], [17.9317752, 44.8239415], [17.9318131, 44.8239516], [17.9318533, 44.82396], [17.9318959, 44.823965], [17.9319385, 44.8239734], [17.9320142, 44.8239902], [17.932071, 44.8239986], [17.9321704, 44.8240154], [17.9322272, 44.8240254], [17.9322698, 44.8240321], [17.9323077, 44.8240456], [17.9323408, 44.824064], [17.9323527, 44.8240926], [17.9323574, 44.8241513], [17.9323621, 44.8241815], [17.9323716, 44.8242134], [17.9323858, 44.8242403], [17.9324047, 44.8242722], [17.9324189, 44.8243024], [17.9324379, 44.8243293], [17.9324544, 44.8243561], [17.9324686, 44.824383], [17.9324923, 44.82444], [17.9325112, 44.8244652], [17.9325491, 44.824477], [17.932587, 44.8244652], [17.9325988, 44.824435], [17.9326035, 44.8243763], [17.9326225, 44.8243477], [17.9326485, 44.8243242], [17.9326887, 44.8243125], [17.9327313, 44.824299], [17.9327739, 44.8242974], [17.932826, 44.8242974], [17.9328662, 44.8243058], [17.9329064, 44.8243125], [17.9329443, 44.8243259], [17.9329774, 44.8243444], [17.9330082, 44.8243645], [17.9330342, 44.824388], [17.9330626, 44.8244115], [17.933091, 44.8244333], [17.9331147, 44.8244551], [17.9331478, 44.8244719], [17.9331833, 44.824482], [17.9332259, 44.824482], [17.9332662, 44.8244753], [17.9333017, 44.8244635], [17.9333348, 44.8244451], [17.9333703, 44.8244333], [17.9334058, 44.8244199], [17.9334437, 44.8244081], [17.9334792, 44.8243947], [17.9335099, 44.8243763], [17.9335383, 44.8243561], [17.9335573, 44.8243309], [17.9335886, 44.8242852], [17.9336388, 44.8242591], [17.9337024, 44.824252], [17.933756, 44.824271], [17.9338095, 44.8242947], [17.9338564, 44.8243184], [17.9339133, 44.8243374], [17.9339668, 44.8243517], [17.9340237, 44.8243635], [17.9341442, 44.8243707], [17.9342044, 44.8243778], [17.934268, 44.8243897], [17.9343249, 44.8244039], [17.9343785, 44.8244253], [17.9344186, 44.8244561], [17.9344521, 44.8244894], [17.9344722, 44.8245273], [17.9344755, 44.8245677], [17.9344688, 44.8246579], [17.934517, 44.8246399], [17.9345531, 44.8246222], [17.9346334, 44.8245605], [17.9346937, 44.8244893], [17.9347205, 44.8244086], [17.9347272, 44.8243184], [17.9347339, 44.8242377], [17.9347405, 44.8241475], [17.9347405, 44.8238958], [17.9347472, 44.8238104], [17.9347472, 44.8230365], [17.934774, 44.8227136], [17.9347874, 44.8226329], [17.9348075, 44.8225522], [17.9348276, 44.8224715], [17.9348343, 44.822386], [17.93484, 44.8223493], [17.9348343, 44.8222151], [17.9348209, 44.8221344], [17.9347874, 44.8220584], [17.9347405, 44.8219872], [17.9346803, 44.821916], [17.9346201, 44.8218495], [17.9345732, 44.8217783], [17.9343858, 44.8216026], [17.9343121, 44.8215266], [17.9342452, 44.8214602], [17.9341649, 44.8214032], [17.9340912, 44.8213415], [17.9340042, 44.821275], [17.9339306, 44.8212085], [17.933857, 44.8211373], [17.9337967, 44.8210708], [17.9337365, 44.8209949], [17.9336829, 44.8209284], [17.9336361, 44.8208572], [17.9335959, 44.8207764], [17.9335557, 44.8207052], [17.9335156, 44.8206198], [17.9334821, 44.820539], [17.9334486, 44.8204536], [17.9334219, 44.8203634], [17.9333884, 44.8202779], [17.9333281, 44.8201355], [17.9332679, 44.8200452], [17.9332144, 44.8199645], [17.9331139, 44.8198553], [17.9330269, 44.8197841], [17.93296, 44.8197129], [17.932893, 44.8196417], [17.932806, 44.8195799], [17.9327324, 44.819523], [17.9326454, 44.8194612], [17.9325784, 44.81939], [17.9325182, 44.8193045], [17.9325115, 44.8192096], [17.9325249, 44.8191241], [17.9325584, 44.8190149], [17.9325784, 44.8189342], [17.9325918, 44.818844], [17.9325383, 44.818749], [17.9324379, 44.8186968], [17.9322906, 44.8185068], [17.932217, 44.8184451], [17.93213, 44.8183786], [17.9320429, 44.8183074], [17.9319693, 44.8182457], [17.931889, 44.818184], [17.9318086, 44.818127], [17.9317484, 44.8180605], [17.9316882, 44.8179798], [17.931648, 44.8179038], [17.9316145, 44.8178231], [17.9315744, 44.8177376], [17.9315342, 44.8176664], [17.9314873, 44.8175952], [17.9314405, 44.817524], [17.9313869, 44.817448], [17.9313334, 44.8173815], [17.9312865, 44.8173103], [17.9312464, 44.8172248], [17.9310121, 44.8168924], [17.9309451, 44.8168259], [17.9308581, 44.8167595], [17.9307845, 44.8166977], [17.9307309, 44.8166218], [17.9306908, 44.816541], [17.9306506, 44.8164698], [17.9306038, 44.8163986], [17.9305569, 44.8163274], [17.93049, 44.8162609], [17.9304364, 44.8161897], [17.9303829, 44.8161232], [17.930336, 44.816052], [17.9302825, 44.8159807], [17.9302222, 44.8159048], [17.9301687, 44.8158288], [17.9301285, 44.8157528], [17.930095, 44.8156578], [17.9300816, 44.8154726], [17.9300816, 44.8153872], [17.9300749, 44.815297], [17.9300737, 44.815221], [17.9300697, 44.8151384], [17.9300415, 44.8150453], [17.9299678, 44.8147461], [17.9299545, 44.8146654], [17.9299277, 44.8145894], [17.9299009, 44.8144992], [17.9298808, 44.814409], [17.9298474, 44.8143093], [17.9298206, 44.8142238], [17.9298005, 44.8141383], [17.9297737, 44.8140386], [17.9297603, 44.8139531], [17.9297469, 44.8138629], [17.9297269, 44.8137774], [17.9297068, 44.8136919], [17.9296666, 44.8135162], [17.9296131, 44.8132646], [17.9295997, 44.8131648], [17.929593, 44.8129891], [17.9295863, 44.8128942], [17.9295595, 44.8127042], [17.9295595, 44.8125285], [17.9295729, 44.812443], [17.9296064, 44.8123576], [17.9296666, 44.8122863], [17.9297202, 44.8122104], [17.9297737, 44.8121296], [17.9298273, 44.8120347], [17.9298741, 44.811821], [17.9299076, 44.811726], [17.9299344, 44.8116453], [17.9299545, 44.8115645], [17.9299612, 44.8114838], [17.9299612, 44.8113081], [17.9299545, 44.8112274], [17.9299545, 44.8111324], [17.9299612, 44.8106005], [17.9299545, 44.8105103], [17.9299411, 44.8104058], [17.9299277, 44.8103108], [17.9299277, 44.8101209], [17.9299411, 44.8100354], [17.9299812, 44.8099594], [17.9300214, 44.8098834], [17.9301419, 44.8097267], [17.9302155, 44.8096365], [17.9302758, 44.8095652], [17.9303494, 44.8094845], [17.9304096, 44.8094038], [17.9304699, 44.8093278], [17.9305837, 44.8091663], [17.9306372, 44.8090951], [17.9307042, 44.8089479], [17.9307109, 44.8088149], [17.9307109, 44.8086107], [17.9307176, 44.80853], [17.9307176, 44.8079411], [17.9307109, 44.8078366], [17.9306975, 44.8077416], [17.9306774, 44.8076561], [17.9306506, 44.8075612], [17.9306238, 44.8074852], [17.9306038, 44.8073997], [17.9305904, 44.8073189], [17.930577, 44.8072335], [17.930577, 44.8071527], [17.9305569, 44.8070672], [17.9305368, 44.8069818], [17.93051, 44.8068963], [17.93051, 44.8068108], [17.9305034, 44.8067253], [17.9304766, 44.8066398], [17.930423, 44.8065543], [17.9303025, 44.8064071], [17.930249, 44.8063264], [17.9301887, 44.8062266], [17.9301486, 44.8061411], [17.9301218, 44.8060557], [17.9301084, 44.8059702], [17.930095, 44.8058847], [17.930095, 44.8057185], [17.9300816, 44.8055475], [17.9300683, 44.805462], [17.9300348, 44.8053195], [17.9300147, 44.8052388], [17.930008, 44.8051248], [17.9300147, 44.8049871], [17.9300415, 44.8048683], [17.9300749, 44.8047828], [17.930162, 44.8046784], [17.9302289, 44.8046024], [17.9302958, 44.8045359], [17.9303762, 44.8044504], [17.9304632, 44.8043649], [17.9305234, 44.8042889], [17.930818, 44.8039897], [17.930905, 44.8039327], [17.9309853, 44.803871], [17.9310522, 44.8037997], [17.9311192, 44.8037237], [17.9311727, 44.8036477], [17.9311861, 44.8035575], [17.9311861, 44.803472], [17.931146, 44.803377], [17.931079, 44.803301], [17.9310054, 44.8032345], [17.9309318, 44.803168], [17.9308514, 44.8031063], [17.9308046, 44.8030303], [17.9307577, 44.8029496], [17.9307109, 44.8028593], [17.9306841, 44.8027691], [17.9306573, 44.8026788], [17.9306372, 44.8025886], [17.9306372, 44.8025079], [17.9305837, 44.8021184], [17.9305837, 44.8020329], [17.930577, 44.8019474], [17.9305435, 44.8018714], [17.9304967, 44.8017954], [17.9304431, 44.8017242], [17.9304029, 44.8016529], [17.9303628, 44.8015437], [17.9303628, 44.801463], [17.9303896, 44.8013727], [17.9304431, 44.801292], [17.9304967, 44.8012207], [17.9305435, 44.80114], [17.9305837, 44.801064], [17.9306171, 44.8009832], [17.9306573, 44.8008645], [17.9306908, 44.8007363], [17.9307042, 44.8006555], [17.9307176, 44.8005748], [17.9307242, 44.8004798], [17.9307176, 44.8003895], [17.9306841, 44.8002565], [17.9306573, 44.8001758], [17.9305435, 44.7999621], [17.9304498, 44.7998291], [17.9303628, 44.7997531], [17.9301954, 44.7996676], [17.9300013, 44.7996011], [17.9298942, 44.7995631], [17.9297871, 44.7995156], [17.92968, 44.7994633], [17.9295997, 44.7994016], [17.9295194, 44.7993351], [17.9294524, 44.7992638], [17.9293989, 44.7991831], [17.929352, 44.7991023], [17.9293453, 44.7990168], [17.9293453, 44.7989361], [17.9293587, 44.7988459], [17.9293721, 44.7987604], [17.9293855, 44.7986749], [17.9293989, 44.7985894], [17.9294256, 44.7984991], [17.9294591, 44.7984136], [17.9294926, 44.7983376], [17.9295327, 44.7982569], [17.9295796, 44.7981761], [17.9296198, 44.7980954], [17.9296599, 44.7980099], [17.9296934, 44.7979291], [17.9297403, 44.7978484], [17.9297336, 44.7977676], [17.9297938, 44.7976821], [17.929834, 44.7976061], [17.9298875, 44.7975349], [17.9299411, 44.7974636], [17.9299879, 44.7973924], [17.9300482, 44.7973211], [17.9301084, 44.7972451], [17.930162, 44.7971691], [17.9302155, 44.7970931], [17.9302691, 44.7970219], [17.9303159, 44.7969459], [17.9303695, 44.7968699], [17.9304096, 44.7967844], [17.9304498, 44.7966846], [17.9304833, 44.7965991], [17.93051, 44.7965136], [17.9305502, 44.7964281], [17.930577, 44.7963474], [17.9305971, 44.7962619], [17.9306171, 44.7961716], [17.9306171, 44.7960386], [17.9306038, 44.7957631], [17.9306171, 44.7956824], [17.9306372, 44.7956016], [17.9306506, 44.7955114], [17.9306774, 44.7954211], [17.9307443, 44.7952406], [17.9307845, 44.7951646], [17.9308313, 44.7950886], [17.9309318, 44.7950411], [17.9310456, 44.7950316], [17.931146, 44.7949936], [17.9312062, 44.7949271], [17.9311928, 44.7948416], [17.9311527, 44.7947656], [17.9311125, 44.7946943], [17.9310857, 44.7946041], [17.9311192, 44.7945281], [17.931166, 44.794454], [17.931233, 44.7943789], [17.9312865, 44.7943001], [17.9313052, 44.794205], [17.9313133, 44.7940738], [17.9313468, 44.7937918], [17.9313669, 44.7937063], [17.931407, 44.7936208], [17.9314445, 44.7935124], [17.931553, 44.7933193], [17.9316078, 44.7932414], [17.9318005, 44.7928949], [17.9318112, 44.7927655], [17.931775, 44.7925566], [17.9317495, 44.7923884], [17.9318139, 44.7922763], [17.9318902, 44.792167], [17.9320295, 44.7918822], [17.9320965, 44.7918157], [17.9321835, 44.7917587], [17.9322651, 44.7916845], [17.9323227, 44.7916018], [17.9323628, 44.7915021], [17.9325368, 44.7911695], [17.9325406, 44.7907116], [17.9324887, 44.7902663], [17.9324337, 44.7900229], [17.9324646, 44.789944], [17.9324513, 44.7898632], [17.9324513, 44.7897777], [17.9324579, 44.7896969], [17.9324579, 44.7896114], [17.9324513, 44.7895212], [17.9324245, 44.7893596], [17.932545, 44.7892951], [17.9325918, 44.7893359], [17.9326655, 44.7893977], [17.9327525, 44.7894547], [17.9328529, 44.7894974], [17.9329533, 44.7895259], [17.9330738, 44.7895354], [17.9333215, 44.7895354], [17.9334419, 44.7895307], [17.9335624, 44.7895212], [17.9336829, 44.7895259], [17.9337967, 44.7895449], [17.933877, 44.7896067], [17.933944, 44.7896779], [17.9340042, 44.7897539], [17.9340645, 44.7898205], [17.9341381, 44.7898775], [17.9342519, 44.7899297], [17.9343724, 44.7899582], [17.9344929, 44.789963], [17.9346736, 44.7899582], [17.9347941, 44.7899392], [17.9349213, 44.7899107], [17.9351221, 44.7898965], [17.9352359, 44.7898965], [17.9353564, 44.7899202], [17.9354702, 44.789944], [17.935584, 44.7899677], [17.9356978, 44.7899772], [17.9358116, 44.7899867], [17.9359254, 44.790001], [17.9360391, 44.7900295], [17.9361462, 44.790058], [17.9363404, 44.7900722], [17.9365211, 44.7900722], [17.9366951, 44.7900627], [17.9367956, 44.7900295], [17.9370298, 44.7899155], [17.9371235, 44.789868], [17.9372306, 44.7898205], [17.9373378, 44.7897872], [17.9374783, 44.7897539], [17.9376055, 44.7897254], [17.937726, 44.7897254], [17.9378465, 44.7897302], [17.937967, 44.7897539], [17.9380808, 44.7897872], [17.9381879, 44.7898157], [17.9383017, 44.7898442], [17.9384222, 44.789868], [17.938556, 44.7898775], [17.9386698, 44.789868], [17.9387903, 44.7898442], [17.9389108, 44.7898062], [17.9390447, 44.7898062], [17.939279, 44.7898157], [17.9393928, 44.78983], [17.9396203, 44.7898775], [17.9397341, 44.7899107], [17.9398479, 44.789944], [17.9399684, 44.7899725], [17.9401893, 44.79002], [17.9403031, 44.7900437], [17.9404236, 44.7900627], [17.9405441, 44.790077], [17.940678, 44.7900865], [17.9409256, 44.7900865], [17.9410394, 44.7900817], [17.9411599, 44.790077], [17.9414812, 44.7900295], [17.9415214, 44.7901102], [17.9415883, 44.7901767], [17.9417423, 44.790305], [17.9418159, 44.7903763], [17.9419029, 44.7904475], [17.9419699, 44.790514], [17.942077, 44.7906518], [17.9420971, 44.7907326], [17.9420971, 44.7909796], [17.9421038, 44.7910746], [17.9421105, 44.7911554], [17.9421372, 44.7912314], [17.9421774, 44.7913549], [17.9422042, 44.7914356], [17.9422309, 44.7915164], [17.9422711, 44.7916019], [17.9422778, 44.7916779], [17.9422644, 44.7917587], [17.9422109, 44.7918299], [17.9421372, 44.7918917], [17.9420837, 44.7919582], [17.9420234, 44.7920294], [17.9419632, 44.7921197], [17.941923, 44.7922147], [17.9419029, 44.7923667], [17.9418829, 44.7925187], [17.9418628, 44.7926042], [17.9418427, 44.7926897], [17.9418293, 44.7927705], [17.9418025, 44.792856], [17.9417825, 44.7929368], [17.9417557, 44.7930128], [17.9417155, 44.7930888], [17.9416754, 44.7931553], [17.9416285, 44.7932313], [17.9415749, 44.7933025], [17.9415281, 44.793388], [17.9414946, 44.7934925], [17.9414678, 44.7936065], [17.9414678, 44.7936968], [17.9414611, 44.7937776], [17.9414478, 44.7938631], [17.9413875, 44.7939533], [17.941334, 44.7940198], [17.9412603, 44.7940768], [17.9411599, 44.7941386], [17.9410662, 44.7942383], [17.9410327, 44.7943143], [17.9410194, 44.7943903], [17.9410194, 44.7945566], [17.9410127, 44.7946373], [17.9409591, 44.7947608], [17.9408185, 44.7948606], [17.9407114, 44.7949461], [17.9405709, 44.7950364], [17.9405173, 44.7951076], [17.9405173, 44.7951931], [17.9405374, 44.7952739], [17.9405976, 44.7953404], [17.9406579, 44.7954116], [17.9407181, 44.7954829], [17.940765, 44.7955636], [17.9407985, 44.7956444], [17.9408052, 44.7957204], [17.9408052, 44.7958059], [17.9407717, 44.7958866], [17.9407248, 44.7959531], [17.9406512, 44.7960101], [17.9405642, 44.7960529], [17.9404705, 44.7960956], [17.9403901, 44.7961479], [17.9403299, 44.7962191], [17.940283, 44.7962904], [17.940283, 44.7963759], [17.9403232, 44.7964471], [17.9403767, 44.7965231], [17.9404236, 44.7965944], [17.9404437, 44.7967369], [17.9404236, 44.7968176], [17.9403968, 44.7968889], [17.9403634, 44.7969744], [17.9403366, 44.7970551], [17.9403366, 44.7971359], [17.9403433, 44.7972261], [17.9403701, 44.7973639], [17.9404035, 44.7974399], [17.9404638, 44.7975681], [17.9405039, 44.7976489], [17.9405642, 44.7977676], [17.9406244, 44.7979054], [17.9406512, 44.7979909], [17.9406713, 44.7980716], [17.9406847, 44.7981524], [17.9406847, 44.7982426], [17.9406579, 44.7983234], [17.9406043, 44.7983899], [17.9405508, 44.7984659], [17.9405039, 44.7985561], [17.9404838, 44.7986559], [17.9404705, 44.7987984], [17.9404705, 44.7990786], [17.94035, 44.7992021], [17.9403634, 44.7992828], [17.9403767, 44.7993588], [17.9403968, 44.7994491], [17.9404035, 44.7995298], [17.9404169, 44.7996153], [17.940437, 44.7996961], [17.9404504, 44.7997721], [17.9404504, 44.7999431], [17.940437, 44.8000286], [17.9403901, 44.8000998], [17.9403232, 44.8001663], [17.940263, 44.8002328], [17.9400354, 44.8004608], [17.9399952, 44.8005368], [17.9399684, 44.8006128], [17.939935, 44.8006935], [17.9399015, 44.8007695], [17.939868, 44.8008645], [17.9398345, 44.8009405], [17.9398078, 44.801026], [17.9397877, 44.801121], [17.9397877, 44.8012825], [17.9397944, 44.801368], [17.9397944, 44.8014535], [17.9398011, 44.8015437], [17.9398145, 44.8016244], [17.9398345, 44.8017052], [17.939868, 44.8017907], [17.9399082, 44.8018667], [17.9399283, 44.8019474], [17.9399283, 44.8021944], [17.939955, 44.8022751], [17.9400019, 44.8023559], [17.9400488, 44.8024319], [17.9400554, 44.8025554], [17.9400421, 44.8026409], [17.9400086, 44.8027168], [17.9399952, 44.8028023], [17.9399684, 44.8029401], [17.9397944, 44.8034578], [17.939453, 44.8038425], [17.9399283, 44.8052673], [17.9401625, 44.805595], [17.9401492, 44.8058229], [17.9403567, 44.8063501], [17.9408052, 44.8067253], [17.9411532, 44.8074282], [17.9411934, 44.8075042], [17.9412469, 44.8075849], [17.941334, 44.8076561], [17.941508, 44.8077701], [17.9416754, 44.8078983], [17.9417289, 44.8079648], [17.9418226, 44.8081026], [17.9418561, 44.8081785], [17.9419096, 44.8082593], [17.9419364, 44.8083353], [17.9419833, 44.8084065], [17.9420167, 44.8084872], [17.9420502, 44.8085632], [17.9420636, 44.8086392], [17.9420837, 44.8087152], [17.9420837, 44.8088766], [17.9420703, 44.8090429], [17.9420502, 44.8091236], [17.9420234, 44.8091996], [17.9419833, 44.8092708], [17.9419364, 44.8094038], [17.9419431, 44.809551], [17.9419565, 44.8096602], [17.9419833, 44.809741], [17.9420033, 44.8098169], [17.942077, 44.8105483], [17.9420904, 44.8107145], [17.9421105, 44.8108], [17.9421238, 44.8108807], [17.9421372, 44.8109614], [17.942164, 44.8111229], [17.9421707, 44.8112036], [17.9421975, 44.8112843], [17.9422242, 44.8113603], [17.9422644, 44.8114363], [17.942318, 44.8115075], [17.9423715, 44.8115788], [17.9424384, 44.8116405], [17.942579, 44.811745], [17.9430944, 44.8122578], [17.9434091, 44.812614], [17.9435295, 44.8129607], [17.9437973, 44.8132598], [17.9446273, 44.8141573], [17.9446742, 44.8142285], [17.944721, 44.8142998], [17.9447746, 44.8143757], [17.9448281, 44.8144565], [17.9448616, 44.8145324], [17.9448951, 44.8146132], [17.9449085, 44.8146939], [17.9449085, 44.8148601], [17.9448951, 44.8149408], [17.9448817, 44.8150215], [17.9448884, 44.815107], [17.9449152, 44.815183], [17.944962, 44.815259], [17.9450223, 44.8153302], [17.9450892, 44.8154014], [17.9451361, 44.8154679], [17.9452097, 44.8155534], [17.9452499, 44.8156293], [17.94529, 44.8157006], [17.9453302, 44.815786], [17.9453369, 44.8158668], [17.9453436, 44.8159522], [17.9453637, 44.8160377], [17.9453904, 44.8161232], [17.9454105, 44.8162039], [17.9454373, 44.8162799], [17.9454774, 44.8163701], [17.9455377, 44.8164888], [17.9455912, 44.8165648], [17.9456582, 44.816636], [17.9457854, 44.8167642], [17.9458523, 44.8168307], [17.9459125, 44.8169019], [17.9459594, 44.8169731], [17.9460263, 44.8171014], [17.9460732, 44.8171773], [17.9461401, 44.8172818], [17.9461736, 44.817353], [17.9461937, 44.8174337], [17.9462138, 44.8175145], [17.9462405, 44.8175999], [17.9462807, 44.8176759], [17.9463543, 44.8177994], [17.9464921, 44.8182571], [17.9465323, 44.8183225], [17.9465537, 44.8183947], [17.9466449, 44.8185753], [17.9466756, 44.8187015], [17.946669, 44.8188183], [17.9466275, 44.8189258], [17.9465618, 44.819015], [17.946507, 44.8192432], [17.9464857, 44.8195107], [17.9464896, 44.8196464], [17.946507, 44.8196929], [17.9465552, 44.8197888], [17.9466221, 44.8198648], [17.9467493, 44.8200737], [17.9468028, 44.8201545], [17.9468564, 44.8202304], [17.9469969, 44.8203919], [17.9470639, 44.8204536], [17.9471308, 44.8205248], [17.9471978, 44.820596], [17.9472647, 44.8206625], [17.9473316, 44.8207337], [17.9474053, 44.8208049], [17.9474668, 44.8208543], [17.9475325, 44.8209379], [17.9476128, 44.8210044], [17.9476864, 44.8210661], [17.9477734, 44.8211373], [17.9478538, 44.821199], [17.9479475, 44.8212607], [17.9480345, 44.8213177], [17.9481483, 44.8213794], [17.9482487, 44.8214364], [17.9484643, 44.8215875], [17.9487229, 44.8217624], [17.9491297, 44.8220918], [17.9492916, 44.8222712], [17.9493906, 44.8224032], [17.9495312, 44.8225713], [17.9496512, 44.8226831], [17.9497737, 44.8227699], [17.949949, 44.8228875], [17.9503485, 44.8231071], [17.9506547, 44.8233121], [17.9510896, 44.8235978], [17.951281, 44.8237344], [17.9513546, 44.8237961], [17.9514216, 44.8238578], [17.951522, 44.823967], [17.9516157, 44.8240525], [17.9517201, 44.8241723], [17.952012, 44.8242967], [17.9522237, 44.8243679], [17.9524761, 44.8244655], [17.9526557, 44.8245615], [17.9528313, 44.8246955], [17.952921, 44.8247695], [17.9530482, 44.8249023], [17.9531432, 44.8250182], [17.9531954, 44.8251112], [17.9532624, 44.8251777], [17.9533159, 44.8252489], [17.9533762, 44.8253154], [17.9534364, 44.8253819], [17.9534833, 44.8254483], [17.9535435, 44.8255243], [17.9536038, 44.8255908], [17.9536707, 44.8256525], [17.953751, 44.8257189], [17.9538755, 44.8258264], [17.953976, 44.8258909], [17.9543265, 44.8261007], [17.9544699, 44.8262431], [17.9544713, 44.8263257], [17.954411, 44.8263846], [17.9542691, 44.8264274], [17.9540322, 44.8265099], [17.9537966, 44.8265802], [17.9536399, 44.8266515], [17.9535824, 44.8267094], [17.9535596, 44.8267748], [17.9535502, 44.8268204], [17.9535636, 44.8269011], [17.9536038, 44.8269723], [17.9536586, 44.8270664], [17.9537135, 44.8271347], [17.9537899, 44.8272078], [17.9538648, 44.8272658], [17.9539251, 44.8273227], [17.9539652, 44.8273853], [17.9539786, 44.8274613], [17.9540054, 44.827542], [17.9540527, 44.8277111], [17.954105, 44.8278348], [17.9541606, 44.8279228], [17.9542129, 44.8279883], [17.9543614, 44.8282086], [17.9544258, 44.8283017], [17.9545262, 44.8284364], [17.9545744, 44.8284962], [17.9546413, 44.8285722], [17.9547149, 44.8286339], [17.9547819, 44.8287004], [17.9548555, 44.8287668], [17.9549425, 44.8288238], [17.9550442, 44.8289084], [17.9551795, 44.8289787], [17.9553094, 44.8290545], [17.955383, 44.8291153], [17.9554312, 44.8291656], [17.9555115, 44.8292511], [17.9556241, 44.8294051], [17.955691, 44.8295065], [17.9557792, 44.8296403], [17.9558529, 44.8297021], [17.9559613, 44.8298075], [17.9560497, 44.8298948], [17.9561072, 44.8299394], [17.9561675, 44.8300059], [17.9562424, 44.8301236], [17.9563214, 44.8302432], [17.9563549, 44.830324], [17.9563951, 44.8303999], [17.9564473, 44.8304968], [17.9565062, 44.8305852], [17.9566574, 44.8307417], [17.956715, 44.8307987], [17.9567833, 44.8308936], [17.9567967, 44.8309743], [17.95679, 44.831055], [17.95679, 44.8311405], [17.9567739, 44.8312402], [17.9567566, 44.8313199], [17.9567419, 44.8314083], [17.9567111, 44.8314927], [17.9566817, 44.8315954], [17.9566428, 44.8317006], [17.9566561, 44.8317861], [17.9566896, 44.8318668], [17.9567298, 44.8319427], [17.9567833, 44.8320139], [17.9568369, 44.8320852], [17.9568904, 44.8321611], [17.956944, 44.8322276], [17.9569854, 44.8323396], [17.9570216, 44.8324451], [17.9574058, 44.8334286], [17.9574782, 44.8336385], [17.9575491, 44.8339066], [17.9574861, 44.8341376], [17.9574649, 44.8341862], [17.9574192, 44.8342545], [17.9574138, 44.8344664], [17.9574192, 44.8346533], [17.9574058, 44.834734], [17.9574058, 44.8348147], [17.9574259, 44.8348906], [17.9574929, 44.8349571], [17.9575464, 44.8350283], [17.9575933, 44.8351042], [17.9576067, 44.8351849], [17.9576, 44.8352609], [17.9575799, 44.8353463], [17.9575598, 44.835427], [17.9575598, 44.8355077], [17.9575584, 44.8356493], [17.9575651, 44.8358162], [17.9575584, 44.8359036], [17.9575397, 44.8359966], [17.9577105, 44.836047], [17.9578156, 44.8360001], [17.9579147, 44.8359463], [17.958015, 44.835897], [17.9580886, 44.8358542], [17.9581823, 44.835802], [17.9582828, 44.8357489], [17.9584658, 44.8356464], [17.9586442, 44.8355409], [17.9589519, 44.8353759], [17.959082, 44.8353208], [17.9592695, 44.8352686], [17.9595523, 44.8352296], [17.9596284, 44.8352258], [17.9596711, 44.8352267], [17.9597219, 44.8352229], [17.9598491, 44.8352229], [17.9601411, 44.8352362], [17.9603098, 44.8352477], [17.9605544, 44.8352695], [17.9607421, 44.8352542], [17.9608843, 44.8352143], [17.9611337, 44.8350945], [17.9613644, 44.8349898], [17.9615951, 44.8349081], [17.9618043, 44.8348586], [17.9619859, 44.8348793], [17.9621719, 44.8349191], [17.9622856, 44.8349523], [17.9623927, 44.8349856], [17.9624932, 44.835014], [17.962607, 44.8350473], [17.9627141, 44.835071], [17.9628278, 44.8350995], [17.9629483, 44.835128], [17.9630688, 44.8351659], [17.9631759, 44.8352134], [17.9632696, 44.8352704], [17.96335, 44.8353321], [17.9634169, 44.8353985], [17.9634893, 44.8354697], [17.9635401, 44.8355466], [17.9635709, 44.8356074], [17.9636847, 44.8358372], [17.9637449, 44.835859], [17.9638547, 44.8359113], [17.9639591, 44.8359606], [17.9640501, 44.8360261], [17.9641331, 44.8360773], [17.9642041, 44.8361314], [17.9643072, 44.8361922], [17.964595, 44.8363052], [17.9648226, 44.8363052], [17.9649498, 44.8362814], [17.9650636, 44.8362625], [17.9651734, 44.8362624], [17.9652751, 44.8362975], [17.9656648, 44.8365273], [17.9658401, 44.8366042], [17.9659766, 44.8366404], [17.9670182, 44.8374112], [17.9671052, 44.8374634], [17.9671989, 44.8375203], [17.9672859, 44.8375725], [17.9673863, 44.8376153], [17.9675001, 44.837639], [17.9676139, 44.837639], [17.9677344, 44.8376342], [17.9678482, 44.83762], [17.967962, 44.837601], [17.9680825, 44.8375773], [17.968203, 44.8375488], [17.9683034, 44.8375108], [17.968377, 44.8374444], [17.9684373, 44.8373684], [17.9684641, 44.8372308], [17.9686849, 44.8372972], [17.9687987, 44.8374017], [17.9691106, 44.8375441], [17.9691669, 44.837658], [17.9691736, 44.8377529], [17.9692205, 44.8378289], [17.9693142, 44.8379238], [17.9693677, 44.838014], [17.9694755, 44.8381454], [17.969511, 44.8381554], [17.9695489, 44.8381638], [17.9695938, 44.8381672], [17.9697761, 44.8381672], [17.9698163, 44.8381655], [17.9698636, 44.8381622], [17.9699441, 44.8381521], [17.9699914, 44.838147], [17.9700317, 44.8381403], [17.9700743, 44.838137], [17.9701169, 44.8381286], [17.9701618, 44.8381219], [17.9702068, 44.8381168], [17.9702944, 44.8381135], [17.9703488, 44.8381152], [17.970434, 44.8381185], [17.9704719, 44.8381269], [17.9705121, 44.8381403], [17.97055, 44.8381538], [17.9705855, 44.8381705], [17.9706186, 44.8381856], [17.9706541, 44.8381991], [17.9706896, 44.8382091], [17.9707298, 44.8382226], [17.9708671, 44.838241], [17.9715179, 44.8382561], [17.9726397, 44.8383988], [17.9733095, 44.8384642], [17.9733544, 44.8384693], [17.9738325, 44.8385263], [17.9738893, 44.8385263], [17.9743413, 44.8385414], [17.9744525, 44.8385465], [17.9756169, 44.8385481], [17.9756074, 44.8384642], [17.975598, 44.8384055], [17.975598, 44.8383753], [17.9756003, 44.8383451], [17.9756003, 44.838283], [17.9756074, 44.8382511], [17.9756193, 44.8382242], [17.9756453, 44.8382008], [17.9756761, 44.8381773], [17.9757092, 44.8381504], [17.9757376, 44.8381236], [17.975766, 44.8381001], [17.9757944, 44.8380799], [17.9758181, 44.8380547], [17.9758299, 44.8380262], [17.975837, 44.8379339], [17.9758583, 44.8379087], [17.9759009, 44.8379071], [17.975934, 44.8379222], [17.9759695, 44.8379423], [17.9759956, 44.8379658], [17.9760216, 44.8379927], [17.976076, 44.838038], [17.9760997, 44.8380598], [17.9761376, 44.8380799], [17.9761778, 44.8380984], [17.976218, 44.8381152], [17.9762606, 44.8381202], [17.9763032, 44.8381168], [17.9763435, 44.8381068], [17.9763884, 44.83809], [17.9764216, 44.8380749], [17.9764547, 44.8380581], [17.9764878, 44.838038], [17.9765541, 44.837991], [17.9765872, 44.8379708], [17.9766227, 44.8379557], [17.9766606, 44.8379473], [17.9767032, 44.8379507], [17.9767411, 44.8379591], [17.9767813, 44.8379708], [17.9768263, 44.8379859], [17.976876, 44.8379994], [17.9769162, 44.8380111], [17.9769635, 44.8380229], [17.9770085, 44.8380313], [17.9770511, 44.8380279], [17.977089, 44.8380145], [17.9771221, 44.837991], [17.9771458, 44.8379591], [17.9771529, 44.8379289], [17.9771505, 44.8379004], [17.977141, 44.8378735], [17.9771268, 44.837845], [17.9771079, 44.8378131], [17.9770866, 44.8377846], [17.9770606, 44.837756], [17.9770369, 44.8377292], [17.977018, 44.837704], [17.9769967, 44.8376788], [17.976973, 44.8376537], [17.9769493, 44.8376251], [17.9769328, 44.8376], [17.9769257, 44.8375664], [17.9769422, 44.8375395], [17.9769777, 44.8375194], [17.9770203, 44.8375043], [17.9770606, 44.8374959], [17.9771032, 44.8374875], [17.9771481, 44.8374825], [17.9772333, 44.8374791], [17.9773422, 44.8374791], [17.9773848, 44.8374808], [17.9774416, 44.8374858], [17.9774605, 44.8375127], [17.9774676, 44.8375412], [17.9774794, 44.8375731], [17.9774865, 44.8376033], [17.9775007, 44.8376285], [17.9775268, 44.837657], [17.9775552, 44.8376822], [17.9775859, 44.8377023], [17.9776191, 44.8377191], [17.9776617, 44.8377309], [17.9777114, 44.8377359], [17.9777516, 44.8377359], [17.9777918, 44.8377342], [17.977877, 44.8377241], [17.9779196, 44.8377234], [17.9779622, 44.8377309], [17.9779859, 44.8377527], [17.9779859, 44.8377812], [17.9779788, 44.8378081], [17.9779741, 44.8378366], [17.9779646, 44.8378651], [17.9779622, 44.837892], [17.9779646, 44.8379205], [17.9779788, 44.837949], [17.9780167, 44.8379591], [17.9780616, 44.8379574], [17.9780995, 44.837949], [17.9781397, 44.8379322], [17.9781729, 44.8379155], [17.9782107, 44.8378987], [17.9782533, 44.837892], [17.9782959, 44.837892], [17.9783385, 44.837897], [17.9784143, 44.8378953], [17.9784545, 44.8378953], [17.978535, 44.8378701], [17.9785776, 44.8378668], [17.9786178, 44.8378785], [17.9786486, 44.837897], [17.9786793, 44.8379188], [17.9787101, 44.8379373], [17.9787456, 44.837949], [17.9787882, 44.8379457], [17.9788284, 44.8379289], [17.9788687, 44.8379322], [17.9789042, 44.8379473], [17.9789302, 44.8379692], [17.9789444, 44.837996], [17.9789586, 44.8380262], [17.9789704, 44.8380547], [17.9789728, 44.8380816], [17.978987, 44.8381085], [17.9790272, 44.8381118], [17.9790296, 44.8380816], [17.9790178, 44.8380547], [17.9790083, 44.8380262], [17.9790178, 44.837996], [17.9790367, 44.8379692], [17.9790651, 44.837949], [17.9790982, 44.8379306], [17.9791266, 44.8379087], [17.9791455, 44.8378836], [17.9791692, 44.8378584], [17.9791952, 44.8378349], [17.9792331, 44.8378248], [17.9792662, 44.8378383], [17.9792946, 44.8378651], [17.9793491, 44.8379138], [17.9793869, 44.8379356], [17.9794224, 44.8379507], [17.9795526, 44.8379708], [17.9795928, 44.8379759], [17.9796354, 44.8379843], [17.979678, 44.8379977], [17.9796922, 44.8380229], [17.9796946, 44.8380547], [17.9796946, 44.8380816], [17.9796875, 44.8381101], [17.9796686, 44.8381336], [17.9796425, 44.8381588], [17.9796165, 44.8381789], [17.9795834, 44.8381957], [17.9795526, 44.8382142], [17.9794532, 44.8382545], [17.9794319, 44.8382796], [17.9794437, 44.8383065], [17.9794769, 44.8383233], [17.9795124, 44.838335], [17.9795573, 44.8383367], [17.9795928, 44.8383233], [17.9796094, 44.8382981], [17.9796236, 44.8382712], [17.9796402, 44.8382461], [17.9796591, 44.8382209], [17.9796899, 44.8381907], [17.9797183, 44.8381689], [17.9797514, 44.8381538], [17.9797869, 44.838142], [17.9798248, 44.8381269], [17.9798934, 44.8380883], [17.9799289, 44.8380715], [17.9800046, 44.8380346], [17.9800401, 44.8380195], [17.9800827, 44.8380128], [17.980123, 44.8380128], [17.9801608, 44.8380195], [17.980194, 44.838038], [17.9802105, 44.8380648], [17.9802295, 44.83809], [17.9802626, 44.8381085], [17.9802886, 44.8381303], [17.9802981, 44.8381588], [17.9803478, 44.8381991], [17.9803691, 44.8382226], [17.9804046, 44.838236], [17.9804425, 44.8382427], [17.9804827, 44.8382427], [17.9805206, 44.8382545], [17.9805537, 44.8382696], [17.980575, 44.8382998], [17.9805916, 44.83833], [17.980601, 44.8383568], [17.9806129, 44.838382], [17.9806271, 44.8384072], [17.9806436, 44.838434], [17.9806673, 44.8384609], [17.9807052, 44.838481], [17.9807336, 44.8385011], [17.980743, 44.8385297], [17.980743, 44.8385582], [17.980762, 44.8385867], [17.9807904, 44.8386069], [17.9808282, 44.838622], [17.9808685, 44.8386136], [17.9808969, 44.8385918], [17.9809371, 44.8385834], [17.9809631, 44.8386069], [17.9809702, 44.8386354], [17.9809986, 44.8386539], [17.9811004, 44.8386622], [17.9811382, 44.838674], [17.9811737, 44.8386874], [17.9812542, 44.8387143], [17.9812873, 44.8387344], [17.9813181, 44.8387579], [17.9813299, 44.8387864], [17.9813299, 44.8388133], [17.9813276, 44.8388401], [17.981311, 44.838867], [17.9812755, 44.8388821], [17.98124, 44.8388938], [17.9812045, 44.8389022], [17.9811666, 44.8389106], [17.9811335, 44.8389274], [17.9811477, 44.8389526], [17.9811856, 44.8389626], [17.9812258, 44.838971], [17.9812637, 44.8389811], [17.9813039, 44.8389928], [17.981337, 44.8390096], [17.9813607, 44.8390331], [17.9813607, 44.8390616], [17.9813489, 44.8390902], [17.9813323, 44.8391154], [17.9813015, 44.8391338], [17.9812684, 44.8391456], [17.9812353, 44.8391607], [17.9812069, 44.8391791], [17.9811879, 44.839206], [17.9811974, 44.8392345], [17.9812376, 44.8392379], [17.9812755, 44.8392295], [17.9813205, 44.8392211], [17.9813631, 44.8392194], [17.9814057, 44.8392228], [17.9814459, 44.8392311], [17.9814909, 44.8392446], [17.9815264, 44.8392647], [17.9815524, 44.8392932], [17.9815642, 44.8393201], [17.9815642, 44.8393503], [17.9815548, 44.8393771], [17.9815335, 44.8394023], [17.9815003, 44.8394157], [17.9814601, 44.8394241], [17.981427, 44.8394392], [17.9813986, 44.8394594], [17.9814009, 44.8394896], [17.9814128, 44.8395198], [17.9814128, 44.83955], [17.9814151, 44.8395785], [17.9814341, 44.839607], [17.9814696, 44.8396272], [17.9815145, 44.8396305], [17.9815548, 44.8396205], [17.9815903, 44.839607], [17.9816376, 44.8395987], [17.9816802, 44.8395987], [17.9817204, 44.8396037], [17.9817607, 44.8396138], [17.9817891, 44.8396356], [17.9817985, 44.8396641], [17.9817938, 44.8396926], [17.9817843, 44.8397195], [17.9817725, 44.8397497], [17.9817725, 44.8397765], [17.9817749, 44.8398051], [17.981782, 44.8398336], [17.9818033, 44.8398604], [17.981834, 44.8398772], [17.9819169, 44.8398772], [17.9819571, 44.8398789], [17.9820399, 44.8398789], [17.9820802, 44.8398823], [17.9821228, 44.8398873], [17.9821606, 44.8398957], [17.9822009, 44.8399024], [17.9822316, 44.8399225], [17.9822506, 44.8399494], [17.9822529, 44.8399762], [17.9822056, 44.8400165], [17.9821867, 44.8400467], [17.9821701, 44.8400752], [17.9821725, 44.8401138], [17.9821748, 44.8401424], [17.9821748, 44.8401709], [17.9821606, 44.8401961], [17.9821251, 44.8402045], [17.9820896, 44.8402212], [17.9820731, 44.8402464], [17.9820423, 44.8402615], [17.9820021, 44.8402665], [17.9819618, 44.8402665], [17.9819192, 44.8402649], [17.9818743, 44.8402598], [17.9818364, 44.8402498], [17.9817985, 44.840238], [17.981763, 44.8402196], [17.9817204, 44.8402179], [17.9816778, 44.8402179], [17.98164, 44.8402229], [17.9816045, 44.840233], [17.9815737, 44.8402548], [17.9815595, 44.8402817], [17.9815548, 44.8403102], [17.9815666, 44.8403387], [17.9815997, 44.8403538], [17.9816376, 44.8403656], [17.9816684, 44.840384], [17.9816802, 44.8404109], [17.9816968, 44.840436], [17.9817204, 44.8404612], [17.9817512, 44.8404797], [17.9817867, 44.8404965], [17.9818222, 44.8405149], [17.9818624, 44.8405317], [17.9818956, 44.8405535], [17.981995, 44.8406643], [17.9820163, 44.8406911], [17.9820305, 44.8407163], [17.9820305, 44.8407448], [17.9820092, 44.8407683], [17.9819713, 44.8407767], [17.9819334, 44.840775], [17.9818956, 44.8407683], [17.9818577, 44.8407532], [17.9818293, 44.8407331], [17.9817985, 44.8407129], [17.981763, 44.8406961], [17.9817228, 44.8406928], [17.9816873, 44.8407012], [17.9816518, 44.840718], [17.981621, 44.8407415], [17.9816187, 44.8407717], [17.9816423, 44.8408002], [17.9816755, 44.840822], [17.9817157, 44.8408304], [17.9818009, 44.8408371], [17.9818364, 44.8408522], [17.9818601, 44.840874], [17.9818648, 44.8409042], [17.9818624, 44.8409328], [17.9818577, 44.8409596], [17.9818411, 44.8409848], [17.9818222, 44.8410099], [17.9818009, 44.8410351], [17.9817536, 44.8410871], [17.9817394, 44.841114], [17.9817299, 44.8411425], [17.9817299, 44.841171], [17.981737, 44.8411996], [17.9817394, 44.8412281], [17.981737, 44.8412566], [17.9817252, 44.8412852], [17.981692, 44.8413355], [17.9816802, 44.8413623], [17.9816826, 44.8413909], [17.9817015, 44.841416], [17.9817299, 44.8414345], [17.9817749, 44.8414463], [17.9818222, 44.8414463], [17.9818624, 44.8414429], [17.9819003, 44.8414311], [17.9819263, 44.8414077], [17.9819547, 44.8413858], [17.9819973, 44.8413808], [17.9820376, 44.8413875], [17.9820802, 44.8414043], [17.9821157, 44.8414194], [17.9821488, 44.8414362], [17.9821796, 44.8414563], [17.9822009, 44.8414781], [17.9822813, 44.841562], [17.9823026, 44.8415855], [17.9823381, 44.8416124], [17.9823713, 44.8416292], [17.9824115, 44.8416376], [17.9824565, 44.8416342], [17.9824849, 44.8416107], [17.982492, 44.8415805], [17.9825156, 44.841552], [17.9825559, 44.8415385], [17.9825961, 44.8415385], [17.9826411, 44.8415402], [17.9826789, 44.8415553], [17.982705, 44.8415805], [17.9827215, 44.8416057], [17.982731, 44.8416359], [17.9827215, 44.8416627], [17.982705, 44.8416862], [17.9826837, 44.8417131], [17.982686, 44.8417399], [17.9827121, 44.8417634], [17.9827523, 44.8417634], [17.9827925, 44.8417483], [17.9828328, 44.8417349], [17.9828777, 44.8417282], [17.9829369, 44.8417298], [17.9829818, 44.8417366], [17.9830197, 44.84175], [17.9830339, 44.8417802], [17.9830292, 44.841807], [17.983015, 44.8418322], [17.9829937, 44.8418557], [17.9829629, 44.8418742], [17.9829298, 44.8418893], [17.9828967, 44.8419094], [17.9828683, 44.8419312], [17.982873, 44.8419614], [17.9829061, 44.8419816], [17.982944, 44.8419983], [17.9829771, 44.8420118], [17.983015, 44.8420252], [17.9831215, 44.8420705], [17.9831617, 44.8420906], [17.9831925, 44.8421108], [17.9832161, 44.8421359], [17.9832161, 44.8421645], [17.9831901, 44.8421846], [17.9831522, 44.842193], [17.9831167, 44.8422031], [17.9830741, 44.8422131], [17.9830268, 44.8422232], [17.9829818, 44.8422316], [17.982944, 44.8422383], [17.9829038, 44.8422467], [17.9828754, 44.8422668], [17.9828825, 44.8422954], [17.9829132, 44.8423188], [17.9829511, 44.8423306], [17.9829913, 44.8423474], [17.9830315, 44.8423658], [17.9830647, 44.8423893], [17.9830883, 44.8424128], [17.983112, 44.8424413], [17.9831215, 44.8424699], [17.9831238, 44.8425001], [17.9831309, 44.8425303], [17.9831333, 44.8425588], [17.9831404, 44.8425857], [17.9831451, 44.8426142], [17.9831546, 44.842641], [17.9831617, 44.8426712], [17.9832445, 44.8428122], [17.9831996, 44.8428088], [17.9831617, 44.8427887], [17.9831617, 44.8428172], [17.9831593, 44.8428441], [17.9831475, 44.8428709], [17.9831262, 44.8428961], [17.9830836, 44.8429011], [17.983041, 44.8428961], [17.9830008, 44.8428978], [17.9829653, 44.8429129], [17.982944, 44.8429347], [17.9829369, 44.8429632], [17.9829369, 44.8429901], [17.982944, 44.8430203], [17.9829511, 44.8430471], [17.98297, 44.843074], [17.9829818, 44.8431008], [17.9829913, 44.843131], [17.9829937, 44.8431595], [17.9829913, 44.8431881], [17.9829771, 44.8432149], [17.9829629, 44.8432434], [17.9829464, 44.843272], [17.9829345, 44.8432988], [17.9829203, 44.843324], [17.9829061, 44.8433861], [17.9829038, 44.8434129], [17.9829038, 44.8434398], [17.982899, 44.8434683], [17.9828896, 44.8434968], [17.9828777, 44.843522], [17.9828612, 44.8435489], [17.982847, 44.8435757], [17.9828304, 44.8436025], [17.9828209, 44.8436294], [17.9828186, 44.843663], [17.9828209, 44.8436932], [17.9828351, 44.8437217], [17.9828564, 44.8437469], [17.9828801, 44.8437687], [17.9829061, 44.8437938], [17.9829298, 44.8438173], [17.9829605, 44.8438375], [17.9829984, 44.8438576], [17.983041, 44.8438761], [17.9830789, 44.8438912], [17.9831167, 44.8439029], [17.9831546, 44.8439163], [17.9831925, 44.8439281], [17.983228, 44.8439432], [17.9832706, 44.8439583], [17.9832966, 44.8439801], [17.983325, 44.8440137], [17.9833392, 44.8440472], [17.9833416, 44.8440774], [17.9833297, 44.844106], [17.9833061, 44.8441278], [17.9832706, 44.8441412], [17.9832351, 44.8441529], [17.9831972, 44.8441697], [17.9831783, 44.8441932], [17.9831641, 44.8442234], [17.9831641, 44.8442519], [17.9831783, 44.8442788], [17.9832067, 44.844304], [17.9832398, 44.8443207], [17.9832753, 44.8443342], [17.9833605, 44.8443342], [17.9834007, 44.8443409], [17.9834268, 44.8443644], [17.9834315, 44.8443929], [17.9834315, 44.8444231], [17.9834268, 44.844455], [17.9834102, 44.8444801], [17.9833842, 44.844502], [17.9833487, 44.8445137], [17.9833132, 44.8445204], [17.9832777, 44.8445288], [17.9832682, 44.844554], [17.983299, 44.8445708], [17.9833321, 44.8445859], [17.9833534, 44.8446077], [17.9833723, 44.8446328], [17.9833818, 44.844663], [17.9833747, 44.8446932], [17.9833558, 44.8447151], [17.9833416, 44.8447419], [17.9833274, 44.8447771], [17.9833203, 44.8448057], [17.9833179, 44.8448325], [17.9833132, 44.8448644], [17.9833013, 44.8448929], [17.983299, 44.8449198], [17.9832635, 44.8449567], [17.983254, 44.8449869], [17.9832351, 44.8450188], [17.9832043, 44.8450372], [17.9831688, 44.8450557], [17.9831333, 44.8450691], [17.9831002, 44.8450809], [17.9830599, 44.8450926], [17.9830221, 44.8451027], [17.9829842, 44.8451094], [17.982944, 44.8451195], [17.9829061, 44.8451346], [17.982873, 44.8451547], [17.9828446, 44.8451815], [17.9828351, 44.8452084], [17.982847, 44.8452369], [17.9828635, 44.8452621], [17.9828848, 44.8452856], [17.9829014, 44.8453124], [17.982918, 44.8453409], [17.9829274, 44.8453695], [17.9829393, 44.8453997], [17.9829369, 44.8454265], [17.9829369, 44.8454551], [17.9829416, 44.8455155], [17.9829582, 44.8455389], [17.9829937, 44.845554], [17.9830386, 44.8455591], [17.9830647, 44.8455809], [17.9830812, 44.8456094], [17.9830812, 44.8456413], [17.983067, 44.8456698], [17.9830552, 44.8456967], [17.9830363, 44.8457269], [17.9830221, 44.8457537], [17.9830197, 44.8457806], [17.9830197, 44.8458074], [17.983041, 44.8458326], [17.9830741, 44.845851], [17.9831049, 44.8458695], [17.9831428, 44.8458863], [17.9831806, 44.8459064], [17.9832161, 44.8459316], [17.9832303, 44.8459568], [17.983228, 44.8459853], [17.9832209, 44.8460138], [17.9832019, 44.846044], [17.983183, 44.8460759], [17.9831664, 44.8461011], [17.9831546, 44.8461313], [17.9831404, 44.8461615], [17.983138, 44.84619], [17.9831451, 44.8462269], [17.9831641, 44.8462605], [17.9832043, 44.8462689], [17.9832422, 44.8462571], [17.98328, 44.846237], [17.9833226, 44.8462286], [17.9833629, 44.8462319], [17.9833984, 44.846247], [17.9834315, 44.8462672], [17.9834741, 44.8462873], [17.9835049, 44.8463041], [17.9835404, 44.8463259], [17.9835735, 44.8463528], [17.9835972, 44.8463746], [17.9836279, 44.8464048], [17.9836398, 44.8464367], [17.9836421, 44.8464652], [17.9836303, 44.8464937], [17.9835924, 44.8465021], [17.9835546, 44.8465071], [17.9835143, 44.8465172], [17.9834788, 44.8465273], [17.9834362, 44.8465457], [17.9834149, 44.8465709], [17.9834268, 44.8465977], [17.9834646, 44.8466112], [17.9835049, 44.8466112], [17.9835498, 44.8466162], [17.9835853, 44.8466279], [17.9836137, 44.8466481], [17.9836137, 44.8466766], [17.9835924, 44.8467068], [17.9835569, 44.8467236], [17.9835214, 44.846732], [17.9834859, 44.846742], [17.9834528, 44.8467605], [17.983441, 44.8467857], [17.9834433, 44.8468142], [17.9834552, 44.8468461], [17.9834717, 44.8468729], [17.9834907, 44.8469014], [17.9835143, 44.8469233], [17.9835451, 44.84694], [17.9835853, 44.8469316], [17.9836019, 44.8469065], [17.9836208, 44.8468796], [17.9836421, 44.8468528], [17.9836753, 44.846836], [17.9837179, 44.8468243], [17.9837581, 44.8468125], [17.9837983, 44.8468125], [17.9838409, 44.8468142], [17.9838741, 44.846831], [17.9838883, 44.8468595], [17.9838883, 44.846888], [17.9838812, 44.8469149], [17.9838764, 44.8469434], [17.9838764, 44.8469988], [17.9838812, 44.847029], [17.9838835, 44.8470558], [17.9838764, 44.8471095], [17.9838764, 44.847138], [17.9838812, 44.8471699], [17.9838906, 44.8471984], [17.9839048, 44.8472253], [17.9839214, 44.8472538], [17.983938, 44.8472806], [17.9839522, 44.8473125], [17.9839522, 44.8473427], [17.9839474, 44.8473713], [17.983919, 44.8473914], [17.9838835, 44.8473998], [17.9838433, 44.8473998], [17.9838054, 44.8473964], [17.9837699, 44.8473847], [17.9837439, 44.8473595], [17.9837273, 44.8473327], [17.98368, 44.8472806], [17.9836516, 44.8472588], [17.9836232, 44.8472404], [17.9835901, 44.847227], [17.9835522, 44.8472253], [17.9835167, 44.8472387], [17.9834954, 44.8472622], [17.9834717, 44.847289], [17.9834575, 44.8473142], [17.9834433, 44.8473696], [17.9834386, 44.8473981], [17.9834386, 44.8474518], [17.9834504, 44.847482], [17.9834646, 44.8475072], [17.9834907, 44.847529], [17.9835238, 44.8475491], [17.9835688, 44.8475558], [17.9835948, 44.8475323], [17.9836208, 44.8475072], [17.9836492, 44.8474854], [17.98368, 44.8474652], [17.983725, 44.8474602], [17.9837581, 44.8474803], [17.9838054, 44.8475273], [17.9838338, 44.8475474], [17.9838693, 44.8475659], [17.983893, 44.8475894], [17.9839072, 44.8476146], [17.9839285, 44.8476464], [17.9839427, 44.8476716], [17.9839616, 44.8477035], [17.9839782, 44.8477303], [17.984009, 44.8477924], [17.984009, 44.8478209], [17.9840066, 44.8478511], [17.9840042, 44.847878], [17.9839995, 44.8479065], [17.9839829, 44.8479317], [17.9839593, 44.8479552], [17.9839285, 44.8479736], [17.9839001, 44.8479938], [17.9838835, 44.8480223], [17.9838906, 44.8480508], [17.9839096, 44.848076], [17.9839356, 44.8480995], [17.9839569, 44.8481263], [17.9839735, 44.8481565], [17.9839829, 44.8481867], [17.9839877, 44.8482136], [17.9839877, 44.8482404], [17.9839853, 44.8482689], [17.9839687, 44.8482924], [17.983938, 44.8483159], [17.9839001, 44.8483226], [17.9838622, 44.8483142], [17.9838291, 44.8482958], [17.9837983, 44.8482773], [17.9837628, 44.8482605], [17.9837226, 44.8482639], [17.9836942, 44.848284], [17.9836753, 44.8483109], [17.9836753, 44.8483394], [17.9836776, 44.8483662], [17.9836847, 44.8484015], [17.9836847, 44.84843], [17.9836753, 44.8484569], [17.9836563, 44.848482], [17.983635, 44.8485072], [17.9836066, 44.8485609], [17.983609, 44.8485911], [17.9836327, 44.8486146], [17.9836658, 44.8486313], [17.9836989, 44.8486532], [17.9837155, 44.8486783], [17.9837155, 44.8487069], [17.9837037, 44.848732], [17.9836847, 44.8487589], [17.9836492, 44.8488058], [17.9836185, 44.848826], [17.9835901, 44.8488461], [17.9835569, 44.8488646], [17.9835214, 44.8488797], [17.9834907, 44.8488965], [17.9834694, 44.8489199], [17.9834599, 44.8489485], [17.9834646, 44.848977], [17.9834788, 44.8490022], [17.983493, 44.849029], [17.9835049, 44.8490559], [17.9835096, 44.8490844], [17.9835049, 44.8491129], [17.983493, 44.8491381], [17.9834741, 44.8491599], [17.9834552, 44.849185], [17.9834504, 44.8492119], [17.9834883, 44.849227], [17.9835262, 44.8492404], [17.9835546, 44.8492639], [17.9836066, 44.8493142], [17.9836256, 44.8493428], [17.9836398, 44.8493696], [17.9836469, 44.8493998], [17.9836492, 44.8494283], [17.9836469, 44.8494569], [17.9836469, 44.8494854], [17.9836327, 44.8495122], [17.9836066, 44.8495324], [17.9835711, 44.8495424], [17.9835333, 44.8495441], [17.983493, 44.8495407], [17.9834552, 44.8495307], [17.9834197, 44.8495173], [17.9833818, 44.8495156], [17.9833463, 44.849524], [17.983325, 44.8495458], [17.9833226, 44.8495743], [17.9833368, 44.8496012], [17.9833676, 44.849623], [17.9834078, 44.8496381], [17.9834433, 44.8496498], [17.9834812, 44.8496649], [17.9835214, 44.8496767], [17.9835569, 44.8496901], [17.9835924, 44.8497069], [17.9836161, 44.849732], [17.9836256, 44.8497622], [17.9836279, 44.8497891], [17.9836256, 44.8498159], [17.9836161, 44.8498478], [17.9835901, 44.8498696], [17.9835569, 44.8498914], [17.9835167, 44.8499048], [17.9834812, 44.8499149], [17.983441, 44.8499216], [17.9834126, 44.8499384], [17.9833842, 44.8499602], [17.9833605, 44.8499803], [17.9833297, 44.8500005], [17.9832942, 44.8500105], [17.9832516, 44.8500156], [17.9831735, 44.8500156], [17.9831357, 44.8500139], [17.9830883, 44.8500139], [17.9830505, 44.8500223], [17.9830363, 44.8500475], [17.9830434, 44.8500743], [17.9830647, 44.8500978], [17.9830907, 44.8501213], [17.983112, 44.8501448], [17.9831357, 44.8501699], [17.9831522, 44.8501968], [17.9831641, 44.8502236], [17.9831712, 44.8502505], [17.9831783, 44.8502807], [17.983183, 44.8503075], [17.9831854, 44.8503344], [17.9831854, 44.8503914], [17.9831877, 44.8504216], [17.9832019, 44.8504837], [17.9832138, 44.8505139], [17.9832256, 44.8505424], [17.9832351, 44.8505709], [17.9832469, 44.8505995], [17.9832611, 44.8506263], [17.9832919, 44.8506783], [17.9833084, 44.8507035], [17.9833226, 44.850732], [17.9833416, 44.8507639], [17.9833392, 44.8507958], [17.9833297, 44.8508226], [17.9833155, 44.8508478], [17.9832919, 44.8508696], [17.9832564, 44.850888], [17.9832209, 44.8509031], [17.9831806, 44.8509115], [17.9831451, 44.8509199], [17.9831049, 44.85093], [17.9830741, 44.8509501], [17.9830505, 44.8509736], [17.9830386, 44.8510021], [17.9830528, 44.851029], [17.9830599, 44.8510575], [17.9830576, 44.851086], [17.9830528, 44.8511145], [17.9830434, 44.8511397], [17.9830292, 44.8511666], [17.9830197, 44.8511951], [17.9830173, 44.8512236], [17.9830221, 44.8512521], [17.983041, 44.8512756], [17.9830599, 44.8513058], [17.9830647, 44.8513343], [17.9830741, 44.8513612], [17.9830836, 44.8514149], [17.9830836, 44.8514434], [17.9830789, 44.8515004], [17.9830647, 44.8515558], [17.983041, 44.8515776], [17.9830197, 44.8516061], [17.9830197, 44.8516347], [17.9830244, 44.8516665], [17.9830244, 44.8516967], [17.9830173, 44.8517253], [17.982996, 44.8517488], [17.9829724, 44.8517689], [17.9829511, 44.8517924], [17.9829132, 44.8518394], [17.9828896, 44.8518696], [17.9828635, 44.8518964], [17.9828422, 44.8519199], [17.9828186, 44.8519417], [17.9827925, 44.8519635], [17.9827736, 44.8519904], [17.9827499, 44.8520105], [17.9827168, 44.8520306], [17.982686, 44.8520457], [17.9826505, 44.8520575], [17.9826103, 44.8520608], [17.9825724, 44.8520608], [17.9825275, 44.8520625], [17.9824896, 44.8520776], [17.9824707, 44.8520994], [17.9824328, 44.8521128], [17.9823997, 44.8521279], [17.9823973, 44.8521565], [17.9824068, 44.8521833], [17.9824233, 44.8522068], [17.9824517, 44.8522286], [17.9824849, 44.8522471], [17.9825109, 44.8522722], [17.9825204, 44.8523007], [17.9825133, 44.8523293], [17.9824872, 44.8523494], [17.9824588, 44.8523662], [17.9823855, 44.8524031], [17.9823689, 44.8524165], [17.9823358, 44.8524316], [17.9823003, 44.8524484], [17.9822671, 44.8524652], [17.9822269, 44.852492], [17.9822009, 44.8525172], [17.9821843, 44.8525407], [17.9821796, 44.8525692], [17.9821914, 44.8525994], [17.9822151, 44.8526229], [17.9822529, 44.8526346], [17.9822955, 44.8526363], [17.9823381, 44.8526396], [17.9823807, 44.8526464], [17.982421, 44.8526598], [17.9824565, 44.8526732], [17.9824896, 44.8526967], [17.9825133, 44.8527185], [17.9825393, 44.8527437], [17.9825582, 44.8527688], [17.9825701, 44.852794], [17.9825914, 44.8528208], [17.9826269, 44.8528393], [17.9826671, 44.852846], [17.9826979, 44.8528276], [17.982731, 44.8528091], [17.9827665, 44.8527957], [17.9828067, 44.8527957], [17.982847, 44.8527974], [17.9828872, 44.8528057], [17.9829203, 44.8528208], [17.9829511, 44.852841], [17.9829724, 44.8528628], [17.9829889, 44.8528863], [17.9829984, 44.8529165], [17.9830055, 44.8529467], [17.983015, 44.8529769], [17.9830292, 44.8530037], [17.9830457, 44.8530306], [17.9830741, 44.8530876], [17.9830931, 44.8531161], [17.9831144, 44.853143], [17.9831428, 44.8531614], [17.9831783, 44.8531748], [17.9832138, 44.8531933], [17.9832398, 44.8532168], [17.9832635, 44.8532403], [17.9832777, 44.8532671], [17.9832824, 44.853294], [17.9832824, 44.853351], [17.98328, 44.8533795], [17.9832753, 44.8534081], [17.9832729, 44.8534366], [17.9832587, 44.8534987], [17.9832114, 44.8535205], [17.9831593, 44.8535607], [17.9831333, 44.8535825], [17.9831025, 44.8536027], [17.9830623, 44.8536194], [17.9830268, 44.8536295], [17.9829866, 44.8536278], [17.9829653, 44.8536027], [17.9829582, 44.8535741], [17.9829393, 44.853549], [17.9829014, 44.8535406], [17.982873, 44.8535607], [17.9828328, 44.8535674], [17.9827973, 44.8535591], [17.9827618, 44.8535456], [17.9827239, 44.853544], [17.9826813, 44.853549], [17.9826553, 44.8535725], [17.9826387, 44.8535993], [17.9826387, 44.8536278], [17.9826411, 44.8536564], [17.9826553, 44.8536832], [17.9826766, 44.8537084], [17.982705, 44.8537319], [17.9827381, 44.853752], [17.9827736, 44.8537671], [17.9828115, 44.8537805], [17.9828564, 44.8537855], [17.9829038, 44.8537855], [17.982944, 44.8537839], [17.9829937, 44.8537805], [17.9830339, 44.8537805], [17.9830741, 44.8537889], [17.9830978, 44.8538124], [17.9831262, 44.8538694], [17.9831333, 44.8538996], [17.983138, 44.8539281], [17.983138, 44.853955], [17.9831357, 44.8539835], [17.9831238, 44.8540104], [17.9831049, 44.8540406], [17.9830789, 44.854064], [17.9830505, 44.8540842], [17.9829913, 44.8541228], [17.9829605, 44.8541395], [17.9829038, 44.8541765], [17.9828825, 44.8541999], [17.9829038, 44.8542251], [17.9829322, 44.8542469], [17.9829558, 44.8542721], [17.9829535, 44.8543023], [17.9829274, 44.8543224], [17.9829061, 44.8543476], [17.9828919, 44.8543744], [17.9828382, 44.8544222], [17.9828263, 44.8544339], [17.9828169, 44.8544473], [17.982805, 44.8544616], [17.9827956, 44.8544784], [17.9827849, 44.8545061], [17.9827861, 44.8545539], [17.9827885, 44.854569], [17.9827968, 44.8545858], [17.9828039, 44.8545983], [17.9828133, 44.8546118], [17.9828263, 44.8546243], [17.982837, 44.8546361], [17.98285, 44.854647], [17.9828654, 44.8546571], [17.982882, 44.8546646], [17.9829033, 44.854668], [17.9829281, 44.8546722], [17.9829482, 44.8546789], [17.9829695, 44.8546864], [17.9829861, 44.8546965], [17.9829991, 44.8547082], [17.9830133, 44.8547183], [17.9830263, 44.8547309], [17.9830382, 44.8547443], [17.9830453, 44.8547569], [17.9830476, 44.854777], [17.9830464, 44.8547921], [17.9830453, 44.8548055], [17.9830145, 44.8548357], [17.9829979, 44.8548433], [17.9829849, 44.854855], [17.9829754, 44.8548668], [17.9829695, 44.8548802], [17.982966, 44.8548961], [17.9829707, 44.8549255], [17.9829778, 44.8549389], [17.9829896, 44.8549515], [17.9830228, 44.8549691], [17.9830429, 44.8549758], [17.9830583, 44.854985], [17.9830737, 44.8549951], [17.9830867, 44.8550077], [17.9830902, 44.8550211], [17.9830867, 44.8550505], [17.9830819, 44.8550656], [17.9830796, 44.8550798], [17.9830796, 44.8550949], [17.9830808, 44.8551117], [17.9830819, 44.8551276], [17.9830867, 44.855157], [17.9830902, 44.8551755], [17.9830961, 44.8552031], [17.9830961, 44.85523], [17.9830938, 44.8552442], [17.983089, 44.8552585], [17.9830772, 44.8552702], [17.9830642, 44.8552812], [17.9830476, 44.8552887], [17.9830287, 44.8552929], [17.9830098, 44.8552929], [17.9829885, 44.8552946], [17.9829719, 44.8553004], [17.9829601, 44.8553114], [17.9829541, 44.8553248], [17.9829577, 44.8553399], [17.9829683, 44.8553525], [17.9829861, 44.8553592], [17.9830464, 44.8553701], [17.9830642, 44.8553785], [17.9830784, 44.8553885], [17.9831021, 44.855412], [17.983108, 44.8554263], [17.9831151, 44.8554464], [17.9831139, 44.8554732], [17.9831056, 44.8554867], [17.9830938, 44.8554993], [17.983076, 44.8555102], [17.9830583, 44.8555152], [17.9830429, 44.8555227], [17.9830263, 44.8555353], [17.9830228, 44.8555496], [17.9830251, 44.8555638], [17.9830311, 44.8555764], [17.9830453, 44.8555873], [17.983063, 44.8555982], [17.9830831, 44.8556024], [17.9831044, 44.8556066], [17.9831257, 44.8556083], [17.9831683, 44.8556142], [17.9831849, 44.8556226], [17.9831979, 44.8556335], [17.9832145, 44.8556452], [17.9832322, 44.8556536], [17.9832488, 44.8556611], [17.9832677, 44.8556704], [17.983289, 44.8556737], [17.9833103, 44.8556729], [17.9833304, 44.8556695], [17.9833565, 44.8556662], [17.983379, 44.8556653], [17.9834014, 44.855667], [17.9834216, 44.8556704], [17.9834393, 44.8556762], [17.9834582, 44.8556855], [17.9834689, 44.8556972], [17.9834784, 44.8557098], [17.9834831, 44.8557232], [17.9834831, 44.8557375], [17.983476, 44.8557794], [17.9834819, 44.8558121], [17.9834795, 44.8558281], [17.9834784, 44.8558574], [17.9834736, 44.8558876], [17.9834653, 44.8559027], [17.9834547, 44.8559145], [17.9834429, 44.8559271], [17.9834298, 44.8559371], [17.9834109, 44.8559447], [17.9833943, 44.8559531], [17.9833872, 44.8559665], [17.9833932, 44.8559807], [17.9834085, 44.8559891], [17.9834298, 44.85599], [17.9834523, 44.8559891], [17.9834724, 44.8559849], [17.9834949, 44.8559833], [17.9835174, 44.8559858], [17.9835351, 44.8559916], [17.9835647, 44.8560126], [17.9835848, 44.8560218], [17.9836014, 44.8560311], [17.9836192, 44.8560403], [17.9836298, 44.8560529], [17.9836322, 44.8560671], [17.9836274, 44.8560831], [17.9836109, 44.8560915], [17.9835884, 44.8560982], [17.9835493, 44.8561099], [17.9835328, 44.8561175], [17.9835186, 44.8561275], [17.983521, 44.8561418], [17.9835363, 44.8561519], [17.9835576, 44.8561527], [17.9835789, 44.8561527], [17.9836203, 44.856146], [17.9836405, 44.8561435], [17.9836641, 44.8561384], [17.9836866, 44.856141], [17.9837044, 44.8561493], [17.9837174, 44.8561628], [17.9837186, 44.8561779], [17.9837138, 44.8561921], [17.983702, 44.8562039], [17.9836854, 44.8562106], [17.9836665, 44.8562165], [17.9836476, 44.8562206], [17.983631, 44.8562282], [17.983618, 44.8562391], [17.983618, 44.8562534], [17.9836227, 44.8562685], [17.9836369, 44.8562777], [17.9836547, 44.8562844], [17.9836724, 44.8562919], [17.9836866, 44.8563012], [17.9837103, 44.8563247], [17.9837197, 44.8563364], [17.9837245, 44.8563515], [17.9837257, 44.8563934], [17.9837292, 44.8564228], [17.9837292, 44.8564371], [17.9837268, 44.8564505], [17.9837209, 44.8564631], [17.9837103, 44.8564748], [17.9836961, 44.856484], [17.9836795, 44.8564891], [17.9836606, 44.8564933], [17.9836192, 44.8564933], [17.9835813, 44.8564866], [17.9835588, 44.8564815], [17.9835399, 44.8564773], [17.9834985, 44.8564698], [17.9834784, 44.8564656], [17.9834346, 44.8564614], [17.9833669, 44.8564279], [17.9833418, 44.8564196], [17.983315, 44.8564172], [17.9832815, 44.8564172], [17.9832531, 44.856422], [17.9832112, 44.8564445], [17.9831744, 44.8564837], [17.983156, 44.8565157], [17.9831493, 44.8565359], [17.9831493, 44.856556], [17.9831527, 44.8565762], [17.9831798, 44.8566487], [17.9832129, 44.8567057], [17.9832153, 44.8567376], [17.9832153, 44.8567661], [17.9832034, 44.8567946], [17.9831892, 44.8568181], [17.9831703, 44.8568433], [17.9831537, 44.8568684], [17.9831324, 44.8568903], [17.9831159, 44.8569137], [17.9831159, 44.8569423], [17.983123, 44.8569708], [17.9831537, 44.8570295], [17.9831869, 44.8570496], [17.9832247, 44.8570396], [17.9832626, 44.8570278], [17.9833076, 44.8570245], [17.9833454, 44.8570362], [17.9833833, 44.8570513], [17.9834212, 44.8570698], [17.9834567, 44.8570865], [17.9834922, 44.8570983], [17.9835324, 44.8571151], [17.9835703, 44.8571268], [17.9836034, 44.8571453], [17.9836176, 44.8571721], [17.9836223, 44.8571989], [17.9836176, 44.8572275], [17.9836105, 44.8572543], [17.9836034, 44.8572845], [17.9836105, 44.8573113], [17.983646, 44.8573264], [17.9836886, 44.8573248], [17.9837312, 44.8573164], [17.9837714, 44.8573248], [17.9837927, 44.8573499], [17.9838093, 44.8573751], [17.9838448, 44.8573935], [17.983885, 44.8574103], [17.9839205, 44.8574288], [17.9839513, 44.8574506], [17.9839442, 44.8574808], [17.9839229, 44.8575194], [17.9839111, 44.8575496], [17.9839111, 44.8575781], [17.9839158, 44.8576116], [17.9839205, 44.8576737], [17.9839276, 44.8577022], [17.9839371, 44.8577375], [17.983956, 44.8577979], [17.9839655, 44.8578582], [17.9839655, 44.8579203], [17.983956, 44.8579572], [17.9839466, 44.8579841], [17.98393, 44.8580126], [17.9839205, 44.8580394], [17.9839063, 44.8580679], [17.9838874, 44.8580981], [17.9838779, 44.8581283], [17.9838685, 44.8581552], [17.9838448, 44.8582256], [17.983833, 44.8582558], [17.9838282, 44.8582827], [17.9838306, 44.8583095], [17.9838353, 44.8583397], [17.9838424, 44.8583716], [17.9838424, 44.8584001], [17.9838401, 44.8584286], [17.983833, 44.8584571], [17.9838282, 44.858489], [17.983814, 44.8585712], [17.9837975, 44.8585461], [17.9837785, 44.8586031], [17.9837833, 44.8586299], [17.9838117, 44.8586501], [17.9838495, 44.8586618], [17.9838921, 44.8586652], [17.9839324, 44.8586601], [17.9839631, 44.8586383], [17.9839986, 44.8586199], [17.9840365, 44.8586081], [17.9840767, 44.8586031], [17.984117, 44.8586165], [17.9841477, 44.858635], [17.9841738, 44.8586568], [17.9841998, 44.8586819], [17.9842093, 44.8587088], [17.9842069, 44.8587356], [17.9842069, 44.8587641], [17.9842022, 44.8587927], [17.9842045, 44.8588212], [17.9842187, 44.8588497], [17.9842542, 44.8588648], [17.9842897, 44.8588497], [17.9843229, 44.8588296], [17.984356, 44.8588111], [17.9843962, 44.8587994], [17.9844412, 44.8587927], [17.9844814, 44.858796], [17.9845098, 44.8588161], [17.9845335, 44.8588698], [17.9845643, 44.8588883], [17.9845974, 44.8589067], [17.9846589, 44.8589436], [17.984685, 44.8589638], [17.9847062, 44.8589906], [17.984711, 44.8590175], [17.9847204, 44.859046], [17.9847441, 44.8590695], [17.9847701, 44.8590946], [17.9847962, 44.8591181], [17.9848246, 44.8591416], [17.9848553, 44.8591617], [17.9848885, 44.8591785], [17.984924, 44.8591886], [17.9849689, 44.8591902], [17.9850092, 44.8591902], [17.9850565, 44.8591886], [17.9851015, 44.8591886], [17.9851441, 44.8592003], [17.9851725, 44.8592204], [17.9851985, 44.8592456], [17.9852127, 44.8592724], [17.9852127, 44.8592993], [17.9852032, 44.8593278], [17.9851961, 44.8593563], [17.9851961, 44.8593832], [17.9852056, 44.8594117], [17.9852245, 44.8594368], [17.9852411, 44.8594603], [17.9852411, 44.8594889], [17.9852316, 44.8595207], [17.9852293, 44.8595476], [17.9852435, 44.8595727], [17.9852648, 44.8595979], [17.9853239, 44.8596767], [17.9853429, 44.8597002], [17.9853665, 44.8597237], [17.9853784, 44.8597522], [17.9853784, 44.8598076], [17.9853807, 44.8598361], [17.9854068, 44.8598579], [17.9854352, 44.8598764], [17.9854612, 44.8598999], [17.9855069, 44.8599437], [17.9855172, 44.8599671], [17.9856924, 44.8601684], [17.9857137, 44.8601902], [17.9861184, 44.8606213], [17.986284, 44.8609132], [17.9861302, 44.8619885], [17.9860308, 44.8621093], [17.9860971, 44.8626175], [17.9861326, 44.8626477], [17.9861184, 44.8627115], [17.9857918, 44.8638488], [17.985664, 44.8639343], [17.9856829, 44.8640501], [17.9857255, 44.8642447], [17.9857018, 44.8647831], [17.9856498, 44.8648603], [17.9852687, 44.8651756], [17.985238, 44.8653417], [17.9853208, 44.865449], [17.9852758, 44.8654977], [17.9851646, 44.8657728], [17.9848475, 44.8658935], [17.9848238, 44.8659422], [17.9850368, 44.8660512], [17.9848617, 44.8664773], [17.9846818, 44.8666735], [17.9848333, 44.8667792], [17.9848806, 44.8669704], [17.9848783, 44.8672992], [17.9843907, 44.8675877], [17.984005, 44.8681127], [17.9838819, 44.8681982], [17.9835531, 44.8685725], [17.9833858, 44.8688097], [17.9831935, 44.8691498], [17.9831177, 44.8691129], [17.9827154, 44.8694987], [17.9824693, 44.8696899], [17.9822894, 44.8704446], [17.9821332, 44.8706157], [17.9818823, 44.8709545], [17.9814705, 44.8712363], [17.9814327, 44.8714577], [17.9812481, 44.8715348], [17.9810256, 44.8717797], [17.9805854, 44.8718032], [17.9805807, 44.8719843], [17.9803772, 44.8721286], [17.9801831, 44.8721923], [17.9796861, 44.8724103], [17.9796908, 44.8724673], [17.9797098, 44.8726451], [17.9796861, 44.8726988], [17.9793122, 44.8731114], [17.9792649, 44.8733227], [17.9793192, 44.8734747], [17.9790783, 44.8736454], [17.9788975, 44.8737356], [17.9787369, 44.873968], [17.979085, 44.8742099], [17.978844, 44.8743874], [17.9792794, 44.8748033], [17.9795161, 44.8754474], [17.9800617, 44.8761876], [17.9801375, 44.8762836], [17.9798937, 44.8764307], [17.9796342, 44.8765764], [17.9794404, 44.8767286], [17.979251, 44.8769165], [17.9790428, 44.8771043], [17.9788156, 44.8772921], [17.9784369, 44.8776678], [17.9782287, 44.8778422], [17.9780204, 44.8780032], [17.9778311, 44.8781776], [17.9776228, 44.8783654], [17.9769223, 44.878835], [17.9766761, 44.878996], [17.9763431, 44.8793715], [17.9761999, 44.8795689], [17.9761353, 44.879708], [17.9761165, 44.8798477], [17.976209, 44.8799534], [17.9765213, 44.8798842], [17.9770884, 44.8797515], [17.977758, 44.8796577], [17.9781818, 44.8796558], [17.9786244, 44.8796881], [17.9793271, 44.8796482], [17.9795712, 44.8797261], [17.979779, 44.8798812], [17.9801479, 44.8800986], [17.9807467, 44.8803644], [17.9810118, 44.8805119], [17.9812201, 44.8806863], [17.9814283, 44.8808742], [17.981807, 44.8812632], [17.9820153, 44.881451], [17.9821857, 44.8816523], [17.982356, 44.8818535], [17.9825075, 44.8820547], [17.9827915, 44.8822023], [17.9836579, 44.8826123], [17.984249, 44.8829171], [17.9847785, 44.8831138], [17.985089, 44.8832654], [17.9854144, 44.8834815], [17.9856873, 44.8836336], [17.986419, 44.8838992], [17.9868459, 44.8840405], [17.9876847, 44.8844008], [17.988119, 44.8845422], [17.9892312, 44.8852042], [17.9893265, 44.8853126], [17.9894149, 44.8856081], [17.9894886, 44.8857308], [17.9895425, 44.8858306], [17.9897985, 44.8864538], [17.9899453, 44.8869342], [17.9900636, 44.887018], [17.9903631, 44.8871581], [17.9904368, 44.8872101], [17.9905133, 44.8873098], [17.9906932, 44.8884332], [17.9917487, 44.8882655], [17.9920942, 44.8878464], [17.9924397, 44.8876552], [17.992506, 44.8876217], [17.9927474, 44.8873735], [17.9929746, 44.8871824], [17.993642, 44.8870382], [17.9938076, 44.8869946], [17.9962121, 44.886733], [17.9963305, 44.8865754], [17.9967281, 44.8864345], [17.9968038, 44.8864044], [17.9968843, 44.886401], [17.9972061, 44.8864748], [17.9978214, 44.8864178], [17.9981007, 44.8863775], [17.9993881, 44.8861294], [17.9993881, 44.885955], [18.0007797, 44.8858175], [18.001059, 44.8857538], [18.001698, 44.8855291], [18.0019678, 44.885358], [18.0022518, 44.8852172], [18.0023417, 44.8852004], [18.0059721, 44.885187], [18.0061946, 44.8852239], [18.0062798, 44.8852071], [18.0064928, 44.8851904], [18.0065922, 44.8852809], [18.0074157, 44.8854888], [18.0074962, 44.885509], [18.0083387, 44.8855492], [18.0088073, 44.8853916], [18.0099812, 44.8852239], [18.0100664, 44.8851937], [18.010232, 44.8851971], [18.0103314, 44.8852038], [18.0134648, 44.8854888], [18.013498, 44.8855391], [18.0141417, 44.8855157], [18.0143405, 44.8853949], [18.0148185, 44.8854788], [18.0152398, 44.8855157], [18.0156327, 44.8854117], [18.0159309, 44.8854855], [18.0160776, 44.8855391], [18.0162527, 44.8855257], [18.0164642, 44.8852587], [18.0168156, 44.8850322], [18.0177996, 44.8849196], [18.0182447, 44.8847975], [18.0185393, 44.884718], [18.0188689, 44.8844287], [18.0190095, 44.8842248], [18.0194178, 44.8843849], [18.0197073, 44.8841442], [18.0203031, 44.8836462], [18.0206428, 44.8833628], [18.0208018, 44.8835169], [18.0208269, 44.8835821], [18.02078, 44.8836402], [18.0205123, 44.8839853], [18.0216723, 44.8843092], [18.0226284, 44.8845373], [18.022865, 44.8846915], [18.0243134, 44.8848994], [18.0250982, 44.885152], [18.0251952, 44.8851971], [18.0255099, 44.885254], [18.0255467, 44.8852208], [18.0259316, 44.8850097], [18.0282108, 44.8851662], [18.0285288, 44.8853299], [18.0293521, 44.8854461], [18.0295429, 44.8855504], [18.0297939, 44.8854888], [18.0300836, 44.8855962], [18.0306641, 44.8858113], [18.0310758, 44.8857425], [18.031223, 44.885797], [18.0314908, 44.8861504], [18.0316548, 44.8861195], [18.0316983, 44.8860887], [18.0319527, 44.8862405], [18.0324982, 44.8863069], [18.0328128, 44.8864349], [18.0342353, 44.8867171], [18.034503, 44.8868428], [18.0350251, 44.8870159], [18.0353699, 44.88717], [18.0357447, 44.8872744], [18.0361832, 44.8874712], [18.0366183, 44.8875779], [18.0366551, 44.8877012], [18.0373713, 44.8879336], [18.0375018, 44.8879502], [18.0381779, 44.8882252], [18.038362, 44.8883414], [18.038526, 44.8885169], [18.0388071, 44.8887635], [18.0396706, 44.8894085], [18.0396974, 44.8894488], [18.0400857, 44.8898258], [18.0402564, 44.8900463], [18.0402731, 44.8908928], [18.0410998, 44.8915591], [18.041237, 44.8919195], [18.0416142, 44.8922265], [18.0416989, 44.8922751], [18.0417037, 44.8923465], [18.0416943, 44.8923848], [18.0416311, 44.8924647], [18.0414446, 44.8927286], [18.0405832, 44.8932718], [18.0404696, 44.8933523], [18.0401193, 44.893587], [18.0399361, 44.8937198], [18.0397122, 44.8939424], [18.0394661, 44.8942643], [18.0392957, 44.8945929], [18.0391916, 44.8948075], [18.0388224, 44.8957128], [18.0385952, 44.8960951], [18.0384153, 44.8962761], [18.0383396, 44.89637], [18.0380177, 44.8967791], [18.0378568, 44.8969803], [18.0375539, 44.8973826], [18.0373929, 44.8975838], [18.0370807, 44.8979813], [18.0368711, 44.8982257], [18.0367492, 44.8984287], [18.0366451, 44.8985494], [18.0362854, 44.8990792], [18.0359824, 44.8994413], [18.0358499, 44.8996558], [18.035812, 44.8997698], [18.035812, 44.8999911], [18.0358404, 44.9003398], [18.035831, 44.9004605], [18.0358026, 44.9005745], [18.0357742, 44.9013657], [18.0358499, 44.901587], [18.0362286, 44.9029683], [18.0362664, 44.9030823], [18.0362104, 44.9039534], [18.0360211, 44.9042922], [18.0358403, 44.9045493], [18.0357379, 44.9047915], [18.0357636, 44.9053832], [18.0358069, 44.9055608], [18.0358, 44.9060782], [18.0356999, 44.9063137], [18.0354144, 44.906656], [18.0353482, 44.9067499], [18.0352324, 44.9069379], [18.0351412, 44.9073141], [18.0349831, 44.9089598], [18.0349049, 44.909069], [18.0345558, 44.9095431], [18.0345246, 44.9096864], [18.0344583, 44.9108664], [18.0346098, 44.911101], [18.0349222, 44.9113692], [18.03567, 44.9114966], [18.0361623, 44.9117983], [18.0372012, 44.9117572], [18.0377463, 44.9117458], [18.0378972, 44.911752], [18.0381156, 44.9118165], [18.0383327, 44.9119456], [18.0385543, 44.9120683], [18.0387683, 44.9121293], [18.0390823, 44.9121763], [18.0392128, 44.912196], [18.0396486, 44.9122198], [18.0398338, 44.9122065], [18.0398782, 44.9122005], [18.0421413, 44.9119783], [18.0433568, 44.9127503], [18.0438368, 44.9128837], [18.0449936, 44.9131701], [18.0452751, 44.9132691], [18.0459341, 44.913424], [18.0459881, 44.9134344], [18.0467032, 44.9136302], [18.0474345, 44.9140223], [18.0473848, 44.9140978], [18.047257, 44.9143324], [18.0473375, 44.9147966], [18.0476712, 44.9152324], [18.0474038, 44.9154352], [18.0471979, 44.9155424], [18.0470511, 44.9155508], [18.0469462, 44.9155741], [18.0468626, 44.9156261], [18.0469446, 44.9157871], [18.0469707, 44.9158994], [18.0469328, 44.9160284], [18.047074, 44.916164], [18.0469659, 44.916315], [18.0466394, 44.9164575], [18.046509, 44.916466], [18.0464193, 44.9164625], [18.0462536, 44.9165058], [18.0461489, 44.9166319], [18.0460832, 44.9167558], [18.0457643, 44.9172118], [18.0456416, 44.9174058], [18.0454463, 44.9177034], [18.0454114, 44.9179627], [18.0452844, 44.9183515], [18.0450759, 44.9185978], [18.0447835, 44.9189657], [18.0444351, 44.9189266], [18.0441762, 44.9188382], [18.0440703, 44.9188696], [18.0439563, 44.9189199], [18.0437565, 44.9188914], [18.0436342, 44.9189237], [18.0435981, 44.9189683], [18.0435864, 44.9190923], [18.043584, 44.9191774], [18.043582, 44.9192949], [18.0428433, 44.919479], [18.0430823, 44.9199851], [18.0431107, 44.9203203], [18.0430279, 44.9203789], [18.0430634, 44.9211397], [18.043487, 44.9215704], [18.0435911, 44.9216156], [18.0437473, 44.921629], [18.0438609, 44.921614], [18.0439414, 44.9234623], [18.0440834, 44.9237371], [18.0439651, 44.9251262], [18.0438799, 44.9252519], [18.0439438, 44.9252871], [18.0442798, 44.9255585], [18.0443603, 44.9257512], [18.0444692, 44.9258568], [18.0443863, 44.926021], [18.0443792, 44.9261634], [18.0445828, 44.9264181], [18.0447886, 44.9271403], [18.0448336, 44.9272911], [18.0447437, 44.9273782], [18.044791, 44.9274201], [18.0452691, 44.9276765], [18.0456525, 44.9278172], [18.0482037, 44.9277167], [18.0483836, 44.9276229], [18.0488805, 44.9274687], [18.0492105, 44.9274223], [18.0493207, 44.9276095], [18.0511288, 44.9274687], [18.0524731, 44.9272978], [18.0526813, 44.9271135], [18.0525819, 44.9269258], [18.0523311, 44.9267817], [18.0524447, 44.926641], [18.0541345, 44.9264734], [18.0542055, 44.9264433], [18.0547829, 44.926202], [18.0550148, 44.9261081], [18.055687, 44.9258635], [18.0559142, 44.9257965], [18.0571779, 44.9256256], [18.0572253, 44.9254814], [18.0584985, 44.9256088], [18.05856, 44.9257395], [18.0585506, 44.9265639], [18.0578406, 44.9267482], [18.0576891, 44.9268923], [18.0575093, 44.9270733], [18.0576607, 44.9287723], [18.0577601, 44.9288896], [18.0576797, 44.9295229], [18.0567945, 44.9297743], [18.056449, 44.9298145], [18.0560278, 44.9300624], [18.055971, 44.9302903], [18.0559236, 44.9304042], [18.0555497, 44.9310409], [18.0555118, 44.9311381], [18.0555355, 44.931309], [18.055455, 44.931309], [18.0551048, 44.9318518], [18.0547308, 44.9318988], [18.0546835, 44.931939], [18.0545131, 44.9321869], [18.0543861, 44.9323212], [18.0569015, 44.9337785], [18.0569164, 44.9358704], [18.0565616, 44.936984], [18.0563942, 44.9373488], [18.0563675, 44.9377943], [18.0564076, 44.9384055], [18.0563742, 44.938704], [18.0560796, 44.9390641], [18.0559432, 44.9393948], [18.0563221, 44.9393978], [18.0588977, 44.9415043], [18.0590919, 44.9415706], [18.0593596, 44.9421818], [18.0594399, 44.9422387], [18.0595336, 44.9422955], [18.059875, 44.9423287], [18.0601399, 44.9429995], [18.060203, 44.9431673], [18.0605954, 44.9436509], [18.0609996, 44.9438638], [18.0613448, 44.9436005], [18.0621442, 44.9434942], [18.0625231, 44.9434186], [18.0627266, 44.9445508], [18.0634228, 44.9446361], [18.0636504, 44.9447071], [18.063898, 44.9448872], [18.0644268, 44.9453041], [18.0653225, 44.9449158], [18.0657187, 44.9456452], [18.0658995, 44.9456452], [18.0660936, 44.9446598], [18.0662543, 44.9443044], [18.0664082, 44.9425656], [18.0683561, 44.943082], [18.0684565, 44.9431342], [18.070043, 44.9435132], [18.070391, 44.9437359], [18.0704781, 44.9438022], [18.070719, 44.9440249], [18.0709466, 44.9443565], [18.071201, 44.9446503], [18.0713683, 44.9447829], [18.0714687, 44.9448682], [18.07179, 44.9452615], [18.0720645, 44.9454602], [18.0724163, 44.9455313], [18.0726402, 44.9455363], [18.0728705, 44.945522], [18.0730446, 44.947455], [18.073232, 44.947654], [18.073473, 44.9480519], [18.0735935, 44.9482604], [18.0739415, 44.9490089], [18.0740353, 44.94917], [18.0744343, 44.9495963], [18.0746433, 44.9497879], [18.0753339, 44.9506386], [18.0754008, 44.9518324], [18.0750542, 44.951986], [18.0748787, 44.9521177], [18.074844, 44.9522683], [18.0747984, 44.9529219], [18.0748653, 44.9530735], [18.0748653, 44.9532346], [18.0747984, 44.9533862], [18.0744503, 44.953623], [18.0742896, 44.9537272], [18.0741156, 44.953803], [18.0735265, 44.9540588], [18.0731115, 44.9542009], [18.0726429, 44.954362], [18.0724421, 44.9544188], [18.0706482, 44.9546178], [18.0702185, 44.9547741], [18.070043, 44.9548802], [18.0698611, 44.9550046], [18.0697123, 44.9551511], [18.0696143, 44.955314], [18.0695504, 44.9554894], [18.0692559, 44.9562568], [18.0691889, 44.9564084], [18.0688676, 44.9568441], [18.0679706, 44.9576494], [18.0663916, 44.9574929], [18.0661422, 44.9575708], [18.0659089, 44.9576968], [18.0657213, 44.9579335], [18.0655475, 44.9582462], [18.065427, 44.9583789], [18.0653467, 44.958521], [18.0649986, 44.958862], [18.0644539, 44.9589075], [18.0644631, 44.959222], [18.0645434, 44.959383], [18.0648647, 44.9598188], [18.0651191, 44.960103], [18.0653333, 44.9601693], [18.0657479, 44.9603304], [18.0660479, 44.9604914], [18.0664043, 44.9606714], [18.0665783, 44.9607661], [18.0668059, 44.9609082], [18.0669532, 44.9610408], [18.0671406, 44.9612113], [18.0675021, 44.9616376], [18.0676895, 44.9619218], [18.0679305, 44.9622154], [18.0688888, 44.9628558], [18.0693496, 44.9631153], [18.0695504, 44.9632859], [18.0696237, 44.9633063], [18.069778, 44.9634374], [18.0700056, 44.9636079], [18.0701796, 44.9637121], [18.070367, 44.9638353], [18.0705411, 44.9639679], [18.0714667, 44.9646218], [18.0720444, 44.9651193], [18.0721342, 44.9653129], [18.0724823, 44.9655592], [18.0729241, 44.9657297], [18.0731784, 44.9658434], [18.0735131, 44.9659855], [18.0739148, 44.966156], [18.074129, 44.9662317], [18.075133, 44.966478], [18.075848, 44.9669829], [18.0760595, 44.9674063], [18.0763007, 44.9676867], [18.0764586, 44.9678155], [18.0767128, 44.968003], [18.076927, 44.9681319], [18.0773018, 44.9683383], [18.078756, 44.9690657], [18.0790155, 44.969187], [18.079484, 44.9693385], [18.079899, 44.9694711], [18.0803596, 44.9696663], [18.0808836, 44.9697756], [18.0815216, 44.9698444], [18.0819875, 44.9699163], [18.0821749, 44.9700015], [18.082764, 44.9702194], [18.0838082, 44.9705397], [18.0841831, 44.9707158], [18.0845848, 44.9709203], [18.0851554, 44.9711325], [18.0854551, 44.9712499], [18.0858459, 44.9714167], [18.086277, 44.971593], [18.0864885, 44.9716781], [18.0866866, 44.9718674], [18.086874, 44.9720947], [18.0871685, 44.9725209], [18.0872217, 44.9726921], [18.087265, 44.9729418], [18.0874562, 44.9738055], [18.0876371, 44.9743394], [18.0879662, 44.9746517], [18.0883948, 44.9748962], [18.0886653, 44.9750042], [18.0888286, 44.9750875], [18.0889759, 44.9752106], [18.089395, 44.9753972], [18.0898193, 44.9755326], [18.0900308, 44.9756245], [18.0903682, 44.9758262], [18.0905864, 44.9759806], [18.0907783, 44.9761104], [18.0909679, 44.9762117], [18.0913133, 44.9762534], [18.0934446, 44.9763697], [18.0940766, 44.9765838], [18.0947861, 44.9765364], [18.0951744, 44.976366], [18.0956162, 44.9761955], [18.0960713, 44.9760819], [18.0969951, 44.9761197], [18.0973699, 44.9763281], [18.097544, 44.9764512], [18.0977716, 44.9767353], [18.0982, 44.9772751], [18.0983205, 44.9774077], [18.0986016, 44.9776539], [18.098789, 44.9777676], [18.0991773, 44.9779665], [18.0995923, 44.978118], [18.1002894, 44.9781036], [18.1006703, 44.9781529], [18.1010114, 44.9782506], [18.1012015, 44.9783319], [18.1016139, 44.9784966], [18.1020155, 44.9786862], [18.1031562, 44.9788414], [18.1031218, 44.9790295], [18.1031936, 44.9791976], [18.1033007, 44.9796426], [18.1034613, 44.9798663], [18.1038897, 44.9801919], [18.1040504, 44.9803718], [18.1043395, 44.980777], [18.1045056, 44.9809779], [18.1049335, 44.981493], [18.1052139, 44.9815927], [18.1055123, 44.9817961], [18.1056755, 44.9819154], [18.1060104, 44.9821844], [18.1067625, 44.9826805], [18.1081872, 44.9828244], [18.1086022, 44.9829854], [18.108661, 44.9831388], [18.1089555, 44.9837599], [18.1090492, 44.983991], [18.1089553, 44.9843508], [18.1088164, 44.984633], [18.1086691, 44.9848224], [18.1085754, 44.9849645], [18.1085801, 44.9855615], [18.1086319, 44.9857049], [18.1090574, 44.986025], [18.1092314, 44.9861197], [18.1094054, 44.9862238], [18.1097535, 44.9864227], [18.1101953, 44.9865647], [18.1115849, 44.9867863], [18.1120562, 44.9868204], [18.1139439, 44.987076], [18.1141313, 44.9871612], [18.1144526, 44.9873979], [18.1145731, 44.9875305], [18.1146668, 44.9876725], [18.1146534, 44.987985], [18.114466, 44.988269], [18.1142652, 44.9885436], [18.1141848, 44.9888277], [18.1141982, 44.9889792], [18.114225, 44.9891401], [18.1142195, 44.9893436], [18.1141627, 44.9895076], [18.1138171, 44.9900767], [18.1136089, 44.9904014], [18.113784, 44.9916299], [18.1138597, 44.9916433], [18.1142053, 44.9916902], [18.1150762, 44.9919278], [18.1154122, 44.9919546], [18.1154927, 44.9919379], [18.1155826, 44.9919446], [18.1158998, 44.9920115], [18.1173529, 44.9922358], [18.1175374, 44.9927694], [18.1176378, 44.9931979], [18.1180629, 44.9949253], [18.1186143, 44.995573], [18.1187941, 44.9959144], [18.1191539, 44.9961671], [18.1193266, 44.9962023], [18.12042, 44.9964366], [18.1206567, 44.9965035], [18.1209596, 44.9964901], [18.1210566, 44.9965002], [18.1216578, 44.9967462], [18.1218708, 44.9969939], [18.1221117, 44.9972841], [18.122262, 44.9974798], [18.1223622, 44.997584], [18.1225115, 44.9980297], [18.1226153, 44.9985241], [18.1228037, 44.9989039], [18.1232001, 44.9998696], [18.123238, 45.0000838], [18.1232758, 45.0007532], [18.1232451, 45.0008993], [18.1232209, 45.0010727], [18.1232048, 45.0017045], [18.1232806, 45.0018736], [18.1235859, 45.0021539], [18.124458, 45.0027605], [18.1245952, 45.002819], [18.1248532, 45.0028818], [18.1263744, 45.0030924], [18.1264628, 45.0031147], [18.1266386, 45.0031805], [18.1265969, 45.0032016], [18.1265294, 45.0032484], [18.126343, 45.0033518], [18.1249451, 45.0041335], [18.1242816, 45.0047037], [18.1227394, 45.0060291], [18.1222704, 45.0063607], [18.1218374, 45.0067178], [18.1212601, 45.007075], [18.1210437, 45.0074831], [18.1210076, 45.0079167], [18.1210076, 45.0083759], [18.1208272, 45.0089115], [18.1204664, 45.0093196], [18.1200335, 45.0096512], [18.1194201, 45.0098808], [18.1185903, 45.0099063], [18.1180131, 45.0097023], [18.1173637, 45.0095492], [18.116697, 45.0095285], [18.1160782, 45.0095949], [18.1155144, 45.0097232], [18.1148381, 45.0097278], [18.1141887, 45.0097478], [18.113395, 45.0095747], [18.1126734, 45.0095237], [18.1120601, 45.0094982], [18.111122, 45.0095747], [18.1103283, 45.0098553], [18.1096789, 45.0099063], [18.1090295, 45.0099063], [18.1080193, 45.0098043], [18.1072255, 45.0097788], [18.1066122, 45.0099573], [18.1061432, 45.0102379], [18.1057102, 45.0106205], [18.105133, 45.0108246], [18.1045557, 45.0109521], [18.1039063, 45.0110541], [18.1032569, 45.0111561], [18.1026435, 45.0111817], [18.1019941, 45.0111051], [18.1011282, 45.0109266], [18.1004788, 45.0109011], [18.0986388, 45.0108756], [18.0979894, 45.0109266], [18.0973761, 45.0110796], [18.0967627, 45.0112837], [18.0962215, 45.0115898], [18.0958247, 45.0119723], [18.0955, 45.0123804], [18.0952113, 45.012763], [18.094598, 45.0129671], [18.0939043, 45.0130567], [18.0932992, 45.0131711], [18.0921086, 45.0134772], [18.0915313, 45.0136557], [18.0909541, 45.0139363], [18.0906675, 45.0141099], [18.090449, 45.0142423], [18.0899155, 45.0144943], [18.0891395, 45.0148802], [18.0886671, 45.0149885], [18.0883501, 45.0152193], [18.0878152, 45.0154921], [18.0872019, 45.0156706], [18.0866246, 45.0159002], [18.0860834, 45.0162062], [18.0857226, 45.0165888], [18.0853619, 45.0169968], [18.0848568, 45.0172774], [18.0842073, 45.0174049], [18.083303, 45.017528], [18.0821148, 45.0175324], [18.0814293, 45.0175069], [18.0807799, 45.0174559], [18.0801305, 45.0174559], [18.0795171, 45.0174814], [18.0787955, 45.0176089], [18.0782183, 45.0178385], [18.0777493, 45.018119], [18.0769916, 45.0185271], [18.0763783, 45.0187566], [18.0757289, 45.0189096], [18.0750434, 45.0190371], [18.0743939, 45.0190626], [18.0737084, 45.0189351], [18.0726261, 45.0185015], [18.0720127, 45.0182975], [18.0717084, 45.0182216], [18.0713994, 45.0181445], [18.0707861, 45.0179915], [18.0701325, 45.01786], [18.0695888, 45.017746], [18.0691444, 45.0177249], [18.0685969, 45.0177297], [18.0681365, 45.0177467], [18.0674737, 45.0178358], [18.0668469, 45.0178998], [18.0664855, 45.0178844], [18.0659778, 45.01786], [18.0655907, 45.0176344], [18.0650496, 45.0173539], [18.0646211, 45.017063], [18.0640754, 45.0167163], [18.0636425, 45.0163847], [18.0631735, 45.0161297], [18.0626323, 45.0158747], [18.0619829, 45.0156196], [18.0609622, 45.0152703], [18.0601748, 45.0151145], [18.0597373, 45.0150985], [18.0589352, 45.0151126], [18.0581946, 45.0151605], [18.0575986, 45.0152407], [18.0572158, 45.0153228], [18.0569143, 45.015443], [18.0563546, 45.0156451], [18.0557413, 45.0157216], [18.0550918, 45.0156961], [18.0545146, 45.0154921], [18.0540095, 45.0152881], [18.0535044, 45.0150075], [18.053222, 45.0148469], [18.0530126, 45.0146939], [18.0526104, 45.0143806], [18.0523731, 45.0142003], [18.0521531, 45.0139809], [18.0519531, 45.0136834], [18.0513757, 45.0133242], [18.0507624, 45.0131201], [18.0501851, 45.0129416], [18.0494997, 45.012814], [18.0488142, 45.012763], [18.0480926, 45.012763], [18.0474432, 45.012814], [18.0468298, 45.0128906], [18.0461804, 45.0129671], [18.0456032, 45.0131456], [18.0426086, 45.0145229], [18.0420314, 45.014778], [18.0414902, 45.0150585], [18.0409851, 45.0153391], [18.0404439, 45.0155941], [18.0397945, 45.0156196], [18.0392533, 45.0154156], [18.0388204, 45.015084], [18.0384235, 45.0147269], [18.0378102, 45.0146249], [18.037269, 45.0148545], [18.0369443, 45.0152115], [18.0365113, 45.0155686], [18.0360062, 45.0157981], [18.0353207, 45.0159512], [18.0347074, 45.0160022], [18.0333725, 45.0160022], [18.0326843, 45.0158897], [18.0320737, 45.0157981], [18.0314242, 45.0156706], [18.0307305, 45.0154834], [18.0302271, 45.0154042], [18.0295805, 45.0152871], [18.0291653, 45.0152423], [18.0290288, 45.0152334], [18.0287183, 45.017966], [18.0310995, 45.0195982], [18.0312438, 45.0200317], [18.0316046, 45.0208988], [18.031785, 45.0213068], [18.0319654, 45.0217914], [18.0321458, 45.0222249], [18.0323194, 45.0227284], [18.0325188, 45.023122], [18.032577, 45.0233466], [18.0326148, 45.023602], [18.0326602, 45.0241596], [18.0303419, 45.024979], [18.0297285, 45.025132], [18.029043, 45.0252595], [18.0283936, 45.0253105], [18.0277442, 45.0254125], [18.0269866, 45.0257185], [18.0265536, 45.02605], [18.0259764, 45.026356], [18.0253991, 45.026611], [18.0246775, 45.0268915], [18.0241724, 45.027172], [18.0237034, 45.0274525], [18.0232705, 45.027784], [18.0229818, 45.028243], [18.0227654, 45.0286764], [18.023054, 45.0290844], [18.0232344, 45.0295434], [18.0231261, 45.0299769], [18.0229097, 45.0303848], [18.0228014, 45.0308183], [18.0231622, 45.0312263], [18.0234508, 45.0316087], [18.0234508, 45.0320422], [18.0236215, 45.0324918], [18.023875, 45.0328261], [18.0242085, 45.033266], [18.0246054, 45.0336485], [18.0251465, 45.033776], [18.0253991, 45.0341584], [18.0255073, 45.0346173], [18.0253991, 45.0350763], [18.0253991, 45.0355097], [18.0252909, 45.0371159], [18.0247858, 45.0374728], [18.0243889, 45.0378552], [18.0238838, 45.0381102], [18.0231983, 45.0381867], [18.0225489, 45.0382122], [18.0219716, 45.0384161], [18.0215387, 45.0387475], [18.0213222, 45.0391554], [18.0213944, 45.0395888], [18.0216108, 45.0399967], [18.021683, 45.0404556], [18.0216108, 45.0409145], [18.0215748, 45.0413734], [18.021214, 45.0417558], [18.021214, 45.0422146], [18.0215026, 45.0425715], [18.0217191, 45.0430049], [18.0217191, 45.0434383], [18.0216469, 45.0438971], [18.0216108, 45.0443305], [18.0217912, 45.0447639], [18.0217551, 45.0452227], [18.0215748, 45.0456815], [18.021683, 45.0461404], [18.0214665, 45.0465992], [18.0208171, 45.0466757], [18.0200955, 45.0467012], [18.01941, 45.0467522], [18.0188328, 45.0469306], [18.0181834, 45.0470835], [18.0176422, 45.0472875], [18.0173448, 45.0475326], [18.0167763, 45.0480012], [18.016163, 45.0481032], [18.0156579, 45.0478737], [18.0156579, 45.0474659], [18.0154414, 45.0470835], [18.0149002, 45.0468541], [18.0143229, 45.0466757], [18.0132767, 45.0460894], [18.0127355, 45.045911], [18.01205, 45.0458855], [18.0114006, 45.0460384], [18.0107512, 45.0462169], [18.0101378, 45.0462678], [18.0095966, 45.0460639], [18.0094523, 45.0456306], [18.0094523, 45.0447384], [18.0093441, 45.0442795], [18.0090915, 45.0438971], [18.0087668, 45.0434383], [18.008406, 45.0430304], [18.0081535, 45.0426225], [18.0078649, 45.0422656], [18.0072515, 45.0420872], [18.006566, 45.0420617], [18.0059166, 45.0420617], [18.0052672, 45.0421127], [18.0045817, 45.0421637], [18.0039323, 45.0422146], [18.0032829, 45.0421382], [18.0027056, 45.0419342], [18.0022727, 45.0416283], [18.0018758, 45.0412969], [18.0014429, 45.0409145], [18.0009377, 45.0405576], [18.0004326, 45.0402772], [17.9999636, 45.0400222], [17.9993142, 45.0397418], [17.9988091, 45.0395124], [17.9982679, 45.0393339], [17.9976546, 45.0392319], [17.9970052, 45.0392064], [17.9965722, 45.0389005], [17.9965362, 45.0384926], [17.9967887, 45.0380847], [17.9971134, 45.0376513], [17.9968248, 45.0372179], [17.9962475, 45.0370139], [17.9957063, 45.0367845], [17.9953456, 45.0364275], [17.9953456, 45.0359941], [17.9954177, 45.0355352], [17.9953816, 45.0351272], [17.9949487, 45.0347958], [17.9943714, 45.0346428], [17.9939024, 45.0343369], [17.9935055, 45.0339799], [17.9930365, 45.033725], [17.9923871, 45.033725], [17.9918098, 45.0339289], [17.9912326, 45.0341584], [17.990944, 45.0345408], [17.9907275, 45.0349743], [17.9901141, 45.0350508], [17.9900781, 45.0355352], [17.9904389, 45.0359176], [17.990944, 45.0360961], [17.9911604, 45.036504], [17.9905471, 45.036657], [17.9898616, 45.036555], [17.9893204, 45.036351], [17.9887432, 45.0363255], [17.9882381, 45.036606], [17.9880216, 45.0370394], [17.987733, 45.0374218], [17.9870835, 45.0373963], [17.9865784, 45.0371669], [17.986283, 45.0371017], [17.9860012, 45.0370394], [17.98546, 45.0372944], [17.9850271, 45.0376003], [17.9843055, 45.0378552], [17.9836561, 45.0379572], [17.9830427, 45.0379572], [17.9823572, 45.0378552], [17.9817439, 45.0378807], [17.9811666, 45.0380847], [17.9807337, 45.0384416], [17.980409, 45.038824], [17.9798057, 45.039173], [17.9783964, 45.038987], [17.9777031, 45.0387475], [17.9772701, 45.0383906], [17.9768733, 45.0380592], [17.976296, 45.0378807], [17.9758631, 45.0382122], [17.9759352, 45.0386456], [17.975358, 45.0387985], [17.9746725, 45.0387985], [17.9740952, 45.0386456], [17.973518, 45.0384671], [17.9729407, 45.0381357], [17.9727964, 45.0377278], [17.9729407, 45.0372944], [17.9730129, 45.0368609], [17.9723274, 45.0368609], [17.9717862, 45.0371414], [17.971245, 45.0373453], [17.9705595, 45.0372179], [17.9699462, 45.0370904], [17.9697297, 45.0376003], [17.9690442, 45.0377788], [17.9684669, 45.0375493], [17.9683948, 45.0371159], [17.9687195, 45.036759], [17.968972, 45.0363765], [17.9685328, 45.0361105], [17.9684669, 45.0360706], [17.9678175, 45.0359686], [17.9672042, 45.0359431], [17.9664826, 45.0359686], [17.9659054, 45.0360961], [17.9652559, 45.0362236], [17.9645704, 45.0363255], [17.9625861, 45.0363255], [17.9619367, 45.0364275], [17.9613594, 45.036555], [17.9607461, 45.036708], [17.9600967, 45.0368609], [17.9595555, 45.0370649], [17.958401, 45.0374728], [17.9578959, 45.0377788], [17.9573908, 45.0380592], [17.9566692, 45.0381612], [17.9499225, 45.0378552], [17.949706, 45.0382631], [17.9435366, 45.0379827], [17.9424542, 45.0369119], [17.9422017, 45.0365295], [17.9418409, 45.0361726], [17.9413718, 45.0358156], [17.9408667, 45.0355097], [17.9403616, 45.0352037], [17.9398205, 45.0349998], [17.9380887, 45.0344644], [17.9375475, 45.0342349], [17.9370424, 45.0339799], [17.9365012, 45.033725], [17.9361044, 45.0333935], [17.9356353, 45.0329856], [17.9352385, 45.0326031], [17.9348416, 45.0322461], [17.9333985, 45.0320677], [17.9327851, 45.0318382], [17.9323161, 45.0315322], [17.9319553, 45.0312008], [17.9315945, 45.0307673], [17.9312337, 45.0303593], [17.931, 45.0300414], [17.9304026, 45.0299301], [17.9301676, 45.0302887], [17.929821, 45.0305509], [17.9293729, 45.0308757], [17.9289969, 45.0311498], [17.9284557, 45.0314302], [17.9282031, 45.0318637], [17.928131, 45.0323226], [17.9280588, 45.0332405], [17.9279145, 45.0336995], [17.927698, 45.0341074], [17.9274455, 45.0345153], [17.9270847, 45.0348723], [17.924956, 45.0342094], [17.9244509, 45.0339799], [17.9239098, 45.033674], [17.9234407, 45.0333935], [17.9230439, 45.033062], [17.9226831, 45.0327051], [17.9220698, 45.0326796], [17.9213843, 45.0327051], [17.9209513, 45.0322971], [17.9205545, 45.0318892], [17.9201937, 45.0315322], [17.9198329, 45.0312008], [17.9188948, 45.0322971], [17.9186062, 45.0327051], [17.9183537, 45.033113], [17.9178846, 45.033419], [17.9173074, 45.0335975], [17.9114626, 45.0353567], [17.9101638, 45.0346683], [17.9095505, 45.0344389], [17.9089371, 45.0342859], [17.9082877, 45.0341839], [17.9076383, 45.0341839], [17.9070249, 45.0343369], [17.9064477, 45.0344898], [17.9057622, 45.0346683], [17.9051489, 45.0348213], [17.9044634, 45.0349233], [17.9052932, 45.0361981], [17.9050767, 45.0370649], [17.9060508, 45.0383396], [17.9062312, 45.0387475], [17.9064116, 45.0392319], [17.9065559, 45.0397928], [17.9066281, 45.040787], [17.9066281, 45.0417558], [17.9066642, 45.0422401], [17.9067009, 45.04248], [17.9067914, 45.0427776], [17.9068085, 45.0432089], [17.9069528, 45.0437187], [17.9070971, 45.0441776], [17.9072775, 45.0446619], [17.9074579, 45.0451207], [17.9076383, 45.0455541], [17.9081073, 45.0478228], [17.9073497, 45.0480267], [17.9067724, 45.0481541], [17.906123, 45.0481541], [17.9054375, 45.0480777], [17.9047159, 45.0480522], [17.9040665, 45.0480522], [17.9034171, 45.0481286], [17.9029841, 45.04846], [17.902912, 45.0489188], [17.9027677, 45.0493522], [17.9025512, 45.04976], [17.9025512, 45.0501933], [17.9028037, 45.0505756], [17.9029393, 45.0507432], [17.9030924, 45.0509325], [17.9034171, 45.0513658], [17.9035975, 45.0517736], [17.9035253, 45.0522069], [17.903381, 45.0526402], [17.9034532, 45.0530735], [17.9041387, 45.0538381], [17.9046077, 45.054195], [17.9050406, 45.0545263], [17.9052571, 45.0549086], [17.9054014, 45.0553674], [17.9054736, 45.0558006], [17.9052571, 45.0562084], [17.9047881, 45.0565143], [17.9025766, 45.0567641], [17.9010898, 45.0582574], [17.8998582, 45.0575813], [17.8991391, 45.0585433], [17.8982955, 45.0581749], [17.8968152, 45.0575504], [17.8956357, 45.057152], [17.893385, 45.0562577], [17.8914942, 45.055448], [17.8893869, 45.0545683], [17.8883017, 45.0541345], [17.8868825, 45.0536834], [17.8852056, 45.0531123], [17.8836169, 45.0525679], [17.8826616, 45.0522051], [17.8821068, 45.0519944], [17.8818683, 45.0519086], [17.88071, 45.0514921], [17.8793315, 45.0508094], [17.8770162, 45.0496007], [17.8754039, 45.0487977], [17.8735993, 45.04793], [17.8721432, 45.0472991], [17.8704567, 45.0466604], [17.8699061, 45.0464536], [17.8691006, 45.0462289], [17.86824, 45.046027], [17.8672028, 45.0457083], [17.8656327, 45.0453205], [17.8642221, 45.0449819], [17.8630276, 45.0447545], [17.8621029, 45.0446367], [17.8615239, 45.0445631], [17.8614769, 45.0445579], [17.8602194, 45.0444208], [17.8588127, 45.0443356], [17.8576528, 45.0442993], [17.8560233, 45.0441764], [17.8547032, 45.044051], [17.8536865, 45.0440304], [17.8523843, 45.0440344], [17.850782, 45.0441476], [17.8491318, 45.0442499], [17.8474438, 45.0444874], [17.8470013, 45.0445631], [17.8457406, 45.0447645], [17.844228, 45.0450458], [17.8426619, 45.0454682], [17.8410309, 45.045801], [17.8396216, 45.0460928], [17.8378426, 45.0466237], [17.8366657, 45.0470601], [17.8352646, 45.0475742], [17.8347698, 45.047755], [17.8331272, 45.0483805], [17.8318882, 45.0489298], [17.8299166, 45.0498898], [17.8280628, 45.0507645], [17.8256576, 45.0519526], [17.8240195, 45.0529157], [17.8216962, 45.0542947], [17.8193879, 45.0556116], [17.8171033, 45.0569337], [17.8158279, 45.0577422], [17.813648, 45.0591762], [17.8116321, 45.0604177], [17.8105525, 45.0610276], [17.8091009, 45.0617414], [17.8080438, 45.0622668], [17.8064139, 45.0632915], [17.8048634, 45.0643213], [17.8039664, 45.0649467], [17.8033706, 45.0655082], [17.8022644, 45.0665124], [17.8010117, 45.0678383], [17.8000211, 45.0685883], [17.7983533, 45.0697651], [17.7970182, 45.0708834], [17.7960213, 45.0717572], [17.7947014, 45.0728415], [17.7934131, 45.0739087], [17.7932843, 45.0740606], [17.7930275, 45.0743635], [17.7917088, 45.0759188], [17.7900612, 45.0780411], [17.7891938, 45.0791339], [17.7879485, 45.0785149], [17.7879981, 45.07847], [17.7877475, 45.0783777], [17.7874426, 45.0781675], [17.7872538, 45.078006], [17.7870069, 45.0778676], [17.7865676, 45.0776368], [17.7861029, 45.077442], [17.7858089, 45.0772702], [17.7856346, 45.077078], [17.7854495, 45.0768319], [17.7854452, 45.0768177], [17.7853551, 45.0766703], [17.785228, 45.0764781], [17.785032, 45.076314], [17.7848032, 45.0761858], [17.784589, 45.0761294], [17.784295, 45.0760499], [17.7879, 45.0729913], [17.7877693, 45.0729247], [17.788205, 45.0725452], [17.7880743, 45.0724375], [17.7885753, 45.0719606], [17.7879073, 45.0714274], [17.787232, 45.070971], [17.7867528, 45.0707146], [17.7863244, 45.0705197], [17.7861356, 45.0703966], [17.7860267, 45.0702838], [17.7859396, 45.0701761], [17.7858887, 45.0700377], [17.7858625, 45.0698997], [17.7858549, 45.0698026], [17.7858524, 45.0697249], [17.7858597, 45.0696274], [17.7858887, 45.0695146], [17.7859468, 45.0694172], [17.785994, 45.0693454], [17.7859868, 45.0692403], [17.7859214, 45.0690839], [17.785798, 45.0689582], [17.7856963, 45.0688788], [17.7856382, 45.068848], [17.7856056, 45.0688121], [17.7856092, 45.068748], [17.7856419, 45.0687198], [17.7856709, 45.0686864], [17.7856891, 45.0686275], [17.7856673, 45.0685634], [17.7856128, 45.0684967], [17.7855547, 45.0684147], [17.7855257, 45.0683018], [17.7855838, 45.0682685], [17.7856274, 45.0682121], [17.7855584, 45.0681326], [17.785464, 45.0681044], [17.7853732, 45.0680557], [17.785326, 45.0680044], [17.7852897, 45.0679121], [17.7851917, 45.0678634], [17.7850465, 45.0678377], [17.7850102, 45.0677967], [17.7850211, 45.0677608], [17.7850574, 45.0677301], [17.7850664, 45.0676814], [17.7850355, 45.0676233], [17.7849585, 45.0675998], [17.7849098, 45.0675961], [17.784825, 45.0675889], [17.7848096, 45.0675708], [17.7848071, 45.0675363], [17.7848045, 45.067471], [17.7847968, 45.0672879], [17.7847763, 45.0671247], [17.7846351, 45.0669742], [17.7845221, 45.0668782], [17.78444, 45.0668691], [17.7843912, 45.0668818], [17.7843011, 45.0669197], [17.784269, 45.0669251], [17.7842202, 45.0669179], [17.7842036, 45.0668988], [17.7842267, 45.066878], [17.7842472, 45.0668553], [17.7842459, 45.0668227], [17.7842241, 45.0668064], [17.784183, 45.0668055], [17.7841253, 45.0668245], [17.7840983, 45.0668363], [17.7840303, 45.0668499], [17.7840008, 45.0668363], [17.7839854, 45.0667946], [17.7840085, 45.0667574], [17.7840649, 45.0667384], [17.7841111, 45.0667148], [17.7841458, 45.0666695], [17.7841394, 45.066616], [17.7840791, 45.0665317], [17.7840174, 45.0664909], [17.7839417, 45.0664329], [17.7839225, 45.0663948], [17.7839212, 45.0663658], [17.7839289, 45.066276], [17.7838929, 45.0661954], [17.7838326, 45.0661546], [17.7838069, 45.0661129], [17.7838057, 45.0660612], [17.783798, 45.0660095], [17.7837466, 45.0659859], [17.7836362, 45.0659261], [17.7835695, 45.0658907], [17.7834244, 45.0658871], [17.7833295, 45.0658717], [17.783273, 45.0658382], [17.783264, 45.0657829], [17.7832922, 45.0657403], [17.7833615, 45.065694], [17.7832685, 45.0656005], [17.7832503, 45.0655108], [17.7832249, 45.0654595], [17.783116, 45.0654185], [17.7830034, 45.0653569], [17.7829308, 45.065239], [17.7828873, 45.065162], [17.7828256, 45.0651005], [17.7827638, 45.0650415], [17.7826549, 45.0649902], [17.7825859, 45.0649774], [17.7823645, 45.0649364], [17.7822483, 45.0648979], [17.7820849, 45.0648133], [17.7820051, 45.0647466], [17.7819288, 45.0646595], [17.7819216, 45.0645851], [17.7819034, 45.0645184], [17.7817037, 45.0643876], [17.7815222, 45.0642876], [17.7812753, 45.0641543], [17.7811265, 45.0640415], [17.7809849, 45.0639492], [17.7809486, 45.0639312], [17.7800555, 45.0637491], [17.7793403, 45.0636748], [17.7790571, 45.0635568], [17.7788139, 45.0634978], [17.7785779, 45.0634594], [17.7784944, 45.063426], [17.7779498, 45.0630953], [17.7777139, 45.0630773], [17.7775287, 45.0630209], [17.7774561, 45.0629619], [17.7774016, 45.0629158], [17.7771874, 45.062844], [17.7766683, 45.0625542], [17.7765594, 45.0624157], [17.7763125, 45.0623106], [17.7760039, 45.0620567], [17.775757, 45.0613182], [17.7756336, 45.061213], [17.7755428, 45.0611361], [17.7755138, 45.061054], [17.7754739, 45.0609515], [17.7754448, 45.0607617], [17.7752524, 45.0596769], [17.7751362, 45.0596487], [17.7750927, 45.0595231], [17.7747006, 45.0591307], [17.7743557, 45.0587717], [17.7740507, 45.0583793], [17.7735424, 45.0577792], [17.7732484, 45.0574202], [17.7730959, 45.0572048], [17.7728999, 45.0570893], [17.7727111, 45.057015], [17.7724388, 45.0569868], [17.7723045, 45.0570098], [17.7721048, 45.0570663], [17.7719705, 45.0571176], [17.7718289, 45.0571483], [17.7717018, 45.0571381], [17.7716074, 45.0571124], [17.7714767, 45.0570227], [17.7713714, 45.0569329], [17.771248, 45.0567739], [17.7711935, 45.0566149], [17.7711064, 45.0564867], [17.7709358, 45.0562815], [17.7707179, 45.0561379], [17.7703767, 45.0559968], [17.7699592, 45.055807], [17.7697232, 45.0557686], [17.7695126, 45.0558019], [17.7691387, 45.0558866], [17.7690225, 45.0559327], [17.7688846, 45.0560097], [17.768703, 45.0560686], [17.7685687, 45.0560866], [17.7684707, 45.0560584], [17.7682202, 45.0559455], [17.7680532, 45.0558712], [17.7678753, 45.0557147], [17.7677882, 45.0556019], [17.7677446, 45.055489], [17.767701, 45.0553916], [17.7675921, 45.0552351], [17.7673561, 45.0549966], [17.7672363, 45.0549171], [17.766964, 45.0547914], [17.7666918, 45.0547478], [17.7664122, 45.0547376], [17.7661908, 45.054735], [17.7660346, 45.0547453], [17.7658204, 45.0547273], [17.765766, 45.0547145], [17.7655954, 45.0546658], [17.7654647, 45.0546119], [17.7652614, 45.0545606], [17.7650472, 45.0545863], [17.7648729, 45.0546094], [17.7647821, 45.0546094], [17.7645788, 45.0546401], [17.7644699, 45.0546709], [17.7642956, 45.0547248], [17.7642013, 45.0547171], [17.7640197, 45.0546837], [17.7637983, 45.0546119], [17.7636059, 45.0545273], [17.7631738, 45.0541887], [17.7628943, 45.0540554], [17.7627019, 45.0539631], [17.7625966, 45.053881], [17.7624804, 45.0538169], [17.7622844, 45.0537322], [17.7622263, 45.0536732], [17.7621936, 45.0535527], [17.7621863, 45.0534706], [17.7622227, 45.0533783], [17.7623497, 45.0532988], [17.762357, 45.053268], [17.762317, 45.053227], [17.7622335, 45.0532295], [17.7621936, 45.0532372], [17.7620956, 45.0532501], [17.7620448, 45.0532449], [17.7620048, 45.0532065], [17.7619903, 45.0531167], [17.7620121, 45.0530449], [17.7621028, 45.0529115], [17.7622045, 45.052791], [17.7622299, 45.0527268], [17.762219, 45.0526935], [17.7616345, 45.052455], [17.7615292, 45.0523473], [17.7615401, 45.0522985], [17.7615692, 45.0522267], [17.7615692, 45.0521677], [17.7615147, 45.0520933], [17.7613876, 45.0520395], [17.7612824, 45.0519805], [17.7612061, 45.0518779], [17.761188, 45.0517753], [17.7611589, 45.0515804], [17.7610936, 45.0514085], [17.7609847, 45.0512341], [17.7610028, 45.05107], [17.7610173, 45.0509366], [17.7609665, 45.0508186], [17.7607959, 45.0507366], [17.7605998, 45.0506647], [17.760382, 45.0505032], [17.7603348, 45.0504519], [17.7602876, 45.0504159], [17.7602804, 45.050339], [17.7601025, 45.0503698], [17.7600516, 45.0503621], [17.7600153, 45.0503262], [17.7599863, 45.0502877], [17.7599572, 45.0502338], [17.7599173, 45.0501877], [17.7600117, 45.0502441], [17.7600807, 45.0502492], [17.7601605, 45.0502364], [17.7601751, 45.0502082], [17.760186, 45.0501184], [17.7601424, 45.0499363], [17.7600335, 45.0498414], [17.7599246, 45.0497952], [17.759852, 45.0497619], [17.7598482, 45.0497439], [17.7598585, 45.0497284], [17.7599098, 45.0497203], [17.759974, 45.0497212], [17.7600446, 45.0497221], [17.7601062, 45.0497085], [17.7601743, 45.0496704], [17.7602025, 45.0496233], [17.7601922, 45.0495743], [17.7601422, 45.0495407], [17.7600934, 45.0494981], [17.7600613, 45.0494247], [17.7600151, 45.0492415], [17.7600048, 45.0491399], [17.76001, 45.0490111], [17.7600613, 45.0488751], [17.7600998, 45.0487808], [17.7600793, 45.0487101], [17.7599792, 45.0486593], [17.7599047, 45.0486266], [17.7598495, 45.0485867], [17.7598482, 45.0485722], [17.7598996, 45.0485577], [17.7599432, 45.0485532], [17.7599727, 45.0485369], [17.7599638, 45.0485015], [17.759897, 45.0484543], [17.7597853, 45.0484208], [17.759725, 45.0484026], [17.7596685, 45.0483637], [17.7596403, 45.0483346], [17.7595864, 45.048321], [17.7595376, 45.0483238], [17.7594953, 45.0483174], [17.7593913, 45.0483011], [17.7593156, 45.0482802], [17.7592758, 45.0482585], [17.7592719, 45.048234], [17.7593066, 45.0481986], [17.7593489, 45.0481623], [17.7593707, 45.0481097], [17.7593412, 45.048068], [17.7592488, 45.0480453], [17.7591513, 45.0480417], [17.7591012, 45.048019], [17.7590627, 45.048], [17.7590242, 45.0479801], [17.7590126, 45.0479492], [17.7590011, 45.0479247], [17.7589472, 45.0479157], [17.7588663, 45.047912], [17.758815, 45.0479066], [17.7587829, 45.0478876], [17.7587546, 45.0478667], [17.758693, 45.0478059], [17.7586738, 45.0477425], [17.7586686, 45.0476808], [17.7586314, 45.0476264], [17.7585968, 45.0475819], [17.7586122, 45.0475067], [17.7586391, 45.0474441], [17.758652, 45.0473997], [17.7586006, 45.0473425], [17.7585351, 45.0473298], [17.7584453, 45.0473443], [17.7583208, 45.0473362], [17.7582271, 45.0473053], [17.7581526, 45.0472564], [17.7581552, 45.0472364], [17.7582143, 45.0471983], [17.7583056, 45.0471606], [17.7583723, 45.0471134], [17.7584596, 45.047088], [17.7585366, 45.0470554], [17.7585366, 45.0469901], [17.7584545, 45.0469611], [17.7582748, 45.0469865], [17.7581926, 45.0470082], [17.758131, 45.0469647], [17.7580437, 45.0469647], [17.7579565, 45.0469792], [17.7578743, 45.0469647], [17.7578743, 45.046903], [17.7579359, 45.0468559], [17.7579821, 45.0468015], [17.7580232, 45.046747], [17.7580643, 45.0466854], [17.7580848, 45.0466237], [17.7580746, 45.0465584], [17.7580643, 45.0464967], [17.7580386, 45.0464315], [17.7580181, 45.0463662], [17.7580027, 45.0462392], [17.7580027, 45.0461775], [17.7579975, 45.0461122], [17.7579719, 45.0460506], [17.7578949, 45.0460215], [17.7578127, 45.0460288], [17.7577408, 45.0460651], [17.7576792, 45.0461086], [17.7576125, 45.0460651], [17.7575509, 45.0460143], [17.7575098, 45.0459599], [17.7574738, 45.0459055], [17.7574328, 45.045851], [17.7573301, 45.045735], [17.7572941, 45.0456806], [17.7572736, 45.0456189], [17.7572787, 45.0455572], [17.7573301, 45.0455064], [17.7574122, 45.0454847], [17.7574636, 45.0454339], [17.7574533, 45.0453613], [17.7573763, 45.0452344], [17.757325, 45.0451799], [17.7572787, 45.0451183], [17.7572685, 45.045053], [17.7572736, 45.0449913], [17.757289, 45.044926], [17.7572941, 45.0448571], [17.7572633, 45.044799], [17.7572223, 45.0447446], [17.7571607, 45.0447047], [17.7570734, 45.0447011], [17.7569861, 45.0446793], [17.7569861, 45.0446177], [17.7570374, 45.0445632], [17.7570888, 45.0445088], [17.7571812, 45.0445197], [17.7572531, 45.0445524], [17.7573147, 45.0445052], [17.7572428, 45.0444798], [17.7571658, 45.0444508], [17.7570836, 45.0444218], [17.7570118, 45.0443891], [17.7569245, 45.0443528], [17.7568321, 45.044342], [17.7567756, 45.0442984], [17.7567602, 45.0442368], [17.7567602, 45.0441751], [17.7568269, 45.0441316], [17.7569142, 45.044117], [17.7569553, 45.0440554], [17.7569245, 45.0439973], [17.756868, 45.0439538], [17.7568013, 45.0439103], [17.7566626, 45.0438232], [17.7565959, 45.0437869], [17.7565394, 45.0437398], [17.7565086, 45.0436781], [17.7564932, 45.0436164], [17.7564778, 45.0435548], [17.7564521, 45.0434931], [17.7563957, 45.0434423], [17.7563238, 45.0434024], [17.7562622, 45.0433589], [17.7562622, 45.0432936], [17.7562827, 45.0432246], [17.7563546, 45.043065], [17.7562314, 45.0429743], [17.7561646, 45.0429308], [17.7561287, 45.0428727], [17.7561287, 45.0427458], [17.7561492, 45.0426841], [17.7561851, 45.0426261], [17.7561954, 45.0425608], [17.7561851, 45.0424955], [17.7561646, 45.0424338], [17.7561492, 45.0423721], [17.7561338, 45.0423068], [17.756103, 45.0422415], [17.7560414, 45.042198], [17.755872, 45.0421943], [17.7558052, 45.0421508], [17.7557795, 45.0420275], [17.7557693, 45.0419622], [17.7557641, 45.0418969], [17.7557487, 45.0418316], [17.7557333, 45.0417663], [17.7557128, 45.0415051], [17.7557128, 45.0414434], [17.7557025, 45.0413781], [17.7556512, 45.0413237], [17.7555844, 45.0412693], [17.7555536, 45.0411967], [17.7555639, 45.0411314], [17.755605, 45.041077], [17.7556512, 45.0410226], [17.7557128, 45.0409754], [17.7557641, 45.0409246], [17.7558001, 45.0408629], [17.7558052, 45.0407976], [17.7557795, 45.0407396], [17.7557179, 45.0406961], [17.7556358, 45.0406997], [17.755569, 45.0407287], [17.7554869, 45.0407287], [17.7554201, 45.0406888], [17.7553945, 45.0406307], [17.7553893, 45.0405691], [17.7553996, 45.0405074], [17.7553996, 45.0404457], [17.7553893, 45.0403841], [17.7553431, 45.0403224], [17.7553277, 45.0402534], [17.7553329, 45.0401881], [17.7553791, 45.0401156], [17.7554509, 45.0400721], [17.7555228, 45.0400358], [17.755569, 45.0399814], [17.7555742, 45.0399197], [17.7555844, 45.0398471], [17.7556204, 45.0397854], [17.7556923, 45.0397347], [17.7557333, 45.0396766], [17.7557333, 45.0395496], [17.7557641, 45.0394916], [17.7558155, 45.0394335], [17.7558103, 45.0393719], [17.7558103, 45.0393066], [17.7558514, 45.0392521], [17.7558771, 45.0391905], [17.7558771, 45.0391215], [17.7559592, 45.0390998], [17.7560568, 45.0390998], [17.7561543, 45.0390961], [17.7562416, 45.0390744], [17.7562981, 45.0390236], [17.756334, 45.0389691], [17.7564573, 45.038795], [17.7565035, 45.0387406], [17.7565445, 45.0386717], [17.7565651, 45.0385846], [17.7565805, 45.0385193], [17.7566318, 45.0384649], [17.7566986, 45.0384177], [17.7567859, 45.0383814], [17.7568526, 45.0383234], [17.7568423, 45.0382617], [17.7568064, 45.0381782], [17.7567961, 45.0381166], [17.7568372, 45.0380295], [17.7568937, 45.0379787], [17.7569399, 45.0379243], [17.7569091, 45.0378699], [17.7568269, 45.0378844], [17.7567448, 45.0378626], [17.7567345, 45.0378009], [17.7567653, 45.0377429], [17.7568167, 45.0376885], [17.7568629, 45.037634], [17.7568834, 45.0375724], [17.7568629, 45.0375107], [17.7568064, 45.0373873], [17.7567807, 45.0373184], [17.7567807, 45.0372567], [17.7567653, 45.0371914], [17.7567653, 45.0371297], [17.7567705, 45.037068], [17.7567961, 45.0370064], [17.7568372, 45.0369519], [17.7567705, 45.036912], [17.7566934, 45.0368903], [17.7566678, 45.0368322], [17.7567088, 45.0367742], [17.7567602, 45.0367197], [17.7567859, 45.0366581], [17.7567345, 45.0365637], [17.7567191, 45.0365021], [17.7567294, 45.0364404], [17.756791, 45.0363932], [17.756868, 45.0363606], [17.7569091, 45.0363025], [17.7570015, 45.0361828], [17.7570323, 45.0361247], [17.7570169, 45.036063], [17.7569861, 45.0360086], [17.7569399, 45.0359578], [17.7568731, 45.0358889], [17.7568115, 45.0358308], [17.7568064, 45.0357692], [17.7568064, 45.0357075], [17.7567859, 45.0356422], [17.7567396, 45.0355914], [17.7567088, 45.035537], [17.7566575, 45.0354825], [17.7566421, 45.0354172], [17.7566626, 45.0353555], [17.7566216, 45.0353048], [17.7565548, 45.0352721], [17.7564778, 45.0352394], [17.7564008, 45.035214], [17.756334, 45.0351669], [17.7563135, 45.0351052], [17.7563289, 45.0350399], [17.7563802, 45.0349855], [17.7564521, 45.0349456], [17.7565137, 45.0348911], [17.7565137, 45.0348258], [17.7565035, 45.0347605], [17.7564829, 45.0346916], [17.7564213, 45.0346444], [17.756334, 45.0346589], [17.7563032, 45.0347242], [17.7562827, 45.0347859], [17.7562314, 45.0348331], [17.7561492, 45.0348657], [17.7560722, 45.0348367], [17.756026, 45.0347859], [17.7560414, 45.034717], [17.7560927, 45.0346589], [17.7561389, 45.0346009], [17.7561235, 45.0345392], [17.7560825, 45.0344884], [17.7560876, 45.0344267], [17.7561389, 45.0343723], [17.7561492, 45.034307], [17.7561389, 45.0342417], [17.7560825, 45.0341981], [17.7559952, 45.0342163], [17.7559079, 45.0342199], [17.7559079, 45.0341546], [17.7558412, 45.0341219], [17.7557539, 45.0340965], [17.7557693, 45.0340276], [17.755836, 45.0339877], [17.7559079, 45.0339514], [17.7559541, 45.033897], [17.7560003, 45.0337555], [17.7559952, 45.0336865], [17.7559438, 45.0336357], [17.7558771, 45.0335958], [17.7558103, 45.0335523], [17.7557487, 45.0335051], [17.7557436, 45.0334398], [17.7557333, 45.0333745], [17.7557282, 45.0333092], [17.7557847, 45.0332584], [17.7557898, 45.0331895], [17.7558257, 45.0331278], [17.7558052, 45.0330661], [17.7557487, 45.0330189], [17.7557179, 45.0329609], [17.7557333, 45.0328992], [17.7557641, 45.0328339], [17.7558155, 45.0327831], [17.7558874, 45.0327468], [17.7559541, 45.0327033], [17.7559438, 45.0326379], [17.7559182, 45.0325763], [17.7559182, 45.0325109], [17.7559438, 45.0324493], [17.7560054, 45.0323985], [17.7560773, 45.0323477], [17.7561338, 45.0322969], [17.7561646, 45.0322352], [17.7561543, 45.0321699], [17.7561081, 45.0321009], [17.7560619, 45.0320393], [17.7560106, 45.0319848], [17.7559541, 45.031934], [17.7559182, 45.0318796], [17.7558874, 45.0318215], [17.7558617, 45.0317345], [17.7559182, 45.0316764], [17.7560311, 45.0315712], [17.7560363, 45.0315059], [17.7560363, 45.0314442], [17.756026, 45.0313752], [17.75599, 45.0313208], [17.7559387, 45.0312628], [17.7559182, 45.0312011], [17.7559028, 45.0311358], [17.7558566, 45.031085], [17.7557795, 45.0310632], [17.7556974, 45.0310632], [17.7556563, 45.0310088], [17.7556358, 45.0309507], [17.7555742, 45.0309072], [17.7555228, 45.03086], [17.7554509, 45.0308273], [17.7553637, 45.0308128], [17.7552815, 45.0307874], [17.7552558, 45.0307294], [17.7552918, 45.0306677], [17.7553534, 45.0306205], [17.7553585, 45.0305588], [17.755338, 45.0305008], [17.7553021, 45.0304391], [17.7552712, 45.030381], [17.7552558, 45.0303157], [17.7552353, 45.0302504], [17.7552148, 45.030127], [17.7552148, 45.0300617], [17.7551891, 45.0300037], [17.7551275, 45.0299638], [17.7550402, 45.0299456], [17.7549581, 45.0299347], [17.7548964, 45.0298876], [17.7548759, 45.0298222], [17.7548605, 45.0297569], [17.75484, 45.0296771], [17.75484, 45.0296082], [17.7548605, 45.0295465], [17.7548913, 45.0294884], [17.7549273, 45.0294267], [17.7549581, 45.0293614], [17.7550094, 45.0292562], [17.7550299, 45.0291945], [17.7550299, 45.0291328], [17.7550197, 45.0290675], [17.7550043, 45.0290058], [17.7549786, 45.0289477], [17.7549581, 45.0288861], [17.7549529, 45.0288244], [17.7549632, 45.0287627], [17.754994, 45.0286357], [17.754994, 45.028574], [17.7549837, 45.0285123], [17.7549735, 45.0284506], [17.7549735, 45.0283889], [17.7549632, 45.02832], [17.7549221, 45.0282656], [17.7548759, 45.0282148], [17.7548348, 45.0281567], [17.7547989, 45.0280914], [17.7547886, 45.0280297], [17.7547938, 45.0279644], [17.7548194, 45.0279063], [17.7548554, 45.0278446], [17.7548759, 45.0277829], [17.7548759, 45.0277213], [17.7548708, 45.0276596], [17.7548605, 45.0275979], [17.7548092, 45.027431], [17.7548862, 45.0273947], [17.7548862, 45.0273293], [17.754881, 45.0272677], [17.7548656, 45.0271407], [17.7548502, 45.0270753], [17.7548297, 45.0270136], [17.754804, 45.0269556], [17.754763, 45.0269048], [17.7547116, 45.0268467], [17.7546551, 45.0267959], [17.7545935, 45.0267451], [17.7545371, 45.0266979], [17.754419, 45.0265963], [17.7543574, 45.0265455], [17.7542957, 45.0264984], [17.7542393, 45.0264476], [17.7541879, 45.0263968], [17.7541725, 45.0263351], [17.7541777, 45.0262734], [17.7542033, 45.0262153], [17.7542495, 45.0261609], [17.7543009, 45.0261101], [17.7543676, 45.0260665], [17.7544344, 45.0260194], [17.7544806, 45.0259686], [17.7544908, 45.0259069], [17.7544857, 45.0258415], [17.75446, 45.0257799], [17.7544857, 45.0257145], [17.7545371, 45.0256601], [17.7545679, 45.025602], [17.7546141, 45.0254641], [17.7546705, 45.0254133], [17.7547167, 45.025348], [17.7546962, 45.02529], [17.7547116, 45.0252283], [17.7547835, 45.0251847], [17.7547989, 45.0251194], [17.7547578, 45.025065], [17.754727, 45.0250069], [17.7546911, 45.0249452], [17.7546397, 45.0248944], [17.754573, 45.0248618], [17.7544908, 45.02484], [17.7544138, 45.024811], [17.7544138, 45.0247456], [17.7544857, 45.0247021], [17.7545525, 45.0246549], [17.754573, 45.0245932], [17.754573, 45.0244626], [17.7545935, 45.0244009], [17.7546551, 45.0243537], [17.7547116, 45.0243029], [17.7547322, 45.0242376], [17.7547322, 45.0241759], [17.7547167, 45.0241142], [17.7547167, 45.0240525], [17.7547527, 45.0239981], [17.7547732, 45.0239364], [17.7547373, 45.0238457], [17.7546911, 45.0237912], [17.7546141, 45.0237549], [17.7545268, 45.023744], [17.7544292, 45.0237295], [17.7543419, 45.0237186], [17.7542752, 45.0236787], [17.7542444, 45.0236207], [17.754229, 45.023559], [17.7542033, 45.0234973], [17.754152, 45.0233739], [17.7541417, 45.0233122], [17.7541366, 45.0232505], [17.754116, 45.0231888], [17.7540955, 45.0231271], [17.7540493, 45.0230727], [17.7539928, 45.0230182], [17.7539517, 45.0229674], [17.7539363, 45.0229058], [17.7539517, 45.0228441], [17.753998, 45.0227787], [17.7540647, 45.0227316], [17.7541417, 45.022688], [17.7542085, 45.0226408], [17.7542598, 45.02259], [17.7543009, 45.0225283], [17.7543368, 45.0224666], [17.7543882, 45.0224122], [17.7544498, 45.0223614], [17.7545319, 45.0223215], [17.7546141, 45.0222852], [17.7546962, 45.0222634], [17.7547732, 45.0222271], [17.7548246, 45.0221763], [17.7548092, 45.0221146], [17.7547578, 45.0220638], [17.7546859, 45.0220275], [17.7546089, 45.0220057], [17.7545319, 45.0219876], [17.7544549, 45.0219586], [17.754383, 45.0219223], [17.7541568, 45.0217354], [17.7541241, 45.0216969], [17.754095, 45.0216508], [17.7540805, 45.0216071], [17.7540841, 45.0215635], [17.754135, 45.0214788], [17.7541676, 45.0214378], [17.7541967, 45.0213967], [17.7542185, 45.0213531], [17.7542221, 45.0213095], [17.7541967, 45.0212658], [17.7541459, 45.0212427], [17.7540841, 45.0212427], [17.7540261, 45.021253], [17.7539716, 45.0212735], [17.7539135, 45.0212889], [17.7538554, 45.0212941], [17.753732, 45.0212941], [17.7536703, 45.0212889], [17.7536122, 45.0212812], [17.7535505, 45.0212684], [17.753427, 45.0212145], [17.7533146, 45.0211095], [17.7532598, 45.0210542], [17.7531456, 45.020861], [17.753066, 45.0206822], [17.7530288, 45.0205543], [17.7529507, 45.0203145]]]}}]}