{"type": "FeatureCollection", "features": [{"type": "Feature", "properties": {"name": "Grad Doboj, Република Српска / Republika Srpska, Bosna i Hercegovina / Босна и Херцеговина", "source": "OpenStreetMap relation 2528185", "licence": "ODbL 1.0"}, "geometry": {"type": "Polygon", "coordinates": [[[17.8924862, 44.7624446], [17.8925228, 44.7617425], [17.8928661, 44.7611635], [17.8943467, 44.7601122], [17.8952479, 44.7588476], [17.8960159, 44.7582287], [17.8966212, 44.7581467], [17.897973, 44.7583143], [17.8987884, 44.7584057], [17.8994148, 44.7582363], [17.8998291, 44.7580248], [17.9004943, 44.7573011], [17.901155, 44.7566792], [17.9019576, 44.756481], [17.9031248, 44.7564232], [17.9037235, 44.7563652], [17.9059959, 44.7557771], [17.9071975, 44.7551249], [17.9083262, 44.7541924], [17.9092188, 44.752888], [17.9103518, 44.7522663], [17.9117422, 44.7516689], [17.9126349, 44.7514129], [17.913785, 44.7507424], [17.9139395, 44.7496818], [17.9143687, 44.7490966], [17.9146948, 44.7477068], [17.9153815, 44.7463169], [17.9161024, 44.7459756], [17.9164286, 44.7451465], [17.9150553, 44.743147], [17.9135962, 44.7422081], [17.9130618, 44.7416137], [17.9136586, 44.7413381], [17.9144888, 44.7405133], [17.9157076, 44.7405986], [17.9159479, 44.74005], [17.9168749, 44.7395256], [17.9174243, 44.738922], [17.9179823, 44.7389223], [17.9184241, 44.7391492], [17.9189799, 44.7396917], [17.9196602, 44.7398686], [17.9202139, 44.740195], [17.9204798, 44.7400926], [17.920804, 44.7398902], [17.9209006, 44.7394634], [17.9213834, 44.7393339], [17.9219627, 44.7393262], [17.9220915, 44.7392424], [17.9219561, 44.7386233], [17.922349, 44.7376191], [17.9234648, 44.7373905], [17.9241836, 44.7371695], [17.9245698, 44.7378325], [17.924881, 44.7379316], [17.9251492, 44.7377944], [17.9256492, 44.7374506], [17.9260933, 44.7373753], [17.9275203, 44.7379164], [17.9282927, 44.7381221], [17.9292369, 44.7383812], [17.9295158, 44.7382669], [17.9298699, 44.738084], [17.9302776, 44.7380154], [17.930707, 44.7380347], [17.9309535, 44.736857], [17.9300308, 44.7362626], [17.9297519, 44.7358968], [17.92943, 44.7352566], [17.929666, 44.7342963], [17.9299858, 44.7336581], [17.9309964, 44.733275], [17.9315758, 44.7325585], [17.9313397, 44.731903], [17.9307793, 44.7314644], [17.9316616, 44.7307902], [17.9305458, 44.7289762], [17.9302239, 44.7277566], [17.9298055, 44.726941], [17.9288936, 44.7265599], [17.9285288, 44.7262778], [17.9286361, 44.7259272], [17.9290438, 44.7256375], [17.9290008, 44.7253326], [17.9281192, 44.7241765], [17.9271752, 44.7236205], [17.9258128, 44.7230858], [17.9237094, 44.7200082], [17.9230293, 44.7191091], [17.9232747, 44.7190858], [17.9235237, 44.7190301], [17.9239921, 44.7190379], [17.924298, 44.7190605], [17.9266782, 44.7217701], [17.9270526, 44.7220938], [17.9306246, 44.724161], [17.9312017, 44.7243566], [17.9374731, 44.7258367], [17.938368, 44.726171], [17.9404013, 44.72679], [17.9438991, 44.7272392], [17.9462612, 44.7279644], [17.9505959, 44.7286047], [17.9530991, 44.7278285], [17.9639112, 44.7247411], [17.9669868, 44.7239653], [17.9743096, 44.7218615], [17.9766329, 44.7211427], [17.9808878, 44.7209691], [17.9863449, 44.7210966], [17.9908755, 44.7212559], [17.9919206, 44.7213911], [17.9932271, 44.7214084], [17.998492, 44.7220214], [17.9994278, 44.7220952], [18.0028387, 44.7227091], [18.0042324, 44.7230763], [18.00786, 44.7233842], [18.0091134, 44.7236549], [18.0119284, 44.7240159], [18.0130058, 44.7240164], [18.0196562, 44.7232187], [18.0230105, 44.7229078], [18.0257193, 44.7227746], [18.0274619, 44.7222631], [18.0284728, 44.7220985], [18.0294442, 44.7217027], [18.0318574, 44.7200271], [18.0332623, 44.7195052], [18.0333681, 44.7194659], [18.0347185, 44.7185699], [18.0384611, 44.7167633], [18.042023, 44.7147137], [18.0475556, 44.711004], [18.0487857, 44.7097497], [18.0496473, 44.7089207], [18.0508943, 44.7083566], [18.0512058, 44.7078909], [18.0536912, 44.7069032], [18.0550309, 44.7064278], [18.0584754, 44.7056149], [18.0621083, 44.7044153], [18.0636065, 44.7039357], [18.0656026, 44.7035228], [18.0671207, 44.7029017], [18.0683594, 44.702587], [18.0689178, 44.7022793], [18.0687595, 44.7009791], [18.0685491, 44.6999008], [18.0669271, 44.6946712], [18.0666361, 44.693303], [18.066577, 44.6920968], [18.0665238, 44.6910128], [18.0664016, 44.6887101], [18.0664038, 44.6873318], [18.0663879, 44.6862728], [18.0661467, 44.6852967], [18.0665292, 44.6848423], [18.068625, 44.6837777], [18.0695601, 44.6831434], [18.0706102, 44.6812875], [18.0714986, 44.6806103], [18.071295, 44.6791842], [18.0718563, 44.6783778], [18.0719796, 44.6778578], [18.0714503, 44.6764627], [18.0709807, 44.6744724], [18.0703727, 44.6731401], [18.0696227, 44.6718927], [18.0690072, 44.6710066], [18.0662952, 44.6699622], [18.0653117, 44.669277], [18.0649983, 44.6685653], [18.0654188, 44.6672399], [18.0663542, 44.6662429], [18.0674612, 44.6656171], [18.0687924, 44.6651879], [18.0711683, 44.6641281], [18.071828, 44.6638644], [18.0746991, 44.6627105], [18.0763818, 44.6621153], [18.0774876, 44.6613833], [18.078649, 44.6606063], [18.0800094, 44.6595154], [18.0803977, 44.6585841], [18.0797747, 44.656607], [18.0791379, 44.6549817], [18.0787105, 44.6533579], [18.0784204, 44.6526042], [18.0779435, 44.6504079], [18.0780504, 44.6492546], [18.0791247, 44.6474906], [18.0800479, 44.6470974], [18.0816114, 44.6468544], [18.083942, 44.6467306], [18.0891441, 44.6464258], [18.0908304, 44.6460584], [18.092325, 44.6452814], [18.0931518, 44.6442227], [18.0930981, 44.6429388], [18.0928414, 44.6425202], [18.0918728, 44.6409402], [18.0908321, 44.6401758], [18.0896714, 44.6390007], [18.088322, 44.6369694], [18.0885654, 44.6328499], [18.0895176, 44.6315033], [18.0912161, 44.6304858], [18.0954976, 44.630125], [18.0971698, 44.629604], [18.0995471, 44.6279424], [18.0997127, 44.6271369], [18.0997916, 44.6259811], [18.0992063, 44.6239434], [18.1000637, 44.6206079], [18.1022498, 44.6177336], [18.1023801, 44.6167942], [18.1033427, 44.6158959], [18.1032929, 44.6144958], [18.1022018, 44.6124274], [18.1004317, 44.6101978], [18.0980111, 44.6090829], [18.0950812, 44.6081112], [18.0929808, 44.6070437], [18.0905632, 44.6063306], [18.0887807, 44.6055537], [18.0886485, 44.6052309], [18.0884306, 44.6046988], [18.0883629, 44.6033818], [18.0887263, 44.6015239], [18.0890132, 44.6005829], [18.0899442, 44.5986829], [18.0904067, 44.5977548], [18.091606, 44.597177], [18.0921183, 44.5956683], [18.0944679, 44.5935601], [18.0951887, 44.5924073], [18.0960495, 44.5904211], [18.0968893, 44.5894418], [18.0970492, 44.5878346], [18.0981029, 44.5847296], [18.0981282, 44.583776], [18.0979661, 44.5823314], [18.0975257, 44.5815305], [18.096879, 44.5805869], [18.0957093, 44.5795635], [18.0957937, 44.5791309], [18.0974647, 44.5772732], [18.0982408, 44.5768166], [18.0994618, 44.5760982], [18.101161, 44.5748908], [18.1024847, 44.5743953], [18.1052423, 44.5748926], [18.1076862, 44.5755975], [18.1109535, 44.5769764], [18.1139809, 44.5783289], [18.118737, 44.5808071], [18.1204898, 44.582402], [18.1220452, 44.586551], [18.1311663, 44.5890985], [18.1377672, 44.5894662], [18.1473628, 44.5899368], [18.1560088, 44.5914813], [18.1614474, 44.5919765], [18.1726845, 44.5963281], [18.2074116, 44.600305], [18.2128044, 44.6004034], [18.2239707, 44.6004076], [18.2261297, 44.5973212], [18.226672, 44.5964951], [18.2288747, 44.5931393], [18.2333342, 44.5859123], [18.2451583, 44.5867748], [18.2482153, 44.5868769], [18.2525801, 44.5845155], [18.2557666, 44.5832497], [18.2567842, 44.5823574], [18.2587013, 44.5817705], [18.2639198, 44.5812323], [18.2662823, 44.5809919], [18.2681125, 44.5806305], [18.2692112, 44.5805378], [18.2710786, 44.5786637], [18.2715141, 44.5782391], [18.2792328, 44.5738311], [18.2811225, 44.5731253], [18.2819496, 44.5728164], [18.2857296, 44.5732311], [18.2858049, 44.5734261], [18.2858082, 44.5735577], [18.2857983, 44.573633], [18.2858511, 44.5737105], [18.2858907, 44.5737834], [18.2859006, 44.5738868], [18.2859006, 44.5739573], [18.2859237, 44.5740372], [18.2859798, 44.5741101], [18.2860986, 44.5742088], [18.2861217, 44.5742793], [18.2861217, 44.5743968], [18.2861778, 44.5745848], [18.2862107, 44.5747235], [18.286214, 44.5748198], [18.2861942, 44.5749185], [18.2862272, 44.5750995], [18.2861811, 44.5751818], [18.2861382, 44.575257], [18.2861547, 44.5753909], [18.2861811, 44.5755742], [18.2861942, 44.5757105], [18.2861942, 44.5758328], [18.2861942, 44.5759385], [18.2861712, 44.576096], [18.2861613, 44.5762229], [18.2861745, 44.5763427], [18.2862074, 44.576512], [18.2863262, 44.5769608], [18.2864417, 44.5771935], [18.286544, 44.5773321], [18.2865539, 44.5774403], [18.2866001, 44.5776118], [18.2866924, 44.5778092], [18.286831, 44.5780278], [18.287349, 44.5789232], [18.2890218, 44.5818089], [18.2896189, 44.5828288], [18.2885071, 44.584986], [18.2876855, 44.5855029], [18.2865803, 44.5863371], [18.2856136, 44.5871642], [18.2851154, 44.5874767], [18.2848811, 44.5876106], [18.2845941, 44.5877187], [18.2843268, 44.5879043], [18.284053, 44.5881839], [18.2840036, 44.5882521], [18.2839408, 44.588339], [18.2839177, 44.5884189], [18.2837693, 44.5887455], [18.2836373, 44.5890721], [18.2834888, 44.5892953], [18.2833337, 44.5894457], [18.2831952, 44.5895326], [18.2830269, 44.589589], [18.2829015, 44.5897065], [18.282852, 44.5898122], [18.2827729, 44.5899344], [18.2826871, 44.5900331], [18.2825683, 44.5901224], [18.2823176, 44.590301], [18.2822219, 44.5904302], [18.2821988, 44.5905876], [18.2822516, 44.5906957], [18.2824693, 44.5912784], [18.2825023, 44.5914687], [18.2825452, 44.5917765], [18.2826211, 44.5922487], [18.2826673, 44.5931204], [18.2827993, 44.5935903], [18.2831391, 44.5943515], [18.2834228, 44.5956037], [18.2828685, 44.5959045], [18.2824429, 44.5961018], [18.2820239, 44.5962357], [18.2818029, 44.5963367], [18.2814795, 44.5964965], [18.2810902, 44.5966656], [18.2804238, 44.5969194], [18.2799685, 44.5970298], [18.279655, 44.5971144], [18.2794439, 44.5971825], [18.2793152, 44.5972506], [18.279071, 44.597408], [18.278916, 44.5975443], [18.2787972, 44.597697], [18.2787345, 44.5978661], [18.2787213, 44.5980799], [18.2786652, 44.5984582], [18.2784937, 44.5990525], [18.2782561, 44.5996891], [18.2780845, 44.5998653], [18.2778833, 44.6000321], [18.277616, 44.6002107], [18.2733434, 44.602433], [18.2712748, 44.6035253], [18.2695957, 44.6067997], [18.2693904, 44.6070455], [18.2695303, 44.6073445], [18.2700436, 44.6077963], [18.2721339, 44.6117624], [18.2718446, 44.6150573], [18.2705662, 44.6162596], [18.2699596, 44.6166781], [18.2696237, 44.6170169], [18.2694464, 44.6172228], [18.2692037, 44.6173822], [18.2688678, 44.6177675], [18.2685132, 44.6182524], [18.2683172, 44.6184318], [18.2678879, 44.6186111], [18.2676546, 44.6187107], [18.267244, 44.6190229], [18.2670294, 44.6193086], [18.2665255, 44.6198067], [18.2660869, 44.620172], [18.265275, 44.6207898], [18.2648831, 44.6210953], [18.2642392, 44.6214075], [18.2639592, 44.621527], [18.2635113, 44.6215868], [18.2630727, 44.6215669], [18.2625781, 44.6214938], [18.2621115, 44.6215138], [18.261365, 44.6217064], [18.2608611, 44.6217794], [18.2602451, 44.6219654], [18.2599465, 44.6220318], [18.2593773, 44.6221115], [18.259032, 44.6221912], [18.2584908, 44.6222909], [18.2580522, 44.6222975], [18.2577722, 44.6223241], [18.2574549, 44.6224237], [18.2569417, 44.6226363], [18.2564844, 44.6229816], [18.2561111, 44.6231875], [18.2557192, 44.6234864], [18.2554859, 44.6238384], [18.254954, 44.6244893], [18.2543008, 44.6251535], [18.2539633, 44.625542], [18.2538622, 44.6256583], [18.2534609, 44.6260568], [18.2531156, 44.6263025], [18.2528263, 44.6264884], [18.2525922, 44.6266019], [18.2523877, 44.626701], [18.2517905, 44.6269002], [18.2510346, 44.6271592], [18.2505307, 44.6272323], [18.2502507, 44.6272389], [18.2499988, 44.6271393], [18.2497655, 44.6269467], [18.2494575, 44.6265947], [18.2492242, 44.6263158], [18.248711, 44.6258841], [18.2484217, 44.6257446], [18.2481417, 44.6256848], [18.2473579, 44.6255786], [18.2470872, 44.6254657], [18.246714, 44.6253461], [18.2462194, 44.625293], [18.2456875, 44.6252199], [18.2450716, 44.6250871], [18.244381, 44.6248878], [18.2435878, 44.624755], [18.2427946, 44.624662], [18.2422253, 44.6245956], [18.2410402, 44.624569], [18.2405176, 44.6246487], [18.2400697, 44.624662], [18.2397151, 44.6247218], [18.2400044, 44.6253129], [18.2401537, 44.625904], [18.2402283, 44.626256], [18.2404243, 44.6265681], [18.2405269, 44.627033], [18.2405269, 44.6271127], [18.2405923, 44.6273917], [18.2407602, 44.6275378], [18.2411055, 44.6277105], [18.2413789, 44.6279644], [18.2415936, 44.628323], [18.2416495, 44.6286285], [18.2417709, 44.6288941], [18.2420135, 44.6292129], [18.2423588, 44.6294254], [18.2427414, 44.6294919], [18.24304, 44.6296579], [18.243152, 44.6298372], [18.2433759, 44.6299833], [18.2435812, 44.6301427], [18.2438239, 44.6303751], [18.2440385, 44.6306607], [18.2442438, 44.6310658], [18.2444491, 44.6314045], [18.2446731, 44.6316435], [18.244981, 44.6317299], [18.2452516, 44.6318494], [18.2453263, 44.6320619], [18.2453263, 44.6321682], [18.2453916, 44.6324471], [18.2454289, 44.6326795], [18.245345, 44.6328655], [18.245233, 44.6330448], [18.2452796, 44.6332307], [18.2453263, 44.6333702], [18.2453356, 44.633483], [18.245205, 44.6336092], [18.244981, 44.6336557], [18.2447664, 44.633669], [18.2447291, 44.6337819], [18.2448037, 44.6339745], [18.2451117, 44.6344393], [18.2451863, 44.6347049], [18.245289, 44.6349373], [18.2453076, 44.6351764], [18.245121, 44.6353424], [18.2447011, 44.6354487], [18.2445238, 44.6354885], [18.2443744, 44.6355416], [18.2444118, 44.6357873], [18.2445331, 44.6360264], [18.2446544, 44.6368896], [18.2445331, 44.6371486], [18.2442905, 44.6373544], [18.2441132, 44.6374806], [18.2438799, 44.637474], [18.2436466, 44.6374142], [18.2434693, 44.6374009], [18.2433106, 44.6374275], [18.2430213, 44.6376134], [18.2429933, 44.6378923], [18.2429933, 44.6381048], [18.2430493, 44.6385298], [18.2430493, 44.638875], [18.2429905, 44.639083], [18.2429839, 44.6391769], [18.2430334, 44.6392966], [18.2431126, 44.6393412], [18.2432808, 44.6393812], [18.2434095, 44.6394352], [18.2434458, 44.6394985], [18.2433633, 44.6395549], [18.2432643, 44.6396065], [18.2431258, 44.639691], [18.2430301, 44.6397098], [18.2429278, 44.6397403], [18.2428684, 44.6398249], [18.2429212, 44.6399446], [18.2430037, 44.6400056], [18.2430895, 44.640177], [18.2431357, 44.6403319], [18.2431324, 44.6404704], [18.2430961, 44.6405902], [18.2431225, 44.6406864], [18.2432643, 44.6407827], [18.2433435, 44.6408625], [18.2433864, 44.6409705], [18.2434755, 44.6411231], [18.2436405, 44.6412921], [18.2438648, 44.6414353], [18.2440661, 44.6415104], [18.2443399, 44.6416583], [18.2445247, 44.6417663], [18.2448183, 44.6418954], [18.2451417, 44.6420151], [18.2453462, 44.642109], [18.2455211, 44.6422076], [18.2455805, 44.6422968], [18.2455772, 44.6423508], [18.245531, 44.642386], [18.2454122, 44.6423837], [18.2453297, 44.6423555], [18.2450955, 44.6423273], [18.2448216, 44.6423038], [18.244683, 44.6423461], [18.2445577, 44.6424447], [18.2445511, 44.6425104], [18.2445082, 44.642832], [18.2444191, 44.6428884], [18.2442541, 44.6429588], [18.2441288, 44.6430292], [18.2440463, 44.6430996], [18.2440298, 44.6431841], [18.2440628, 44.6432874], [18.2442079, 44.6433931], [18.2444851, 44.6434799], [18.2449371, 44.643548], [18.2453891, 44.6436302], [18.2455508, 44.6437475], [18.2455805, 44.6438978], [18.2455904, 44.6440245], [18.2457223, 44.6441912], [18.2458675, 44.6442687], [18.2459764, 44.6443133], [18.2460886, 44.644379], [18.246105, 44.6444189], [18.2460622, 44.6444635], [18.2459566, 44.6444776], [18.2458939, 44.644487], [18.2458081, 44.6445292], [18.2457553, 44.6446795], [18.245785, 44.6448438], [18.245818, 44.6449987], [18.2458015, 44.645109], [18.2457388, 44.6452053], [18.2456926, 44.6453156], [18.2456365, 44.6454705], [18.2456497, 44.6455808], [18.2457322, 44.6456442], [18.2457718, 44.645724], [18.2457718, 44.6457874], [18.2457322, 44.6458625], [18.2456695, 44.6459588], [18.2456662, 44.6460409], [18.245653, 44.6461512], [18.2455838, 44.6462264], [18.2455013, 44.6462827], [18.245399, 44.6464071], [18.2452505, 44.6465268], [18.2451219, 44.6466324], [18.2449569, 44.6467428], [18.2448084, 44.646893], [18.2447688, 44.6469587], [18.2446336, 44.6470503], [18.2445742, 44.647123], [18.2445313, 44.6472287], [18.2444422, 44.6473132], [18.2444653, 44.6474141], [18.2444686, 44.6474962], [18.2444257, 44.6475807], [18.2444257, 44.647684], [18.2444521, 44.6478249], [18.2445478, 44.6479821], [18.2447193, 44.6482098], [18.244815, 44.6484586], [18.2448117, 44.6486417], [18.2447325, 44.6487403], [18.2444719, 44.6487778], [18.2443729, 44.6487825], [18.2441618, 44.6487943], [18.2439704, 44.6488295], [18.2438186, 44.6488929], [18.2437691, 44.6489727], [18.2437592, 44.6491839], [18.2437823, 44.6493271], [18.2437757, 44.6495102], [18.2437328, 44.6497191], [18.2436306, 44.6498388], [18.2435382, 44.649881], [18.2433732, 44.6499374], [18.2432907, 44.6499984], [18.2432412, 44.6500852], [18.2432379, 44.6501791], [18.243294, 44.6502941], [18.2433501, 44.6505617], [18.2433204, 44.650733], [18.2432116, 44.6509091], [18.2430532, 44.6510875], [18.2428552, 44.6512635], [18.2426573, 44.6514348], [18.242489, 44.6515804], [18.2425088, 44.6518831], [18.2426573, 44.6520991], [18.2426309, 44.6522939], [18.2424395, 44.6524535], [18.2421327, 44.652721], [18.2419083, 44.6528407], [18.2415091, 44.6529182], [18.2412221, 44.6529299], [18.2409977, 44.6529323], [18.2408064, 44.6529722], [18.2406117, 44.6531013], [18.2405226, 44.6532562], [18.2405259, 44.6534252], [18.2406843, 44.6536153], [18.2408888, 44.653803], [18.2409812, 44.6540964], [18.2410868, 44.6546691], [18.2410868, 44.6548826], [18.2409581, 44.6550798], [18.2407833, 44.6551831], [18.2406153, 44.6553649], [18.2405955, 44.6556184], [18.2407473, 44.6558155], [18.2409914, 44.6560314], [18.2411036, 44.6562802], [18.2410508, 44.6565149], [18.2408726, 44.6567778], [18.2406417, 44.6569984], [18.2403513, 44.6572424], [18.2399818, 44.6576132], [18.2398499, 44.6579324], [18.2399488, 44.6581765], [18.2400148, 44.6583971], [18.2399818, 44.6586552], [18.2398762, 44.6588524], [18.2396783, 44.6593874], [18.2396057, 44.6597817], [18.2395067, 44.6600352], [18.2392164, 44.6603778], [18.2390118, 44.6604717], [18.2386885, 44.66065], [18.2383124, 44.6608753], [18.2381606, 44.6608988], [18.2379824, 44.6608847], [18.238121, 44.6612085], [18.238319, 44.661584], [18.2385961, 44.6619736], [18.2388799, 44.6621988], [18.2395133, 44.6625133], [18.2399884, 44.6625743], [18.2404305, 44.6626025], [18.2410112, 44.662579], [18.2414863, 44.6627151], [18.2421594, 44.6629592], [18.2424101, 44.6631328], [18.2426741, 44.663222], [18.2429446, 44.6632126], [18.2432151, 44.6631703], [18.2435781, 44.663175], [18.2439014, 44.6632361], [18.2442313, 44.6632924], [18.2445547, 44.6633018], [18.2448846, 44.6633111], [18.2451551, 44.6632877], [18.2455972, 44.6632314], [18.2458348, 44.6632361], [18.2461251, 44.6631797], [18.2464287, 44.6631093], [18.2470555, 44.6629216], [18.2472205, 44.6628418], [18.2474484, 44.6625917], [18.247733, 44.662376], [18.247747, 44.6622864], [18.2478403, 44.6621868], [18.2482043, 44.6620308], [18.2485775, 44.6618616], [18.2489742, 44.6616824], [18.2492028, 44.661533], [18.2495341, 44.6614036], [18.249842, 44.6613737], [18.2500473, 44.6614998], [18.2501453, 44.6616558], [18.2502806, 44.6618715], [18.2504952, 44.6620109], [18.2507099, 44.6620474], [18.2508779, 44.6620508], [18.2507892, 44.662459], [18.2506399, 44.6627742], [18.2505606, 44.663063], [18.2505326, 44.6633417], [18.2504766, 44.6636271], [18.2501593, 44.6637532], [18.2500426, 44.6638362], [18.25001, 44.6638959], [18.2500287, 44.6639557], [18.250122, 44.6639988], [18.2509012, 44.6641083], [18.2511905, 44.6641714], [18.2512931, 44.6642809], [18.2512698, 44.6644169], [18.2511111, 44.664699], [18.2509292, 44.6650242], [18.2508732, 44.6652101], [18.2508452, 44.6654026], [18.2508592, 44.665668], [18.2507939, 44.6661393], [18.2506772, 44.6666868], [18.2507099, 44.6669656], [18.2508825, 44.667231], [18.2511531, 44.6674932], [18.2513538, 44.6677122], [18.2513724, 44.6678615], [18.2512651, 44.6679743], [18.2509898, 44.6681071], [18.2508125, 44.6682597], [18.2506725, 44.6684091], [18.2505419, 44.6686646], [18.2504579, 44.6689632], [18.2503833, 44.6691889], [18.2504253, 44.6695671], [18.2505886, 44.6697828], [18.2508499, 44.6699355], [18.2512185, 44.6700616], [18.2515684, 44.6701047], [18.2519277, 44.6701445], [18.2522076, 44.6702043], [18.2525296, 44.670254], [18.2530102, 44.6703868], [18.2534954, 44.670629], [18.2536961, 44.6707982], [18.2538874, 44.6710504], [18.2541393, 44.671276], [18.254438, 44.6714386], [18.2547786, 44.6715747], [18.2550958, 44.6716477], [18.2553431, 44.6716941], [18.2554831, 44.6717107], [18.2558891, 44.6717771], [18.2561364, 44.6719397], [18.2562857, 44.6721952], [18.256337, 44.6724739], [18.2563183, 44.6726896], [18.256337, 44.6729052], [18.256421, 44.6730579], [18.2565516, 44.6732205], [18.2567849, 44.6736054], [18.2570135, 44.6738078], [18.2572468, 44.6740201], [18.2574335, 44.6742822], [18.2575128, 44.6746306], [18.2576015, 44.6749027], [18.2577274, 44.6750985], [18.2579794, 44.6756758], [18.2579794, 44.6759313], [18.2580167, 44.6761702], [18.25811, 44.6764555], [18.25818, 44.6766811], [18.258208, 44.6769167], [18.2582127, 44.6771622], [18.25811, 44.6775039], [18.2578814, 44.6780912], [18.2578161, 44.6784528], [18.2578068, 44.6786685], [18.2578394, 44.6788543], [18.2578581, 44.6790732], [18.2578114, 44.6792391], [18.2576901, 44.6794316], [18.2575175, 44.6795676], [18.2572048, 44.6796638], [18.2569762, 44.6797534], [18.2568736, 44.6798098], [18.2567103, 44.6799292], [18.256519, 44.6800387], [18.2564023, 44.6800785], [18.2561177, 44.680125], [18.2557911, 44.6801913], [18.2554691, 44.6803506], [18.2552685, 44.6805563], [18.2551332, 44.6806856], [18.2548532, 44.6807918], [18.2546992, 44.6809079], [18.2545406, 44.6810274], [18.254396, 44.6811269], [18.2541767, 44.6814155], [18.2540787, 44.6816245], [18.2539107, 44.6819563], [18.2538174, 44.6823312], [18.2538221, 44.6825402], [18.2539247, 44.682789], [18.2541487, 44.6829814], [18.2544053, 44.6831075], [18.2547552, 44.6831572], [18.2550585, 44.6831838], [18.2553758, 44.6832534], [18.2557071, 44.6835222], [18.2558004, 44.683635], [18.2559311, 44.6837345], [18.255973, 44.6837511], [18.2545779, 44.6853965], [18.254228, 44.6855524], [18.2540507, 44.6857216], [18.2537427, 44.6859804], [18.2536447, 44.6860799], [18.2536121, 44.6861927], [18.2536121, 44.6862325], [18.2535701, 44.6862856], [18.2534814, 44.6864879], [18.2533835, 44.6866107], [18.2533368, 44.6867069], [18.2534161, 44.6868827], [18.2536821, 44.687085], [18.2538967, 44.6871746], [18.2542746, 44.6872741], [18.2545453, 44.6874002], [18.2558377, 44.6879143], [18.256141, 44.687984], [18.2564256, 44.6879873], [18.2565749, 44.6879674], [18.2568036, 44.6879177], [18.2571815, 44.6878082], [18.2574241, 44.6877087], [18.2576108, 44.6876092], [18.2576948, 44.6877286], [18.2568689, 44.6895364], [18.2566029, 44.6903425], [18.2566449, 44.6906775], [18.2574708, 44.6905714], [18.2577368, 44.6922763], [18.2590852, 44.6920607], [18.2588566, 44.693016], [18.2591785, 44.6930293], [18.2595658, 44.6930824], [18.2599158, 44.6932416], [18.2601444, 44.6934472], [18.2604103, 44.6936529], [18.260695, 44.6937889], [18.2608816, 44.6938353], [18.2614508, 44.694094], [18.2617775, 44.6942997], [18.2619501, 44.6945086], [18.2619828, 44.694774], [18.2619548, 44.6948436], [18.2618148, 44.6949829], [18.2617355, 44.6951952], [18.2617401, 44.6953876], [18.2618101, 44.6956496], [18.2619081, 44.6959514], [18.2619454, 44.6962101], [18.2620341, 44.6964423], [18.2621554, 44.6966712], [18.2622114, 44.6968171], [18.2622954, 44.6969697], [18.262398, 44.6970426], [18.2605526, 44.6974475], [18.2602792, 44.6973298], [18.260108, 44.6972105], [18.2600133, 44.6970902], [18.2598879, 44.6969506], [18.2598015, 44.6968766], [18.2596382, 44.696747], [18.2594513, 44.696604], [18.2592844, 44.6964661], [18.2591945, 44.6963753], [18.2591069, 44.6962752], [18.259062, 44.6961952], [18.2589969, 44.6960068], [18.2589862, 44.6958849], [18.2589673, 44.6958184], [18.2589472, 44.6957587], [18.2589058, 44.6956922], [18.2588791, 44.6956632], [18.2588188, 44.6956283], [18.2587182, 44.6955816], [18.2584662, 44.6954878], [18.2579177, 44.695323], [18.2577088, 44.6952775], [18.2575875, 44.6952624], [18.257458, 44.695262], [18.2573189, 44.6952784], [18.2571976, 44.6953049], [18.257084, 44.695357], [18.2569592, 44.6954512], [18.2568628, 44.6955417], [18.2566817, 44.6957507], [18.256593, 44.6958781], [18.2565131, 44.6960354], [18.2564563, 44.6961784], [18.2564297, 44.6963265], [18.256435, 44.6963753], [18.2564486, 44.6964522], [18.2564865, 44.6965834], [18.2565557, 44.696747], [18.2567143, 44.6970435], [18.2567935, 44.6971689], [18.2569196, 44.6973354], [18.2569935, 44.69742], [18.2570917, 44.6975318], [18.2571521, 44.6975798], [18.2572266, 44.6976601], [18.2573071, 44.6977602], [18.2573361, 44.697817], [18.257355, 44.6978721], [18.2573598, 44.6979255], [18.2573604, 44.6979633], [18.2573456, 44.6979961], [18.2573249, 44.698026], [18.2572811, 44.6980765], [18.2572219, 44.6981248], [18.2571367, 44.698185], [18.2570373, 44.6982405], [18.2569314, 44.6982968], [18.256793, 44.6983544], [18.2565539, 44.6984566], [18.2560161, 44.6986753], [18.2556812, 44.6988028], [18.2554883, 44.6988953], [18.2553736, 44.6989748], [18.2552487, 44.699082], [18.255118, 44.6992162], [18.2549073, 44.6993676], [18.2547914, 44.6994475], [18.2546086, 44.699564], [18.2544417, 44.6996611], [18.254192, 44.6997961], [18.2540796, 44.6998474], [18.2539086, 44.6999055], [18.2537341, 44.6999526], [18.2536341, 44.6999694], [18.2534389, 44.699982], [18.2532785, 44.699995], [18.2529868, 44.7000388], [18.252688, 44.7001048], [18.2525176, 44.7001418], [18.25231, 44.7001738], [18.2521141, 44.7001952], [18.2520331, 44.7001986], [18.2518195, 44.7001948], [18.2516497, 44.7001662], [18.2513828, 44.7001326], [18.2511574, 44.7001195], [18.2510178, 44.700114], [18.2505244, 44.7001809], [18.2503279, 44.700228], [18.2497096, 44.7003559], [18.2494901, 44.7003983], [18.24926, 44.7004316], [18.2491328, 44.7004446], [18.2487269, 44.7004513], [18.2483423, 44.7004265], [18.2481116, 44.7003946], [18.2478915, 44.7003744], [18.2477016, 44.7003613], [18.2474785, 44.7003634], [18.2472235, 44.7003769], [18.24682, 44.7003882], [18.2465461, 44.7003962], [18.2461567, 44.700416], [18.2458899, 44.7003273], [18.2457603, 44.7003723], [18.245532, 44.7004156], [18.245458, 44.7004463], [18.2453148, 44.7005182], [18.24519, 44.7005905], [18.2449515, 44.7007024], [18.2447871, 44.7008193], [18.2446238, 44.7009783], [18.2444818, 44.7011095], [18.2442865, 44.7012466], [18.244212, 44.701342], [18.2441581, 44.7014425], [18.2441102, 44.7015157], [18.2440635, 44.701604], [18.2440155, 44.701678], [18.2438789, 44.7018206], [18.2437345, 44.7019527], [18.2435103, 44.7021612], [18.2433984, 44.7022487], [18.2432766, 44.7023265], [18.2431316, 44.7024115], [18.2429724, 44.7024901], [18.2427707, 44.7025797], [18.2426163, 44.7026613], [18.2425039, 44.7027197], [18.2423488, 44.7028084], [18.242224, 44.7028871], [18.2421773, 44.7029274], [18.2420879, 44.7030313], [18.2419909, 44.7031655], [18.2419353, 44.7032853], [18.2418909, 44.7033993], [18.2418418, 44.7035868], [18.2418158, 44.703729], [18.2417998, 44.7039056], [18.2417951, 44.703991], [18.2417779, 44.7040254], [18.2417507, 44.7040675], [18.2416974, 44.7041205], [18.2416353, 44.7041772], [18.2415667, 44.7042323], [18.2414519, 44.7043127], [18.2413537, 44.7043808], [18.2412519, 44.704438], [18.2411383, 44.704483], [18.2409744, 44.7045263], [18.2408135, 44.7045507], [18.2406543, 44.7045578], [18.2403928, 44.7045414], [18.2401751, 44.7044994], [18.2399793, 44.7044451], [18.2397568, 44.7043635], [18.2395758, 44.7042836], [18.2394338, 44.704181], [18.2393391, 44.7040881], [18.2392551, 44.7039354], [18.2392533, 44.7038896], [18.2392651, 44.7038026], [18.2393119, 44.7036495], [18.2393172, 44.7035797], [18.2393131, 44.7034628], [18.2392639, 44.7033947], [18.2391361, 44.7032786], [18.2389918, 44.7031806], [18.238803, 44.7030288], [18.238625, 44.7027803], [18.2385575, 44.7026322], [18.2384836, 44.702443], [18.238438, 44.702279], [18.2384386, 44.7021495], [18.238454, 44.7020515], [18.2384989, 44.7019009], [18.2385303, 44.7018198], [18.23858, 44.7017201], [18.2388113, 44.7012949], [18.238877, 44.7011116], [18.2389125, 44.7009829], [18.2389368, 44.7008504], [18.2389433, 44.7007478], [18.2389397, 44.7005981], [18.2389214, 44.7004774], [18.2388811, 44.7003449], [18.238835, 44.7002356], [18.2387942, 44.7001523], [18.2387569, 44.7000943], [18.2387066, 44.7000505], [18.2386386, 44.6999971], [18.2385368, 44.6999198], [18.2384901, 44.699897], [18.2383824, 44.6998567], [18.2382759, 44.6998222], [18.2381717, 44.6997961], [18.2380676, 44.6997864], [18.2380209, 44.6997843], [18.2378789, 44.6997848], [18.2377653, 44.6998054], [18.2375215, 44.6998706], [18.2373493, 44.6999694], [18.2372369, 44.7000501], [18.2371831, 44.7000909], [18.237073, 44.7001477], [18.2369192, 44.7002154], [18.2367672, 44.7002583], [18.2365642, 44.7003281], [18.2363489, 44.700416], [18.2362057, 44.7004904], [18.2360211, 44.7006002], [18.2358513, 44.7006978], [18.2356939, 44.7008075], [18.2356554, 44.7008382], [18.2355306, 44.7009055], [18.2354572, 44.7009396], [18.2352732, 44.7010031], [18.235201, 44.7010216], [18.2351117, 44.7010212], [18.2350011, 44.7010144], [18.2349141, 44.7010006], [18.2347679, 44.7009686], [18.2346609, 44.7009303], [18.2344733, 44.7008231], [18.2344348, 44.7007533], [18.2344135, 44.7006877], [18.2344005, 44.7006166], [18.2344218, 44.7005245], [18.2344366, 44.700429], [18.234436, 44.7003121], [18.2344295, 44.7001708], [18.2344064, 44.7000884], [18.2343662, 44.6998626], [18.2343354, 44.6997705], [18.2343088, 44.6997175], [18.2341911, 44.6995724], [18.2340816, 44.6994622], [18.2339124, 44.6993625], [18.2337562, 44.6993112], [18.2336805, 44.6992973], [18.2333563, 44.6992982], [18.2332196, 44.6993352], [18.2331143, 44.6993482], [18.232948, 44.6993507], [18.2328362, 44.6993411], [18.2326439, 44.6992973], [18.2324256, 44.6992376], [18.2320108, 44.6991081], [18.2318481, 44.6990761], [18.2317706, 44.6990656], [18.2317251, 44.6990639], [18.2315357, 44.6991245], [18.231347, 44.6991897], [18.2312571, 44.6992263], [18.2310908, 44.6993226], [18.2309541, 44.6994264], [18.230837, 44.6995686], [18.2307654, 44.6996788], [18.2307216, 44.6997906], [18.2306796, 44.6999172], [18.2307092, 44.7000817], [18.2307358, 44.7001914], [18.2308056, 44.7003891], [18.230876, 44.700559], [18.2310228, 44.7007545], [18.2310665, 44.7007907], [18.2310843, 44.700818], [18.2311322, 44.700834], [18.2312594, 44.7009169], [18.2313707, 44.7010128], [18.2313926, 44.701046], [18.2313074, 44.7011911], [18.2312713, 44.7012445], [18.2312068, 44.701297], [18.2311245, 44.7013614], [18.2310281, 44.7014177], [18.2308553, 44.7015031], [18.2306358, 44.7016444], [18.2305335, 44.7017428], [18.2303323, 44.7019173], [18.2301193, 44.7020851], [18.2299353, 44.7022092], [18.2297963, 44.702284], [18.2296744, 44.7023299], [18.2295377, 44.7023686], [18.22943, 44.7023883], [18.2292809, 44.7024056], [18.2291289, 44.7024094], [18.2289597, 44.7023963], [18.2287839, 44.7023799], [18.2285544, 44.7023421], [18.228423, 44.7022946], [18.2283437, 44.7022533], [18.2282633, 44.7022037], [18.2282124, 44.7021596], [18.2281609, 44.7020586], [18.2281313, 44.7019611], [18.22811, 44.7018454], [18.2281094, 44.7017037], [18.228126, 44.701554], [18.2281035, 44.7013601], [18.2280739, 44.7012579], [18.2280219, 44.7011364], [18.2280006, 44.701096], [18.2278686, 44.7009858], [18.2277438, 44.7008958], [18.2276018, 44.7008201], [18.2274225, 44.700739], [18.2272433, 44.7006641], [18.2270344, 44.7006023], [18.226919, 44.70058], [18.226754, 44.7005678], [18.2265398, 44.7005695], [18.2263055, 44.7005708], [18.2258322, 44.7005657], [18.2253316, 44.7006221], [18.2247317, 44.7007478], [18.2246293, 44.7007621], [18.2244725, 44.700781], [18.2242365, 44.7007962], [18.2240519, 44.7007932], [18.2239531, 44.700776], [18.2238395, 44.7007444], [18.2236655, 44.700678], [18.2235466, 44.700601], [18.2234016, 44.7005014], [18.2231998, 44.7003], [18.2231023, 44.7002354], [18.2227807, 44.7000198], [18.2225878, 44.6998417], [18.2222898, 44.6994597], [18.222065, 44.6992545], [18.2215845, 44.699125], [18.2211041, 44.6990846], [18.2207254, 44.699093], [18.2204509, 44.699125], [18.2200013, 44.699199], [18.2195989, 44.6991687], [18.2193765, 44.6991283], [18.2190925, 44.6990038], [18.2188795, 44.6988323], [18.2188321, 44.698627], [18.2188534, 44.6983696], [18.2191138, 44.6980921], [18.2192558, 44.6978229], [18.2192037, 44.69769], [18.2188132, 44.6974982], [18.2176985, 44.6973317], [18.217185, 44.6972829], [18.2167874, 44.6972711], [18.2165625, 44.6973115], [18.2160324, 44.6975336], [18.215623, 44.6979642], [18.2153769, 44.6982485], [18.2151378, 44.6986472], [18.2150597, 44.698881], [18.2148893, 44.6990728], [18.2147426, 44.6991923], [18.2142882, 44.6992579], [18.2139856, 44.6993704], [18.2138928, 44.6995127], [18.2138977, 44.6997036], [18.2139782, 44.6998315], [18.2139924, 44.7000233], [18.2139569, 44.700316], [18.2139309, 44.7005296], [18.213964, 44.7006659], [18.2139498, 44.7008156], [18.2139806, 44.7011318], [18.2139238, 44.7014212], [18.2138551, 44.7016499], [18.2135404, 44.7022269], [18.2134339, 44.70238], [18.2129771, 44.702787], [18.2126718, 44.7030057], [18.212402, 44.7031487], [18.2122009, 44.7032984], [18.2119973, 44.7033758], [18.211763, 44.7034363], [18.2114672, 44.7036786], [18.2110341, 44.7039073], [18.2106507, 44.70402], [18.2100188, 44.7040873], [18.2095739, 44.7041243], [18.2089515, 44.7040705], [18.2085421, 44.7039729], [18.2083622, 44.7038182], [18.2082131, 44.7036281], [18.2080806, 44.703327], [18.2080072, 44.7031167], [18.2078628, 44.7028712], [18.2076711, 44.7026558], [18.2076072, 44.7026172], [18.2073658, 44.7025162], [18.2069043, 44.7024405], [18.206502, 44.702496], [18.2061518, 44.7025919], [18.2056974, 44.7027753], [18.2051767, 44.7029973], [18.2049282, 44.7030612], [18.2045685, 44.7031319], [18.2041685, 44.7032597], [18.2037449, 44.7034633], [18.2033023, 44.7037307], [18.2029734, 44.7040385], [18.202706, 44.7042589], [18.2024953, 44.7044759], [18.202141, 44.7052818], [18.2021735, 44.7059891], [18.2023297, 44.7065624], [18.2026224, 44.706715], [18.2059983, 44.707376], [18.2064537, 44.7077274], [18.2063886, 44.7082914], [18.2057837, 44.7084809], [18.2049082, 44.7082419], [18.2032273, 44.7077829], [18.2022321, 44.7077505], [18.2005278, 44.7080695], [18.1992269, 44.7081019], [18.1981016, 44.7080279], [18.197295, 44.7078337], [18.196625, 44.7073159], [18.1958379, 44.7072928], [18.19522, 44.7074685], [18.1947321, 44.7080371], [18.1945044, 44.7085965], [18.1948492, 44.7089941], [18.1971584, 44.7100897], [18.1973145, 44.7106999], [18.1970283, 44.7117215], [18.196625, 44.7122438], [18.1960526, 44.7126044], [18.1946736, 44.7118186], [18.1944849, 44.7114488], [18.1938995, 44.7113424], [18.1934832, 44.7116059], [18.1932685, 44.711985], [18.1929888, 44.7132146], [18.1930474, 44.7138895], [18.1926506, 44.7151699], [18.1920587, 44.7166167], [18.1912976, 44.7164641], [18.1905626, 44.7162839], [18.1894568, 44.7160204], [18.1883054, 44.7159973], [18.1875834, 44.7162238], [18.1870825, 44.7165566], [18.1869329, 44.7171436], [18.1872712, 44.7176058], [18.1876224, 44.7179386], [18.1875509, 44.7183546], [18.1872647, 44.718766], [18.1865296, 44.7191357], [18.1860613, 44.718974], [18.1838171, 44.7186966], [18.1832837, 44.7188538], [18.181638, 44.7183685], [18.1813063, 44.7181189], [18.1804672, 44.7167692], [18.1805583, 44.7163023], [18.1796931, 44.7154749], [18.1791662, 44.7154981], [18.1788085, 44.7154149], [18.1773319, 44.7161452], [18.1764473, 44.7164826], [18.1758293, 44.7169587], [18.1756927, 44.7180403], [18.1757187, 44.7191912], [18.1752179, 44.7206286], [18.175348, 44.7209429], [18.1758748, 44.7215022], [18.1757512, 44.7219043], [18.1745284, 44.722445], [18.1738649, 44.7231198], [18.1736177, 44.7238639], [18.1734941, 44.7244323], [18.1732469, 44.7247928], [18.1727721, 44.72501], [18.1709637, 44.7243954], [18.1698644, 44.7234988], [18.1686481, 44.7225652], [18.1684281, 44.72207], [18.1677765, 44.7211273], [18.167063, 44.7207732], [18.1660267, 44.7206082], [18.1633965, 44.7203879], [18.1626756, 44.7200158], [18.161431, 44.7200829], [18.1598603, 44.7202049], [18.158899, 44.7204183], [18.1585814, 44.720644], [18.1584956, 44.7209611], [18.1586072, 44.7213941], [18.1592423, 44.7221869], [18.159311, 44.7226138], [18.1588132, 44.7229005], [18.1582725, 44.7228517], [18.1560494, 44.7221808], [18.153114, 44.7204732], [18.1526849, 44.7203208], [18.151921, 44.7203452], [18.1515176, 44.7205891], [18.1514403, 44.7208818], [18.1516034, 44.7211624], [18.1515948, 44.7215893], [18.1512343, 44.722004], [18.1509425, 44.7221443], [18.15017, 44.7220833], [18.1492946, 44.7215771], [18.1484191, 44.7214551], [18.1476638, 44.7216808], [18.1469857, 44.7224553], [18.1459042, 44.7224919], [18.1454493, 44.7221747], [18.1449687, 44.7209733], [18.145209, 44.7200707], [18.1419984, 44.7214177], [18.141535, 44.7217539], [18.139997, 44.723873], [18.1395829, 44.7246716], [18.138592, 44.7256838], [18.1379019, 44.7265944], [18.137399, 44.7273019], [18.1364328, 44.7284437], [18.1361074, 44.729004], [18.1352201, 44.7313085], [18.1346433, 44.732198], [18.1341799, 44.7327759], [18.1336525, 44.733851], [18.1346335, 44.7349961], [18.1358511, 44.7362778], [18.1367138, 44.7372233], [18.1374237, 44.7383298], [18.1381188, 44.7391247], [18.1385674, 44.739804], [18.1390258, 44.7402557], [18.1394448, 44.7409455], [18.1399575, 44.7415653], [18.1413871, 44.7437957], [18.143078, 44.7456269], [18.1444238, 44.7474405], [18.1454876, 44.748743], [18.1454381, 44.749327], [18.1455448, 44.7497539], [18.1454156, 44.7523254], [18.1455596, 44.7532061], [18.1451858, 44.7538001], [18.1451004, 44.7548439], [18.1444816, 44.7560262], [18.1436196, 44.7581279], [18.1426015, 44.7599708], [18.1417998, 44.7619204], [18.1409331, 44.7635651], [18.1408283, 44.7642582], [18.1409447, 44.7646835], [18.1421742, 44.7660684], [18.1427222, 44.7671218], [18.1435043, 44.7677689], [18.1463435, 44.7713166], [18.148089, 44.772393], [18.1514474, 44.7741733], [18.1527616, 44.7750565], [18.1542961, 44.7759811], [18.1568985, 44.7776537], [18.158215, 44.7781383], [18.1589284, 44.7783264], [18.1630743, 44.7784999], [18.1655378, 44.7784122], [18.1689274, 44.7786168], [18.1707898, 44.7787974], [18.1727276, 44.7789487], [18.1735858, 44.7790464], [18.1756844, 44.7798873], [18.1787121, 44.7808284], [18.1834683, 44.7823067], [18.1844269, 44.7826805], [18.1893272, 44.7837137], [18.192015, 44.7844477], [18.1965766, 44.7855445], [18.2013324, 44.7865246], [18.2027003, 44.7869367], [18.2067628, 44.7879647], [18.2072004, 44.7880422], [18.2079241, 44.7881705], [18.2090429, 44.7884662], [18.2100579, 44.7886513], [18.2176516, 44.7903374], [18.2223372, 44.7911293], [18.2237141, 44.7915565], [18.2267333, 44.7921927], [18.2305997, 44.7922247], [18.2357575, 44.792331], [18.2400316, 44.7923901], [18.2411515, 44.7923432], [18.2465167, 44.7907842], [18.2507797, 44.7896329], [18.2540907, 44.7886822], [18.2589095, 44.7874602], [18.2605031, 44.7871689], [18.2614522, 44.7868312], [18.2625369, 44.7865153], [18.2693919, 44.7847579], [18.2708421, 44.7843143], [18.2724832, 44.7839887], [18.2739068, 44.7838135], [18.2751765, 44.7838613], [18.2808138, 44.7833963], [18.2857489, 44.7828758], [18.2907448, 44.7830128], [18.2931682, 44.7829795], [18.2939837, 44.7831688], [18.2961151, 44.7833279], [18.2975156, 44.7835991], [18.3014879, 44.784062], [18.3036601, 44.7842493], [18.3076222, 44.785009], [18.3102811, 44.78526], [18.3147173, 44.7857172], [18.3176629, 44.7862193], [18.3183105, 44.7866916], [18.319233, 44.787438], [18.3198893, 44.7884459], [18.3222436, 44.7901668], [18.3231496, 44.7911012], [18.3233775, 44.7915829], [18.3224813, 44.7929334], [18.3218915, 44.7935849], [18.3200646, 44.7960244], [18.3189807, 44.7979835], [18.3196621, 44.7987406], [18.3211436, 44.800608], [18.322437, 44.8019483], [18.3227497, 44.8026711], [18.3235779, 44.8038266], [18.3238604, 44.8048747], [18.324394, 44.8057706], [18.3255814, 44.8080712], [18.3262084, 44.8084964], [18.3288681, 44.8093102], [18.3310977, 44.8112838], [18.3332513, 44.8130199], [18.3342074, 44.8137183], [18.3368344, 44.8155315], [18.3391111, 44.8171868], [18.3420315, 44.8194598], [18.3428873, 44.8202566], [18.3388507, 44.8247341], [18.3374071, 44.8266409], [18.3374162, 44.8272369], [18.3374349, 44.8284696], [18.3372583, 44.8310702], [18.3370751, 44.8310305], [18.336996, 44.8310306], [18.3369477, 44.8310401], [18.3369067, 44.8310616], [18.3367672, 44.8309271], [18.3367182, 44.8308936], [18.3366946, 44.8308808], [18.3366692, 44.8308705], [18.3366075, 44.8308615], [18.3362971, 44.830855], [18.3358034, 44.8307752], [18.3354594, 44.8307594], [18.3352745, 44.8307594], [18.3351, 44.8307958], [18.3349459, 44.830854], [18.3347919, 44.830905], [18.3346276, 44.8309633], [18.334453, 44.831007], [18.3342682, 44.8310507], [18.3340936, 44.8310871], [18.3339088, 44.8311235], [18.3336726, 44.8311526], [18.333457, 44.831189], [18.3332722, 44.8312109], [18.3330565, 44.8312254], [18.3328717, 44.83124], [18.3326561, 44.8312546], [18.3320399, 44.8312546], [18.3318346, 44.8312473], [18.3316292, 44.8312254], [18.3314341, 44.831189], [18.3312698, 44.8311526], [18.3310952, 44.8310943], [18.3309412, 44.8310361], [18.3307975, 44.8309633], [18.3306434, 44.8308832], [18.3304997, 44.8308031], [18.3303559, 44.8307302], [18.3302224, 44.8306501], [18.3300889, 44.8305773], [18.3299657, 44.8304899], [18.3297193, 44.8303006], [18.329555, 44.8301768], [18.3294523, 44.8300748], [18.3293393, 44.8299874], [18.3290826, 44.8297908], [18.3289286, 44.8297107], [18.3287848, 44.8296451], [18.3286205, 44.8295942], [18.328446, 44.8295359], [18.3282817, 44.8294777], [18.3281071, 44.829434], [18.3279223, 44.829383], [18.326916, 44.8293247], [18.3267414, 44.8293029], [18.3265566, 44.829281], [18.3263512, 44.8292519], [18.3261561, 44.8292228], [18.3259712, 44.8291936], [18.3257453, 44.8291499], [18.325581, 44.8291062], [18.325427, 44.8290334], [18.3253346, 44.8289315], [18.3252627, 44.8288222], [18.3251806, 44.828713], [18.3250882, 44.8286037], [18.3249649, 44.8285091], [18.3248212, 44.8284217], [18.3246569, 44.8283561], [18.3244412, 44.8282906], [18.3242667, 44.8282469], [18.3240921, 44.8282105], [18.3239278, 44.8281741], [18.3237533, 44.8281377], [18.323589, 44.8280794], [18.3234349, 44.8280066], [18.3232912, 44.8279337], [18.3231885, 44.8278391], [18.3231063, 44.8277298], [18.3230447, 44.827606], [18.3229728, 44.8273074], [18.3228599, 44.8272127], [18.3227572, 44.8271035], [18.3226648, 44.8269943], [18.3225826, 44.826885], [18.3224697, 44.8267903], [18.3223259, 44.8267102], [18.3221719, 44.8266374], [18.3220179, 44.8265719], [18.3218433, 44.8265136], [18.3216687, 44.8264699], [18.3214942, 44.826448], [18.3213196, 44.8264553], [18.3211656, 44.8265136], [18.3210013, 44.8265791], [18.3208267, 44.8266301], [18.3206624, 44.8266811], [18.3205084, 44.8267466], [18.3203338, 44.8268122], [18.3201901, 44.8268777], [18.3200155, 44.8269433], [18.3198615, 44.8270234], [18.3197485, 44.8271326], [18.3196664, 44.8272419], [18.3195637, 44.8273438], [18.3194405, 44.8274531], [18.3193275, 44.827555], [18.319194, 44.8276424], [18.3190605, 44.8277371], [18.3189065, 44.8278099], [18.3187525, 44.8278682], [18.3185882, 44.8279265], [18.3184342, 44.8279774], [18.3182801, 44.828043], [18.3181466, 44.8281304], [18.3180337, 44.8282396], [18.3179105, 44.8283416], [18.3177667, 44.8284362], [18.3175921, 44.8285018], [18.3168015, 44.8286547], [18.3165653, 44.8286693], [18.3163599, 44.8286693], [18.3161751, 44.8286839], [18.3159697, 44.8287275], [18.3157952, 44.8287712], [18.3155795, 44.8288222], [18.3153947, 44.8288514], [18.3148607, 44.8288732], [18.3146759, 44.8288732], [18.3144911, 44.8288805], [18.314296, 44.8289023], [18.3141214, 44.8289387], [18.3139057, 44.828997], [18.3137312, 44.829048], [18.3135566, 44.8290917], [18.3133821, 44.8291281], [18.3131561, 44.8291864], [18.3129713, 44.8292228], [18.3127967, 44.8292592], [18.3126325, 44.8292956], [18.3124579, 44.8293466], [18.3121293, 44.8294558], [18.3119753, 44.8295141], [18.311811, 44.8295796], [18.3116569, 44.8296379], [18.3115235, 44.829718], [18.3112565, 44.8299073], [18.3111024, 44.8299801], [18.3109484, 44.8300384], [18.3107841, 44.8300894], [18.3106301, 44.8301476], [18.3104658, 44.8302423], [18.3103323, 44.830337], [18.310168, 44.8304098], [18.3099934, 44.8304681], [18.3093876, 44.8306938], [18.309213, 44.8307375], [18.3090179, 44.8307594], [18.3088434, 44.8307739], [18.3086688, 44.8307812], [18.308484, 44.8308031], [18.3083094, 44.830854], [18.3081554, 44.8309196], [18.3079911, 44.8309778], [18.3078268, 44.8310434], [18.3076728, 44.8311016], [18.3075085, 44.8311599], [18.3073339, 44.8312109], [18.3071491, 44.8312473], [18.306995, 44.8312983], [18.3068513, 44.8313711], [18.306687, 44.8314366], [18.3064713, 44.8314657], [18.3057115, 44.8314657], [18.3055369, 44.8314585], [18.3053623, 44.831422], [18.305198, 44.8313492], [18.3050543, 44.8312764], [18.3049003, 44.8312036], [18.3045922, 44.8310725], [18.3044279, 44.8310361], [18.3042533, 44.831007], [18.3040788, 44.8309997], [18.3039042, 44.8309997], [18.3037194, 44.831007], [18.3033703, 44.8311089], [18.303206, 44.8311672], [18.3028774, 44.8312983], [18.3027131, 44.8313492], [18.3025385, 44.8314148], [18.3023742, 44.8314585], [18.3022202, 44.8315094], [18.3020456, 44.8315895], [18.3019019, 44.8316624], [18.3017581, 44.8317279], [18.3015938, 44.8317862], [18.3014398, 44.8318517], [18.3013576, 44.8319682], [18.3013165, 44.832092], [18.3012652, 44.8322158], [18.301142, 44.8325435], [18.3010188, 44.8326455], [18.3008647, 44.8327474], [18.3006902, 44.8328202], [18.3005464, 44.832893], [18.3003924, 44.8329513], [18.3002281, 44.8330168], [18.3000741, 44.8330751], [18.299879, 44.8331261], [18.2997147, 44.8331843], [18.2995504, 44.833228], [18.2993245, 44.8332936], [18.2991294, 44.8333445], [18.2989548, 44.8333882], [18.298811, 44.8334538], [18.2987186, 44.833563], [18.2985441, 44.8335703], [18.2983489, 44.8341383], [18.2982873, 44.8342548], [18.2982052, 44.8343713], [18.2981436, 44.8345024], [18.298123, 44.8346407], [18.298123, 44.8349029], [18.2981641, 44.8354053], [18.2970448, 44.8342766], [18.2963055, 44.8337086], [18.2960899, 44.8337596], [18.2959358, 44.8335339], [18.2954738, 44.8333664], [18.2951657, 44.8332353], [18.2950322, 44.8331479], [18.2948987, 44.8330678], [18.2947447, 44.8330168], [18.2945804, 44.8329877], [18.2944058, 44.8329659], [18.2942313, 44.8329367], [18.2940464, 44.8329149], [18.2938821, 44.8328858], [18.2937076, 44.8328494], [18.2935433, 44.8327984], [18.2933995, 44.8327401], [18.2932763, 44.83266], [18.2931531, 44.8325581], [18.2930607, 44.8324561], [18.2929785, 44.8323469], [18.2928758, 44.8322449], [18.2927731, 44.8321357], [18.2926499, 44.832041], [18.2925267, 44.8319537], [18.2923932, 44.8318663], [18.2922495, 44.8317862], [18.2920954, 44.8317061], [18.2919619, 44.8316332], [18.2918284, 44.8315458], [18.2916744, 44.8314585], [18.2915204, 44.8313856], [18.2913664, 44.8313274], [18.2912226, 44.8312837], [18.2910788, 44.8312109], [18.2909248, 44.8311526], [18.2907502, 44.8311162], [18.2905449, 44.8311162], [18.29036, 44.8311599], [18.2901855, 44.8312036], [18.2900109, 44.8312254], [18.2898261, 44.8312036], [18.2896564, 44.8311735], [18.2894604, 44.8311584], [18.2889533, 44.8311308], [18.2885836, 44.8311308], [18.2883885, 44.8311089], [18.2881934, 44.8310798], [18.2879572, 44.8310579], [18.2877621, 44.8310215], [18.287567, 44.8309778], [18.2873719, 44.8309196], [18.2872179, 44.8308686], [18.2870639, 44.8307885], [18.2869201, 44.8307157], [18.2867763, 44.8306356], [18.2866428, 44.8305409], [18.2864991, 44.8304535], [18.2863625, 44.8303854], [18.2862106, 44.8303156], [18.2860955, 44.8302415], [18.285941, 44.8301519], [18.2858084, 44.8300721], [18.285633, 44.8299592], [18.2854892, 44.8298848], [18.2853668, 44.8298133], [18.2852053, 44.8297471], [18.2850307, 44.8296888], [18.2848561, 44.8296524], [18.2846713, 44.8296233], [18.2844659, 44.8296015], [18.2842297, 44.829565], [18.2840552, 44.8295286], [18.2838601, 44.8294704], [18.2836958, 44.8294267], [18.283552, 44.8293684], [18.283398, 44.8293029], [18.2832542, 44.82923], [18.2827716, 44.8290765], [18.2825944, 44.8290455], [18.2824171, 44.8290366], [18.281876, 44.8290652], [18.2817208, 44.8290801], [18.2814112, 44.8290246], [18.2812827, 44.8290334], [18.2811081, 44.8290553], [18.2809336, 44.8290844], [18.2805844, 44.8291572], [18.2804304, 44.8292155], [18.2802456, 44.8292737], [18.2800915, 44.8293247], [18.2799375, 44.8293903], [18.2796295, 44.8295505], [18.2794857, 44.8296233], [18.2793214, 44.8296961], [18.2791674, 44.8297762], [18.2790236, 44.8298636], [18.2788593, 44.8299874], [18.2787361, 44.8301039], [18.2786026, 44.8302059], [18.2783767, 44.8304098], [18.2782637, 44.830519], [18.2781713, 44.8306356], [18.2780994, 44.8307448], [18.278007, 44.8308613], [18.2778941, 44.8309633], [18.2777811, 44.8310579], [18.2776271, 44.8311526], [18.2774731, 44.8312181], [18.2772981, 44.8312643], [18.2771472, 44.831277], [18.2770061, 44.8312938], [18.276828, 44.8313033], [18.276619, 44.8312992], [18.2764359, 44.831291], [18.2762511, 44.83124], [18.2760878, 44.8311976], [18.275889, 44.8311624], [18.2752082, 44.8311576], [18.2749711, 44.8311637], [18.2744849, 44.8311963], [18.2743001, 44.831189], [18.2741153, 44.831189], [18.2739202, 44.8312109], [18.2737148, 44.83124], [18.2735402, 44.8312764], [18.2733554, 44.8313419], [18.2732014, 44.8314075], [18.2730473, 44.8314803], [18.2729036, 44.8315604], [18.2727495, 44.8316114], [18.2725647, 44.8316842], [18.2723799, 44.8317498], [18.2721848, 44.8317934], [18.2719999, 44.8318371], [18.2718151, 44.8318517], [18.2716303, 44.8318517], [18.2714865, 44.8317789], [18.271353, 44.8316988], [18.2711785, 44.8316769], [18.2710039, 44.8316915], [18.2708347, 44.8317165], [18.2706445, 44.8317279], [18.2704597, 44.8317133], [18.2691042, 44.8315531], [18.2689194, 44.8315531], [18.2687448, 44.8315604], [18.26856, 44.831575], [18.2683854, 44.8316187], [18.2682211, 44.8316696], [18.2680568, 44.8317352], [18.2673334, 44.8321338], [18.2666375, 44.8326062], [18.2664423, 44.8326929], [18.2662324, 44.8327895], [18.2661016, 44.832901], [18.2659981, 44.8330117], [18.2658503, 44.8331071], [18.2656994, 44.8331729], [18.2655668, 44.833234], [18.2653976, 44.8332898], [18.2652535, 44.8333373], [18.265079, 44.8333664], [18.2649044, 44.8333809], [18.2647298, 44.8333882], [18.264545, 44.8334101], [18.2643602, 44.8334465], [18.2641753, 44.8334975], [18.2640213, 44.8335776], [18.2626043, 44.8345388], [18.2624913, 44.8346334], [18.2623783, 44.8347427], [18.262173, 44.8349611], [18.2620703, 44.8350631], [18.2619573, 44.8351577], [18.2618444, 44.8352597], [18.2617109, 44.8353471], [18.2615569, 44.8354344], [18.2614131, 44.8355145], [18.2612693, 44.8356019], [18.2611256, 44.8357039], [18.2610024, 44.8358058], [18.2608791, 44.8358932], [18.2607148, 44.8359733], [18.2602117, 44.8362646], [18.2600679, 44.8363374], [18.2599139, 44.8364102], [18.2595853, 44.8365121], [18.2594107, 44.8365558], [18.2592156, 44.8365922], [18.2590616, 44.836665], [18.2589384, 44.836767], [18.2588254, 44.8368689], [18.2587228, 44.8369854], [18.2586303, 44.8371165], [18.2585585, 44.8372403], [18.2584763, 44.8373568], [18.2584044, 44.8374733], [18.2583223, 44.8375898], [18.2582401, 44.8377136], [18.2581477, 44.8378228], [18.258045, 44.8379247], [18.2579218, 44.8380267], [18.2577781, 44.8381068], [18.2576138, 44.8381723], [18.2574597, 44.8382306], [18.2572954, 44.8382888], [18.2571209, 44.8383544], [18.2569668, 44.8384053], [18.2568025, 44.8384636], [18.2566485, 44.8385364], [18.2565048, 44.8386092], [18.2564076, 44.8387098], [18.2562576, 44.8388019], [18.2560003, 44.8389437], [18.2558427, 44.839014], [18.255627, 44.8391581], [18.255406, 44.8393592], [18.2552725, 44.8394538], [18.255139, 44.8395558], [18.2550364, 44.8396577], [18.2549077, 44.8397685], [18.2547917, 44.8398457], [18.2546126, 44.8399458], [18.2544232, 44.8400541], [18.2541463, 44.8401367], [18.2538823, 44.8402353], [18.2535251, 44.8403896], [18.2534037, 44.8404441], [18.2532599, 44.8405096], [18.2528902, 44.8406479], [18.2527157, 44.8406843], [18.2525308, 44.8406916], [18.2519969, 44.8406916], [18.2518018, 44.8406989], [18.2516067, 44.8407208], [18.251237, 44.8407936], [18.2510727, 44.8408373], [18.2508673, 44.8409101], [18.2506722, 44.8409465], [18.2504874, 44.8409829], [18.2503026, 44.8410338], [18.2501075, 44.8410994], [18.2499534, 44.8411722], [18.24982, 44.8412596], [18.2496351, 44.8413396], [18.2492655, 44.8415654], [18.2489985, 44.8417255], [18.2488342, 44.8418202], [18.2486904, 44.841893], [18.2485775, 44.8419877], [18.2484748, 44.8420969], [18.2483618, 44.8422643], [18.2483002, 44.8423808], [18.2482489, 44.8425119], [18.2482181, 44.8426429], [18.248177, 44.842774], [18.2481051, 44.8428905], [18.2479716, 44.8430288], [18.2478381, 44.8431235], [18.2477046, 44.8432108], [18.2475814, 44.84332], [18.2474993, 44.8434293], [18.2474274, 44.843553], [18.2473247, 44.8436695], [18.2469961, 44.8438443], [18.2468421, 44.8439098], [18.2466778, 44.8440044], [18.2465751, 44.8441136], [18.246493, 44.8442374], [18.2464108, 44.8443539], [18.2462925, 44.8444125], [18.2461259, 44.8444884], [18.2458781, 44.8446026], [18.2455303, 44.8448012], [18.2452736, 44.8449797], [18.2451688, 44.8450842], [18.2450549, 44.8451892], [18.244929, 44.8452728], [18.2447772, 44.8453463], [18.244587, 44.8454038], [18.2443995, 44.8454488], [18.2442146, 44.8454757], [18.2440285, 44.8454897], [18.243854, 44.8455042], [18.2436486, 44.8455334], [18.2434535, 44.8455698], [18.2432276, 44.8456062], [18.2430325, 44.8456353], [18.2425209, 44.8457026], [18.2423083, 44.8457191], [18.2419337, 44.8457372], [18.2417489, 44.8457518], [18.2415435, 44.8457663], [18.241369, 44.8457736], [18.2411841, 44.8457736], [18.2410198, 44.8457372], [18.2408453, 44.8457081], [18.240681, 44.8456644], [18.2404961, 44.845628], [18.2403216, 44.8455989], [18.240147, 44.845577], [18.2399622, 44.8455698], [18.2394077, 44.8455698], [18.239038, 44.8456134], [18.2388635, 44.845628], [18.2386478, 44.8456717], [18.2384116, 44.8457008], [18.2382268, 44.8457372], [18.2380214, 44.8457663], [18.2378571, 44.8458173], [18.2376928, 44.845861], [18.2375183, 44.8459047], [18.2373437, 44.8459556], [18.2371794, 44.8460139], [18.2370049, 44.8460794], [18.2368406, 44.8461522], [18.2366763, 44.8462396], [18.2365428, 44.8463342], [18.2364504, 44.8464434], [18.2363682, 44.8465672], [18.2362655, 44.8466909], [18.2361834, 44.8468001], [18.2360601, 44.847055], [18.2359985, 44.847186], [18.2359369, 44.8473243], [18.2358856, 44.8474554], [18.2357395, 44.8477176], [18.2357743, 44.848133], [18.2356316, 44.8487196], [18.2351455, 44.849651], [18.2348066, 44.8505485], [18.23342, 44.8528679], [18.2325369, 44.854251], [18.2322484, 44.8544554], [18.2320176, 44.854651], [18.2317595, 44.8548915], [18.2315306, 44.8550226], [18.2312225, 44.855139], [18.2308529, 44.8551973], [18.2304832, 44.8551973], [18.2298238, 44.8551793], [18.2294153, 44.8551099], [18.2290456, 44.8550808], [18.2287375, 44.8549498], [18.2284295, 44.8548333], [18.2281214, 44.8547023], [18.2278134, 44.8545567], [18.2275053, 44.8544402], [18.2265195, 44.8541345], [18.2261499, 44.8540035], [18.2258173, 44.8538845], [18.2255132, 44.8537996], [18.225123, 44.853756], [18.2247739, 44.8538288], [18.2244864, 44.8539598], [18.2241783, 44.8540908], [18.2238074, 44.8542673], [18.2236114, 44.8543239], [18.2234081, 44.8543445], [18.2232628, 44.8543496], [18.2231321, 44.8543342], [18.2230232, 44.8542982], [18.2229216, 44.8542519], [18.2228199, 44.8542055], [18.2227183, 44.8541592], [18.2225876, 44.8541283], [18.2224424, 44.8541232], [18.2222826, 44.8541386], [18.2220503, 44.8541232], [18.2219268, 44.8540974], [18.2217961, 44.8540717], [18.221542, 44.8540099], [18.221404, 44.8539842], [18.2212733, 44.8539739], [18.2211354, 44.8539842], [18.2210265, 44.8540357], [18.2209539, 44.8541077], [18.2206938, 44.8542551], [18.2206168, 44.8542842], [18.2205346, 44.8543024], [18.2204473, 44.8543206], [18.2203601, 44.8543424], [18.2202676, 44.8543606], [18.2201752, 44.8543861], [18.2201033, 44.8544261], [18.2200417, 44.8544735], [18.2199853, 44.8545281], [18.2199134, 44.8545645], [18.2198261, 44.8545899], [18.2197337, 44.8545972], [18.2196259, 44.8545863], [18.2195386, 44.8545717], [18.219441, 44.8545572], [18.2193537, 44.8545353], [18.2192562, 44.8545135], [18.2191689, 44.8544953], [18.2190714, 44.854488], [18.2189789, 44.854488], [18.2188865, 44.8544917], [18.2187992, 44.8545099], [18.2186914, 44.854539], [18.2186144, 44.8545645], [18.218522, 44.8545899], [18.2183474, 44.8546263], [18.2181677, 44.8546482], [18.218065, 44.8546591], [18.2179675, 44.8546664], [18.2178802, 44.85467], [18.2177878, 44.8546773], [18.2177005, 44.8546882], [18.2175978, 44.8546955], [18.2175054, 44.8547064], [18.2174181, 44.8547137], [18.2173206, 44.8547137], [18.2172282, 44.8546918], [18.2171357, 44.8546736], [18.2170536, 44.8546518], [18.2169458, 44.8546336], [18.216838, 44.8546227], [18.2167353, 44.8546154], [18.2166428, 44.8546154], [18.2165402, 44.85463], [18.2164529, 44.8546554], [18.2163964, 44.8547028], [18.2163451, 44.8547574], [18.2162886, 44.854812], [18.2161962, 44.8548301], [18.2160935, 44.8548338], [18.2160011, 44.8548338], [18.2159035, 44.8548374], [18.2158162, 44.8548374], [18.2155493, 44.8547974], [18.2153131, 44.8547828], [18.2151385, 44.8547828], [18.2148202, 44.8547901], [18.2146148, 44.8548265], [18.21443, 44.8548629], [18.214276, 44.8549211], [18.2140706, 44.8549575], [18.2138549, 44.8549648], [18.2136701, 44.8549648], [18.2125976, 44.8548928], [18.2122074, 44.8548928], [18.2118377, 44.8548491], [18.2114886, 44.8547908], [18.2110984, 44.8547181], [18.2107698, 44.8546453], [18.2104206, 44.8545725], [18.210092, 44.8544851], [18.2097224, 44.8543832], [18.2093938, 44.8542813], [18.2090652, 44.8541503], [18.2087571, 44.8540338], [18.2084491, 44.8539319], [18.207833, 44.8536989], [18.2074633, 44.8536553], [18.2070936, 44.8536698], [18.2067034, 44.8537281], [18.2063543, 44.8538154], [18.2059846, 44.8538736], [18.2056355, 44.8539173], [18.2052864, 44.8539173], [18.2049783, 44.8537863], [18.2046908, 44.8536407], [18.2043622, 44.8535242], [18.2040131, 44.8534223], [18.2036434, 44.8533786], [18.2032943, 44.8533932], [18.2029452, 44.8534806], [18.2025755, 44.8535388], [18.2021853, 44.8535533], [18.2010763, 44.8535533], [18.2007066, 44.8535388], [18.2003164, 44.853466], [18.1999673, 44.8533495], [18.1996387, 44.8532622], [18.1994128, 44.853466], [18.1993306, 44.8537135], [18.1993306, 44.8539901], [18.1993101, 44.8542522], [18.1992896, 44.8544997], [18.1992896, 44.8547326], [18.1979547, 44.8551111], [18.1975645, 44.8551548], [18.1972359, 44.8552276], [18.1968662, 44.8553295], [18.1965376, 44.855446], [18.1961885, 44.8555479], [18.1958599, 44.8556498], [18.1956956, 44.8559118], [18.1954286, 44.8561011], [18.1950795, 44.8561302], [18.1946687, 44.8561302], [18.1942991, 44.8561157], [18.1939705, 44.8560574], [18.1936624, 44.8559701], [18.1933338, 44.8558391], [18.1930052, 44.8557371], [18.1926972, 44.8556061], [18.1924097, 44.8554751], [18.1916087, 44.854951], [18.1913212, 44.8547908], [18.1910131, 44.8546453], [18.1906846, 44.8545433], [18.1900274, 44.8543978], [18.1896577, 44.8543395], [18.189288, 44.8542958], [18.1889184, 44.8542667], [18.1881996, 44.8542667], [18.1878299, 44.8543104], [18.1874397, 44.8543541], [18.18707, 44.8544123], [18.1867209, 44.8544997], [18.1863102, 44.8545725], [18.1859816, 44.8546889], [18.1856119, 44.8548054], [18.1852422, 44.8548928], [18.1844824, 44.8551839], [18.1842359, 44.8553877], [18.1839689, 44.855577], [18.1836814, 44.8557663], [18.183435, 44.8559701], [18.1832091, 44.8561739], [18.1829832, 44.8563923], [18.1827367, 44.8566252], [18.1824697, 44.856829], [18.1822438, 44.8570474], [18.1816277, 44.8577025], [18.1814429, 44.8579063], [18.181217, 44.8581247], [18.1809911, 44.8583285], [18.1807446, 44.8585468], [18.1804982, 44.8587507], [18.1801285, 44.8587507], [18.1797999, 44.8586488], [18.1795535, 44.8585468], [18.1791838, 44.8585032], [18.1788347, 44.8584886], [18.178465, 44.8585177], [18.1781159, 44.8586633], [18.1780165, 44.8588042], [18.1777873, 44.8591292], [18.1776025, 44.859333], [18.1774176, 44.8595513], [18.1772533, 44.8597842], [18.1771507, 44.8600172], [18.1770274, 44.8602501], [18.1768426, 44.860483], [18.176514, 44.8605703], [18.1761033, 44.8606431], [18.1752612, 44.8608324], [18.1749121, 44.8609343], [18.1745219, 44.8610216], [18.1741933, 44.8611381], [18.1738647, 44.86124], [18.1735361, 44.8613564], [18.173187, 44.8614874], [18.172879, 44.8616184], [18.1725504, 44.861764], [18.1722834, 44.8619678], [18.1720575, 44.8621862], [18.1718521, 44.8624191], [18.1716467, 44.8626229], [18.1713797, 44.8627975], [18.1710717, 44.8629285], [18.170702, 44.8630013], [18.1702297, 44.8630304], [18.1698395, 44.8630304], [18.1694493, 44.8630159], [18.1668821, 44.8648063], [18.1649722, 44.8662473], [18.1645615, 44.866422], [18.1643984, 44.8668821], [18.1643984, 44.8670004], [18.1643911, 44.8671188], [18.1643839, 44.8672063], [18.1643839, 44.8673092], [18.1643911, 44.8673967], [18.1644347, 44.8674842], [18.1644855, 44.8675614], [18.1645364, 44.8676488], [18.1645872, 44.8677312], [18.164555, 44.8678883], [18.164519, 44.8679538], [18.1644574, 44.8680011], [18.1643496, 44.8680629], [18.1642829, 44.8681066], [18.1642007, 44.868143], [18.1641237, 44.868183], [18.1640416, 44.8682049], [18.1639543, 44.8682049], [18.1638721, 44.868183], [18.1638413, 44.8681175], [18.1638311, 44.8680557], [18.1638311, 44.8677136], [18.1638259, 44.8676372], [18.1638259, 44.8675753], [18.1631585, 44.8675753], [18.1628915, 44.8678992], [18.1624191, 44.8683686], [18.1617825, 44.8687179], [18.1614077, 44.8690636], [18.161074, 44.8692201], [18.1604681, 44.8693583], [18.1603038, 44.8693583], [18.160273, 44.86906], [18.1594926, 44.8688744], [18.1595645, 44.8691473], [18.1593848, 44.8696385], [18.1589227, 44.8696349], [18.1582039, 44.8696931], [18.1578086, 44.869573], [18.1573516, 44.8698387], [18.1572027, 44.8698568], [18.1571155, 44.8698714], [18.1568536, 44.8699587], [18.1567561, 44.8699769], [18.1566636, 44.8699878], [18.1565712, 44.8699915], [18.1564839, 44.8699806], [18.1563094, 44.8699442], [18.1561964, 44.8699333], [18.1561091, 44.869926], [18.1558319, 44.869926], [18.1557241, 44.8699333], [18.1556368, 44.8699478], [18.1555444, 44.8699551], [18.1554468, 44.8699696], [18.1553287, 44.8696385], [18.1555546, 44.8693074], [18.1556162, 44.8690309], [18.1556214, 44.8688016], [18.1553287, 44.8689508], [18.1547999, 44.8691255], [18.154343, 44.8693656], [18.1546305, 44.8697586], [18.1542659, 44.8700279], [18.1540811, 44.8701297], [18.1540041, 44.870097], [18.1539373, 44.870057], [18.1538039, 44.8701952], [18.1534085, 44.8703226], [18.1532904, 44.8704099], [18.1531877, 44.8704099], [18.1530748, 44.8704136], [18.1530029, 44.8704427], [18.1529464, 44.87049], [18.1546818, 44.8710212], [18.1542197, 44.8714069], [18.1541119, 44.8714142], [18.1540246, 44.871396], [18.1539373, 44.8713814], [18.1538603, 44.8713487], [18.1537833, 44.8713123], [18.153732, 44.871265], [18.1536806, 44.8712141], [18.1534342, 44.8711413], [18.1530337, 44.8709885], [18.1526076, 44.8707883], [18.152433, 44.8706901], [18.1517553, 44.8705154], [18.1511802, 44.8702935], [18.1509389, 44.8704463], [18.1508671, 44.8704936], [18.1507028, 44.8705627], [18.1506155, 44.8705846], [18.1505231, 44.8705991], [18.1504255, 44.8706028], [18.150328, 44.8706028], [18.1502355, 44.8706064], [18.1501483, 44.8706064], [18.1499634, 44.8706137], [18.1498659, 44.8706137], [18.1497786, 44.8706101], [18.1496862, 44.8706028], [18.149604, 44.8705809], [18.1494603, 44.8705664], [18.149373, 44.8705482], [18.1494192, 44.8708793], [18.1494397, 44.8709484], [18.1494757, 44.871003], [18.1495476, 44.8711195], [18.1495835, 44.871174], [18.1496194, 44.8712323], [18.1496605, 44.8712905], [18.1497067, 44.8713487], [18.1497581, 44.8713996], [18.1498145, 44.8714506], [18.1498659, 44.8715052], [18.1499224, 44.8715597], [18.1499737, 44.871607], [18.1500353, 44.8716543], [18.1501021, 44.8716944], [18.1501688, 44.8717307], [18.1502355, 44.871778], [18.1503793, 44.8718581], [18.1504461, 44.8718908], [18.1505179, 44.8719345], [18.1505795, 44.8719818], [18.1506309, 44.8720364], [18.1506668, 44.872091], [18.1506822, 44.8721601], [18.1506925, 44.8722256], [18.1507233, 44.8724694], [18.1507336, 44.8725312], [18.150749, 44.8727277], [18.1507644, 44.8727932], [18.1508003, 44.8728587], [18.1508363, 44.8729133], [18.1509543, 44.8730115], [18.1510108, 44.8730625], [18.1510622, 44.8731134], [18.1511802, 44.8732116], [18.151247, 44.8732517], [18.1513189, 44.8732917], [18.1513959, 44.8733171], [18.151478, 44.8733426], [18.1515551, 44.8733681], [18.1516372, 44.8733899], [18.1518169, 44.8734299], [18.1519093, 44.8734445], [18.1519966, 44.8734554], [18.1522944, 44.8734991], [18.1523765, 44.8735173], [18.1524587, 44.8735464], [18.1525254, 44.8735828], [18.1525922, 44.8736301], [18.1526486, 44.873681], [18.1527051, 44.8737356], [18.1527513, 44.8737938], [18.1527975, 44.8738447], [18.1526743, 44.8741249], [18.1524381, 44.8740376], [18.1523406, 44.8740266], [18.1522533, 44.8740412], [18.1521712, 44.8740594], [18.1519761, 44.8740667], [18.1518939, 44.8740921], [18.1518426, 44.8741431], [18.151822, 44.8742122], [18.151822, 44.8742741], [18.1501688, 44.8743796], [18.1498864, 44.8737247], [18.1490085, 44.8742195], [18.1493319, 44.8744851], [18.1488288, 44.8752928], [18.1487774, 44.8753438], [18.1487107, 44.8753874], [18.1486234, 44.8754092], [18.1484334, 44.8754238], [18.1483307, 44.8754165], [18.1482383, 44.8754129], [18.1476941, 44.8755621], [18.1464773, 44.8757585], [18.14639, 44.8757694], [18.1461076, 44.8757804], [18.1460152, 44.8757804], [18.1459176, 44.8757949], [18.1458304, 44.8758131], [18.1457431, 44.8758277], [18.1456507, 44.8758386], [18.1454658, 44.8758677], [18.1453734, 44.8758749], [18.1453426, 44.8757658], [18.145281, 44.8757258], [18.1449421, 44.8758531], [18.1445006, 44.8762424], [18.1443825, 44.8761515], [18.1443055, 44.8761187], [18.1442182, 44.8761042], [18.1441309, 44.8760932], [18.1440385, 44.8760896], [18.1438639, 44.8760751], [18.1437715, 44.8760714], [18.1436842, 44.8760714], [18.1436072, 44.8763225], [18.1435199, 44.8764753], [18.1434429, 44.8769773], [18.1429936, 44.8776561], [18.1427882, 44.877889], [18.1425623, 44.8780782], [18.1422337, 44.8783255], [18.1419872, 44.8785147], [18.1416997, 44.8787039], [18.1413917, 44.878864], [18.1411452, 44.8790386], [18.1410425, 44.879286], [18.1410425, 44.8797954], [18.1410015, 44.8800718], [18.1408988, 44.8803338], [18.1407756, 44.8805666], [18.1407345, 44.880814], [18.1407961, 44.8810614], [18.1409398, 44.8812942], [18.1411041, 44.881527], [18.1412479, 44.8817599], [18.1413506, 44.8820073], [18.1412815, 44.8822103], [18.1412234, 44.8821176], [18.141102, 44.8823141], [18.1409993, 44.8824232], [18.1408144, 44.882496], [18.1406399, 44.8825469], [18.1403113, 44.8826561], [18.1401675, 44.8827361], [18.140034, 44.8828307], [18.1399313, 44.8829471], [18.1398184, 44.8830489], [18.1396644, 44.8831435], [18.1395206, 44.8832236], [18.1393358, 44.8832527], [18.1391612, 44.8832163], [18.1390174, 44.8831508], [18.1388429, 44.8830926], [18.1386683, 44.8830781], [18.1384938, 44.8830781], [18.1383192, 44.8830999], [18.1381446, 44.883129], [18.1379598, 44.8831435], [18.137775, 44.8831799], [18.1375901, 44.883209], [18.1374258, 44.8832527], [18.1372821, 44.8833181], [18.1371383, 44.8833982], [18.1370048, 44.8834855], [18.1368611, 44.8835655], [18.136553, 44.8837256], [18.1363887, 44.8837838], [18.1362141, 44.8838347], [18.1360396, 44.8838929], [18.1358753, 44.8839439], [18.135711, 44.8840166], [18.135557, 44.8840894], [18.1354132, 44.884184], [18.1353208, 44.8842931], [18.1352489, 44.884424], [18.1351976, 44.8845477], [18.1351565, 44.8846787], [18.1351462, 44.8848096], [18.1351873, 44.8849333], [18.1352797, 44.8850352], [18.1356699, 44.8854863], [18.1357829, 44.8855881], [18.1358753, 44.88569], [18.1359369, 44.8858064], [18.1359472, 44.8860101], [18.1359472, 44.8861338], [18.1359882, 44.8862575], [18.1361525, 44.8863884], [18.1362963, 44.8864612], [18.1364195, 44.886563], [18.1365325, 44.8866794], [18.1366352, 44.8867886], [18.1367994, 44.8870068], [18.1368816, 44.8871232], [18.1369637, 44.8872469], [18.1370254, 44.8873633], [18.1370664, 44.8874943], [18.137087, 44.8876252], [18.137087, 44.8877562], [18.1370767, 44.8878798], [18.1370972, 44.8881417], [18.1350435, 44.888229], [18.1332979, 44.8884982], [18.1331131, 44.8885346], [18.1329488, 44.8885782], [18.1327639, 44.8886219], [18.1325996, 44.8886655], [18.1324148, 44.8886655], [18.1322402, 44.888651], [18.1318603, 44.888651], [18.1316857, 44.8886728], [18.1315112, 44.8887165], [18.1313366, 44.8886946], [18.1312134, 44.8886146], [18.1310696, 44.8885491], [18.1308745, 44.8885346], [18.1303097, 44.8885346], [18.1301352, 44.88852], [18.1297758, 44.8885055], [18.1295807, 44.8885055], [18.1293856, 44.8884982], [18.129211, 44.8884982], [18.1290262, 44.8885491], [18.1288516, 44.8885855], [18.1286565, 44.8886073], [18.128482, 44.8886219], [18.1283074, 44.8886292], [18.1281328, 44.8886437], [18.1279583, 44.8886146], [18.127835, 44.88852], [18.1276399, 44.8884982], [18.1274551, 44.8884982], [18.1273832, 44.8883964], [18.1272497, 44.8883091], [18.126993, 44.8882849], [18.1269494, 44.8882758], [18.1269058, 44.8882631], [18.1268647, 44.8882503], [18.1268236, 44.8882376], [18.1267902, 44.8882158], [18.126762, 44.8881921], [18.1267363, 44.8881649], [18.1266876, 44.8881121], [18.1266491, 44.8880957], [18.1266003, 44.8880939], [18.1265566, 44.8881048], [18.1265181, 44.8881248], [18.1264848, 44.8881521], [18.1264565, 44.8881776], [18.1264206, 44.8881958], [18.1263718, 44.8882049], [18.1262717, 44.8882049], [18.1258661, 44.8881721], [18.1258224, 44.8881649], [18.1257788, 44.8881594], [18.1257352, 44.8881503], [18.1256864, 44.888143], [18.1255863, 44.8881358], [18.1255401, 44.8881339], [18.1254476, 44.8881267], [18.1254091, 44.8881103], [18.1253732, 44.8880885], [18.1253475, 44.888063], [18.1253039, 44.8880048], [18.1252782, 44.8879775], [18.1252577, 44.8879502], [18.1252166, 44.8879357], [18.1251704, 44.8879339], [18.1251319, 44.8879502], [18.1251062, 44.8879757], [18.1250857, 44.8880048], [18.12506, 44.8880303], [18.1250112, 44.8880867], [18.1249856, 44.8881139], [18.1249547, 44.8881394], [18.1249265, 44.8881667], [18.124888, 44.888183], [18.1248418, 44.8881867], [18.1247982, 44.8881867], [18.1247519, 44.8881885], [18.1247057, 44.8881903], [18.1246621, 44.8881994], [18.1246287, 44.8882231], [18.1246005, 44.8882503], [18.1245825, 44.8882794], [18.1245645, 44.8883067], [18.1245286, 44.8883249], [18.1244388, 44.8883395], [18.1243951, 44.8883504], [18.1243566, 44.8883667], [18.1243232, 44.8883904], [18.1243027, 44.8884177], [18.1243001, 44.8884522], [18.1243104, 44.8884868], [18.1243284, 44.8885177], [18.1243386, 44.8885523], [18.1243258, 44.888585], [18.1242796, 44.8885941], [18.1242334, 44.8885886], [18.1241846, 44.8885923], [18.1241461, 44.8886159], [18.124141, 44.8886486], [18.1241564, 44.8886796], [18.1241795, 44.8887069], [18.1242103, 44.8887305], [18.124236, 44.888756], [18.1242437, 44.8887996], [18.1242308, 44.8888323], [18.1241897, 44.8888651], [18.1241281, 44.8889106], [18.1240845, 44.8889487], [18.1240614, 44.8889742], [18.1240563, 44.8890069], [18.1240588, 44.8890451], [18.1240717, 44.8890761], [18.1240973, 44.889107], [18.1241435, 44.889147], [18.1241795, 44.8891724], [18.124218, 44.8891943], [18.1242514, 44.8892179], [18.1242847, 44.8892361], [18.124467, 44.8893525], [18.1244978, 44.8893761], [18.1245337, 44.8894052], [18.1245594, 44.8894289], [18.1245902, 44.8894544], [18.1246185, 44.8894798], [18.1246467, 44.8895016], [18.1246749, 44.8895253], [18.1247057, 44.8895544], [18.1247314, 44.8895798], [18.1247519, 44.8896053], [18.1247699, 44.8896362], [18.1247725, 44.8897035], [18.1247648, 44.8897344], [18.1247442, 44.8897654], [18.124716, 44.8897926], [18.1246878, 44.8898181], [18.1246005, 44.8898617], [18.1244721, 44.8899636], [18.1244465, 44.8899891], [18.1244182, 44.8900182], [18.1243874, 44.8900454], [18.1243592, 44.8900745], [18.1243309, 44.8901018], [18.1243053, 44.8901291], [18.1242796, 44.89016], [18.1242591, 44.8901891], [18.1242411, 44.89022], [18.1242308, 44.890251], [18.1242257, 44.8902855], [18.1242257, 44.8903164], [18.124236, 44.890351], [18.1242539, 44.8903801], [18.124277, 44.8904092], [18.1243001, 44.8904346], [18.1243258, 44.8904601], [18.1243566, 44.8904856], [18.1243951, 44.8905056], [18.1244336, 44.8905256], [18.1244619, 44.890551], [18.1244696, 44.8905856], [18.1244644, 44.8906165], [18.124449, 44.8906474], [18.1241949, 44.8910057], [18.1241743, 44.8910384], [18.1241538, 44.8910675], [18.1241153, 44.8910839], [18.1240742, 44.8910966], [18.124028, 44.8911076], [18.1239844, 44.8911076], [18.1239407, 44.8910985], [18.1239074, 44.8910785], [18.1238766, 44.8910494], [18.1238509, 44.8910221], [18.1238226, 44.8909912], [18.1237918, 44.8909675], [18.1237533, 44.8909493], [18.1236943, 44.8909439], [18.1236404, 44.8909475], [18.1235993, 44.8909602], [18.1235659, 44.8909803], [18.1235531, 44.8910166], [18.1235557, 44.8910803], [18.1235634, 44.8911112], [18.1235659, 44.8911458], [18.1235531, 44.8911767], [18.1235274, 44.8912094], [18.1234941, 44.8912421], [18.1234684, 44.8912694], [18.1234376, 44.8912912], [18.1233144, 44.8913967], [18.1232938, 44.8914276], [18.1232681, 44.8914549], [18.123245, 44.8914858], [18.1232194, 44.8915113], [18.1231911, 44.891544], [18.1231629, 44.891575], [18.1231424, 44.8916059], [18.1231193, 44.891635], [18.1230987, 44.8916677], [18.1230679, 44.8917259], [18.1230679, 44.8917586], [18.1230884, 44.8917859], [18.1231167, 44.8918096], [18.1231578, 44.8918278], [18.1232399, 44.8918496], [18.1232758, 44.8918623], [18.1233477, 44.8919005], [18.1233785, 44.891926], [18.1234068, 44.8919514], [18.123435, 44.8919787], [18.1234555, 44.8920114], [18.1234709, 44.8920442], [18.1234838, 44.8920787], [18.1235146, 44.8922333], [18.1235095, 44.8922642], [18.1235069, 44.8923352], [18.1235018, 44.8923679], [18.1234889, 44.8924079], [18.1234787, 44.8924388], [18.1234735, 44.892477], [18.1234812, 44.8925116], [18.1235146, 44.8925316], [18.1235685, 44.8925516], [18.1236121, 44.8925607], [18.1236609, 44.8925643], [18.1237097, 44.8925661], [18.1237559, 44.892577], [18.1237739, 44.8926043], [18.123779, 44.892637], [18.123761, 44.892668], [18.12372, 44.892688], [18.1236738, 44.8926916], [18.1235788, 44.8926916], [18.1235351, 44.8926971], [18.1234709, 44.8927371], [18.1234632, 44.8927698], [18.1234632, 44.8928698], [18.1234581, 44.8929044], [18.1234401, 44.8929371], [18.1233811, 44.8929953], [18.1233452, 44.8930171], [18.1233118, 44.8930371], [18.1232758, 44.893059], [18.1231937, 44.8930917], [18.1231013, 44.8931226], [18.1230602, 44.8931372], [18.1230191, 44.8931535], [18.1229806, 44.8931681], [18.1229344, 44.8931845], [18.1228908, 44.8931972], [18.1228446, 44.8932117], [18.1227932, 44.8932263], [18.1227522, 44.8932354], [18.1227059, 44.8932426], [18.1225622, 44.8932517], [18.1225185, 44.8932536], [18.1224698, 44.8932572], [18.1224261, 44.8932645], [18.1223363, 44.8932881], [18.1222464, 44.8933227], [18.1222079, 44.8933409], [18.1221694, 44.8933572], [18.1221309, 44.8933827], [18.1221027, 44.8934136], [18.1220873, 44.8934463], [18.1220821, 44.8934845], [18.1220847, 44.8935154], [18.1221027, 44.8935482], [18.1221232, 44.8935773], [18.1222079, 44.89365], [18.1222772, 44.8937355], [18.1223055, 44.89377], [18.1223414, 44.8938337], [18.1223568, 44.8938664], [18.1223645, 44.893901], [18.1223645, 44.8940119], [18.1223568, 44.8940701], [18.1223311, 44.8941501], [18.1223157, 44.8941865], [18.1222952, 44.8942174], [18.1222747, 44.8942502], [18.1222464, 44.8942792], [18.1222259, 44.8943102], [18.1222002, 44.8943411], [18.1221797, 44.894372], [18.1221668, 44.8944047], [18.1221566, 44.8944356], [18.1221489, 44.8944702], [18.1221489, 44.8945466], [18.1221566, 44.894583], [18.1221643, 44.8946175], [18.1222079, 44.8947284], [18.1222208, 44.8947594], [18.1222387, 44.8947866], [18.1222618, 44.8948121], [18.1222926, 44.8948412], [18.1224184, 44.8949703], [18.1224441, 44.8949958], [18.1224775, 44.8950249], [18.1225006, 44.895054], [18.1225365, 44.8950831], [18.1225673, 44.8951122], [18.1225956, 44.8951394], [18.1226212, 44.8951649], [18.1226418, 44.8951922], [18.1226623, 44.8952194], [18.122688, 44.8952504], [18.1227059, 44.8952776], [18.122729, 44.8953104], [18.1227445, 44.8953431], [18.1227599, 44.8953722], [18.1227701, 44.8954086], [18.1227907, 44.895474], [18.1227984, 44.8955413], [18.1227984, 44.8955741], [18.1227907, 44.895605], [18.1227727, 44.8956359], [18.1227522, 44.8956632], [18.1227188, 44.8956886], [18.1226803, 44.8957105], [18.1226443, 44.8957359], [18.122611, 44.8957577], [18.1225802, 44.8957814], [18.1225699, 44.8958141], [18.122575, 44.8958468], [18.1225853, 44.8958759], [18.1226007, 44.8959105], [18.1226418, 44.8959632], [18.1227059, 44.8960614], [18.1227188, 44.8960923], [18.1227316, 44.8961233], [18.1227368, 44.896156], [18.1227316, 44.8961905], [18.1227188, 44.8962233], [18.1226982, 44.8962578], [18.1226341, 44.8963451], [18.122611, 44.8963779], [18.1225981, 44.8964069], [18.122593, 44.8964397], [18.1225956, 44.8964724], [18.1226161, 44.896507], [18.1226674, 44.8965597], [18.1227059, 44.896587], [18.1227419, 44.896607], [18.122783, 44.8966288], [18.1228138, 44.8966488], [18.1228471, 44.8966743], [18.1229062, 44.8967197], [18.122937, 44.896747], [18.1229627, 44.8967761], [18.1229832, 44.8968088], [18.1229986, 44.8968379], [18.1230089, 44.8968688], [18.1230114, 44.896907], [18.1230063, 44.8969416], [18.1229883, 44.8969725], [18.1229704, 44.8970034], [18.1229447, 44.8970325], [18.1229113, 44.8970616], [18.1228728, 44.8970943], [18.1228497, 44.8971198], [18.1228189, 44.8971471], [18.1227881, 44.8971744], [18.1227599, 44.8972053], [18.122729, 44.8972325], [18.1226957, 44.8972653], [18.1225519, 44.8973908], [18.1225237, 44.8974162], [18.1224569, 44.8974635], [18.122421, 44.8974944], [18.1223876, 44.897518], [18.1223517, 44.8975381], [18.1223106, 44.8975526], [18.1222644, 44.8975581], [18.1221771, 44.8975581], [18.1221309, 44.8975635], [18.1220873, 44.8975744], [18.1220462, 44.8975872], [18.1220077, 44.8976072], [18.121982, 44.8976344], [18.1219769, 44.897669], [18.1219769, 44.8977326], [18.1219871, 44.8977963], [18.1219871, 44.897829], [18.1221078, 44.8986637], [18.1221078, 44.8986946], [18.1221155, 44.8987255], [18.1221283, 44.8987564], [18.1221412, 44.8987873], [18.1221591, 44.8988182], [18.1221823, 44.898851], [18.1222054, 44.8988801], [18.1222285, 44.8989055], [18.1222593, 44.8989383], [18.1222875, 44.8989655], [18.1228959, 44.8994383], [18.1229267, 44.8994583], [18.1229601, 44.8994783], [18.1229935, 44.8994965], [18.1230782, 44.8995238], [18.1231193, 44.8995311], [18.1231655, 44.8995365], [18.1232271, 44.899542], [18.1232707, 44.8995456], [18.1233811, 44.8995583], [18.1235069, 44.8995711], [18.1236352, 44.8995929], [18.1237662, 44.8998948], [18.1240486, 44.9002984], [18.124141, 44.9004621], [18.1241692, 44.9005257], [18.1241795, 44.9005603], [18.124182, 44.9006239], [18.1241743, 44.9006548], [18.1241589, 44.9006858], [18.124141, 44.9007148], [18.1241127, 44.9007476], [18.1240871, 44.900773], [18.1240588, 44.9008021], [18.1240152, 44.9008603], [18.1240023, 44.9008912], [18.1240023, 44.9009567], [18.1240177, 44.9009858], [18.124046, 44.9010112], [18.1240819, 44.9010312], [18.1241204, 44.9010476], [18.1241615, 44.9010622], [18.1241949, 44.9010785], [18.1242308, 44.9010949], [18.1242642, 44.9011167], [18.1243001, 44.9011367], [18.1243361, 44.9011658], [18.1243643, 44.9011894], [18.1243823, 44.9012185], [18.1243925, 44.9012513], [18.12439, 44.901284], [18.1243771, 44.9013149], [18.124236, 44.9015077], [18.1242206, 44.9015367], [18.1242077, 44.9015731], [18.1241897, 44.9016004], [18.1241769, 44.9016313], [18.1241461, 44.9016913], [18.1241307, 44.901724], [18.1240973, 44.901804], [18.1240845, 44.901835], [18.1240742, 44.9018659], [18.1240614, 44.9018986], [18.1240486, 44.901935], [18.1240332, 44.9019677], [18.1240126, 44.9019986], [18.1239895, 44.9020277], [18.1239407, 44.9020877], [18.1239176, 44.902115], [18.1238791, 44.9021804], [18.1238586, 44.9022095], [18.1238458, 44.9022404], [18.1238329, 44.9022768], [18.1238303, 44.9023095], [18.1238355, 44.9023405], [18.1238509, 44.9023677], [18.1238817, 44.9023877], [18.1239202, 44.9024023], [18.1239587, 44.9024223], [18.1240023, 44.9024368], [18.1241102, 44.9024896], [18.1241487, 44.9025077], [18.1241846, 44.9025259], [18.1242077, 44.9025532], [18.1242283, 44.9025823], [18.1242308, 44.9026132], [18.1242231, 44.9026477], [18.1241795, 44.9027041], [18.1241487, 44.9027278], [18.1240434, 44.9027932], [18.1240075, 44.9028168], [18.1239818, 44.9028423], [18.1239613, 44.9028696], [18.1239459, 44.9029005], [18.1239356, 44.9029314], [18.1239305, 44.9029641], [18.1238149, 44.9034823], [18.1238149, 44.9035151], [18.1238201, 44.9035478], [18.123838, 44.9035787], [18.1238612, 44.9036042], [18.1238945, 44.903626], [18.1239638, 44.9036605], [18.1240383, 44.9036896], [18.1240871, 44.903706], [18.1241256, 44.9037169], [18.1241692, 44.9037278], [18.1242103, 44.9037369], [18.1242488, 44.9037478], [18.1243181, 44.9037787], [18.1243489, 44.903806], [18.1243746, 44.9038333], [18.1244593, 44.9039824], [18.1244798, 44.9040115], [18.1244978, 44.9040424], [18.1245312, 44.9041006], [18.124544, 44.9041333], [18.1245466, 44.9041987], [18.1245337, 44.9042297], [18.1245183, 44.9042588], [18.1245029, 44.9042915], [18.1244952, 44.9043242], [18.1244981, 44.9043587], [18.1244901, 44.9043969], [18.1244773, 44.9044642], [18.1244644, 44.9044951], [18.124449, 44.9045279], [18.1244336, 44.9045642], [18.1243489, 44.9047751], [18.1243361, 44.9048115], [18.1243232, 44.9048424], [18.1242565, 44.9049388], [18.124236, 44.9049715], [18.1242128, 44.9049988], [18.1241872, 44.9050242], [18.1241435, 44.905077], [18.124123, 44.9051079], [18.1241102, 44.905137], [18.1240973, 44.9051715], [18.1240871, 44.9052061], [18.1240871, 44.9052388], [18.1240845, 44.9052752], [18.1240922, 44.9053115], [18.1241307, 44.9054188], [18.1241512, 44.9054461], [18.1241718, 44.9054733], [18.124218, 44.9055279], [18.1242539, 44.9055733], [18.1242822, 44.9056061], [18.1243027, 44.9056333], [18.1243232, 44.9056606], [18.1243489, 44.9056861], [18.1243797, 44.9057061], [18.1244182, 44.9057224], [18.124467, 44.9057333], [18.1245106, 44.9057406], [18.1245543, 44.9057406], [18.1246005, 44.9057388], [18.1246826, 44.9057224], [18.1247263, 44.9057097], [18.1247673, 44.905697], [18.124811, 44.9056879], [18.1248521, 44.905677], [18.1248957, 44.9056697], [18.1249393, 44.9056624], [18.124983, 44.905657], [18.1250241, 44.9056515], [18.1251139, 44.9056443], [18.1251601, 44.9056443], [18.1252525, 44.9056588], [18.1252885, 44.905677], [18.1253218, 44.9057006], [18.1253552, 44.9057279], [18.1253835, 44.9057533], [18.125404, 44.9057843], [18.1254322, 44.9058443], [18.1254374, 44.9058752], [18.1254399, 44.9059079], [18.1254451, 44.9059406], [18.1254656, 44.9060061], [18.1254964, 44.9060661], [18.1256196, 44.9062643], [18.1256658, 44.9063224], [18.1256889, 44.9063479], [18.12573, 44.9064079], [18.1257403, 44.9064388], [18.1257429, 44.9065097], [18.1257352, 44.9065424], [18.1257146, 44.9065752], [18.1256889, 44.9066061], [18.1256273, 44.906657], [18.1255837, 44.9066715], [18.1254913, 44.9066934], [18.1254502, 44.9067024], [18.125404, 44.9067152], [18.1253578, 44.9067279], [18.1253264, 44.90675], [18.1252879, 44.9067655], [18.1252534, 44.9067932], [18.1243978, 44.9073958], [18.1243335, 44.9074534], [18.1243027, 44.9075134], [18.1242924, 44.9075443], [18.1242822, 44.9075752], [18.1242745, 44.9076388], [18.1242719, 44.9076734], [18.1242616, 44.9077406], [18.1242462, 44.9077715], [18.1242283, 44.9078024], [18.1242206, 44.9078333], [18.1242257, 44.9078661], [18.1242462, 44.9078933], [18.1242745, 44.9079224], [18.1243053, 44.907957], [18.1243284, 44.9079843], [18.1243463, 44.9080133], [18.1243925, 44.9081188], [18.1244182, 44.9081497], [18.1244593, 44.9082079], [18.1244798, 44.9082424], [18.1244978, 44.9082715], [18.1245132, 44.9083024], [18.124526, 44.9083315], [18.1245414, 44.9083606], [18.124562, 44.9084242], [18.1245722, 44.9084879], [18.1245722, 44.9085224], [18.1245671, 44.9085588], [18.1245645, 44.9085897], [18.1245568, 44.9086206], [18.124544, 44.908657], [18.1245312, 44.9086915], [18.1245158, 44.9087206], [18.1244773, 44.9087788], [18.1244593, 44.9088079], [18.1244336, 44.9088406], [18.1244131, 44.9088679], [18.1243874, 44.9088988], [18.1243566, 44.908926], [18.1243284, 44.9089497], [18.124295, 44.9089751], [18.1242616, 44.9089988], [18.1242283, 44.9090206], [18.1241872, 44.9090442], [18.1240948, 44.909086], [18.12401, 44.9091151], [18.1239664, 44.9091242], [18.1239253, 44.9091333], [18.1238868, 44.9091497], [18.1238432, 44.9091642], [18.1238021, 44.9091788], [18.1237636, 44.9091969], [18.1237277, 44.9092169], [18.1236969, 44.9092424], [18.1236198, 44.9093297], [18.1235916, 44.9093588], [18.1235659, 44.9093878], [18.1235428, 44.9094169], [18.1235197, 44.9094442], [18.1234787, 44.9095078], [18.123417, 44.9095951], [18.1233991, 44.9096242], [18.123376, 44.9096587], [18.1233606, 44.9096878], [18.1233426, 44.9097242], [18.1233298, 44.9097569], [18.1233195, 44.9097896], [18.1233169, 44.9098224], [18.1233144, 44.9098533], [18.1233144, 44.9098878], [18.1233246, 44.9099205], [18.1233375, 44.9099569], [18.1233426, 44.9099915], [18.1233529, 44.910026], [18.1233689, 44.9102147], [18.1233997, 44.9103456], [18.1233997, 44.9105928], [18.1233792, 44.9107165], [18.1233484, 44.9108401], [18.1233792, 44.910971], [18.1234921, 44.9110801], [18.1236256, 44.9111601], [18.1237694, 44.9112473], [18.1238823, 44.9113492], [18.1239542, 44.9114728], [18.1240055, 44.9115964], [18.1240261, 44.91172], [18.1239542, 44.9118291], [18.123831, 44.9119164], [18.1238104, 44.9120473], [18.1238823, 44.9121564], [18.1239953, 44.9122654], [18.1240877, 44.9123745], [18.1241801, 44.9124763], [18.1242622, 44.9125854], [18.1243444, 44.912709], [18.1243649, 44.9128399], [18.1242622, 44.912949], [18.1241288, 44.9130435], [18.1240363, 44.9131599], [18.1240158, 44.9132908], [18.1240158, 44.9136689], [18.1240261, 44.9137926], [18.1239337, 44.9139016], [18.1236461, 44.9141052], [18.1235435, 44.9142143], [18.1234202, 44.9143089], [18.1233381, 44.9144252], [18.1233381, 44.9146797], [18.1232251, 44.9147742], [18.1231122, 44.914876], [18.1231019, 44.9150142], [18.123143, 44.9151378], [18.1232149, 44.9152469], [18.123297, 44.915356], [18.1233175, 44.9154796], [18.123297, 44.9156105], [18.1232046, 44.9157123], [18.1230916, 44.9158068], [18.1230608, 44.9158595], [18.1230146, 44.9158432], [18.1229658, 44.915905], [18.1220288, 44.9157159], [18.1218055, 44.9160522], [18.1217516, 44.9160922], [18.1217439, 44.9164194], [18.1216361, 44.9166449], [18.1208685, 44.9167376], [18.1207504, 44.9169339], [18.1204578, 44.9177992], [18.1201831, 44.9183918], [18.1201317, 44.9183773], [18.1199212, 44.9187063], [18.1199161, 44.9187372], [18.1199161, 44.9187699], [18.1199238, 44.9188045], [18.1199418, 44.9188317], [18.1199649, 44.9188572], [18.1199957, 44.9188826], [18.1200291, 44.9189008], [18.120065, 44.918919], [18.1200958, 44.9189426], [18.1201163, 44.9189699], [18.1201189, 44.9190317], [18.1201138, 44.9190662], [18.1201009, 44.9191008], [18.1200881, 44.9191353], [18.1200727, 44.9191644], [18.1200624, 44.9191971], [18.1195849, 44.9205132], [18.1194669, 44.9208149], [18.1192872, 44.9212803], [18.1191742, 44.9214947], [18.1191177, 44.9215638], [18.1190921, 44.9215911], [18.1190535, 44.9216165], [18.119015, 44.9216329], [18.1189765, 44.9216456], [18.1189868, 44.921702], [18.118155, 44.9221019], [18.1195079, 44.9233633], [18.1214384, 44.924632], [18.1224036, 44.9250846], [18.1233098, 44.9254572], [18.1254142, 44.9259043], [18.1284743, 44.9267186], [18.1311235, 44.9272347], [18.1332286, 44.9274747], [18.1341322, 44.9274965], [18.1345166, 44.9283189], [18.1350402, 44.9288169], [18.1355023, 44.929104], [18.135605, 44.9292821], [18.1359798, 44.9295693], [18.1356256, 44.9297765], [18.1355537, 44.9298201], [18.1355229, 44.9298783], [18.1353534, 44.9301073], [18.1352764, 44.930409], [18.1353534, 44.9304199], [18.1353534, 44.9312631], [18.1355691, 44.9312922], [18.1357026, 44.9313576], [18.1357282, 44.9314158], [18.135759, 44.9314776], [18.1369553, 44.9318338], [18.136791, 44.9324735], [18.136904, 44.9334585], [18.1370272, 44.9337784], [18.1371131, 44.9337985], [18.1372172, 44.9337529], [18.1372891, 44.9337202], [18.1373815, 44.933713], [18.1374739, 44.9337239], [18.1375509, 44.9337457], [18.137633, 44.9337711], [18.1377101, 44.9337893], [18.1377973, 44.9338038], [18.1378898, 44.9338075], [18.137977, 44.9338075], [18.1380695, 44.9338184], [18.1381465, 44.9338547], [18.1382132, 44.9338947], [18.1382697, 44.9339383], [18.1383621, 44.9339601], [18.1385627, 44.934], [18.1386099, 44.9340064], [18.138717, 44.934036], [18.138746, 44.9340462], [18.1387932, 44.9340642], [18.1388186, 44.9340745], [18.1388477, 44.9340848], [18.1389384, 44.9341195], [18.1389729, 44.9341233], [18.1390001, 44.9341182], [18.1390219, 44.9341028], [18.1390492, 44.9340964], [18.1390927, 44.9340989], [18.1391163, 44.9341118], [18.1391381, 44.9341285], [18.1391544, 44.9341465], [18.1391726, 44.9341632], [18.1391672, 44.9341863], [18.1391399, 44.9341966], [18.1391072, 44.9342017], [18.13908, 44.9342146], [18.1390655, 44.9342339], [18.139051, 44.9342544], [18.1390401, 44.934275], [18.1390219, 44.9342943], [18.1389983, 44.934311], [18.1389693, 44.93432], [18.1389384, 44.9343212], [18.1389094, 44.934311], [18.1388803, 44.9342994], [18.1388531, 44.9342904], [18.1388223, 44.9342827], [18.1387896, 44.9342827], [18.1387515, 44.9342865], [18.1386534, 44.9342865], [18.1385881, 44.9342788], [18.1385536, 44.9342737], [18.1385209, 44.9342698], [18.1384883, 44.9342698], [18.1384592, 44.9342801], [18.1384374, 44.9342968], [18.1384302, 44.9343187], [18.1384265, 44.9343881], [18.1384138, 44.9344099], [18.138392, 44.9344305], [18.1383612, 44.9344446], [18.1383013, 44.9344639], [18.1382722, 44.9344742], [18.1382486, 44.9344883], [18.1382214, 44.9345037], [18.1381633, 44.9345268], [18.1381343, 44.9345346], [18.1381034, 44.9345384], [18.1380653, 44.934541], [18.1379655, 44.9345538], [18.1379382, 44.9345628], [18.137911, 44.9345718], [18.137882, 44.9345847], [18.1378475, 44.9345988], [18.1377876, 44.9346232], [18.1377513, 44.9346348], [18.1376896, 44.9346592], [18.1376587, 44.9346656], [18.1376278, 44.9346656], [18.137597, 44.9346605], [18.1375625, 44.9346515], [18.1375316, 44.9346451], [18.1374681, 44.9346451], [18.1374173, 44.9346733], [18.1373919, 44.9347209], [18.1373664, 44.9347363], [18.1373392, 44.9347479], [18.1373102, 44.9347582], [18.1372775, 44.9347646], [18.1372448, 44.934771], [18.1372049, 44.9347839], [18.1371758, 44.9347941], [18.1371486, 44.9348031], [18.1371196, 44.9348108], [18.1370869, 44.9348198], [18.137027, 44.9348365], [18.1369961, 44.9348455], [18.1369653, 44.9348558], [18.1369362, 44.9348674], [18.1369108, 44.9348815], [18.1368221, 44.9349228], [18.1366948, 44.9349946], [18.1366676, 44.9350087], [18.1366167, 44.935037], [18.136555, 44.9350717], [18.1364733, 44.9351192], [18.1363753, 44.9351873], [18.1363209, 44.935222], [18.13627, 44.9352555], [18.1362247, 44.9352927], [18.1361756, 44.9353313], [18.1361557, 44.9353505], [18.1361357, 44.9353698], [18.1361157, 44.9353878], [18.136054, 44.9354469], [18.1360359, 44.9354649], [18.1360159, 44.9354855], [18.1359021, 44.9356949], [18.1357584, 44.9357676], [18.1356454, 44.9359276], [18.1358302, 44.9360802], [18.135943, 44.9361789], [18.1360459, 44.9362837], [18.1362102, 44.9364727], [18.137237, 44.937047], [18.1386387, 44.9369525], [18.1387414, 44.9370797], [18.1388441, 44.9371815], [18.1389108, 44.937236], [18.1389775, 44.9372723], [18.1390546, 44.9373087], [18.1391367, 44.937345], [18.1392137, 44.9373813], [18.1392856, 44.9374213], [18.1393575, 44.9374649], [18.1394242, 44.9375086], [18.1394858, 44.9375522], [18.139532, 44.9376067], [18.1395423, 44.9376685], [18.1395064, 44.9377266], [18.1394448, 44.9377702], [18.1395577, 44.9379265], [18.1396091, 44.937981], [18.1397117, 44.938101], [18.1397528, 44.9381555], [18.1397836, 44.93821], [18.1398093, 44.9382681], [18.139835, 44.9383336], [18.1398606, 44.9383917], [18.139876, 44.9384535], [18.1398709, 44.9385225], [18.1398504, 44.938588], [18.1400198, 44.9386243], [18.1400352, 44.9392094], [18.1399171, 44.939253], [18.1398504, 44.9392967], [18.1398452, 44.9393621], [18.1398812, 44.9394166], [18.1398966, 44.939482], [18.1398504, 44.9395329], [18.1397631, 44.9395402], [18.1396193, 44.9396528], [18.1391675, 44.9404306], [18.1391726, 44.9405578], [18.1391778, 44.9406268], [18.1391778, 44.9406922], [18.1391572, 44.9407576], [18.1391367, 44.9408267], [18.1391162, 44.9408885], [18.1391162, 44.9409539], [18.1391675, 44.9410048], [18.1390802, 44.9411029], [18.1390083, 44.9411429], [18.1389159, 44.9411501], [18.1388338, 44.941132], [18.1387362, 44.9411974], [18.1384282, 44.9411865], [18.1384898, 44.9413137], [18.1385052, 44.9413791], [18.1384847, 44.9414481], [18.1384128, 44.9414917], [18.1383204, 44.9415135], [18.1382331, 44.9415208], [18.1381407, 44.9415245], [18.1380739, 44.941608], [18.1379661, 44.9416262], [18.1378531, 44.941728], [18.1378121, 44.9417825], [18.137771, 44.9418443], [18.1377197, 44.9419024], [18.1376375, 44.9419278], [18.1375554, 44.9419605], [18.1375245, 44.9420187], [18.1375245, 44.9420841], [18.1375759, 44.9421314], [18.1376016, 44.9422331], [18.1375708, 44.9425711], [18.1374321, 44.9426946], [18.1374167, 44.9427601], [18.1374321, 44.9428218], [18.1374886, 44.9428691], [18.1375451, 44.9429127], [18.1375605, 44.9429781], [18.1375502, 44.9430399], [18.1375143, 44.9430944], [18.1374886, 44.9431562], [18.1374835, 44.9432179], [18.137504, 44.9432834], [18.1375091, 44.9433451], [18.1374886, 44.9434069], [18.1372473, 44.9437667], [18.1372216, 44.9438285], [18.137196, 44.9438939], [18.1371806, 44.9439593], [18.1371754, 44.9440247], [18.1371806, 44.9440901], [18.1372268, 44.9441483], [18.1372986, 44.944181], [18.1373757, 44.94421], [18.1374475, 44.94425], [18.1375091, 44.9442973], [18.13754, 44.944359], [18.1375348, 44.9444244], [18.1374937, 44.9444826], [18.1373551, 44.9445662], [18.1373038, 44.9446207], [18.1372627, 44.9446788], [18.1372319, 44.944737], [18.1372062, 44.9448024], [18.1371857, 44.9448642], [18.1371754, 44.9449259], [18.1371703, 44.9449913], [18.1371754, 44.9450531], [18.1371908, 44.9451222], [18.1372114, 44.9451876], [18.1372422, 44.9452457], [18.1373038, 44.9453002], [18.1373397, 44.9453547], [18.1373654, 44.9454129], [18.1373808, 44.9454747], [18.1373808, 44.9455364], [18.1373705, 44.9455982], [18.13735, 44.94566], [18.13735, 44.9457872], [18.1373705, 44.945849], [18.137427, 44.9458998], [18.13754, 44.9460524], [18.1375656, 44.9461106], [18.1375708, 44.9461724], [18.1375862, 44.9462523], [18.1376272, 44.9463105], [18.1376632, 44.9463759], [18.1376683, 44.9464376], [18.137658, 44.9465067], [18.1375348, 44.9467392], [18.1375091, 44.9468083], [18.1374886, 44.9468701], [18.1374732, 44.9469355], [18.1375245, 44.9475823], [18.1376324, 44.9475823], [18.1377042, 44.9476077], [18.1377659, 44.9476513], [18.1378121, 44.9477022], [18.1378377, 44.9477603], [18.1378583, 44.9478221], [18.1378891, 44.9478803], [18.1379199, 44.9479348], [18.137961, 44.9479965], [18.1380072, 44.9480511], [18.1382177, 44.9483308], [18.1382844, 44.9483926], [18.1384128, 44.9484835], [18.1384795, 44.9485198], [18.1386887, 44.9485533], [18.1386541, 44.9488141], [18.1386541, 44.9488795], [18.1386592, 44.9489522], [18.1386695, 44.9490176], [18.1386798, 44.9491484], [18.1385142, 44.950115], [18.13828, 44.9503326], [18.1381413, 44.9504556], [18.1380572, 44.9505667], [18.1379487, 44.9505607], [18.1379148, 44.9506019], [18.1378634, 44.95066], [18.1377813, 44.950769], [18.1377299, 44.9508272], [18.1376734, 44.9508926], [18.137617, 44.9509471], [18.1375522, 44.950994], [18.1373294, 44.9513658], [18.13721, 44.9515993], [18.1371449, 44.9518529], [18.1370933, 44.952128], [18.1370357, 44.9525512], [18.1368768, 44.9529007], [18.1368496, 44.953407], [18.1368261, 44.9535057], [18.1367993, 44.9536043], [18.136795, 44.9536782], [18.1368089, 44.9537381], [18.1368263, 44.9537848], [18.1368725, 44.9538466], [18.1369136, 44.9539047], [18.1369598, 44.9539629], [18.1370214, 44.9540137], [18.1370779, 44.9540646], [18.1371446, 44.9541046], [18.1373808, 44.9542971], [18.1374424, 44.9543444], [18.137504, 44.9543952], [18.1375502, 44.9544497], [18.1375913, 44.9545006], [18.1376221, 44.9545587], [18.1376426, 44.9546241], [18.1376693, 44.9546745], [18.1376775, 44.9547504], [18.137676, 44.9548085], [18.1376318, 44.9548655], [18.137592, 44.9549172], [18.1375139, 44.9549913], [18.1373933, 44.9550914], [18.1370536, 44.9554686], [18.1369803, 44.9555361], [18.1369392, 44.9556015], [18.1368982, 44.955656], [18.1368622, 44.9557141], [18.1367698, 44.9558377], [18.1367185, 44.9558958], [18.1366787, 44.9559712], [18.1365991, 44.9561262], [18.1364641, 44.9563175], [18.1363696, 44.9564292], [18.1361133, 44.9566962], [18.136053, 44.9567662], [18.1358589, 44.9569686], [18.135716, 44.9571075], [18.1356588, 44.9571778], [18.1355855, 44.9572748], [18.1353696, 44.9575473], [18.1352815, 44.9576407], [18.1351827, 44.9576918], [18.1351023, 44.9577504], [18.1349875, 44.9578329], [18.134836, 44.9579349], [18.1347128, 44.9580288], [18.1344973, 44.958275], [18.13441, 44.9583512], [18.1342521, 44.9584403], [18.1340809, 44.9584926], [18.1338847, 44.9585127], [18.1335019, 44.9585074], [18.133293, 44.9585155], [18.1330783, 44.9585642], [18.1324214, 44.958793], [18.1323544, 44.9588568], [18.1323287, 44.9589186], [18.1323081, 44.9589913], [18.1322825, 44.9590603], [18.1323014, 44.9591087], [18.1323184, 44.9591765], [18.1323698, 44.959231], [18.1324827, 44.9593255], [18.1325341, 44.9593764], [18.1325905, 44.9594272], [18.1326367, 44.9594817], [18.1326778, 44.9595435], [18.1327086, 44.9596089], [18.1327343, 44.9596706], [18.1327497, 44.9597324], [18.1327702, 44.9597942], [18.1327959, 44.9598523], [18.132837, 44.9599068], [18.1328883, 44.9600848], [18.1330013, 44.9601793], [18.1330731, 44.9602882], [18.132991, 44.9604554], [18.1328575, 44.9605571], [18.1327959, 44.9606733], [18.1327446, 44.9608041], [18.1327138, 44.9609276], [18.1326727, 44.9610584], [18.1326316, 44.9611819], [18.1326727, 44.9612982], [18.1327856, 44.9613999], [18.1329294, 44.9614653], [18.1330629, 44.961538], [18.1332066, 44.9616252], [18.1333196, 44.9617124], [18.1334017, 44.9618213], [18.1334428, 44.9619376], [18.1334531, 44.9620756], [18.1334531, 44.9622064], [18.1335044, 44.9623299], [18.1335147, 44.9624607], [18.1333607, 44.9625624], [18.1331861, 44.9625842], [18.1330013, 44.962606], [18.1329602, 44.9627296], [18.1330218, 44.9628458], [18.1331245, 44.9629475], [18.1332272, 44.9630565], [18.1337817, 44.9640446], [18.1341544, 44.9642052], [18.1343084, 44.964365], [18.13437, 44.964405], [18.134447, 44.9644341], [18.1345292, 44.9644522], [18.1345959, 44.9644849], [18.1346267, 44.964543], [18.1346473, 44.9645757], [18.1348475, 44.9645503], [18.1349245, 44.9645249], [18.1349964, 44.9644849], [18.135592, 44.9646375], [18.1354944, 44.9647973], [18.1356485, 44.9648772], [18.1356485, 44.965008], [18.135248, 44.9655384], [18.1348373, 44.9657636], [18.134637, 44.9661886], [18.1341441, 44.9668897], [18.1338258, 44.9670096], [18.1337591, 44.9670568], [18.1336872, 44.967104], [18.1336256, 44.9671549], [18.133564, 44.9672058], [18.1335075, 44.9672675], [18.1334715, 44.9673256], [18.1334407, 44.967391], [18.1334151, 44.9674709], [18.1338771, 44.9677179], [18.133949, 44.9677434], [18.1340517, 44.9677615], [18.134329, 44.9677797], [18.1355612, 44.9685643], [18.1353353, 44.9685861], [18.1350118, 44.9687968], [18.1348167, 44.969022], [18.1346627, 44.9691092], [18.134447, 44.9692399], [18.1343546, 44.9693489], [18.1342519, 44.9694579], [18.1340774, 44.9695741], [18.1339234, 44.9696468], [18.1338207, 44.9697703], [18.1337796, 44.9699156], [18.1336564, 44.9701045], [18.1335023, 44.970228], [18.133184, 44.970366], [18.1330505, 44.9704532], [18.1328965, 44.9705403], [18.1327835, 44.9706348], [18.1327014, 44.9707583], [18.1326809, 44.9708818], [18.1326809, 44.9710125], [18.1326501, 44.9711433], [18.1325987, 44.9712741], [18.1325884, 44.9714048], [18.1326193, 44.9717099], [18.1348681, 44.9713685], [18.1352069, 44.9714484], [18.1353609, 44.9715211], [18.1355047, 44.9715937], [18.1356279, 44.9716736], [18.1357659, 44.9717905], [18.1358709, 44.9718793], [18.1359565, 44.9719569], [18.136059, 44.9720592], [18.1362386, 44.9722166], [18.1362954, 44.9722984], [18.1363981, 44.9724146], [18.1365007, 44.9725236], [18.1367061, 44.972727], [18.1368088, 44.9728287], [18.1369526, 44.9729449], [18.1371271, 44.9730466], [18.1372709, 44.9731192], [18.1374352, 44.9731991], [18.13762, 44.9732573], [18.1377946, 44.9733154], [18.1379589, 44.9733517], [18.1381334, 44.973388], [18.1382977, 44.9734243], [18.1384928, 44.9734607], [18.1386469, 44.973497], [18.1388009, 44.9735406], [18.1389652, 44.9735769], [18.1391295, 44.973635], [18.1394683, 44.973744], [18.1396224, 44.9738239], [18.1397661, 44.9739038], [18.1396224, 44.9742089], [18.1401974, 44.9744195], [18.1403001, 44.9744849], [18.140372, 44.9745212], [18.1404849, 44.9745503], [18.1405928, 44.9745576], [18.1408392, 44.9745576], [18.1409265, 44.9745612], [18.1410086, 44.974583], [18.1410856, 44.9746048], [18.1411678, 44.9746375], [18.1412602, 44.9747137], [18.1413013, 44.9747791], [18.1413115, 44.9748445], [18.1412807, 44.9749026], [18.1412705, 44.9749643], [18.1413321, 44.9750116], [18.141404, 44.9750443], [18.1414758, 44.9750733], [18.1414964, 44.9751423], [18.1414861, 44.9752041], [18.1414656, 44.9752731], [18.141445, 44.9754002], [18.141445, 44.9754765], [18.1414194, 44.9755455], [18.1413578, 44.9755927], [18.1412756, 44.9756363], [18.1412037, 44.975669], [18.1411216, 44.9756944], [18.1410394, 44.975738], [18.1409778, 44.9757852], [18.1409316, 44.9758433], [18.1408751, 44.9758978], [18.1407827, 44.9758978], [18.1406903, 44.9758905], [18.1406133, 44.9758615], [18.1405311, 44.9758179], [18.1404541, 44.9757888], [18.1403566, 44.9757779], [18.140259, 44.9757816], [18.1401563, 44.9758142], [18.1401307, 44.975876], [18.1401307, 44.9759414], [18.1401409, 44.9760031], [18.1400999, 44.9760612], [18.1400023, 44.9760721], [18.139915, 44.9760794], [18.1398432, 44.9761121], [18.1397867, 44.9761629], [18.1397764, 44.9762283], [18.1397918, 44.9762973], [18.1398329, 44.9763518], [18.1399048, 44.9763881], [18.1399818, 44.9764135], [18.1400691, 44.9764389], [18.1401358, 44.9764716], [18.1401769, 44.9765225], [18.1401615, 44.9765879], [18.140105, 44.9766351], [18.1400331, 44.9766787], [18.1399818, 44.9767295], [18.1400126, 44.9767876], [18.1401666, 44.9768494], [18.1401871, 44.9769075], [18.1401615, 44.9769728], [18.1401153, 44.9770237], [18.1400434, 44.97706], [18.1398483, 44.97706], [18.139761, 44.9770491], [18.139684, 44.9770092], [18.1396532, 44.9769474], [18.1396532, 44.9768857], [18.139648, 44.9768276], [18.1395556, 44.9768385], [18.1395043, 44.9768893], [18.1394786, 44.976951], [18.139417, 44.9770092], [18.1392219, 44.9771108], [18.13915, 44.9771544], [18.1390781, 44.9771944], [18.1390114, 44.977238], [18.1389498, 44.9772852], [18.1389036, 44.9773397], [18.1388728, 44.9774014], [18.1388625, 44.9774668], [18.1388522, 44.977543], [18.138842, 44.9776121], [18.1388214, 44.9776811], [18.1387855, 44.9777392], [18.1387342, 44.9778009], [18.1386879, 44.977859], [18.1386315, 44.9779208], [18.1385955, 44.9779825], [18.1385596, 44.9780406], [18.138539, 44.978106], [18.1385031, 44.978175], [18.138462, 44.9782295], [18.1384004, 44.9782767], [18.1382361, 44.9783566], [18.1381591, 44.9783965], [18.1381334, 44.9784655], [18.1381334, 44.9785309], [18.1381283, 44.9785927], [18.1380821, 44.9786544], [18.1380102, 44.9786943], [18.1379229, 44.9787125], [18.1378357, 44.9787161], [18.1377432, 44.9787089], [18.1376457, 44.9786798], [18.1375635, 44.978658], [18.1374711, 44.9786362], [18.1373838, 44.9786144], [18.1372914, 44.9785999], [18.1371939, 44.9785999], [18.1371425, 44.9786508], [18.1370758, 44.9787452], [18.1370758, 44.9788178], [18.1371066, 44.9788796], [18.1371528, 44.978934], [18.137199, 44.9789922], [18.1372195, 44.9790575], [18.1371887, 44.9791193], [18.1371066, 44.9791447], [18.137009, 44.9791556], [18.1368961, 44.9791592], [18.1367985, 44.9791592], [18.1366959, 44.9791628], [18.1365829, 44.9791665], [18.1364905, 44.979181], [18.1364391, 44.97925], [18.1364135, 44.9793771], [18.1364083, 44.9794425], [18.1363878, 44.9795042], [18.1363467, 44.9795732], [18.1362851, 44.9796205], [18.1362184, 44.9796604], [18.1361362, 44.9796858], [18.1360489, 44.9797112], [18.1359668, 44.979733], [18.1358795, 44.9797548], [18.1357974, 44.9797802], [18.1357306, 44.9798238], [18.1356485, 44.979842], [18.1353609, 44.9798456], [18.1352737, 44.9798638], [18.1351556, 44.9799183], [18.1350529, 44.9800127], [18.1349861, 44.9800635], [18.1349245, 44.9801144], [18.1348373, 44.9801434], [18.1347448, 44.9801471], [18.1346473, 44.9801507], [18.13456, 44.9801688], [18.1344881, 44.9802124], [18.134447, 44.9802705], [18.1344368, 44.9803395], [18.1344111, 44.9804049], [18.1343546, 44.9804521], [18.1342776, 44.9804957], [18.1342776, 44.9805611], [18.1343136, 44.9806301], [18.1343546, 44.9806882], [18.1343649, 44.9807535], [18.1343649, 44.9808225], [18.1343238, 44.9808843], [18.134293, 44.980946], [18.1341339, 44.9811167], [18.1340825, 44.9811785], [18.1340568, 44.9812366], [18.1340722, 44.9812983], [18.1340979, 44.98136], [18.1341031, 44.9814218], [18.1340312, 44.9814581], [18.1339388, 44.9814726], [18.1338515, 44.9814871], [18.1338001, 44.981538], [18.1338309, 44.9815925], [18.1338669, 44.9816506], [18.1338617, 44.9817123], [18.1338001, 44.9817595], [18.133718, 44.9817886], [18.1335434, 44.9818358], [18.1334664, 44.9818721], [18.1334099, 44.9819229], [18.1333483, 44.9819738], [18.133297, 44.9820283], [18.1332662, 44.98209], [18.1332713, 44.9821517], [18.1333278, 44.9821989], [18.1334151, 44.9822135], [18.1335023, 44.9822135], [18.1335896, 44.9822244], [18.1336615, 44.9822607], [18.1336923, 44.9823188], [18.1336256, 44.9826166], [18.1335896, 44.982671], [18.1335383, 44.9827292], [18.1334818, 44.98278], [18.1334151, 44.9828272], [18.1332508, 44.9828962], [18.1331943, 44.982947], [18.1331738, 44.9830088], [18.1331583, 44.9830814], [18.1331121, 44.9831359], [18.1330197, 44.9831613], [18.1329222, 44.9831795], [18.1327425, 44.9831904], [18.1326501, 44.9832085], [18.132496, 44.9832848], [18.1324139, 44.9833029], [18.1323215, 44.9833284], [18.1322496, 44.9833683], [18.1322342, 44.9834337], [18.132265, 44.9834918], [18.1323317, 44.983539], [18.1323574, 44.9836007], [18.1323369, 44.9836661], [18.1322496, 44.9836951], [18.1321623, 44.9837206], [18.1320956, 44.9837678], [18.1320185, 44.983815], [18.1319723, 44.9838731], [18.1319415, 44.9839312], [18.1319364, 44.9840002], [18.1319518, 44.9841237], [18.1319569, 44.984189], [18.1319569, 44.984258], [18.1319107, 44.984327], [18.131844, 44.9843779], [18.1317464, 44.9844105], [18.1316386, 44.9844396], [18.1315462, 44.9844577], [18.1314538, 44.9845013], [18.1313922, 44.9845667], [18.1312638, 44.984839], [18.1312227, 44.9849008], [18.1312022, 44.9849625], [18.1311971, 44.9850243], [18.1312381, 44.9850932], [18.1313357, 44.9851586], [18.1314024, 44.9851913], [18.1314486, 44.9852639], [18.1314435, 44.9853293], [18.131387, 44.9853801], [18.1313152, 44.985431], [18.1312792, 44.9854891], [18.1312741, 44.9855508], [18.1312689, 44.9858922], [18.1312535, 44.9859575], [18.1312535, 44.9860193], [18.1311457, 44.9862517], [18.1311046, 44.986317], [18.1310687, 44.9863788], [18.1310328, 44.9864441], [18.1309866, 44.9865059], [18.1309352, 44.986564], [18.1308017, 44.9866547], [18.1307196, 44.986691], [18.1306682, 44.9867419], [18.1306682, 44.9868109], [18.1306426, 44.986869], [18.1305861, 44.9869198], [18.1305399, 44.9869743], [18.1305347, 44.9870433], [18.130545, 44.9871086], [18.1305655, 44.9871667], [18.1305861, 44.9872285], [18.1305861, 44.9872902], [18.1302164, 44.9876642], [18.1302678, 44.9879003], [18.130391, 44.9878821], [18.1304629, 44.9879438], [18.1301445, 44.9881218], [18.1300778, 44.9881653], [18.1300162, 44.9882162], [18.1300059, 44.9882779], [18.1300367, 44.988336], [18.1300881, 44.9883868], [18.130124, 44.9884413], [18.1301343, 44.988503], [18.1301189, 44.9885648], [18.1300727, 44.9886192], [18.1298159, 44.9887972], [18.1297595, 44.9888516], [18.1297133, 44.9889097], [18.1297338, 44.9889678], [18.1297903, 44.989015], [18.1298468, 44.9890659], [18.1298981, 44.9891167], [18.1299135, 44.9891893], [18.1299186, 44.9892511], [18.129893, 44.9893201], [18.1298622, 44.989389], [18.12978, 44.9895125], [18.1297338, 44.9895742], [18.1295438, 44.989901], [18.1294925, 44.9899555], [18.1294257, 44.9900027], [18.1293385, 44.9900281], [18.129246, 44.990039], [18.129169, 44.9900644], [18.1291228, 44.9901262], [18.1290869, 44.9901915], [18.1290304, 44.9902424], [18.1289534, 44.9902896], [18.1288969, 44.990344], [18.1288969, 44.9904094], [18.1289329, 44.9904711], [18.1289739, 44.9905328], [18.1289791, 44.9905982], [18.1288661, 44.990856], [18.1288148, 44.9909105], [18.128784, 44.9909867], [18.1287788, 44.991063], [18.1287788, 44.9911247], [18.1287942, 44.99123], [18.1287942, 44.9912917], [18.1287634, 44.9913535], [18.1287121, 44.9914043], [18.1286453, 44.9914515], [18.1285837, 44.9915023], [18.1285375, 44.9915568], [18.1285016, 44.9916149], [18.128481, 44.9916839], [18.1284708, 44.9917529], [18.1284708, 44.9918219], [18.1284913, 44.9918872], [18.1285221, 44.9919453], [18.1285683, 44.9919961], [18.1286967, 44.9920978], [18.1287634, 44.9921523], [18.1287994, 44.9922067], [18.1287942, 44.9922685], [18.1287275, 44.9923157], [18.1286505, 44.9923556], [18.1285581, 44.9923701], [18.1284656, 44.9923883], [18.1283784, 44.9924064], [18.1282911, 44.9924355], [18.1282192, 44.9924682], [18.1281524, 44.9925081], [18.1280395, 44.992617], [18.127983, 44.9926679], [18.1279111, 44.9927006], [18.127829, 44.9927332], [18.1277263, 44.9927623], [18.1276442, 44.9927877], [18.1273412, 44.9929184], [18.1272694, 44.992962], [18.1271872, 44.9930164], [18.1271205, 44.99306], [18.1270434, 44.9931036], [18.1269767, 44.9931472], [18.1268792, 44.9931835], [18.1268381, 44.9932379], [18.1268329, 44.9932997], [18.1268894, 44.9933541], [18.1269767, 44.9933577], [18.1270691, 44.9933577], [18.1271307, 44.9934049], [18.127141, 44.9934667], [18.1271307, 44.9935284], [18.1270897, 44.9935865], [18.1270024, 44.9935611], [18.1269613, 44.9935066], [18.1268894, 44.9934703], [18.1268021, 44.9934885], [18.1267713, 44.9935502], [18.1267611, 44.9936119], [18.1267611, 44.993739], [18.1266686, 44.9939823], [18.1266532, 44.994044], [18.1266276, 44.9941093], [18.126607, 44.9941747], [18.1265968, 44.9942437], [18.1265968, 44.994309], [18.1265814, 44.9945051], [18.1265711, 44.9945777], [18.1265762, 44.9946394], [18.1266122, 44.9946975], [18.1266378, 44.9947593], [18.1266584, 44.9948173], [18.1266686, 44.99489], [18.1266686, 44.9949517], [18.1266173, 44.9950061], [18.1265352, 44.9950388], [18.1264479, 44.9950679], [18.1263657, 44.9951005], [18.1263144, 44.995155], [18.126186, 44.9953547], [18.1261758, 44.995391], [18.1261604, 44.9954564], [18.1261655, 44.9955834], [18.1261809, 44.9956488], [18.126186, 44.9957178], [18.126186, 44.9957831], [18.1261758, 44.9958449], [18.126145, 44.9959029], [18.1260936, 44.995961], [18.1260423, 44.9960119], [18.1260115, 44.99607], [18.1260166, 44.9961353], [18.1260577, 44.9961861], [18.1260782, 44.9962479], [18.1260782, 44.9963241], [18.1260525, 44.9963822], [18.1260217, 44.9964439], [18.1260012, 44.9965093], [18.1259807, 44.9966581], [18.1260063, 44.9967199], [18.1260577, 44.9967743], [18.1260782, 44.9968614], [18.1260423, 44.9969159], [18.1259704, 44.9969595], [18.1259293, 44.9970176], [18.1259344, 44.9970865], [18.1259396, 44.9971737], [18.1258831, 44.9972318], [18.1258112, 44.9972681], [18.1257291, 44.9972935], [18.125688, 44.9973516], [18.1256777, 44.9974169], [18.1256931, 44.9974823], [18.1256983, 44.997544], [18.1256367, 44.9975985], [18.1255596, 44.9976311], [18.1254826, 44.9976638], [18.1254364, 44.9977219], [18.1253954, 44.9977836], [18.1253389, 44.9978381], [18.1252619, 44.9978744], [18.1251951, 44.997918], [18.1251592, 44.9979761], [18.1251489, 44.9980378], [18.1251592, 44.9980995], [18.12519, 44.9981576], [18.1252362, 44.9982157], [18.1252516, 44.9983282], [18.1252413, 44.9983899], [18.1252054, 44.9984444], [18.1251848, 44.9985097], [18.1252054, 44.9985751], [18.1252362, 44.9986368], [18.1252773, 44.9986913], [18.125344, 44.9987348], [18.1254108, 44.9987711], [18.1254775, 44.9988183], [18.1255186, 44.9988692], [18.1255545, 44.9989273], [18.1255802, 44.998989], [18.1255853, 44.9990507], [18.1255956, 44.999116], [18.1256469, 44.9991778], [18.1257137, 44.9992286], [18.1257804, 44.9992758], [18.1258472, 44.9993266], [18.1259036, 44.9993738], [18.1259499, 44.9994246], [18.1259961, 44.9994755], [18.1260474, 44.9995263], [18.1261141, 44.9995699], [18.126186, 44.9996534], [18.1261912, 44.9997223], [18.1261758, 44.9997877], [18.1261296, 44.999853], [18.1260782, 44.9999075], [18.1260577, 44.9999728], [18.1260679, 45.0000382], [18.1261296, 45.0000854], [18.1262066, 45.0001144], [18.1262579, 45.0001689], [18.1262682, 45.0002306], [18.1263298, 45.0002778], [18.1264119, 45.0002996], [18.1264838, 45.0003395], [18.1265352, 45.0003903], [18.1265557, 45.0004484], [18.1265968, 45.0005029], [18.1266635, 45.0005356], [18.1267405, 45.0005573], [18.1268278, 45.0005755], [18.1269048, 45.0005937], [18.1269716, 45.0006336], [18.1269767, 45.0008405], [18.1269767, 45.0009022], [18.1269613, 45.0009894], [18.12691, 45.0010402], [18.1268432, 45.0010874], [18.1268227, 45.00116], [18.1268586, 45.0012217], [18.1269921, 45.0013016], [18.1270486, 45.001356], [18.1270845, 45.0014105], [18.1271051, 45.0014722], [18.1271153, 45.0015376], [18.1271256, 45.0016029], [18.1271513, 45.0016682], [18.1272026, 45.0017227], [18.1272386, 45.0017808], [18.127254, 45.0018425], [18.1272848, 45.0021003], [18.1272848, 45.0022963], [18.127295, 45.0023616], [18.1272899, 45.002427], [18.1272694, 45.0024923], [18.1272591, 45.0025577], [18.1272694, 45.002623], [18.1273377, 45.002728], [18.1273562, 45.002821], [18.1273796, 45.0028775], [18.1273938, 45.002916], [18.1274231, 45.0029935], [18.1273325, 45.0030107], [18.1270132, 45.0030576], [18.1269069, 45.0030808], [18.1268229, 45.0030945], [18.1267666, 45.0031146], [18.1267248, 45.0031365], [18.1266386, 45.0031805], [18.1264628, 45.0031147], [18.1263744, 45.0030924], [18.1248532, 45.0028818], [18.1245952, 45.002819], [18.124458, 45.0027605], [18.1235859, 45.0021539], [18.1232806, 45.0018736], [18.1232048, 45.0017045], [18.1232209, 45.0010727], [18.1232451, 45.0008993], [18.1232758, 45.0007532], [18.123238, 45.0000838], [18.1232001, 44.9998696], [18.1228037, 44.9989039], [18.1226153, 44.9985241], [18.1225115, 44.9980297], [18.1223622, 44.997584], [18.122262, 44.9974798], [18.1221117, 44.9972841], [18.1218708, 44.9969939], [18.1216578, 44.9967462], [18.1210566, 44.9965002], [18.1209596, 44.9964901], [18.1206567, 44.9965035], [18.12042, 44.9964366], [18.1193266, 44.9962023], [18.1191539, 44.9961671], [18.1187941, 44.9959144], [18.1186143, 44.995573], [18.1180629, 44.9949253], [18.1176378, 44.9931979], [18.1175374, 44.9927694], [18.1173529, 44.9922358], [18.1158998, 44.9920115], [18.1155826, 44.9919446], [18.1154927, 44.9919379], [18.1154122, 44.9919546], [18.1150762, 44.9919278], [18.1142053, 44.9916902], [18.1138597, 44.9916433], [18.113784, 44.9916299], [18.1136089, 44.9904014], [18.1138171, 44.9900767], [18.1141627, 44.9895076], [18.1142195, 44.9893436], [18.114225, 44.9891401], [18.1141982, 44.9889792], [18.1141848, 44.9888277], [18.1142652, 44.9885436], [18.114466, 44.988269], [18.1146534, 44.987985], [18.1146668, 44.9876725], [18.1145731, 44.9875305], [18.1144526, 44.9873979], [18.1141313, 44.9871612], [18.1139439, 44.987076], [18.1120562, 44.9868204], [18.1115849, 44.9867863], [18.1101953, 44.9865647], [18.1097535, 44.9864227], [18.1094054, 44.9862238], [18.1092314, 44.9861197], [18.1090574, 44.986025], [18.1086319, 44.9857049], [18.1085801, 44.9855615], [18.1085754, 44.9849645], [18.1086691, 44.9848224], [18.1088164, 44.984633], [18.1089553, 44.9843508], [18.1090492, 44.983991], [18.1089555, 44.9837599], [18.108661, 44.9831388], [18.1086022, 44.9829854], [18.1081872, 44.9828244], [18.1067625, 44.9826805], [18.1060104, 44.9821844], [18.1056755, 44.9819154], [18.1055123, 44.9817961], [18.1052139, 44.9815927], [18.1049335, 44.981493], [18.1045056, 44.9809779], [18.1043395, 44.980777], [18.1040504, 44.9803718], [18.1038897, 44.9801919], [18.1034613, 44.9798663], [18.1033007, 44.9796426], [18.1031936, 44.9791976], [18.1031218, 44.9790295], [18.1031562, 44.9788414], [18.1020155, 44.9786862], [18.1016139, 44.9784966], [18.1012015, 44.9783319], [18.1010114, 44.9782506], [18.1006703, 44.9781529], [18.1002894, 44.9781036], [18.0995923, 44.978118], [18.0991773, 44.9779665], [18.098789, 44.9777676], [18.0986016, 44.9776539], [18.0983205, 44.9774077], [18.0982, 44.9772751], [18.0977716, 44.9767353], [18.097544, 44.9764512], [18.0973699, 44.9763281], [18.0969951, 44.9761197], [18.0960713, 44.9760819], [18.0956162, 44.9761955], [18.0951744, 44.976366], [18.0947861, 44.9765364], [18.0940766, 44.9765838], [18.0934446, 44.9763697], [18.0913133, 44.9762534], [18.0909679, 44.9762117], [18.0907783, 44.9761104], [18.0905864, 44.9759806], [18.0903682, 44.9758262], [18.0900308, 44.9756245], [18.0898193, 44.9755326], [18.089395, 44.9753972], [18.0889759, 44.9752106], [18.0888286, 44.9750875], [18.0886653, 44.9750042], [18.0883948, 44.9748962], [18.0879662, 44.9746517], [18.0876371, 44.9743394], [18.0874562, 44.9738055], [18.087265, 44.9729418], [18.0872217, 44.9726921], [18.0871685, 44.9725209], [18.086874, 44.9720947], [18.0866866, 44.9718674], [18.0864885, 44.9716781], [18.086277, 44.971593], [18.0858459, 44.9714167], [18.0854551, 44.9712499], [18.0851554, 44.9711325], [18.0845848, 44.9709203], [18.0841831, 44.9707158], [18.0838082, 44.9705397], [18.082764, 44.9702194], [18.0821749, 44.9700015], [18.0819875, 44.9699163], [18.0815216, 44.9698444], [18.0808836, 44.9697756], [18.0803596, 44.9696663], [18.079899, 44.9694711], [18.079484, 44.9693385], [18.0790155, 44.969187], [18.078756, 44.9690657], [18.0773018, 44.9683383], [18.076927, 44.9681319], [18.0767128, 44.968003], [18.0764586, 44.9678155], [18.0763007, 44.9676867], [18.0760595, 44.9674063], [18.075848, 44.9669829], [18.075133, 44.966478], [18.074129, 44.9662317], [18.0739148, 44.966156], [18.0735131, 44.9659855], [18.0731784, 44.9658434], [18.0729241, 44.9657297], [18.0724823, 44.9655592], [18.0721342, 44.9653129], [18.0720444, 44.9651193], [18.0714667, 44.9646218], [18.0705411, 44.9639679], [18.070367, 44.9638353], [18.0701796, 44.9637121], [18.0700056, 44.9636079], [18.069778, 44.9634374], [18.0696237, 44.9633063], [18.0695504, 44.9632859], [18.0693496, 44.9631153], [18.0688888, 44.9628558], [18.0679305, 44.9622154], [18.0676895, 44.9619218], [18.0675021, 44.9616376], [18.0671406, 44.9612113], [18.0669532, 44.9610408], [18.0668059, 44.9609082], [18.0665783, 44.9607661], [18.0664043, 44.9606714], [18.0660479, 44.9604914], [18.0657479, 44.9603304], [18.0653333, 44.9601693], [18.0651191, 44.960103], [18.0648647, 44.9598188], [18.0645434, 44.959383], [18.0644631, 44.959222], [18.0644539, 44.9589075], [18.0649986, 44.958862], [18.0653467, 44.958521], [18.065427, 44.9583789], [18.0655475, 44.9582462], [18.0657213, 44.9579335], [18.0659089, 44.9576968], [18.0661422, 44.9575708], [18.0663916, 44.9574929], [18.0679706, 44.9576494], [18.0688676, 44.9568441], [18.0691889, 44.9564084], [18.0692559, 44.9562568], [18.0695504, 44.9554894], [18.0696143, 44.955314], [18.0697123, 44.9551511], [18.0698611, 44.9550046], [18.070043, 44.9548802], [18.0702185, 44.9547741], [18.0706482, 44.9546178], [18.0724421, 44.9544188], [18.0726429, 44.954362], [18.0731115, 44.9542009], [18.0735265, 44.9540588], [18.0741156, 44.953803], [18.0742896, 44.9537272], [18.0744503, 44.953623], [18.0747984, 44.9533862], [18.0748653, 44.9532346], [18.0748653, 44.9530735], [18.0747984, 44.9529219], [18.074844, 44.9522683], [18.0748787, 44.9521177], [18.0750542, 44.951986], [18.0754008, 44.9518324], [18.0753339, 44.9506386], [18.0746433, 44.9497879], [18.0744343, 44.9495963], [18.0740353, 44.94917], [18.0739415, 44.9490089], [18.0735935, 44.9482604], [18.073473, 44.9480519], [18.073232, 44.947654], [18.0730446, 44.947455], [18.0728705, 44.945522], [18.0726402, 44.9455363], [18.0724163, 44.9455313], [18.0720645, 44.9454602], [18.07179, 44.9452615], [18.0714687, 44.9448682], [18.0713683, 44.9447829], [18.071201, 44.9446503], [18.0709466, 44.9443565], [18.070719, 44.9440249], [18.0704781, 44.9438022], [18.070391, 44.9437359], [18.070043, 44.9435132], [18.0684565, 44.9431342], [18.0683561, 44.943082], [18.0664082, 44.9425656], [18.0662543, 44.9443044], [18.0660936, 44.9446598], [18.0658995, 44.9456452], [18.0657187, 44.9456452], [18.0653225, 44.9449158], [18.0644268, 44.9453041], [18.063898, 44.9448872], [18.0636504, 44.9447071], [18.0634228, 44.9446361], [18.0627266, 44.9445508], [18.0625231, 44.9434186], [18.0621442, 44.9434942], [18.0613448, 44.9436005], [18.0609996, 44.9438638], [18.0605954, 44.9436509], [18.060203, 44.9431673], [18.0601399, 44.9429995], [18.059875, 44.9423287], [18.0595336, 44.9422955], [18.0594399, 44.9422387], [18.0593596, 44.9421818], [18.0590919, 44.9415706], [18.0588977, 44.9415043], [18.0563221, 44.9393978], [18.0559432, 44.9393948], [18.0560796, 44.9390641], [18.0563742, 44.938704], [18.0564076, 44.9384055], [18.0563675, 44.9377943], [18.0563942, 44.9373488], [18.0565616, 44.936984], [18.0569164, 44.9358704], [18.0569015, 44.9337785], [18.0543861, 44.9323212], [18.0545131, 44.9321869], [18.0546835, 44.931939], [18.0547308, 44.9318988], [18.0551048, 44.9318518], [18.055455, 44.931309], [18.0555355, 44.931309], [18.0555118, 44.9311381], [18.0555497, 44.9310409], [18.0559236, 44.9304042], [18.055971, 44.9302903], [18.0560278, 44.9300624], [18.056449, 44.9298145], [18.0567945, 44.9297743], [18.0576797, 44.9295229], [18.0577601, 44.9288896], [18.0576607, 44.9287723], [18.0575093, 44.9270733], [18.0576891, 44.9268923], [18.0578406, 44.9267482], [18.0585506, 44.9265639], [18.05856, 44.9257395], [18.0584985, 44.9256088], [18.0572253, 44.9254814], [18.0571779, 44.9256256], [18.0559142, 44.9257965], [18.055687, 44.9258635], [18.0550148, 44.9261081], [18.0547829, 44.926202], [18.0542055, 44.9264433], [18.0541345, 44.9264734], [18.0524447, 44.926641], [18.0523311, 44.9267817], [18.0525819, 44.9269258], [18.0526813, 44.9271135], [18.0524731, 44.9272978], [18.0511288, 44.9274687], [18.0493207, 44.9276095], [18.0492105, 44.9274223], [18.0488805, 44.9274687], [18.0483836, 44.9276229], [18.0482037, 44.9277167], [18.0456525, 44.9278172], [18.0452691, 44.9276765], [18.044791, 44.9274201], [18.0447437, 44.9273782], [18.0448336, 44.9272911], [18.0447886, 44.9271403], [18.0445828, 44.9264181], [18.0443792, 44.9261634], [18.0443863, 44.926021], [18.0444692, 44.9258568], [18.0443603, 44.9257512], [18.0442798, 44.9255585], [18.0439438, 44.9252871], [18.0438799, 44.9252519], [18.0439651, 44.9251262], [18.0440834, 44.9237371], [18.0439414, 44.9234623], [18.0438609, 44.921614], [18.0437473, 44.921629], [18.0435911, 44.9216156], [18.043487, 44.9215704], [18.0430634, 44.9211397], [18.0430279, 44.9203789], [18.0431107, 44.9203203], [18.0430823, 44.9199851], [18.0428433, 44.919479], [18.043582, 44.9192949], [18.043584, 44.9191774], [18.0435864, 44.9190923], [18.0435981, 44.9189683], [18.0436342, 44.9189237], [18.0437565, 44.9188914], [18.0439563, 44.9189199], [18.0440703, 44.9188696], [18.0441762, 44.9188382], [18.0444351, 44.9189266], [18.0447835, 44.9189657], [18.0450759, 44.9185978], [18.0452844, 44.9183515], [18.0454114, 44.9179627], [18.0454463, 44.9177034], [18.0456416, 44.9174058], [18.0457643, 44.9172118], [18.0460832, 44.9167558], [18.0461489, 44.9166319], [18.0462536, 44.9165058], [18.0464193, 44.9164625], [18.046509, 44.916466], [18.0466394, 44.9164575], [18.0469659, 44.916315], [18.047074, 44.916164], [18.0469328, 44.9160284], [18.0469707, 44.9158994], [18.0469446, 44.9157871], [18.0468626, 44.9156261], [18.0469462, 44.9155741], [18.0470511, 44.9155508], [18.0471979, 44.9155424], [18.0474038, 44.9154352], [18.0476712, 44.9152324], [18.0473375, 44.9147966], [18.047257, 44.9143324], [18.0473848, 44.9140978], [18.0474345, 44.9140223], [18.0467032, 44.9136302], [18.0459881, 44.9134344], [18.0459341, 44.913424], [18.0452751, 44.9132691], [18.0449936, 44.9131701], [18.0438368, 44.9128837], [18.0433568, 44.9127503], [18.0421413, 44.9119783], [18.0398782, 44.9122005], [18.0398338, 44.9122065], [18.0396486, 44.9122198], [18.0392128, 44.912196], [18.0390823, 44.9121763], [18.0387683, 44.9121293], [18.0385543, 44.9120683], [18.0383327, 44.9119456], [18.0381156, 44.9118165], [18.0378972, 44.911752], [18.0377463, 44.9117458], [18.0372012, 44.9117572], [18.0361623, 44.9117983], [18.03567, 44.9114966], [18.0349222, 44.9113692], [18.0346098, 44.911101], [18.0344583, 44.9108664], [18.0345246, 44.9096864], [18.0345558, 44.9095431], [18.0349049, 44.909069], [18.0349831, 44.9089598], [18.0351412, 44.9073141], [18.0352324, 44.9069379], [18.0353482, 44.9067499], [18.0354144, 44.906656], [18.0356999, 44.9063137], [18.0358, 44.9060782], [18.0358069, 44.9055608], [18.0357636, 44.9053832], [18.0357379, 44.9047915], [18.0358403, 44.9045493], [18.0360211, 44.9042922], [18.0362104, 44.9039534], [18.0362664, 44.9030823], [18.0362286, 44.9029683], [18.0358499, 44.901587], [18.0357742, 44.9013657], [18.0358026, 44.9005745], [18.035831, 44.9004605], [18.0358404, 44.9003398], [18.035812, 44.8999911], [18.035812, 44.8997698], [18.0358499, 44.8996558], [18.0359824, 44.8994413], [18.0362854, 44.8990792], [18.0366451, 44.8985494], [18.0367492, 44.8984287], [18.0368711, 44.8982257], [18.0370807, 44.8979813], [18.0373929, 44.8975838], [18.0375539, 44.8973826], [18.0378568, 44.8969803], [18.0380177, 44.8967791], [18.0383396, 44.89637], [18.0384153, 44.8962761], [18.0385952, 44.8960951], [18.0388224, 44.8957128], [18.0391916, 44.8948075], [18.0392957, 44.8945929], [18.0394661, 44.8942643], [18.0397122, 44.8939424], [18.0399361, 44.8937198], [18.0401193, 44.893587], [18.0404696, 44.8933523], [18.0405832, 44.8932718], [18.0414446, 44.8927286], [18.0416311, 44.8924647], [18.0416943, 44.8923848], [18.0417037, 44.8923465], [18.0416989, 44.8922751], [18.0416142, 44.8922265], [18.041237, 44.8919195], [18.0410998, 44.8915591], [18.0402731, 44.8908928], [18.0402564, 44.8900463], [18.0400857, 44.8898258], [18.0396974, 44.8894488], [18.0396706, 44.8894085], [18.0388071, 44.8887635], [18.038526, 44.8885169], [18.038362, 44.8883414], [18.0381779, 44.8882252], [18.0375018, 44.8879502], [18.0373713, 44.8879336], [18.0366551, 44.8877012], [18.0366183, 44.8875779], [18.0361832, 44.8874712], [18.0357447, 44.8872744], [18.0353699, 44.88717], [18.0350251, 44.8870159], [18.034503, 44.8868428], [18.0342353, 44.8867171], [18.0328128, 44.8864349], [18.0324982, 44.8863069], [18.0319527, 44.8862405], [18.0316983, 44.8860887], [18.0316548, 44.8861195], [18.0314908, 44.8861504], [18.031223, 44.885797], [18.0310758, 44.8857425], [18.0306641, 44.8858113], [18.0300836, 44.8855962], [18.0297939, 44.8854888], [18.0295429, 44.8855504], [18.0293521, 44.8854461], [18.0285288, 44.8853299], [18.0282108, 44.8851662], [18.0259316, 44.8850097], [18.0255467, 44.8852208], [18.0255099, 44.885254], [18.0251952, 44.8851971], [18.0250982, 44.885152], [18.0243134, 44.8848994], [18.022865, 44.8846915], [18.0226284, 44.8845373], [18.0216723, 44.8843092], [18.0205123, 44.8839853], [18.02078, 44.8836402], [18.0208269, 44.8835821], [18.0208018, 44.8835169], [18.0206428, 44.8833628], [18.0203031, 44.8836462], [18.0197073, 44.8841442], [18.0194178, 44.8843849], [18.0190095, 44.8842248], [18.0188689, 44.8844287], [18.0185393, 44.884718], [18.0182447, 44.8847975], [18.0177996, 44.8849196], [18.0168156, 44.8850322], [18.0164642, 44.8852587], [18.0162527, 44.8855257], [18.0160776, 44.8855391], [18.0159309, 44.8854855], [18.0156327, 44.8854117], [18.0152398, 44.8855157], [18.0148185, 44.8854788], [18.0143405, 44.8853949], [18.0141417, 44.8855157], [18.013498, 44.8855391], [18.0134648, 44.8854888], [18.0103314, 44.8852038], [18.010232, 44.8851971], [18.0100664, 44.8851937], [18.0099812, 44.8852239], [18.0088073, 44.8853916], [18.0083387, 44.8855492], [18.0074962, 44.885509], [18.0074157, 44.8854888], [18.0065922, 44.8852809], [18.0064928, 44.8851904], [18.0062798, 44.8852071], [18.0061946, 44.8852239], [18.0059721, 44.885187], [18.0023417, 44.8852004], [18.0022518, 44.8852172], [18.0019678, 44.885358], [18.001698, 44.8855291], [18.001059, 44.8857538], [18.0007797, 44.8858175], [17.9993881, 44.885955], [17.9993881, 44.8861294], [17.9981007, 44.8863775], [17.9978214, 44.8864178], [17.9972061, 44.8864748], [17.9968843, 44.886401], [17.9968038, 44.8864044], [17.9967281, 44.8864345], [17.9963305, 44.8865754], [17.9962121, 44.886733], [17.9938076, 44.8869946], [17.993642, 44.8870382], [17.9929746, 44.8871824], [17.9927474, 44.8873735], [17.992506, 44.8876217], [17.9924397, 44.8876552], [17.9920942, 44.8878464], [17.9917487, 44.8882655], [17.9906932, 44.8884332], [17.9905133, 44.8873098], [17.9904368, 44.8872101], [17.9903631, 44.8871581], [17.9900636, 44.887018], [17.9899453, 44.8869342], [17.9897985, 44.8864538], [17.9895425, 44.8858306], [17.9894886, 44.8857308], [17.9894149, 44.8856081], [17.9893265, 44.8853126], [17.9892312, 44.8852042], [17.988119, 44.8845422], [17.9876847, 44.8844008], [17.9868459, 44.8840405], [17.986419, 44.8838992], [17.9856873, 44.8836336], [17.9854144, 44.8834815], [17.985089, 44.8832654], [17.9847785, 44.8831138], [17.984249, 44.8829171], [17.9836579, 44.8826123], [17.9827915, 44.8822023], [17.9825075, 44.8820547], [17.982356, 44.8818535], [17.9821857, 44.8816523], [17.9820153, 44.881451], [17.981807, 44.8812632], [17.9814283, 44.8808742], [17.9812201, 44.8806863], [17.9810118, 44.8805119], [17.9807467, 44.8803644], [17.9801479, 44.8800986], [17.979779, 44.8798812], [17.9795712, 44.8797261], [17.9793271, 44.8796482], [17.9786244, 44.8796881], [17.9781818, 44.8796558], [17.977758, 44.8796577], [17.9770884, 44.8797515], [17.9765213, 44.8798842], [17.976209, 44.8799534], [17.9761165, 44.8798477], [17.9761353, 44.879708], [17.9761999, 44.8795689], [17.9763431, 44.8793715], [17.9766761, 44.878996], [17.9769223, 44.878835], [17.9776228, 44.8783654], [17.9778311, 44.8781776], [17.9780204, 44.8780032], [17.9782287, 44.8778422], [17.9784369, 44.8776678], [17.9788156, 44.8772921], [17.9790428, 44.8771043], [17.979251, 44.8769165], [17.9794404, 44.8767286], [17.9796342, 44.8765764], [17.9798937, 44.8764307], [17.9801375, 44.8762836], [17.9800617, 44.8761876], [17.9795161, 44.8754474], [17.9792794, 44.8748033], [17.978844, 44.8743874], [17.979085, 44.8742099], [17.9787369, 44.873968], [17.9788975, 44.8737356], [17.9790783, 44.8736454], [17.9793192, 44.8734747], [17.9792649, 44.8733227], [17.9793122, 44.8731114], [17.9796861, 44.8726988], [17.9797098, 44.8726451], [17.9796908, 44.8724673], [17.9796861, 44.8724103], [17.9801831, 44.8721923], [17.9803772, 44.8721286], [17.9805807, 44.8719843], [17.9805854, 44.8718032], [17.9810256, 44.8717797], [17.9812481, 44.8715348], [17.9814327, 44.8714577], [17.9814705, 44.8712363], [17.9818823, 44.8709545], [17.9821332, 44.8706157], [17.9822894, 44.8704446], [17.9824693, 44.8696899], [17.9827154, 44.8694987], [17.9831177, 44.8691129], [17.9831935, 44.8691498], [17.9833858, 44.8688097], [17.9835531, 44.8685725], [17.9838819, 44.8681982], [17.984005, 44.8681127], [17.9843907, 44.8675877], [17.9848783, 44.8672992], [17.9848806, 44.8669704], [17.9848333, 44.8667792], [17.9846818, 44.8666735], [17.9848617, 44.8664773], [17.9850368, 44.8660512], [17.9848238, 44.8659422], [17.9848475, 44.8658935], [17.9851646, 44.8657728], [17.9852758, 44.8654977], [17.9853208, 44.865449], [17.985238, 44.8653417], [17.9852687, 44.8651756], [17.9856498, 44.8648603], [17.9857018, 44.8647831], [17.9857255, 44.8642447], [17.9856829, 44.8640501], [17.985664, 44.8639343], [17.9857918, 44.8638488], [17.9861184, 44.8627115], [17.9861326, 44.8626477], [17.9860971, 44.8626175], [17.9860308, 44.8621093], [17.9861302, 44.8619885], [17.986284, 44.8609132], [17.9861184, 44.8606213], [17.9857137, 44.8601902], [17.9856924, 44.8601684], [17.9855172, 44.8599671], [17.9855069, 44.8599437], [17.9854612, 44.8598999], [17.9854352, 44.8598764], [17.9854068, 44.8598579], [17.9853807, 44.8598361], [17.9853784, 44.8598076], [17.9853784, 44.8597522], [17.9853665, 44.8597237], [17.9853429, 44.8597002], [17.9853239, 44.8596767], [17.9852648, 44.8595979], [17.9852435, 44.8595727], [17.9852293, 44.8595476], [17.9852316, 44.8595207], [17.9852411, 44.8594889], [17.9852411, 44.8594603], [17.9852245, 44.8594368], [17.9852056, 44.8594117], [17.9851961, 44.8593832], [17.9851961, 44.8593563], [17.9852032, 44.8593278], [17.9852127, 44.8592993], [17.9852127, 44.8592724], [17.9851985, 44.8592456], [17.9851725, 44.8592204], [17.9851441, 44.8592003], [17.9851015, 44.8591886], [17.9850565, 44.8591886], [17.9850092, 44.8591902], [17.9849689, 44.8591902], [17.984924, 44.8591886], [17.9848885, 44.8591785], [17.9848553, 44.8591617], [17.9848246, 44.8591416], [17.9847962, 44.8591181], [17.9847701, 44.8590946], [17.9847441, 44.8590695], [17.9847204, 44.859046], [17.984711, 44.8590175], [17.9847062, 44.8589906], [17.984685, 44.8589638], [17.9846589, 44.8589436], [17.9845974, 44.8589067], [17.9845643, 44.8588883], [17.9845335, 44.8588698], [17.9845098, 44.8588161], [17.9844814, 44.858796], [17.9844412, 44.8587927], [17.9843962, 44.8587994], [17.984356, 44.8588111], [17.9843229, 44.8588296], [17.9842897, 44.8588497], [17.9842542, 44.8588648], [17.9842187, 44.8588497], [17.9842045, 44.8588212], [17.9842022, 44.8587927], [17.9842069, 44.8587641], [17.9842069, 44.8587356], [17.9842093, 44.8587088], [17.9841998, 44.8586819], [17.9841738, 44.8586568], [17.9841477, 44.858635], [17.984117, 44.8586165], [17.9840767, 44.8586031], [17.9840365, 44.8586081], [17.9839986, 44.8586199], [17.9839631, 44.8586383], [17.9839324, 44.8586601], [17.9838921, 44.8586652], [17.9838495, 44.8586618], [17.9838117, 44.8586501], [17.9837833, 44.8586299], [17.9837785, 44.8586031], [17.9837975, 44.8585461], [17.983814, 44.8585712], [17.9838282, 44.858489], [17.983833, 44.8584571], [17.9838401, 44.8584286], [17.9838424, 44.8584001], [17.9838424, 44.8583716], [17.9838353, 44.8583397], [17.9838306, 44.8583095], [17.9838282, 44.8582827], [17.983833, 44.8582558], [17.9838448, 44.8582256], [17.9838685, 44.8581552], [17.9838779, 44.8581283], [17.9838874, 44.8580981], [17.9839063, 44.8580679], [17.9839205, 44.8580394], [17.98393, 44.8580126], [17.9839466, 44.8579841], [17.983956, 44.8579572], [17.9839655, 44.8579203], [17.9839655, 44.8578582], [17.983956, 44.8577979], [17.9839371, 44.8577375], [17.9839276, 44.8577022], [17.9839205, 44.8576737], [17.9839158, 44.8576116], [17.9839111, 44.8575781], [17.9839111, 44.8575496], [17.9839229, 44.8575194], [17.9839442, 44.8574808], [17.9839513, 44.8574506], [17.9839205, 44.8574288], [17.983885, 44.8574103], [17.9838448, 44.8573935], [17.9838093, 44.8573751], [17.9837927, 44.8573499], [17.9837714, 44.8573248], [17.9837312, 44.8573164], [17.9836886, 44.8573248], [17.983646, 44.8573264], [17.9836105, 44.8573113], [17.9836034, 44.8572845], [17.9836105, 44.8572543], [17.9836176, 44.8572275], [17.9836223, 44.8571989], [17.9836176, 44.8571721], [17.9836034, 44.8571453], [17.9835703, 44.8571268], [17.9835324, 44.8571151], [17.9834922, 44.8570983], [17.9834567, 44.8570865], [17.9834212, 44.8570698], [17.9833833, 44.8570513], [17.9833454, 44.8570362], [17.9833076, 44.8570245], [17.9832626, 44.8570278], [17.9832247, 44.8570396], [17.9831869, 44.8570496], [17.9831537, 44.8570295], [17.983123, 44.8569708], [17.9831159, 44.8569423], [17.9831159, 44.8569137], [17.9831324, 44.8568903], [17.9831537, 44.8568684], [17.9831703, 44.8568433], [17.9831892, 44.8568181], [17.9832034, 44.8567946], [17.9832153, 44.8567661], [17.9832153, 44.8567376], [17.9832129, 44.8567057], [17.9831798, 44.8566487], [17.9831527, 44.8565762], [17.9831493, 44.856556], [17.9831493, 44.8565359], [17.983156, 44.8565157], [17.9831744, 44.8564837], [17.9832112, 44.8564445], [17.9832531, 44.856422], [17.9832815, 44.8564172], [17.983315, 44.8564172], [17.9833418, 44.8564196], [17.9833669, 44.8564279], [17.9834346, 44.8564614], [17.9834784, 44.8564656], [17.9834985, 44.8564698], [17.9835399, 44.8564773], [17.9835588, 44.8564815], [17.9835813, 44.8564866], [17.9836192, 44.8564933], [17.9836606, 44.8564933], [17.9836795, 44.8564891], [17.9836961, 44.856484], [17.9837103, 44.8564748], [17.9837209, 44.8564631], [17.9837268, 44.8564505], [17.9837292, 44.8564371], [17.9837292, 44.8564228], [17.9837257, 44.8563934], [17.9837245, 44.8563515], [17.9837197, 44.8563364], [17.9837103, 44.8563247], [17.9836866, 44.8563012], [17.9836724, 44.8562919], [17.9836547, 44.8562844], [17.9836369, 44.8562777], [17.9836227, 44.8562685], [17.983618, 44.8562534], [17.983618, 44.8562391], [17.983631, 44.8562282], [17.9836476, 44.8562206], [17.9836665, 44.8562165], [17.9836854, 44.8562106], [17.983702, 44.8562039], [17.9837138, 44.8561921], [17.9837186, 44.8561779], [17.9837174, 44.8561628], [17.9837044, 44.8561493], [17.9836866, 44.856141], [17.9836641, 44.8561384], [17.9836405, 44.8561435], [17.9836203, 44.856146], [17.9835789, 44.8561527], [17.9835576, 44.8561527], [17.9835363, 44.8561519], [17.983521, 44.8561418], [17.9835186, 44.8561275], [17.9835328, 44.8561175], [17.9835493, 44.8561099], [17.9835884, 44.8560982], [17.9836109, 44.8560915], [17.9836274, 44.8560831], [17.9836322, 44.8560671], [17.9836298, 44.8560529], [17.9836192, 44.8560403], [17.9836014, 44.8560311], [17.9835848, 44.8560218], [17.9835647, 44.8560126], [17.9835351, 44.8559916], [17.9835174, 44.8559858], [17.9834949, 44.8559833], [17.9834724, 44.8559849], [17.9834523, 44.8559891], [17.9834298, 44.85599], [17.9834085, 44.8559891], [17.9833932, 44.8559807], [17.9833872, 44.8559665], [17.9833943, 44.8559531], [17.9834109, 44.8559447], [17.9834298, 44.8559371], [17.9834429, 44.8559271], [17.9834547, 44.8559145], [17.9834653, 44.8559027], [17.9834736, 44.8558876], [17.9834784, 44.8558574], [17.9834795, 44.8558281], [17.9834819, 44.8558121], [17.983476, 44.8557794], [17.9834831, 44.8557375], [17.9834831, 44.8557232], [17.9834784, 44.8557098], [17.9834689, 44.8556972], [17.9834582, 44.8556855], [17.9834393, 44.8556762], [17.9834216, 44.8556704], [17.9834014, 44.855667], [17.983379, 44.8556653], [17.9833565, 44.8556662], [17.9833304, 44.8556695], [17.9833103, 44.8556729], [17.983289, 44.8556737], [17.9832677, 44.8556704], [17.9832488, 44.8556611], [17.9832322, 44.8556536], [17.9832145, 44.8556452], [17.9831979, 44.8556335], [17.9831849, 44.8556226], [17.9831683, 44.8556142], [17.9831257, 44.8556083], [17.9831044, 44.8556066], [17.9830831, 44.8556024], [17.983063, 44.8555982], [17.9830453, 44.8555873], [17.9830311, 44.8555764], [17.9830251, 44.8555638], [17.9830228, 44.8555496], [17.9830263, 44.8555353], [17.9830429, 44.8555227], [17.9830583, 44.8555152], [17.983076, 44.8555102], [17.9830938, 44.8554993], [17.9831056, 44.8554867], [17.9831139, 44.8554732], [17.9831151, 44.8554464], [17.983108, 44.8554263], [17.9831021, 44.855412], [17.9830784, 44.8553885], [17.9830642, 44.8553785], [17.9830464, 44.8553701], [17.9829861, 44.8553592], [17.9829683, 44.8553525], [17.9829577, 44.8553399], [17.9829541, 44.8553248], [17.9829601, 44.8553114], [17.9829719, 44.8553004], [17.9829885, 44.8552946], [17.9830098, 44.8552929], [17.9830287, 44.8552929], [17.9830476, 44.8552887], [17.9830642, 44.8552812], [17.9830772, 44.8552702], [17.983089, 44.8552585], [17.9830938, 44.8552442], [17.9830961, 44.85523], [17.9830961, 44.8552031], [17.9830902, 44.8551755], [17.9830867, 44.855157], [17.9830819, 44.8551276], [17.9830808, 44.8551117], [17.9830796, 44.8550949], [17.9830796, 44.8550798], [17.9830819, 44.8550656], [17.9830867, 44.8550505], [17.9830902, 44.8550211], [17.9830867, 44.8550077], [17.9830737, 44.8549951], [17.9830583, 44.854985], [17.9830429, 44.8549758], [17.9830228, 44.8549691], [17.9829896, 44.8549515], [17.9829778, 44.8549389], [17.9829707, 44.8549255], [17.982966, 44.8548961], [17.9829695, 44.8548802], [17.9829754, 44.8548668], [17.9829849, 44.854855], [17.9829979, 44.8548433], [17.9830145, 44.8548357], [17.9830453, 44.8548055], [17.9830464, 44.8547921], [17.9830476, 44.854777], [17.9830453, 44.8547569], [17.9830382, 44.8547443], [17.9830263, 44.8547309], [17.9830133, 44.8547183], [17.9829991, 44.8547082], [17.9829861, 44.8546965], [17.9829695, 44.8546864], [17.9829482, 44.8546789], [17.9829281, 44.8546722], [17.9829033, 44.854668], [17.982882, 44.8546646], [17.9828654, 44.8546571], [17.98285, 44.854647], [17.982837, 44.8546361], [17.9828263, 44.8546243], [17.9828133, 44.8546118], [17.9828039, 44.8545983], [17.9827968, 44.8545858], [17.9827885, 44.854569], [17.9827861, 44.8545539], [17.9827849, 44.8545061], [17.9827956, 44.8544784], [17.982805, 44.8544616], [17.9828169, 44.8544473], [17.9828263, 44.8544339], [17.9828382, 44.8544222], [17.9828919, 44.8543744], [17.9829061, 44.8543476], [17.9829274, 44.8543224], [17.9829535, 44.8543023], [17.9829558, 44.8542721], [17.9829322, 44.8542469], [17.9829038, 44.8542251], [17.9828825, 44.8541999], [17.9829038, 44.8541765], [17.9829605, 44.8541395], [17.9829913, 44.8541228], [17.9830505, 44.8540842], [17.9830789, 44.854064], [17.9831049, 44.8540406], [17.9831238, 44.8540104], [17.9831357, 44.8539835], [17.983138, 44.853955], [17.983138, 44.8539281], [17.9831333, 44.8538996], [17.9831262, 44.8538694], [17.9830978, 44.8538124], [17.9830741, 44.8537889], [17.9830339, 44.8537805], [17.9829937, 44.8537805], [17.982944, 44.8537839], [17.9829038, 44.8537855], [17.9828564, 44.8537855], [17.9828115, 44.8537805], [17.9827736, 44.8537671], [17.9827381, 44.853752], [17.982705, 44.8537319], [17.9826766, 44.8537084], [17.9826553, 44.8536832], [17.9826411, 44.8536564], [17.9826387, 44.8536278], [17.9826387, 44.8535993], [17.9826553, 44.8535725], [17.9826813, 44.853549], [17.9827239, 44.853544], [17.9827618, 44.8535456], [17.9827973, 44.8535591], [17.9828328, 44.8535674], [17.982873, 44.8535607], [17.9829014, 44.8535406], [17.9829393, 44.853549], [17.9829582, 44.8535741], [17.9829653, 44.8536027], [17.9829866, 44.8536278], [17.9830268, 44.8536295], [17.9830623, 44.8536194], [17.9831025, 44.8536027], [17.9831333, 44.8535825], [17.9831593, 44.8535607], [17.9832114, 44.8535205], [17.9832587, 44.8534987], [17.9832729, 44.8534366], [17.9832753, 44.8534081], [17.98328, 44.8533795], [17.9832824, 44.853351], [17.9832824, 44.853294], [17.9832777, 44.8532671], [17.9832635, 44.8532403], [17.9832398, 44.8532168], [17.9832138, 44.8531933], [17.9831783, 44.8531748], [17.9831428, 44.8531614], [17.9831144, 44.853143], [17.9830931, 44.8531161], [17.9830741, 44.8530876], [17.9830457, 44.8530306], [17.9830292, 44.8530037], [17.983015, 44.8529769], [17.9830055, 44.8529467], [17.9829984, 44.8529165], [17.9829889, 44.8528863], [17.9829724, 44.8528628], [17.9829511, 44.852841], [17.9829203, 44.8528208], [17.9828872, 44.8528057], [17.982847, 44.8527974], [17.9828067, 44.8527957], [17.9827665, 44.8527957], [17.982731, 44.8528091], [17.9826979, 44.8528276], [17.9826671, 44.852846], [17.9826269, 44.8528393], [17.9825914, 44.8528208], [17.9825701, 44.852794], [17.9825582, 44.8527688], [17.9825393, 44.8527437], [17.9825133, 44.8527185], [17.9824896, 44.8526967], [17.9824565, 44.8526732], [17.982421, 44.8526598], [17.9823807, 44.8526464], [17.9823381, 44.8526396], [17.9822955, 44.8526363], [17.9822529, 44.8526346], [17.9822151, 44.8526229], [17.9821914, 44.8525994], [17.9821796, 44.8525692], [17.9821843, 44.8525407], [17.9822009, 44.8525172], [17.9822269, 44.852492], [17.9822671, 44.8524652], [17.9823003, 44.8524484], [17.9823358, 44.8524316], [17.9823689, 44.8524165], [17.9823855, 44.8524031], [17.9824588, 44.8523662], [17.9824872, 44.8523494], [17.9825133, 44.8523293], [17.9825204, 44.8523007], [17.9825109, 44.8522722], [17.9824849, 44.8522471], [17.9824517, 44.8522286], [17.9824233, 44.8522068], [17.9824068, 44.8521833], [17.9823973, 44.8521565], [17.9823997, 44.8521279], [17.9824328, 44.8521128], [17.9824707, 44.8520994], [17.9824896, 44.8520776], [17.9825275, 44.8520625], [17.9825724, 44.8520608], [17.9826103, 44.8520608], [17.9826505, 44.8520575], [17.982686, 44.8520457], [17.9827168, 44.8520306], [17.9827499, 44.8520105], [17.9827736, 44.8519904], [17.9827925, 44.8519635], [17.9828186, 44.8519417], [17.9828422, 44.8519199], [17.9828635, 44.8518964], [17.9828896, 44.8518696], [17.9829132, 44.8518394], [17.9829511, 44.8517924], [17.9829724, 44.8517689], [17.982996, 44.8517488], [17.9830173, 44.8517253], [17.9830244, 44.8516967], [17.9830244, 44.8516665], [17.9830197, 44.8516347], [17.9830197, 44.8516061], [17.983041, 44.8515776], [17.9830647, 44.8515558], [17.9830789, 44.8515004], [17.9830836, 44.8514434], [17.9830836, 44.8514149], [17.9830741, 44.8513612], [17.9830647, 44.8513343], [17.9830599, 44.8513058], [17.983041, 44.8512756], [17.9830221, 44.8512521], [17.9830173, 44.8512236], [17.9830197, 44.8511951], [17.9830292, 44.8511666], [17.9830434, 44.8511397], [17.9830528, 44.8511145], [17.9830576, 44.851086], [17.9830599, 44.8510575], [17.9830528, 44.851029], [17.9830386, 44.8510021], [17.9830505, 44.8509736], [17.9830741, 44.8509501], [17.9831049, 44.85093], [17.9831451, 44.8509199], [17.9831806, 44.8509115], [17.9832209, 44.8509031], [17.9832564, 44.850888], [17.9832919, 44.8508696], [17.9833155, 44.8508478], [17.9833297, 44.8508226], [17.9833392, 44.8507958], [17.9833416, 44.8507639], [17.9833226, 44.850732], [17.9833084, 44.8507035], [17.9832919, 44.8506783], [17.9832611, 44.8506263], [17.9832469, 44.8505995], [17.9832351, 44.8505709], [17.9832256, 44.8505424], [17.9832138, 44.8505139], [17.9832019, 44.8504837], [17.9831877, 44.8504216], [17.9831854, 44.8503914], [17.9831854, 44.8503344], [17.983183, 44.8503075], [17.9831783, 44.8502807], [17.9831712, 44.8502505], [17.9831641, 44.8502236], [17.9831522, 44.8501968], [17.9831357, 44.8501699], [17.983112, 44.8501448], [17.9830907, 44.8501213], [17.9830647, 44.8500978], [17.9830434, 44.8500743], [17.9830363, 44.8500475], [17.9830505, 44.8500223], [17.9830883, 44.8500139], [17.9831357, 44.8500139], [17.9831735, 44.8500156], [17.9832516, 44.8500156], [17.9832942, 44.8500105], [17.9833297, 44.8500005], [17.9833605, 44.8499803], [17.9833842, 44.8499602], [17.9834126, 44.8499384], [17.983441, 44.8499216], [17.9834812, 44.8499149], [17.9835167, 44.8499048], [17.9835569, 44.8498914], [17.9835901, 44.8498696], [17.9836161, 44.8498478], [17.9836256, 44.8498159], [17.9836279, 44.8497891], [17.9836256, 44.8497622], [17.9836161, 44.849732], [17.9835924, 44.8497069], [17.9835569, 44.8496901], [17.9835214, 44.8496767], [17.9834812, 44.8496649], [17.9834433, 44.8496498], [17.9834078, 44.8496381], [17.9833676, 44.849623], [17.9833368, 44.8496012], [17.9833226, 44.8495743], [17.983325, 44.8495458], [17.9833463, 44.849524], [17.9833818, 44.8495156], [17.9834197, 44.8495173], [17.9834552, 44.8495307], [17.983493, 44.8495407], [17.9835333, 44.8495441], [17.9835711, 44.8495424], [17.9836066, 44.8495324], [17.9836327, 44.8495122], [17.9836469, 44.8494854], [17.9836469, 44.8494569], [17.9836492, 44.8494283], [17.9836469, 44.8493998], [17.9836398, 44.8493696], [17.9836256, 44.8493428], [17.9836066, 44.8493142], [17.9835546, 44.8492639], [17.9835262, 44.8492404], [17.9834883, 44.849227], [17.9834504, 44.8492119], [17.9834552, 44.849185], [17.9834741, 44.8491599], [17.983493, 44.8491381], [17.9835049, 44.8491129], [17.9835096, 44.8490844], [17.9835049, 44.8490559], [17.983493, 44.849029], [17.9834788, 44.8490022], [17.9834646, 44.848977], [17.9834599, 44.8489485], [17.9834694, 44.8489199], [17.9834907, 44.8488965], [17.9835214, 44.8488797], [17.9835569, 44.8488646], [17.9835901, 44.8488461], [17.9836185, 44.848826], [17.9836492, 44.8488058], [17.9836847, 44.8487589], [17.9837037, 44.848732], [17.9837155, 44.8487069], [17.9837155, 44.8486783], [17.9836989, 44.8486532], [17.9836658, 44.8486313], [17.9836327, 44.8486146], [17.983609, 44.8485911], [17.9836066, 44.8485609], [17.983635, 44.8485072], [17.9836563, 44.848482], [17.9836753, 44.8484569], [17.9836847, 44.84843], [17.9836847, 44.8484015], [17.9836776, 44.8483662], [17.9836753, 44.8483394], [17.9836753, 44.8483109], [17.9836942, 44.848284], [17.9837226, 44.8482639], [17.9837628, 44.8482605], [17.9837983, 44.8482773], [17.9838291, 44.8482958], [17.9838622, 44.8483142], [17.9839001, 44.8483226], [17.983938, 44.8483159], [17.9839687, 44.8482924], [17.9839853, 44.8482689], [17.9839877, 44.8482404], [17.9839877, 44.8482136], [17.9839829, 44.8481867], [17.9839735, 44.8481565], [17.9839569, 44.8481263], [17.9839356, 44.8480995], [17.9839096, 44.848076], [17.9838906, 44.8480508], [17.9838835, 44.8480223], [17.9839001, 44.8479938], [17.9839285, 44.8479736], [17.9839593, 44.8479552], [17.9839829, 44.8479317], [17.9839995, 44.8479065], [17.9840042, 44.847878], [17.9840066, 44.8478511], [17.984009, 44.8478209], [17.984009, 44.8477924], [17.9839782, 44.8477303], [17.9839616, 44.8477035], [17.9839427, 44.8476716], [17.9839285, 44.8476464], [17.9839072, 44.8476146], [17.983893, 44.8475894], [17.9838693, 44.8475659], [17.9838338, 44.8475474], [17.9838054, 44.8475273], [17.9837581, 44.8474803], [17.983725, 44.8474602], [17.98368, 44.8474652], [17.9836492, 44.8474854], [17.9836208, 44.8475072], [17.9835948, 44.8475323], [17.9835688, 44.8475558], [17.9835238, 44.8475491], [17.9834907, 44.847529], [17.9834646, 44.8475072], [17.9834504, 44.847482], [17.9834386, 44.8474518], [17.9834386, 44.8473981], [17.9834433, 44.8473696], [17.9834575, 44.8473142], [17.9834717, 44.847289], [17.9834954, 44.8472622], [17.9835167, 44.8472387], [17.9835522, 44.8472253], [17.9835901, 44.847227], [17.9836232, 44.8472404], [17.9836516, 44.8472588], [17.98368, 44.8472806], [17.9837273, 44.8473327], [17.9837439, 44.8473595], [17.9837699, 44.8473847], [17.9838054, 44.8473964], [17.9838433, 44.8473998], [17.9838835, 44.8473998], [17.983919, 44.8473914], [17.9839474, 44.8473713], [17.9839522, 44.8473427], [17.9839522, 44.8473125], [17.983938, 44.8472806], [17.9839214, 44.8472538], [17.9839048, 44.8472253], [17.9838906, 44.8471984], [17.9838812, 44.8471699], [17.9838764, 44.847138], [17.9838764, 44.8471095], [17.9838835, 44.8470558], [17.9838812, 44.847029], [17.9838764, 44.8469988], [17.9838764, 44.8469434], [17.9838812, 44.8469149], [17.9838883, 44.846888], [17.9838883, 44.8468595], [17.9838741, 44.846831], [17.9838409, 44.8468142], [17.9837983, 44.8468125], [17.9837581, 44.8468125], [17.9837179, 44.8468243], [17.9836753, 44.846836], [17.9836421, 44.8468528], [17.9836208, 44.8468796], [17.9836019, 44.8469065], [17.9835853, 44.8469316], [17.9835451, 44.84694], [17.9835143, 44.8469233], [17.9834907, 44.8469014], [17.9834717, 44.8468729], [17.9834552, 44.8468461], [17.9834433, 44.8468142], [17.983441, 44.8467857], [17.9834528, 44.8467605], [17.9834859, 44.846742], [17.9835214, 44.846732], [17.9835569, 44.8467236], [17.9835924, 44.8467068], [17.9836137, 44.8466766], [17.9836137, 44.8466481], [17.9835853, 44.8466279], [17.9835498, 44.8466162], [17.9835049, 44.8466112], [17.9834646, 44.8466112], [17.9834268, 44.8465977], [17.9834149, 44.8465709], [17.9834362, 44.8465457], [17.9834788, 44.8465273], [17.9835143, 44.8465172], [17.9835546, 44.8465071], [17.9835924, 44.8465021], [17.9836303, 44.8464937], [17.9836421, 44.8464652], [17.9836398, 44.8464367], [17.9836279, 44.8464048], [17.9835972, 44.8463746], [17.9835735, 44.8463528], [17.9835404, 44.8463259], [17.9835049, 44.8463041], [17.9834741, 44.8462873], [17.9834315, 44.8462672], [17.9833984, 44.846247], [17.9833629, 44.8462319], [17.9833226, 44.8462286], [17.98328, 44.846237], [17.9832422, 44.8462571], [17.9832043, 44.8462689], [17.9831641, 44.8462605], [17.9831451, 44.8462269], [17.983138, 44.84619], [17.9831404, 44.8461615], [17.9831546, 44.8461313], [17.9831664, 44.8461011], [17.983183, 44.8460759], [17.9832019, 44.846044], [17.9832209, 44.8460138], [17.983228, 44.8459853], [17.9832303, 44.8459568], [17.9832161, 44.8459316], [17.9831806, 44.8459064], [17.9831428, 44.8458863], [17.9831049, 44.8458695], [17.9830741, 44.845851], [17.983041, 44.8458326], [17.9830197, 44.8458074], [17.9830197, 44.8457806], [17.9830221, 44.8457537], [17.9830363, 44.8457269], [17.9830552, 44.8456967], [17.983067, 44.8456698], [17.9830812, 44.8456413], [17.9830812, 44.8456094], [17.9830647, 44.8455809], [17.9830386, 44.8455591], [17.9829937, 44.845554], [17.9829582, 44.8455389], [17.9829416, 44.8455155], [17.9829369, 44.8454551], [17.9829369, 44.8454265], [17.9829393, 44.8453997], [17.9829274, 44.8453695], [17.982918, 44.8453409], [17.9829014, 44.8453124], [17.9828848, 44.8452856], [17.9828635, 44.8452621], [17.982847, 44.8452369], [17.9828351, 44.8452084], [17.9828446, 44.8451815], [17.982873, 44.8451547], [17.9829061, 44.8451346], [17.982944, 44.8451195], [17.9829842, 44.8451094], [17.9830221, 44.8451027], [17.9830599, 44.8450926], [17.9831002, 44.8450809], [17.9831333, 44.8450691], [17.9831688, 44.8450557], [17.9832043, 44.8450372], [17.9832351, 44.8450188], [17.983254, 44.8449869], [17.9832635, 44.8449567], [17.983299, 44.8449198], [17.9833013, 44.8448929], [17.9833132, 44.8448644], [17.9833179, 44.8448325], [17.9833203, 44.8448057], [17.9833274, 44.8447771], [17.9833416, 44.8447419], [17.9833558, 44.8447151], [17.9833747, 44.8446932], [17.9833818, 44.844663], [17.9833723, 44.8446328], [17.9833534, 44.8446077], [17.9833321, 44.8445859], [17.983299, 44.8445708], [17.9832682, 44.844554], [17.9832777, 44.8445288], [17.9833132, 44.8445204], [17.9833487, 44.8445137], [17.9833842, 44.844502], [17.9834102, 44.8444801], [17.9834268, 44.844455], [17.9834315, 44.8444231], [17.9834315, 44.8443929], [17.9834268, 44.8443644], [17.9834007, 44.8443409], [17.9833605, 44.8443342], [17.9832753, 44.8443342], [17.9832398, 44.8443207], [17.9832067, 44.844304], [17.9831783, 44.8442788], [17.9831641, 44.8442519], [17.9831641, 44.8442234], [17.9831783, 44.8441932], [17.9831972, 44.8441697], [17.9832351, 44.8441529], [17.9832706, 44.8441412], [17.9833061, 44.8441278], [17.9833297, 44.844106], [17.9833416, 44.8440774], [17.9833392, 44.8440472], [17.983325, 44.8440137], [17.9832966, 44.8439801], [17.9832706, 44.8439583], [17.983228, 44.8439432], [17.9831925, 44.8439281], [17.9831546, 44.8439163], [17.9831167, 44.8439029], [17.9830789, 44.8438912], [17.983041, 44.8438761], [17.9829984, 44.8438576], [17.9829605, 44.8438375], [17.9829298, 44.8438173], [17.9829061, 44.8437938], [17.9828801, 44.8437687], [17.9828564, 44.8437469], [17.9828351, 44.8437217], [17.9828209, 44.8436932], [17.9828186, 44.843663], [17.9828209, 44.8436294], [17.9828304, 44.8436025], [17.982847, 44.8435757], [17.9828612, 44.8435489], [17.9828777, 44.843522], [17.9828896, 44.8434968], [17.982899, 44.8434683], [17.9829038, 44.8434398], [17.9829038, 44.8434129], [17.9829061, 44.8433861], [17.9829203, 44.843324], [17.9829345, 44.8432988], [17.9829464, 44.843272], [17.9829629, 44.8432434], [17.9829771, 44.8432149], [17.9829913, 44.8431881], [17.9829937, 44.8431595], [17.9829913, 44.843131], [17.9829818, 44.8431008], [17.98297, 44.843074], [17.9829511, 44.8430471], [17.982944, 44.8430203], [17.9829369, 44.8429901], [17.9829369, 44.8429632], [17.982944, 44.8429347], [17.9829653, 44.8429129], [17.9830008, 44.8428978], [17.983041, 44.8428961], [17.9830836, 44.8429011], [17.9831262, 44.8428961], [17.9831475, 44.8428709], [17.9831593, 44.8428441], [17.9831617, 44.8428172], [17.9831617, 44.8427887], [17.9831996, 44.8428088], [17.9832445, 44.8428122], [17.9831617, 44.8426712], [17.9831546, 44.842641], [17.9831451, 44.8426142], [17.9831404, 44.8425857], [17.9831333, 44.8425588], [17.9831309, 44.8425303], [17.9831238, 44.8425001], [17.9831215, 44.8424699], [17.983112, 44.8424413], [17.9830883, 44.8424128], [17.9830647, 44.8423893], [17.9830315, 44.8423658], [17.9829913, 44.8423474], [17.9829511, 44.8423306], [17.9829132, 44.8423188], [17.9828825, 44.8422954], [17.9828754, 44.8422668], [17.9829038, 44.8422467], [17.982944, 44.8422383], [17.9829818, 44.8422316], [17.9830268, 44.8422232], [17.9830741, 44.8422131], [17.9831167, 44.8422031], [17.9831522, 44.842193], [17.9831901, 44.8421846], [17.9832161, 44.8421645], [17.9832161, 44.8421359], [17.9831925, 44.8421108], [17.9831617, 44.8420906], [17.9831215, 44.8420705], [17.983015, 44.8420252], [17.9829771, 44.8420118], [17.982944, 44.8419983], [17.9829061, 44.8419816], [17.982873, 44.8419614], [17.9828683, 44.8419312], [17.9828967, 44.8419094], [17.9829298, 44.8418893], [17.9829629, 44.8418742], [17.9829937, 44.8418557], [17.983015, 44.8418322], [17.9830292, 44.841807], [17.9830339, 44.8417802], [17.9830197, 44.84175], [17.9829818, 44.8417366], [17.9829369, 44.8417298], [17.9828777, 44.8417282], [17.9828328, 44.8417349], [17.9827925, 44.8417483], [17.9827523, 44.8417634], [17.9827121, 44.8417634], [17.982686, 44.8417399], [17.9826837, 44.8417131], [17.982705, 44.8416862], [17.9827215, 44.8416627], [17.982731, 44.8416359], [17.9827215, 44.8416057], [17.982705, 44.8415805], [17.9826789, 44.8415553], [17.9826411, 44.8415402], [17.9825961, 44.8415385], [17.9825559, 44.8415385], [17.9825156, 44.841552], [17.982492, 44.8415805], [17.9824849, 44.8416107], [17.9824565, 44.8416342], [17.9824115, 44.8416376], [17.9823713, 44.8416292], [17.9823381, 44.8416124], [17.9823026, 44.8415855], [17.9822813, 44.841562], [17.9822009, 44.8414781], [17.9821796, 44.8414563], [17.9821488, 44.8414362], [17.9821157, 44.8414194], [17.9820802, 44.8414043], [17.9820376, 44.8413875], [17.9819973, 44.8413808], [17.9819547, 44.8413858], [17.9819263, 44.8414077], [17.9819003, 44.8414311], [17.9818624, 44.8414429], [17.9818222, 44.8414463], [17.9817749, 44.8414463], [17.9817299, 44.8414345], [17.9817015, 44.841416], [17.9816826, 44.8413909], [17.9816802, 44.8413623], [17.981692, 44.8413355], [17.9817252, 44.8412852], [17.981737, 44.8412566], [17.9817394, 44.8412281], [17.981737, 44.8411996], [17.9817299, 44.841171], [17.9817299, 44.8411425], [17.9817394, 44.841114], [17.9817536, 44.8410871], [17.9818009, 44.8410351], [17.9818222, 44.8410099], [17.9818411, 44.8409848], [17.9818577, 44.8409596], [17.9818624, 44.8409328], [17.9818648, 44.8409042], [17.9818601, 44.840874], [17.9818364, 44.8408522], [17.9818009, 44.8408371], [17.9817157, 44.8408304], [17.9816755, 44.840822], [17.9816423, 44.8408002], [17.9816187, 44.8407717], [17.981621, 44.8407415], [17.9816518, 44.840718], [17.9816873, 44.8407012], [17.9817228, 44.8406928], [17.981763, 44.8406961], [17.9817985, 44.8407129], [17.9818293, 44.8407331], [17.9818577, 44.8407532], [17.9818956, 44.8407683], [17.9819334, 44.840775], [17.9819713, 44.8407767], [17.9820092, 44.8407683], [17.9820305, 44.8407448], [17.9820305, 44.8407163], [17.9820163, 44.8406911], [17.981995, 44.8406643], [17.9818956, 44.8405535], [17.9818624, 44.8405317], [17.9818222, 44.8405149], [17.9817867, 44.8404965], [17.9817512, 44.8404797], [17.9817204, 44.8404612], [17.9816968, 44.840436], [17.9816802, 44.8404109], [17.9816684, 44.840384], [17.9816376, 44.8403656], [17.9815997, 44.8403538], [17.9815666, 44.8403387], [17.9815548, 44.8403102], [17.9815595, 44.8402817], [17.9815737, 44.8402548], [17.9816045, 44.840233], [17.98164, 44.8402229], [17.9816778, 44.8402179], [17.9817204, 44.8402179], [17.981763, 44.8402196], [17.9817985, 44.840238], [17.9818364, 44.8402498], [17.9818743, 44.8402598], [17.9819192, 44.8402649], [17.9819618, 44.8402665], [17.9820021, 44.8402665], [17.9820423, 44.8402615], [17.9820731, 44.8402464], [17.9820896, 44.8402212], [17.9821251, 44.8402045], [17.9821606, 44.8401961], [17.9821748, 44.8401709], [17.9821748, 44.8401424], [17.9821725, 44.8401138], [17.9821701, 44.8400752], [17.9821867, 44.8400467], [17.9822056, 44.8400165], [17.9822529, 44.8399762], [17.9822506, 44.8399494], [17.9822316, 44.8399225], [17.9822009, 44.8399024], [17.9821606, 44.8398957], [17.9821228, 44.8398873], [17.9820802, 44.8398823], [17.9820399, 44.8398789], [17.9819571, 44.8398789], [17.9819169, 44.8398772], [17.981834, 44.8398772], [17.9818033, 44.8398604], [17.981782, 44.8398336], [17.9817749, 44.8398051], [17.9817725, 44.8397765], [17.9817725, 44.8397497], [17.9817843, 44.8397195], [17.9817938, 44.8396926], [17.9817985, 44.8396641], [17.9817891, 44.8396356], [17.9817607, 44.8396138], [17.9817204, 44.8396037], [17.9816802, 44.8395987], [17.9816376, 44.8395987], [17.9815903, 44.839607], [17.9815548, 44.8396205], [17.9815145, 44.8396305], [17.9814696, 44.8396272], [17.9814341, 44.839607], [17.9814151, 44.8395785], [17.9814128, 44.83955], [17.9814128, 44.8395198], [17.9814009, 44.8394896], [17.9813986, 44.8394594], [17.981427, 44.8394392], [17.9814601, 44.8394241], [17.9815003, 44.8394157], [17.9815335, 44.8394023], [17.9815548, 44.8393771], [17.9815642, 44.8393503], [17.9815642, 44.8393201], [17.9815524, 44.8392932], [17.9815264, 44.8392647], [17.9814909, 44.8392446], [17.9814459, 44.8392311], [17.9814057, 44.8392228], [17.9813631, 44.8392194], [17.9813205, 44.8392211], [17.9812755, 44.8392295], [17.9812376, 44.8392379], [17.9811974, 44.8392345], [17.9811879, 44.839206], [17.9812069, 44.8391791], [17.9812353, 44.8391607], [17.9812684, 44.8391456], [17.9813015, 44.8391338], [17.9813323, 44.8391154], [17.9813489, 44.8390902], [17.9813607, 44.8390616], [17.9813607, 44.8390331], [17.981337, 44.8390096], [17.9813039, 44.8389928], [17.9812637, 44.8389811], [17.9812258, 44.838971], [17.9811856, 44.8389626], [17.9811477, 44.8389526], [17.9811335, 44.8389274], [17.9811666, 44.8389106], [17.9812045, 44.8389022], [17.98124, 44.8388938], [17.9812755, 44.8388821], [17.981311, 44.838867], [17.9813276, 44.8388401], [17.9813299, 44.8388133], [17.9813299, 44.8387864], [17.9813181, 44.8387579], [17.9812873, 44.8387344], [17.9812542, 44.8387143], [17.9811737, 44.8386874], [17.9811382, 44.838674], [17.9811004, 44.8386622], [17.9809986, 44.8386539], [17.9809702, 44.8386354], [17.9809631, 44.8386069], [17.9809371, 44.8385834], [17.9808969, 44.8385918], [17.9808685, 44.8386136], [17.9808282, 44.838622], [17.9807904, 44.8386069], [17.980762, 44.8385867], [17.980743, 44.8385582], [17.980743, 44.8385297], [17.9807336, 44.8385011], [17.9807052, 44.838481], [17.9806673, 44.8384609], [17.9806436, 44.838434], [17.9806271, 44.8384072], [17.9806129, 44.838382], [17.980601, 44.8383568], [17.9805916, 44.83833], [17.980575, 44.8382998], [17.9805537, 44.8382696], [17.9805206, 44.8382545], [17.9804827, 44.8382427], [17.9804425, 44.8382427], [17.9804046, 44.838236], [17.9803691, 44.8382226], [17.9803478, 44.8381991], [17.9802981, 44.8381588], [17.9802886, 44.8381303], [17.9802626, 44.8381085], [17.9802295, 44.83809], [17.9802105, 44.8380648], [17.980194, 44.838038], [17.9801608, 44.8380195], [17.980123, 44.8380128], [17.9800827, 44.8380128], [17.9800401, 44.8380195], [17.9800046, 44.8380346], [17.9799289, 44.8380715], [17.9798934, 44.8380883], [17.9798248, 44.8381269], [17.9797869, 44.838142], [17.9797514, 44.8381538], [17.9797183, 44.8381689], [17.9796899, 44.8381907], [17.9796591, 44.8382209], [17.9796402, 44.8382461], [17.9796236, 44.8382712], [17.9796094, 44.8382981], [17.9795928, 44.8383233], [17.9795573, 44.8383367], [17.9795124, 44.838335], [17.9794769, 44.8383233], [17.9794437, 44.8383065], [17.9794319, 44.8382796], [17.9794532, 44.8382545], [17.9795526, 44.8382142], [17.9795834, 44.8381957], [17.9796165, 44.8381789], [17.9796425, 44.8381588], [17.9796686, 44.8381336], [17.9796875, 44.8381101], [17.9796946, 44.8380816], [17.9796946, 44.8380547], [17.9796922, 44.8380229], [17.979678, 44.8379977], [17.9796354, 44.8379843], [17.9795928, 44.8379759], [17.9795526, 44.8379708], [17.9794224, 44.8379507], [17.9793869, 44.8379356], [17.9793491, 44.8379138], [17.9792946, 44.8378651], [17.9792662, 44.8378383], [17.9792331, 44.8378248], [17.9791952, 44.8378349], [17.9791692, 44.8378584], [17.9791455, 44.8378836], [17.9791266, 44.8379087], [17.9790982, 44.8379306], [17.9790651, 44.837949], [17.9790367, 44.8379692], [17.9790178, 44.837996], [17.9790083, 44.8380262], [17.9790178, 44.8380547], [17.9790296, 44.8380816], [17.9790272, 44.8381118], [17.978987, 44.8381085], [17.9789728, 44.8380816], [17.9789704, 44.8380547], [17.9789586, 44.8380262], [17.9789444, 44.837996], [17.9789302, 44.8379692], [17.9789042, 44.8379473], [17.9788687, 44.8379322], [17.9788284, 44.8379289], [17.9787882, 44.8379457], [17.9787456, 44.837949], [17.9787101, 44.8379373], [17.9786793, 44.8379188], [17.9786486, 44.837897], [17.9786178, 44.8378785], [17.9785776, 44.8378668], [17.978535, 44.8378701], [17.9784545, 44.8378953], [17.9784143, 44.8378953], [17.9783385, 44.837897], [17.9782959, 44.837892], [17.9782533, 44.837892], [17.9782107, 44.8378987], [17.9781729, 44.8379155], [17.9781397, 44.8379322], [17.9780995, 44.837949], [17.9780616, 44.8379574], [17.9780167, 44.8379591], [17.9779788, 44.837949], [17.9779646, 44.8379205], [17.9779622, 44.837892], [17.9779646, 44.8378651], [17.9779741, 44.8378366], [17.9779788, 44.8378081], [17.9779859, 44.8377812], [17.9779859, 44.8377527], [17.9779622, 44.8377309], [17.9779196, 44.8377234], [17.977877, 44.8377241], [17.9777918, 44.8377342], [17.9777516, 44.8377359], [17.9777114, 44.8377359], [17.9776617, 44.8377309], [17.9776191, 44.8377191], [17.9775859, 44.8377023], [17.9775552, 44.8376822], [17.9775268, 44.837657], [17.9775007, 44.8376285], [17.9774865, 44.8376033], [17.9774794, 44.8375731], [17.9774676, 44.8375412], [17.9774605, 44.8375127], [17.9774416, 44.8374858], [17.9773848, 44.8374808], [17.9773422, 44.8374791], [17.9772333, 44.8374791], [17.9771481, 44.8374825], [17.9771032, 44.8374875], [17.9770606, 44.8374959], [17.9770203, 44.8375043], [17.9769777, 44.8375194], [17.9769422, 44.8375395], [17.9769257, 44.8375664], [17.9769328, 44.8376], [17.9769493, 44.8376251], [17.976973, 44.8376537], [17.9769967, 44.8376788], [17.977018, 44.837704], [17.9770369, 44.8377292], [17.9770606, 44.837756], [17.9770866, 44.8377846], [17.9771079, 44.8378131], [17.9771268, 44.837845], [17.977141, 44.8378735], [17.9771505, 44.8379004], [17.9771529, 44.8379289], [17.9771458, 44.8379591], [17.9771221, 44.837991], [17.977089, 44.8380145], [17.9770511, 44.8380279], [17.9770085, 44.8380313], [17.9769635, 44.8380229], [17.9769162, 44.8380111], [17.976876, 44.8379994], [17.9768263, 44.8379859], [17.9767813, 44.8379708], [17.9767411, 44.8379591], [17.9767032, 44.8379507], [17.9766606, 44.8379473], [17.9766227, 44.8379557], [17.9765872, 44.8379708], [17.9765541, 44.837991], [17.9764878, 44.838038], [17.9764547, 44.8380581], [17.9764216, 44.8380749], [17.9763884, 44.83809], [17.9763435, 44.8381068], [17.9763032, 44.8381168], [17.9762606, 44.8381202], [17.976218, 44.8381152], [17.9761778, 44.8380984], [17.9761376, 44.8380799], [17.9760997, 44.8380598], [17.976076, 44.838038], [17.9760216, 44.8379927], [17.9759956, 44.8379658], [17.9759695, 44.8379423], [17.975934, 44.8379222], [17.9759009, 44.8379071], [17.9758583, 44.8379087], [17.975837, 44.8379339], [17.9758299, 44.8380262], [17.9758181, 44.8380547], [17.9757944, 44.8380799], [17.975766, 44.8381001], [17.9757376, 44.8381236], [17.9757092, 44.8381504], [17.9756761, 44.8381773], [17.9756453, 44.8382008], [17.9756193, 44.8382242], [17.9756074, 44.8382511], [17.9756003, 44.838283], [17.9756003, 44.8383451], [17.975598, 44.8383753], [17.975598, 44.8384055], [17.9756074, 44.8384642], [17.9756169, 44.8385481], [17.9744525, 44.8385465], [17.9743413, 44.8385414], [17.9738893, 44.8385263], [17.9738325, 44.8385263], [17.9733544, 44.8384693], [17.9733095, 44.8384642], [17.9726397, 44.8383988], [17.9715179, 44.8382561], [17.9708671, 44.838241], [17.9707298, 44.8382226], [17.9706896, 44.8382091], [17.9706541, 44.8381991], [17.9706186, 44.8381856], [17.9705855, 44.8381705], [17.97055, 44.8381538], [17.9705121, 44.8381403], [17.9704719, 44.8381269], [17.970434, 44.8381185], [17.9703488, 44.8381152], [17.9702944, 44.8381135], [17.9702068, 44.8381168], [17.9701618, 44.8381219], [17.9701169, 44.8381286], [17.9700743, 44.838137], [17.9700317, 44.8381403], [17.9699914, 44.838147], [17.9699441, 44.8381521], [17.9698636, 44.8381622], [17.9698163, 44.8381655], [17.9697761, 44.8381672], [17.9695938, 44.8381672], [17.9695489, 44.8381638], [17.969511, 44.8381554], [17.9694755, 44.8381454], [17.9693677, 44.838014], [17.9693142, 44.8379238], [17.9692205, 44.8378289], [17.9691736, 44.8377529], [17.9691669, 44.837658], [17.9691106, 44.8375441], [17.9687987, 44.8374017], [17.9686849, 44.8372972], [17.9684641, 44.8372308], [17.9684373, 44.8373684], [17.968377, 44.8374444], [17.9683034, 44.8375108], [17.968203, 44.8375488], [17.9680825, 44.8375773], [17.967962, 44.837601], [17.9678482, 44.83762], [17.9677344, 44.8376342], [17.9676139, 44.837639], [17.9675001, 44.837639], [17.9673863, 44.8376153], [17.9672859, 44.8375725], [17.9671989, 44.8375203], [17.9671052, 44.8374634], [17.9670182, 44.8374112], [17.9659766, 44.8366404], [17.9658401, 44.8366042], [17.9656648, 44.8365273], [17.9652751, 44.8362975], [17.9651734, 44.8362624], [17.9650636, 44.8362625], [17.9649498, 44.8362814], [17.9648226, 44.8363052], [17.964595, 44.8363052], [17.9643072, 44.8361922], [17.9642041, 44.8361314], [17.9641331, 44.8360773], [17.9640501, 44.8360261], [17.9639591, 44.8359606], [17.9638547, 44.8359113], [17.9637449, 44.835859], [17.9636847, 44.8358372], [17.9635709, 44.8356074], [17.9635401, 44.8355466], [17.9634893, 44.8354697], [17.9634169, 44.8353985], [17.96335, 44.8353321], [17.9632696, 44.8352704], [17.9631759, 44.8352134], [17.9630688, 44.8351659], [17.9629483, 44.835128], [17.9628278, 44.8350995], [17.9627141, 44.835071], [17.962607, 44.8350473], [17.9624932, 44.835014], [17.9623927, 44.8349856], [17.9622856, 44.8349523], [17.9621719, 44.8349191], [17.9619859, 44.8348793], [17.9618043, 44.8348586], [17.9615951, 44.8349081], [17.9613644, 44.8349898], [17.9611337, 44.8350945], [17.9608843, 44.8352143], [17.9607421, 44.8352542], [17.9605544, 44.8352695], [17.9603098, 44.8352477], [17.9601411, 44.8352362], [17.9598491, 44.8352229], [17.9597219, 44.8352229], [17.9596711, 44.8352267], [17.9596284, 44.8352258], [17.9595523, 44.8352296], [17.9592695, 44.8352686], [17.959082, 44.8353208], [17.9589519, 44.8353759], [17.9586442, 44.8355409], [17.9584658, 44.8356464], [17.9582828, 44.8357489], [17.9581823, 44.835802], [17.9580886, 44.8358542], [17.958015, 44.835897], [17.9579147, 44.8359463], [17.9578156, 44.8360001], [17.9577105, 44.836047], [17.9575397, 44.8359966], [17.9575584, 44.8359036], [17.9575651, 44.8358162], [17.9575584, 44.8356493], [17.9575598, 44.8355077], [17.9575598, 44.835427], [17.9575799, 44.8353463], [17.9576, 44.8352609], [17.9576067, 44.8351849], [17.9575933, 44.8351042], [17.9575464, 44.8350283], [17.9574929, 44.8349571], [17.9574259, 44.8348906], [17.9574058, 44.8348147], [17.9574058, 44.834734], [17.9574192, 44.8346533], [17.9574138, 44.8344664], [17.9574192, 44.8342545], [17.9574649, 44.8341862], [17.9574861, 44.8341376], [17.9575491, 44.8339066], [17.9574782, 44.8336385], [17.9574058, 44.8334286], [17.9570216, 44.8324451], [17.9569854, 44.8323396], [17.956944, 44.8322276], [17.9568904, 44.8321611], [17.9568369, 44.8320852], [17.9567833, 44.8320139], [17.9567298, 44.8319427], [17.9566896, 44.8318668], [17.9566561, 44.8317861], [17.9566428, 44.8317006], [17.9566817, 44.8315954], [17.9567111, 44.8314927], [17.9567419, 44.8314083], [17.9567566, 44.8313199], [17.9567739, 44.8312402], [17.95679, 44.8311405], [17.95679, 44.831055], [17.9567967, 44.8309743], [17.9567833, 44.8308936], [17.956715, 44.8307987], [17.9566574, 44.8307417], [17.9565062, 44.8305852], [17.9564473, 44.8304968], [17.9563951, 44.8303999], [17.9563549, 44.830324], [17.9563214, 44.8302432], [17.9562424, 44.8301236], [17.9561675, 44.8300059], [17.9561072, 44.8299394], [17.9560497, 44.8298948], [17.9559613, 44.8298075], [17.9558529, 44.8297021], [17.9557792, 44.8296403], [17.955691, 44.8295065], [17.9556241, 44.8294051], [17.9555115, 44.8292511], [17.9554312, 44.8291656], [17.955383, 44.8291153], [17.9553094, 44.8290545], [17.9551795, 44.8289787], [17.9550442, 44.8289084], [17.9549425, 44.8288238], [17.9548555, 44.8287668], [17.9547819, 44.8287004], [17.9547149, 44.8286339], [17.9546413, 44.8285722], [17.9545744, 44.8284962], [17.9545262, 44.8284364], [17.9544258, 44.8283017], [17.9543614, 44.8282086], [17.9542129, 44.8279883], [17.9541606, 44.8279228], [17.954105, 44.8278348], [17.9540527, 44.8277111], [17.9540054, 44.827542], [17.9539786, 44.8274613], [17.9539652, 44.8273853], [17.9539251, 44.8273227], [17.9538648, 44.8272658], [17.9537899, 44.8272078], [17.9537135, 44.8271347], [17.9536586, 44.8270664], [17.9536038, 44.8269723], [17.9535636, 44.8269011], [17.9535502, 44.8268204], [17.9535596, 44.8267748], [17.9535824, 44.8267094], [17.9536399, 44.8266515], [17.9537966, 44.8265802], [17.9540322, 44.8265099], [17.9542691, 44.8264274], [17.954411, 44.8263846], [17.9544713, 44.8263257], [17.9544699, 44.8262431], [17.9543265, 44.8261007], [17.953976, 44.8258909], [17.9538755, 44.8258264], [17.953751, 44.8257189], [17.9536707, 44.8256525], [17.9536038, 44.8255908], [17.9535435, 44.8255243], [17.9534833, 44.8254483], [17.9534364, 44.8253819], [17.9533762, 44.8253154], [17.9533159, 44.8252489], [17.9532624, 44.8251777], [17.9531954, 44.8251112], [17.9531432, 44.8250182], [17.9530482, 44.8249023], [17.952921, 44.8247695], [17.9528313, 44.8246955], [17.9526557, 44.8245615], [17.9524761, 44.8244655], [17.9522237, 44.8243679], [17.952012, 44.8242967], [17.9517201, 44.8241723], [17.9516157, 44.8240525], [17.951522, 44.823967], [17.9514216, 44.8238578], [17.9513546, 44.8237961], [17.951281, 44.8237344], [17.9510896, 44.8235978], [17.9506547, 44.8233121], [17.9503485, 44.8231071], [17.949949, 44.8228875], [17.9497737, 44.8227699], [17.9496512, 44.8226831], [17.9495312, 44.8225713], [17.9493906, 44.8224032], [17.9492916, 44.8222712], [17.9491297, 44.8220918], [17.9487229, 44.8217624], [17.9484643, 44.8215875], [17.9482487, 44.8214364], [17.9481483, 44.8213794], [17.9480345, 44.8213177], [17.9479475, 44.8212607], [17.9478538, 44.821199], [17.9477734, 44.8211373], [17.9476864, 44.8210661], [17.9476128, 44.8210044], [17.9475325, 44.8209379], [17.9474668, 44.8208543], [17.9474053, 44.8208049], [17.9473316, 44.8207337], [17.9472647, 44.8206625], [17.9471978, 44.820596], [17.9471308, 44.8205248], [17.9470639, 44.8204536], [17.9469969, 44.8203919], [17.9468564, 44.8202304], [17.9468028, 44.8201545], [17.9467493, 44.8200737], [17.9466221, 44.8198648], [17.9465552, 44.8197888], [17.946507, 44.8196929], [17.9464896, 44.8196464], [17.9464857, 44.8195107], [17.946507, 44.8192432], [17.9465618, 44.819015], [17.9466275, 44.8189258], [17.946669, 44.8188183], [17.9466756, 44.8187015], [17.9466449, 44.8185753], [17.9465537, 44.8183947], [17.9465323, 44.8183225], [17.9464921, 44.8182571], [17.9463543, 44.8177994], [17.9462807, 44.8176759], [17.9462405, 44.8175999], [17.9462138, 44.8175145], [17.9461937, 44.8174337], [17.9461736, 44.817353], [17.9461401, 44.8172818], [17.9460732, 44.8171773], [17.9460263, 44.8171014], [17.9459594, 44.8169731], [17.9459125, 44.8169019], [17.9458523, 44.8168307], [17.9457854, 44.8167642], [17.9456582, 44.816636], [17.9455912, 44.8165648], [17.9455377, 44.8164888], [17.9454774, 44.8163701], [17.9454373, 44.8162799], [17.9454105, 44.8162039], [17.9453904, 44.8161232], [17.9453637, 44.8160377], [17.9453436, 44.8159522], [17.9453369, 44.8158668], [17.9453302, 44.815786], [17.94529, 44.8157006], [17.9452499, 44.8156293], [17.9452097, 44.8155534], [17.9451361, 44.8154679], [17.9450892, 44.8154014], [17.9450223, 44.8153302], [17.944962, 44.815259], [17.9449152, 44.815183], [17.9448884, 44.815107], [17.9448817, 44.8150215], [17.9448951, 44.8149408], [17.9449085, 44.8148601], [17.9449085, 44.8146939], [17.9448951, 44.8146132], [17.9448616, 44.8145324], [17.9448281, 44.8144565], [17.9447746, 44.8143757], [17.944721, 44.8142998], [17.9446742, 44.8142285], [17.9446273, 44.8141573], [17.9437973, 44.8132598], [17.9435295, 44.8129607], [17.9434091, 44.812614], [17.9430944, 44.8122578], [17.942579, 44.811745], [17.9424384, 44.8116405], [17.9423715, 44.8115788], [17.942318, 44.8115075], [17.9422644, 44.8114363], [17.9422242, 44.8113603], [17.9421975, 44.8112843], [17.9421707, 44.8112036], [17.942164, 44.8111229], [17.9421372, 44.8109614], [17.9421238, 44.8108807], [17.9421105, 44.8108], [17.9420904, 44.8107145], [17.942077, 44.8105483], [17.9420033, 44.8098169], [17.9419833, 44.809741], [17.9419565, 44.8096602], [17.9419431, 44.809551], [17.9419364, 44.8094038], [17.9419833, 44.8092708], [17.9420234, 44.8091996], [17.9420502, 44.8091236], [17.9420703, 44.8090429], [17.9420837, 44.8088766], [17.9420837, 44.8087152], [17.9420636, 44.8086392], [17.9420502, 44.8085632], [17.9420167, 44.8084872], [17.9419833, 44.8084065], [17.9419364, 44.8083353], [17.9419096, 44.8082593], [17.9418561, 44.8081785], [17.9418226, 44.8081026], [17.9417289, 44.8079648], [17.9416754, 44.8078983], [17.941508, 44.8077701], [17.941334, 44.8076561], [17.9412469, 44.8075849], [17.9411934, 44.8075042], [17.9411532, 44.8074282], [17.9408052, 44.8067253], [17.9403567, 44.8063501], [17.9401492, 44.8058229], [17.9401625, 44.805595], [17.9399283, 44.8052673], [17.939453, 44.8038425], [17.9397944, 44.8034578], [17.9399684, 44.8029401], [17.9399952, 44.8028023], [17.9400086, 44.8027168], [17.9400421, 44.8026409], [17.9400554, 44.8025554], [17.9400488, 44.8024319], [17.9400019, 44.8023559], [17.939955, 44.8022751], [17.9399283, 44.8021944], [17.9399283, 44.8019474], [17.9399082, 44.8018667], [17.939868, 44.8017907], [17.9398345, 44.8017052], [17.9398145, 44.8016244], [17.9398011, 44.8015437], [17.9397944, 44.8014535], [17.9397944, 44.801368], [17.9397877, 44.8012825], [17.9397877, 44.801121], [17.9398078, 44.801026], [17.9398345, 44.8009405], [17.939868, 44.8008645], [17.9399015, 44.8007695], [17.939935, 44.8006935], [17.9399684, 44.8006128], [17.9399952, 44.8005368], [17.9400354, 44.8004608], [17.940263, 44.8002328], [17.9403232, 44.8001663], [17.9403901, 44.8000998], [17.940437, 44.8000286], [17.9404504, 44.7999431], [17.9404504, 44.7997721], [17.940437, 44.7996961], [17.9404169, 44.7996153], [17.9404035, 44.7995298], [17.9403968, 44.7994491], [17.9403767, 44.7993588], [17.9403634, 44.7992828], [17.94035, 44.7992021], [17.9404705, 44.7990786], [17.9404705, 44.7987984], [17.9404838, 44.7986559], [17.9405039, 44.7985561], [17.9405508, 44.7984659], [17.9406043, 44.7983899], [17.9406579, 44.7983234], [17.9406847, 44.7982426], [17.9406847, 44.7981524], [17.9406713, 44.7980716], [17.9406512, 44.7979909], [17.9406244, 44.7979054], [17.9405642, 44.7977676], [17.9405039, 44.7976489], [17.9404638, 44.7975681], [17.9404035, 44.7974399], [17.9403701, 44.7973639], [17.9403433, 44.7972261], [17.9403366, 44.7971359], [17.9403366, 44.7970551], [17.9403634, 44.7969744], [17.9403968, 44.7968889], [17.9404236, 44.7968176], [17.9404437, 44.7967369], [17.9404236, 44.7965944], [17.9403767, 44.7965231], [17.9403232, 44.7964471], [17.940283, 44.7963759], [17.940283, 44.7962904], [17.9403299, 44.7962191], [17.9403901, 44.7961479], [17.9404705, 44.7960956], [17.9405642, 44.7960529], [17.9406512, 44.7960101], [17.9407248, 44.7959531], [17.9407717, 44.7958866], [17.9408052, 44.7958059], [17.9408052, 44.7957204], [17.9407985, 44.7956444], [17.940765, 44.7955636], [17.9407181, 44.7954829], [17.9406579, 44.7954116], [17.9405976, 44.7953404], [17.9405374, 44.7952739], [17.9405173, 44.7951931], [17.9405173, 44.7951076], [17.9405709, 44.7950364], [17.9407114, 44.7949461], [17.9408185, 44.7948606], [17.9409591, 44.7947608], [17.9410127, 44.7946373], [17.9410194, 44.7945566], [17.9410194, 44.7943903], [17.9410327, 44.7943143], [17.9410662, 44.7942383], [17.9411599, 44.7941386], [17.9412603, 44.7940768], [17.941334, 44.7940198], [17.9413875, 44.7939533], [17.9414478, 44.7938631], [17.9414611, 44.7937776], [17.9414678, 44.7936968], [17.9414678, 44.7936065], [17.9414946, 44.7934925], [17.9415281, 44.793388], [17.9415749, 44.7933025], [17.9416285, 44.7932313], [17.9416754, 44.7931553], [17.9417155, 44.7930888], [17.9417557, 44.7930128], [17.9417825, 44.7929368], [17.9418025, 44.792856], [17.9418293, 44.7927705], [17.9418427, 44.7926897], [17.9418628, 44.7926042], [17.9418829, 44.7925187], [17.9419029, 44.7923667], [17.941923, 44.7922147], [17.9419632, 44.7921197], [17.9420234, 44.7920294], [17.9420837, 44.7919582], [17.9421372, 44.7918917], [17.9422109, 44.7918299], [17.9422644, 44.7917587], [17.9422778, 44.7916779], [17.9422711, 44.7916019], [17.9422309, 44.7915164], [17.9422042, 44.7914356], [17.9421774, 44.7913549], [17.9421372, 44.7912314], [17.9421105, 44.7911554], [17.9421038, 44.7910746], [17.9420971, 44.7909796], [17.9420971, 44.7907326], [17.942077, 44.7906518], [17.9419699, 44.790514], [17.9419029, 44.7904475], [17.9418159, 44.7903763], [17.9417423, 44.790305], [17.9415883, 44.7901767], [17.9415214, 44.7901102], [17.9414812, 44.7900295], [17.9411599, 44.790077], [17.9410394, 44.7900817], [17.9409256, 44.7900865], [17.940678, 44.7900865], [17.9405441, 44.790077], [17.9404236, 44.7900627], [17.9403031, 44.7900437], [17.9401893, 44.79002], [17.9399684, 44.7899725], [17.9398479, 44.789944], [17.9397341, 44.7899107], [17.9396203, 44.7898775], [17.9393928, 44.78983], [17.939279, 44.7898157], [17.9390447, 44.7898062], [17.9389108, 44.7898062], [17.9387903, 44.7898442], [17.9386698, 44.789868], [17.938556, 44.7898775], [17.9384222, 44.789868], [17.9383017, 44.7898442], [17.9381879, 44.7898157], [17.9380808, 44.7897872], [17.937967, 44.7897539], [17.9378465, 44.7897302], [17.937726, 44.7897254], [17.9376055, 44.7897254], [17.9374783, 44.7897539], [17.9373378, 44.7897872], [17.9372306, 44.7898205], [17.9371235, 44.789868], [17.9370298, 44.7899155], [17.9367956, 44.7900295], [17.9366951, 44.7900627], [17.9365211, 44.7900722], [17.9363404, 44.7900722], [17.9361462, 44.790058], [17.9360391, 44.7900295], [17.9359254, 44.790001], [17.9358116, 44.7899867], [17.9356978, 44.7899772], [17.935584, 44.7899677], [17.9354702, 44.789944], [17.9353564, 44.7899202], [17.9352359, 44.7898965], [17.9351221, 44.7898965], [17.9349213, 44.7899107], [17.9347941, 44.7899392], [17.9346736, 44.7899582], [17.9344929, 44.789963], [17.9343724, 44.7899582], [17.9342519, 44.7899297], [17.9341381, 44.7898775], [17.9340645, 44.7898205], [17.9340042, 44.7897539], [17.933944, 44.7896779], [17.933877, 44.7896067], [17.9337967, 44.7895449], [17.9336829, 44.7895259], [17.9335624, 44.7895212], [17.9334419, 44.7895307], [17.9333215, 44.7895354], [17.9330738, 44.7895354], [17.9329533, 44.7895259], [17.9328529, 44.7894974], [17.9327525, 44.7894547], [17.9326655, 44.7893977], [17.9325918, 44.7893359], [17.932545, 44.7892951], [17.9324245, 44.7893596], [17.9324513, 44.7895212], [17.9324579, 44.7896114], [17.9324579, 44.7896969], [17.9324513, 44.7897777], [17.9324513, 44.7898632], [17.9324646, 44.789944], [17.9324337, 44.7900229], [17.9324887, 44.7902663], [17.9325406, 44.7907116], [17.9325368, 44.7911695], [17.9323628, 44.7915021], [17.9323227, 44.7916018], [17.9322651, 44.7916845], [17.9321835, 44.7917587], [17.9320965, 44.7918157], [17.9320295, 44.7918822], [17.9318902, 44.792167], [17.9318139, 44.7922763], [17.9317495, 44.7923884], [17.931775, 44.7925566], [17.9318112, 44.7927655], [17.9318005, 44.7928949], [17.9316078, 44.7932414], [17.931553, 44.7933193], [17.9314445, 44.7935124], [17.931407, 44.7936208], [17.9313669, 44.7937063], [17.9313468, 44.7937918], [17.9313133, 44.7940738], [17.9313052, 44.794205], [17.9312865, 44.7943001], [17.931233, 44.7943789], [17.931166, 44.794454], [17.9311192, 44.7945281], [17.9310857, 44.7946041], [17.9311125, 44.7946943], [17.9311527, 44.7947656], [17.9311928, 44.7948416], [17.9312062, 44.7949271], [17.931146, 44.7949936], [17.9310456, 44.7950316], [17.9309318, 44.7950411], [17.9308313, 44.7950886], [17.9307845, 44.7951646], [17.9307443, 44.7952406], [17.9306774, 44.7954211], [17.9306506, 44.7955114], [17.9306372, 44.7956016], [17.9306171, 44.7956824], [17.9306038, 44.7957631], [17.9306171, 44.7960386], [17.9306171, 44.7961716], [17.9305971, 44.7962619], [17.930577, 44.7963474], [17.9305502, 44.7964281], [17.93051, 44.7965136], [17.9304833, 44.7965991], [17.9304498, 44.7966846], [17.9304096, 44.7967844], [17.9303695, 44.7968699], [17.9303159, 44.7969459], [17.9302691, 44.7970219], [17.9302155, 44.7970931], [17.930162, 44.7971691], [17.9301084, 44.7972451], [17.9300482, 44.7973211], [17.9299879, 44.7973924], [17.9299411, 44.7974636], [17.9298875, 44.7975349], [17.929834, 44.7976061], [17.9297938, 44.7976821], [17.9297336, 44.7977676], [17.9297403, 44.7978484], [17.9296934, 44.7979291], [17.9296599, 44.7980099], [17.9296198, 44.7980954], [17.9295796, 44.7981761], [17.9295327, 44.7982569], [17.9294926, 44.7983376], [17.9294591, 44.7984136], [17.9294256, 44.7984991], [17.9293989, 44.7985894], [17.9293855, 44.7986749], [17.9293721, 44.7987604], [17.9293587, 44.7988459], [17.9293453, 44.7989361], [17.9293453, 44.7990168], [17.929352, 44.7991023], [17.9293989, 44.7991831], [17.9294524, 44.7992638], [17.9295194, 44.7993351], [17.9295997, 44.7994016], [17.92968, 44.7994633], [17.9297871, 44.7995156], [17.9298942, 44.7995631], [17.9300013, 44.7996011], [17.9301954, 44.7996676], [17.9303628, 44.7997531], [17.9304498, 44.7998291], [17.9305435, 44.7999621], [17.9306573, 44.8001758], [17.9306841, 44.8002565], [17.9307176, 44.8003895], [17.9307242, 44.8004798], [17.9307176, 44.8005748], [17.9307042, 44.8006555], [17.9306908, 44.8007363], [17.9306573, 44.8008645], [17.9306171, 44.8009832], [17.9305837, 44.801064], [17.9305435, 44.80114], [17.9304967, 44.8012207], [17.9304431, 44.801292], [17.9303896, 44.8013727], [17.9303628, 44.801463], [17.9303628, 44.8015437], [17.9304029, 44.8016529], [17.9304431, 44.8017242], [17.9304967, 44.8017954], [17.9305435, 44.8018714], [17.930577, 44.8019474], [17.9305837, 44.8020329], [17.9305837, 44.8021184], [17.9306372, 44.8025079], [17.9306372, 44.8025886], [17.9306573, 44.8026788], [17.9306841, 44.8027691], [17.9307109, 44.8028593], [17.9307577, 44.8029496], [17.9308046, 44.8030303], [17.9308514, 44.8031063], [17.9309318, 44.803168], [17.9310054, 44.8032345], [17.931079, 44.803301], [17.931146, 44.803377], [17.9311861, 44.803472], [17.9311861, 44.8035575], [17.9311727, 44.8036477], [17.9311192, 44.8037237], [17.9310522, 44.8037997], [17.9309853, 44.803871], [17.930905, 44.8039327], [17.930818, 44.8039897], [17.9305234, 44.8042889], [17.9304632, 44.8043649], [17.9303762, 44.8044504], [17.9302958, 44.8045359], [17.9302289, 44.8046024], [17.930162, 44.8046784], [17.9300749, 44.8047828], [17.9300415, 44.8048683], [17.9300147, 44.8049871], [17.930008, 44.8051248], [17.9300147, 44.8052388], [17.9300348, 44.8053195], [17.9300683, 44.805462], [17.9300816, 44.8055475], [17.930095, 44.8057185], [17.930095, 44.8058847], [17.9301084, 44.8059702], [17.9301218, 44.8060557], [17.9301486, 44.8061411], [17.9301887, 44.8062266], [17.930249, 44.8063264], [17.9303025, 44.8064071], [17.930423, 44.8065543], [17.9304766, 44.8066398], [17.9305034, 44.8067253], [17.93051, 44.8068108], [17.93051, 44.8068963], [17.9305368, 44.8069818], [17.9305569, 44.8070672], [17.930577, 44.8071527], [17.930577, 44.8072335], [17.9305904, 44.8073189], [17.9306038, 44.8073997], [17.9306238, 44.8074852], [17.9306506, 44.8075612], [17.9306774, 44.8076561], [17.9306975, 44.8077416], [17.9307109, 44.8078366], [17.9307176, 44.8079411], [17.9307176, 44.80853], [17.9307109, 44.8086107], [17.9307109, 44.8088149], [17.9307042, 44.8089479], [17.9306372, 44.8090951], [17.9305837, 44.8091663], [17.9304699, 44.8093278], [17.9304096, 44.8094038], [17.9303494, 44.8094845], [17.9302758, 44.8095652], [17.9302155, 44.8096365], [17.9301419, 44.8097267], [17.9300214, 44.8098834], [17.9299812, 44.8099594], [17.9299411, 44.8100354], [17.9299277, 44.8101209], [17.9299277, 44.8103108], [17.9299411, 44.8104058], [17.9299545, 44.8105103], [17.9299612, 44.8106005], [17.9299545, 44.8111324], [17.9299545, 44.8112274], [17.9299612, 44.8113081], [17.9299612, 44.8114838], [17.9299545, 44.8115645], [17.9299344, 44.8116453], [17.9299076, 44.811726], [17.9298741, 44.811821], [17.9298273, 44.8120347], [17.9297737, 44.8121296], [17.9297202, 44.8122104], [17.9296666, 44.8122863], [17.9296064, 44.8123576], [17.9295729, 44.812443], [17.9295595, 44.8125285], [17.9295595, 44.8127042], [17.9295863, 44.8128942], [17.929593, 44.8129891], [17.9295997, 44.8131648], [17.9296131, 44.8132646], [17.9296666, 44.8135162], [17.9297068, 44.8136919], [17.9297269, 44.8137774], [17.9297469, 44.8138629], [17.9297603, 44.8139531], [17.9297737, 44.8140386], [17.9298005, 44.8141383], [17.9298206, 44.8142238], [17.9298474, 44.8143093], [17.9298808, 44.814409], [17.9299009, 44.8144992], [17.9299277, 44.8145894], [17.9299545, 44.8146654], [17.9299678, 44.8147461], [17.9300415, 44.8150453], [17.9300697, 44.8151384], [17.9300737, 44.815221], [17.9300749, 44.815297], [17.9300816, 44.8153872], [17.9300816, 44.8154726], [17.930095, 44.8156578], [17.9301285, 44.8157528], [17.9301687, 44.8158288], [17.9302222, 44.8159048], [17.9302825, 44.8159807], [17.930336, 44.816052], [17.9303829, 44.8161232], [17.9304364, 44.8161897], [17.93049, 44.8162609], [17.9305569, 44.8163274], [17.9306038, 44.8163986], [17.9306506, 44.8164698], [17.9306908, 44.816541], [17.9307309, 44.8166218], [17.9307845, 44.8166977], [17.9308581, 44.8167595], [17.9309451, 44.8168259], [17.9310121, 44.8168924], [17.9312464, 44.8172248], [17.9312865, 44.8173103], [17.9313334, 44.8173815], [17.9313869, 44.817448], [17.9314405, 44.817524], [17.9314873, 44.8175952], [17.9315342, 44.8176664], [17.9315744, 44.8177376], [17.9316145, 44.8178231], [17.931648, 44.8179038], [17.9316882, 44.8179798], [17.9317484, 44.8180605], [17.9318086, 44.818127], [17.931889, 44.818184], [17.9319693, 44.8182457], [17.9320429, 44.8183074], [17.93213, 44.8183786], [17.932217, 44.8184451], [17.9322906, 44.8185068], [17.9324379, 44.8186968], [17.9325383, 44.818749], [17.9325918, 44.818844], [17.9325784, 44.8189342], [17.9325584, 44.8190149], [17.9325249, 44.8191241], [17.9325115, 44.8192096], [17.9325182, 44.8193045], [17.9325784, 44.81939], [17.9326454, 44.8194612], [17.9327324, 44.819523], [17.932806, 44.8195799], [17.932893, 44.8196417], [17.93296, 44.8197129], [17.9330269, 44.8197841], [17.9331139, 44.8198553], [17.9332144, 44.8199645], [17.9332679, 44.8200452], [17.9333281, 44.8201355], [17.9333884, 44.8202779], [17.9334219, 44.8203634], [17.9334486, 44.8204536], [17.9334821, 44.820539], [17.9335156, 44.8206198], [17.9335557, 44.8207052], [17.9335959, 44.8207764], [17.9336361, 44.8208572], [17.9336829, 44.8209284], [17.9337365, 44.8209949], [17.9337967, 44.8210708], [17.933857, 44.8211373], [17.9339306, 44.8212085], [17.9340042, 44.821275], [17.9340912, 44.8213415], [17.9341649, 44.8214032], [17.9342452, 44.8214602], [17.9343121, 44.8215266], [17.9343858, 44.8216026], [17.9345732, 44.8217783], [17.9346201, 44.8218495], [17.9346803, 44.821916], [17.9347405, 44.8219872], [17.9347874, 44.8220584], [17.9348209, 44.8221344], [17.9348343, 44.8222151], [17.93484, 44.8223493], [17.9348343, 44.822386], [17.9348276, 44.8224715], [17.9348075, 44.8225522], [17.9347874, 44.8226329], [17.934774, 44.8227136], [17.9347472, 44.8230365], [17.9347472, 44.8238104], [17.9347405, 44.8238958], [17.9347405, 44.8241475], [17.9347339, 44.8242377], [17.9347272, 44.8243184], [17.9347205, 44.8244086], [17.9346937, 44.8244893], [17.9346334, 44.8245605], [17.9345531, 44.8246222], [17.934517, 44.8246399], [17.9344688, 44.8246579], [17.9344755, 44.8245677], [17.9344722, 44.8245273], [17.9344521, 44.8244894], [17.9344186, 44.8244561], [17.9343785, 44.8244253], [17.9343249, 44.8244039], [17.934268, 44.8243897], [17.9342044, 44.8243778], [17.9341442, 44.8243707], [17.9340237, 44.8243635], [17.9339668, 44.8243517], [17.9339133, 44.8243374], [17.9338564, 44.8243184], [17.9338095, 44.8242947], [17.933756, 44.824271], [17.9337024, 44.824252], [17.9336388, 44.8242591], [17.9335886, 44.8242852], [17.9335573, 44.8243309], [17.9335383, 44.8243561], [17.9335099, 44.8243763], [17.9334792, 44.8243947], [17.9334437, 44.8244081], [17.9334058, 44.8244199], [17.9333703, 44.8244333], [17.9333348, 44.8244451], [17.9333017, 44.8244635], [17.9332662, 44.8244753], [17.9332259, 44.824482], [17.9331833, 44.824482], [17.9331478, 44.8244719], [17.9331147, 44.8244551], [17.933091, 44.8244333], [17.9330626, 44.8244115], [17.9330342, 44.824388], [17.9330082, 44.8243645], [17.9329774, 44.8243444], [17.9329443, 44.8243259], [17.9329064, 44.8243125], [17.9328662, 44.8243058], [17.932826, 44.8242974], [17.9327739, 44.8242974], [17.9327313, 44.824299], [17.9326887, 44.8243125], [17.9326485, 44.8243242], [17.9326225, 44.8243477], [17.9326035, 44.8243763], [17.9325988, 44.824435], [17.932587, 44.8244652], [17.9325491, 44.824477], [17.9325112, 44.8244652], [17.9324923, 44.82444], [17.9324686, 44.824383], [17.9324544, 44.8243561], [17.9324379, 44.8243293], [17.9324189, 44.8243024], [17.9324047, 44.8242722], [17.9323858, 44.8242403], [17.9323716, 44.8242134], [17.9323621, 44.8241815], [17.9323574, 44.8241513], [17.9323527, 44.8240926], [17.9323408, 44.824064], [17.9323077, 44.8240456], [17.9322698, 44.8240321], [17.9322272, 44.8240254], [17.9321704, 44.8240154], [17.932071, 44.8239986], [17.9320142, 44.8239902], [17.9319385, 44.8239734], [17.9318959, 44.823965], [17.9318533, 44.82396], [17.9318131, 44.8239516], [17.9317752, 44.8239415], [17.931735, 44.8239331], [17.9316237, 44.8238911], [17.9315859, 44.8238777], [17.9315456, 44.823866], [17.931503, 44.8238593], [17.9314604, 44.8238593], [17.9314226, 44.8238777], [17.9313894, 44.8238995], [17.9313705, 44.8239247], [17.9313634, 44.8239533], [17.9313587, 44.8239851], [17.9313587, 44.8240154], [17.931361, 44.8240523], [17.9313681, 44.8240808], [17.9313776, 44.8241077], [17.9313942, 44.8241345], [17.9314107, 44.8241648], [17.9314273, 44.8241899], [17.9314415, 44.8242168], [17.9314462, 44.824247], [17.9314439, 44.8242772], [17.9314249, 44.8243024], [17.9313965, 44.8243225], [17.9313681, 44.824346], [17.9313326, 44.8243611], [17.9312829, 44.8243595], [17.9312403, 44.8243528], [17.9312025, 44.8243427], [17.9311599, 44.8243276], [17.931122, 44.8243108], [17.9310889, 44.8242974], [17.9310463, 44.8242789], [17.9310084, 44.8242671], [17.9309682, 44.824252], [17.9309256, 44.8242403], [17.9308853, 44.8242386], [17.9308451, 44.8242386], [17.9307978, 44.8242487], [17.9307599, 44.8242638], [17.9307434, 44.824289], [17.9307434, 44.8243511], [17.9307481, 44.8243813], [17.9307599, 44.8244132], [17.9307741, 44.8244468], [17.9307812, 44.824477], [17.9307836, 44.8245072], [17.9307836, 44.8245391], [17.9307694, 44.8245676], [17.9307504, 44.8245945], [17.9306842, 44.8246381], [17.9306487, 44.8246583], [17.9306179, 44.8246834], [17.9305895, 44.824712], [17.930573, 44.8247422], [17.9305659, 44.8247707], [17.9305635, 44.8248026], [17.9305777, 44.8248664], [17.9305753, 44.8248966], [17.930554, 44.8249235], [17.9305185, 44.8249453], [17.9304783, 44.8249604], [17.9304357, 44.8249621], [17.9304026, 44.8249419], [17.930386, 44.8249168], [17.9303765, 44.8248815], [17.9303765, 44.8248546], [17.9303718, 44.8247942], [17.9303694, 44.8247674], [17.9303647, 44.8247388], [17.9303529, 44.8247103], [17.9303363, 44.8246834], [17.9303221, 44.8246583], [17.9303079, 44.824628], [17.9302984, 44.8245978], [17.9302961, 44.8245693], [17.9302961, 44.8245055], [17.9302937, 44.824477], [17.93027, 44.8244451], [17.9302487, 44.8244182], [17.9302061, 44.8243712], [17.9301825, 44.824346], [17.9301635, 44.8243192], [17.9301399, 44.824294], [17.9301162, 44.8242671], [17.9300428, 44.8242], [17.9300168, 44.8241782], [17.9299931, 44.8241564], [17.9299742, 44.8241329], [17.9299647, 44.8241043], [17.9299624, 44.8240758], [17.9299671, 44.8240456], [17.929986, 44.8240221], [17.9300121, 44.8239969], [17.9300452, 44.8239784], [17.9300878, 44.8239583], [17.9301233, 44.8239449], [17.9301659, 44.8239432], [17.9302061, 44.8239432], [17.9302535, 44.8239449], [17.9303742, 44.8239751], [17.9304097, 44.8239835], [17.9304499, 44.8239935], [17.9304925, 44.8239986], [17.9305327, 44.8240003], [17.9305777, 44.8240003], [17.9306132, 44.8239902], [17.9306511, 44.8239818], [17.9306842, 44.82397], [17.9307079, 44.8239499], [17.9307339, 44.8239298], [17.9307481, 44.8239012], [17.9307457, 44.823871], [17.9307339, 44.8238441], [17.9307694, 44.8238257], [17.9306747, 44.8236746], [17.9306629, 44.8236477], [17.9306298, 44.8236041], [17.9306108, 44.8235772], [17.9305895, 44.8235521], [17.9305493, 44.8235017], [17.9305185, 44.8234765], [17.9304854, 44.8234581], [17.9304499, 44.823443], [17.9304144, 44.8234312], [17.9303742, 44.8234161], [17.9303339, 44.8234044], [17.9302913, 44.8233909], [17.9302558, 44.8233775], [17.930218, 44.8233641], [17.9301825, 44.823354], [17.9301446, 44.8233439], [17.930102, 44.8233372], [17.9300618, 44.8233305], [17.9300192, 44.8233271], [17.9299316, 44.8233271], [17.9298843, 44.8233339], [17.9298417, 44.8233456], [17.9298062, 44.8233574], [17.9297707, 44.8233741], [17.9297399, 44.8233926], [17.9297115, 44.8234127], [17.9296831, 44.8234346], [17.9296523, 44.8234631], [17.9296263, 44.8234866], [17.9295979, 44.8235101], [17.9295742, 44.8235336], [17.9295577, 44.8235588], [17.9295506, 44.823589], [17.9295482, 44.8236192], [17.9295553, 44.8236494], [17.9295766, 44.8236796], [17.9296074, 44.8237048], [17.9296429, 44.8237199], [17.9296784, 44.8237317], [17.9296973, 44.8237585], [17.929676, 44.8237837], [17.9295908, 44.8237837], [17.9295506, 44.8237804], [17.9295127, 44.8237703], [17.9294796, 44.8237501], [17.9294488, 44.8237233], [17.9294275, 44.8236998], [17.9294062, 44.8236696], [17.9293636, 44.8236159], [17.9293447, 44.823584], [17.9293257, 44.8235588], [17.9293115, 44.8235319], [17.929295, 44.8235034], [17.9292784, 44.8234765], [17.929224, 44.8234312], [17.9291885, 44.8234161], [17.9291364, 44.8234111], [17.9290914, 44.8234094], [17.9290465, 44.8234094], [17.9290062, 44.8234178], [17.928966, 44.8234279], [17.9289258, 44.8234329], [17.9288406, 44.8234362], [17.9288004, 44.8234245], [17.9287649, 44.8234127], [17.9287294, 44.8233892], [17.9287033, 44.8233657], [17.9286891, 44.8233406], [17.9286844, 44.8233103], [17.9286797, 44.8232835], [17.9286797, 44.8232281], [17.9287033, 44.8231744], [17.9287081, 44.8231458], [17.9287128, 44.823114], [17.9287152, 44.8230854], [17.9287152, 44.8229948], [17.928701, 44.8229595], [17.9286844, 44.8229343], [17.9286465, 44.8229176], [17.9286039, 44.8229159], [17.9285542, 44.8229192], [17.9285116, 44.8229276], [17.9284596, 44.8229394], [17.9284146, 44.8229545], [17.9283767, 44.8229746], [17.9283436, 44.8230015], [17.9283152, 44.8230216], [17.9282892, 44.8230434], [17.9282631, 44.8230703], [17.9282395, 44.8231005], [17.9282182, 44.8231375], [17.9282087, 44.823166], [17.9281921, 44.8232113], [17.9281921, 44.8232432], [17.9281874, 44.8232751], [17.9281779, 44.8233036], [17.9281614, 44.8233355], [17.9281424, 44.8233624], [17.928114, 44.8233909], [17.9280856, 44.8234144], [17.9280572, 44.8234396], [17.9280288, 44.8234631], [17.9280004, 44.8234849], [17.9279649, 44.8235084], [17.9279294, 44.8235235], [17.9278868, 44.8235403], [17.9278466, 44.8235454], [17.927759, 44.8235487], [17.9277188, 44.8235487], [17.9276762, 44.8235454], [17.927636, 44.8235336], [17.9276028, 44.8235135], [17.9275768, 44.8234916], [17.9275555, 44.8234681], [17.9275318, 44.8234446], [17.9275105, 44.8234211], [17.9274892, 44.8233993], [17.9274632, 44.8233758], [17.9274372, 44.8233473], [17.9274088, 44.8233204], [17.9273851, 44.8232952], [17.9273614, 44.8232717], [17.9272762, 44.8232012], [17.9272123, 44.8231526], [17.9271792, 44.8231307], [17.9271413, 44.8231072], [17.9271082, 44.8230871], [17.9270751, 44.8230686], [17.9270419, 44.8230518], [17.9270088, 44.8230334], [17.9269686, 44.8230149], [17.9269331, 44.8230015], [17.9268976, 44.8229864], [17.9268645, 44.8229662], [17.9268597, 44.822936], [17.9268881, 44.8229142], [17.9269283, 44.8229058], [17.9269733, 44.8228974], [17.9270135, 44.8228924], [17.9270916, 44.822889], [17.9274182, 44.822889], [17.9274585, 44.8228857], [17.9274987, 44.8228773], [17.9275413, 44.8228689], [17.9275792, 44.8228605], [17.9276147, 44.8228487], [17.9276525, 44.8228319], [17.9276833, 44.8228135], [17.9277046, 44.82279], [17.9277188, 44.8227631], [17.9277212, 44.8227363], [17.9277141, 44.8227094], [17.9276999, 44.8226792], [17.9276786, 44.8226557], [17.9276525, 44.8226322], [17.9276241, 44.8226104], [17.9275957, 44.8225902], [17.9276573, 44.8226104], [17.9274798, 44.8225499], [17.9274159, 44.8225365], [17.9273733, 44.8225298], [17.9273165, 44.8225214], [17.9272739, 44.8225147], [17.9272242, 44.8225063], [17.9271626, 44.8224996], [17.9271224, 44.8224996], [17.9269922, 44.8225046], [17.9269023, 44.8225147], [17.9268621, 44.8225164], [17.9268195, 44.8225164], [17.9267745, 44.822513], [17.9267343, 44.8225029], [17.9266917, 44.8224912], [17.9266491, 44.8224861], [17.9266089, 44.8224845], [17.9265615, 44.8224845], [17.9265189, 44.8224861], [17.9264763, 44.8224929], [17.9264219, 44.8225046], [17.9263793, 44.822508], [17.9263391, 44.8225147], [17.9262941, 44.8225214], [17.9262444, 44.8225248], [17.9261923, 44.8225264], [17.9261497, 44.8225264], [17.9261071, 44.8225147], [17.9260693, 44.8225013], [17.926029, 44.8224845], [17.9259983, 44.8224626], [17.9259722, 44.8224391], [17.9259486, 44.822414], [17.9259296, 44.8223888], [17.9259154, 44.8223619], [17.9258989, 44.8223334], [17.9258586, 44.8222763], [17.9258279, 44.8222511], [17.9257924, 44.822231], [17.9257569, 44.8222159], [17.9257143, 44.8221991], [17.9256788, 44.822184], [17.9256409, 44.8221706], [17.9255652, 44.8221403], [17.9255273, 44.8221286], [17.9254894, 44.8221152], [17.9254492, 44.8221068], [17.925409, 44.8221001], [17.925364, 44.8220917], [17.925319, 44.8220799], [17.9252764, 44.8220682], [17.9252386, 44.8220615], [17.9251983, 44.8220547], [17.9251557, 44.8220531], [17.9250161, 44.8220531], [17.9249759, 44.8220631], [17.9249404, 44.8220782], [17.9249144, 44.8221068], [17.9248954, 44.822132], [17.924886, 44.8221622], [17.9248741, 44.8221941], [17.9248647, 44.8222243], [17.9248552, 44.8222595], [17.924841, 44.8222881], [17.9248031, 44.8223418], [17.9247795, 44.8223703], [17.9247487, 44.8223955], [17.9247132, 44.8224089], [17.9246682, 44.822414], [17.9246351, 44.8223972], [17.9246233, 44.8223686], [17.9246185, 44.8223099], [17.9246233, 44.822278], [17.9246256, 44.8222511], [17.9246895, 44.8221387], [17.9247108, 44.8221051], [17.9247298, 44.8220766], [17.9247487, 44.8220447], [17.9247605, 44.8220195], [17.92477, 44.8219876], [17.9247747, 44.8219204], [17.9247889, 44.8218936], [17.9248244, 44.8218852], [17.9248694, 44.8218802], [17.9247856, 44.8217936], [17.9247951, 44.8217365], [17.9247903, 44.8216794], [17.9247619, 44.8216257], [17.9247051, 44.8215821], [17.9246341, 44.8215552], [17.9245489, 44.8215485], [17.9244685, 44.8215485], [17.9242981, 44.8215351], [17.9242176, 44.8215116], [17.9241797, 44.8214646], [17.9241797, 44.8214075], [17.9242129, 44.8213538], [17.924246, 44.8213068], [17.9242602, 44.8212497], [17.9242318, 44.8211994], [17.9241892, 44.8211523], [17.9241087, 44.8211356], [17.924033, 44.8211624], [17.9239762, 44.8212061], [17.9239052, 44.8212329], [17.9238247, 44.8212128], [17.9237585, 44.8211792], [17.9237159, 44.8211356], [17.9236922, 44.8210818], [17.9236685, 44.8210315], [17.9236543, 44.8209778], [17.9236638, 44.820914], [17.9237111, 44.8208636], [17.9238247, 44.8207898], [17.9238863, 44.8207528], [17.9239478, 44.8207192], [17.9240141, 44.8206823], [17.9240851, 44.8206487], [17.9241608, 44.8206085], [17.9242271, 44.8205782], [17.9243123, 44.8205413], [17.9243785, 44.8205178], [17.9244543, 44.820501], [17.92453, 44.8204909], [17.924601, 44.8204641], [17.9246436, 44.8204204], [17.9246436, 44.8203634], [17.924601, 44.8203164], [17.9245442, 44.8202727], [17.9244874, 44.8202324], [17.9238815, 44.8200411], [17.9238153, 44.8200041], [17.9237537, 44.8199672], [17.9236875, 44.8199269], [17.9236165, 44.8199034], [17.9234461, 44.8199034], [17.9233609, 44.8199068], [17.9232709, 44.8199235], [17.9231905, 44.8199437], [17.9231148, 44.8199672], [17.923039, 44.8200108], [17.9229822, 44.8200578], [17.922916, 44.8201653], [17.9228497, 44.8202056], [17.922774, 44.8201754], [17.9227314, 44.8201492], [17.9226963, 44.8200964], [17.922676, 44.8200527], [17.9226531, 44.819989], [17.9226462, 44.8199], [17.9225894, 44.8198116], [17.9225468, 44.8197754], [17.922504, 44.8197613], [17.922419, 44.8197015], [17.9223574, 44.8196113], [17.9223243, 44.8195576], [17.9223196, 44.8195005], [17.9222888, 44.8193137], [17.922224, 44.8192338], [17.9222122, 44.8191878], [17.9221965, 44.8191379], [17.9221627, 44.8191108], [17.9220958, 44.8190834], [17.9220273, 44.8190766], [17.9219362, 44.8190708], [17.9218604, 44.8190976], [17.9217894, 44.8190708], [17.9217232, 44.8190271], [17.9216696, 44.8190059], [17.9216134, 44.818999], [17.9215067, 44.8190023], [17.9214324, 44.8190125], [17.9213465, 44.8190351], [17.9212842, 44.8190567], [17.9211978, 44.8190708], [17.9211079, 44.8190775], [17.9210274, 44.8190473], [17.9209564, 44.819017], [17.9208901, 44.8189801], [17.9208428, 44.8189297], [17.9208002, 44.8188794], [17.9207623, 44.818829], [17.9207529, 44.8187652], [17.9207623, 44.8187048], [17.9207671, 44.8186477], [17.9207671, 44.8185906], [17.9207292, 44.8185403], [17.9206677, 44.8185], [17.920573, 44.8184832], [17.9204878, 44.8184731], [17.9204073, 44.8184765], [17.9203458, 44.8185235], [17.9203032, 44.8185738], [17.9202795, 44.8186309], [17.9202464, 44.818688], [17.9202038, 44.8187417], [17.9201565, 44.8187954], [17.9201375, 44.8188525], [17.9201328, 44.8189096], [17.9201328, 44.8189667], [17.9201517, 44.8190204], [17.9201943, 44.8190674], [17.9202559, 44.8191043], [17.9203316, 44.8191379], [17.9204026, 44.8191681], [17.9204736, 44.819195], [17.9205399, 44.8192286], [17.9205967, 44.8192688], [17.9206535, 44.8193125], [17.9206913, 44.8193662], [17.9207008, 44.8194266], [17.9206771, 44.8194904], [17.9206298, 44.8195374], [17.9205446, 44.8195475], [17.9204547, 44.8195341], [17.9203884, 44.8194972], [17.9203316, 44.8194569], [17.9202843, 44.8194065], [17.9202464, 44.8193561], [17.9202133, 44.8193024], [17.9201754, 44.8192453], [17.9201281, 44.8191916], [17.9200855, 44.8191446], [17.9200239, 44.819101], [17.9199529, 44.8190708], [17.9198772, 44.819054], [17.9197967, 44.8190439], [17.9197163, 44.8190674], [17.9196453, 44.8191043], [17.9195885, 44.819148], [17.9195648, 44.8192084], [17.9195459, 44.8193293], [17.9195364, 44.8193864], [17.919508, 44.8194401], [17.9194654, 44.8194904], [17.9193897, 44.8195139], [17.919314, 44.8194972], [17.9192714, 44.8194535], [17.9192477, 44.8193931], [17.919243, 44.8193394], [17.919243, 44.8192856], [17.9192524, 44.8192252], [17.9192714, 44.8191648], [17.9192998, 44.819101], [17.9193282, 44.8190506], [17.9193613, 44.8190002], [17.9193991, 44.8189499], [17.9194323, 44.8188995], [17.9194559, 44.8188492], [17.9194938, 44.8187787], [17.9194938, 44.8186611], [17.9194701, 44.8186074], [17.9193944, 44.8185873], [17.9193045, 44.8185806], [17.9192193, 44.8185772], [17.9191294, 44.8185772], [17.9190489, 44.8185873], [17.9189637, 44.8186074], [17.918888, 44.8186309], [17.9188217, 44.8186645], [17.9186892, 44.8187384], [17.9186182, 44.8187719], [17.918533, 44.8187686], [17.9184809, 44.8187216], [17.9184667, 44.8186645], [17.9184667, 44.8186074], [17.9185093, 44.8185604], [17.9185661, 44.8185201], [17.9186324, 44.8184899], [17.9186986, 44.8184563], [17.9187602, 44.8184194], [17.9188312, 44.8183892], [17.9188927, 44.818359], [17.9189637, 44.8183321], [17.9190394, 44.8183052], [17.9191057, 44.8182784], [17.9191625, 44.818228], [17.9192051, 44.8181676], [17.9192193, 44.8181105], [17.9192193, 44.8180467], [17.9193045, 44.8180098], [17.9194039, 44.8180199], [17.9191814, 44.8179527], [17.919172, 44.817899], [17.9191341, 44.817852], [17.9190726, 44.8178117], [17.9189968, 44.8177882], [17.9189116, 44.8177748], [17.9188312, 44.8177613], [17.9186466, 44.8177613], [17.9184809, 44.817768], [17.9184004, 44.8177882], [17.9183294, 44.8178184], [17.9182111, 44.8179258], [17.9181543, 44.8179729], [17.9180928, 44.8180232], [17.9180407, 44.8180736], [17.9179839, 44.8181206], [17.9179318, 44.8181709], [17.9178987, 44.818228], [17.9178798, 44.8182885], [17.917875, 44.8183455], [17.9178656, 44.8184026], [17.9178419, 44.8184597], [17.9177898, 44.8185033], [17.9177094, 44.8184832], [17.9176478, 44.8184429], [17.9176147, 44.8183892], [17.9175863, 44.8183288], [17.9175579, 44.8182784], [17.9175248, 44.8182247], [17.9174774, 44.8181743], [17.9174112, 44.8181407], [17.917326, 44.8181307], [17.9172455, 44.8181307], [17.9171603, 44.8181441], [17.9170846, 44.8181609], [17.9170041, 44.8182112], [17.9169568, 44.8182616], [17.9169379, 44.818322], [17.9169284, 44.8183825], [17.9169142, 44.8184395], [17.9169095, 44.8184966], [17.9169189, 44.8185571], [17.9169379, 44.8186175], [17.916971, 44.8186712], [17.9170278, 44.8187115], [17.9170988, 44.8187417], [17.9171556, 44.8187854], [17.9171793, 44.8188391], [17.9171651, 44.8188962], [17.9170893, 44.8189197], [17.9170089, 44.8189197], [17.9169331, 44.8188962], [17.9168763, 44.8188559], [17.9168385, 44.8188055], [17.9168195, 44.8187451], [17.9167959, 44.818688], [17.9167769, 44.8186276], [17.9167391, 44.8185738], [17.9166917, 44.8185235], [17.9166397, 44.8184798], [17.9165829, 44.8184295], [17.9165403, 44.8183825], [17.9165024, 44.8183288], [17.9164835, 44.818275], [17.9164787, 44.818218], [17.9164787, 44.8181542], [17.9164977, 44.8181004], [17.9165213, 44.8180434], [17.9165497, 44.817993], [17.9165829, 44.8179426], [17.9166349, 44.817899], [17.916687, 44.817852], [17.9167343, 44.8178016], [17.9167627, 44.8177546], [17.9167675, 44.8177009], [17.916758, 44.8176438], [17.9167201, 44.8175901], [17.9166823, 44.8175397], [17.9166255, 44.8174927], [17.9165639, 44.8174524], [17.9164787, 44.8174457], [17.916403, 44.8174289], [17.9163935, 44.8173752], [17.9164219, 44.8173181], [17.9164787, 44.8172778], [17.9165545, 44.8172409], [17.9166207, 44.8172107], [17.916687, 44.8171872], [17.9167533, 44.817157], [17.9168243, 44.8171335], [17.9168905, 44.8171066], [17.9169568, 44.8170831], [17.9170231, 44.8170562], [17.9170799, 44.817016], [17.9171556, 44.8169857], [17.9172408, 44.8169757], [17.9173213, 44.8169723], [17.9174017, 44.8169824], [17.9174727, 44.8170092], [17.9175579, 44.817026], [17.9176336, 44.817026], [17.9177094, 44.8170193], [17.9177709, 44.8169891], [17.9177804, 44.8169354], [17.9177283, 44.8168951], [17.9176526, 44.8168682], [17.9175863, 44.8168346], [17.91752, 44.8168044], [17.9174301, 44.8167809], [17.9173497, 44.8167574], [17.9172077, 44.8167104], [17.9171367, 44.8166802], [17.9170515, 44.8166668], [17.9169615, 44.8166668], [17.9168763, 44.8166768], [17.9167817, 44.816697], [17.9166965, 44.8167138], [17.9166207, 44.8167373], [17.9165403, 44.8167608], [17.9164645, 44.8167809], [17.9163888, 44.8168078], [17.9162941, 44.8168447], [17.9162279, 44.816885], [17.9161095, 44.8169757], [17.9160575, 44.817026], [17.9160196, 44.8170831], [17.9159865, 44.8171368], [17.9159723, 44.8171939], [17.9159675, 44.817251], [17.9159675, 44.8173651], [17.9159533, 44.8174256], [17.9159202, 44.8174827], [17.9158823, 44.817533], [17.915835, 44.81758], [17.915764, 44.8176102], [17.9156835, 44.817627], [17.9156031, 44.8176304], [17.9155179, 44.817627], [17.9154422, 44.8176102], [17.9153712, 44.8175834], [17.9153096, 44.8175364], [17.9152718, 44.817486], [17.9152386, 44.8174323], [17.9152197, 44.8173752], [17.9151913, 44.8173114], [17.9151676, 44.817251], [17.9151203, 44.8172006], [17.9150588, 44.8171603], [17.914983, 44.8171368], [17.9149073, 44.81712], [17.9148268, 44.8171066], [17.9147748, 44.8170663], [17.9147558, 44.8170092], [17.9147842, 44.8169589], [17.9148458, 44.8169287], [17.9149215, 44.8169186], [17.915002, 44.8169186], [17.9150824, 44.8169253], [17.9151724, 44.8169253], [17.9152528, 44.8169219], [17.9153096, 44.816885], [17.915338, 44.8168346], [17.9153428, 44.8167809], [17.9153191, 44.8167238], [17.9152765, 44.8166802], [17.9152244, 44.8166365], [17.9151771, 44.8165929], [17.9151156, 44.8165526], [17.9150493, 44.816519], [17.9149783, 44.8164888], [17.9148884, 44.8164989], [17.9148221, 44.8165358], [17.9147511, 44.816566], [17.9146612, 44.8165862], [17.9145902, 44.8166097], [17.9145144, 44.8166298], [17.9144387, 44.8166466], [17.9143582, 44.8166567], [17.9142683, 44.8166433], [17.9142115, 44.8165996], [17.9141784, 44.8165492], [17.9141358, 44.8164989], [17.9140884, 44.8164519], [17.9140316, 44.8164082], [17.9139606, 44.8163746], [17.9138754, 44.8163646], [17.913795, 44.8163814], [17.9137145, 44.8163881], [17.9136388, 44.8163713], [17.9135678, 44.8163377], [17.9134873, 44.8163142], [17.9134069, 44.8163008], [17.9133264, 44.8163008], [17.9132365, 44.8163041], [17.9131513, 44.8163142], [17.9130708, 44.8163176], [17.9129809, 44.8163176], [17.9129004, 44.8163109], [17.9128152, 44.8163041], [17.91273, 44.8163008], [17.9126732, 44.8163444], [17.9126685, 44.8164049], [17.9126685, 44.8164653], [17.9126117, 44.8165123], [17.9125265, 44.8165157], [17.9122709, 44.8165157], [17.9121857, 44.8165123], [17.9121005, 44.8165056], [17.9120105, 44.8165056], [17.9119159, 44.8164989], [17.9118212, 44.8164854], [17.9117407, 44.8164619], [17.9117029, 44.8164116], [17.9117029, 44.81619], [17.9116792, 44.8161363], [17.9116224, 44.8160892], [17.9115562, 44.8160557], [17.9114757, 44.8160456], [17.9113858, 44.8160355], [17.9113053, 44.8160255], [17.9112201, 44.8160187], [17.9111396, 44.816002], [17.9110686, 44.815965], [17.9109692, 44.8158811], [17.9109172, 44.8158341], [17.9108651, 44.8157904], [17.9108083, 44.8157501], [17.910742, 44.8157166], [17.9106663, 44.8156964], [17.9105811, 44.815683], [17.9104959, 44.8156796], [17.9104154, 44.815693], [17.910264, 44.8157468], [17.9101835, 44.8157703], [17.9101125, 44.8157434], [17.9100699, 44.8156998], [17.9100368, 44.8156528], [17.9100084, 44.815599], [17.9099752, 44.8155487], [17.9099326, 44.8155017], [17.9098616, 44.8154748], [17.9097812, 44.8154547], [17.9097007, 44.8154479], [17.909625, 44.8154647], [17.909554, 44.8155017], [17.909483, 44.815542], [17.909412, 44.8155722], [17.9093457, 44.8156024], [17.90927, 44.8156225], [17.9091895, 44.8156158], [17.9091422, 44.8155688], [17.9091138, 44.8155117], [17.9091091, 44.8154547], [17.9091091, 44.8154009], [17.9091138, 44.8153405], [17.9091233, 44.8152868], [17.9091233, 44.815223], [17.9090854, 44.8151726], [17.9090049, 44.8151525], [17.9089197, 44.8151491], [17.9088535, 44.8151222], [17.9088251, 44.8150719], [17.9088393, 44.8150148], [17.9088913, 44.8149711], [17.9089955, 44.8149409], [17.9090523, 44.8149006], [17.9090712, 44.8148402], [17.9090665, 44.8147798], [17.9090239, 44.8147327], [17.9089718, 44.8146891], [17.9089292, 44.8146387], [17.9089245, 44.814585], [17.908915, 44.8145313], [17.9088393, 44.8144943], [17.908773, 44.8144675], [17.908702, 44.814444], [17.9086263, 44.8144138], [17.9085553, 44.8143768], [17.9084748, 44.8143735], [17.9083896, 44.8143768], [17.9083517, 44.8143298], [17.9083186, 44.8142795], [17.9082807, 44.8142324], [17.9082003, 44.8142157], [17.9080393, 44.8142425], [17.9079873, 44.8141989], [17.9079967, 44.8141418], [17.9080441, 44.8140914], [17.9081103, 44.8140578], [17.9081813, 44.8140343], [17.9082571, 44.8140108], [17.9083233, 44.813984], [17.9083754, 44.8139403], [17.9083943, 44.8138866], [17.9083849, 44.8138329], [17.9083423, 44.8137892], [17.9082571, 44.8137825], [17.9082429, 44.8137288], [17.9082381, 44.8136683], [17.9082381, 44.8134904], [17.9081624, 44.8134501], [17.907992, 44.8134367], [17.9079115, 44.8134232], [17.9078311, 44.8133997], [17.9077696, 44.8133561], [17.9077222, 44.8133057], [17.9076986, 44.8132553], [17.9076986, 44.8131982], [17.907708, 44.8131445], [17.9077317, 44.8130874], [17.9077648, 44.8130404], [17.9078169, 44.8130001], [17.9078547, 44.8129498], [17.9078595, 44.8128927], [17.9078405, 44.8128356], [17.9078074, 44.8127852], [17.9077696, 44.8127147], [17.9077459, 44.8126576], [17.907708, 44.8126073], [17.9076512, 44.812567], [17.9075802, 44.81253], [17.9075045, 44.8124897], [17.9074288, 44.8124763], [17.9073483, 44.8124797], [17.9072726, 44.8125099], [17.9072252, 44.8125603], [17.907159, 44.8125905], [17.9070832, 44.812567], [17.9070406, 44.81252], [17.906998, 44.8124662], [17.906946, 44.8124226], [17.9068702, 44.8124058], [17.9067898, 44.812436], [17.9067472, 44.812483], [17.9067046, 44.8125368], [17.9066478, 44.8125804], [17.9065768, 44.8126073], [17.9064963, 44.8126173], [17.9064206, 44.8125972], [17.906359, 44.8125603], [17.9062786, 44.8125435], [17.9061981, 44.8125435], [17.9061176, 44.8125267], [17.9060466, 44.8124931], [17.9059898, 44.8124427], [17.9059472, 44.8123924], [17.9058952, 44.8123487], [17.9057437, 44.8123084], [17.9056633, 44.8122916], [17.9055875, 44.8123084], [17.9055639, 44.8123655], [17.905597, 44.8124192], [17.9056396, 44.8124662], [17.9055733, 44.8125032], [17.9055071, 44.8124629], [17.9054787, 44.8124125], [17.9054455, 44.8123588], [17.9054219, 44.8123017], [17.9054029, 44.812248], [17.9053556, 44.8122043], [17.9052799, 44.8121808], [17.9051899, 44.8121842], [17.9051142, 44.8122043], [17.9050385, 44.8122446], [17.9049627, 44.8122278], [17.9049438, 44.8121741], [17.904932, 44.8120993], [17.904932, 44.8120724], [17.9049343, 44.8120455], [17.9049391, 44.812017], [17.9049391, 44.8119884], [17.9049225, 44.8119649], [17.9048941, 44.8119448], [17.9048633, 44.8119246], [17.9049723, 44.8117276], [17.9050925, 44.8115464], [17.9051934, 44.8114004], [17.905586, 44.8108904], [17.9060474, 44.8102465], [17.9066225, 44.8090134], [17.9057836, 44.8078125], [17.9054403, 44.8067925], [17.9045282, 44.8062183], [17.906084, 44.8045393], [17.906363, 44.8030777], [17.9065795, 44.8027319], [17.9064917, 44.8021033], [17.9057407, 44.8009158], [17.9053545, 44.8001849], [17.9052686, 44.7993323], [17.9055047, 44.7984949], [17.9050045, 44.7969339], [17.9043952, 44.7957766], [17.9038458, 44.7955757], [17.9027643, 44.7952833], [17.9021292, 44.7950397], [17.9015456, 44.7943453], [17.9021807, 44.7936144], [17.901906, 44.7923962], [17.9014769, 44.7915069], [17.9015284, 44.7911901], [17.9020605, 44.7910196], [17.9028845, 44.7908856], [17.9044638, 44.788912], [17.9045153, 44.7882907], [17.904275, 44.7872795], [17.9041891, 44.7866459], [17.904893, 44.7856591], [17.9055624, 44.7852204], [17.9061632, 44.7849037], [17.9061632, 44.7844163], [17.9058028, 44.7836487], [17.9059916, 44.7830761], [17.9068499, 44.7813215], [17.9073434, 44.7794969], [17.9072232, 44.7787992], [17.9079872, 44.7780255], [17.909131, 44.7774028], [17.9097638, 44.7769745], [17.9100482, 44.7765471], [17.9102897, 44.7761843], [17.9109569, 44.7756981], [17.9112768, 44.7748134], [17.9117208, 44.7739524], [17.9112745, 44.7733432], [17.9097596, 44.7720209], [17.9087639, 44.7711922], [17.9079294, 44.7699997], [17.9071503, 44.7692058], [17.9059124, 44.7689638], [17.9030047, 44.7678073], [17.9017559, 44.7675422], [17.9013315, 44.7674487], [17.9000693, 44.7671705], [17.8982091, 44.7660084], [17.897254, 44.7656958], [17.8967838, 44.7653293], [17.89572, 44.7645001], [17.8943701, 44.7641448], [17.8929519, 44.7629461], [17.8924862, 44.7624446]]]}}]}