{"type": "FeatureCollection", "features": [{"type": "Feature", "properties": {"name": "Opština Foča (RS), Република Српска / Republika Srpska, Bosna i Hercegovina / Босна и Херцеговина", "source": "OpenStreetMap relation 2528196", "licence": "ODbL 1.0"}, "geometry": {"type": "MultiPolygon", "coordinates": [[[[18.5283705, 43.3522572], [18.5283761, 43.3522495], [18.5284687, 43.3520264], [18.5285557, 43.3519747], [18.5285082, 43.3519373], [18.5284707, 43.3518985], [18.5284786, 43.3517907], [18.5287373, 43.351618], [18.5287821, 43.3516038], [18.5288352, 43.3515916], [18.5288911, 43.3515245], [18.5288631, 43.3514249], [18.5289945, 43.3513762], [18.529014, 43.3513396], [18.5291147, 43.3511567], [18.5293075, 43.3511506], [18.5293551, 43.3511363], [18.5297715, 43.3510693], [18.5298889, 43.3510063], [18.5301712, 43.3509758], [18.5302635, 43.3509432], [18.5307853, 43.350875], [18.5308873, 43.3506982], [18.5309083, 43.350688], [18.5310271, 43.3506677], [18.531076, 43.3506769], [18.5311417, 43.3506992], [18.5312158, 43.3506891], [18.5312745, 43.3506108], [18.5312885, 43.3505956], [18.5313695, 43.3505549], [18.5314673, 43.3505092], [18.5315149, 43.3504177], [18.5316364, 43.350374], [18.5317818, 43.3503303], [18.5317832, 43.3502765], [18.5322053, 43.350312], [18.5322863, 43.3503608], [18.5324107, 43.3503252], [18.5324135, 43.3501911], [18.5328356, 43.3501393], [18.5329208, 43.3500498], [18.5330368, 43.3499797], [18.5332213, 43.3500305], [18.5332926, 43.3500661], [18.5337384, 43.3500447], [18.5338069, 43.3500163], [18.5338698, 43.3500315], [18.5339257, 43.3501708], [18.5341535, 43.3501342], [18.5341744, 43.3501271], [18.5342233, 43.3501281], [18.5341968, 43.350246], [18.5341884, 43.3502978], [18.5341898, 43.3503161], [18.5342206, 43.3504004], [18.5343156, 43.3504807], [18.5343631, 43.3504929], [18.5345438, 43.3505536], [18.5347451, 43.3505862], [18.5349463, 43.3506227], [18.5350078, 43.3506756], [18.5350749, 43.3507284], [18.5351643, 43.3507731], [18.5352538, 43.3508097], [18.5353376, 43.3508504], [18.5354215, 43.3508951], [18.5354942, 43.3510252], [18.5355668, 43.3511553], [18.5358408, 43.3512284], [18.5359414, 43.3512447], [18.5361091, 43.3513138], [18.5361874, 43.3513544], [18.53626, 43.3513951], [18.5364389, 43.3514561], [18.536629, 43.3514276], [18.5368191, 43.3513748], [18.5373445, 43.3513423], [18.5374452, 43.3513219], [18.5375346, 43.3512813], [18.5375961, 43.3512284], [18.537652, 43.3511675], [18.5377135, 43.3507528], [18.5377974, 43.3507122], [18.5380489, 43.3505699], [18.5381439, 43.3505089], [18.5382949, 43.3503301], [18.538362, 43.3501878], [18.5385353, 43.350017], [18.538921, 43.3499601], [18.5391726, 43.3498422], [18.5393514, 43.3497731], [18.5394465, 43.3497528], [18.5403186, 43.3496837], [18.5407155, 43.3494154], [18.5407602, 43.3492731], [18.5408105, 43.3492162], [18.5408888, 43.3491715], [18.5409782, 43.349143], [18.5411795, 43.3489723], [18.5412633, 43.3489357], [18.5413584, 43.3489398], [18.5418168, 43.3489438], [18.5418615, 43.3488829], [18.5419677, 43.3487731], [18.5420292, 43.3484926], [18.5420739, 43.3484235], [18.5420739, 43.3483544], [18.5420124, 43.3482934], [18.5419453, 43.3482446], [18.5419062, 43.3481796], [18.5419342, 43.3481105], [18.5420068, 43.3480576], [18.5420851, 43.348021], [18.5422304, 43.3479316], [18.5421857, 43.3477405], [18.5421075, 43.347708], [18.542018, 43.3476836], [18.5419733, 43.3473462], [18.542046, 43.3471307], [18.5420851, 43.3467811], [18.5421634, 43.3467364], [18.5422416, 43.3465291], [18.5422919, 43.346464], [18.5423646, 43.3464153], [18.5424373, 43.3463665], [18.5424764, 43.3462974], [18.5425436, 43.3461737], [18.5426503, 43.3460703], [18.5428164, 43.3459725], [18.543288, 43.3456603], [18.5436109, 43.345389], [18.5437493, 43.345228], [18.5438349, 43.3451793], [18.5439892, 43.3451366], [18.5441581, 43.3450807], [18.5441992, 43.3450682], [18.5442498, 43.3450969], [18.544278, 43.3451059], [18.5443842, 43.3450854], [18.5444589, 43.3450576], [18.5445088, 43.3450135], [18.544561, 43.3449599], [18.5445807, 43.3449397], [18.5445965, 43.3449182], [18.5446104, 43.3448952], [18.54464, 43.3448492], [18.5446578, 43.3448276], [18.5446776, 43.3448061], [18.5447033, 43.3447859], [18.5447309, 43.3447687], [18.5447645, 43.3447558], [18.5448001, 43.3447471], [18.5448357, 43.3447457], [18.5448733, 43.3447457], [18.5449108, 43.3447428], [18.5449503, 43.3447342], [18.544982, 43.3447213], [18.5450057, 43.3446983], [18.5450294, 43.3446781], [18.5450571, 43.344658], [18.5450828, 43.3446408], [18.5451124, 43.3446235], [18.5451421, 43.3446106], [18.5451757, 43.3446048], [18.5452508, 43.3446048], [18.5452903, 43.3446005], [18.5453259, 43.3445933], [18.5453634, 43.3445818], [18.5453931, 43.3445718], [18.5454286, 43.3445588], [18.5454642, 43.344543], [18.5454978, 43.3445315], [18.5455373, 43.3445258], [18.5455709, 43.3445258], [18.5456065, 43.3445272], [18.5456421, 43.3445358], [18.5456658, 43.3445516], [18.5456876, 43.3445718], [18.5457053, 43.3445919], [18.5457172, 43.3446149], [18.5457251, 43.3446393], [18.545737, 43.3446609], [18.5457686, 43.3446709], [18.5458042, 43.3446709], [18.5458299, 43.3446537], [18.5458556, 43.344635], [18.5458872, 43.3446178], [18.5459228, 43.344612], [18.5459544, 43.3446221], [18.5459821, 43.3446379], [18.545988, 43.3446623], [18.5459801, 43.3446839], [18.5459682, 43.3447083], [18.5459682, 43.3447313], [18.5459722, 43.3447572], [18.545984, 43.3447802], [18.5460077, 43.3447989], [18.5460433, 43.3448032], [18.5460828, 43.3448075], [18.546154, 43.3448161], [18.5461916, 43.3448204], [18.5462271, 43.3448262], [18.5462706, 43.3448334], [18.5463022, 43.3448406], [18.5463339, 43.3448506], [18.5463655, 43.3448679], [18.5463833, 43.3448894], [18.5463951, 43.3449153], [18.5463971, 43.3449426], [18.5463951, 43.344967], [18.5463932, 43.3449929], [18.5463872, 43.3450159], [18.5463833, 43.3450418], [18.5463833, 43.3450907], [18.5463852, 43.3451137], [18.5463932, 43.345141], [18.546409, 43.3451625], [18.5464327, 43.3451783], [18.5464722, 43.3451855], [18.5465078, 43.3451855], [18.5465434, 43.3451769], [18.546573, 43.3451625], [18.5465967, 43.3451438], [18.5466145, 43.3451194], [18.5466264, 43.345095], [18.5466343, 43.3450677], [18.5466343, 43.3450418], [18.5466224, 43.3450202], [18.5466046, 43.3449972], [18.5465829, 43.3449771], [18.5465612, 43.344957], [18.5465572, 43.3449325], [18.546573, 43.344911], [18.5465987, 43.3448952], [18.5466303, 43.3448866], [18.5466659, 43.3448866], [18.5467015, 43.3448952], [18.5467292, 43.3449081], [18.5467568, 43.3449239], [18.5467766, 43.344944], [18.5467983, 43.3449627], [18.5468319, 43.3449599], [18.546824, 43.3449354], [18.5468082, 43.3449153], [18.5467924, 43.3448937], [18.5467647, 43.3448765], [18.5467371, 43.3448592], [18.5467114, 43.3448463], [18.5466896, 43.3448262], [18.5466936, 43.3448003], [18.5467153, 43.3447802], [18.546743, 43.3447658], [18.5467825, 43.3447572], [18.5468161, 43.3447601], [18.5468576, 43.3447644], [18.5468912, 43.3447759], [18.5469209, 43.3447902], [18.5469446, 43.3448089], [18.5469624, 43.3448319], [18.5469802, 43.3448564], [18.546994, 43.3448794], [18.5470078, 43.3449009], [18.5470256, 43.3449254], [18.5470414, 43.3449498], [18.5470553, 43.3449714], [18.5470671, 43.3449929], [18.547075, 43.3450173], [18.5470731, 43.3450432], [18.5470632, 43.3450662], [18.5470395, 43.3450806], [18.5470078, 43.3450921], [18.5469466, 43.3451137], [18.5469149, 43.3451223], [18.5468873, 43.3451352], [18.5468616, 43.3451467], [18.5468319, 43.3451582], [18.5467983, 43.3451697], [18.5467707, 43.3451841], [18.546741, 43.3451985], [18.5467173, 43.3452157], [18.5467074, 43.3452387], [18.5467133, 43.3452646], [18.546741, 43.3452804], [18.5467746, 43.3452876], [18.5468102, 43.3452904], [18.5468477, 43.3452904], [18.5468853, 43.345289], [18.5469209, 43.3452861], [18.5469584, 43.3452818], [18.546998, 43.3452775], [18.5470395, 43.3452703], [18.547081, 43.3452646], [18.5471165, 43.3452574], [18.5471501, 43.3452502], [18.5471956, 43.3452416], [18.5472272, 43.3452315], [18.5472529, 43.3452143], [18.5472687, 43.3451927], [18.5472826, 43.3451683], [18.5472944, 43.3451424], [18.5473043, 43.3451165], [18.547328, 43.3450691], [18.5473419, 43.3450461], [18.5473616, 43.3450202], [18.5473794, 43.3449972], [18.5474012, 43.3449757], [18.5474189, 43.3449527], [18.5474249, 43.3449268], [18.5474249, 43.3448535], [18.5474348, 43.3448291], [18.5474545, 43.3448075], [18.5474782, 43.3447874], [18.5475118, 43.3447831], [18.5475435, 43.3447888], [18.5476285, 43.3447877], [18.5476676, 43.344808], [18.5477039, 43.3448304], [18.5477319, 43.3448568], [18.5477487, 43.3448894], [18.5477542, 43.3449239], [18.547757, 43.3449625], [18.5477598, 43.3449991], [18.5477598, 43.3450337], [18.5477626, 43.3450662], [18.5477654, 43.3451008], [18.5477654, 43.3451699], [18.5477682, 43.3452044], [18.5477738, 43.345237], [18.5477878, 43.3452715], [18.5478213, 43.3452979], [18.5478688, 43.3453081], [18.5479192, 43.3453061], [18.5479723, 43.3452959], [18.548017, 43.3452837], [18.548112, 43.3452552], [18.5481595, 43.3452431], [18.5482043, 43.3452329], [18.5482602, 43.3452187], [18.5483049, 43.3452044], [18.5483524, 43.3451902], [18.5483971, 43.3451739], [18.5484446, 43.3451516], [18.5484894, 43.3451313], [18.5485341, 43.3451069], [18.548576, 43.3450845], [18.5486179, 43.3450601], [18.548713, 43.3450134], [18.5487605, 43.3449971], [18.5488024, 43.3449808], [18.5488444, 43.3449646], [18.5488891, 43.3449524], [18.5489366, 43.3449442], [18.5489925, 43.3449402], [18.5490875, 43.3449402], [18.549135, 43.3449422], [18.5491854, 43.3449503], [18.5492357, 43.3449585], [18.549286, 43.3449727], [18.5493335, 43.3449808], [18.5493838, 43.3449869], [18.5494313, 43.3449869], [18.5495599, 43.3450052], [18.5496605, 43.3450174], [18.5497612, 43.3450256], [18.5498618, 43.3450093], [18.5499624, 43.344989], [18.5500742, 43.3449768], [18.5501693, 43.3449808], [18.5502643, 43.3449808], [18.5503705, 43.3449727], [18.5504599, 43.3449524], [18.550555, 43.3449442], [18.55065, 43.3449402], [18.5507562, 43.3449239], [18.5508569, 43.3449036], [18.5509519, 43.3448751], [18.5510246, 43.3448223], [18.5510916, 43.3447694], [18.5511923, 43.344745], [18.5512929, 43.344745], [18.5513768, 43.3447857], [18.5514662, 43.344806], [18.5515724, 43.3448182], [18.551673, 43.3448345], [18.5517848, 43.3448385], [18.5519805, 43.3448385], [18.5520755, 43.3448304], [18.5521818, 43.3448426], [18.5522824, 43.3448548], [18.5523718, 43.3448833], [18.5524557, 43.3449239], [18.5525395, 43.3449727], [18.5526569, 43.3450459], [18.552724, 43.3450215], [18.552819, 43.344989], [18.5528973, 43.3449524], [18.55297, 43.3449036], [18.5530538, 43.344867], [18.5531433, 43.3448385], [18.5532495, 43.3447979], [18.5533445, 43.3447735], [18.5534396, 43.3447491], [18.5535346, 43.3447288], [18.5536352, 43.3447166], [18.5537414, 43.3447003], [18.553898, 43.3446881], [18.554021, 43.3446759], [18.5544682, 43.344619], [18.5545688, 43.3446068], [18.5546582, 43.3445784], [18.5547421, 43.3445499], [18.5548315, 43.3445214], [18.5549154, 43.344493], [18.5550216, 43.3444686], [18.5551166, 43.3444523], [18.5553179, 43.3444523], [18.5554297, 43.3444361], [18.5555191, 43.3444076], [18.5555918, 43.3443547], [18.5557148, 43.344249], [18.5557763, 43.3441921], [18.5558434, 43.3441393], [18.5559161, 43.3440905], [18.5559943, 43.3440336], [18.556067, 43.3439848], [18.5561453, 43.3439401], [18.5562235, 43.3439035], [18.5563074, 43.343875], [18.5563968, 43.3438506], [18.5564863, 43.3438303], [18.5565925, 43.3438222], [18.5567881, 43.3438222], [18.5572298, 43.3438466], [18.5577105, 43.3438506], [18.5584876, 43.3439441], [18.5596001, 43.3439929], [18.5597007, 43.3440011], [18.5597957, 43.3439929], [18.5599019, 43.3439767], [18.5599802, 43.3439401], [18.5600585, 43.3438872], [18.5601423, 43.3438425], [18.5602373, 43.3437978], [18.5603212, 43.3437612], [18.5603939, 43.3437165], [18.5604777, 43.3436758], [18.5605616, 43.3436433], [18.560651, 43.3436189], [18.5607628, 43.3435986], [18.5608579, 43.3436026], [18.5609585, 43.3436148], [18.5610591, 43.3436108], [18.5611486, 43.3435823], [18.5612045, 43.3435213], [18.5612436, 43.3434603], [18.5612715, 43.3433872], [18.5613051, 43.343314], [18.5613219, 43.3432449], [18.5613498, 43.3431757], [18.5613834, 43.3431107], [18.5614337, 43.3430456], [18.5614896, 43.3429887], [18.5616461, 43.3428586], [18.5617244, 43.3428098], [18.561797, 43.342757], [18.5618865, 43.3427082], [18.5619759, 43.3426513], [18.5620598, 43.3426106], [18.562138, 43.3425659], [18.5622163, 43.3425171], [18.5622946, 43.3424643], [18.5623728, 43.3424155], [18.5624567, 43.3423586], [18.5625461, 43.3423057], [18.5626244, 43.3422651], [18.5627138, 43.3422244], [18.5627977, 43.3421797], [18.5628927, 43.3421309], [18.5629766, 43.3420862], [18.5630493, 43.3420292], [18.5631219, 43.3419683], [18.5631946, 43.3419154], [18.5632785, 43.3418544], [18.5633455, 43.3418016], [18.5634126, 43.3417406], [18.5634685, 43.3416837], [18.56353, 43.3416267], [18.5635859, 43.3415658], [18.563653, 43.3415007], [18.5637201, 43.3414479], [18.563776, 43.3413909], [18.5638263, 43.3413259], [18.5638543, 43.3412527], [18.5638598, 43.3411795], [18.5638598, 43.3411104], [18.5638543, 43.3410291], [18.5638487, 43.3409274], [18.5638263, 43.3408299], [18.5638207, 43.3407282], [18.5638431, 43.3405493], [18.563871, 43.3404762], [18.5638822, 43.3403989], [18.563899, 43.34022], [18.5638878, 43.3401428], [18.5639102, 43.3400736], [18.5639549, 43.3400127], [18.5639996, 43.3399517], [18.5640387, 43.3398907], [18.5640499, 43.3398134], [18.5640723, 43.3397443], [18.5641226, 43.3396793], [18.5641673, 43.3396142], [18.5642064, 43.3395532], [18.56424, 43.3394841], [18.5642959, 43.3394231], [18.5643518, 43.3393621], [18.5643909, 43.339293], [18.5644189, 43.3392158], [18.5644524, 43.3391507], [18.564486, 43.3390775], [18.5645139, 43.3390084], [18.5645475, 43.3389312], [18.5646145, 43.3388742], [18.5646984, 43.3388458], [18.5647767, 43.338801], [18.564827, 43.3387441], [18.5648941, 43.3386872], [18.5649891, 43.3386587], [18.5650562, 43.3386059], [18.5651177, 43.338549], [18.5652071, 43.338488], [18.5652966, 43.3384595], [18.5653972, 43.3384432], [18.5656096, 43.3384432], [18.5657046, 43.3384392], [18.5658109, 43.3384229], [18.5659003, 43.3383985], [18.5660065, 43.3383741], [18.5661071, 43.3383619], [18.5662022, 43.3383619], [18.566314, 43.3383701], [18.566409, 43.3383904], [18.5664985, 43.3384229], [18.5665823, 43.3384595], [18.5666718, 43.338492], [18.5667612, 43.3385164], [18.5668618, 43.3385286], [18.5669625, 43.3385286], [18.5670575, 43.3385205], [18.5671972, 43.3385042], [18.5672979, 43.3385164], [18.5673873, 43.338553], [18.5674656, 43.3385977], [18.5675438, 43.3386465], [18.5676221, 43.3386831], [18.5677171, 43.3387116], [18.5678122, 43.3387279], [18.5679128, 43.3387279], [18.568019, 43.3387238], [18.5683265, 43.3387238], [18.5684271, 43.3387157], [18.5685054, 43.3386709], [18.5685948, 43.3386343], [18.5686954, 43.3386343], [18.5687849, 43.3386547], [18.5688855, 43.338675], [18.5689861, 43.338675], [18.5691203, 43.3386709], [18.5695396, 43.3385652], [18.5699309, 43.3384392], [18.5702775, 43.3383335], [18.57068, 43.3381668], [18.5710154, 43.3380489], [18.5714403, 43.3379025], [18.5717254, 43.3377642], [18.5718036, 43.3377276], [18.5722285, 43.3375853], [18.5727372, 43.3373698], [18.5728155, 43.3373211], [18.5728546, 43.337256], [18.5728546, 43.3371869], [18.5728434, 43.3371178], [18.5728267, 43.3370486], [18.5728211, 43.3369714], [18.572849, 43.3369023], [18.5728882, 43.3368331], [18.5729413, 43.3367505], [18.5729995, 43.3366297], [18.5730554, 43.3365727], [18.5731233, 43.3364981], [18.5731754, 43.3364324], [18.5732907, 43.3363626], [18.5733913, 43.3362517], [18.5734101, 43.3361988], [18.5734228, 43.3361209], [18.5733728, 43.3360409], [18.5733245, 43.3359789], [18.5733032, 43.33593], [18.5732945, 43.3358817], [18.5732938, 43.3358065], [18.5733248, 43.3357501], [18.573341, 43.3356743], [18.5733669, 43.3356026], [18.5733942, 43.3355225], [18.5734304, 43.3353206], [18.5734528, 43.3352474], [18.5734863, 43.3351701], [18.573531, 43.3350969], [18.5735366, 43.3350237], [18.5735366, 43.3348652], [18.5735254, 43.3347229], [18.5735254, 43.3345683], [18.573531, 43.3344951], [18.573531, 43.3344098], [18.5735143, 43.3343366], [18.5735422, 43.3342593], [18.5735758, 43.3341739], [18.5736037, 43.3341089], [18.5736372, 43.3340397], [18.5736596, 43.3339665], [18.5736652, 43.3338893], [18.573654, 43.333747], [18.5736708, 43.3336778], [18.5736932, 43.3336047], [18.5737155, 43.3335233], [18.5737155, 43.3334501], [18.5737099, 43.333381], [18.5737043, 43.3332956], [18.5737155, 43.3332224], [18.5737323, 43.333137], [18.5737994, 43.3329215], [18.573805, 43.3328524], [18.5737882, 43.3327792], [18.5737491, 43.3327182], [18.5737379, 43.332645], [18.573777, 43.33258], [18.5738609, 43.3325271], [18.5739168, 43.3324702], [18.5739335, 43.332401], [18.5739447, 43.3323279], [18.5739671, 43.3322547], [18.574023, 43.3321937], [18.5741068, 43.3321449], [18.5741963, 43.3321123], [18.5742913, 43.3321001], [18.5743863, 43.3320839], [18.5744534, 43.3320269], [18.5745373, 43.3319904], [18.5746379, 43.33197], [18.5747385, 43.33197], [18.5748447, 43.3319782], [18.5749454, 43.3319782], [18.5750404, 43.3319619], [18.5751243, 43.3319334], [18.5751969, 43.3318846], [18.5752657, 43.3318284], [18.5753143, 43.3317789], [18.5753702, 43.3316691], [18.5754456, 43.3315734], [18.5754943, 43.3314568], [18.5755005, 43.331398], [18.5754705, 43.3313335], [18.5763429, 43.3307257], [18.5767607, 43.330416], [18.5769355, 43.330254], [18.5774015, 43.3299938], [18.57752, 43.329902], [18.5775952, 43.3298392], [18.5790039, 43.3287006], [18.5795294, 43.3283834], [18.5802561, 43.3281232], [18.5810276, 43.3279605], [18.581715, 43.3279423], [18.5830432, 43.327994], [18.5836598, 43.3280918], [18.58415, 43.3282873], [18.5843002, 43.3284368], [18.5844979, 43.3286726], [18.5848378, 43.3287416], [18.5851145, 43.3288912], [18.5852884, 43.3290004], [18.5855652, 43.3290407], [18.5858181, 43.3290234], [18.586079, 43.3290349], [18.586585, 43.3290004], [18.5871147, 43.3287647], [18.5872965, 43.3284368], [18.5874072, 43.32781], [18.5874705, 43.3273902], [18.5875021, 43.3271429], [18.5876128, 43.3270163], [18.5877551, 43.3269761], [18.5880002, 43.3269358], [18.5882215, 43.3269301], [18.5884587, 43.3269013], [18.5887591, 43.3268266], [18.5890674, 43.3267345], [18.5893362, 43.3267115], [18.5894706, 43.3267058], [18.5898106, 43.326608], [18.5900557, 43.3264815], [18.5903561, 43.3264585], [18.5910044, 43.3262802], [18.5915815, 43.3260847], [18.5918345, 43.3259466], [18.5918345, 43.3257511], [18.5917871, 43.3256476], [18.5918424, 43.3255728], [18.591961, 43.3255613], [18.5922456, 43.3255728], [18.5925697, 43.325498], [18.5928227, 43.3253542], [18.593218, 43.3249459], [18.5935817, 43.3243363], [18.59423, 43.3244168], [18.5948624, 43.324411], [18.5954237, 43.3243938], [18.5963883, 43.3241925], [18.5968784, 43.3240717], [18.5972658, 43.3238416], [18.5976058, 43.3236058], [18.5979852, 43.3233183], [18.5983489, 43.323094], [18.59876, 43.3230249], [18.5992265, 43.3229962], [18.5996534, 43.3229904], [18.6000329, 43.3231457], [18.6001831, 43.3232608], [18.6004361, 43.3236921], [18.6005625, 43.3238014], [18.6018512, 43.322122], [18.6019619, 43.3216618], [18.6026102, 43.3207358], [18.6027129, 43.3205115], [18.6029659, 43.3203562], [18.6030134, 43.3197062], [18.6032031, 43.3191311], [18.6035431, 43.3185616], [18.6038039, 43.3182453], [18.6041676, 43.3180785], [18.6048633, 43.3175435], [18.6048791, 43.3173997], [18.6050531, 43.3171466], [18.6052823, 43.3170374], [18.6053377, 43.3168418], [18.6059385, 43.3163298], [18.6064524, 43.3156683], [18.6072746, 43.315513], [18.6074169, 43.3153922], [18.6077173, 43.3152427], [18.6076857, 43.3150586], [18.6078249, 43.3149968], [18.6083814, 43.3145179], [18.6084842, 43.3141037], [18.6090297, 43.3140059], [18.6091878, 43.3138449], [18.6096068, 43.3136781], [18.6098519, 43.3136551], [18.6101919, 43.3135112], [18.610437, 43.313517], [18.6109746, 43.313517], [18.6113619, 43.3133962], [18.6115596, 43.3131546], [18.6119786, 43.3130683], [18.6123185, 43.3129993], [18.612445, 43.3127634], [18.6125873, 43.3125793], [18.6127376, 43.312332], [18.6127692, 43.3122227], [18.6129431, 43.3121824], [18.6130538, 43.3121939], [18.6133463, 43.3122515], [18.6135281, 43.3123723], [18.6136942, 43.3123608], [18.6137574, 43.312263], [18.6137495, 43.3121076], [18.6138365, 43.311866], [18.6140183, 43.3116474], [18.6143741, 43.3114864], [18.6146903, 43.3114749], [18.6154018, 43.3114288], [18.6156785, 43.3113598], [18.615979, 43.3112045], [18.6163901, 43.311124], [18.6167063, 43.311124], [18.6168802, 43.311216], [18.6172123, 43.311285], [18.6173862, 43.3113311], [18.6174732, 43.3114231], [18.6176155, 43.3117625], [18.6176629, 43.3119983], [18.6175838, 43.3122169], [18.6176076, 43.3122917], [18.6177736, 43.3123377], [18.6183033, 43.3123723], [18.6191176, 43.312447], [18.6202639, 43.3125678], [18.6210703, 43.3125678], [18.6214103, 43.3124528], [18.621853, 43.3123665], [18.6223432, 43.3123377], [18.6228333, 43.3123838], [18.6231496, 43.3123895], [18.6236318, 43.312332], [18.624201, 43.312263], [18.6246912, 43.3121364], [18.6251339, 43.3120214], [18.6256952, 43.3120041], [18.6262961, 43.3119178], [18.6268495, 43.3118545], [18.6272685, 43.3118315], [18.6277033, 43.3118488], [18.6279642, 43.3118085], [18.6281223, 43.3116705], [18.6283753, 43.3114634], [18.628739, 43.3111815], [18.6289366, 43.3109226], [18.6290157, 43.3106868], [18.6290869, 43.3105832], [18.6292845, 43.3105372], [18.6295217, 43.3106177], [18.6297351, 43.310727], [18.6303281, 43.3108421], [18.6311582, 43.3109111], [18.6317274, 43.3108708], [18.632177, 43.310857], [18.6342454, 43.3091322], [18.6353188, 43.3087824], [18.6465548, 43.2998051], [18.6470807, 43.2993849], [18.6534984, 43.2963009], [18.6539679, 43.2962032], [18.654158, 43.2961137], [18.6543034, 43.2957801], [18.6543704, 43.2955115], [18.6545605, 43.2953976], [18.6551978, 43.2953244], [18.6557568, 43.2952186], [18.656327, 43.2951128], [18.6565618, 43.2946734], [18.6567631, 43.2943397], [18.6576687, 43.2940305], [18.6577917, 43.2939084], [18.6580488, 43.2938352], [18.6583954, 43.2933469], [18.6591893, 43.2923867], [18.6595247, 43.2918333], [18.6597036, 43.2914752], [18.6597706, 43.2911741], [18.6597595, 43.2910276], [18.65967, 43.290873], [18.6595694, 43.2906614], [18.65967, 43.2904661], [18.6598825, 43.2903033], [18.6604079, 43.2900185], [18.6606427, 43.289872], [18.66109, 43.2898557], [18.6610788, 43.2895872], [18.6612129, 43.2894732], [18.6612912, 43.2893267], [18.6613583, 43.2892047], [18.6616937, 43.2892535], [18.6618391, 43.2891314], [18.6621186, 43.28905], [18.6622192, 43.2888873], [18.662454, 43.2887082], [18.6625658, 43.2885454], [18.6628341, 43.2885047], [18.6630018, 43.2882769], [18.6629236, 43.2882036], [18.6631136, 43.2879269], [18.6633149, 43.2878781], [18.663572, 43.2876583], [18.6637733, 43.2873084], [18.6637845, 43.2871456], [18.6639745, 43.2868119], [18.6643211, 43.286698], [18.6644218, 43.286348], [18.6646566, 43.2860632], [18.6647572, 43.2856237], [18.6649696, 43.2853307], [18.6650702, 43.2850702], [18.6650143, 43.2848505], [18.664869, 43.284704], [18.664746, 43.2844435], [18.6648466, 43.2839552], [18.6648578, 43.2835238], [18.6650031, 43.2830192], [18.6653386, 43.2826041], [18.6654392, 43.2819529], [18.6654504, 43.2813751], [18.6653609, 43.2807239], [18.6649361, 43.2799344], [18.6649361, 43.2796739], [18.6646342, 43.2787053], [18.6646342, 43.2785181], [18.6646006, 43.2783146], [18.6645224, 43.2779808], [18.66431, 43.2777773], [18.6639857, 43.2774436], [18.6638068, 43.277175], [18.6638292, 43.2767843], [18.6636615, 43.2765319], [18.6639075, 43.2762552], [18.6638292, 43.2761005], [18.6640416, 43.2759865], [18.6640416, 43.2757993], [18.6644106, 43.2754493], [18.664377, 43.2751644], [18.6648019, 43.2749039], [18.6651485, 43.2745783], [18.6653833, 43.2741061], [18.6653833, 43.273691], [18.6655957, 43.273634], [18.6658193, 43.2734142], [18.6660094, 43.2731049], [18.6664231, 43.272706], [18.6668927, 43.2725432], [18.6669861, 43.2724458], [18.667161, 43.2723315], [18.6673518, 43.2722702], [18.6674629, 43.272185], [18.6675747, 43.2720222], [18.6676865, 43.2718349], [18.6679436, 43.2717128], [18.6681113, 43.2717128], [18.6683126, 43.2717779], [18.6685362, 43.2717779], [18.668771, 43.2715826], [18.6689275, 43.2713302], [18.6693524, 43.2711837], [18.6698108, 43.2711104], [18.6705599, 43.2708825], [18.6708059, 43.2708011], [18.6711972, 43.2707929], [18.6714879, 43.2707196], [18.6717674, 43.2707766], [18.6722034, 43.270915], [18.6724382, 43.2709883], [18.6726954, 43.2708662], [18.6729861, 43.2707115], [18.6732656, 43.2704266], [18.6738246, 43.2701254], [18.6741153, 43.2698486], [18.6743725, 43.2694741], [18.674406, 43.2690996], [18.6743277, 43.2688472], [18.6743277, 43.268603], [18.6746967, 43.2681389], [18.6750433, 43.2676016], [18.6751775, 43.2674144], [18.6754905, 43.2674225], [18.6755911, 43.267276], [18.6759713, 43.2672353], [18.6761054, 43.2670969], [18.6762508, 43.2670724], [18.6764409, 43.266934], [18.676821, 43.2669096], [18.6771117, 43.2666491], [18.6773912, 43.2666165], [18.6776036, 43.2665107], [18.6778161, 43.2666084], [18.6782857, 43.2667387], [18.6786993, 43.2667387], [18.6788782, 43.2666898], [18.6792025, 43.2663234], [18.6795602, 43.2663967], [18.679795, 43.2662827], [18.6800186, 43.2662583], [18.6801193, 43.2660548], [18.6803205, 43.2658675], [18.6805889, 43.2657535], [18.6811367, 43.2656314], [18.6815951, 43.2653546], [18.6819417, 43.2653139], [18.6823218, 43.2650941], [18.6828585, 43.2646544], [18.6832275, 43.2642799], [18.6833169, 43.263995], [18.6834623, 43.2637995], [18.6836747, 43.2636937], [18.6837082, 43.2635472], [18.6838312, 43.2634087], [18.684066, 43.2632622], [18.6841778, 43.2630342], [18.6844685, 43.2629528], [18.6846809, 43.2627085], [18.6848375, 43.2622119], [18.6852735, 43.2619513], [18.685363, 43.2618699], [18.6856648, 43.2616419], [18.6857319, 43.2614628], [18.6864027, 43.2608603], [18.6876102, 43.2591993], [18.6882295, 43.2573542], [18.6881249, 43.2547137], [18.7058856, 43.2597413], [18.7061263, 43.2598094], [18.7166514, 43.2637484], [18.7184865, 43.2649615], [18.7196837, 43.2659752], [18.7354319, 43.2785979], [18.736244, 43.2789711], [18.748218, 43.2859511], [18.7483066, 43.2860028], [18.7531812, 43.2885014], [18.761144, 43.2914705], [18.769563, 43.2946096], [18.7885842, 43.3039399], [18.8017655, 43.3064872], [18.8062675, 43.3073572], [18.8174622, 43.3131772], [18.8184872, 43.3141251], [18.8189111, 43.3144454], [18.8192645, 43.3146818], [18.8196751, 43.3148169], [18.8200286, 43.3148195], [18.8205571, 43.3147857], [18.8212247, 43.3147104], [18.8242528, 43.3152449], [18.8264882, 43.3154847], [18.8304471, 43.3160305], [18.8387554, 43.3177209], [18.8455068, 43.3190822], [18.8529941, 43.3205904], [18.8555894, 43.3216894], [18.8552024, 43.3218686], [18.8547592, 43.3221658], [18.8546407, 43.3223435], [18.8544873, 43.3224412], [18.8541269, 43.3226031], [18.8538346, 43.3226772], [18.853723, 43.3227468], [18.8534557, 43.3230792], [18.85342, 43.3236667], [18.8534685, 43.3240509], [18.8535065, 43.3243599], [18.8534373, 43.3246772], [18.8533837, 43.3248697], [18.8530993, 43.3251357], [18.8527928, 43.3255249], [18.852674, 43.3258272], [18.8523561, 43.3262398], [18.8522852, 43.326413], [18.8523086, 43.3266271], [18.8523994, 43.3269183], [18.8525458, 43.3270976], [18.8526826, 43.3272835], [18.8527383, 43.3275852], [18.8527457, 43.327728], [18.852712, 43.327847], [18.8525411, 43.3279434], [18.8524881, 43.3282832], [18.8524074, 43.3286798], [18.8522421, 43.3288576], [18.8521049, 43.3291533], [18.8520249, 43.3292054], [18.8517338, 43.3292756], [18.8515362, 43.3294206], [18.8511513, 43.3299696], [18.850877, 43.330143], [18.8506923, 43.3303231], [18.8504428, 43.3305451], [18.8502993, 43.3308056], [18.8502776, 43.3310068], [18.8502923, 43.3314267], [18.850406, 43.3321341], [18.85037, 43.3325579], [18.8503536, 43.3333717], [18.8502804, 43.3337949], [18.8501733, 43.3342211], [18.8501167, 43.334722], [18.8500211, 43.3350767], [18.8497667, 43.3358479], [18.8494204, 43.3365506], [18.8490189, 43.3369093], [18.8476844, 43.3376502], [18.8475239, 43.337852], [18.8473847, 43.338052], [18.8472304, 43.338481], [18.8469481, 43.3389633], [18.8466205, 43.3392347], [18.8459539, 43.3396915], [18.8456213, 43.3398856], [18.8450408, 43.3402448], [18.8441571, 43.3406821], [18.8425004, 43.3414809], [18.8415879, 43.3422617], [18.8411688, 43.3425366], [18.8392692, 43.3437462], [18.8390895, 43.3439567], [18.8389191, 43.3442382], [18.8388893, 43.3446776], [18.8393519, 43.3456431], [18.8394688, 43.3459696], [18.8395935, 43.3464438], [18.839631, 43.3473269], [18.8395859, 43.3477801], [18.8394905, 43.3481232], [18.8393845, 43.3485165], [18.8397303, 43.3484891], [18.8408891, 43.3484579], [18.8417577, 43.3484598], [18.8423081, 43.3485075], [18.8429014, 43.3485001], [18.8438052, 43.3485424], [18.844093, 43.348603], [18.8444793, 43.3485975], [18.845236, 43.3487251], [18.8453102, 43.3487544], [18.8456382, 43.3488747], [18.8462643, 43.3489114], [18.8470621, 43.3490473], [18.8477691, 43.3491813], [18.8484937, 43.3492621], [18.8489128, 43.3493373], [18.8493293, 43.3493924], [18.8496778, 43.3494842], [18.8500413, 43.3495962], [18.851084, 43.3498422], [18.8515536, 43.3499818], [18.8517758, 43.3500919], [18.8526999, 43.3502939], [18.8530382, 43.3503948], [18.8531998, 43.3504058], [18.8535255, 43.3505105], [18.8539168, 43.3506317], [18.8542374, 43.3508336], [18.8547247, 43.3510484], [18.8549469, 43.3511127], [18.8551665, 43.3511549], [18.8553407, 43.3511916], [18.8557598, 43.3512283], [18.8563077, 43.3512173], [18.8566385, 43.3511861], [18.8568026, 43.3511714], [18.8571005, 43.35121], [18.8576079, 43.3512999], [18.8583477, 43.3514762], [18.8590395, 43.3516965], [18.8593652, 43.3518507], [18.8596176, 43.3519315], [18.8598827, 43.3519939], [18.8601857, 43.3520012], [18.8604937, 43.3519682], [18.860726, 43.3519498], [18.8609406, 43.3519498], [18.8611577, 43.3519719], [18.8613345, 43.3520196], [18.861544, 43.3521242], [18.8617081, 43.3522546], [18.8619555, 43.3524951], [18.8622964, 43.3529357], [18.8623873, 43.3531486], [18.8626198, 43.3534454], [18.8627584, 43.3536223], [18.8630513, 43.3538224], [18.8633012, 43.3538995], [18.8635991, 43.3539435], [18.8640662, 43.3540041], [18.8647227, 43.3540427], [18.8651367, 43.354039], [18.8657199, 43.3540023], [18.8663814, 43.3539784], [18.8668636, 43.3540133], [18.8672221, 43.3540702], [18.8674696, 43.3540941], [18.8677776, 43.3540684], [18.868126, 43.3540133], [18.8682295, 43.3540262], [18.868482, 43.3540463], [18.8688607, 43.3540574], [18.8691763, 43.3540555], [18.8693, 43.35405], [18.8696535, 43.3539784], [18.8698706, 43.3539619], [18.8701559, 43.3539509], [18.8705472, 43.3539582], [18.8711052, 43.3540188], [18.8717843, 43.3541143], [18.8721908, 43.3541969], [18.8726857, 43.3543584], [18.8730821, 43.3545016], [18.8734837, 43.3546714], [18.8741197, 43.3549404], [18.8750564, 43.3552892], [18.8757381, 43.3556123], [18.8763153, 43.3558221], [18.8764602, 43.3558748], [18.8771747, 43.3560951], [18.8776417, 43.3562676], [18.8779674, 43.3563723], [18.8784471, 43.3564475], [18.8790505, 43.3564696], [18.8796236, 43.3564714], [18.8801816, 43.3564383], [18.8803858, 43.3564147], [18.8806108, 43.3564035], [18.8809466, 43.3564145], [18.8814086, 43.3564494], [18.8816788, 43.356464], [18.882156, 43.3563925], [18.8826382, 43.3562823], [18.8831734, 43.3561042], [18.8835143, 43.3559684], [18.8840167, 43.3558197], [18.8845267, 43.3557114], [18.8855542, 43.3554085], [18.8863748, 43.3553479], [18.8871272, 43.3553167], [18.887824, 43.3553846], [18.8883517, 43.3554874], [18.8886975, 43.3556178], [18.8889424, 43.3556784], [18.8892656, 43.3557224], [18.88971, 43.3557389], [18.8902578, 43.3557573], [18.8908739, 43.3558785], [18.8910607, 43.3558803], [18.8912551, 43.3558729], [18.8915, 43.3558289], [18.8916717, 43.3557646], [18.8918535, 43.355649], [18.8922524, 43.3553461], [18.8926774, 43.3548568], [18.892828, 43.3546834], [18.8929467, 43.3545842], [18.8934289, 43.3544924], [18.8939086, 43.3544043], [18.8942646, 43.3543639], [18.8944842, 43.3543217], [18.8949311, 43.3542758], [18.8952543, 43.3542208], [18.8954664, 43.3542006], [18.8962389, 43.3542409], [18.8966025, 43.3542795], [18.8969408, 43.3542997], [18.8973751, 43.3543676], [18.8977664, 43.3544337], [18.8981737, 43.3545804], [18.8983252, 43.3546244], [18.8984867, 43.3546685], [18.8986382, 43.3547125], [18.8987796, 43.3547639], [18.8989412, 43.3548153], [18.8990725, 43.3548888], [18.8992341, 43.3549549], [18.8993653, 43.3550356], [18.8995067, 43.3551091], [18.8996582, 43.3551678], [18.8998198, 43.3552265], [18.8999713, 43.3552633], [18.9001733, 43.3553073], [18.9003247, 43.355344], [18.9004762, 43.3553881], [18.9006378, 43.3554542], [18.9007994, 43.355535], [18.900961, 43.355601], [18.9010923, 43.3556671], [18.901375, 43.3558434], [18.9014861, 43.3559315], [18.9016073, 43.3560343], [18.9017083, 43.3561371], [18.9017891, 43.3562399], [18.9018497, 43.35635], [18.9018901, 43.3564749], [18.9019406, 43.3565997], [18.9020113, 43.3567098], [18.9020618, 43.3568273], [18.9021123, 43.3569521], [18.902193, 43.3570696], [18.9022839, 43.3571798], [18.9023748, 43.3572826], [18.9024859, 43.357378], [18.9026071, 43.3574735], [18.9027283, 43.3575616], [18.9028495, 43.3576571], [18.9029707, 43.3577452], [18.903102, 43.3578333], [18.9032433, 43.3578994], [18.9033948, 43.3579508], [18.9035463, 43.3580022], [18.9036978, 43.3580609], [18.9039705, 43.3581931], [18.9041219, 43.3582518], [18.9042532, 43.3583179], [18.9044047, 43.3583766], [18.904536, 43.3584574], [18.9046269, 43.3585675], [18.9046976, 43.3586777], [18.9047885, 43.3587805], [18.9049097, 43.3588686], [18.9050409, 43.3589494], [18.9051924, 43.3590228], [18.9052641, 43.35906], [18.9053338, 43.3590962], [18.9054752, 43.3591623], [18.9056368, 43.3592137], [18.9057883, 43.3592504], [18.9059499, 43.3592871], [18.9061215, 43.3593165], [18.9063033, 43.3593459], [18.9064649, 43.3593826], [18.9068083, 43.359456], [18.9069799, 43.3594707], [18.9071415, 43.3595147], [18.9073132, 43.3595588], [18.9074748, 43.3595955], [18.9076162, 43.3596469], [18.9077475, 43.359735], [18.9078384, 43.3598378], [18.9079292, 43.3599406], [18.9080605, 43.3600361], [18.9081918, 43.3601095], [18.9083635, 43.3601682], [18.9085352, 43.3602123], [18.908717, 43.3602637], [18.9088785, 43.3603151], [18.90903, 43.3603518], [18.9092017, 43.3604032], [18.9093633, 43.3604399], [18.909535, 43.3604766], [18.9100197, 43.3605647], [18.9101813, 43.3606014], [18.9103631, 43.3606308], [18.9105449, 43.3606602], [18.9107166, 43.3606749], [18.9108882, 43.3606749], [18.9110801, 43.3606455], [18.9112316, 43.3606161], [18.9113932, 43.3605647], [18.9115548, 43.3605207], [18.9117264, 43.3604766], [18.9119082, 43.3604399], [18.9120597, 43.3604105], [18.9122213, 43.3604032], [18.9124031, 43.3603958], [18.9125849, 43.3603958], [18.9127464, 43.3603885], [18.9129181, 43.3603665], [18.9130999, 43.3603371], [18.9132615, 43.360293], [18.9134332, 43.3602637], [18.9135948, 43.3602196], [18.9137664, 43.3601682], [18.9139179, 43.3601168], [18.9140593, 43.3600654], [18.9141906, 43.3599993], [18.9143219, 43.3599186], [18.9144633, 43.3598525], [18.9145844, 43.3597644], [18.9147056, 43.3596836], [18.9147965, 43.3595882], [18.9148773, 43.3594927], [18.914948, 43.3593826], [18.9150086, 43.3592724], [18.915049, 43.3591403], [18.9150894, 43.3590228], [18.9151298, 43.3589053], [18.9151904, 43.358641], [18.9152611, 43.3583179], [18.9152813, 43.3581857], [18.9153116, 43.3580536], [18.9153722, 43.3578112], [18.9154126, 43.3576791], [18.9154732, 43.3575616], [18.9155337, 43.3574515], [18.9156246, 43.3573413], [18.9157357, 43.3572459], [18.9159579, 43.3570696], [18.9160589, 43.3569742], [18.9161801, 43.3568934], [18.9163215, 43.3568126], [18.9164629, 43.3567319], [18.9166042, 43.3566658], [18.9167456, 43.356607], [18.9168971, 43.3565409], [18.9170688, 43.3564895], [18.9172001, 43.3564088], [18.9173415, 43.356328], [18.9174626, 43.3562325], [18.9175737, 43.3561371], [18.9176949, 43.3560416], [18.9178161, 43.3559462], [18.9179272, 43.3558507], [18.9180383, 43.3557479], [18.9181595, 43.3556598], [18.9182807, 43.3555717], [18.9183918, 43.3554836], [18.9185331, 43.3554028], [18.9186644, 43.355322], [18.9188159, 43.3552486], [18.9189472, 43.3551678], [18.9190886, 43.3551017], [18.9192199, 43.355043], [18.9193713, 43.3549842], [18.9195228, 43.3549255], [18.9196743, 43.3548594], [18.9198258, 43.35483], [18.9199773, 43.3547786], [18.9201288, 43.3547419], [18.9202904, 43.3547125], [18.9204519, 43.3546832], [18.9206337, 43.3546538], [18.9208155, 43.354595], [18.9209569, 43.354529], [18.9210579, 43.3544335], [18.9211488, 43.354316], [18.9212195, 43.3542059], [18.9215426, 43.3536478], [18.9219667, 43.3529704], [18.9222092, 43.352583], [18.9226636, 43.3520249], [18.9227343, 43.3519221], [18.9228353, 43.3518193], [18.9229464, 43.3517312], [18.9232291, 43.3515549], [18.9233604, 43.3514815], [18.9235119, 43.351408], [18.9237947, 43.3512905], [18.9239462, 43.3512465], [18.9241078, 43.3511877], [18.9242693, 43.3511363], [18.924441, 43.3510923], [18.9246127, 43.3510555], [18.9247743, 43.3510262], [18.9249662, 43.3509748], [18.9251378, 43.3509454], [18.9252994, 43.3509013], [18.9254509, 43.3508573], [18.9255923, 43.3507985], [18.9257438, 43.3507398], [18.9258751, 43.350681], [18.9260064, 43.3506076], [18.9261477, 43.3505415], [18.9262992, 43.3504681], [18.9264305, 43.3503946], [18.9266123, 43.3503138], [18.9269355, 43.3502037], [18.9270869, 43.3501523], [18.9272485, 43.3500935], [18.9274, 43.3500495], [18.9275313, 43.349976], [18.9276626, 43.3498879], [18.927905, 43.3497117], [18.9280362, 43.3496382], [18.9280867, 43.3495281], [18.9281069, 43.3494106], [18.9281675, 43.3493004], [18.9282786, 43.3491021], [18.928319, 43.3489846], [18.9283998, 43.3488745], [18.9284806, 43.3487056], [18.9285311, 43.3485954], [18.9285715, 43.3484779], [18.9285816, 43.3483457], [18.9285917, 43.3482209], [18.9286119, 43.3481034], [18.9286422, 43.3479859], [18.9286624, 43.347861], [18.9287028, 43.3477362], [18.9287634, 43.3476334], [18.9288543, 43.3475232], [18.9289754, 43.3474424], [18.9291067, 43.3473543], [18.9292279, 43.3472735], [18.9292986, 43.3471707], [18.9293592, 43.346921], [18.9293794, 43.3467961], [18.9294097, 43.3466639], [18.9294299, 43.3465464], [18.9294501, 43.3464216], [18.9294804, 43.3462894], [18.929541, 43.3461645], [18.9296218, 43.346047], [18.9297026, 43.3459442], [18.9297935, 43.3458414], [18.9299045, 43.3457459], [18.9300156, 43.3456504], [18.9300964, 43.3455329], [18.930157, 43.3454228], [18.9302277, 43.3453053], [18.9303085, 43.3451804], [18.9304196, 43.3450849], [18.9305307, 43.3449895], [18.9307356, 43.3447633], [18.9310941, 43.3445797], [18.9311143, 43.3444842], [18.9311244, 43.3444181], [18.9311547, 43.344363], [18.931185, 43.344308], [18.9312355, 43.3442602], [18.9312961, 43.3442162], [18.9313719, 43.3441794], [18.9314476, 43.3441537], [18.9316092, 43.344117], [18.93169, 43.344095], [18.9317758, 43.3440766], [18.9318415, 43.3440472], [18.9319071, 43.3440142], [18.9319727, 43.3439738], [18.9320434, 43.3439407], [18.932099, 43.343893], [18.9321444, 43.3438453], [18.9321949, 43.3437939], [18.9340318, 43.3424607], [18.9346439, 43.3420165], [18.935159, 43.341686], [18.9356639, 43.3413848], [18.9357245, 43.3413408], [18.9357901, 43.341304], [18.9358356, 43.3412526], [18.9358659, 43.3411939], [18.9359315, 43.3411571], [18.9360073, 43.3411278], [18.9360729, 43.3410837], [18.9361386, 43.3410433], [18.9361991, 43.3410029], [18.9362648, 43.3409552], [18.9363355, 43.3409074], [18.9364062, 43.3408707], [18.9364718, 43.340834], [18.9365476, 43.3407936], [18.9366183, 43.3407605], [18.9366485, 43.3406907], [18.9367091, 43.3406467], [18.9367849, 43.3406063], [18.9372242, 43.3401215], [18.9375827, 43.3396845], [18.937921, 43.338961], [18.9379261, 43.3387774], [18.9377544, 43.338748], [18.9383856, 43.3374626], [18.9384462, 43.3374369], [18.9384866, 43.3373892], [18.9384967, 43.3373304], [18.9385572, 43.3372863], [18.9386279, 43.3372533], [18.9387087, 43.3372276], [18.9387946, 43.3372019], [18.9394435, 43.3369691], [18.9397666, 43.336881], [18.9400292, 43.3367635], [18.940312, 43.3366166], [18.9405341, 43.3364256], [18.9407159, 43.3362199], [18.9408371, 43.3360142], [18.9409583, 43.3357792], [18.9410593, 43.3355441], [18.9411805, 43.3353091], [18.9413017, 43.3350887], [18.9414632, 43.334883], [18.9416248, 43.3346627], [18.9418066, 43.334457], [18.942049, 43.3342954], [18.9423318, 43.3341779], [18.9426347, 43.3340897], [18.9429781, 43.3340457], [18.9433214, 43.334031], [18.9436648, 43.3340016], [18.9440082, 43.3339575], [18.9443111, 43.3338547], [18.9445939, 43.3337371], [18.9448969, 43.3336196], [18.9451797, 43.3334874], [18.9454018, 43.3332964], [18.9455432, 43.3330613], [18.9456846, 43.332841], [18.9457856, 43.3326059], [18.9459068, 43.3323855], [18.9459876, 43.3321651], [18.9460684, 43.3319301], [18.9461694, 43.3317097], [18.9463309, 43.3314893], [18.9464925, 43.3312983], [18.9466945, 43.3311073], [18.9469167, 43.3309457], [18.947159, 43.3307694], [18.9474014, 43.3305931], [18.9476842, 43.3304609], [18.9479872, 43.330358], [18.9483305, 43.3302699], [18.9486537, 43.3302405], [18.9489769, 43.3302405], [18.9493202, 43.3302552], [18.9496636, 43.330314], [18.9499464, 43.3304168], [18.9502493, 43.3305343], [18.9505523, 43.3306519], [18.9508553, 43.3307547], [18.951138, 43.3308723], [18.951441, 43.3309604], [18.9517642, 43.3310339], [18.9521075, 43.3310926], [18.9524509, 43.3311808], [18.9527741, 43.3312689], [18.953077, 43.3313424], [18.9534406, 43.3313718], [18.953784, 43.3314159], [18.9541475, 43.3314306], [18.9544909, 43.3314746], [18.9548544, 43.3315187], [18.9551978, 43.3315334], [18.955517, 43.3315607], [18.9560865, 43.3315775], [18.9564299, 43.3315628], [18.9567934, 43.3314746], [18.9571166, 43.3314159], [18.9574196, 43.3313424], [18.9577427, 43.3312543], [18.9579851, 43.3310926], [18.9582073, 43.3309016], [18.9583891, 43.330696], [18.9585507, 43.3304756], [18.9586718, 43.3302552], [18.958793, 43.3300348], [18.9588738, 43.3297997], [18.9589546, 43.32955], [18.958995, 43.3293149], [18.958995, 43.3290651], [18.9590354, 43.3288153], [18.9590354, 43.3285656], [18.9590758, 43.3283158], [18.959096, 43.3280807], [18.9591364, 43.3278309], [18.959197, 43.3275812], [18.9592172, 43.3273167], [18.9591162, 43.3270669], [18.959096, 43.3268318], [18.959096, 43.3265967], [18.9591162, 43.3263323], [18.9592576, 43.3260972], [18.9595, 43.3259209], [18.9597827, 43.3257151], [18.9600655, 43.3255682], [18.9602877, 43.3253772], [18.9605098, 43.3251715], [18.9606916, 43.3249364], [18.9609138, 43.3247307], [18.9611158, 43.324525], [18.9612572, 43.3243046], [18.9613178, 43.3240695], [18.9613178, 43.3238344], [18.9612774, 43.3235846], [18.9612547, 43.3233571], [18.9611521, 43.3231173], [18.9609614, 43.3227823], [18.9606555, 43.3225618], [18.9603818, 43.322405], [18.9599949, 43.3220373], [18.9597747, 43.3218299], [18.9595407, 43.3215085], [18.9594343, 43.3212017], [18.9594445, 43.3210122], [18.95946, 43.3207873], [18.9595, 43.3205429], [18.9595, 43.3202931], [18.9595605, 43.3200286], [18.9596211, 43.3197788], [18.9597019, 43.3194996], [18.9597827, 43.3192645], [18.9598231, 43.3190147], [18.9599241, 43.318133], [18.9599241, 43.317648], [18.9598635, 43.3173982], [18.9597423, 43.3171337], [18.9595807, 43.3168986], [18.9594192, 43.3166634], [18.9592374, 43.3164283], [18.9590758, 43.3162079], [18.9588536, 43.3160315], [18.9585911, 43.3158552], [18.9581871, 43.3157523], [18.9578639, 43.3156494], [18.9575812, 43.3155319], [18.9572782, 43.3153849], [18.9569954, 43.3152527], [18.9566723, 43.3151204], [18.9563693, 43.3149881], [18.9560865, 43.3148265], [18.9558239, 43.3146501], [18.9556018, 43.3144591], [18.9553796, 43.3142827], [18.9551574, 43.3140917], [18.9548746, 43.3138712], [18.9525115, 43.311755], [18.9522893, 43.3115345], [18.9521075, 43.3113434], [18.9520065, 43.3111083], [18.9519459, 43.3108585], [18.9518854, 43.3105939], [18.9518652, 43.3103441], [18.951845, 43.3100942], [18.9518046, 43.309815], [18.9517238, 43.3095651], [18.9516228, 43.30933], [18.9516228, 43.3078749], [18.9515622, 43.3076251], [18.9514814, 43.3073752], [18.9513602, 43.30714], [18.9512996, 43.3069049], [18.9512794, 43.3066697], [18.9511986, 43.3064345], [18.9510168, 43.3062141], [18.9509411, 43.3061222], [18.9508149, 43.3059936], [18.9507139, 43.3057731], [18.9505725, 43.305538], [18.9504715, 43.3053028], [18.9504513, 43.3050529], [18.9504513, 43.3048031], [18.9504715, 43.3045532], [18.9503503, 43.304318], [18.9501685, 43.3040975], [18.9499868, 43.3038771], [18.9498656, 43.3036419], [18.9497444, 43.3033773], [18.9496232, 43.3031568], [18.949502, 43.3029216], [18.949401, 43.3026718], [18.9492956, 43.3025658], [18.9491534, 43.3024276], [18.949074, 43.3023962], [18.94897, 43.3022974], [18.9489567, 43.301731], [18.9489365, 43.3014958], [18.9489971, 43.301246], [18.9491182, 43.3010108], [18.9492596, 43.300805], [18.9494212, 43.3005845], [18.9496232, 43.300364], [18.9498454, 43.3001729], [18.9500069, 43.2999818], [18.9501887, 43.299776], [18.9503301, 43.2995555], [18.9504715, 43.2993203], [18.9505523, 43.2990557], [18.9506735, 43.2988352], [18.9507745, 43.2986147], [18.9509361, 43.2984089], [18.951032, 43.2982914], [18.9511784, 43.2981297], [18.9512592, 43.2978798], [18.9514006, 43.2976593], [18.9515622, 43.2974535], [18.9517238, 43.2972329], [18.9518652, 43.2970124], [18.9519459, 43.2967772], [18.9520065, 43.2965273], [18.9520469, 43.2962774], [18.9520671, 43.2960275], [18.9520873, 43.2957629], [18.9522085, 43.2952631], [18.9522489, 43.2950279], [18.9523297, 43.2947486], [18.9523701, 43.2945134], [18.9524307, 43.2942781], [18.9524913, 43.2940429], [18.9525923, 43.2938077], [18.9527337, 43.2935872], [18.9528549, 43.293352], [18.9529962, 43.2931168], [18.9531376, 43.2928963], [18.953279, 43.292661], [18.9534608, 43.2924552], [18.9536628, 43.2922347], [18.9537638, 43.2919995], [18.9538042, 43.2917643], [18.9538042, 43.2915143], [18.9537638, 43.2912644], [18.9537234, 43.2907645], [18.953784, 43.2905146], [18.9539455, 43.2903088], [18.9541071, 43.290103], [18.9542687, 43.2898971], [18.9544909, 43.289706], [18.9547535, 43.2895443], [18.954915, 43.2893532], [18.9549554, 43.2891032], [18.9548746, 43.2888092], [18.9548342, 43.2885592], [18.9548948, 43.2883093], [18.9550362, 43.2881035], [18.955218, 43.2879123], [18.9554402, 43.2877212], [18.9557633, 43.2876624], [18.9561067, 43.2876183], [18.9564501, 43.2876036], [18.9578332, 43.2877491], [18.9581835, 43.2877876], [18.9584756, 43.287875], [18.9588178, 43.2879672], [18.9591528, 43.2880578], [18.9594701, 43.2881396], [18.9597657, 43.2882563], [18.9601973, 43.2882755], [18.9608947, 43.2882462], [18.9612648, 43.288211], [18.9615448, 43.2881042], [18.9618429, 43.2879712], [18.9621534, 43.2878342], [18.9624764, 43.2875589], [18.9629393, 43.2873477], [18.9632014, 43.2872387], [18.9634385, 43.2871184], [18.9637415, 43.2869861], [18.9640647, 43.2868979], [18.9644282, 43.286795], [18.9647716, 43.2867214], [18.9651352, 43.286692], [18.9654583, 43.2866626], [18.9661653, 43.2866626], [18.9665288, 43.2866479], [18.9668722, 43.2866332], [18.9672357, 43.2866038], [18.9675589, 43.2865597], [18.9679225, 43.2864421], [18.9682658, 43.2863392], [18.9685688, 43.2862657], [18.9689324, 43.2861627], [18.9692555, 43.2860451], [18.9695585, 43.2859275], [18.9698413, 43.2857952], [18.970124, 43.2856775], [18.970427, 43.285604], [18.9707502, 43.2855305], [18.9710531, 43.2854129], [18.9713157, 43.2852365], [18.9715177, 43.2850159], [18.9717601, 43.2847954], [18.9720226, 43.2846042], [18.9723054, 43.2844572], [18.9729114, 43.2841925], [18.9731941, 43.2840749], [18.9735173, 43.2839279], [18.9738001, 43.2838249], [18.9741232, 43.2836926], [18.9744464, 43.283575], [18.9747696, 43.2835015], [18.9751331, 43.2834574], [18.9754361, 43.2833985], [18.97584, 43.283325], [18.9762036, 43.2832515], [18.9765672, 43.2831633], [18.9769105, 43.2830751], [18.9772337, 43.2829868], [18.9775367, 43.2828986], [18.97788, 43.2827663], [18.9782032, 43.2826046], [18.978486, 43.2824722], [18.9787687, 43.2823546], [18.9790515, 43.282237], [18.9793747, 43.2820899], [18.9796574, 43.281987], [18.9801018, 43.2816341], [18.9803038, 43.2814429], [18.9805664, 43.2812224], [18.9808491, 43.2810606], [18.9811723, 43.2809577], [18.9815157, 43.2808695], [18.9818186, 43.2807666], [18.9820408, 43.2805754], [18.9822024, 43.2803548], [18.9823236, 43.2801343], [18.9824246, 43.279899], [18.9826467, 43.2797226], [18.9829295, 43.2795461], [18.9831315, 43.2793402], [18.9833133, 43.2791344], [18.9834345, 43.2789285], [18.9835556, 43.278708], [18.983596, 43.278458], [18.9836162, 43.278208], [18.9836364, 43.2779433], [18.9836768, 43.2776933], [18.983697, 43.2774139], [18.9837576, 43.2771492], [18.9838384, 43.2769287], [18.9839394, 43.2766787], [18.9840606, 43.2764287], [18.9842222, 43.2762081], [18.9843838, 43.2759875], [18.9845655, 43.2757523], [18.9847473, 43.2755317], [18.9849493, 43.2753405], [18.9851917, 43.2751346], [18.9857168, 43.2746493], [18.9859592, 43.2744729], [18.9861814, 43.2743111], [18.9864035, 43.2741199], [18.9866257, 43.2739141], [18.9868277, 43.2737082], [18.9869489, 43.2734729], [18.9870297, 43.2731935], [18.9871105, 43.2729582], [18.9871307, 43.2726935], [18.9871509, 43.2724288], [18.9871509, 43.2708846], [18.9871105, 43.2706346], [18.9870701, 43.2703993], [18.9869893, 43.2701051], [18.9868883, 43.2698698], [18.9868075, 43.2696198], [18.9867065, 43.2693845], [18.9865449, 43.2691639], [18.9863833, 43.2689433], [18.9862622, 43.2686786], [18.9859592, 43.2676197], [18.9853532, 43.2657665], [18.9852008, 43.2653312], [18.9847813, 43.2632473], [18.9849045, 43.2629924], [18.9849673, 43.2628099], [18.9850289, 43.2625417], [18.9855078, 43.262167], [18.9864973, 43.2617618], [18.9889753, 43.2608699], [18.98976, 43.2604872], [18.9904064, 43.2602919], [18.9910322, 43.260054], [18.9917818, 43.2595407], [18.9922941, 43.25907], [18.992817, 43.2584763], [18.9931141, 43.2582098], [18.9934614, 43.2579006], [18.9937725, 43.257679], [18.9941009, 43.2574636], [18.9942972, 43.2575455], [18.994609, 43.2572606], [18.995955, 43.2560595], [18.9972282, 43.2552684], [18.9986385, 43.2544384], [19.0008549, 43.2531553], [19.002469, 43.2523606], [19.0035306, 43.2519796], [19.0059649, 43.2515864], [19.0075367, 43.2513124], [19.0090249, 43.2508551], [19.0197437, 43.2596131], [19.0197811, 43.2596843], [19.0198337, 43.2598625], [19.0199159, 43.2599836], [19.0199863, 43.2600976], [19.01991, 43.2602145], [19.019589, 43.2606221], [19.0195969, 43.2607005], [19.0195734, 43.2607846], [19.0196106, 43.2608502], [19.0197574, 43.2609599], [19.0198121, 43.2610212], [19.0198474, 43.2612079], [19.0198258, 43.2613319], [19.0197789, 43.2614302], [19.0197437, 43.2616768], [19.0196732, 43.2618065], [19.0195675, 43.2619305], [19.019499, 43.2621029], [19.0194618, 43.2621799], [19.0194384, 43.2623509], [19.0195166, 43.2625019], [19.0196693, 43.2626202], [19.0197554, 43.2626787], [19.0197789, 43.2627171], [19.0198415, 43.2629537], [19.0198493, 43.2630635], [19.0198689, 43.2631447], [19.0198865, 43.2631761], [19.0201605, 43.2636235], [19.0205206, 43.2638459], [19.0211116, 43.2641266], [19.0213269, 43.2641965], [19.021779, 43.2642834], [19.022143, 43.264567], [19.0223368, 43.2647694], [19.0226988, 43.2651014], [19.0228847, 43.2653423], [19.0230022, 43.2654477], [19.0231333, 43.2655432], [19.0235599, 43.2658368], [19.0237615, 43.2660277], [19.0238476, 43.2662016], [19.0239376, 43.2666491], [19.0239709, 43.2667502], [19.0241255, 43.2669184], [19.0245052, 43.2674471], [19.0258889, 43.2739437], [19.0261435, 43.2741684], [19.0332265, 43.2807758], [19.0333528, 43.2808962], [19.0334115, 43.281013], [19.0336738, 43.2823893], [19.0337834, 43.2823665], [19.0339086, 43.2827227], [19.0339791, 43.2830332], [19.0339478, 43.2832526], [19.0339399, 43.2835148], [19.0341552, 43.2838425], [19.0344527, 43.284059], [19.034668, 43.2842043], [19.0347228, 43.2844807], [19.0347384, 43.2847998], [19.0347462, 43.2850791], [19.0347032, 43.285213], [19.0346406, 43.2853554], [19.0346288, 43.2854666], [19.034621, 43.2855748], [19.034758, 43.2859025], [19.0349576, 43.2862416], [19.035349, 43.2869653], [19.0354743, 43.2872274], [19.0355917, 43.2874154], [19.0357639, 43.2877431], [19.0357952, 43.2878713], [19.0357757, 43.2880109], [19.0357365, 43.2882331], [19.0357326, 43.2885893], [19.0357678, 43.2887773], [19.035807, 43.2888685], [19.0358892, 43.2893073], [19.0358579, 43.2894981], [19.0359792, 43.2896947], [19.0362571, 43.2900081], [19.0362962, 43.2901249], [19.0364254, 43.2900993], [19.0366994, 43.2902816], [19.0370008, 43.2904697], [19.0371965, 43.2905694], [19.0375644, 43.2902987], [19.0377288, 43.2902047], [19.0378541, 43.2901278], [19.0380263, 43.2900309], [19.0383981, 43.2898771], [19.0387386, 43.2897603], [19.0389461, 43.2897289], [19.0392005, 43.2897289], [19.0394902, 43.2896805], [19.039678, 43.2896748], [19.0397798, 43.2896662], [19.0401399, 43.2896064], [19.0403474, 43.2896064], [19.040727, 43.2896235], [19.0410014, 43.2896676], [19.0411896, 43.2897159], [19.0413086, 43.2897623], [19.0414747, 43.2897945], [19.0415798, 43.2898086], [19.0416518, 43.2897965], [19.0416988, 43.2897703], [19.0417542, 43.2897038], [19.0418289, 43.2896474], [19.0419064, 43.2896152], [19.041995, 43.2895729], [19.042078, 43.2895145], [19.0421777, 43.2894359], [19.042341, 43.2893352], [19.0424185, 43.2893513], [19.0478568, 43.2917765], [19.0609847, 43.294124], [19.0801952, 43.2997474], [19.080249, 43.2997799], [19.080267, 43.2998152], [19.080267, 43.2998575], [19.0802518, 43.2998978], [19.0802102, 43.299935], [19.0801244, 43.2999894], [19.080004, 43.3000478], [19.0798431, 43.3001206], [19.0795338, 43.3002886], [19.0792873, 43.3004482], [19.0791542, 43.300582], [19.0789976, 43.3006988], [19.0788176, 43.300884], [19.0787119, 43.301035], [19.0786375, 43.3012144], [19.0785123, 43.3014167], [19.0783205, 43.3016645], [19.0781209, 43.3019123], [19.0779604, 43.3020804], [19.077702, 43.3023795], [19.0775142, 43.3026216], [19.077432, 43.3027925], [19.0774007, 43.3029435], [19.0773967, 43.3030318], [19.077385, 43.3031144], [19.0773145, 43.3032283], [19.0772402, 43.3033907], [19.0771423, 43.303835], [19.0770758, 43.30406], [19.0770719, 43.3041341], [19.0771032, 43.3042309], [19.0771658, 43.3044531], [19.0772049, 43.3046326], [19.0772597, 43.3048519], [19.0773811, 43.3050712], [19.0775533, 43.3052905], [19.077702, 43.3054387], [19.0777686, 43.3055497], [19.077843, 43.3056466], [19.0779212, 43.3057463], [19.0779565, 43.3059115], [19.0779799, 43.3060624], [19.0780661, 43.3061849], [19.0782265, 43.3063302], [19.0784027, 43.3065239], [19.0785123, 43.3067033], [19.0785592, 43.3067887], [19.0787119, 43.3069454], [19.0788176, 43.3070508], [19.0789506, 43.3071562], [19.079115, 43.3072445], [19.079346, 43.3073726], [19.0794517, 43.3074809], [19.0795886, 43.3076261], [19.0798, 43.3079337], [19.0799174, 43.3081616], [19.0799683, 43.3083069], [19.0800192, 43.3085148], [19.0800857, 43.3087369], [19.0833915, 43.3191596], [19.0759698, 43.3268371], [19.0750219, 43.3278176], [19.0752212, 43.3357415], [19.0708704, 43.3397595], [19.0612609, 43.3446387], [19.0616927, 43.348334], [19.0615709, 43.3521418], [19.0560466, 43.3546937], [19.0559683, 43.3547136], [19.0537138, 43.3555218], [19.0519955, 43.3564923], [19.0496783, 43.3574542], [19.0482027, 43.3581714], [19.0442847, 43.3613758], [19.0399165, 43.365445], [19.0406993, 43.3684839], [19.0412708, 43.3704188], [19.0401592, 43.3747548], [19.0399464, 43.3749671], [19.0397582, 43.3750878], [19.0395423, 43.3751642], [19.0393071, 43.3752206], [19.039105, 43.3752447], [19.0389141, 43.3752548], [19.0387618, 43.3752608], [19.0385902, 43.375299], [19.038438, 43.3753634], [19.0382471, 43.375474], [19.0379039, 43.3757195], [19.0377599, 43.3757939], [19.0375939, 43.3758281], [19.037414, 43.3758321], [19.0373005, 43.3758502], [19.037223, 43.3758865], [19.0371151, 43.3759347], [19.0370293, 43.3759488], [19.0369296, 43.3759528], [19.0352609, 43.3786116], [19.0390655, 43.3798918], [19.0412026, 43.3805176], [19.0433867, 43.3853707], [19.0412495, 43.3873391], [19.0429091, 43.3923793], [19.0427056, 43.3964977], [19.0426412, 43.396624], [19.0422232, 43.396624], [19.0419132, 43.3966522], [19.0417444, 43.3966663], [19.0415113, 43.3966872], [19.0413483, 43.3967053], [19.0412754, 43.3967071], [19.0412094, 43.3967057], [19.0410978, 43.3966971], [19.0409829, 43.3966897], [19.040887, 43.3966872], [19.0407812, 43.3966845], [19.0407196, 43.3966829], [19.0405807, 43.3966836], [19.0404506, 43.3966986], [19.0402859, 43.3967268], [19.0400922, 43.396769], [19.0399315, 43.3968209], [19.039868, 43.3968243], [19.0395608, 43.3969188], [19.0391456, 43.3970435], [19.0390654, 43.3970938], [19.0390266, 43.3971461], [19.0389823, 43.3972527], [19.0389325, 43.397307], [19.0388523, 43.3973432], [19.0387443, 43.3973472], [19.0385644, 43.3973412], [19.0383624, 43.3973251], [19.0382212, 43.3973311], [19.0380164, 43.3973673], [19.0374352, 43.397488], [19.0371335, 43.3975744], [19.0365136, 43.3977313], [19.0362396, 43.3978057], [19.0357248, 43.3979344], [19.0353401, 43.3980269], [19.0351242, 43.3981094], [19.0349775, 43.3981999], [19.0348253, 43.3983044], [19.0346537, 43.3983949], [19.0334608, 43.3989982], [19.0330705, 43.3992054], [19.0328187, 43.3993723], [19.032589, 43.3995794], [19.0323233, 43.3997725], [19.0322264, 43.3998247], [19.0321323, 43.3998489], [19.0319828, 43.3998569], [19.0318306, 43.3998851], [19.031767, 43.3999092], [19.0316645, 43.3999876], [19.0315428, 43.4000801], [19.0314321, 43.4001244], [19.0313269, 43.4001384], [19.0312549, 43.4001425], [19.0312079, 43.4001525], [19.0311248, 43.4001787], [19.0310667, 43.4001787], [19.0310307, 43.4001686], [19.0284845, 43.4018698], [19.0220246, 43.4073834], [19.0205633, 43.4085657], [19.020548, 43.4087315], [19.0205597, 43.4088708], [19.0205989, 43.4089902], [19.0206184, 43.4090699], [19.0206145, 43.4091864], [19.0205558, 43.4095021], [19.0205754, 43.4095788], [19.0206184, 43.40963], [19.0206654, 43.4096641], [19.020822, 43.4096784], [19.0209707, 43.4096784], [19.0210881, 43.4096869], [19.0211586, 43.409721], [19.021229, 43.4097807], [19.0212603, 43.4098746], [19.0212643, 43.4099741], [19.0212329, 43.4100764], [19.021186, 43.4101646], [19.0211468, 43.4102357], [19.0211273, 43.410321], [19.0211429, 43.4104262], [19.0212016, 43.4105826], [19.0212917, 43.4108186], [19.0213817, 43.4111058], [19.0214286, 43.4113389], [19.0214169, 43.4115379], [19.0213739, 43.4117398], [19.0212721, 43.4118962], [19.0211116, 43.412118], [19.0209903, 43.4123028], [19.0209433, 43.4124535], [19.0209433, 43.4126099], [19.0209545, 43.4126862], [19.0209329, 43.4127772], [19.0208703, 43.4128625], [19.0207372, 43.4129734], [19.020522, 43.4130914], [19.0203634, 43.4131824], [19.0202695, 43.4132677], [19.0202323, 43.4133345], [19.0202421, 43.4133999], [19.0202832, 43.4134624], [19.0203458, 43.4135292], [19.0203889, 43.4136032], [19.0203869, 43.4136558], [19.02034, 43.4137354], [19.0202656, 43.413788], [19.0201423, 43.4138434], [19.0200112, 43.4139102], [19.0199153, 43.4139827], [19.0198585, 43.4140567], [19.0198409, 43.4141405], [19.0197802, 43.4143424], [19.0197411, 43.4145031], [19.0196824, 43.4148158], [19.0196883, 43.4149679], [19.0197176, 43.4151129], [19.0197313, 43.4152665], [19.0197215, 43.4154484], [19.0196883, 43.4156375], [19.019655, 43.4157413], [19.0195278, 43.4158877], [19.0193399, 43.4160355], [19.0191677, 43.4161606], [19.019015, 43.4162886], [19.0189211, 43.4164478], [19.0188898, 43.416553], [19.0188643, 43.416688], [19.0188722, 43.4168401], [19.0188956, 43.4173092], [19.0189211, 43.4174841], [19.0189661, 43.4176078], [19.0190503, 43.41774], [19.0191599, 43.4178494], [19.0193556, 43.41803], [19.0195747, 43.4181821], [19.0196941, 43.4182716], [19.0197568, 43.4183399], [19.019792, 43.418401], [19.0198057, 43.4184678], [19.0198174, 43.4185389], [19.0197959, 43.4186256], [19.019747, 43.418762], [19.0196393, 43.4189753], [19.0195082, 43.4192311], [19.019428, 43.4194387], [19.0193869, 43.4196206], [19.0193751, 43.4197912], [19.0193947, 43.4198793], [19.0194397, 43.4199419], [19.0194984, 43.419986], [19.0196706, 43.4200769], [19.0197528, 43.420148], [19.0198135, 43.4202233], [19.0198487, 43.4202973], [19.0198781, 43.420401], [19.0199231, 43.4207592], [19.0199251, 43.4208744], [19.0199368, 43.4209355], [19.0199701, 43.4210009], [19.0199779, 43.4210592], [19.0199936, 43.4211288], [19.020021, 43.4211899], [19.0200836, 43.421298], [19.0201501, 43.4213918], [19.0201599, 43.4214842], [19.0201403, 43.4216078], [19.0201325, 43.4216931], [19.0200914, 43.4218012], [19.020019, 43.421922], [19.0199701, 43.4219902], [19.0199662, 43.4220385], [19.0199916, 43.4220982], [19.0200366, 43.4221537], [19.0201266, 43.4222887], [19.0201814, 43.4224152], [19.0202127, 43.4225673], [19.0202206, 43.4227194], [19.0201834, 43.4229497], [19.0201208, 43.4231373], [19.0200092, 43.4233164], [19.0198742, 43.4234898], [19.0198018, 43.4236149], [19.0197822, 43.4237272], [19.0197802, 43.4238125], [19.0198135, 43.4238992], [19.0198859, 43.4240143], [19.0200249, 43.4242346], [19.0200953, 43.4244492], [19.0201266, 43.424617], [19.0201227, 43.4247577], [19.0200914, 43.4248401], [19.0200366, 43.4248913], [19.0199192, 43.4249723], [19.0197979, 43.4250846], [19.0197235, 43.4251684], [19.0196198, 43.4253347], [19.0195454, 43.4254712], [19.0194652, 43.4255707], [19.0193849, 43.4256489], [19.0192675, 43.4257441], [19.0192323, 43.4258109], [19.0192029, 43.4259104], [19.0191442, 43.4260369], [19.0190855, 43.4261378], [19.0190561, 43.4262188], [19.0190444, 43.426324], [19.0190503, 43.4264946], [19.0190463, 43.4266196], [19.0190033, 43.4266907], [19.0189524, 43.4267405], [19.0188624, 43.4267802], [19.0187763, 43.4268101], [19.0186745, 43.4268854], [19.0185864, 43.4269977], [19.0185305, 43.4271441], [19.018507, 43.4273544], [19.018648, 43.4276103], [19.0187889, 43.4277808], [19.0189454, 43.4279173], [19.0190002, 43.4280026], [19.0190159, 43.4281276], [19.0189846, 43.4282186], [19.0189141, 43.4282982], [19.018875, 43.428355], [19.018828, 43.4284801], [19.0188437, 43.4285711], [19.0189063, 43.4286905], [19.0189611, 43.4288098], [19.0189775, 43.4289058], [19.0188613, 43.4290184], [19.0186067, 43.4291229], [19.0183077, 43.4292596], [19.0181029, 43.42934], [19.0179369, 43.4294807], [19.0178871, 43.4296214], [19.0178926, 43.4297178], [19.017959, 43.4298223], [19.0183133, 43.4303088], [19.0184517, 43.4306102], [19.0184627, 43.4307871], [19.0184074, 43.4309077], [19.0183133, 43.4310122], [19.0182026, 43.4311368], [19.0180697, 43.4312454], [19.0179313, 43.4313298], [19.0178206, 43.4313619], [19.0175715, 43.4313981], [19.0174553, 43.4314544], [19.0172782, 43.4315308], [19.01709, 43.4315911], [19.0168962, 43.4316433], [19.0167246, 43.4317197], [19.016553, 43.43178], [19.0164036, 43.4319247], [19.0164202, 43.4321136], [19.0164146, 43.4323468], [19.0163095, 43.4325679], [19.01616, 43.4326684], [19.0159773, 43.4327166], [19.015767, 43.4327367], [19.0156009, 43.4327367], [19.0153961, 43.4327287], [19.0152024, 43.4327367], [19.0150419, 43.4328211], [19.014941, 43.4328957], [19.014808, 43.4329667], [19.0146592, 43.4330122], [19.0145261, 43.4330747], [19.0144909, 43.4331316], [19.0144948, 43.433214], [19.0145379, 43.4332709], [19.0146397, 43.4333391], [19.0147336, 43.43343], [19.0147884, 43.4335181], [19.0147884, 43.4335778], [19.0147492, 43.4337256], [19.0146592, 43.4338336], [19.0146003, 43.4339042], [19.0145418, 43.4340013], [19.014508, 43.434124], [19.0144561, 43.4342296], [19.014403, 43.4343396], [19.0141484, 43.4343185], [19.0139256, 43.4343315], [19.0138522, 43.4343798], [19.0136765, 43.4345044], [19.0135602, 43.4345807], [19.0134993, 43.434638], [19.0134454, 43.4347194], [19.0133084, 43.4350078], [19.0132599, 43.4350842], [19.0131229, 43.435257], [19.013046, 43.4353603], [19.0129934, 43.4354132], [19.0129611, 43.4354442], [19.0129308, 43.4354711], [19.0126464, 43.435735], [19.0123212, 43.4360918], [19.012198, 43.4362164], [19.0118272, 43.4365349], [19.0114632, 43.4367901], [19.0110356, 43.4370846], [19.0104931, 43.4374333], [19.0103243, 43.4375368], [19.0102025, 43.4376413], [19.010107, 43.4377518], [19.0100199, 43.4378794], [19.0099714, 43.4380171], [19.0099534, 43.4381678], [19.00997, 43.4382622], [19.0100448, 43.4385295], [19.0101403, 43.4388491], [19.0102842, 43.4392701], [19.01037, 43.43946], [19.0104558, 43.4396037], [19.0105526, 43.4397454], [19.0106301, 43.4399574], [19.0106938, 43.4401875], [19.0107229, 43.4403683], [19.0107395, 43.440511], [19.0107062, 43.4407009], [19.0106467, 43.4409079], [19.0105706, 43.4410355], [19.0103395, 43.4413028], [19.0101264, 43.4415068], [19.0099479, 43.4416073], [19.0097818, 43.4416826], [19.009577, 43.441761], [19.0094594, 43.4418233], [19.0093791, 43.4418494], [19.0093003, 43.4418605], [19.0092255, 43.4418615], [19.0090913, 43.4418454], [19.0090235, 43.4418273], [19.0089667, 43.4418022], [19.0089252, 43.44177], [19.0089031, 43.4417459], [19.0088879, 43.4417208], [19.0088602, 43.4416535], [19.0088159, 43.4415741], [19.0086651, 43.4413551], [19.0085779, 43.4412345], [19.0085018, 43.441132], [19.0084672, 43.4411069], [19.008416, 43.4410878], [19.0083634, 43.4410848], [19.0082734, 43.4410858], [19.0081074, 43.4410968], [19.0079067, 43.4411049], [19.007713, 43.441133], [19.00754, 43.4411883], [19.0074002, 43.4412596], [19.0072439, 43.4413621], [19.0071207, 43.4414565], [19.0070736, 43.4415188], [19.0070141, 43.4416434], [19.0069657, 43.4418062], [19.0069463, 43.4420082], [19.0069505, 43.4422121], [19.0069588, 43.4423558], [19.0069823, 43.4425628], [19.0070266, 43.4427436], [19.007075, 43.4428893], [19.0071677, 43.4430401], [19.0072777, 43.4431903], [19.0073418, 43.4432422], [19.0075375, 43.4433662], [19.007723, 43.4434706], [19.0080197, 43.4436198], [19.0092332, 43.4442425], [19.0098448, 43.4445168], [19.0101844, 43.4446702], [19.0104916, 43.4448407], [19.0107422, 43.444997], [19.0109242, 43.4451263], [19.0109848, 43.4451945], [19.011023, 43.4452542], [19.0110484, 43.4453131], [19.0110563, 43.4453693], [19.0110416, 43.4454453], [19.0110044, 43.4455135], [19.0109486, 43.445576], [19.0109149, 43.4456088], [19.0108738, 43.4456422], [19.0107769, 43.4457204], [19.0106859, 43.4457865], [19.0105704, 43.445866], [19.0104334, 43.4459563], [19.0103111, 43.4460294], [19.0102548, 43.4460589], [19.0102005, 43.446076], [19.0101536, 43.4460863], [19.0101081, 43.4460909], [19.0100582, 43.4460877], [19.009976, 43.4460706], [19.0098551, 43.4460447], [19.009769, 43.4460202], [19.00968, 43.4459815], [19.0096046, 43.4459474], [19.0095151, 43.4459204], [19.00945, 43.4459055], [19.0094182, 43.4459055], [19.0093737, 43.4459072], [19.0093477, 43.4459126], [19.0092837, 43.4459364], [19.0091643, 43.4459886], [19.0090694, 43.4460259], [19.0088505, 43.446139], [19.0090146, 43.4460394], [19.0089505, 43.4460472], [19.0088849, 43.4460539], [19.0088291, 43.446055], [19.0087597, 43.4460479], [19.0087151, 43.4460326], [19.0086642, 43.4460039], [19.0086099, 43.4459616], [19.0085683, 43.4459232], [19.0085517, 43.4458955], [19.0085317, 43.4458436], [19.0085209, 43.4458003], [19.0084989, 43.4456383], [19.0084881, 43.4455865], [19.0084225, 43.4453989], [19.0083521, 43.4452881], [19.008264, 43.4452099], [19.0081407, 43.4451602], [19.007945, 43.4451034], [19.0077885, 43.4450394], [19.0076691, 43.4449698], [19.0076006, 43.4448917], [19.0074558, 43.4446657], [19.0072972, 43.4442679], [19.0072033, 43.4440832], [19.0070976, 43.4439652], [19.0069665, 43.4438217], [19.0068941, 43.4437706], [19.006856, 43.4437535], [19.0067958, 43.4437354], [19.0067536, 43.4437344], [19.0066907, 43.4437424], [19.0066374, 43.4437525], [19.0064983, 43.4437851], [19.0062914, 43.4438524], [19.0061191, 43.4439404], [19.0059867, 43.4440102], [19.0058878, 43.4440846], [19.0057777, 43.4441931], [19.0057238, 43.4442865], [19.0056947, 43.444396], [19.0057079, 43.4444825], [19.0057328, 43.4445518], [19.0057667, 43.4446256], [19.0058476, 43.4447839], [19.0059127, 43.4449044], [19.0060178, 43.4450617], [19.0060787, 43.4451476], [19.0062939, 43.4453475], [19.0065232, 43.445574], [19.006666, 43.4458014], [19.0067111, 43.4459534], [19.0067091, 43.4460784], [19.0066543, 43.4462319], [19.0065897, 43.4463214], [19.0065251, 43.4464578], [19.0064508, 43.4465686], [19.0063797, 43.4466387], [19.0063132, 43.446684], [19.0062579, 43.4467101], [19.0061887, 43.4467292], [19.0059341, 43.4467759], [19.005741, 43.446805], [19.0055196, 43.4468236], [19.0053494, 43.4468266], [19.0052131, 43.4468176], [19.0050228, 43.4467799], [19.0049252, 43.4467407], [19.0048491, 43.4466935], [19.0048041, 43.4466377], [19.0047606, 43.4465639], [19.0047038, 43.4465031], [19.0045481, 43.4464006], [19.0042008, 43.4461645], [19.0039434, 43.4459314], [19.0037441, 43.4457405], [19.0035808, 43.4455215], [19.0035172, 43.4453768], [19.0034923, 43.4452965], [19.0034535, 43.4451056], [19.0034563, 43.4449569], [19.0034757, 43.4447378], [19.003484, 43.4446876], [19.0035476, 43.4445389], [19.0036014, 43.4443999], [19.0036289, 43.4443363], [19.003639, 43.4443197], [19.0036566, 43.4443044], [19.0036898, 43.4442845], [19.0037452, 43.4442614], [19.0038486, 43.4442117], [19.0039866, 43.4441306], [19.0041098, 43.4440492], [19.0041333, 43.4440231], [19.0041582, 43.4439728], [19.004233, 43.4437377], [19.0042745, 43.4435719], [19.0043395, 43.4432805], [19.0043727, 43.4429369], [19.0043617, 43.4426355], [19.004352, 43.4424988], [19.0043271, 43.4423793], [19.0042606, 43.4422346], [19.0041513, 43.4421], [19.0039866, 43.4419643], [19.0038206, 43.4418548], [19.0036061, 43.4417603], [19.0031273, 43.4415885], [19.0027066, 43.4414057], [19.0025793, 43.4413273], [19.0024976, 43.4412529], [19.0024243, 43.4411474], [19.0024077, 43.4410761], [19.0023828, 43.4410088], [19.0023523, 43.4409585], [19.0022983, 43.4409113], [19.0022305, 43.4408611], [19.0020894, 43.4407495], [19.0020147, 43.4406882], [19.0019302, 43.4406018], [19.0018306, 43.4404712], [19.0017393, 43.4403436], [19.0016078, 43.4401014], [19.0015262, 43.4399628], [19.0013933, 43.4398171], [19.0013345, 43.4397512], [19.0012949, 43.4397185], [19.001223, 43.4396613], [19.00113, 43.4395902], [19.0010101, 43.4395096], [19.0006192, 43.4392431], [19.0003549, 43.4390712], [19.0002359, 43.4389999], [19.0001017, 43.4389627], [18.9999384, 43.4389466], [18.9997751, 43.4389496], [18.9996575, 43.4389697], [18.9995675, 43.4390039], [18.9994693, 43.4390612], [18.9993558, 43.4391476], [18.9991233, 43.4393435], [18.9989157, 43.4395063], [18.9988009, 43.4395787], [18.9986154, 43.4397635], [18.9984867, 43.4399213], [18.9984272, 43.4400449], [18.9983566, 43.4402529], [18.9983096, 43.4404428], [18.9981615, 43.4410808], [18.9979982, 43.4415943], [18.9978834, 43.4419249], [18.9978377, 43.4421138], [18.9978073, 43.4424785], [18.9978266, 43.4426905], [18.9978972, 43.4430311], [18.9979788, 43.4433014], [18.9980771, 43.4435295], [18.998257, 43.4439143], [18.9983068, 43.4441062], [18.9983068, 43.4442067], [18.9982847, 43.4442941], [18.9981892, 43.4444568], [18.9980079, 43.4446196], [18.9977394, 43.4448095], [18.9973201, 43.4450968], [18.9968441, 43.4453772], [18.9964151, 43.4455902], [18.9960069, 43.4457479], [18.9955931, 43.4458986], [18.9952111, 43.4460051], [18.9949219, 43.4461227], [18.9947503, 43.4462231], [18.9943739, 43.4464693], [18.9941331, 43.4466652], [18.9937955, 43.4471243], [18.9935837, 43.4474478], [18.9932876, 43.4478588], [18.9929748, 43.4481119], [18.9928032, 43.4482064], [18.9926386, 43.4482677], [18.9925237, 43.4482948], [18.9924306, 43.4483091], [18.9923397, 43.4482978], [18.992231, 43.448293], [18.9921691, 43.4482827], [18.9920816, 43.448227], [18.9919729, 43.448172], [18.9918463, 43.4481082], [18.9917356, 43.4480273], [18.9916581, 43.4479484], [18.9914312, 43.4476395], [18.9913577, 43.447459], [18.9911249, 43.447234], [18.9909096, 43.4471402], [18.9905867, 43.4471132], [18.9902716, 43.4470109], [18.9900681, 43.4469214], [18.9899683, 43.4467793], [18.9898915, 43.4466674], [18.989844, 43.4465498], [18.9898171, 43.4463882], [18.9898166, 43.4463307], [18.9898464, 43.4461896], [18.9896957, 43.4459737], [18.9896997, 43.4458486], [18.9895255, 43.4457278], [18.9891223, 43.4456142], [18.9888718, 43.4456099], [18.9886389, 43.445671], [18.9883845, 43.4458614], [18.9883532, 43.4460376], [18.9884041, 43.4464113], [18.9884237, 43.4467708], [18.9884334, 43.4471558], [18.988408, 43.4474371], [18.9882867, 43.4478904], [18.988134, 43.4483223], [18.9880146, 43.4486221], [18.9877583, 43.4490654], [18.9874764, 43.4494206], [18.9871633, 43.4496706], [18.9868932, 43.449807], [18.9867602, 43.4499022], [18.9866897, 43.4499605], [18.9864549, 43.4502063], [18.986267, 43.450489], [18.9860889, 43.4508129], [18.985856, 43.4509437], [18.9857953, 43.4510999], [18.9858362, 43.4512612], [18.9860327, 43.4513601], [18.9863571, 43.4513839], [18.9866865, 43.451388], [18.986984, 43.451387], [18.9871445, 43.4514111], [18.987377, 43.4514794], [18.9875666, 43.4515608], [18.9877451, 43.4516652], [18.9879223, 43.451835], [18.9879666, 43.4519445], [18.987932, 43.4521083], [18.9879375, 43.4521695], [18.9878849, 43.4522198], [18.9877894, 43.4523323], [18.9877092, 43.4524378], [18.987348, 43.4526759], [18.9872539, 43.4526869], [18.9870684, 43.4527331], [18.9867252, 43.452697], [18.9865329, 43.4526889], [18.98618, 43.4525915], [18.9856818, 43.4524749], [18.9851075, 43.4523484], [18.9846204, 43.4522499], [18.9841457, 43.4522057], [18.9837776, 43.4522137], [18.983505, 43.4522429], [18.9832573, 43.4523052], [18.9831037, 43.4523896], [18.9830055, 43.452481], [18.9828754, 43.4526869], [18.9828062, 43.4527964], [18.982766, 43.4529401], [18.9827384, 43.4530616], [18.9825045, 43.4534826], [18.9823467, 43.4537769], [18.9821973, 43.4539597], [18.982135, 43.4540381], [18.9818984, 43.4541315], [18.9817392, 43.4541526], [18.9816562, 43.4541295], [18.9814708, 43.4540974], [18.9813448, 43.4540461], [18.9812438, 43.4539758], [18.9811788, 43.4539155], [18.9810501, 43.4537729], [18.9807885, 43.4535338], [18.9805547, 43.4534584], [18.9803056, 43.4533891], [18.9800828, 43.4533821], [18.9798212, 43.4534404], [18.9797077, 43.4535107], [18.9795444, 43.4535941], [18.9793978, 43.4537176], [18.9793189, 43.453793], [18.9792926, 43.4538342], [18.9791667, 43.4539346], [18.9790061, 43.4541637], [18.9789259, 43.4542812], [18.9787861, 43.4545826], [18.9786906, 43.4547774], [18.9780817, 43.4558563], [18.9778838, 43.4560191], [18.9777759, 43.4560201], [18.9775877, 43.4560341], [18.9773317, 43.4559759], [18.9771365, 43.4559196], [18.97694, 43.4557619], [18.9768944, 43.4556122], [18.9768598, 43.4554736], [18.9767159, 43.4551642], [18.9765429, 43.4549623], [18.9764183, 43.4548427], [18.9762536, 43.4546177], [18.9761886, 43.4544218], [18.9760198, 43.4540572], [18.9759437, 43.4539135], [18.9758205, 43.4537447], [18.9756351, 43.4536393], [18.9753403, 43.4534494], [18.9750677, 43.453356], [18.9746152, 43.4532224], [18.9740907, 43.4531048], [18.9737364, 43.4530606], [18.9733586, 43.4530556], [18.9731206, 43.4530606], [18.972758, 43.4530385], [18.9724038, 43.4530405], [18.9722599, 43.4530616], [18.9720371, 43.4531139], [18.9717132, 43.4532314], [18.9711818, 43.4532736], [18.9710172, 43.4532716], [18.9708552, 43.4532907], [18.970364, 43.4532374], [18.9702547, 43.4532404], [18.9701246, 43.4532093], [18.9700139, 43.4531922], [18.9698063, 43.453138], [18.9696195, 43.453142], [18.969452, 43.4531571], [18.9690299, 43.4531721], [18.9687795, 43.453146], [18.9686466, 43.453147], [18.9683228, 43.4531139], [18.968154, 43.4530898], [18.9679063, 43.4530405], [18.9676267, 43.4529491], [18.9673292, 43.4528266], [18.9672462, 43.4527884], [18.9671251, 43.452764], [18.9670742, 43.4527484], [18.9669289, 43.4526847], [18.966484, 43.4525297], [18.965872, 43.4522964], [18.965626, 43.4521856], [18.9654378, 43.4520937], [18.9653223, 43.4520342], [18.9652102, 43.452003], [18.9650503, 43.4519239], [18.9648919, 43.4518523], [18.964775, 43.4518119], [18.9646501, 43.451779], [18.9644913, 43.4517413], [18.9643902, 43.451719], [18.9641159, 43.4516276], [18.9639664, 43.4515539], [18.9637932, 43.4514687], [18.9636465, 43.4513699], [18.9635085, 43.4513081], [18.9633891, 43.4512406], [18.963301, 43.4511703], [18.9632032, 43.4510737], [18.9631761, 43.4510396], [18.9631432, 43.4510187], [18.9630564, 43.4509981], [18.9629744, 43.4509876], [18.9628817, 43.4509828], [18.9624797, 43.4510132], [18.962333, 43.4510665], [18.9620133, 43.4512182], [18.9617946, 43.4513407], [18.9615511, 43.4514944], [18.9611968, 43.4517325], [18.9600731, 43.4525774], [18.9594723, 43.4529843], [18.9592977, 43.4530858], [18.9592311, 43.4531111], [18.9590677, 43.4531473], [18.9589488, 43.453169], [18.9588368, 43.4532073], [18.9586915, 43.4532475], [18.9585608, 43.4532482], [18.9584248, 43.4532318], [18.9582878, 43.4532105], [18.9582281, 43.4531839], [18.9581396, 43.4531508], [18.9580271, 43.4531306], [18.9579112, 43.4531011], [18.9577635, 43.4530579], [18.9576683, 43.4530166], [18.9575963, 43.452991], [18.9575168, 43.4529722], [18.9573674, 43.4529253], [18.9572037, 43.4528598], [18.9570923, 43.4528316], [18.9570584, 43.4528045], [18.956947, 43.4527372], [18.956718, 43.4526076], [18.9566848, 43.4525715], [18.9566198, 43.4525202], [18.9565353, 43.4524052], [18.9563506, 43.4522656], [18.9561866, 43.4523936], [18.956316, 43.4524579], [18.9562876, 43.4524715], [18.9562517, 43.4525157], [18.9561949, 43.4525674], [18.9561382, 43.4526111], [18.9560884, 43.4526543], [18.9560586, 43.4526975], [18.9560351, 43.4527463], [18.9560046, 43.4528387], [18.9559735, 43.4528919], [18.9558939, 43.4529693], [18.9558095, 43.4530426], [18.9557182, 43.4530989], [18.955631, 43.4531606], [18.9555929, 43.4532064], [18.9555743, 43.4532506], [18.9555791, 43.4533023], [18.9555971, 43.4533359], [18.9556434, 43.4534118], [18.9556704, 43.4535022], [18.9557023, 43.453575], [18.9557459, 43.4536685], [18.9557479, 43.4537202], [18.9557306, 43.453783], [18.9556919, 43.4538819], [18.955676, 43.4539312], [18.9556774, 43.4540125], [18.9557175, 43.4540562], [18.9557756, 43.454107], [18.9559749, 43.4542576], [18.9559894, 43.4542747], [18.956015, 43.4543189], [18.9560614, 43.4543787], [18.9561181, 43.4544525], [18.9561098, 43.4545038], [18.9560925, 43.4545535], [18.9560475, 43.4546303], [18.9560074, 43.4547032], [18.9559984, 43.4547368], [18.9560012, 43.4547624], [18.9560164, 43.4548107], [18.9560448, 43.4548684], [18.9560669, 43.4549171], [18.9560704, 43.4549593], [18.9560669, 43.4550086], [18.9560282, 43.4550784], [18.9559873, 43.4551306], [18.9559652, 43.4551623], [18.9559583, 43.455206], [18.9559631, 43.4552461], [18.9559687, 43.4552994], [18.9559659, 43.455331], [18.9559527, 43.4553612], [18.9559472, 43.4553802], [18.9559479, 43.4554194], [18.9559541, 43.4554475], [18.9558752, 43.4555144], [18.9557756, 43.4556555], [18.9557853, 43.4556912], [18.955822, 43.4557595], [18.9558289, 43.4557891], [18.9558289, 43.4558212], [18.955822, 43.4558338], [18.9557708, 43.455883], [18.9556988, 43.4559353], [18.9556559, 43.4559935], [18.9556621, 43.4560277], [18.9556919, 43.4560623], [18.9557396, 43.4560839], [18.9557784, 43.4561025], [18.9558102, 43.4561256], [18.9558524, 43.4561683], [18.9558891, 43.4561914], [18.9559403, 43.4562241], [18.9559735, 43.4562597], [18.9560226, 43.456332], [18.9560406, 43.4563778], [18.9560441, 43.456424], [18.9560358, 43.4565078], [18.9559846, 43.4566404], [18.955947, 43.4567261], [18.9559353, 43.4567801], [18.9559274, 43.4568767], [18.9559235, 43.4569278], [18.9559118, 43.4569761], [18.9559, 43.4570273], [18.9558922, 43.4570756], [18.9558961, 43.4571267], [18.9559079, 43.457175], [18.9559392, 43.4572205], [18.9559744, 43.4572603], [18.9560018, 43.4573057], [18.9560292, 43.4573512], [18.9560684, 43.4573938], [18.9561114, 43.4574279], [18.9561662, 43.4574563], [18.9562288, 43.4574734], [18.9562915, 43.4574876], [18.956358, 43.4575018], [18.9564206, 43.4575131], [18.9564911, 43.457516], [18.9565576, 43.457516], [18.9566202, 43.4575046], [18.9566829, 43.4575046], [18.9567455, 43.4575075], [18.956816, 43.4575131], [18.9568786, 43.4575245], [18.9569295, 43.4575501], [18.9569882, 43.4575728], [18.9570508, 43.4575927], [18.9570978, 43.4576239], [18.9571369, 43.4576637], [18.9571878, 43.4576978], [18.9572465, 43.4577149], [18.9573013, 43.4577347], [18.95736, 43.4577575], [18.9574109, 43.4577944], [18.9574579, 43.4578257], [18.9575048, 43.4578626], [18.9575596, 43.457891], [18.9576183, 43.4579166], [18.9576731, 43.4579393], [18.9577279, 43.4579649], [18.9578101, 43.4579961], [18.9578571, 43.4580302], [18.9579041, 43.4580728], [18.9579354, 43.4581126], [18.9579667, 43.4581581], [18.9580058, 43.4581979], [18.9580567, 43.4582263], [18.9581154, 43.4582433], [18.958182, 43.4582575], [18.9582446, 43.458266], [18.9583111, 43.4582746], [18.9583777, 43.4582803], [18.9584403, 43.4582916], [18.9584951, 43.4583143], [18.9585342, 43.4583541], [18.9585812, 43.4583882], [18.9586438, 43.4584053], [18.9587104, 43.4584195], [18.958773, 43.4584365], [18.9588239, 43.4584678], [18.9588513, 43.4585132], [18.9588591, 43.4585615], [18.9588513, 43.4586127], [18.9588395, 43.458661], [18.9588474, 43.4587149], [18.9588787, 43.4587576], [18.9589296, 43.4587888], [18.9589883, 43.4588144], [18.959047, 43.4588343], [18.959094, 43.4588684], [18.959137, 43.4589081], [18.9591722, 43.4589536], [18.9591762, 43.4590019], [18.9591762, 43.4590985], [18.9591801, 43.4591468], [18.9591996, 43.4591979], [18.959231, 43.4592434], [18.9592854, 43.4593453], [18.9593011, 43.4593936], [18.9593285, 43.4594362], [18.9593715, 43.459476], [18.9594185, 43.4595101], [18.9594694, 43.4595413], [18.9595203, 43.4595669], [18.9595751, 43.4595925], [18.9596338, 43.4596152], [18.9596886, 43.4596436], [18.9597473, 43.4596635], [18.9598256, 43.4596976], [18.9598843, 43.4597203], [18.9599508, 43.4597544], [18.9600095, 43.4597743], [18.9600722, 43.4597885], [18.9601348, 43.4598027], [18.9601974, 43.4598141], [18.960264, 43.459834], [18.9603266, 43.4598567], [18.9603853, 43.4598851], [18.9604362, 43.4599249], [18.9604753, 43.4599647], [18.9605027, 43.4600101], [18.9605262, 43.4600584], [18.9605575, 43.460101], [18.9605927, 43.4601408], [18.9606241, 43.4601834], [18.9606632, 43.4602232], [18.9607102, 43.460263], [18.960765, 43.4602999], [18.9608198, 43.4603312], [18.9608707, 43.4603624], [18.9609294, 43.4604022], [18.9609802, 43.4604363], [18.9610233, 43.4604704], [18.9610624, 43.4605101], [18.961082, 43.4605556], [18.9610938, 43.4606067], [18.9610859, 43.460655], [18.9610664, 43.4607062], [18.961035, 43.4607516], [18.9610037, 43.4607999], [18.9609881, 43.4608511], [18.9609842, 43.4608994], [18.9609881, 43.4609619], [18.9609959, 43.4610443], [18.9609881, 43.4610926], [18.9609724, 43.4611494], [18.9609489, 43.4611948], [18.9608863, 43.4612801], [18.9608472, 43.4613255], [18.9608002, 43.4613653], [18.9607532, 43.4614022], [18.9607023, 43.4614363], [18.9606358, 43.4614676], [18.9605849, 43.4615017], [18.9605575, 43.4615471], [18.9605497, 43.4615983], [18.9605653, 43.4616466], [18.9606084, 43.4616835], [18.9606554, 43.4617147], [18.9606984, 43.4617517], [18.9607063, 43.4618], [18.9606945, 43.4618511], [18.9606632, 43.4618937], [18.9606123, 43.4619335], [18.960534, 43.4620102], [18.9604949, 43.4620528], [18.9604675, 43.4620983], [18.9604558, 43.4621494], [18.9604479, 43.4622006], [18.9604284, 43.4622517], [18.960397, 43.4622943], [18.9603775, 43.4623454], [18.9603775, 43.4623937], [18.960397, 43.4624392], [18.9604127, 43.4624875], [18.9604205, 43.4625386], [18.9604166, 43.4625898], [18.960397, 43.4626352], [18.9603657, 43.4626835], [18.9603422, 43.4627318], [18.9603148, 43.4627773], [18.9602874, 43.4628227], [18.960264, 43.462871], [18.9602522, 43.4629193], [18.9602483, 43.4629676], [18.9602561, 43.4630187], [18.9602796, 43.4630642], [18.9603109, 43.463104], [18.9603422, 43.4631466], [18.9603931, 43.4631835], [18.9604401, 43.4632148], [18.960491, 43.4632432], [18.960538, 43.4632801], [18.9605497, 43.4633284], [18.9605419, 43.4633767], [18.9605066, 43.4634222], [18.9604597, 43.4634619], [18.9604127, 43.463496], [18.9603618, 43.4635301], [18.9603109, 43.4635642], [18.9602757, 43.4636097], [18.9602679, 43.4636608], [18.9602874, 43.4637063], [18.9603344, 43.4637432], [18.9603892, 43.4637631], [18.9605262, 43.4637631], [18.960581, 43.4637886], [18.9606162, 43.4638284], [18.9606319, 43.4638795], [18.9606358, 43.4639278], [18.9606162, 43.4639761], [18.960581, 43.4641523], [18.9605693, 43.4642006], [18.9605536, 43.4642489], [18.9605458, 43.4643], [18.9605419, 43.4643483], [18.960538, 43.4643966], [18.960538, 43.4644477], [18.9605536, 43.464496], [18.9605653, 43.46455], [18.9605693, 43.4646011], [18.9605693, 43.4646494], [18.9605536, 43.4647034], [18.9605262, 43.4647489], [18.9604949, 43.4647943], [18.9604753, 43.4648454], [18.9604714, 43.4648966], [18.9604792, 43.4649449], [18.9605066, 43.4649903], [18.9605458, 43.4650273], [18.9606084, 43.4650983], [18.9606358, 43.4651437], [18.9606632, 43.4651892], [18.9606789, 43.4652403], [18.9606867, 43.4652915], [18.9606867, 43.465388], [18.9606671, 43.4654363], [18.9606319, 43.4654818], [18.9605927, 43.4655216], [18.9605458, 43.4655613], [18.9604988, 43.4655983], [18.9604518, 43.4656352], [18.9604049, 43.465675], [18.9603618, 43.4657176], [18.9603266, 43.4657602], [18.9602835, 43.4657971], [18.9602366, 43.4658341], [18.9602053, 43.4658795], [18.9601974, 43.4659306], [18.9601974, 43.4659846], [18.9601857, 43.4660329], [18.9601779, 43.4660812], [18.9601935, 43.4661323], [18.9602444, 43.4661636], [18.960307, 43.4661778], [18.9603657, 43.4661977], [18.9604127, 43.4662318], [18.9604284, 43.4662829], [18.9604323, 43.466334], [18.9604323, 43.4663908], [18.9604205, 43.466442], [18.9604049, 43.4664931], [18.9603736, 43.4665357], [18.9603383, 43.4665755], [18.9603266, 43.4666266], [18.9603344, 43.4666749], [18.960354, 43.4667204], [18.9603853, 43.4667658], [18.9604127, 43.4668084], [18.9604362, 43.4668539], [18.9604871, 43.4668851], [18.9605536, 43.4668851], [18.9606201, 43.466888], [18.960671, 43.4669164], [18.960718, 43.4669505], [18.9607493, 43.4669959], [18.9607728, 43.4670414], [18.9607806, 43.4670982], [18.9607728, 43.4672232], [18.9607767, 43.4672715], [18.9608159, 43.4673681], [18.9608002, 43.4674249], [18.9607728, 43.4674703], [18.9607258, 43.4675101], [18.9606789, 43.4675442], [18.9606319, 43.467584], [18.9606006, 43.4676294], [18.9605771, 43.4676749], [18.9605536, 43.4677232], [18.9605223, 43.4677658], [18.9604792, 43.4678027], [18.9604244, 43.4678453], [18.9603775, 43.4678851], [18.9603383, 43.4679305], [18.9603148, 43.467976], [18.9603148, 43.4681265], [18.9603109, 43.4681748], [18.9602953, 43.4682231], [18.96026, 43.4682686], [18.9602248, 43.4683112], [18.9601974, 43.4683595], [18.9601896, 43.4684078], [18.9601857, 43.4684589], [18.9601857, 43.4685072], [18.9601661, 43.4685583], [18.9601191, 43.4685953], [18.9600839, 43.4686379], [18.9600683, 43.4686862], [18.9600839, 43.4687373], [18.9601231, 43.4687742], [18.9601739, 43.4688026], [18.9602287, 43.4688282], [18.9602835, 43.4688566], [18.9603148, 43.468902], [18.9603227, 43.4689503], [18.9603618, 43.4689958], [18.9604127, 43.469027], [18.9605145, 43.4690895], [18.9605575, 43.4691265], [18.9606006, 43.4691634], [18.9606554, 43.4691918], [18.9607102, 43.4692145], [18.9607767, 43.4692316], [18.9608433, 43.4692372], [18.9609098, 43.4692372], [18.9609685, 43.469223], [18.9610311, 43.4692401], [18.9610742, 43.469277], [18.9611172, 43.4693139], [18.9611681, 43.4693395], [18.9612542, 43.4693537], [18.9613169, 43.4693651], [18.9613717, 43.4693906], [18.961403, 43.4694304], [18.9614069, 43.4694787], [18.961403, 43.4695298], [18.9613834, 43.4695781], [18.9613873, 43.4696264], [18.9614108, 43.4696719], [18.9614382, 43.4697145], [18.9614813, 43.4697486], [18.9615321, 43.4697826], [18.961583, 43.4698139], [18.9616378, 43.4698451], [18.9616809, 43.4698792], [18.96172, 43.4699218], [18.9617396, 43.4699673], [18.9617474, 43.4700156], [18.9617474, 43.4700639], [18.9617396, 43.470115], [18.96172, 43.4701661], [18.9617044, 43.4702144], [18.9616809, 43.4702883], [18.9616535, 43.4703337], [18.9616182, 43.470382], [18.9615948, 43.4704303], [18.961583, 43.4704843], [18.9615752, 43.4705382], [18.9615635, 43.4705865], [18.9615361, 43.4706348], [18.9615047, 43.4706774], [18.9614382, 43.470703], [18.9613717, 43.4707144], [18.9613012, 43.47072], [18.9612386, 43.4707399], [18.9611877, 43.4707769], [18.9611564, 43.4708195], [18.9611251, 43.4708649], [18.960902, 43.4711603], [18.9607806, 43.4713194], [18.9607689, 43.4713705], [18.9607611, 43.4714217], [18.9607337, 43.4714671], [18.9606945, 43.4715069], [18.9606358, 43.4715438], [18.9605888, 43.4715779], [18.9605693, 43.4716262], [18.9605771, 43.4716745], [18.9606045, 43.4717199], [18.9606201, 43.471771], [18.9606201, 43.4718193], [18.9606045, 43.4718705], [18.9605967, 43.4719216], [18.9606162, 43.471967], [18.9606436, 43.4720097], [18.9606319, 43.4720579], [18.960581, 43.4720892], [18.9605262, 43.4721261], [18.9604597, 43.4722], [18.960444, 43.4722511], [18.9604205, 43.4723022], [18.9603775, 43.472342], [18.9603227, 43.4723732], [18.9602914, 43.4724158], [18.9602757, 43.4724641], [18.9602679, 43.4725181], [18.9602483, 43.4725692], [18.9602013, 43.472609], [18.9601505, 43.4726431], [18.9600996, 43.4726743], [18.9600526, 43.4727084], [18.9600213, 43.4727539], [18.9600017, 43.4727993], [18.95999, 43.4728476], [18.95999, 43.472947], [18.9599665, 43.4729925], [18.959896, 43.4729953], [18.9598295, 43.4729811], [18.9597551, 43.4729953], [18.9597121, 43.4730322], [18.9596808, 43.4730748], [18.9596573, 43.4731203], [18.9596416, 43.4731686], [18.959622, 43.473214], [18.9595946, 43.4732623], [18.9595594, 43.4733049], [18.9595164, 43.4733418], [18.9594655, 43.4733788], [18.9594107, 43.4734072], [18.959352, 43.4734327], [18.9592893, 43.4734611], [18.9592267, 43.4734867], [18.9591641, 43.4735123], [18.9590897, 43.4735378], [18.9590271, 43.4735577], [18.958894, 43.4735975], [18.9588314, 43.4736202], [18.9587688, 43.4736429], [18.9587101, 43.4736713], [18.958667, 43.4737168], [18.9586396, 43.4737594], [18.9586122, 43.4738048], [18.9585652, 43.4738389], [18.9584282, 43.4738446], [18.9583578, 43.4738474], [18.9582991, 43.473873], [18.9582482, 43.4739128], [18.9582091, 43.4739554], [18.9581973, 43.4740037], [18.9582091, 43.4740576], [18.9582443, 43.4741002], [18.9582873, 43.4741542], [18.9583108, 43.4741968], [18.9583265, 43.4742451], [18.9583343, 43.4742991], [18.9583265, 43.4743502], [18.9583069, 43.4743985], [18.9582599, 43.4744411], [18.9582012, 43.4744667], [18.9581347, 43.4744865], [18.9580642, 43.4745007], [18.9580055, 43.4745206], [18.9579507, 43.4745519], [18.9579194, 43.4745945], [18.9579077, 43.4746484], [18.9579077, 43.474745], [18.9578959, 43.4747933], [18.9578529, 43.4748387], [18.9577902, 43.4748586], [18.9577276, 43.4748757], [18.9576532, 43.4748984], [18.9575906, 43.4749211], [18.9575358, 43.474958], [18.9575006, 43.4750035], [18.9574928, 43.4750603], [18.9574928, 43.4751114], [18.9575123, 43.4751654], [18.9575084, 43.4752137], [18.9574458, 43.4752392], [18.9573793, 43.4752563], [18.9573049, 43.4752676], [18.9572462, 43.4752904], [18.957207, 43.475333], [18.9571875, 43.4753841], [18.9571836, 43.4754324], [18.9571679, 43.4754835], [18.9571327, 43.4755318], [18.9570779, 43.475563], [18.9570035, 43.4755829], [18.956937, 43.4755971], [18.9568626, 43.4756], [18.9568078, 43.475634], [18.9567647, 43.4756738], [18.9567021, 43.4757051], [18.9566473, 43.4757391], [18.9566043, 43.4757817], [18.9565808, 43.47583], [18.9565573, 43.4758812], [18.9565025, 43.4759124], [18.9564399, 43.4759664], [18.9563851, 43.4760004], [18.9563538, 43.4760431], [18.9563303, 43.4760885], [18.9563224, 43.4761396], [18.9563342, 43.4761879], [18.9563616, 43.4762334], [18.9564203, 43.4762561], [18.9564829, 43.4762731], [18.956526, 43.4763129], [18.9565299, 43.4763612], [18.9565142, 43.4764095], [18.9564868, 43.4764549], [18.9564555, 43.4765003], [18.9564751, 43.4765458], [18.9565299, 43.476577], [18.9565808, 43.4766054], [18.956616, 43.4766509], [18.9566434, 43.4766963], [18.9566943, 43.4767276], [18.9567178, 43.476773], [18.9567295, 43.4768213], [18.9567726, 43.4768611], [18.9568235, 43.4768895], [18.9568978, 43.4769122], [18.9569604, 43.4769264], [18.9570113, 43.4769605], [18.9570348, 43.4770116], [18.9570387, 43.4770656], [18.9570192, 43.4771167], [18.9569839, 43.4771678], [18.9569644, 43.4772133], [18.9569683, 43.4772473], [18.9570035, 43.4772899], [18.9570426, 43.4773382], [18.9570583, 43.4773837], [18.9570583, 43.477432], [18.9570426, 43.4774859], [18.9570152, 43.4775342], [18.95698, 43.4775768], [18.9569565, 43.4776251], [18.9569526, 43.4776734], [18.9569526, 43.4777245], [18.9569252, 43.4777785], [18.9568861, 43.4778182], [18.9568939, 43.4778694], [18.956933, 43.4779091], [18.9569878, 43.4779347], [18.9570387, 43.4779631], [18.957074, 43.4780057], [18.9570935, 43.4780568], [18.9571366, 43.4780909], [18.9571679, 43.4781307], [18.9572188, 43.4781676], [18.9572149, 43.4782159], [18.9571757, 43.4782585], [18.957164, 43.4783096], [18.9571679, 43.4784232], [18.9571679, 43.4784715], [18.9571483, 43.4785198], [18.9570896, 43.4785624], [18.9570387, 43.4785965], [18.9569957, 43.4786391], [18.9569839, 43.4786873], [18.95698, 43.4787385], [18.9569487, 43.4787839], [18.9569017, 43.4788237], [18.9568665, 43.4788663], [18.956843, 43.4789117], [18.9568352, 43.47896], [18.9568548, 43.4790083], [18.9568939, 43.479048], [18.9569409, 43.479085], [18.9569526, 43.4791333], [18.9569409, 43.4791844], [18.9569252, 43.4792327], [18.9569409, 43.4792838], [18.9569878, 43.4793207], [18.9570309, 43.4793576], [18.95707, 43.4793945], [18.9570583, 43.4794428], [18.9570074, 43.4794798], [18.9569565, 43.4795167], [18.956933, 43.4795621], [18.9569252, 43.4796132], [18.9569291, 43.4796615], [18.956937, 43.4798121], [18.956937, 43.479991], [18.9569409, 43.4800421], [18.9569409, 43.4800932], [18.956933, 43.4801415], [18.9569291, 43.4801926], [18.9569291, 43.4802466], [18.9569252, 43.4802949], [18.9569252, 43.4803488], [18.9569409, 43.4803971], [18.9569604, 43.4804426], [18.9569957, 43.4804852], [18.9570466, 43.4805192], [18.9570974, 43.4805505], [18.9571562, 43.4805675], [18.9572188, 43.4805846], [18.9572736, 43.4806101], [18.9572931, 43.4806584], [18.9573088, 43.4807067], [18.9573519, 43.4807436], [18.9574106, 43.4807635], [18.9574771, 43.4807777], [18.9575319, 43.4808033], [18.957575, 43.4808402], [18.9576141, 43.4808799], [18.9576572, 43.4809197], [18.9576963, 43.4809651], [18.9577237, 43.4810106], [18.9577394, 43.4810589], [18.9577433, 43.48111], [18.9577315, 43.4811611], [18.957708, 43.4812065], [18.957708, 43.4812548], [18.9577237, 43.481306], [18.9579977, 43.4816013], [18.9580329, 43.4816411], [18.9580877, 43.4816666], [18.9581582, 43.4816865], [18.9582208, 43.4816979], [18.9582795, 43.4817263], [18.9583069, 43.4817689], [18.9583226, 43.4818172], [18.9583656, 43.4818512], [18.9584282, 43.4818598], [18.9585144, 43.4818683], [18.9585809, 43.481874], [18.9586553, 43.4818711], [18.9587179, 43.4818654], [18.9587805, 43.4818541], [18.9588471, 43.4818456], [18.9589175, 43.4818399], [18.958984, 43.4818456], [18.9590388, 43.4818683], [18.9590702, 43.4819109], [18.959078, 43.4819592], [18.9590702, 43.4820131], [18.9590623, 43.4820642], [18.9590741, 43.4821154], [18.9591015, 43.482158], [18.959125, 43.4822006], [18.9591524, 43.4822432], [18.9591641, 43.4822971], [18.9591798, 43.4823454], [18.959215, 43.4823852], [18.9593011, 43.4824221], [18.959352, 43.4824533], [18.9593911, 43.4824903], [18.9594029, 43.4825414], [18.9594303, 43.4825925], [18.9594577, 43.4826351], [18.9594851, 43.4826805], [18.9595125, 43.4827231], [18.9595438, 43.4827657], [18.9595672, 43.4828112], [18.9595751, 43.4828623], [18.9595829, 43.4829163], [18.9595986, 43.4832684], [18.959579, 43.4833167], [18.9595516, 43.4833678], [18.9595164, 43.4834104], [18.9594733, 43.4834502], [18.9594224, 43.4834843], [18.9593676, 43.4835212], [18.9593128, 43.4835553], [18.9592619, 43.483595], [18.9592228, 43.4836376], [18.9591876, 43.4836802], [18.959168, 43.4837285], [18.9591602, 43.4837768], [18.9591602, 43.4838251], [18.9591563, 43.4838762], [18.9591367, 43.4839244], [18.959125, 43.4839727], [18.9591289, 43.4840238], [18.9591484, 43.4840693], [18.9591719, 43.4841119], [18.9592111, 43.4841488], [18.9592502, 43.4841886], [18.9592698, 43.484234], [18.9592933, 43.4842794], [18.9593207, 43.4843277], [18.9593441, 43.484376], [18.9593481, 43.4844271], [18.9593285, 43.4844782], [18.9593089, 43.4845265], [18.9592776, 43.4846401], [18.9592893, 43.4846912], [18.9593089, 43.4847395], [18.9593128, 43.4847906], [18.9593089, 43.4848417], [18.9593011, 43.4848929], [18.9592972, 43.4849411], [18.9593128, 43.4849894], [18.9593441, 43.4850349], [18.9593794, 43.4850775], [18.9594068, 43.4851201], [18.9594303, 43.4851683], [18.9594459, 43.4852195], [18.9594577, 43.4852677], [18.9594577, 43.4853189], [18.9594381, 43.4853728], [18.9594146, 43.4854182], [18.9593324, 43.4856142], [18.9591758, 43.4858811], [18.9589801, 43.4860771], [18.9588157, 43.4862106], [18.9587609, 43.4863014], [18.9587335, 43.4863497], [18.958714, 43.486398], [18.9586866, 43.4864406], [18.958667, 43.4864889], [18.9586513, 43.48654], [18.9586357, 43.4865911], [18.9586239, 43.4866451], [18.9586279, 43.4866962], [18.9586279, 43.4869007], [18.95862, 43.4869574], [18.9586083, 43.4870057], [18.9585926, 43.4870597], [18.9585809, 43.4871108], [18.9585731, 43.4871648], [18.9585691, 43.487213], [18.9585809, 43.4872641], [18.95862, 43.4873067], [18.958667, 43.4873493], [18.958714, 43.4873863], [18.9587414, 43.4874431], [18.9587414, 43.4874913], [18.9587257, 43.4875396], [18.9587022, 43.487585], [18.9586944, 43.4876333], [18.9586905, 43.4876816], [18.9586748, 43.4877356], [18.9586553, 43.4877867], [18.9586357, 43.4879116], [18.9586005, 43.4879542], [18.9585535, 43.4879968], [18.9585104, 43.4880337], [18.9584596, 43.4880678], [18.9584087, 43.4881047], [18.9583695, 43.4881445], [18.958346, 43.4881928], [18.9583265, 43.4882439], [18.9583147, 43.488295], [18.9583069, 43.4883489], [18.958303, 43.4883972], [18.9582912, 43.4884455], [18.9582638, 43.488508], [18.9582364, 43.4885534], [18.9582012, 43.4886017], [18.9581621, 43.4886471], [18.9581269, 43.4886897], [18.958076, 43.488755], [18.9580486, 43.4888033], [18.9580173, 43.4888459], [18.957982, 43.4889027], [18.9579585, 43.4889538], [18.9579311, 43.4890021], [18.9579077, 43.4890475], [18.9578764, 43.4890958], [18.957849, 43.4891412], [18.9578137, 43.489181], [18.9577785, 43.4892264], [18.9577433, 43.4892747], [18.9577041, 43.4893173], [18.9576611, 43.489357], [18.9576102, 43.4893968], [18.9575515, 43.489428], [18.9574654, 43.489482], [18.9574067, 43.4895161], [18.9573401, 43.4895331], [18.9572697, 43.4895445], [18.9571914, 43.4895558], [18.9571209, 43.4895814], [18.9571053, 43.4896325], [18.9571014, 43.4896808], [18.9570583, 43.4897205], [18.9570035, 43.4897546], [18.9569604, 43.4897944], [18.9569252, 43.489837], [18.9568861, 43.4898767], [18.9568587, 43.4899221], [18.9568274, 43.4899676], [18.9567921, 43.4900073], [18.956753, 43.4900471], [18.9562833, 43.4906945], [18.9563146, 43.4909501], [18.9563107, 43.4909984], [18.9563029, 43.4910495], [18.9562833, 43.4910949], [18.9562559, 43.4911375], [18.9562128, 43.4911801], [18.9562324, 43.4912284], [18.9562402, 43.4912767], [18.956205, 43.4913249], [18.9561581, 43.4913647], [18.9561346, 43.491413], [18.9561581, 43.4914584], [18.9561228, 43.4915038], [18.956068, 43.4915379], [18.9560171, 43.4915748], [18.9559976, 43.4916231], [18.9559819, 43.4916742], [18.9559271, 43.4917111], [18.9558645, 43.491731], [18.9558449, 43.4917679], [18.9558175, 43.4918162], [18.9558097, 43.4918701], [18.9557784, 43.4919127], [18.9556805, 43.4919411], [18.955661, 43.4919894], [18.9556688, 43.4920405], [18.9556492, 43.4920916], [18.9555983, 43.4921285], [18.9555396, 43.4921541], [18.9554927, 43.4921882], [18.955477, 43.4922393], [18.9554692, 43.4922875], [18.9554457, 43.492333], [18.9554105, 43.4923756], [18.9553635, 43.4924125], [18.9553087, 43.4924522], [18.9552656, 43.4924948], [18.9551991, 43.4925175], [18.9551247, 43.4925317], [18.9550504, 43.4925431], [18.954976, 43.4925459], [18.9549094, 43.4925459], [18.954839, 43.4925431], [18.9547725, 43.4925431], [18.9547137, 43.4925829], [18.9546863, 43.4926283], [18.9546589, 43.4926709], [18.9546002, 43.4926993], [18.9545298, 43.492705], [18.9544593, 43.4927106], [18.9543967, 43.4927447], [18.9543536, 43.4927816], [18.9543028, 43.4928413], [18.9542636, 43.492881], [18.9541932, 43.4928895], [18.9541462, 43.4928526], [18.9540914, 43.4928242], [18.9540327, 43.4928583], [18.9539583, 43.492864], [18.9538918, 43.492864], [18.9538213, 43.4928697], [18.9537587, 43.4928867], [18.9537078, 43.4929208], [18.9536569, 43.4929577], [18.9536178, 43.4929974], [18.9535356, 43.4930798], [18.953473, 43.4931082], [18.9534064, 43.4931167], [18.9533399, 43.4931366], [18.9532773, 43.4931706], [18.9532225, 43.493199], [18.9531559, 43.4932189], [18.9531246, 43.4932615], [18.9531207, 43.4933098], [18.9530933, 43.4933581], [18.9530346, 43.4933779], [18.9529798, 43.4933524], [18.9529485, 43.4933126], [18.9529015, 43.4932757], [18.9528311, 43.4932729], [18.9527684, 43.4933041], [18.9527254, 43.4933439], [18.952651, 43.4933495], [18.9525805, 43.4933495], [18.952514, 43.4933609], [18.9524475, 43.4933864], [18.9523888, 43.4934234], [18.9523496, 43.493466], [18.952287, 43.4934858], [18.9522204, 43.4935], [18.9521813, 43.4935426], [18.9521461, 43.4935852], [18.9520717, 43.4936022], [18.9519973, 43.4936108], [18.9519308, 43.4936136], [18.9518486, 43.4936193], [18.9517038, 43.493625], [18.9515668, 43.493625], [18.9515081, 43.4936079], [18.9514455, 43.4935909], [18.9513867, 43.4935682], [18.951328, 43.4935398], [18.9512693, 43.4935142], [18.9512184, 43.4934801], [18.9511636, 43.4934489], [18.9510971, 43.4934432], [18.9510266, 43.4934347], [18.9509679, 43.4934092], [18.9509092, 43.4933779], [18.9508505, 43.4933524], [18.9507918, 43.4933353], [18.9507213, 43.4933211], [18.9506548, 43.4933126], [18.9505843, 43.4933069], [18.950544, 43.4933047], [18.9511635, 43.4949262], [18.9499093, 43.5036742], [18.9363175, 43.5025296], [18.9342219, 43.4988754], [18.9357134, 43.4916265], [18.9298148, 43.492824], [18.9242257, 43.4912704], [18.9214857, 43.4902665], [18.9180869, 43.4950693], [18.9144206, 43.4997175], [18.9125571, 43.50208], [18.9132933, 43.5025297], [18.9131438, 43.5027104], [18.9130553, 43.5027506], [18.9129612, 43.5027747], [18.9128726, 43.5028068], [18.9127397, 43.5029112], [18.9126733, 43.5029674], [18.9126069, 43.5030316], [18.912546, 43.5030878], [18.9124796, 43.50314], [18.9124408, 43.5032083], [18.9124408, 43.5032805], [18.9124906, 43.5033368], [18.9125626, 43.5033809], [18.9126401, 43.5034211], [18.9127176, 43.5034532], [18.9128006, 43.5034813], [18.9128892, 43.5035054], [18.9129833, 43.5035174], [18.9130719, 43.5035255], [18.913249, 43.5035255], [18.9133431, 43.5035375], [18.9135092, 43.5035937], [18.9136033, 43.5036058], [18.9136974, 43.5035977], [18.9137915, 43.5035937], [18.91388, 43.5035897], [18.9139797, 43.5035857], [18.9140793, 43.5035937], [18.9141734, 43.5036017], [18.9142675, 43.5035937], [18.9143561, 43.5035696], [18.9144336, 43.5035335], [18.9145166, 43.5034974], [18.9145996, 43.5034693], [18.9146771, 43.5034331], [18.914738, 43.5033849], [18.9147823, 43.5033287], [18.9148211, 43.5032725], [18.9148543, 43.5032123], [18.9148819, 43.5031481], [18.914893, 43.5030918], [18.9149318, 43.5029875], [18.9175888, 43.5041398], [18.9238493, 43.5048183], [18.9274307, 43.5113663], [18.9296006, 43.5119845], [18.9298331, 43.51186], [18.9301873, 43.5114907], [18.9309844, 43.5116914], [18.9339514, 43.5127954], [18.9343832, 43.5130523], [18.9344773, 43.5129279], [18.934826, 43.5130202], [18.9347706, 43.5132249], [18.9358445, 43.5133935], [18.9364036, 43.5134096], [18.9423375, 43.5150635], [18.9426807, 43.5152963], [18.9421825, 43.5161152], [18.9422545, 43.516621], [18.9426696, 43.516914], [18.9427637, 43.517191], [18.9429077, 43.5172833], [18.9430018, 43.5172994], [18.9430903, 43.5173034], [18.9432785, 43.5173034], [18.9433726, 43.5172954], [18.9434612, 43.5172753], [18.9435442, 43.5172472], [18.9436328, 43.5172191], [18.9438099, 43.5171789], [18.943904, 43.5171669], [18.9439981, 43.5171669], [18.9440922, 43.5171629], [18.9441808, 43.5171629], [18.9442804, 43.5171749], [18.9443745, 43.517195], [18.9444631, 43.5172191], [18.9445517, 43.5172592], [18.9446347, 43.5172913], [18.9447122, 43.5173355], [18.9447897, 43.5173837], [18.9452491, 43.5178653], [18.945299, 43.5179296], [18.9453654, 43.5180058], [18.9454318, 43.5180661], [18.9454927, 43.5181263], [18.9455481, 43.5181825], [18.9455979, 43.5182427], [18.9456532, 43.5182989], [18.945703, 43.5183591], [18.9457529, 43.5184193], [18.9457916, 43.5184795], [18.945847, 43.5185357], [18.9459079, 43.5185879], [18.9459743, 43.518636], [18.9460462, 43.5186762], [18.9461182, 43.5187203], [18.9462926, 43.5188848], [18.9463278, 43.5189274], [18.9463709, 43.5189699], [18.9464218, 43.5190068], [18.9464726, 43.5190409], [18.9465196, 43.519075], [18.9465627, 43.5191119], [18.9465979, 43.5191516], [18.9466292, 43.5191913], [18.9466684, 43.5192367], [18.9466997, 43.5192793], [18.9467427, 43.5193219], [18.9467936, 43.5193559], [18.9468523, 43.5193843], [18.9469071, 43.5194042], [18.9469658, 43.5194269], [18.9470206, 43.5194553], [18.9470715, 43.5194893], [18.9471263, 43.5195206], [18.9471823, 43.5195755], [18.9472254, 43.5196058], [18.9478247, 43.5196021], [18.9478137, 43.5197414], [18.9477993, 43.5198236], [18.9477729, 43.5198789], [18.947722, 43.5199506], [18.9476716, 43.5199928], [18.9476311, 43.5200466], [18.9475768, 43.5201358], [18.9475427, 43.5201784], [18.9475101, 43.5202347], [18.9474745, 43.5202763], [18.9474256, 43.520315], [18.9473811, 43.5203433], [18.9473579, 43.5203741], [18.9473515, 43.5204189], [18.9473139, 43.5204708], [18.9471578, 43.5206568], [18.9470678, 43.5207324], [18.9469932, 43.5207858], [18.9469497, 43.5208227], [18.946926, 43.5208581], [18.9469097, 43.5208985], [18.9466936, 43.5214593], [18.9466866, 43.5217917], [18.946716, 43.5219021], [18.9467956, 43.522348], [18.9468334, 43.5224605], [18.9469074, 43.5225923], [18.9470542, 43.5227696], [18.9472261, 43.5229145], [18.947827, 43.523257], [18.9480283, 43.5233726], [18.9480576, 43.5233776], [18.9482924, 43.5233442], [18.9484308, 43.5233503], [18.9484993, 43.5233584], [18.9485733, 43.5233553], [18.9487774, 43.5234161], [18.9489381, 43.5235043], [18.9490262, 43.5235965], [18.949131, 43.5237462], [18.9491589, 43.5238152], [18.949254, 43.5239408], [18.9493099, 43.5239976], [18.9493714, 43.5240543], [18.9494217, 43.5241151], [18.9494664, 43.5241759], [18.9494999, 43.5242408], [18.9495167, 43.5243137], [18.9495726, 43.5243745], [18.9496173, 43.5244353], [18.9496397, 43.5245042], [18.9496788, 43.524638], [18.9496956, 43.524711], [18.9497235, 43.5247799], [18.9497515, 43.5248569], [18.9497794, 43.5249258], [18.9498186, 43.5249906], [18.9498689, 43.5250555], [18.9499863, 43.5251812], [18.9500478, 43.525242], [18.9505397, 43.5256351], [18.95059, 43.5256959], [18.9506348, 43.5257527], [18.9506627, 43.5258256], [18.9506571, 43.5259067], [18.9506292, 43.5259797], [18.9506236, 43.5261904], [18.9506683, 43.5262512], [18.9506962, 43.526389], [18.9507074, 43.526462], [18.9507466, 43.5265228], [18.9508081, 43.5265714], [18.9510205, 43.5267376], [18.951082, 43.5268146], [18.9511379, 43.5268714], [18.951205, 43.5269849], [18.9512609, 43.5271916], [18.9513112, 43.5272524], [18.9513447, 43.5273132], [18.9513503, 43.5273841], [18.9514929, 43.5273314], [18.9516648, 43.5272726], [18.951778, 43.5272787], [18.9519541, 43.5272483], [18.9519946, 43.5273395], [18.9527436, 43.5299775], [18.9542576, 43.5304361], [18.9521784, 43.5319579], [18.950447, 43.5323791], [18.9496682, 43.5322817], [18.948427, 43.5318834], [18.9470158, 43.5322502], [18.9450631, 43.5325941], [18.9434859, 43.5330641], [18.9417071, 43.5334882], [18.940197, 43.5332131], [18.9384696, 43.5332704], [18.9347183, 43.5330497], [18.9338846, 43.5380764], [18.9325111, 43.5459572], [18.9322206, 43.5460267], [18.9319498, 43.5461126], [18.931686, 43.5461628], [18.9313361, 43.5461678], [18.9309685, 43.5461263], [18.9301572, 43.5461141], [18.9298212, 43.5460818], [18.9291719, 43.546089], [18.9290029, 43.5461012], [18.9290678, 43.5462749], [18.9292467, 43.5464916], [18.9292607, 43.5468887], [18.9293893, 43.5470366], [18.9293837, 43.54714], [18.9294815, 43.5473588], [18.9294675, 43.5474803], [18.9295458, 43.5475674], [18.9296883, 43.5476991], [18.9297219, 43.5478571], [18.9296911, 43.5480273], [18.9295514, 43.5482785], [18.9294703, 43.5485115], [18.9293725, 43.5487121], [18.9292663, 43.5487789], [18.9291628, 43.5489309], [18.929202, 43.5491294], [18.9290874, 43.5492894], [18.9290203, 43.5498587], [18.9287743, 43.5500734], [18.9285339, 43.550353], [18.9283606, 43.5506589], [18.9280867, 43.5508108], [18.9280448, 43.5510175], [18.9278799, 43.5511066], [18.9277681, 43.5512504], [18.9276004, 43.5515685], [18.9277289, 43.5518075], [18.9277401, 43.5518946], [18.9277094, 43.5519453], [18.9277904, 43.5522978], [18.9276758, 43.5524294], [18.9273684, 43.5525449], [18.9273153, 43.5526503], [18.9273572, 43.5527171], [18.9273656, 43.5531101], [18.9272035, 43.5532641], [18.9270581, 43.5534666], [18.9269798, 43.5536024], [18.9269826, 43.5538272], [18.9269463, 43.5539062], [18.9269575, 43.5540136], [18.926991, 43.5540865], [18.9270553, 43.5542708], [18.9270581, 43.554524], [18.9270972, 43.5547367], [18.9270274, 43.5549798], [18.9269379, 43.5552128], [18.9269267, 43.5553465], [18.926882, 43.5554133], [18.9268652, 43.5555896], [18.9267562, 43.5557354], [18.9267451, 43.5558711], [18.9264655, 43.5561648], [18.9263705, 43.5562418], [18.9263202, 43.5563471], [18.926186, 43.5566368], [18.9261986, 43.5566712], [18.9261986, 43.5566885], [18.9262, 43.5567067], [18.9262, 43.5567249], [18.9261944, 43.5567421], [18.9261832, 43.5567573], [18.9261707, 43.5567725], [18.9261511, 43.5567847], [18.9261315, 43.5567958], [18.926112, 43.556807], [18.9260924, 43.5568171], [18.9260686, 43.5568252], [18.9260505, 43.5568353], [18.9260225, 43.5569214], [18.9260225, 43.5569599], [18.9259778, 43.5570541], [18.9258981, 43.5571645], [18.9258296, 43.5572374], [18.9257579, 43.5573915], [18.9257243, 43.5575293], [18.925702, 43.5578209], [18.9256684, 43.5579668], [18.925579, 43.5580964], [18.925456, 43.5582018], [18.9254225, 43.5583395], [18.9254001, 43.5584853], [18.925333, 43.5586312], [18.9252212, 43.5587446], [18.9250982, 43.558858], [18.9250647, 43.5590039], [18.925087, 43.5591497], [18.9251541, 43.5592793], [18.9251765, 43.5594171], [18.9251094, 43.5595467], [18.9250311, 43.5596682], [18.9250088, 43.559806], [18.9248634, 43.5599032], [18.9250982, 43.5604622], [18.9251988, 43.5605757], [18.9252324, 43.5607215], [18.9252324, 43.5608592], [18.9252995, 43.560997], [18.9254448, 43.5610942], [18.9256237, 43.5611023], [18.9257914, 43.5611752], [18.9258809, 43.5612967], [18.9260597, 43.5613535], [18.9261716, 43.5614588], [18.9262722, 43.5615965], [18.9263952, 43.5617018], [18.9265517, 43.5617828], [18.9267306, 43.561791], [18.9269318, 43.561791], [18.9271331, 43.5618072], [18.9273008, 43.5618558], [18.9274461, 43.5619287], [18.9276138, 43.5619935], [18.9276977, 43.56203], [18.9277816, 43.5619732], [18.9283462, 43.5619125], [18.928894, 43.5619894], [18.9288493, 43.5623338], [18.9294083, 43.5628563], [18.9300903, 43.5629454], [18.9300959, 43.5636138], [18.9298891, 43.5640756], [18.9301854, 43.5643673], [18.9301407, 43.5646144], [18.9301127, 43.5646954], [18.9300847, 43.5647683], [18.9300512, 43.5648331], [18.9300009, 43.5648939], [18.929945, 43.5649546], [18.9298779, 43.5650113], [18.9297941, 43.5650599], [18.9297046, 43.5650964], [18.9296767, 43.5651693], [18.9300903, 43.5702972], [18.9297493, 43.5703418], [18.9296487, 43.5703418], [18.9295481, 43.5703337], [18.9294586, 43.5703134], [18.9293636, 43.5702972], [18.929263, 43.5703094], [18.9291735, 43.5703337], [18.9290729, 43.5703377], [18.9289723, 43.5703337], [18.9288772, 43.5703337], [18.9287822, 43.5703499], [18.9286984, 43.5703863], [18.9286089, 43.5704187], [18.9285195, 43.5704511], [18.92843, 43.5704876], [18.9283462, 43.570524], [18.9282735, 43.5705726], [18.9281841, 43.5706172], [18.9280834, 43.5706537], [18.9279828, 43.570678], [18.9278934, 43.5707063], [18.9278263, 43.5707671], [18.9278151, 43.5708359], [18.9278151, 43.5709088], [18.9277927, 43.5709777], [18.9277089, 43.5710303], [18.9276194, 43.5710708], [18.9275412, 43.5711113], [18.9274797, 43.571168], [18.9274294, 43.5712328], [18.9273679, 43.5712976], [18.9273008, 43.5713544], [18.9272449, 43.5714111], [18.927066, 43.5715083], [18.9269654, 43.5715123], [18.9268703, 43.5715245], [18.9267753, 43.5715488], [18.9267026, 43.5715974], [18.9266076, 43.5716257], [18.9265126, 43.5716095], [18.9264231, 43.5715731], [18.9263337, 43.5715569], [18.9260374, 43.5715569], [18.9259424, 43.5715852], [18.9257802, 43.5716622], [18.9256908, 43.5716946], [18.9255958, 43.5717108], [18.9254895, 43.5717148], [18.9252883, 43.5717148], [18.9251877, 43.5716905], [18.9250926, 43.5716662], [18.9250088, 43.5716419], [18.9249081, 43.571646], [18.9248075, 43.5716622], [18.9247125, 43.5716662], [18.9246063, 43.5716419], [18.9245112, 43.5716298], [18.9242709, 43.5716298], [18.9241646, 43.5716541], [18.9240864, 43.5716946], [18.9240249, 43.5717553], [18.9239522, 43.5717999], [18.9238516, 43.5718201], [18.9236615, 43.5718444], [18.9235721, 43.5718971], [18.923505, 43.5719497], [18.9234491, 43.5720064], [18.9233596, 43.5720348], [18.9232702, 43.5720186], [18.923164, 43.5720267], [18.9230634, 43.572051], [18.9229627, 43.572051], [18.9228621, 43.5720307], [18.9227615, 43.5720186], [18.9226497, 43.5720469], [18.9225658, 43.5720753], [18.922482, 43.5721117], [18.9223981, 43.5721522], [18.922331, 43.5722008], [18.9222751, 43.5722657], [18.9222472, 43.5723345], [18.9222192, 43.5724034], [18.9221689, 43.5725411], [18.9221298, 43.572614], [18.9220683, 43.5726869], [18.9219956, 43.5727395], [18.9219062, 43.572776], [18.9218167, 43.5728084], [18.9217328, 43.5729461], [18.9240531, 43.5750394], [18.9240431, 43.5751112], [18.9238847, 43.5751054], [18.9237848, 43.5750928], [18.9236237, 43.5750492], [18.923016, 43.5748183], [18.9227887, 43.5746887], [18.9227255, 43.5746716], [18.922598, 43.5746494], [18.9223193, 43.5746372], [18.9221286, 43.5746365], [18.9218687, 43.5746458], [18.9217619, 43.5746472], [18.9216354, 43.5746451], [18.9213647, 43.5746222], [18.9211304, 43.5746301], [18.9209091, 43.5746301], [18.9206756, 43.5746108], [18.9204861, 43.5745069], [18.9202845, 43.5743809], [18.9198299, 43.5739943], [18.9191856, 43.5735103], [18.9189761, 43.5733585], [18.9186836, 43.5731896], [18.9185373, 43.5730063], [18.91886, 43.5725004], [18.9179325, 43.5723848], [18.9175056, 43.5721299], [18.9165095, 43.5716602], [18.9161102, 43.5714311], [18.9156596, 43.5711218], [18.915209, 43.5708555], [18.9141061, 43.570466], [18.9134464, 43.570418], [18.9133748, 43.5703915], [18.9129993, 43.5703342], [18.9129479, 43.5703056], [18.9125645, 43.570128], [18.9116237, 43.5696554], [18.9108647, 43.5693977], [18.9107975, 43.5693633], [18.910339, 43.5691227], [18.9100978, 43.5690884], [18.9097658, 43.5689136], [18.9094772, 43.5686931], [18.908995, 43.5684898], [18.9083862, 43.5683093], [18.9080146, 43.5682635], [18.9079474, 43.568252], [18.9078842, 43.568232], [18.907817, 43.5682062], [18.9077577, 43.5681804], [18.9077024, 43.5681518], [18.907651, 43.5681232], [18.9075956, 43.5680888], [18.9075482, 43.5680544], [18.9074612, 43.5679799], [18.9074217, 43.567937], [18.9073822, 43.5678969], [18.9073624, 43.5678539], [18.907311, 43.5677823], [18.9072675, 43.5678196], [18.9016109, 43.5678625], [18.9014884, 43.5678883], [18.8991799, 43.57038], [18.8991996, 43.5704717], [18.8992115, 43.5705232], [18.8992391, 43.5705662], [18.8992629, 43.570612], [18.8992984, 43.5706578], [18.899334, 43.5707037], [18.8993815, 43.5707409], [18.8994052, 43.5707896], [18.8994407, 43.5708297], [18.899504, 43.5708555], [18.8995712, 43.5708669], [18.8996344, 43.5708669], [18.8997016, 43.5708583], [18.8997649, 43.570844], [18.8998321, 43.5708268], [18.8998953, 43.5708096], [18.8999625, 43.5708068], [18.9000179, 43.5708297], [18.9000732, 43.5708612], [18.9001444, 43.5708755], [18.900176, 43.5709213], [18.9001839, 43.5709729], [18.900172, 43.5710302], [18.9001483, 43.571182], [18.9001286, 43.5712335], [18.9001127, 43.5712851], [18.9000614, 43.5713194], [18.8999981, 43.5713423], [18.8999388, 43.5713681], [18.8998756, 43.5713853], [18.8998202, 43.5714111], [18.8997688, 43.5714426], [18.8997056, 43.5714798], [18.8996542, 43.5715228], [18.8996147, 43.5715714], [18.8996107, 43.5716201], [18.8995633, 43.5718664], [18.8995633, 43.572233], [18.8995672, 43.5722817], [18.899591, 43.5723333], [18.8996305, 43.5723819], [18.899674, 43.572422], [18.8997135, 43.5724621], [18.8997333, 43.572508], [18.8997491, 43.5725566], [18.8997491, 43.5726082], [18.899753, 43.5726597], [18.899753, 43.5727628], [18.8997412, 43.5728115], [18.8997016, 43.5728545], [18.89967, 43.5729003], [18.8996542, 43.5730063], [18.8996147, 43.5730521], [18.8995554, 43.5730836], [18.8995356, 43.5731323], [18.8995119, 43.5731781], [18.8994526, 43.5732096], [18.8994328, 43.5732612], [18.8994328, 43.5733098], [18.8994091, 43.5733585], [18.8993498, 43.5733929], [18.8993024, 43.5734273], [18.8992431, 43.5734616], [18.8991759, 43.573496], [18.8991127, 43.5735218], [18.8990455, 43.5735332], [18.8989703, 43.5735332], [18.898243, 43.5738454], [18.8979584, 43.573811], [18.8978754, 43.5738196], [18.8978082, 43.5738339], [18.897741, 43.5738597], [18.8976817, 43.5738855], [18.8976224, 43.5739141], [18.8975631, 43.5739456], [18.8975078, 43.5739714], [18.8974168, 43.5739828], [18.8973496, 43.5739943], [18.8972943, 43.5740229], [18.8971836, 43.5740974], [18.8971204, 43.5741174], [18.8970571, 43.5741461], [18.8970018, 43.574189], [18.8969306, 43.5742148], [18.8968516, 43.5742463], [18.896646, 43.5742463], [18.8965788, 43.5742578], [18.8965116, 43.5742807], [18.8964563, 43.5743122], [18.8963772, 43.5743351], [18.8962665, 43.5743466], [18.8961954, 43.5743494], [18.8961203, 43.5743466], [18.896061, 43.5743294], [18.8959938, 43.5743122], [18.8959305, 43.5742835], [18.8958713, 43.5742578], [18.8958159, 43.5742291], [18.8957645, 43.5741948], [18.8956855, 43.5741146], [18.8955945, 43.5740315], [18.8955432, 43.5739943], [18.8954918, 43.5739599], [18.8954443, 43.5739256], [18.895389, 43.5738912], [18.8953455, 43.573854], [18.8952941, 43.5738196], [18.8952309, 43.5738024], [18.8951597, 43.5738053], [18.8950886, 43.5738167], [18.8950174, 43.5738196], [18.8949542, 43.5738053], [18.8949384, 43.5737566], [18.8949265, 43.5737108], [18.8948751, 43.5736764], [18.894804, 43.5736678], [18.8947565, 43.5736335], [18.8947407, 43.5735848], [18.8946617, 43.5735762], [18.8945905, 43.5735676], [18.8945549, 43.5735246], [18.894551, 43.5734788], [18.894551, 43.5732841], [18.8945431, 43.5731896], [18.8945273, 43.5731409], [18.8944798, 43.5730492], [18.8944561, 43.5730005], [18.8944245, 43.5729576], [18.8943652, 43.5729232], [18.894298, 43.5728974], [18.8942426, 43.5728688], [18.8942071, 43.5728287], [18.8941834, 43.5727714], [18.8941794, 43.5727199], [18.8941794, 43.5726712], [18.8941675, 43.5726254], [18.8941043, 43.5726025], [18.8940331, 43.5726025], [18.8939738, 43.5726311], [18.8938987, 43.5726454], [18.8938118, 43.5726368], [18.8937446, 43.5726311], [18.8936853, 43.5726626], [18.8936062, 43.5726712], [18.8935469, 43.5727084], [18.893543, 43.5727628], [18.893543, 43.5728659], [18.8934995, 43.572906], [18.8934323, 43.5729375], [18.8933651, 43.5729433], [18.89329, 43.5729404], [18.8932307, 43.5729662], [18.8931754, 43.5730034], [18.89312, 43.573032], [18.8930923, 43.5730779], [18.8930765, 43.5731294], [18.8930251, 43.5731666], [18.89295, 43.573181], [18.8928828, 43.573201], [18.8928275, 43.5732268], [18.8927722, 43.5732612], [18.8927445, 43.5733098], [18.8927445, 43.5733614], [18.8927603, 43.5734158], [18.8927959, 43.5734588], [18.8928473, 43.5734874], [18.8928947, 43.5735218], [18.8929303, 43.5735619], [18.892954, 43.5736678], [18.8929619, 43.5737194], [18.8929777, 43.5737766], [18.8930014, 43.5738253], [18.8930528, 43.573854], [18.8931082, 43.5738797], [18.8931595, 43.5739141], [18.8931951, 43.5739571], [18.893203, 43.5740086], [18.8931912, 43.5740573], [18.8931279, 43.5741174], [18.892452, 43.5741089], [18.8920409, 43.5747389], [18.892033, 43.5748849], [18.8919925, 43.5749735], [18.8918946, 43.5750396], [18.8915507, 43.5751942], [18.8913017, 43.5755035], [18.8907183, 43.5756422], [18.8903293, 43.5758672], [18.8899181, 43.576062], [18.8897937, 43.5761348], [18.8896296, 43.5762424], [18.8894596, 43.5763226], [18.8889102, 43.5762223], [18.8884437, 43.5764228], [18.8881077, 43.5765545], [18.8877954, 43.5766376], [18.8878784, 43.5770442], [18.8883133, 43.577007], [18.8884635, 43.5772332], [18.8882382, 43.5773964], [18.8880563, 43.5773649], [18.8880484, 43.5781839], [18.8884832, 43.5779864], [18.8885583, 43.5779949], [18.8887125, 43.5781582], [18.8882579, 43.5782956], [18.8885742, 43.5793838], [18.8887876, 43.58154], [18.8887718, 43.583553], [18.8888157, 43.5856428], [18.885652, 43.5895834], [18.8856673, 43.5896717], [18.8856407, 43.5897479], [18.8856935, 43.5898955], [18.8854395, 43.5901181], [18.8851488, 43.5902414], [18.885035, 43.5903558], [18.8849596, 43.5904034], [18.8847461, 43.5913005], [18.8684695, 43.5865761], [18.864948, 43.5857051], [18.848359, 43.581543], [18.8335409, 43.5778249], [18.8195362, 43.5742748], [18.7998816, 43.5692921], [18.7996426, 43.5692315], [18.7950241, 43.5680606], [18.7775986, 43.57077], [18.773207, 43.5714528], [18.7685878, 43.5734368], [18.7469624, 43.5827244], [18.7416046, 43.5829039], [18.7174754, 43.5837125], [18.7161819, 43.5837558], [18.7018092, 43.5842375], [18.6929356, 43.5867084], [18.6921097, 43.5869384], [18.6691015, 43.5933446], [18.6649914, 43.5948028], [18.6534905, 43.5988829], [18.6269654, 43.6082921], [18.6002694, 43.6165581], [18.5966683, 43.6179077], [18.5960255, 43.6172565], [18.601603, 43.6130755], [18.6062315, 43.613307], [18.6055311, 43.6130283], [18.6047149, 43.6126235], [18.6038093, 43.6119678], [18.6028701, 43.6110895], [18.6027471, 43.6109883], [18.6026074, 43.6109276], [18.6021099, 43.6105957], [18.6022832, 43.6108062], [18.6013608, 43.6114012], [18.6006676, 43.6111016], [18.6004104, 43.610709], [18.6003489, 43.6107657], [18.5999744, 43.6107657], [18.5998793, 43.6107616], [18.5998123, 43.6107171], [18.5997396, 43.6106604], [18.5996445, 43.6106483], [18.5995551, 43.6106685], [18.5995216, 43.6107333], [18.5994768, 43.61079], [18.5993818, 43.6108143], [18.5992085, 43.6108507], [18.5991135, 43.6108669], [18.5990072, 43.6108669], [18.5989178, 43.6108588], [18.5988228, 43.6108507], [18.5987277, 43.6108345], [18.5986383, 43.6108345], [18.5985768, 43.6108831], [18.5984818, 43.6108952], [18.5984203, 43.6108466], [18.5983979, 43.6107778], [18.5983979, 43.610705], [18.5984147, 43.6106321], [18.598465, 43.6105714], [18.5985265, 43.6105147], [18.5985992, 43.6104621], [18.5986718, 43.6104135], [18.5986271, 43.6103245], [18.5986886, 43.6102678], [18.5987613, 43.6102071], [18.5988284, 43.61011], [18.5988563, 43.6100412], [18.5988787, 43.6099643], [18.5988731, 43.6098914], [18.5988675, 43.6098226], [18.5989178, 43.6097538], [18.5990296, 43.6096971], [18.5991302, 43.6096526], [18.59927, 43.6096243], [18.5993706, 43.6096], [18.5994712, 43.6095676], [18.5995383, 43.6094947], [18.5995886, 43.6094016], [18.5998244, 43.6091343], [18.5988124, 43.6082413], [18.5991919, 43.6074399], [18.5991761, 43.6072338], [18.5991287, 43.6070277], [18.5989864, 43.606856], [18.5988124, 43.6066613], [18.5985595, 43.6064552], [18.5983223, 43.6062721], [18.5980693, 43.6061003], [18.5978479, 43.6059973], [18.5974368, 43.6058942], [18.5971996, 43.605837], [18.5966779, 43.605837], [18.5961403, 43.6058599], [18.5958398, 43.6058713], [18.5955869, 43.6058828], [18.5953181, 43.6059286], [18.5950651, 43.6059858], [18.5947963, 43.6060431], [18.5945275, 43.6061118], [18.5941164, 43.6061347], [18.5937843, 43.606066], [18.5934839, 43.6059744], [18.593057, 43.6058828], [18.5927566, 43.6058141], [18.5922348, 43.605711], [18.591966, 43.6056881], [18.5914284, 43.6056881], [18.5911754, 43.605711], [18.5908592, 43.6057568], [18.5905904, 43.6057912], [18.5903216, 43.6058026], [18.5900528, 43.6057797], [18.5897681, 43.6057568], [18.5894519, 43.605711], [18.5891989, 43.6056538], [18.5889776, 43.6055736], [18.5887246, 43.6054935], [18.5884874, 43.6054248], [18.5882344, 43.6054019], [18.5879656, 43.6054248], [18.5877126, 43.6054935], [18.5874438, 43.6055164], [18.5871592, 43.605505], [18.5866374, 43.605505], [18.5863686, 43.6055393], [18.5861473, 43.605608], [18.5858785, 43.6057225], [18.5856571, 43.6058141], [18.5854357, 43.6059286], [18.5852144, 43.6060545], [18.5849614, 43.6061347], [18.5846926, 43.6061461], [18.584408, 43.6061461], [18.5841234, 43.6061347], [18.5838388, 43.6061118], [18.5826371, 43.606295], [18.5825264, 43.6061232], [18.5824631, 43.6059286], [18.5823999, 43.6057454], [18.5823525, 43.6055393], [18.5822102, 43.6053676], [18.5820837, 43.6052073], [18.581973, 43.6050355], [18.5818781, 43.6048523], [18.5817516, 43.6044402], [18.5816567, 43.604028], [18.5816093, 43.603799], [18.5813247, 43.6031005], [18.5812298, 43.6028944], [18.5810717, 43.6027341], [18.580882, 43.6025738], [18.5806606, 43.6024594], [18.5804392, 43.6023449], [18.5803127, 43.6021731], [18.5801704, 43.6019899], [18.5799807, 43.6018411], [18.5797752, 43.6017151], [18.579617, 43.6015433], [18.5794431, 43.6013716], [18.5792059, 43.6012685], [18.5789846, 43.6011655], [18.5787316, 43.600925], [18.5786209, 43.6007533], [18.5784628, 43.600593], [18.578273, 43.6004441], [18.5780517, 43.6003182], [18.5778145, 43.600238], [18.5775457, 43.6002037], [18.5772769, 43.6001693], [18.5770239, 43.6001464], [18.5767867, 43.6000892], [18.5765812, 43.5999518], [18.5763914, 43.5998144], [18.5762333, 43.5996426], [18.5761385, 43.5994136], [18.5760752, 43.5991044], [18.5760594, 43.5990071], [18.5760436, 43.598904], [18.5760041, 43.5987953], [18.5759645, 43.5986979], [18.5759171, 43.5986063], [18.5758618, 43.5985147], [18.5757985, 43.5984174], [18.5757195, 43.5983258], [18.575672, 43.5982342], [18.5756167, 43.5981483], [18.5755455, 43.5980567], [18.5754744, 43.5979651], [18.5754111, 43.5978735], [18.5753637, 43.5977819], [18.5753004, 43.5976559], [18.5752609, 43.5975529], [18.5752293, 43.5972437], [18.5752372, 43.5967627], [18.5750316, 43.596757], [18.5747534, 43.5941946], [18.5746996, 43.5936995], [18.5744387, 43.593001], [18.5741462, 43.5917871], [18.5741541, 43.5911286], [18.5737035, 43.5904014], [18.5733635, 43.589657], [18.573158, 43.5894508], [18.5727627, 43.5892161], [18.5730394, 43.5890844], [18.572984, 43.5885862], [18.5731263, 43.5874982], [18.5731342, 43.5866965], [18.5728496, 43.5855512], [18.573071, 43.5850071], [18.5731659, 43.5849613], [18.5730631, 43.5849098], [18.5729445, 43.584864], [18.5727943, 43.5848468], [18.572652, 43.5848468], [18.5725097, 43.5848239], [18.5723911, 43.5847723], [18.5722646, 43.584738], [18.5721302, 43.584738], [18.5720037, 43.5847094], [18.5719009, 43.5846521], [18.5717981, 43.5845776], [18.5710787, 43.5842283], [18.5702012, 43.5838733], [18.5694027, 43.5836442], [18.5692762, 43.5836098], [18.5691734, 43.5835468], [18.5692287, 43.5834495], [18.5693552, 43.5833979], [18.5694106, 43.583312], [18.5695134, 43.5832433], [18.5696319, 43.5831918], [18.5697268, 43.5830944], [18.5698691, 43.5830715], [18.5699956, 43.5830142], [18.57013, 43.5829627], [18.5702644, 43.5829341], [18.5704067, 43.5828997], [18.5705253, 43.5828253], [18.5706044, 43.5827394], [18.5706676, 43.5826477], [18.5707625, 43.5825561], [18.5708574, 43.5824816], [18.5709759, 43.5824301], [18.5711103, 43.58239], [18.5712447, 43.5823671], [18.571387, 43.5823671], [18.5715531, 43.5823442], [18.5716796, 43.5822812], [18.5717981, 43.5822239], [18.5719088, 43.5821495], [18.5720353, 43.5821094], [18.5721934, 43.5820979], [18.5723437, 43.5821094], [18.5724781, 43.5821438], [18.5726125, 43.5821781], [18.5727469, 43.5821781], [18.5728892, 43.5821724], [18.5730236, 43.5821438], [18.57315, 43.5820922], [18.5732686, 43.5820349], [18.5734109, 43.5819834], [18.5737114, 43.5819605], [18.5738458, 43.5819376], [18.5739802, 43.5819032], [18.5740671, 43.5818231], [18.5741778, 43.5817429], [18.5743201, 43.5817028], [18.5744782, 43.5816742], [18.574494, 43.5815768], [18.5746047, 43.5815138], [18.5747549, 43.5815195], [18.5748735, 43.5815768], [18.5749842, 43.5816283], [18.5751265, 43.5816455], [18.5754111, 43.5816455], [18.5755692, 43.5816398], [18.5757036, 43.5816341], [18.5758459, 43.5816455], [18.5759962, 43.5816742], [18.5761385, 43.5816799], [18.5762808, 43.5816799], [18.5763835, 43.5816112], [18.5765179, 43.5815882], [18.5766365, 43.5816455], [18.5767788, 43.5816512], [18.5769607, 43.5816226], [18.577016, 43.581531], [18.5770002, 43.5814336], [18.5770555, 43.5813305], [18.5771978, 43.5813019], [18.5773085, 43.5812389], [18.5773481, 43.5811473], [18.577356, 43.5810385], [18.5773797, 43.5808781], [18.5774508, 43.5807865], [18.5775931, 43.5807521], [18.5777275, 43.5807235], [18.577854, 43.5806719], [18.5779489, 43.5806032], [18.5780042, 43.5805058], [18.5780596, 43.5804142], [18.5781149, 43.5803283], [18.5782019, 43.5802424], [18.5783205, 43.5801679], [18.5784074, 43.5800878], [18.5784153, 43.5799904], [18.5783916, 43.5798873], [18.5784233, 43.5797613], [18.578526, 43.5796926], [18.5786525, 43.5796525], [18.5787869, 43.5796181], [18.5789371, 43.5795723], [18.5791032, 43.5795666], [18.5792455, 43.5795494], [18.579364, 43.5794807], [18.579451, 43.5794005], [18.5795775, 43.5793662], [18.5798147, 43.5793719], [18.5799491, 43.5793662], [18.5800519, 43.5793032], [18.5799649, 43.579223], [18.5799412, 43.5791256], [18.5798305, 43.5790798], [18.5797435, 43.578971], [18.5797435, 43.5788679], [18.5796328, 43.5787992], [18.5795143, 43.5787533], [18.5794115, 43.5787018], [18.5793008, 43.5786503], [18.5792059, 43.5785815], [18.5791585, 43.5784956], [18.5791822, 43.5783925], [18.5790557, 43.578278], [18.5788897, 43.5782493], [18.5788027, 43.5781692], [18.5786762, 43.5781291], [18.5785656, 43.578026], [18.5784549, 43.5779515], [18.5785023, 43.5777568], [18.5786921, 43.5776193], [18.5785181, 43.5774704], [18.5782493, 43.5774361], [18.5781228, 43.5772642], [18.578028, 43.5770695], [18.5778066, 43.5769664], [18.5776959, 43.5767946], [18.5778382, 43.5766342], [18.5778382, 43.5764395], [18.5777908, 43.5762448], [18.5779173, 43.57605], [18.5779173, 43.5758553], [18.5778066, 43.5756835], [18.5778698, 43.5754773], [18.5777908, 43.5752367], [18.5777275, 43.575042], [18.5777275, 43.5748243], [18.5776801, 43.5746296], [18.5775694, 43.5742859], [18.5774904, 43.5741027], [18.5773639, 43.5739194], [18.5772058, 43.573759], [18.5770951, 43.5735872], [18.5770002, 43.5734153], [18.5770002, 43.5732206], [18.5769686, 43.5730259], [18.5768421, 43.572854], [18.5766998, 43.5726936], [18.5765891, 43.5725218], [18.5765575, 43.5723042], [18.5767472, 43.5720178], [18.57651, 43.572075], [18.576257, 43.5720636], [18.5760515, 43.5719605], [18.5758143, 43.5719032], [18.5754348, 43.5718116], [18.5752293, 43.5716626], [18.5750712, 43.5715023], [18.5748814, 43.5713304], [18.5746917, 43.5711815], [18.5744861, 43.5710555], [18.5743122, 43.5708836], [18.5737588, 43.5705514], [18.5735849, 43.5703796], [18.5733793, 43.5702536], [18.573158, 43.570139], [18.572984, 43.5699901], [18.5728101, 43.5698411], [18.5726362, 43.5697037], [18.5724939, 43.5695089], [18.5723199, 43.5693714], [18.5720669, 43.5692454], [18.5718614, 43.5691423], [18.5716558, 43.5690163], [18.5714187, 43.5688559], [18.5712764, 43.5686955], [18.5712131, 43.5684893], [18.5711815, 43.5682831], [18.5642876, 43.565671], [18.5633073, 43.5656022], [18.5635603, 43.5651439], [18.5639081, 43.5648002], [18.5641295, 43.5644336], [18.5641927, 43.5640441], [18.5641927, 43.5632191], [18.5642876, 43.5628296], [18.5645406, 43.5624629], [18.5649201, 43.562188], [18.5652363, 43.5618442], [18.5652679, 43.5614547], [18.5652363, 43.5610651], [18.5650782, 43.5606755], [18.5648252, 43.5603089], [18.5644457, 43.5599881], [18.5640662, 43.559736], [18.5637184, 43.5593922], [18.5633705, 43.5590714], [18.5629278, 43.5587964], [18.5623586, 43.5586818], [18.5618842, 43.5584985], [18.5615047, 43.5582235], [18.561062, 43.5580631], [18.560556, 43.5578798], [18.5590065, 43.5572839], [18.5585638, 43.5570777], [18.558374, 43.5566881], [18.5585005, 43.5562985], [18.5586586, 43.5559089], [18.5587219, 43.5554964], [18.558627, 43.5550838], [18.5584373, 43.5547171], [18.5582475, 43.5543505], [18.5581526, 43.5539379], [18.5581526, 43.5535254], [18.5579313, 43.5530441], [18.5575202, 43.5527003], [18.5567928, 43.5523795], [18.5562236, 43.552242], [18.5557493, 43.5520357], [18.5554963, 43.5516919], [18.555433, 43.5513023], [18.5555634, 43.5509893], [18.5557423, 43.5507462], [18.5558541, 43.5504382], [18.5558541, 43.5501303], [18.555787, 43.5498386], [18.5556528, 43.5495793], [18.5554963, 43.5493362], [18.5550043, 43.5488824], [18.5548254, 43.5486555], [18.5546466, 43.5483962], [18.55449, 43.5481531], [18.5544229, 43.5478775], [18.5543559, 43.5472617], [18.5543782, 43.5469699], [18.5545124, 43.5467106], [18.5547136, 43.5464351], [18.5549373, 43.5461757], [18.5551832, 43.545965], [18.555357, 43.5456524], [18.5556772, 43.5453578], [18.5559097, 43.5450299], [18.5565473, 43.5446036], [18.5568156, 43.5443929], [18.5571063, 43.5442146], [18.5574193, 43.5439877], [18.5577771, 43.5437607], [18.5580902, 43.5435338], [18.5583361, 43.5433069], [18.5585821, 43.5430638], [18.5587163, 43.5427882], [18.5587163, 43.5424478], [18.5586939, 43.5420912], [18.5586387, 43.5417547], [18.5589064, 43.5413699], [18.559007, 43.5412403], [18.5590964, 43.5411106], [18.5591635, 43.540908], [18.5591747, 43.5406973], [18.5591747, 43.5404055], [18.5592194, 43.540138], [18.55932, 43.5400165], [18.559688, 43.5396558], [18.5597607, 43.539595], [18.5597551, 43.5395261], [18.5597216, 43.5394329], [18.5597495, 43.5393559], [18.5597943, 43.5392952], [18.559811, 43.5392182], [18.5597887, 43.539129], [18.5597439, 43.5390682], [18.5596824, 43.5390115], [18.5596265, 43.5391412], [18.5595595, 43.5391087], [18.5596098, 43.5389912], [18.5595147, 43.5390034], [18.5594421, 43.5389588], [18.559347, 43.5388575], [18.5592855, 43.5386022], [18.5592371, 43.5383023], [18.5591264, 43.538119], [18.559079, 43.5379241], [18.5589366, 43.5377522], [18.5586837, 43.5376834], [18.5584307, 43.5376948], [18.5581619, 43.5376948], [18.5578931, 43.5376719], [18.5576875, 43.5375573], [18.5574662, 43.5374656], [18.5571816, 43.5373854], [18.5561696, 43.5373854], [18.5559482, 43.5372937], [18.5558376, 43.5371103], [18.5557269, 43.5369383], [18.5555529, 43.5367664], [18.5553632, 43.5366174], [18.555126, 43.5365028], [18.554873, 43.536434], [18.5545252, 43.5362735], [18.5543354, 43.5361474], [18.5541457, 43.535987], [18.5540192, 43.5357806], [18.5539402, 43.5355972], [18.5538295, 43.5354024], [18.5537188, 43.5352304], [18.5534184, 43.5348751], [18.5532602, 43.5347031], [18.5531021, 43.5345197], [18.5529124, 43.5343707], [18.5527068, 43.5342217], [18.552612, 43.5340383], [18.5497026, 43.5291434], [18.5494654, 43.5287995], [18.5495129, 43.5285931], [18.5497026, 43.5284326], [18.5499714, 43.5283639], [18.5502086, 43.5282263], [18.5503351, 43.5280543], [18.5505564, 43.5279282], [18.5508252, 43.5278938], [18.5511099, 43.5278365], [18.5513628, 43.5277677], [18.5515526, 43.5276187], [18.5516949, 43.5274467], [18.5519321, 43.5273436], [18.5522009, 43.5272977], [18.5524222, 43.5271716], [18.5526594, 43.5270684], [18.552944, 43.5269996], [18.5532128, 43.5269423], [18.553782, 43.5269423], [18.5540666, 43.5269079], [18.5543354, 43.5268277], [18.5545568, 43.5267245], [18.554794, 43.5266328], [18.5550786, 43.5265869], [18.5553632, 43.5265869], [18.5556478, 43.5266098], [18.5559166, 43.5266328], [18.5561854, 43.5266442], [18.5564542, 43.5266442], [18.5567704, 43.5266557], [18.5570392, 43.5266557], [18.5573239, 43.5266672], [18.5575927, 43.5266672], [18.5578773, 43.5266786], [18.5584307, 43.5266786], [18.5586995, 43.5266557], [18.5589841, 43.5266098], [18.5592371, 43.5265067], [18.5594426, 43.5263691], [18.5595849, 43.5261971], [18.5597114, 43.5260137], [18.5599012, 43.5258303], [18.5589683, 43.5191117], [18.5548414, 43.5121286], [18.5513387, 43.5079671], [18.5502318, 43.5070346], [18.550243, 43.5066859], [18.5501871, 43.506475], [18.5503101, 43.5060128], [18.5502598, 43.5059682], [18.5501927, 43.5059195], [18.5501424, 43.5058628], [18.55012, 43.5057857], [18.5500921, 43.5057128], [18.5500082, 43.5056844], [18.5499411, 43.5056236], [18.5499579, 43.5055344], [18.5499747, 43.5054614], [18.5499747, 43.5053641], [18.5499579, 43.505283], [18.54993, 43.50521], [18.5498964, 43.5051329], [18.5498517, 43.5049789], [18.5490467, 43.5046139], [18.5488343, 43.504395], [18.5489125, 43.5037705], [18.548756, 43.5034218], [18.5467211, 43.4998048], [18.5465981, 43.4989938], [18.5470118, 43.4974691], [18.5471348, 43.4973474], [18.5472019, 43.4972095], [18.5472466, 43.4970554], [18.5473249, 43.4969338], [18.5474479, 43.4968202], [18.5476156, 43.496731], [18.5477945, 43.496658], [18.5480069, 43.4965931], [18.548197, 43.4965364], [18.5483535, 43.4964634], [18.5484653, 43.4963255], [18.5486218, 43.4962363], [18.5488007, 43.4961308], [18.5491473, 43.4960051], [18.5515969, 43.4918971], [18.551759, 43.4919296], [18.5519211, 43.4919093], [18.5520497, 43.4916943], [18.5520329, 43.4916011], [18.5519211, 43.4916457], [18.5516416, 43.4914145], [18.5515084, 43.4913099], [18.5513187, 43.4911837], [18.5510499, 43.4911263], [18.5507653, 43.4911263], [18.5505123, 43.4910575], [18.5503858, 43.4908854], [18.5503542, 43.4906904], [18.5501328, 43.4904839], [18.5500063, 43.4902889], [18.5498324, 43.4901283], [18.5496584, 43.4899792], [18.5494687, 43.4898186], [18.5491999, 43.4894401], [18.549026, 43.4892795], [18.5489153, 43.4891074], [18.5489153, 43.4889009], [18.5490102, 43.4887174], [18.5491367, 43.4885453], [18.5492631, 43.4883503], [18.5492631, 43.4881552], [18.5491999, 43.4879602], [18.549026, 43.4877881], [18.5489311, 43.4876046], [18.5488995, 43.4874096], [18.5488679, 43.4872031], [18.5487888, 43.4869966], [18.5486781, 43.4868245], [18.5485832, 43.486641], [18.5485042, 43.4864459], [18.5485042, 43.486033], [18.5484884, 43.4858379], [18.5484567, 43.4856314], [18.5484093, 43.4854135], [18.5483777, 43.485184], [18.5482038, 43.4845989], [18.5481563, 43.4844039], [18.5481247, 43.4842089], [18.5481089, 43.4840138], [18.5481089, 43.4838188], [18.5480931, 43.4836123], [18.5480298, 43.4834173], [18.547935, 43.4832452], [18.5478243, 43.4830501], [18.547761, 43.4828551], [18.547761, 43.4824306], [18.5477294, 43.4822356], [18.5476978, 43.4819373], [18.5476504, 43.4817422], [18.5475713, 43.4815357], [18.5474448, 43.4813292], [18.5473341, 43.4811571], [18.5472076, 43.480985], [18.5469388, 43.4805146], [18.5469704, 43.4803196], [18.5469388, 43.4801246], [18.5467649, 43.4799754], [18.5466858, 43.4797918], [18.5466858, 43.4795968], [18.5467649, 43.4794017], [18.5468756, 43.4792182], [18.5470337, 43.4790461], [18.547176, 43.478874], [18.5473025, 43.4787019], [18.5473816, 43.4785183], [18.5474132, 43.4783003], [18.5473974, 43.4780938], [18.5473183, 43.4778987], [18.5472392, 43.4777151], [18.5470969, 43.4775086], [18.5469546, 43.4773365], [18.5467965, 43.4771759], [18.5466384, 43.4770267], [18.5464803, 43.4768661], [18.546338, 43.476694], [18.5462589, 43.4764989], [18.5461482, 43.4762924], [18.5460059, 43.4761088], [18.545832, 43.4759137], [18.5456581, 43.4757416], [18.5454683, 43.4756154], [18.5452312, 43.4755351], [18.5449782, 43.4754777], [18.5447094, 43.4754204], [18.544488, 43.4753171], [18.5440769, 43.4750647], [18.543903, 43.4749155], [18.5436974, 43.4747434], [18.5433688, 43.4746351], [18.5432738, 43.4746148], [18.5431676, 43.4745985], [18.5430726, 43.4745945], [18.5429775, 43.4745945], [18.5426812, 43.4746067], [18.5425527, 43.4746148], [18.5421446, 43.4746148], [18.5420439, 43.4746026], [18.5419489, 43.4746026], [18.5418595, 43.4745945], [18.5416582, 43.4745701], [18.5415576, 43.4745499], [18.5414458, 43.4745336], [18.5413507, 43.4745134], [18.5412613, 43.4744971], [18.5411607, 43.4744809], [18.5410768, 43.4744606], [18.5409818, 43.4744403], [18.5408756, 43.47442], [18.5407749, 43.4743998], [18.5406799, 43.4743876], [18.5405849, 43.4743795], [18.5402047, 43.4743633], [18.5401209, 43.474343], [18.5400594, 43.4742862], [18.5399979, 43.4742253], [18.5399364, 43.4741523], [18.5398805, 43.4740712], [18.5398078, 43.4739819], [18.5396793, 43.4738034], [18.5391929, 43.4735073], [18.5391538, 43.473414], [18.5386283, 43.4732436], [18.5385947, 43.4733247], [18.5382481, 43.4731624], [18.537745, 43.4730448], [18.537309, 43.4729515], [18.5369456, 43.473203], [18.5363586, 43.4731787], [18.5360959, 43.4731056], [18.5359058, 43.4731219], [18.5358108, 43.4730975], [18.5357157, 43.4730813], [18.5356319, 43.473061], [18.5355201, 43.4730367], [18.5354306, 43.4730245], [18.5353412, 43.4730407], [18.5352517, 43.473061], [18.5351623, 43.4730854], [18.5350785, 43.4731056], [18.5349834, 43.4731178], [18.534894, 43.4731138], [18.5348269, 43.4730651], [18.5348548, 43.4730002], [18.5349219, 43.4729515], [18.5350058, 43.472919], [18.5353244, 43.4728054], [18.5358108, 43.4726553], [18.535794, 43.4723835], [18.5359729, 43.4721847], [18.5358611, 43.4721807], [18.5357661, 43.4721685], [18.5356766, 43.4721442], [18.5355816, 43.4720995], [18.5354527, 43.4720188], [18.5351839, 43.4718697], [18.5347886, 43.4719557], [18.5346858, 43.4718983], [18.5345831, 43.4718295], [18.5344724, 43.4717721], [18.5343696, 43.4717033], [18.5342589, 43.4716402], [18.5341403, 43.4715885], [18.5340296, 43.4715426], [18.5338873, 43.471491], [18.5337529, 43.4714566], [18.5336264, 43.4714279], [18.5335, 43.4713992], [18.5331047, 43.471382], [18.532994, 43.4713189], [18.5328833, 43.47125], [18.5324643, 43.4711066], [18.5321006, 43.4711467], [18.5323457, 43.4709861], [18.5326857, 43.470573], [18.532741, 43.4704869], [18.5327805, 43.4703951], [18.5327963, 43.4702919], [18.5328042, 43.4701828], [18.5328201, 43.4700853], [18.5328596, 43.4699935], [18.5329149, 43.4699017], [18.5330019, 43.4698271], [18.5331047, 43.469764], [18.5332391, 43.4697296], [18.5333814, 43.4696951], [18.5335395, 43.469632], [18.5336106, 43.469546], [18.5336818, 43.4694656], [18.5337767, 43.4693738], [18.5338952, 43.469282], [18.5339901, 43.4692075], [18.5340692, 43.4691271], [18.5342431, 43.4690009], [18.5343696, 43.468932], [18.5346068, 43.4688345], [18.5347333, 43.4687829], [18.5348519, 43.4687255], [18.5349625, 43.4686681], [18.5350653, 43.4685935], [18.5351444, 43.4685075], [18.5352155, 43.4684214], [18.5353025, 43.4683468], [18.5353974, 43.4682607], [18.5354922, 43.4681804], [18.5355792, 43.4680943], [18.5356662, 43.468014], [18.5357373, 43.4679279], [18.5358164, 43.4678419], [18.5358875, 43.4677616], [18.5359666, 43.4676812], [18.5360614, 43.4675952], [18.5361563, 43.4675034], [18.5362591, 43.4674288], [18.5363777, 43.4673714], [18.5364963, 43.4673312], [18.5366307, 43.4672911], [18.536773, 43.4672738], [18.5369074, 43.4672452], [18.537026, 43.4671878], [18.5374924, 43.4670099], [18.5376821, 43.4664189], [18.5377059, 43.4660287], [18.5376663, 43.4657763], [18.5377454, 43.4653287], [18.5387178, 43.4646114], [18.5395163, 43.4640893], [18.5395637, 43.463877], [18.5397219, 43.4634696], [18.5400144, 43.4630449], [18.5404966, 43.4627006], [18.541137, 43.4623965], [18.5421252, 43.4618571], [18.5422596, 43.4618227], [18.5423861, 43.4617882], [18.5425205, 43.4617596], [18.5426312, 43.4616907], [18.5427419, 43.461639], [18.5428605, 43.4615874], [18.5429791, 43.4615415], [18.5431056, 43.4615013], [18.5432321, 43.4614612], [18.5433744, 43.4614153], [18.5435167, 43.4613751], [18.5436432, 43.4613349], [18.5437697, 43.461289], [18.5438882, 43.4612431], [18.5440068, 43.4611915], [18.5441491, 43.4611513], [18.5442835, 43.4611283], [18.54441, 43.4610939], [18.5445444, 43.4610767], [18.5446946, 43.4610537], [18.5450109, 43.4610308], [18.5451453, 43.4610136], [18.5452876, 43.4609849], [18.545422, 43.4609562], [18.5459675, 43.4608185], [18.5461256, 43.4607955], [18.5462521, 43.4607611], [18.5464893, 43.4606693], [18.5466237, 43.4606348], [18.546766, 43.4606176], [18.5469241, 43.4605947], [18.5470664, 43.4605774], [18.5472166, 43.4605545], [18.547351, 43.4605258], [18.5474854, 43.4604799], [18.5476198, 43.4604397], [18.5477305, 43.4603823], [18.5478333, 43.460302], [18.5479044, 43.4602159], [18.5481653, 43.4598716], [18.5484025, 43.4594068], [18.5482523, 43.4590453], [18.5486238, 43.4586837], [18.5488373, 43.4581902], [18.548782, 43.4575303], [18.5487899, 43.4574327], [18.5488373, 43.4573409], [18.5489085, 43.4572605], [18.5489796, 43.4571802], [18.5490745, 43.4570998], [18.5491773, 43.4570367], [18.54928, 43.4569564], [18.5498018, 43.4565088], [18.5502604, 43.4559004], [18.5508138, 43.4549248], [18.5520392, 43.454282], [18.5528219, 43.4537942], [18.5529404, 43.4537368], [18.553059, 43.4536852], [18.5532013, 43.4536507], [18.5533515, 43.4536335], [18.5534859, 43.4536221], [18.5537547, 43.4536221], [18.553897, 43.4536106], [18.5540235, 43.4535704], [18.5541658, 43.4535187], [18.5543082, 43.4534786], [18.5544505, 43.4534384], [18.5545849, 43.453404], [18.5547114, 43.4533695], [18.555162, 43.4532203], [18.5552727, 43.4531629], [18.5553596, 43.4530826], [18.5554071, 43.4529907], [18.5554703, 43.4529047], [18.5555415, 43.4528071], [18.5556205, 43.4527095], [18.5557154, 43.4526234], [18.5558024, 43.4525374], [18.5558498, 43.4524455], [18.5559368, 43.4523652], [18.5560474, 43.4522906], [18.5561344, 43.4522045], [18.5561818, 43.4521126], [18.5562372, 43.4520151], [18.5562846, 43.451906], [18.5563004, 43.4518027], [18.5563004, 43.4516994], [18.5564862, 43.4513321], [18.5565218, 43.4512919], [18.5565574, 43.4512431], [18.5566601, 43.4511111], [18.5566957, 43.4510652], [18.5567313, 43.4510164], [18.5567471, 43.4509648], [18.5567699, 43.4508791], [18.5570093, 43.450477], [18.5574565, 43.4495842], [18.5576578, 43.4488658], [18.5576746, 43.4487197], [18.5562434, 43.4486304], [18.5537166, 43.4495395], [18.5538676, 43.4493123], [18.5532918, 43.44417], [18.5537334, 43.4394373], [18.5498551, 43.4389289], [18.5415969, 43.4379557], [18.5426367, 43.4286228], [18.5426591, 43.4245588], [18.5425417, 43.4246237], [18.5424634, 43.4245953], [18.542374, 43.4245831], [18.5422118, 43.4245263], [18.5421671, 43.4244695], [18.5420888, 43.4244207], [18.54191, 43.4243598], [18.5418093, 43.4243314], [18.5416696, 43.4242664], [18.5415801, 43.424238], [18.5414124, 43.4241731], [18.5413286, 43.4241365], [18.5411497, 43.4240675], [18.5410546, 43.4240431], [18.5409484, 43.4240269], [18.5402049, 43.424035], [18.5400316, 43.4240756], [18.5399366, 43.4241081], [18.5398527, 43.4241406], [18.5393832, 43.4243395], [18.539098, 43.4239335], [18.5390645, 43.4236777], [18.5392993, 43.4236128], [18.5399478, 43.4236858], [18.5404677, 43.4236412], [18.5426814, 43.4239457], [18.5426591, 43.4236696], [18.5427261, 43.4235762], [18.5424913, 43.4236209], [18.5418317, 43.4235843], [18.5417087, 43.4235437], [18.5409987, 43.4235031], [18.5407751, 43.4234504], [18.5393161, 43.4234504], [18.5388856, 43.4233367], [18.5387738, 43.4233001], [18.5380359, 43.4232636], [18.5379912, 43.4233204], [18.5379856, 43.4233895], [18.5379353, 43.4234422], [18.5378402, 43.4234341], [18.5377564, 43.4233976], [18.5375887, 43.4233164], [18.5375272, 43.4232595], [18.5374321, 43.4231377], [18.5373762, 43.4229307], [18.5372197, 43.4228576], [18.5371303, 43.4228332], [18.536957, 43.4227723], [18.5368787, 43.4227317], [18.5368172, 43.4226789], [18.5367445, 43.4226302], [18.5366495, 43.4225855], [18.5365489, 43.422549], [18.5361017, 43.42248], [18.5360178, 43.4224597], [18.5357606, 43.4224759], [18.5380638, 43.4211766], [18.5390477, 43.4184399], [18.5391875, 43.418517], [18.5393608, 43.4185698], [18.5394391, 43.4186145], [18.5396124, 43.4186754], [18.540026, 43.4187079], [18.5401658, 43.4187201], [18.5405627, 43.4187201], [18.5407416, 43.4186388], [18.5411497, 43.4186795], [18.5412224, 43.4187241], [18.5419938, 43.4187525], [18.5420665, 43.4187038], [18.542564, 43.4187119], [18.5426646, 43.4187322], [18.5431678, 43.4187201], [18.5432516, 43.4186713], [18.5436485, 43.4186592], [18.5437324, 43.4186185], [18.5440175, 43.4185292], [18.5441573, 43.4185252], [18.5443473, 43.4184602], [18.544543, 43.4183871], [18.5446324, 43.4183587], [18.544733, 43.4183262], [18.545348, 43.4182531], [18.545443, 43.4182369], [18.5455436, 43.4182044], [18.5456275, 43.4181597], [18.5457058, 43.4181069], [18.5457673, 43.4180501], [18.5458455, 43.4180054], [18.5459294, 43.4179648], [18.5463375, 43.4178876], [18.5464381, 43.4178552], [18.5465275, 43.4178186], [18.5466617, 43.4177171], [18.5467064, 43.4176521], [18.5468629, 43.4174654], [18.5469244, 43.4174085], [18.5470921, 43.4173354], [18.5473605, 43.4171202], [18.5474786, 43.4171011], [18.55055, 43.4128629], [18.5528783, 43.4112721], [18.5574676, 43.4116942], [18.5575664, 43.4118091], [18.5577008, 43.4118464], [18.5579736, 43.4118349], [18.558187, 43.4117804], [18.5597761, 43.4118091], [18.5599105, 43.4118263], [18.5601714, 43.4118895], [18.5603058, 43.4119182], [18.5605746, 43.4119699], [18.5607169, 43.4120158], [18.5608434, 43.4120618], [18.560962, 43.4121135], [18.5610648, 43.4121824], [18.5611438, 43.412257], [18.5611992, 43.4123489], [18.5612703, 43.4124408], [18.5613573, 43.4125155], [18.5617209, 43.412771], [18.5617684, 43.4128084], [18.5618751, 43.4128773], [18.5619305, 43.412906], [18.5619858, 43.4129347], [18.5622269, 43.4130094], [18.5625945, 43.4132276], [18.5627171, 43.413285], [18.5628673, 43.413308], [18.5645552, 43.4132965], [18.5654337, 43.4125562], [18.5643291, 43.4111895], [18.5614221, 43.4103286], [18.5599799, 43.4091387], [18.5600972, 43.4074817], [18.5572742, 43.4078838], [18.5568828, 43.4070553], [18.5553902, 43.4066492], [18.5545629, 43.4056054], [18.5548312, 43.4049231], [18.5539871, 43.4033188], [18.5531765, 43.4045535], [18.5529081, 43.406373], [18.5523547, 43.4075183], [18.5516783, 43.4070269], [18.5521758, 43.4061334], [18.5524162, 43.4035706], [18.5507559, 43.4023156], [18.5504931, 43.4008046], [18.5505211, 43.4007397], [18.5501969, 43.4004919], [18.550113, 43.4004635], [18.550018, 43.4004228], [18.5498614, 43.4003538], [18.5497776, 43.4003172], [18.5495987, 43.4002563], [18.5495148, 43.4002401], [18.5493471, 43.4001629], [18.5492633, 43.4001263], [18.5488943, 43.4000776], [18.5488105, 43.4000329], [18.548721, 43.3999964], [18.5486316, 43.3999476], [18.5485533, 43.3998908], [18.5485086, 43.3996877], [18.5484695, 43.3996267], [18.5485813, 43.3995171], [18.5491794, 43.3995089], [18.5493583, 43.3994724], [18.5495484, 43.3994521], [18.5496211, 43.3994074], [18.5499285, 43.3994074], [18.550113, 43.3994236], [18.5503646, 43.3993221], [18.550454, 43.3993505], [18.5505714, 43.3993505], [18.550672, 43.3992327], [18.5507335, 43.3991637], [18.5508342, 43.3991312], [18.5509907, 43.3990865], [18.5512311, 43.3988753], [18.551354, 43.3987372], [18.5514155, 43.3986803], [18.5514938, 43.3986235], [18.5515832, 43.3985829], [18.551751, 43.3985097], [18.5518236, 43.3984529], [18.5518963, 43.3983107], [18.5519354, 43.3981401], [18.5519913, 43.3980711], [18.5527125, 43.3975024], [18.5527572, 43.3974008], [18.5529473, 43.3972912], [18.553238, 43.3972221], [18.5533162, 43.3971693], [18.5533889, 43.3971124], [18.5534784, 43.3970718], [18.5535454, 43.3970231], [18.5535958, 43.3969622], [18.5536517, 43.3969012], [18.5538417, 43.3968606], [18.5539368, 43.39682], [18.5539256, 43.3966616], [18.5538697, 43.3966088], [18.5538138, 43.396556], [18.5537746, 43.396491], [18.5537802, 43.3963529], [18.5538697, 43.3963204], [18.5539032, 43.3962554], [18.5540038, 43.3962066], [18.5542107, 43.396032], [18.554261, 43.395971], [18.5543337, 43.3959182], [18.5545237, 43.3958451], [18.5545517, 43.395776], [18.5547753, 43.3956014], [18.5548703, 43.3955608], [18.5551275, 43.3953739], [18.5551778, 43.395313], [18.5553735, 43.3951586], [18.5554573, 43.3951261], [18.5555579, 43.3950043], [18.5555915, 43.3949393], [18.5556362, 43.3948702], [18.5557704, 43.3947524], [18.5558151, 43.3946833], [18.555871, 43.3945493], [18.5559381, 43.3944031], [18.5561617, 43.3942568], [18.5562623, 43.3942203], [18.5563741, 43.3941025], [18.5563518, 43.3940334], [18.5563182, 43.3939684], [18.5562176, 43.3938912], [18.5561896, 43.3938222], [18.5561952, 43.3937491], [18.5562288, 43.39368], [18.5562959, 43.3936191], [18.5563741, 43.3935663], [18.5564524, 43.3935216], [18.5565362, 43.3934769], [18.556648, 43.393355], [18.5566089, 43.3930747], [18.5565474, 43.3930179], [18.5564915, 43.3927457], [18.5563853, 43.3926198], [18.55643, 43.3924898], [18.5565195, 43.3924573], [18.5568158, 43.3922704], [18.5567654, 43.3921323], [18.555843, 43.3920835], [18.555748, 43.3920592], [18.5556865, 43.3920064], [18.5556586, 43.3918682], [18.5557256, 43.3918195], [18.5558039, 43.3917748], [18.5559045, 43.391722], [18.5559772, 43.3916692], [18.5559716, 43.3911492], [18.5558989, 43.3910436], [18.5555523, 43.3907389], [18.5554517, 43.390617], [18.555407, 43.3905561], [18.5553343, 43.390418], [18.5552952, 43.3903327], [18.5552113, 43.3901052], [18.5551387, 43.3899508], [18.5550716, 43.3898371], [18.5550213, 43.3897639], [18.5548368, 43.3894105], [18.5547865, 43.3893536], [18.5546914, 43.3890002], [18.554602, 43.3888864], [18.5545237, 43.3888458], [18.5545517, 43.3885939], [18.5546244, 43.3885452], [18.5547026, 43.3885005], [18.5547921, 43.3884558], [18.5548871, 43.3884192], [18.5549206, 43.3882771], [18.5553008, 43.3882242], [18.5553958, 43.3881877], [18.5554741, 43.3881389], [18.5555356, 43.3880861], [18.5555859, 43.3880171], [18.5556865, 43.387818], [18.5557256, 43.3877164], [18.5558766, 43.3873792], [18.5559437, 43.3873142], [18.5560275, 43.3872614], [18.5561002, 43.3872127], [18.5561673, 43.3871598], [18.5562232, 43.387103], [18.5562959, 43.3870461], [18.5569052, 43.3866155], [18.5570897, 43.3865464], [18.5572015, 43.3865058], [18.5573077, 43.3864733], [18.5574027, 43.3864448], [18.5575704, 43.3863798], [18.5576599, 43.3863433], [18.5577437, 43.3862945], [18.5578164, 43.3862417], [18.5578891, 43.3861808], [18.5579506, 43.3861279], [18.5581295, 43.3859411], [18.5582133, 43.3858151], [18.5582469, 43.385746], [18.5583419, 43.3855063], [18.5583922, 43.3853641], [18.5586102, 43.3849863], [18.5583643, 43.3851001], [18.5572965, 43.3850757], [18.5570394, 43.3850432], [18.5567431, 43.3849904], [18.5566648, 43.3849619], [18.556307, 43.3849822], [18.55624, 43.3850269], [18.5561617, 43.3850716], [18.5560834, 43.3851163], [18.5560163, 43.385161], [18.5559493, 43.3852057], [18.5558822, 43.3852504], [18.5558207, 43.3853032], [18.5557536, 43.385352], [18.5555412, 43.3853804], [18.5554294, 43.3853398], [18.5551275, 43.3852666], [18.5547473, 43.3850594], [18.5531206, 43.3850351], [18.5528411, 43.3852585], [18.552869, 43.3855835], [18.5529585, 43.3857176], [18.5529137, 43.3859736], [18.552651, 43.3859126], [18.5525783, 43.385872], [18.5525056, 43.3858314], [18.5524218, 43.3857826], [18.5523491, 43.385742], [18.5519522, 43.3855185], [18.5515777, 43.385482], [18.5515218, 43.3860873], [18.5514882, 43.3861523], [18.5514044, 43.3862661], [18.5513429, 43.3863189], [18.5512758, 43.3863676], [18.5512087, 43.3864123], [18.551164, 43.3864692], [18.5511193, 43.3865301], [18.5510689, 43.386587], [18.5510075, 43.3866317], [18.5509348, 43.3866642], [18.5507447, 43.3866398], [18.5506385, 43.3862173], [18.5506329, 43.3861442], [18.5505211, 43.3858192], [18.5503869, 43.3857704], [18.5501354, 43.3857501], [18.5500571, 43.3857135], [18.5499956, 43.3856607], [18.549895, 43.3855226], [18.5498503, 43.3854576], [18.5497832, 43.3854048], [18.5497105, 43.3853641], [18.5496322, 43.3853316], [18.5494701, 43.3852707], [18.5493807, 43.3852341], [18.5493024, 43.3851894], [18.5492577, 43.3851285], [18.549185, 43.3849904], [18.5491347, 43.3849335], [18.5489614, 43.3847669], [18.5488831, 43.384645], [18.5483632, 43.3842753], [18.5481732, 43.3842794], [18.5481173, 43.3844744], [18.5478993, 43.3844581], [18.5479384, 43.3841859], [18.5479887, 43.3841291], [18.5481061, 43.3839219], [18.5481229, 43.3838528], [18.5482179, 43.3835318], [18.5482459, 43.3834384], [18.5483465, 43.3832434], [18.5484192, 43.3831865], [18.5484806, 43.3831296], [18.5488217, 43.3831377], [18.5488831, 43.3831987], [18.5489614, 43.3832434], [18.5491627, 43.3832637], [18.5492409, 43.3829833], [18.5493192, 43.3829346], [18.5496099, 43.3828858], [18.5496602, 43.3828249], [18.5496602, 43.3826786], [18.5495987, 43.3826258], [18.5495987, 43.3823983], [18.5497944, 43.3823251], [18.5498559, 43.3822601], [18.5498894, 43.3821951], [18.5500012, 43.3817238], [18.5502024, 43.3815044], [18.5502528, 43.3814435], [18.5503031, 43.3813703], [18.5503534, 43.3808056], [18.5504764, 43.3806918], [18.5508174, 43.3807406], [18.5508789, 43.3808625], [18.5509124, 43.3809234], [18.5509683, 43.3809803], [18.5510466, 43.381025], [18.5511248, 43.3810575], [18.5518851, 43.3810372], [18.5519522, 43.3809762], [18.5520081, 43.3809193], [18.5520417, 43.3808543], [18.5520472, 43.3801189], [18.5520249, 43.3800458], [18.5519131, 43.3798467], [18.5516895, 43.3796598], [18.551505, 43.3796517], [18.5514155, 43.3793185], [18.5513429, 43.3792738], [18.5506161, 43.3792047], [18.5505211, 43.3791844], [18.5502472, 43.3791885], [18.5501577, 43.3792088], [18.5491738, 43.3792575], [18.5490061, 43.37929], [18.5489167, 43.37929], [18.5488217, 43.3792819], [18.5486372, 43.3793185], [18.5485589, 43.3793632], [18.548503, 43.379416], [18.5484247, 43.3794932], [18.5480781, 43.3784124], [18.5477399, 43.3775764], [18.546807, 43.376657], [18.5448306, 43.3703931], [18.5446408, 43.3700828], [18.5398499, 43.3652206], [18.5355545, 43.3608774], [18.5321363, 43.3580601], [18.5320608, 43.3580012], [18.5319853, 43.3579544], [18.5319462, 43.3579301], [18.5318984, 43.3578949], [18.5318288, 43.3578711], [18.5317897, 43.3578549], [18.5316164, 43.3578], [18.5316387, 43.3577309], [18.5316723, 43.3576923], [18.5317757, 43.3576435], [18.5319742, 43.3575866], [18.5320217, 43.3575724], [18.5321922, 43.3575012], [18.5322816, 43.3574139], [18.5323096, 43.3573122], [18.5322984, 43.3571679], [18.5322369, 43.3566903], [18.5321866, 43.3565501], [18.5321475, 43.3564851], [18.5320636, 43.3553795], [18.531977, 43.3553023], [18.5319238, 43.3551376], [18.5318931, 43.3551112], [18.5318009, 43.3548348], [18.5317198, 43.3547494], [18.5316918, 43.3546011], [18.5315661, 43.3545604], [18.5314878, 43.3544791], [18.5314207, 43.3543877], [18.5313844, 43.3543674], [18.5313452, 43.3543491], [18.5311775, 43.3543043], [18.5309763, 43.3542332], [18.5309036, 43.3541499], [18.5307247, 43.3540015], [18.5304899, 43.3538816], [18.5301881, 43.3537231], [18.5301545, 43.3536987], [18.5301294, 43.3536316], [18.5300259, 43.3534772], [18.5299449, 43.3533552], [18.5298946, 43.353341], [18.5298079, 43.3533511], [18.5297688, 43.3533654], [18.5297185, 43.3533633], [18.5296402, 43.3533247], [18.5295619, 43.353278], [18.5295228, 43.3532576], [18.529302, 43.3531682], [18.5292685, 43.3531459], [18.5285026, 43.3530869], [18.5285082, 43.3525646], [18.5284858, 43.3525361], [18.5283782, 43.3522826], [18.5283705, 43.3522572]]], [[[18.6285169, 43.6805984], [18.6330445, 43.6791022], [18.6370807, 43.6782582], [18.6488115, 43.6800468], [18.6515179, 43.6813693], [18.6528234, 43.68192], [18.6544078, 43.6821514], [18.6540649, 43.6825757], [18.6534622, 43.6828127], [18.6534568, 43.6829948], [18.6527349, 43.6833627], [18.6523886, 43.6834494], [18.6514057, 43.6835014], [18.6504467, 43.6835901], [18.6496448, 43.683748], [18.6488856, 43.6837866], [18.6475164, 43.6836922], [18.6470921, 43.6836916], [18.6466533, 43.6837134], [18.6450354, 43.6834391], [18.6450854, 43.6835072], [18.6450345, 43.6835773], [18.645059, 43.6836509], [18.6451372, 43.6837169], [18.6451767, 43.6837803], [18.6451579, 43.6838184], [18.6449469, 43.6838307], [18.6449092, 43.6837251], [18.6448998, 43.6836168], [18.6447783, 43.6835841], [18.6447407, 43.6835474], [18.6447374, 43.6835004], [18.6449248, 43.6834329], [18.6450138, 43.6833594], [18.6452084, 43.6829245], [18.6449655, 43.6827979], [18.6448859, 43.68282], [18.6447211, 43.6827761], [18.6445299, 43.6827798], [18.6444169, 43.6828568], [18.6443128, 43.6829586], [18.6442436, 43.6830451], [18.6441767, 43.6830267], [18.6441579, 43.6829406], [18.6441343, 43.6828619], [18.6440952, 43.6828139], [18.6440298, 43.6827914], [18.6439135, 43.6827798], [18.6438249, 43.6827808], [18.6437336, 43.6827859], [18.64354, 43.6828908], [18.6432198, 43.682993], [18.6431435, 43.6829787], [18.6429942, 43.6828997], [18.6427225, 43.6827202], [18.6424415, 43.6825322], [18.6422194, 43.6824847], [18.6421392, 43.6825088], [18.6421002, 43.6825834], [18.6421315, 43.6826827], [18.6421363, 43.6827678], [18.642116, 43.68284], [18.641906, 43.68298], [18.6418594, 43.6830665], [18.6418523, 43.6832517], [18.6417899, 43.6835225], [18.6417286, 43.6836383], [18.6416175, 43.6837792], [18.6413389, 43.6838046], [18.6412663, 43.6837666], [18.6411862, 43.6837282], [18.640984, 43.6837056], [18.6407439, 43.6837052], [18.6405002, 43.6837067], [18.6400037, 43.6836478], [18.6384375, 43.6830871], [18.6308372, 43.6839947], [18.6304332, 43.683398], [18.6301129, 43.6829362], [18.6298973, 43.6826181], [18.6297409, 43.6823859], [18.6294518, 43.6819649], [18.6290666, 43.6814023], [18.6288641, 43.6811047], [18.6286607, 43.680803], [18.6285169, 43.6805984]]], [[[18.6657767, 43.6804479], [18.6663362, 43.6803908], [18.6670135, 43.6801491], [18.666166, 43.680609], [18.6657767, 43.6804479]]], [[[18.6742012, 43.6780259], [18.6759556, 43.6773274], [18.6788797, 43.6771834], [18.6820155, 43.6756208], [18.6834623, 43.6744074], [18.6849852, 43.6747182], [18.6864499, 43.6742116], [18.6864292, 43.6742619], [18.6864177, 43.6743092], [18.6863343, 43.6744609], [18.6862933, 43.6745487], [18.686265, 43.6745989], [18.6862388, 43.6746375], [18.686204, 43.67468], [18.6861517, 43.6747373], [18.6859005, 43.6748899], [18.6857646, 43.6749959], [18.6856368, 43.6750903], [18.6855568, 43.6752059], [18.6854902, 43.6753908], [18.6854077, 43.6755642], [18.6852851, 43.6756741], [18.6851866, 43.6757588], [18.6850321, 43.6759631], [18.6848909, 43.6761634], [18.6847284, 43.67636], [18.6844913, 43.6765218], [18.6841583, 43.6767202], [18.6839985, 43.6768628], [18.6839505, 43.6769861], [18.6839159, 43.6771229], [18.6839239, 43.6772924], [18.6839159, 43.6774042], [18.683836, 43.6775179], [18.6837427, 43.6775968], [18.6835882, 43.6776508], [18.6832313, 43.6777047], [18.6783005, 43.678013], [18.6760975, 43.6781536], [18.6759243, 43.6781228], [18.6758231, 43.6781421], [18.6756846, 43.6780978], [18.6755381, 43.6781074], [18.6751278, 43.6780091], [18.674952, 43.6780361], [18.6747709, 43.6780091], [18.6743846, 43.6780477], [18.6742012, 43.6780259]]]]}}]}