{"type": "FeatureCollection", "features": [{"type": "Feature", "properties": {"name": "Општина Језеро / Opština Jezero, Република Српска / Republika Srpska, 70206, Bosna i Hercegovina / Босна и Херцеговина", "source": "OpenStreetMap relation 2528212", "licence": "ODbL 1.0"}, "geometry": {"type": "Polygon", "coordinates": [[[17.106518, 44.3313682], [17.1065613, 44.3313773], [17.1065996, 44.3313937], [17.1066378, 44.3314138], [17.1066684, 44.3314393], [17.1067015, 44.3314593], [17.1067423, 44.3314739], [17.106783, 44.331483], [17.1068289, 44.3314921], [17.1068671, 44.3315104], [17.1068977, 44.3315322], [17.1069258, 44.3315651], [17.1069411, 44.3315942], [17.1069538, 44.3316234], [17.106964, 44.331658], [17.1069691, 44.3316927], [17.1069691, 44.3317237], [17.1069742, 44.3317546], [17.1069895, 44.3317856], [17.1070099, 44.331813], [17.1070328, 44.3318403], [17.1070583, 44.3318677], [17.1070787, 44.331895], [17.1071067, 44.331926], [17.1071271, 44.3319533], [17.1071475, 44.331988], [17.1071602, 44.332019], [17.1071704, 44.33205], [17.1071857, 44.3320828], [17.1071959, 44.3321156], [17.1072086, 44.3321466], [17.1072163, 44.3321794], [17.1072265, 44.3322086], [17.1072367, 44.3322396], [17.1072443, 44.3322705], [17.1072571, 44.3323034], [17.1072673, 44.3323325], [17.1072826, 44.3323672], [17.1072876, 44.3323963], [17.1072851, 44.3324255], [17.1072927, 44.3324784], [17.10728, 44.3325075], [17.1072647, 44.3325349], [17.1072367, 44.3325586], [17.1072137, 44.3325841], [17.1071959, 44.3326133], [17.1071959, 44.3326424], [17.1072086, 44.3326716], [17.1072341, 44.3326953], [17.1072876, 44.3327463], [17.1073157, 44.3327718], [17.1073361, 44.3327992], [17.107331, 44.332832], [17.1073361, 44.3328612], [17.1073514, 44.332894], [17.107387, 44.3329104], [17.1074304, 44.3329159], [17.1074762, 44.3329195], [17.1075119, 44.3329377], [17.1075323, 44.3329633], [17.1075527, 44.3329942], [17.1075705, 44.3330252], [17.1076037, 44.3330817], [17.1076266, 44.3331091], [17.1076623, 44.3331273], [17.1077031, 44.3331474], [17.1077642, 44.3331911], [17.1077999, 44.3332148], [17.1078305, 44.3332385], [17.1078611, 44.3332622], [17.107884, 44.3332932], [17.1079528, 44.3333552], [17.1079681, 44.3333843], [17.1079859, 44.3334117], [17.1080089, 44.333439], [17.1080344, 44.3334646], [17.1080649, 44.3334901], [17.1081057, 44.3335028], [17.1081439, 44.3335229], [17.1081745, 44.3335429], [17.1082077, 44.3335685], [17.1082306, 44.3335958], [17.1082586, 44.3336231], [17.1082816, 44.3336523], [17.108307, 44.3336815], [17.1083351, 44.3337088], [17.1083682, 44.3337325], [17.1083988, 44.3337544], [17.108437, 44.3337763], [17.1084778, 44.3338], [17.1085109, 44.3338237], [17.1085441, 44.3338419], [17.1085797, 44.3338619], [17.1086052, 44.3338875], [17.1086282, 44.3339148], [17.1086613, 44.3339385], [17.1087021, 44.3339513], [17.1087479, 44.3339567], [17.1087913, 44.333964], [17.1088346, 44.3339731], [17.1088754, 44.3339841], [17.1089187, 44.3339968], [17.1089544, 44.3340132], [17.10899, 44.3340333], [17.1090232, 44.3340515], [17.109064, 44.3340606], [17.1091073, 44.3340661], [17.1091481, 44.3340789], [17.1091863, 44.3340953], [17.10925, 44.3341372], [17.1092984, 44.3341609], [17.1093341, 44.3341773], [17.1093723, 44.3341882], [17.1094462, 44.3342101], [17.1094921, 44.3342156], [17.1095456, 44.3342211], [17.109594, 44.3342211], [17.1096374, 44.3342229], [17.1096832, 44.3342283], [17.1097317, 44.3342429], [17.1097571, 44.3342685], [17.1097928, 44.3342976], [17.1098158, 44.3343213], [17.1098438, 44.334345], [17.1098642, 44.3343705], [17.1098897, 44.3343961], [17.1099126, 44.3344216], [17.1099406, 44.3344471], [17.109984, 44.3344599], [17.1100273, 44.3344653], [17.1100757, 44.3344617], [17.110119, 44.3344489], [17.11017, 44.3344398], [17.1102133, 44.3344489], [17.110249, 44.3344708], [17.1102745, 44.3344981], [17.1103025, 44.3345255], [17.1103357, 44.3345492], [17.1103739, 44.3345601], [17.1104198, 44.3345711], [17.1104682, 44.3345729], [17.1105115, 44.3345729], [17.1105574, 44.3345783], [17.1106007, 44.3345875], [17.110644, 44.3345856], [17.1106848, 44.3345729], [17.1107026, 44.3345437], [17.1107103, 44.3345127], [17.1107409, 44.334489], [17.1107842, 44.3344781], [17.1108301, 44.334469], [17.1108734, 44.3344599], [17.1109193, 44.334458], [17.1109626, 44.3344653], [17.1110085, 44.3344781], [17.1110467, 44.3344945], [17.11109, 44.3345127], [17.1111333, 44.3345218], [17.1111792, 44.3345182], [17.1112251, 44.3345054], [17.1112735, 44.3345036], [17.1113168, 44.3345054], [17.1113678, 44.3345127], [17.1114086, 44.3345255], [17.1114417, 44.3345474], [17.1114545, 44.3345747], [17.1114672, 44.3346093], [17.1114927, 44.3346349], [17.1115335, 44.3346513], [17.1115768, 44.3346622], [17.1116711, 44.3346786], [17.1117144, 44.3346859], [17.1117552, 44.3346968], [17.111796, 44.3347078], [17.1118393, 44.3347205], [17.1118775, 44.3347351], [17.1119183, 44.3347533], [17.1120941, 44.3348171], [17.1121298, 44.3348354], [17.1121655, 44.3348572], [17.1121935, 44.3348846], [17.1122088, 44.3349137], [17.1122266, 44.3349447], [17.1122572, 44.3349666], [17.1123006, 44.3349775], [17.1123413, 44.3349903], [17.1123796, 44.3350067], [17.1124152, 44.3350304], [17.1124535, 44.3350486], [17.1124917, 44.335065], [17.1125427, 44.3350723], [17.1125885, 44.3350669], [17.1126293, 44.3350578], [17.1126803, 44.335045], [17.1127262, 44.3350359], [17.1127746, 44.3350395], [17.1128103, 44.3350578], [17.1128485, 44.335076], [17.1128944, 44.3350924], [17.1129351, 44.3351088], [17.1129734, 44.335127], [17.1130116, 44.3351453], [17.1130498, 44.3351689], [17.113088, 44.3351926], [17.1131186, 44.3352182], [17.1131518, 44.3352382], [17.1131874, 44.3352601], [17.113218, 44.3352838], [17.1132562, 44.3353002], [17.1133021, 44.3353166], [17.1133454, 44.3353275], [17.1133913, 44.3353294], [17.1134372, 44.3353294], [17.1134933, 44.3353257], [17.1135366, 44.335313], [17.1135748, 44.3352929], [17.1136181, 44.3352801], [17.1136589, 44.3352674], [17.1137048, 44.3352601], [17.1137507, 44.3352601], [17.1138067, 44.3352656], [17.11385, 44.3352801], [17.1138959, 44.3352911], [17.1139392, 44.3352874], [17.1139749, 44.3352674], [17.1140182, 44.3352492], [17.1140641, 44.335251], [17.1141074, 44.335251], [17.1141508, 44.3352492], [17.1142068, 44.3352437], [17.1142858, 44.3352163], [17.1143266, 44.3352054], [17.1143725, 44.3351908], [17.1144158, 44.3351817], [17.1144642, 44.3351781], [17.1145127, 44.3351762], [17.1145611, 44.3351762], [17.1146095, 44.3351781], [17.1146528, 44.3351817], [17.1146962, 44.3351908], [17.1147395, 44.3352018], [17.1147853, 44.3352091], [17.1148312, 44.3352182], [17.1148796, 44.3352218], [17.1149255, 44.3352163], [17.1149663, 44.3352054], [17.1150122, 44.3352109], [17.1150376, 44.3352364], [17.115081, 44.3352473], [17.1151192, 44.3352601], [17.1151523, 44.3352838], [17.1151778, 44.3353093], [17.1152059, 44.3353348], [17.1152466, 44.3353567], [17.1152849, 44.3353695], [17.1153307, 44.3353731], [17.1153741, 44.3353713], [17.1154225, 44.3353768], [17.1154632, 44.3353932], [17.1154964, 44.3354114], [17.1155346, 44.3354223], [17.115583, 44.3354241], [17.1156264, 44.3354241], [17.1156722, 44.3354223], [17.1157156, 44.3354241], [17.1157589, 44.3354314], [17.1157997, 44.3354442], [17.1158302, 44.3354679], [17.1158532, 44.3354952], [17.115871, 44.3355244], [17.1158914, 44.3355554], [17.1159067, 44.3355846], [17.115922, 44.3356119], [17.1159347, 44.3356465], [17.1159908, 44.3356958], [17.1160265, 44.3357158], [17.1160647, 44.3357286], [17.1161055, 44.3357413], [17.1161462, 44.3357596], [17.1161819, 44.335776], [17.1162151, 44.3357997], [17.1162737, 44.3358507], [17.1162941, 44.335878], [17.1163119, 44.3359072], [17.1163297, 44.3359382], [17.1163476, 44.3359674], [17.1163731, 44.3359911], [17.1164113, 44.3360111], [17.1164546, 44.3360293], [17.1164877, 44.3360494], [17.1165056, 44.3360749], [17.1165209, 44.3361442], [17.1165413, 44.3361733], [17.1165693, 44.3361952], [17.116605, 44.3362134], [17.1166407, 44.3362353], [17.1166687, 44.336259], [17.1166891, 44.3362845], [17.1167248, 44.3362991], [17.1167681, 44.33631], [17.1168242, 44.3363155], [17.1168726, 44.3363155], [17.1169184, 44.3363119], [17.1169694, 44.3363064], [17.1170076, 44.3362918], [17.1170408, 44.3362718], [17.1170841, 44.3362663], [17.1171325, 44.3362736], [17.1171707, 44.3362863], [17.1172115, 44.3363009], [17.1172548, 44.3363046], [17.117344, 44.3363046], [17.1173874, 44.33631], [17.1174307, 44.3363192], [17.1174791, 44.3363246], [17.1175301, 44.3363246], [17.1176473, 44.3362955], [17.1176906, 44.3362863], [17.1177365, 44.3362791], [17.1177824, 44.3362754], [17.1178283, 44.3362754], [17.1178767, 44.3362772], [17.11792, 44.3362882], [17.1179429, 44.3363119], [17.1179812, 44.3363301], [17.1180245, 44.3363392], [17.1180704, 44.3363319], [17.1180933, 44.3363046], [17.1181417, 44.3363028], [17.11818, 44.3363173], [17.1182105, 44.336341], [17.118236, 44.3363666], [17.1182692, 44.3363902], [17.1183125, 44.3364103], [17.1183558, 44.3364212], [17.1184017, 44.3364267], [17.1184501, 44.3364267], [17.1184985, 44.3364212], [17.1185444, 44.3364103], [17.1185903, 44.336403], [17.1186361, 44.336403], [17.1186795, 44.3364085], [17.1187279, 44.3364139], [17.1187738, 44.3364139], [17.1188171, 44.3364103], [17.1188655, 44.3363975], [17.1189037, 44.336383], [17.118942, 44.3363611], [17.1189878, 44.3363556], [17.1190363, 44.3363538], [17.1190821, 44.336352], [17.1191127, 44.3363264], [17.1191407, 44.3363028], [17.1191866, 44.3363064], [17.1192248, 44.3363173], [17.1193038, 44.3363483], [17.1193472, 44.3363629], [17.1193956, 44.3363666], [17.1194415, 44.3363666], [17.1194848, 44.3363611], [17.1195307, 44.3363538], [17.1196224, 44.3363538], [17.1196657, 44.3363593], [17.1197167, 44.3363666], [17.1198314, 44.3363757], [17.1199231, 44.3363884], [17.1200531, 44.3363775], [17.1201015, 44.3363684], [17.1202391, 44.3363684], [17.120285, 44.3363738], [17.1203258, 44.336383], [17.1203691, 44.3363975], [17.1204048, 44.3364212], [17.1204379, 44.3364449], [17.1204711, 44.3364723], [17.1205042, 44.3364978], [17.120522, 44.3365251], [17.1205373, 44.3365561], [17.1205552, 44.3365835], [17.1205857, 44.336609], [17.1206087, 44.3366327], [17.1206367, 44.3366564], [17.1206749, 44.3366764], [17.1207132, 44.3366892], [17.1207641, 44.3366928], [17.1208049, 44.3366801], [17.1208355, 44.3366527], [17.1209272, 44.3366491], [17.1210878, 44.3366491], [17.1211541, 44.3366473], [17.1211999, 44.3366473], [17.1212433, 44.3366454], [17.1212891, 44.3366436], [17.1213401, 44.3366454], [17.121386, 44.3366473], [17.1214267, 44.3366618], [17.1214242, 44.3366928], [17.1214344, 44.3367238], [17.1214803, 44.3367329], [17.1218014, 44.3367329], [17.12186, 44.3367366], [17.1219033, 44.3367402], [17.1219492, 44.3367493], [17.1219874, 44.3367712], [17.1220206, 44.3367986], [17.1220486, 44.3368241], [17.1220792, 44.336846], [17.1221174, 44.336866], [17.1221556, 44.3368842], [17.1221989, 44.336897], [17.1222423, 44.3369079], [17.1222881, 44.3369116], [17.1223315, 44.3369079], [17.1223799, 44.3369043], [17.1224487, 44.3368861], [17.1225073, 44.3368879], [17.1225583, 44.3368952], [17.1226016, 44.3369116], [17.1226347, 44.3369334], [17.1226679, 44.3369517], [17.1227112, 44.3369699], [17.1227545, 44.3369827], [17.1228004, 44.3369845], [17.1228488, 44.3369845], [17.1228947, 44.3369772], [17.1229304, 44.3369553], [17.1229737, 44.3369444], [17.1230196, 44.3369462], [17.1230654, 44.3369553], [17.1231011, 44.3369754], [17.1231368, 44.3369936], [17.1231801, 44.3370064], [17.123226, 44.3370045], [17.1232642, 44.3369918], [17.1232719, 44.336959], [17.123277, 44.3369243], [17.1232897, 44.3368933], [17.1233305, 44.3368788], [17.1233738, 44.3368733], [17.1234248, 44.3368751], [17.1234681, 44.3368751], [17.123514, 44.3368715], [17.1235624, 44.3368605], [17.1236108, 44.3368532], [17.1236567, 44.3368551], [17.1237051, 44.3368624], [17.1237459, 44.3368715], [17.1237892, 44.3368824], [17.1238427, 44.3368988], [17.1238886, 44.3369116], [17.1239396, 44.3369225], [17.1239905, 44.3369298], [17.1240339, 44.3369389], [17.1240823, 44.336948], [17.1241409, 44.3369553], [17.1241944, 44.3369626], [17.1243168, 44.3369754], [17.1244085, 44.3369754], [17.1244544, 44.3369735], [17.1245002, 44.3369681], [17.1245461, 44.3369571], [17.1246379, 44.3369426], [17.1247041, 44.3369334], [17.1247653, 44.3369262], [17.1248341, 44.3369207], [17.1248876, 44.3369207], [17.1249335, 44.336917], [17.1251323, 44.3369043], [17.1251807, 44.3368933], [17.1252291, 44.3368769], [17.1252673, 44.3368569], [17.1253056, 44.336835], [17.1253744, 44.3367858], [17.1254024, 44.3367548], [17.125433, 44.3367275], [17.1254712, 44.3367129], [17.125512, 44.3367001], [17.1255655, 44.3366928], [17.1256088, 44.3366928], [17.1256522, 44.3366983], [17.1257006, 44.3367056], [17.1257439, 44.3367092], [17.1257923, 44.3367111], [17.1258357, 44.3367111], [17.125958, 44.3366764], [17.1259427, 44.3366199], [17.1259886, 44.3366199], [17.1260344, 44.3366181], [17.126088, 44.3366181], [17.1261364, 44.3366163], [17.1262281, 44.336609], [17.1262791, 44.3366017], [17.126325, 44.3365962], [17.1263759, 44.3365853], [17.1264244, 44.336578], [17.1264677, 44.3365707], [17.1265263, 44.3365579], [17.1265773, 44.3365488], [17.1266282, 44.3365415], [17.1267174, 44.3365306], [17.1267684, 44.3365233], [17.1268245, 44.3365178], [17.1271099, 44.3364577], [17.1271507, 44.3364486], [17.1271966, 44.3364395], [17.1272424, 44.3364267], [17.1273291, 44.3364085], [17.1273699, 44.3363957], [17.1274183, 44.3363866], [17.1274616, 44.3363757], [17.1275075, 44.3363684], [17.1275534, 44.3363647], [17.1277088, 44.3363647], [17.1277598, 44.3363684], [17.1278082, 44.3363702], [17.1278643, 44.336372], [17.1279127, 44.3363738], [17.1280044, 44.3363848], [17.1280503, 44.3363884], [17.1281013, 44.3363957], [17.1281472, 44.336403], [17.1282491, 44.3364158], [17.1283001, 44.3364212], [17.128351, 44.3364267], [17.1283944, 44.3364304], [17.1284428, 44.3364376], [17.1284861, 44.3364413], [17.1285396, 44.3364504], [17.1285855, 44.3364613], [17.1286314, 44.3364632], [17.1286798, 44.3364632], [17.1287231, 44.3364613], [17.1287664, 44.3364613], [17.1288123, 44.3364559], [17.1288556, 44.3364504], [17.1289474, 44.3364304], [17.1289856, 44.3364176], [17.1290238, 44.3364012], [17.1290646, 44.3363775], [17.1291334, 44.3363483], [17.1291818, 44.336341], [17.1292303, 44.3363429], [17.1292736, 44.3363429], [17.1293297, 44.3363483], [17.129373, 44.3363483], [17.1294163, 44.3363465], [17.1294596, 44.3363319], [17.129503, 44.3363119], [17.1295437, 44.3362955], [17.1295871, 44.3362772], [17.1296329, 44.3362681], [17.1296839, 44.3362572], [17.1297272, 44.3362481], [17.1297731, 44.3362408], [17.1298164, 44.3362371], [17.1299082, 44.3362371], [17.129954, 44.3362426], [17.1299948, 44.3362499], [17.1300458, 44.3362517], [17.1300764, 44.336228], [17.1300815, 44.3361934], [17.1300968, 44.3361624], [17.1301222, 44.3361351], [17.130163, 44.336115], [17.1302114, 44.3361022], [17.1302726, 44.3360931], [17.130321, 44.336084], [17.1303669, 44.3360804], [17.1304179, 44.3360749], [17.1304765, 44.3360694], [17.1305198, 44.336064], [17.1305759, 44.3360603], [17.1307951, 44.3360603], [17.130846, 44.3360621], [17.1309072, 44.336064], [17.1309556, 44.3360658], [17.1310015, 44.3360694], [17.1310474, 44.3360767], [17.131106, 44.3360785], [17.131134, 44.3360494], [17.1311569, 44.3360184], [17.1311799, 44.3359911], [17.1312054, 44.3359637], [17.131241, 44.33594], [17.1312793, 44.3359181], [17.1313608, 44.3358871], [17.1314016, 44.3358744], [17.1314347, 44.3358543], [17.1314577, 44.3358288], [17.1314628, 44.3357942], [17.1314679, 44.3357614], [17.1314857, 44.3357322], [17.1315137, 44.3356976], [17.1315367, 44.3356721], [17.1315647, 44.3356465], [17.1315978, 44.3356247], [17.131631, 44.3355973], [17.1316615, 44.3355682], [17.1316819, 44.3355408], [17.1316972, 44.3355098], [17.1317049, 44.3354788], [17.1317049, 44.335446], [17.1317253, 44.335384], [17.1317405, 44.3353549], [17.1317609, 44.3353275], [17.1317864, 44.335302], [17.1318196, 44.3352801], [17.1319037, 44.3352528], [17.1319419, 44.3352346], [17.1319801, 44.3352145], [17.1320107, 44.3351908], [17.1320362, 44.3351653], [17.1320744, 44.3351471], [17.1321177, 44.3351307], [17.1321585, 44.3351197], [17.1322069, 44.3351197], [17.1322553, 44.3351216], [17.1323038, 44.3351252], [17.1323522, 44.3351252], [17.1323955, 44.3351161], [17.1324873, 44.3350815], [17.1326096, 44.3350851], [17.1326121, 44.3350249], [17.1326529, 44.3350158], [17.1327523, 44.3350104], [17.1328033, 44.3350104], [17.1328517, 44.3350085], [17.132895, 44.3350067], [17.1329383, 44.3350012], [17.1329791, 44.3349794], [17.1330148, 44.3349593], [17.1330607, 44.3349484], [17.1331014, 44.3349393], [17.1331448, 44.3349265], [17.1331906, 44.3349192], [17.1332314, 44.3349083], [17.1332747, 44.3348973], [17.1333104, 44.3348773], [17.133369, 44.334839], [17.1333945, 44.3348135], [17.1334379, 44.3348098], [17.1335296, 44.3348098], [17.1335831, 44.3347989], [17.1336264, 44.3347807], [17.1336698, 44.3347679], [17.1337233, 44.3347643], [17.1338201, 44.3347643], [17.1338685, 44.3347606], [17.1339068, 44.3347424], [17.133945, 44.3347278], [17.1339909, 44.3347242], [17.1340367, 44.3347315], [17.1340775, 44.3347424], [17.1341259, 44.3347515], [17.1341693, 44.3347515], [17.1342202, 44.334746], [17.1343069, 44.3347205], [17.1343502, 44.3347059], [17.1343961, 44.3346932], [17.1344394, 44.3346877], [17.1344853, 44.3346859], [17.1345745, 44.3346859], [17.1346255, 44.3346822], [17.1346764, 44.334675], [17.1347274, 44.3346585], [17.134758, 44.3346349], [17.1347707, 44.3346039], [17.1347962, 44.3345765], [17.1348344, 44.3345638], [17.1348829, 44.3345546], [17.1349236, 44.3345437], [17.1349644, 44.3345309], [17.1350077, 44.3345164], [17.135046, 44.3345], [17.1350816, 44.3344817], [17.135125, 44.3344708], [17.1351708, 44.3344635], [17.1352142, 44.3344617], [17.1352677, 44.3344635], [17.1353212, 44.3344635], [17.1353722, 44.334469], [17.1354155, 44.3344781], [17.1354665, 44.334489], [17.1356041, 44.3345], [17.1356525, 44.3345091], [17.1356958, 44.3345145], [17.1357417, 44.3345145], [17.1357901, 44.3345127], [17.1358309, 44.3345], [17.1358691, 44.3344799], [17.1359099, 44.3344708], [17.1359583, 44.3344763], [17.1359965, 44.3344981], [17.1360399, 44.3345145], [17.1360832, 44.3345218], [17.1361316, 44.3345237], [17.1361826, 44.3345255], [17.1362463, 44.3345309], [17.1362998, 44.3345382], [17.1363457, 44.3345455], [17.1363992, 44.3345601], [17.1364425, 44.3345711], [17.1364833, 44.3345856], [17.1365241, 44.334602], [17.1365623, 44.3346148], [17.1366056, 44.3346294], [17.136649, 44.3346403], [17.1366923, 44.3346513], [17.1367458, 44.3346567], [17.1367917, 44.3346567], [17.1368477, 44.3346531], [17.1368936, 44.3346458], [17.1369446, 44.3346385], [17.1370007, 44.3346257], [17.1370491, 44.3346166], [17.1371001, 44.3346075], [17.137151, 44.3345966], [17.137202, 44.3345838], [17.1372453, 44.3345729], [17.1372912, 44.3345656], [17.1373371, 44.3345565], [17.1373829, 44.3345492], [17.1374314, 44.3345419], [17.1374747, 44.3345401], [17.1375206, 44.3345364], [17.1375639, 44.3345346], [17.1376098, 44.3345346], [17.1376582, 44.3345364], [17.1378977, 44.334551], [17.1379436, 44.3345546], [17.1379895, 44.3345619], [17.1380328, 44.3345783], [17.1380532, 44.3346057], [17.138071, 44.3346349], [17.1380889, 44.3346658], [17.1380965, 44.3346987], [17.1381093, 44.3347296], [17.1381398, 44.3347515], [17.1381781, 44.3347661], [17.1382316, 44.3347789], [17.1382775, 44.334788], [17.1383208, 44.3347934], [17.1383692, 44.3347934], [17.13841, 44.3347843], [17.1384533, 44.3347734], [17.1385068, 44.3347661], [17.1385527, 44.3347661], [17.138596, 44.3347752], [17.1386266, 44.3347971], [17.1386572, 44.3348208], [17.138698, 44.3348408], [17.1387362, 44.3348591], [17.1387744, 44.3348736], [17.1388152, 44.3348828], [17.1389069, 44.3348828], [17.1389528, 44.3348846], [17.1389936, 44.3348919], [17.1390369, 44.334901], [17.1390802, 44.3349119], [17.1391236, 44.334921], [17.1391745, 44.3349283], [17.1392204, 44.3349283], [17.1392663, 44.334921], [17.1393173, 44.3349101], [17.1393631, 44.3348992], [17.1394064, 44.3348992], [17.1394498, 44.334901], [17.1394956, 44.3349028], [17.1395441, 44.3349028], [17.1395899, 44.3348919], [17.1396307, 44.3348736], [17.1396562, 44.3348481], [17.1396919, 44.3348317], [17.1397709, 44.3347916], [17.1398091, 44.3347752], [17.1398397, 44.3347497], [17.1398601, 44.3347187], [17.1398881, 44.3346895], [17.1399238, 44.3346731], [17.1399671, 44.3346731], [17.1400079, 44.3346804], [17.1400461, 44.3346914], [17.1400869, 44.3347041], [17.1401379, 44.3347169], [17.1401837, 44.3347242], [17.1402296, 44.3347278], [17.140329, 44.3347278], [17.1403851, 44.334726], [17.1404335, 44.334726], [17.1404794, 44.3347223], [17.1405252, 44.3347205], [17.1405711, 44.3347169], [17.1406221, 44.3347132], [17.1406705, 44.3347059], [17.1407164, 44.334695], [17.1407673, 44.3346822], [17.1408056, 44.3346695], [17.1408489, 44.3346585], [17.1409356, 44.3346294], [17.1409789, 44.3346093], [17.1410222, 44.3345947], [17.141063, 44.3345747], [17.1411038, 44.3345583], [17.1411394, 44.3345382], [17.1411751, 44.3345164], [17.1412541, 44.3344799], [17.1412974, 44.334469], [17.1413433, 44.3344617], [17.1413917, 44.3344562], [17.1414376, 44.3344489], [17.1415064, 44.3344033], [17.1415421, 44.3343815], [17.1415803, 44.3343669], [17.1416211, 44.3343541], [17.141667, 44.3343487], [17.1417128, 44.3343487], [17.1417587, 44.3343432], [17.1417995, 44.3343323], [17.1418479, 44.3343195], [17.1419014, 44.3343122], [17.1420951, 44.3343122], [17.1421486, 44.334314], [17.1421945, 44.3343177], [17.1422404, 44.3343268], [17.1422837, 44.3343323], [17.1423347, 44.3343341], [17.1423933, 44.3343231], [17.1424366, 44.3343122], [17.1424876, 44.3343086], [17.1425335, 44.334314], [17.1425768, 44.3343323], [17.1426176, 44.3343468], [17.1426609, 44.3343487], [17.1427042, 44.334345], [17.1427552, 44.3343359], [17.142796, 44.3343213], [17.1428367, 44.3343031], [17.1428852, 44.3342903], [17.1429769, 44.3342903], [17.1430228, 44.3342922], [17.1430661, 44.3342958], [17.143112, 44.3343013], [17.143168, 44.3343195], [17.143219, 44.3343395], [17.1432547, 44.3343578], [17.1432929, 44.3343742], [17.1433745, 44.3344088], [17.1434203, 44.3344289], [17.1434637, 44.3344416], [17.1435044, 44.3344507], [17.1435478, 44.3344526], [17.1435987, 44.3344526], [17.1436497, 44.3344471], [17.1436905, 44.3344325], [17.1437313, 44.3344125], [17.1437746, 44.3344015], [17.1438154, 44.3343888], [17.1438638, 44.3343796], [17.1439097, 44.334376], [17.1439555, 44.3343778], [17.144009, 44.3343815], [17.1440575, 44.3343796], [17.1441033, 44.3343705], [17.1441518, 44.3343596], [17.1442053, 44.3343614], [17.1442639, 44.3343651], [17.1443072, 44.3343724], [17.1446334, 44.3343724], [17.1446793, 44.334376], [17.1447226, 44.334376], [17.1447736, 44.3343796], [17.1448297, 44.3343924], [17.1448679, 44.3344125], [17.1449265, 44.3344617], [17.1449596, 44.3344854], [17.145031, 44.3345237], [17.1450718, 44.3345364], [17.1451125, 44.334551], [17.1452068, 44.3345638], [17.1452553, 44.3345656], [17.1453062, 44.3345583], [17.1453521, 44.3345401], [17.1453852, 44.3345182], [17.145426, 44.3344963], [17.1454642, 44.3344836], [17.1455101, 44.3344854], [17.1455509, 44.3345036], [17.1455968, 44.3345073], [17.1456375, 44.3344927], [17.1456834, 44.3344836], [17.1457369, 44.3344836], [17.1457828, 44.3344872], [17.1458236, 44.3345036], [17.1458669, 44.3345218], [17.1459128, 44.3345346], [17.1459587, 44.3345455], [17.1460504, 44.3345565], [17.1460963, 44.3345565], [17.1461421, 44.3345546], [17.1461931, 44.3345474], [17.1462415, 44.3345309], [17.1462849, 44.33452], [17.1463307, 44.3345218], [17.1463792, 44.3345237], [17.1464225, 44.3345237], [17.1464658, 44.3345127], [17.1465448, 44.3344781], [17.1465958, 44.334458], [17.1466391, 44.3344453], [17.1466824, 44.3344416], [17.1467308, 44.3344325], [17.1467716, 44.3344198], [17.1468099, 44.3343997], [17.1468353, 44.3343742], [17.146871, 44.3343523], [17.1469169, 44.3343468], [17.1469653, 44.3343487], [17.1470112, 44.334356], [17.1470545, 44.3343651], [17.1471004, 44.3343742], [17.147159, 44.3343815], [17.1472049, 44.3343815], [17.1472507, 44.3343778], [17.1472966, 44.3343778], [17.1474011, 44.3343742], [17.147554, 44.3343742], [17.1476712, 44.3343669], [17.1477197, 44.3343614], [17.147763, 44.3343487], [17.1478038, 44.3343359], [17.1478394, 44.3343177], [17.1478802, 44.3343013], [17.1479261, 44.3342976], [17.147972, 44.3342976], [17.1480178, 44.3343067], [17.1480612, 44.3343231], [17.1480968, 44.334345], [17.14813, 44.3343651], [17.1482192, 44.3344033], [17.1482625, 44.3344106], [17.1483058, 44.3344088], [17.1483568, 44.3343997], [17.1484001, 44.3343906], [17.1484434, 44.3343833], [17.1484944, 44.3343833], [17.1485403, 44.3343869], [17.1485938, 44.3343942], [17.1486346, 44.3344052], [17.1486728, 44.3344198], [17.1487136, 44.3344325], [17.1487544, 44.3344526], [17.14879, 44.334469], [17.1488232, 44.3344927], [17.1488512, 44.3345164], [17.1488767, 44.3345419], [17.1488996, 44.3345692], [17.1489277, 44.3345947], [17.1489582, 44.3346184], [17.1489965, 44.3346458], [17.1490372, 44.3346695], [17.1490755, 44.3346895], [17.1491112, 44.3347059], [17.1491519, 44.3347169], [17.1491953, 44.3347296], [17.1492462, 44.3347424], [17.1492845, 44.3347533], [17.1493252, 44.3347643], [17.1493762, 44.334777], [17.1494221, 44.3347898], [17.1494603, 44.3348062], [17.1494909, 44.3348299], [17.1495164, 44.3348554], [17.1495342, 44.3348882], [17.1495393, 44.3349174], [17.1495418, 44.3349484], [17.149552, 44.3349794], [17.149575, 44.3350067], [17.1496056, 44.3350304], [17.1496387, 44.3350523], [17.1496769, 44.3350705], [17.1497151, 44.3350869], [17.1497559, 44.335107], [17.1497891, 44.3351307], [17.149812, 44.3351562], [17.1498094, 44.3351872], [17.1497942, 44.3352127], [17.1497789, 44.3352437], [17.1497789, 44.3352765], [17.1497814, 44.3353057], [17.1498018, 44.335333], [17.1498247, 44.3353603], [17.14984, 44.3353913], [17.1498502, 44.3354478], [17.1498655, 44.335477], [17.149891, 44.3355025], [17.1499267, 44.3355171], [17.1499751, 44.3355171], [17.150021, 44.3355135], [17.1500617, 44.3355044], [17.1501, 44.3354898], [17.1501382, 44.3354715], [17.1501815, 44.3354752], [17.1502223, 44.3354879], [17.1502631, 44.3355025], [17.1503446, 44.3355226], [17.1504134, 44.33557], [17.1504542, 44.3355791], [17.1504975, 44.3355736], [17.1505409, 44.3355627], [17.1505867, 44.3355517], [17.1506326, 44.3355426], [17.1506759, 44.335539], [17.1507218, 44.3355426], [17.1507651, 44.3355554], [17.1508034, 44.3355736], [17.1508467, 44.3355882], [17.1508926, 44.3355937], [17.1509359, 44.3355937], [17.1509818, 44.3355809], [17.1510276, 44.3355682], [17.1510735, 44.3355517], [17.1511168, 44.3355517], [17.1511627, 44.335559], [17.151206, 44.3355736], [17.1512443, 44.3355937], [17.1512774, 44.3356155], [17.151364, 44.3356538], [17.1514023, 44.3356721], [17.1514303, 44.3356958], [17.1514685, 44.3357158], [17.1515118, 44.3357359], [17.1515552, 44.3357523], [17.1515985, 44.3357614], [17.1516495, 44.3357668], [17.1516979, 44.3357668], [17.1517438, 44.335765], [17.1517998, 44.3357559], [17.1518457, 44.3357413], [17.1518839, 44.3357249], [17.1519247, 44.3357103], [17.1520063, 44.3356812], [17.1520496, 44.3356757], [17.1521005, 44.3356757], [17.1521464, 44.3356775], [17.1521923, 44.335683], [17.1522433, 44.3356921], [17.152284, 44.3357049], [17.1523223, 44.3357194], [17.1523656, 44.335734], [17.1524064, 44.3357486], [17.1525058, 44.3357614], [17.1525542, 44.3357614], [17.1526001, 44.3357596], [17.152651, 44.3357596], [17.152702, 44.3357559], [17.1528651, 44.3357559], [17.1529084, 44.3357577], [17.1529619, 44.3357614], [17.1530078, 44.335765], [17.1530664, 44.3357723], [17.153125, 44.3357832], [17.1531658, 44.3357942], [17.1532117, 44.3358124], [17.1532499, 44.3358288], [17.1532907, 44.335847], [17.1533366, 44.3358598], [17.1533824, 44.3358653], [17.1534283, 44.3358653], [17.1534716, 44.3358726], [17.153515, 44.3358853], [17.1535659, 44.3358963], [17.1536067, 44.335909], [17.1536475, 44.3359218], [17.1536959, 44.3359364], [17.1537392, 44.3359509], [17.15378, 44.3359655], [17.1538233, 44.3359783], [17.1538692, 44.3359819], [17.1539176, 44.3359838], [17.153961, 44.3359856], [17.1540119, 44.3359892], [17.1540603, 44.3359947], [17.1541037, 44.3360038], [17.1541444, 44.3360202], [17.1541903, 44.3360312], [17.1542438, 44.3360457], [17.1542974, 44.336053], [17.1543509, 44.3360567], [17.1543942, 44.3360585], [17.1544452, 44.3360585], [17.154491, 44.3360621], [17.1545344, 44.3360713], [17.1545726, 44.3360895], [17.1546083, 44.3361095], [17.1546465, 44.3361259], [17.1546898, 44.3361387], [17.1547332, 44.3361478], [17.1547739, 44.3361569], [17.1548071, 44.3361788], [17.1548504, 44.3362116], [17.154881, 44.3362317], [17.1549243, 44.3362481], [17.1549676, 44.3362554], [17.1550109, 44.3362535], [17.1550976, 44.336228], [17.1551486, 44.3362207], [17.1551944, 44.3362298], [17.1552352, 44.3362444], [17.1552785, 44.3362481], [17.155327, 44.3362462], [17.1553703, 44.3362317], [17.1554034, 44.3362061], [17.1554263, 44.3361752], [17.1554365, 44.3361442], [17.1554518, 44.3361132], [17.1554722, 44.3360858], [17.155513, 44.3360767], [17.1555614, 44.3360785], [17.1556047, 44.3360877], [17.1556455, 44.3361022], [17.1556837, 44.3361186], [17.1557296, 44.3361241], [17.1557755, 44.3361223], [17.1558214, 44.3361132], [17.1558672, 44.3360968], [17.1559106, 44.336084], [17.155959, 44.3360895], [17.1559896, 44.3361114], [17.1560252, 44.3361387], [17.1560584, 44.3361624], [17.1561093, 44.3361733], [17.1561552, 44.3361733], [17.1562011, 44.3361715], [17.1562495, 44.3361733], [17.1562903, 44.3361861], [17.1563311, 44.3361952], [17.156382, 44.3361897], [17.1564279, 44.3361752], [17.1564712, 44.3361588], [17.1565197, 44.3361423], [17.156563, 44.3361332], [17.1566114, 44.3361332], [17.1566573, 44.3361351], [17.1567057, 44.3361405], [17.1567516, 44.3361496], [17.1567898, 44.3361697], [17.1568153, 44.336197], [17.156828, 44.3362298], [17.1568331, 44.3362627], [17.1568382, 44.3362936], [17.1568637, 44.336321], [17.1568968, 44.3363392], [17.1569351, 44.336352], [17.1569733, 44.3363666], [17.157009, 44.3363884], [17.1570192, 44.3364231], [17.1570166, 44.336454], [17.1570166, 44.3364869], [17.1570192, 44.3365197], [17.1570294, 44.3365507], [17.1570599, 44.336578], [17.1571033, 44.3365871], [17.1571466, 44.3365871], [17.157195, 44.336578], [17.1572307, 44.3365598], [17.1572562, 44.3365324], [17.1572842, 44.3365033], [17.1573224, 44.336485], [17.1573658, 44.3364741], [17.1574116, 44.3364705], [17.1574575, 44.3364796], [17.1574932, 44.3364996], [17.1575263, 44.3365197], [17.157562, 44.3365397], [17.1576002, 44.3365598], [17.1576435, 44.3365798], [17.1576792, 44.3365999], [17.1577149, 44.3366181], [17.1578372, 44.3366582], [17.1578729, 44.3366728], [17.1579213, 44.3366783], [17.1580156, 44.3366618], [17.1580564, 44.336671], [17.1580844, 44.3366928], [17.1580997, 44.3367202], [17.1581125, 44.3367512], [17.158138, 44.3367767], [17.1581762, 44.3367931], [17.1582195, 44.3368022], [17.1582501, 44.3368241], [17.1582424, 44.3368551], [17.1582424, 44.3368861], [17.1582501, 44.3369152], [17.158273, 44.3369407], [17.1583164, 44.336948], [17.1583622, 44.3369444], [17.1583954, 44.3369207], [17.1584183, 44.3368915], [17.158454, 44.336866], [17.1584947, 44.3368496], [17.1585381, 44.336846], [17.1585814, 44.3368441], [17.1586298, 44.3368496], [17.158668, 44.336866], [17.1586935, 44.3368897], [17.1586986, 44.3369207], [17.1587063, 44.3369517], [17.1587369, 44.3369717], [17.1587802, 44.3369808], [17.1589203, 44.3369808], [17.1589331, 44.336959], [17.1589739, 44.3369407], [17.1590197, 44.3369353], [17.159058, 44.336948], [17.1590911, 44.3369681], [17.1591217, 44.33699], [17.1591497, 44.3370155], [17.1591726, 44.3370446], [17.1591905, 44.3370774], [17.1592032, 44.3371066], [17.1592211, 44.337134], [17.1592415, 44.3371631], [17.1592618, 44.3371905], [17.1592873, 44.337216], [17.1593256, 44.3372342], [17.159374, 44.3372324], [17.1594199, 44.3372233], [17.1594555, 44.3371996], [17.1594836, 44.3371722], [17.1595116, 44.3371449], [17.1595473, 44.3371194], [17.1595728, 44.3370939], [17.1595957, 44.3370647], [17.1596059, 44.3370337], [17.1596314, 44.3370064], [17.1596645, 44.3369845], [17.1597104, 44.3369735], [17.1597537, 44.3369699], [17.1597996, 44.336959], [17.1598353, 44.3369371], [17.1598684, 44.3369152], [17.1599041, 44.3368952], [17.1599499, 44.3368933], [17.160036, 44.3368943], [17.1600844, 44.3368823], [17.1605809, 44.3367597], [17.1605482, 44.3366915], [17.1604656, 44.3363885], [17.1603719, 44.3360327], [17.1604368, 44.3354192], [17.1604224, 44.3348366], [17.1602782, 44.3343364], [17.1600403, 44.3338827], [17.1590312, 44.3325628], [17.1589951, 44.3324803], [17.158714, 44.331975], [17.1581013, 44.3302425], [17.158058, 44.3301652], [17.1580148, 44.3300775], [17.1579715, 44.329995], [17.1579499, 44.3298971], [17.157986, 44.3298146], [17.158022, 44.3297166], [17.1580148, 44.3296289], [17.157986, 44.329433], [17.1579715, 44.3292938], [17.1579427, 44.3291649], [17.1578923, 44.3290824], [17.1577481, 44.32884], [17.1576904, 44.3287627], [17.1576183, 44.3286853], [17.1575535, 44.328608], [17.1574886, 44.3285358], [17.1574021, 44.3284533], [17.15733, 44.3283811], [17.1572507, 44.3283141], [17.1571786, 44.3282419], [17.1570993, 44.3281697], [17.1570201, 44.328082], [17.1569408, 44.3280098], [17.1568687, 44.3279273], [17.1567894, 44.3278551], [17.1567101, 44.3277881], [17.1565371, 44.3276231], [17.1564578, 44.3275509], [17.1563929, 44.3274684], [17.1560821, 44.3271973], [17.1560768, 44.3271292], [17.1560285, 44.3270553], [17.1558755, 44.3270343], [17.1550882, 44.3263133], [17.1550234, 44.326236], [17.1549873, 44.3261483], [17.1549945, 44.3260607], [17.1550378, 44.3259679], [17.1551171, 44.3258957], [17.1552036, 44.3258338], [17.1552829, 44.3257616], [17.1553766, 44.3256946], [17.1555784, 44.3255708], [17.1556793, 44.3255141], [17.1558667, 44.32538], [17.1559604, 44.3252872], [17.1561046, 44.3251686], [17.1563353, 44.3249932], [17.1564001, 44.3249107], [17.156465, 44.3248334], [17.1565076, 44.3247962], [17.156639, 44.3247033], [17.1567332, 44.3246456], [17.1568326, 44.3245859], [17.156948, 44.3245291], [17.1570345, 44.3244621], [17.1571138, 44.3243848], [17.1571858, 44.3242971], [17.1572435, 44.3242146], [17.1573012, 44.3241269], [17.1573588, 44.3240496], [17.1574309, 44.3239722], [17.1575463, 44.3238175], [17.1576111, 44.3237247], [17.157676, 44.3236422], [17.1577193, 44.3235545], [17.1577409, 44.3234668], [17.1577553, 44.323374], [17.1577697, 44.323111], [17.1577337, 44.3230285], [17.1576688, 44.3229512], [17.1575751, 44.3228893], [17.1574814, 44.3228429], [17.1573588, 44.3228274], [17.1572435, 44.3228171], [17.1569912, 44.3228171], [17.1568615, 44.3228222], [17.1567173, 44.3228222], [17.156602, 44.3228429], [17.1563569, 44.3228738], [17.1562344, 44.3228841], [17.1559893, 44.3228841], [17.1558812, 44.3229047], [17.1557658, 44.3229305], [17.1556505, 44.3229615], [17.1555352, 44.3229873], [17.155427, 44.3230182], [17.1553045, 44.3230337], [17.155182, 44.3230543], [17.1550594, 44.3230543], [17.1549297, 44.3230491], [17.1548071, 44.3230234], [17.154699, 44.3229924], [17.1545909, 44.3229408], [17.15449, 44.3228841], [17.1544107, 44.3228068], [17.154353, 44.3227294], [17.1543098, 44.3226366], [17.1542737, 44.3225541], [17.1542731, 44.3224551], [17.1542677, 44.3223662], [17.1542861, 44.3222714], [17.1543055, 44.3221876], [17.154317, 44.32209], [17.154353, 44.3220023], [17.1544107, 44.3218269], [17.1544539, 44.3217238], [17.1544539, 44.3216361], [17.1544755, 44.3215485], [17.1544972, 44.3214556], [17.1545188, 44.321368], [17.1545404, 44.3212751], [17.1545837, 44.3211823], [17.1546557, 44.3210843], [17.1548735, 44.3205081], [17.1549091, 44.3203513], [17.1549907, 44.320355], [17.1550264, 44.3203003], [17.1550671, 44.3202054], [17.1550671, 44.3200924], [17.1550213, 44.3199757], [17.1550009, 44.3198991], [17.1551283, 44.3198845], [17.1550468, 44.3196038], [17.1549142, 44.3194324], [17.1547934, 44.3190042], [17.1547358, 44.3188781], [17.1545727, 44.3185024], [17.154532, 44.3184477], [17.1544402, 44.3183347], [17.1543943, 44.3182836], [17.1543383, 44.3182253], [17.1542669, 44.3181706], [17.1542057, 44.3181195], [17.1541497, 44.3180502], [17.1539713, 44.3178278], [17.1539101, 44.3177731], [17.1538337, 44.3177476], [17.153747, 44.3177293], [17.1536655, 44.317722], [17.1534871, 44.317722], [17.1534055, 44.3177111], [17.1533138, 44.3176929], [17.1532322, 44.3176892], [17.1531456, 44.3176965], [17.153064, 44.3177038], [17.1529672, 44.3177184], [17.1528856, 44.3177403], [17.152799, 44.3177366], [17.1527174, 44.3177111], [17.1526359, 44.3176892], [17.1525594, 44.317671], [17.1524677, 44.3176564], [17.1523708, 44.3176527], [17.1522893, 44.3176637], [17.152116, 44.3176929], [17.1520293, 44.3176929], [17.1519427, 44.3176892], [17.1518611, 44.3176783], [17.1517745, 44.3176673], [17.1516929, 44.3176527], [17.1516165, 44.3176309], [17.1515349, 44.3176126], [17.1514483, 44.3175871], [17.1513718, 44.3175652], [17.1512954, 44.3175433], [17.1512087, 44.3175178], [17.1511272, 44.3174923], [17.1510558, 44.3174558], [17.1509793, 44.3174194], [17.1509131, 44.3173792], [17.1508519, 44.3173391], [17.1507857, 44.3172844], [17.1507245, 44.317237], [17.1506633, 44.3171787], [17.1505971, 44.3171313], [17.1505206, 44.3171021], [17.1503983, 44.3170656], [17.1503116, 44.3170474], [17.1502148, 44.3170291], [17.1501281, 44.3170073], [17.1500517, 44.3169708], [17.1499905, 44.3169234], [17.1499294, 44.3168833], [17.1498427, 44.3168614], [17.149751, 44.3168432], [17.1496592, 44.3168213], [17.1495675, 44.3167994], [17.1494808, 44.3167666], [17.1491291, 44.3166499], [17.1490425, 44.3166353], [17.1489609, 44.3166243], [17.1488641, 44.3166134], [17.1487723, 44.3165952], [17.1486806, 44.3165769], [17.148599, 44.3165587], [17.1484155, 44.3165149], [17.1483187, 44.3164894], [17.1482371, 44.3164675], [17.1481607, 44.316442], [17.1480639, 44.3164165], [17.1479823, 44.3163982], [17.1478906, 44.3163691], [17.1478141, 44.3163435], [17.1477376, 44.3163034], [17.1476714, 44.3162706], [17.1475949, 44.3162305], [17.1475185, 44.3162086], [17.1474522, 44.3161685], [17.1473961, 44.3161247], [17.147335, 44.3160773], [17.1472687, 44.3160335], [17.1467896, 44.3157199], [17.1467131, 44.3156798], [17.1466418, 44.3156433], [17.1465755, 44.3155996], [17.1464634, 44.3154938], [17.1464175, 44.3154391], [17.1463818, 44.3153844], [17.146336, 44.315326], [17.146285, 44.3152677], [17.1462391, 44.3152166], [17.1461831, 44.3151692], [17.1461321, 44.3151182], [17.1460709, 44.3150744], [17.1459945, 44.3150343], [17.1459231, 44.3149905], [17.1458568, 44.3149541], [17.1457906, 44.3149139], [17.145709, 44.3148884], [17.1455459, 44.3148446], [17.1451331, 44.3148009], [17.1446641, 44.3148155], [17.1442819, 44.3148446], [17.1438741, 44.3148301], [17.1440219, 44.3146258], [17.144185, 44.3143596], [17.1442309, 44.3141444], [17.1441544, 44.3141189], [17.1440882, 44.3140788], [17.1440321, 44.3140277], [17.1439913, 44.3139657], [17.1439659, 44.3139074], [17.143971, 44.3138454], [17.1440015, 44.313787], [17.1440525, 44.313736], [17.1440984, 44.3136813], [17.1441239, 44.3136193], [17.1441493, 44.3135536], [17.1441493, 44.3134916], [17.1441443, 44.313426], [17.1441443, 44.3132983], [17.1441595, 44.3132327], [17.144185, 44.3131707], [17.1442054, 44.3130138], [17.1442309, 44.3129482], [17.1442717, 44.3128825], [17.1442972, 44.3128169], [17.1443328, 44.3127367], [17.1443889, 44.3126017], [17.1444144, 44.3125361], [17.1444297, 44.3124668], [17.1444603, 44.3123829], [17.1444959, 44.3123172], [17.1445316, 44.3122589], [17.1445673, 44.3121932], [17.1446183, 44.3121239], [17.144659, 44.3120692], [17.1446998, 44.3120145], [17.1447406, 44.3119525], [17.1448171, 44.3117301], [17.1448273, 44.3116681], [17.1448425, 44.3116024], [17.1448629, 44.3115404], [17.1448986, 44.311482], [17.1449598, 44.311431], [17.1450209, 44.3113836], [17.1450668, 44.3113289], [17.1450974, 44.3112705], [17.1451331, 44.3112085], [17.1451891, 44.3111538], [17.1452503, 44.3111064], [17.1453217, 44.3110736], [17.1454032, 44.3110517], [17.1455103, 44.3110298], [17.1455969, 44.3110079], [17.1456785, 44.3109824], [17.14576, 44.3109641], [17.1458467, 44.3109423], [17.1459384, 44.3109204], [17.1460301, 44.3108912], [17.1461117, 44.3108693], [17.1461882, 44.3108365], [17.1462697, 44.3108037], [17.1463564, 44.3107745], [17.1464226, 44.3107307], [17.1467131, 44.3106067], [17.1468915, 44.3105812], [17.1471872, 44.3104426], [17.1475027, 44.3103658], [17.1477894, 44.3102263], [17.1478059, 44.3102154], [17.1478238, 44.3102063], [17.1478607, 44.3101871], [17.1478951, 44.3101625], [17.1479079, 44.3101497], [17.1479219, 44.3101361], [17.1479372, 44.3101233], [17.1479537, 44.3101114], [17.1479716, 44.3100914], [17.1481831, 44.3099282], [17.148206, 44.3099227], [17.1482506, 44.3099145], [17.1484074, 44.3099008], [17.1483959, 44.3098871], [17.1483895, 44.3098689], [17.1483895, 44.3098443], [17.1484099, 44.3098069], [17.1484596, 44.3097723], [17.1485794, 44.3097194], [17.1485692, 44.3096756], [17.1485819, 44.3095507], [17.1486023, 44.309485], [17.1486278, 44.3094267], [17.1487043, 44.3093063], [17.1488011, 44.3089963], [17.1488266, 44.3089306], [17.148847, 44.3088686], [17.1488623, 44.3087993], [17.1488674, 44.3087337], [17.1488725, 44.3086717], [17.1488674, 44.3086097], [17.1488623, 44.3085477], [17.148847, 44.30842], [17.148847, 44.3083507], [17.1488572, 44.3082814], [17.1488674, 44.3082121], [17.1488878, 44.3081428], [17.1488929, 44.3080699], [17.148898, 44.3080042], [17.1489132, 44.307727], [17.1489132, 44.3076577], [17.1489387, 44.3075993], [17.1489795, 44.3075373], [17.1490254, 44.3074826], [17.1490764, 44.3074316], [17.1491324, 44.3073805], [17.1492038, 44.3073367], [17.1492802, 44.3073039], [17.1493669, 44.3072747], [17.1494535, 44.3072273], [17.1495504, 44.3071835], [17.1496727, 44.3071434], [17.1498154, 44.3070996], [17.1498817, 44.3070522], [17.1499428, 44.3070048], [17.1500193, 44.3069647], [17.1500958, 44.3069355], [17.1501773, 44.3069136], [17.150264, 44.3068917], [17.1506258, 44.3067641], [17.1507074, 44.3067312], [17.150794, 44.3066802], [17.1508552, 44.3066291], [17.1509317, 44.3065781], [17.1509928, 44.306527], [17.1510591, 44.3064832], [17.1511254, 44.3064322], [17.1511865, 44.3063774], [17.1512375, 44.3063227], [17.1512834, 44.306268], [17.1513139, 44.3062097], [17.1513547, 44.3061476], [17.1513904, 44.306082], [17.1514872, 44.305958], [17.151528, 44.3058996], [17.1515841, 44.3058413], [17.1516249, 44.3057829], [17.1516707, 44.3057318], [17.1520836, 44.3054802], [17.1521499, 44.3054254], [17.1522161, 44.3053744], [17.1522773, 44.3053197], [17.1523333, 44.3052722], [17.1523945, 44.3052212], [17.1524557, 44.3051628], [17.1525015, 44.3051117], [17.1525474, 44.3050534], [17.1525933, 44.304995], [17.152629, 44.3049367], [17.1526646, 44.3048783], [17.1527105, 44.3048199], [17.1527666, 44.3047725], [17.1528328, 44.3047251], [17.1528991, 44.3046813], [17.1529603, 44.3046376], [17.1530367, 44.3045901], [17.1530979, 44.3045464], [17.1531743, 44.304499], [17.1532406, 44.3044552], [17.1537299, 44.3040649], [17.1537911, 44.3040102], [17.1538268, 44.3039445], [17.1538523, 44.3038789], [17.1538523, 44.3036199], [17.1538472, 44.3035542], [17.1538472, 44.3034886], [17.1538523, 44.3034265], [17.1538573, 44.3033609], [17.1538675, 44.3032952], [17.1538828, 44.3032296], [17.1539134, 44.3031676], [17.153944, 44.3031092], [17.1539899, 44.3030253], [17.1540408, 44.3029378], [17.1542804, 44.3024708], [17.1543721, 44.3022228], [17.154576, 44.3017121], [17.1545913, 44.3016501], [17.1546066, 44.3015844], [17.1546321, 44.3015224], [17.1546678, 44.3014641], [17.1547085, 44.3014057], [17.154734, 44.3013364], [17.1547493, 44.3012744], [17.1547544, 44.3012124], [17.1549991, 44.3003952], [17.1550195, 44.3003296], [17.155045, 44.3002603], [17.1550704, 44.3002019], [17.1551061, 44.3001435], [17.1551673, 44.3000961], [17.1552386, 44.3000596], [17.1553304, 44.3000305], [17.1554221, 44.3000013], [17.1555139, 44.2999757], [17.1556107, 44.2999502], [17.1556974, 44.2999283], [17.155784, 44.2999028], [17.1558605, 44.2998772], [17.1559471, 44.2998554], [17.1560287, 44.2998298], [17.1561102, 44.2998079], [17.1561969, 44.2997897], [17.1562835, 44.2997642], [17.1563855, 44.2997386], [17.1564721, 44.2997094], [17.1566454, 44.2996547], [17.156727, 44.2996255], [17.1568238, 44.2996037], [17.1569054, 44.2995818], [17.156992, 44.2995635], [17.1570787, 44.2995453], [17.1571755, 44.2995234], [17.1572672, 44.2995052], [17.1573641, 44.2994869], [17.1574456, 44.299465], [17.1575374, 44.2994468], [17.1576189, 44.2994249], [17.1577005, 44.2993921], [17.1582282, 44.2992296], [17.1582967, 44.2992167], [17.1583687, 44.2992038], [17.1584336, 44.2991857], [17.1584985, 44.2991651], [17.1585598, 44.299147], [17.1587075, 44.2991006], [17.1588048, 44.2990774], [17.1588877, 44.2990516], [17.1589815, 44.2990232], [17.1590968, 44.2989819], [17.1592121, 44.2989432], [17.1592842, 44.2989226], [17.1593383, 44.2989045], [17.159468, 44.2988581], [17.1595401, 44.2988349], [17.1596086, 44.2988117], [17.1596662, 44.2987911], [17.1597347, 44.2987704], [17.15985, 44.2987343], [17.1599257, 44.2987111], [17.1599942, 44.2986853], [17.1600483, 44.2986595], [17.1601095, 44.2986363], [17.1601672, 44.2986156], [17.1602249, 44.2985924], [17.1602789, 44.2985666], [17.160351, 44.2985434], [17.1604195, 44.2985202], [17.1604736, 44.2984996], [17.1605384, 44.2984841], [17.1606105, 44.2984635], [17.1606754, 44.2984428], [17.1608087, 44.2984093], [17.1608664, 44.2983938], [17.1609313, 44.2983809], [17.1609962, 44.2983732], [17.1610646, 44.298368], [17.1611259, 44.2983654], [17.1613061, 44.2983345], [17.1613782, 44.2982932], [17.1614683, 44.2982468], [17.1615404, 44.2982081], [17.1615872, 44.298172], [17.1618395, 44.2980327], [17.16189, 44.2980043], [17.1619404, 44.2979733], [17.1620017, 44.2979604], [17.1620666, 44.2979656], [17.1621243, 44.2979862], [17.1621747, 44.2980095], [17.1622252, 44.2980378], [17.1622792, 44.2980585], [17.1623441, 44.2980765], [17.1624018, 44.2980894], [17.1625315, 44.2981101], [17.1625928, 44.2981178], [17.1626613, 44.2981255], [17.1627442, 44.2981333], [17.1628739, 44.2981488], [17.1629388, 44.2981591], [17.1630073, 44.2981745], [17.1630721, 44.2981849], [17.1631334, 44.2981926], [17.1632776, 44.2982029], [17.1633533, 44.2981978], [17.1634253, 44.2981952], [17.1634938, 44.2981874], [17.1635587, 44.2981771], [17.1636848, 44.2981616], [17.1637461, 44.2981462], [17.1638074, 44.2981204], [17.1638687, 44.298092], [17.1639371, 44.2980585], [17.1639948, 44.2980378], [17.1641281, 44.2980095], [17.1641894, 44.2979991], [17.1642471, 44.2979862], [17.1643084, 44.2979656], [17.1643624, 44.2979424], [17.1644165, 44.2979166], [17.1644705, 44.2978934], [17.1645787, 44.2978237], [17.1646399, 44.2978057], [17.1646976, 44.2977825], [17.1647445, 44.2977489], [17.1647841, 44.2977128], [17.1648021, 44.2976664], [17.1648165, 44.2976174], [17.1648382, 44.2975709], [17.1648634, 44.2975271], [17.1648994, 44.2974806], [17.1649319, 44.2974445], [17.1649679, 44.2974058], [17.1650076, 44.2973671], [17.16504, 44.297331], [17.1650832, 44.2972923], [17.1651337, 44.2972459], [17.1651806, 44.2972072], [17.1652382, 44.2971634], [17.1653175, 44.297104], [17.1653932, 44.2970524], [17.1654869, 44.2969802], [17.1655554, 44.2969157], [17.1655878, 44.2968796], [17.1656275, 44.2968332], [17.1656563, 44.2967919], [17.1658041, 44.2966036], [17.1658473, 44.2965623], [17.1658906, 44.2965107], [17.165923, 44.2964669], [17.1659627, 44.2964153], [17.1660203, 44.2963327], [17.1660455, 44.2962889], [17.1660816, 44.2962424], [17.1661068, 44.2962038], [17.1661429, 44.2961599], [17.1661717, 44.2961212], [17.1662113, 44.2960799], [17.1662474, 44.2960387], [17.1662762, 44.296], [17.1663231, 44.2959613], [17.1663771, 44.2959252], [17.1664384, 44.2958942], [17.1664961, 44.2958684], [17.1665573, 44.2958452], [17.1666222, 44.2958245], [17.1666835, 44.2958065], [17.1667447, 44.295791], [17.1668132, 44.2957755], [17.1668745, 44.2957704], [17.1669502, 44.2957704], [17.1670187, 44.2957807], [17.1670727, 44.2958039], [17.167134, 44.295822], [17.1671917, 44.2958349], [17.1672565, 44.2958426], [17.1673827, 44.2958452], [17.1674367, 44.2957962], [17.1674944, 44.2957265], [17.1675196, 44.2956801], [17.1675413, 44.2956388], [17.1675737, 44.295533], [17.1675917, 44.2954866], [17.1676167, 44.2953982], [17.1678461, 44.2951391], [17.1679531, 44.2949111], [17.1686284, 44.2940775], [17.1691407, 44.2936233], [17.1691917, 44.2935448], [17.1689368, 44.2935193], [17.1687788, 44.2935339], [17.1687355, 44.293543], [17.1683634, 44.293647], [17.1683252, 44.2936598], [17.1682895, 44.2936707], [17.1682462, 44.2936817], [17.1682003, 44.2936817], [17.1681595, 44.293678], [17.1681264, 44.2936598], [17.1681086, 44.2936306], [17.1681111, 44.2935977], [17.1681264, 44.2935667], [17.1681493, 44.2935412], [17.1681825, 44.2935211], [17.1682768, 44.2934445], [17.1685877, 44.2931964], [17.1687916, 44.2930304], [17.1689776, 44.2929392], [17.1692146, 44.2928353], [17.1694465, 44.292786], [17.1696886, 44.2927915], [17.1698481, 44.2928536], [17.1700596, 44.2929733], [17.1702828, 44.2930446], [17.1704608, 44.2930596], [17.1706927, 44.2930396], [17.1709043, 44.2929684], [17.1710623, 44.2928407], [17.1711871, 44.2926729], [17.1713018, 44.292496], [17.1714751, 44.2922916], [17.1715898, 44.2921074], [17.1715975, 44.2920727], [17.1716102, 44.2920417], [17.171628, 44.2920144], [17.1716586, 44.2919852], [17.1716943, 44.2919633], [17.1717351, 44.2919505], [17.1717784, 44.2919378], [17.1718217, 44.2919359], [17.1718625, 44.2919469], [17.1719007, 44.2919633], [17.172138, 44.292128], [17.1728807, 44.2925698], [17.1735541, 44.2929202], [17.1742569, 44.2933536], [17.1749574, 44.2938107], [17.1752328, 44.2940587], [17.1755093, 44.2943089], [17.1757931, 44.2944778], [17.1761491, 44.2946811], [17.1765005, 44.2949229], [17.1766373, 44.2950406], [17.1767762, 44.2951173], [17.1769074, 44.295182], [17.1770973, 44.295213], [17.1773267, 44.2952012], [17.1775165, 44.2951501], [17.1776503, 44.2950662], [17.1778211, 44.2948956], [17.1780097, 44.294726], [17.1782327, 44.2945892], [17.1782492, 44.2945791], [17.1782862, 44.2945545], [17.1783028, 44.2945418], [17.1783219, 44.2945317], [17.178369, 44.2945281], [17.178392, 44.2945281], [17.1784569, 44.2945372], [17.1787143, 44.2944423], [17.1787335, 44.2943894], [17.1788864, 44.2943612], [17.1788991, 44.2943739], [17.1789373, 44.2943922], [17.1789577, 44.2944004], [17.1789794, 44.2944004], [17.1790125, 44.2943976], [17.1790355, 44.2943922], [17.1790877, 44.2943758], [17.1791749, 44.2943208], [17.1792182, 44.2943172], [17.1792616, 44.2943135], [17.1793049, 44.2943062], [17.1793508, 44.2942989], [17.1793941, 44.2942916], [17.1794425, 44.2942843], [17.1794909, 44.2942752], [17.1796235, 44.2942679], [17.1797152, 44.2942679], [17.1798095, 44.2942734], [17.1798579, 44.2942734], [17.1799038, 44.2942789], [17.1799471, 44.2942843], [17.179993, 44.2942935], [17.1800338, 44.2943062], [17.1800745, 44.2943172], [17.1801128, 44.2943299], [17.1801536, 44.2943391], [17.1801994, 44.2943464], [17.1802453, 44.2943482], [17.1802937, 44.29435], [17.1803421, 44.2943536], [17.180388, 44.2943536], [17.1804772, 44.29435], [17.1805231, 44.2943409], [17.180569, 44.2943281], [17.1806072, 44.2943135], [17.1806429, 44.2942971], [17.1806811, 44.2942734], [17.1807193, 44.2942515], [17.1807499, 44.294226], [17.1807856, 44.2942041], [17.1808187, 44.2941822], [17.1808569, 44.2941603], [17.1808977, 44.2941366], [17.1809283, 44.294111], [17.1809538, 44.2940819], [17.1809716, 44.2940527], [17.1809844, 44.2940217], [17.180992, 44.2939888], [17.1810022, 44.2939578], [17.1810149, 44.2939195], [17.1810226, 44.2938848], [17.1810328, 44.293852], [17.1810685, 44.2937955], [17.1810863, 44.2937626], [17.1811118, 44.2937334], [17.1811373, 44.2937061], [17.1811653, 44.2936805], [17.1811882, 44.2936532], [17.1812112, 44.2936276], [17.1812341, 44.2936003], [17.1812571, 44.2935656], [17.1812749, 44.2935328], [17.1813692, 44.2934416], [17.1813335, 44.293427], [17.1813029, 44.2934033], [17.1812723, 44.2933796], [17.1812469, 44.293354], [17.1812035, 44.2932683], [17.1811908, 44.2931388], [17.1811933, 44.2925058], [17.1812163, 44.2923361], [17.1812061, 44.2921938], [17.1811679, 44.2920716], [17.1808697, 44.291559], [17.1806913, 44.2912544], [17.1806658, 44.2912179], [17.1805741, 44.2910811], [17.1804237, 44.2908348], [17.1803039, 44.2906487], [17.1802198, 44.2905557], [17.1801943, 44.2905302], [17.1800287, 44.2903769], [17.1799242, 44.2902146], [17.1797764, 44.2899282], [17.1796897, 44.2897877], [17.1795648, 44.2896801], [17.1794068, 44.2895159], [17.1792896, 44.289317], [17.1790908, 44.2888555], [17.1789659, 44.2885508], [17.1789558, 44.2885216], [17.1789277, 44.2883666], [17.1789532, 44.2876095], [17.1789685, 44.2873413], [17.1790195, 44.2871114], [17.1790679, 44.2869564], [17.1791571, 44.2868068], [17.1792514, 44.2866189], [17.1792947, 44.2864346], [17.1793457, 44.2862522], [17.1794476, 44.2860515], [17.1795062, 44.2859165], [17.179496, 44.2857906], [17.1794196, 44.2857012], [17.1793151, 44.2855826], [17.1792412, 44.2854841], [17.1792208, 44.2854531], [17.1791367, 44.2853181], [17.1790169, 44.2851156], [17.1787187, 44.2847215], [17.1786907, 44.2846923], [17.1786576, 44.2846668], [17.1786219, 44.284643], [17.1785811, 44.2846139], [17.1785098, 44.284581], [17.1784639, 44.2845609], [17.1784282, 44.2845445], [17.17839, 44.2845318], [17.1783518, 44.2845153], [17.1780638, 44.2844223], [17.1780179, 44.2844095], [17.1779695, 44.2843986], [17.1777962, 44.2843457], [17.1777529, 44.2843311], [17.1776101, 44.2842709], [17.1775184, 44.2841815], [17.1774216, 44.284072], [17.1771973, 44.2837217], [17.1770163, 44.2834718], [17.1769577, 44.2833149], [17.1769322, 44.283116], [17.1769424, 44.2828752], [17.1769705, 44.2827182], [17.1769858, 44.2825486], [17.1769552, 44.2824044], [17.1768966, 44.28216], [17.1769042, 44.2820122], [17.1769985, 44.2817567], [17.1772228, 44.2814466], [17.177684, 44.2809065], [17.1779899, 44.2805562], [17.178209, 44.2802314], [17.1784384, 44.2801311], [17.1784308, 44.280069], [17.1784231, 44.2800325], [17.1784155, 44.2799669], [17.1784155, 44.2798975], [17.1784002, 44.279726], [17.1783976, 44.2796567], [17.1784299, 44.2794712], [17.1784659, 44.2793835], [17.1785092, 44.2792957], [17.1785236, 44.2792467], [17.178538, 44.2792028], [17.1785488, 44.2791564], [17.1785488, 44.2790609], [17.1785452, 44.2790119], [17.178538, 44.278968], [17.1785344, 44.2789164], [17.1785344, 44.2788725], [17.178556, 44.2788313], [17.1785921, 44.2787951], [17.1786389, 44.2787616], [17.178693, 44.278728], [17.1787507, 44.2787074], [17.1788191, 44.2786893], [17.178884, 44.2786764], [17.1789561, 44.2786739], [17.179021, 44.2786739], [17.1790858, 44.2786764], [17.1791471, 44.2786842], [17.179212, 44.2786945], [17.1792841, 44.2787048], [17.1793598, 44.27871], [17.1794318, 44.27871], [17.1794967, 44.2787022], [17.1795688, 44.2786816], [17.1796301, 44.2786558], [17.1796733, 44.2786248], [17.1797238, 44.2785939], [17.1797634, 44.2785526], [17.1798535, 44.2784545], [17.1798787, 44.2784158], [17.1798932, 44.278372], [17.1799112, 44.2783229], [17.1799328, 44.2782687], [17.1799544, 44.2782249], [17.1799869, 44.2781733], [17.1800193, 44.278132], [17.1800517, 44.2780933], [17.1801418, 44.2780184], [17.1801887, 44.2779875], [17.1802428, 44.2779591], [17.180304, 44.277941], [17.1803797, 44.2779307], [17.180459, 44.2779281], [17.1805203, 44.2779307], [17.180596, 44.2779359], [17.1806644, 44.2779436], [17.1807257, 44.2779565], [17.1807906, 44.2779772], [17.18096, 44.2780081], [17.1810177, 44.2780288], [17.1810789, 44.2780494], [17.1811943, 44.2780855], [17.1812483, 44.278101], [17.1813636, 44.278132], [17.1814249, 44.2781449], [17.1814898, 44.2781629], [17.1815475, 44.2781758], [17.1816736, 44.2781913], [17.1817385, 44.2781913], [17.1818034, 44.2781836], [17.181861, 44.2781655], [17.1819223, 44.2781475], [17.1819836, 44.2781346], [17.1820448, 44.2781191], [17.1821061, 44.2780984], [17.1821674, 44.2780804], [17.1822286, 44.2780597], [17.1822863, 44.2780365], [17.1823404, 44.2780184], [17.182398, 44.2779952], [17.1824665, 44.2779617], [17.1825206, 44.2779359], [17.1825891, 44.2779101], [17.1826395, 44.2778817], [17.1826972, 44.2778559], [17.1827476, 44.2778301], [17.1832594, 44.2775204], [17.1832883, 44.2775565], [17.1833243, 44.2775927], [17.1833964, 44.2776701], [17.1834685, 44.2777423], [17.183555, 44.2778043], [17.1836018, 44.2778352], [17.1836991, 44.2779101], [17.1837496, 44.2779436], [17.1837928, 44.2779772], [17.1838865, 44.2780391], [17.1839298, 44.2780726], [17.1839875, 44.2781088], [17.1843082, 44.2782584], [17.1843623, 44.2782816], [17.1844163, 44.2782997], [17.1845317, 44.2783307], [17.1845929, 44.2783461], [17.1846506, 44.2783591], [17.1847119, 44.278372], [17.1847732, 44.2783874], [17.184838, 44.2784029], [17.1849065, 44.2784158], [17.1849678, 44.2784261], [17.1850363, 44.278439], [17.1851083, 44.2784519], [17.185166, 44.27847], [17.1852237, 44.2784907], [17.1852849, 44.2785165], [17.1853426, 44.2785345], [17.1853967, 44.2785552], [17.1854651, 44.2785706], [17.1855336, 44.2785887], [17.1855985, 44.2786016], [17.1856706, 44.2786094], [17.1857859, 44.2786248], [17.1858796, 44.2786403], [17.1859914, 44.278661], [17.186204, 44.2787022], [17.1863265, 44.2787384], [17.1864419, 44.2787642], [17.18655, 44.2787926], [17.1866149, 44.2788132], [17.1866761, 44.2788364], [17.1868672, 44.2789009], [17.1869248, 44.2789164], [17.1869933, 44.2789396], [17.1870546, 44.2789525], [17.1871194, 44.2789629], [17.1871807, 44.2789706], [17.1872564, 44.2789706], [17.1873213, 44.2789654], [17.1873934, 44.2789603], [17.1874654, 44.2789525], [17.1875267, 44.2789448], [17.1875952, 44.2789422], [17.1876565, 44.2789422], [17.1877177, 44.2789577], [17.1877682, 44.2789809], [17.1878222, 44.2790093], [17.1878727, 44.2790403], [17.1879196, 44.2790712], [17.1880205, 44.2791435], [17.1880709, 44.2791822], [17.1881106, 44.2792183], [17.188161, 44.2792519], [17.1881971, 44.2792854], [17.1882403, 44.2793164], [17.1882944, 44.2793448], [17.1883521, 44.2793731], [17.1884061, 44.2794015], [17.1884566, 44.2794351], [17.1884998, 44.279466], [17.1885359, 44.2795022], [17.1885719, 44.2795409], [17.1886043, 44.2795821], [17.188662, 44.2796647], [17.1886872, 44.279706], [17.1887161, 44.2797447], [17.1887809, 44.2798221], [17.188817, 44.2798634], [17.1889215, 44.2799589], [17.1889612, 44.2799924], [17.1890332, 44.2800337], [17.1890945, 44.2800673], [17.1891486, 44.2800956], [17.1892315, 44.2801498], [17.1892819, 44.2801911], [17.1893216, 44.2802298], [17.1893612, 44.2802659], [17.1893936, 44.2803046], [17.1895847, 44.2803821], [17.1896423, 44.2804027], [17.1897036, 44.2804182], [17.1897613, 44.2804362], [17.1898225, 44.2804466], [17.1898946, 44.2804595], [17.1899595, 44.2804672], [17.1900244, 44.2804775], [17.1900965, 44.2804904], [17.1901577, 44.2805059], [17.190219, 44.280524], [17.1902839, 44.2805498], [17.1903379, 44.280573], [17.190392, 44.280604], [17.1904352, 44.2806349], [17.1904785, 44.2806685], [17.1905578, 44.2807459], [17.1906443, 44.280813], [17.1906947, 44.2808465], [17.1907488, 44.2808749], [17.1908065, 44.2808981], [17.1908677, 44.2809265], [17.190911, 44.2809575], [17.1909506, 44.2809936], [17.1909867, 44.2810297], [17.1910191, 44.2810761], [17.1910515, 44.28112], [17.191102, 44.2812026], [17.1911308, 44.2812413], [17.1911597, 44.2812852], [17.1911957, 44.281329], [17.1912282, 44.2813703], [17.191257, 44.2814116], [17.1912822, 44.2814554], [17.1913038, 44.2814967], [17.1913435, 44.281587], [17.1913615, 44.2816309], [17.1913831, 44.2816722], [17.1914372, 44.2817548], [17.191466, 44.281796], [17.1915021, 44.2818322], [17.1915417, 44.2818735], [17.1916606, 44.2820102], [17.1917075, 44.2820386], [17.1917616, 44.2820592], [17.1918156, 44.2820825], [17.1918733, 44.2821057], [17.191931, 44.2821263], [17.1919958, 44.2821341], [17.1920607, 44.282147], [17.1921832, 44.2821573], [17.1922445, 44.2821573], [17.1923058, 44.282165], [17.1923707, 44.2821779], [17.1924283, 44.2821934], [17.192486, 44.282214], [17.1925364, 44.2822398], [17.1925833, 44.282276], [17.1926338, 44.2823173], [17.1926734, 44.282356], [17.1927167, 44.282405], [17.1927851, 44.2824927], [17.1928176, 44.2825366], [17.19285, 44.2825753], [17.1928897, 44.2826088], [17.1929365, 44.2826424], [17.1929906, 44.2826785], [17.193041, 44.2827094], [17.1930987, 44.2827404], [17.1931564, 44.2827636], [17.1932176, 44.2827791], [17.1932825, 44.2827972], [17.1933402, 44.2828152], [17.1933978, 44.2828307], [17.1934591, 44.2828462], [17.193524, 44.2828668], [17.1935816, 44.2828797], [17.1936465, 44.2828901], [17.1937186, 44.2829055], [17.1937835, 44.2829081], [17.1939349, 44.2829184], [17.1939961, 44.2829365], [17.1940574, 44.2829468], [17.1941259, 44.2829546], [17.1941943, 44.2829571], [17.194252, 44.2829313], [17.1943133, 44.2829339], [17.1943854, 44.2829391], [17.1944466, 44.2829391], [17.1945115, 44.2829365], [17.1945764, 44.2829313], [17.1946413, 44.2829339], [17.1947169, 44.2829468], [17.1947782, 44.2829494], [17.1948431, 44.2829468], [17.1949764, 44.2829468], [17.1950449, 44.2829494], [17.1951062, 44.2829494], [17.1951855, 44.282952], [17.1952612, 44.2829571], [17.1953224, 44.2829623], [17.1953837, 44.2829726], [17.1954594, 44.2829881], [17.1955243, 44.2829984], [17.1955855, 44.2830165], [17.195654, 44.2830294], [17.1957153, 44.2830475], [17.1957838, 44.2830604], [17.1958522, 44.2830758], [17.1959099, 44.2830939], [17.195964, 44.2831171], [17.196018, 44.2831378], [17.1960757, 44.2831584], [17.1961298, 44.2831842], [17.1961874, 44.28321], [17.1962379, 44.2832384], [17.1963388, 44.2832848], [17.1964037, 44.2833029], [17.1964686, 44.2833029], [17.1965334, 44.2832977], [17.1965911, 44.2832797], [17.1966416, 44.2832461], [17.1966812, 44.2832126], [17.1967533, 44.2831868], [17.196829, 44.283161], [17.1969587, 44.2831403], [17.1970416, 44.2831455], [17.1971569, 44.2831584], [17.197229, 44.2831636], [17.1973227, 44.2831636], [17.197539, 44.2831507], [17.1976003, 44.2831584], [17.1976759, 44.2831661], [17.1977588, 44.2831816], [17.197885, 44.2832152], [17.197939, 44.2832384], [17.1980003, 44.2832668], [17.1980544, 44.2832977], [17.1981012, 44.2833339], [17.1981373, 44.2833674], [17.1981733, 44.2834035], [17.1982238, 44.2834319], [17.1983571, 44.2834267], [17.1984256, 44.2834267], [17.1985049, 44.2834345], [17.1985662, 44.2834448], [17.198631, 44.2834551], [17.1986923, 44.283468], [17.1987464, 44.2834835], [17.198804, 44.283499], [17.1988797, 44.2835248], [17.1989374, 44.2835454], [17.198995, 44.2835686], [17.1990635, 44.2835893], [17.1991356, 44.2836125], [17.1991969, 44.2836357], [17.1992509, 44.2836615], [17.199305, 44.2836899], [17.1994311, 44.2837776], [17.1998276, 44.2839841], [17.199842, 44.2839376], [17.1998528, 44.2838912], [17.1998672, 44.2838473], [17.1998817, 44.2838009], [17.1999033, 44.2837002], [17.1999213, 44.2836538], [17.1999393, 44.2836048], [17.199961, 44.2835609], [17.2001556, 44.2833364], [17.200188, 44.2832951], [17.2002277, 44.2832513], [17.2002709, 44.2832126], [17.2003142, 44.2831765], [17.2003646, 44.2831455], [17.2004151, 44.2831171], [17.2004727, 44.2830939], [17.2005196, 44.2830629], [17.2005701, 44.2830346], [17.2006133, 44.283001], [17.2006566, 44.2829623], [17.2006926, 44.2829236], [17.2007178, 44.2828849], [17.2007431, 44.2828333], [17.2007575, 44.2827894], [17.2007791, 44.2827456], [17.2008043, 44.2827043], [17.2008404, 44.2826656], [17.2008872, 44.282632], [17.2009269, 44.2825959], [17.2009629, 44.2825572], [17.2009881, 44.2825133], [17.2009989, 44.2824617], [17.2009989, 44.2824153], [17.2009917, 44.2823224], [17.2009701, 44.2822527], [17.2009449, 44.282196], [17.2008764, 44.2820076], [17.2008584, 44.2819663], [17.2008404, 44.2819199], [17.2008223, 44.2818786], [17.2008043, 44.2818322], [17.2007827, 44.2817857], [17.2007755, 44.2817419], [17.2007647, 44.281698], [17.2007647, 44.2815974], [17.2007863, 44.2815071], [17.2008007, 44.281458], [17.2008187, 44.2814142], [17.2008476, 44.2813626], [17.2009052, 44.2812852], [17.2009413, 44.2812464], [17.2009809, 44.2812052], [17.2010278, 44.2811587], [17.2010602, 44.2811226], [17.2010999, 44.2810813], [17.2011359, 44.2810452], [17.2011755, 44.2810013], [17.2012116, 44.2809575], [17.201244, 44.2809162], [17.2012729, 44.2808749], [17.2013053, 44.2808388], [17.2013413, 44.2808026], [17.2013774, 44.2807639], [17.2014278, 44.2807175], [17.2014747, 44.2806839], [17.2015143, 44.2806504], [17.201608, 44.2805833], [17.2016585, 44.280542], [17.201763, 44.2804672], [17.2018135, 44.2804362], [17.2018675, 44.2804053], [17.2019216, 44.2803795], [17.2019793, 44.2803511], [17.2020405, 44.2803253], [17.2020946, 44.2803072], [17.2021523, 44.2802866], [17.2022207, 44.2802634], [17.202282, 44.2802453], [17.2023361, 44.2802247], [17.202401, 44.280204], [17.2024622, 44.2801834], [17.2026064, 44.2801395], [17.2027037, 44.2801163], [17.202783, 44.2801034], [17.203183, 44.280026], [17.2032443, 44.2800105], [17.2033056, 44.2799898], [17.203356, 44.2799666], [17.2034173, 44.2799434], [17.203475, 44.2799228], [17.203529, 44.2798969], [17.2035939, 44.2798608], [17.2036516, 44.2798273], [17.2036948, 44.2797912], [17.2037345, 44.279755], [17.203821, 44.2796776], [17.2038534, 44.2796415], [17.2038931, 44.2796054], [17.2039291, 44.2795667], [17.2039579, 44.2795254], [17.2039796, 44.2794789], [17.2040012, 44.2794299], [17.2040156, 44.2793809], [17.2040228, 44.2793344], [17.2040228, 44.2792364], [17.2040192, 44.2791925], [17.2040192, 44.278839], [17.204012, 44.2787951], [17.2040084, 44.2787461], [17.2040012, 44.2786971], [17.2039796, 44.2785964], [17.2039651, 44.2785448], [17.2039543, 44.2784958], [17.2039507, 44.2784519], [17.2039399, 44.2783978], [17.2039399, 44.2782945], [17.2039363, 44.2782481], [17.2038895, 44.2779823], [17.2039327, 44.276656], [17.2039543, 44.2762973], [17.2039435, 44.2760341], [17.2040156, 44.2751335], [17.2040625, 44.2749477], [17.2040769, 44.2740961], [17.2040805, 44.274047], [17.2040877, 44.2740006], [17.2040985, 44.2739541], [17.2041165, 44.2739051], [17.2041381, 44.2738535], [17.2041598, 44.2738122], [17.204185, 44.2737683], [17.2042138, 44.2737271], [17.2042463, 44.2736858], [17.2042787, 44.2736471], [17.2043111, 44.2736032], [17.20434, 44.2735593], [17.2043904, 44.2734767], [17.2044085, 44.2734329], [17.2046788, 44.2729658], [17.2047112, 44.2729219], [17.2047472, 44.2728754], [17.2047869, 44.2728264], [17.2048193, 44.27278], [17.2048482, 44.2727413], [17.2048734, 44.2727], [17.2048986, 44.2726509], [17.2049166, 44.2726045], [17.2049347, 44.2725503], [17.2049455, 44.2725064], [17.2049491, 44.2724548], [17.2049491, 44.2723154], [17.2049347, 44.2722251], [17.2049202, 44.2721813], [17.2049022, 44.2721374], [17.204895, 44.2720832], [17.2049022, 44.2720135], [17.2048914, 44.2719361], [17.2048662, 44.2718922], [17.2048229, 44.2717658], [17.2048121, 44.2717193], [17.2048121, 44.2716754], [17.2048157, 44.2716316], [17.2048265, 44.2715877], [17.2048482, 44.2715438], [17.2048878, 44.2715051], [17.2049599, 44.2714329], [17.2050031, 44.2713967], [17.20505, 44.2713606], [17.2051437, 44.2712935], [17.2051869, 44.2712574], [17.2052302, 44.2712238], [17.2052698, 44.2711825], [17.2053095, 44.2711464], [17.2053419, 44.2711103], [17.2053599, 44.2710664], [17.2053744, 44.2710174], [17.2053744, 44.2709193], [17.2054176, 44.2707412], [17.20545, 44.2706948], [17.2054933, 44.2706586], [17.2055401, 44.2706302], [17.2056014, 44.2705993], [17.2056555, 44.2705709], [17.2057095, 44.2705451], [17.2057636, 44.2705219], [17.2058213, 44.270496], [17.2058753, 44.2704728], [17.2059258, 44.2704496], [17.2059799, 44.2704289], [17.2060375, 44.2704031], [17.2060952, 44.2703748], [17.206142, 44.2703412], [17.2061745, 44.2702999], [17.2062033, 44.2702586], [17.2062141, 44.2702122], [17.2062213, 44.2701657], [17.2062393, 44.2701218], [17.206279, 44.2700857], [17.2063331, 44.2700522], [17.2063835, 44.2700238], [17.2064376, 44.269998], [17.206488, 44.2699722], [17.2067259, 44.2698586], [17.2163958, 44.265786], [17.2164282, 44.2657499], [17.2164498, 44.2657086], [17.2164787, 44.2656673], [17.2165111, 44.265626], [17.21654, 44.2655847], [17.216576, 44.265546], [17.2166265, 44.265515], [17.2166805, 44.2654944], [17.2167346, 44.2654763], [17.2167922, 44.2654608], [17.2168571, 44.2654453], [17.2169256, 44.2654324], [17.2169977, 44.2654118], [17.2170589, 44.2653911], [17.2171094, 44.2653601], [17.2171527, 44.2653292], [17.2171995, 44.2652982], [17.21725, 44.2652698], [17.217304, 44.2652492], [17.2173581, 44.2652233], [17.2174122, 44.2652053], [17.2174698, 44.2651846], [17.2175311, 44.265164], [17.217596, 44.2651459], [17.21765, 44.2651253], [17.2177077, 44.2651098], [17.217769, 44.2650943], [17.2178302, 44.2650814], [17.2178951, 44.2650685], [17.2180249, 44.2650375], [17.2180825, 44.2650169], [17.2181546, 44.2649859], [17.2182051, 44.2649627], [17.2182627, 44.2649498], [17.2183276, 44.2649446], [17.2183961, 44.2649343], [17.2184682, 44.264924], [17.2185907, 44.2649136], [17.218652, 44.264911], [17.2187204, 44.2648981], [17.2187781, 44.2648723], [17.2188322, 44.2648465], [17.218879, 44.2648181], [17.2190556, 44.264671], [17.2191025, 44.26464], [17.2191457, 44.2646065], [17.219243, 44.264542], [17.2192827, 44.2645033], [17.2193295, 44.2644723], [17.2193764, 44.2644387], [17.2194377, 44.2644078], [17.2194917, 44.2643742], [17.2195386, 44.2643355], [17.2196107, 44.2642555], [17.2196323, 44.2642116], [17.219726, 44.264049], [17.2197584, 44.2640103], [17.2197837, 44.263969], [17.2198053, 44.2639277], [17.2198233, 44.2638786], [17.2198269, 44.2638348], [17.2198269, 44.2637418], [17.2198197, 44.2636515], [17.2198053, 44.2635612], [17.2198053, 44.2635173], [17.2198125, 44.2634734], [17.2198305, 44.2634295], [17.2198341, 44.2633831], [17.2198413, 44.263334], [17.2198485, 44.2632902], [17.2198521, 44.2632463], [17.219863, 44.2632024], [17.219881, 44.263156], [17.2199062, 44.2630992], [17.2199314, 44.2630553], [17.2199711, 44.2630011], [17.2200179, 44.2629546], [17.2201549, 44.2629262], [17.2202126, 44.2629056], [17.220263, 44.2628772], [17.2203099, 44.2628436], [17.2203459, 44.2628075], [17.220382, 44.2627688], [17.2204288, 44.2627352], [17.2204793, 44.2627068], [17.2205441, 44.2627043], [17.2206054, 44.2627043], [17.2206775, 44.2627017], [17.2207388, 44.2627043], [17.2208036, 44.262712], [17.2208721, 44.2627172], [17.2209334, 44.2627275], [17.2210055, 44.2627404], [17.2210703, 44.2627481], [17.221128, 44.2627636], [17.2211893, 44.2627817], [17.2212578, 44.2627946], [17.2213262, 44.2627972], [17.2213875, 44.2627946], [17.2214488, 44.2627843], [17.2215209, 44.262774], [17.2215785, 44.2627533], [17.2216398, 44.2627301], [17.2217515, 44.2626785], [17.2218056, 44.2626501], [17.2218452, 44.2626139], [17.2218885, 44.2625778], [17.2219353, 44.2625417], [17.2219822, 44.2625029], [17.2220362, 44.262472], [17.2221264, 44.2624074], [17.222166, 44.2623739], [17.2222129, 44.2623403], [17.2222741, 44.2623197], [17.222339, 44.2622913], [17.2223895, 44.2622603], [17.2224327, 44.2622216], [17.2225156, 44.2621519], [17.2225516, 44.2621132], [17.2225841, 44.2620719], [17.2226129, 44.2620306], [17.2226381, 44.2619893], [17.2226706, 44.2619454], [17.2227174, 44.2619119], [17.2227679, 44.2618809], [17.2228256, 44.2618499], [17.222876, 44.2618241], [17.2229301, 44.2618009], [17.2229841, 44.2617751], [17.2230418, 44.2617544], [17.2230959, 44.2617363], [17.2231643, 44.2617312], [17.2232436, 44.2617338], [17.2233049, 44.2617363], [17.223377, 44.2617363], [17.2234455, 44.2617338], [17.2235392, 44.2617131], [17.2237086, 44.2616434], [17.2237626, 44.2616254], [17.2238203, 44.2616047], [17.2238744, 44.2615789], [17.2238996, 44.2615376], [17.2239212, 44.261486], [17.2239753, 44.2614602], [17.2240365, 44.2614627], [17.2240978, 44.2614757], [17.2241627, 44.2614757], [17.224224, 44.2614602], [17.2242744, 44.2614344], [17.2243285, 44.2614034], [17.2243573, 44.2613621], [17.2243789, 44.2613105], [17.2244078, 44.2612666], [17.2244438, 44.2612304], [17.2244943, 44.2611969], [17.2245411, 44.2611633], [17.2245952, 44.2611401], [17.2246456, 44.2611117], [17.2246853, 44.2610756], [17.2247141, 44.2610369], [17.2247249, 44.2609904], [17.2247249, 44.2609001], [17.2247502, 44.2608562], [17.2247826, 44.26082], [17.2248114, 44.2607762], [17.2248331, 44.2607271], [17.2248583, 44.2606832], [17.2249087, 44.26066], [17.2249499, 44.2606764], [17.2249779, 44.2606508], [17.2250722, 44.2605778], [17.2251028, 44.2605522], [17.2251257, 44.2605249], [17.2251461, 44.2604975], [17.225169, 44.2604683], [17.2251894, 44.2604373], [17.2252022, 44.2604062], [17.2253093, 44.2604082], [17.2254283, 44.2602998], [17.2256697, 44.2601526], [17.2259508, 44.2599823], [17.2261599, 44.2598971], [17.2263509, 44.259861], [17.2269492, 44.2596003], [17.2271749, 44.2594179], [17.2274091, 44.2592708], [17.2275353, 44.2591959], [17.2276182, 44.2590798], [17.2276758, 44.2589507], [17.2278669, 44.2588036], [17.2281444, 44.2585919], [17.2284507, 44.258419], [17.2287535, 44.2583415], [17.2289337, 44.2583209], [17.2291283, 44.2582847], [17.2294202, 44.2582692], [17.2300978, 44.2581918], [17.2302961, 44.2582718], [17.2304474, 44.2583493], [17.23057, 44.2583209], [17.2306204, 44.2582538], [17.2307141, 44.2582434], [17.2308403, 44.2582692], [17.2310421, 44.2583131], [17.2314061, 44.2583364], [17.231471, 44.2583751], [17.2316764, 44.2583802], [17.2318206, 44.2584112], [17.2319395, 44.2583157], [17.2320044, 44.2583622], [17.2322567, 44.2583157], [17.2322927, 44.2583235], [17.232372, 44.2583338], [17.2324549, 44.258277], [17.2325054, 44.2582099], [17.2326063, 44.2581453], [17.232718, 44.2580344], [17.2327721, 44.2579492], [17.2328262, 44.2578175], [17.2327757, 44.2576885], [17.232718, 44.2575878], [17.232718, 44.2575], [17.2327757, 44.2574484], [17.2327649, 44.2573813], [17.2327, 44.25734], [17.232736, 44.2572496], [17.2327649, 44.2572187], [17.2327685, 44.2571309], [17.2326495, 44.2570999], [17.2325703, 44.2570664], [17.2325234, 44.2569915], [17.232527, 44.2569373], [17.2325558, 44.2568521], [17.2325378, 44.2567747], [17.2324982, 44.2566972], [17.2324802, 44.2565733], [17.2324946, 44.2564649], [17.2324982, 44.2563152], [17.2325486, 44.2562145], [17.2325703, 44.2561345], [17.2325811, 44.2560596], [17.2326243, 44.2559693], [17.2326568, 44.2558764], [17.2326928, 44.2557421], [17.2327433, 44.255644], [17.2328406, 44.2556079], [17.2329703, 44.2555614], [17.2330893, 44.2555046], [17.2331541, 44.2554324], [17.2332839, 44.2553214], [17.2333704, 44.2552594], [17.2334208, 44.2551123], [17.2334497, 44.2550555], [17.2334749, 44.2549754], [17.2335109, 44.2549187], [17.233601, 44.2548903], [17.2336587, 44.2548206], [17.2338281, 44.2545263], [17.2338822, 44.2543636], [17.2338569, 44.2541261], [17.2338209, 44.2539325], [17.2337488, 44.2537622], [17.2337128, 44.2536899], [17.2337128, 44.2535995], [17.2337452, 44.2535272], [17.2338209, 44.2534188], [17.2338641, 44.2533027], [17.2339651, 44.2531297], [17.2342318, 44.252949], [17.2344877, 44.252776], [17.2346643, 44.2526289], [17.2346967, 44.252554], [17.2346895, 44.2523888], [17.2347003, 44.2523501], [17.234794, 44.2522881], [17.2349346, 44.2522391], [17.2350247, 44.2521823], [17.2350931, 44.2520738], [17.2351184, 44.2520325], [17.2351941, 44.2519964], [17.2352409, 44.2519499], [17.235313, 44.2519267], [17.2355112, 44.2519035], [17.235677, 44.2518079], [17.2358716, 44.2517382], [17.2360843, 44.2515782], [17.2363294, 44.2514439], [17.2363906, 44.2513897], [17.2364195, 44.2513226], [17.2364735, 44.2512607], [17.2365925, 44.2511909], [17.2366826, 44.2511496], [17.2368267, 44.2510593], [17.23687, 44.2510154], [17.2369385, 44.2510102], [17.2370826, 44.251018], [17.2373097, 44.2510231], [17.2374322, 44.2510154], [17.2376341, 44.2509818], [17.2377602, 44.2509276], [17.2378791, 44.2509199], [17.2379981, 44.2509354], [17.2382287, 44.2509147], [17.2383333, 44.2508966], [17.2384918, 44.250814], [17.2386324, 44.2507521], [17.2388739, 44.2506333], [17.239137, 44.2505352], [17.239318, 44.2504365], [17.2454234, 44.2452734], [17.2439743, 44.2531346], [17.2434528, 44.2550629], [17.2431143, 44.257712], [17.2426634, 44.2612412], [17.2419352, 44.2637476], [17.2387403, 44.2710658], [17.2368561, 44.2759875], [17.2355489, 44.2790221], [17.2330118, 44.2839], [17.2323456, 44.2851807], [17.2307634, 44.2876478], [17.2280537, 44.291431], [17.2263531, 44.2943847], [17.2244018, 44.2978963], [17.2199859, 44.3023309], [17.21606, 44.3061234], [17.2156908, 44.3064801], [17.2141916, 44.3081902], [17.2118442, 44.3119383], [17.2104455, 44.3140217], [17.2088159, 44.316368], [17.2070229, 44.3188414], [17.2059105, 44.3203685], [17.2041309, 44.322199], [17.2019636, 44.3241263], [17.1997061, 44.3263081], [17.1966518, 44.3283813], [17.1953396, 44.3288934], [17.1905978, 44.3307562], [17.1861884, 44.3323586], [17.182597, 44.3332999], [17.1770626, 44.3349056], [17.1771711, 44.33997], [17.1782184, 44.3442209], [17.1783397, 44.34832], [17.1786257, 44.3526973], [17.1787876, 44.3572379], [17.1788386, 44.357853], [17.1808897, 44.3588187], [17.1836915, 44.3601378], [17.1890005, 44.3626664], [17.1910752, 44.3636026], [17.1961718, 44.3677537], [17.2000905, 44.3730765], [17.2001991, 44.373224], [17.2002024, 44.3732855], [17.200357, 44.376162], [17.2077966, 44.3816632], [17.2095649, 44.3829533], [17.2153447, 44.3871979], [17.2168671, 44.3888232], [17.2179444, 44.3910304], [17.217475, 44.393709], [17.2160497, 44.397042], [17.2133089, 44.4002109], [17.2100577, 44.4031839], [17.2075978, 44.4067192], [17.2058266, 44.4098145], [17.2070853, 44.4145297], [17.2077196, 44.4169813], [17.207812, 44.417632], [17.2077218, 44.4176886], [17.2076147, 44.4177887], [17.2071305, 44.4183321], [17.207026, 44.4184158], [17.2068349, 44.4187325], [17.2068298, 44.4187635], [17.206817, 44.4187944], [17.2067941, 44.4188217], [17.2067278, 44.4188709], [17.2066973, 44.4188927], [17.2066616, 44.4189182], [17.2066335, 44.4189418], [17.206603, 44.4189655], [17.2065698, 44.418991], [17.2065443, 44.4190183], [17.206524, 44.419042], [17.2065061, 44.4190674], [17.2064832, 44.4190929], [17.2064628, 44.4191202], [17.2064475, 44.4191494], [17.2064118, 44.4192076], [17.2063914, 44.4192349], [17.205767, 44.4196426], [17.2057492, 44.4197118], [17.2056957, 44.4197246], [17.2054765, 44.4194934], [17.2053695, 44.4193077], [17.2051962, 44.4191621], [17.205079, 44.4190565], [17.20487, 44.4188654], [17.2047273, 44.4186961], [17.2045081, 44.4183757], [17.2043195, 44.4181628], [17.2041411, 44.4180263], [17.2038633, 44.4178697], [17.2037716, 44.4179007], [17.2037333, 44.4178916], [17.2036875, 44.4178788], [17.2036441, 44.4178697], [17.2036034, 44.417857], [17.2035651, 44.4178442], [17.2035269, 44.4178297], [17.2034861, 44.4178096], [17.2034479, 44.4177933], [17.2033638, 44.4177714], [17.2033179, 44.4177623], [17.2032772, 44.4177587], [17.2031421, 44.4177587], [17.2030988, 44.4177641], [17.2030554, 44.417766], [17.2029408, 44.4177933], [17.2029331, 44.4177623], [17.2029204, 44.4177296], [17.2029076, 44.4177004], [17.2028796, 44.4176749], [17.2028439, 44.4176513], [17.2028057, 44.4176349], [17.2027598, 44.4176167], [17.202719, 44.4176021], [17.2026757, 44.4175803], [17.2026451, 44.4175566], [17.202612, 44.4175311], [17.2024158, 44.4173072], [17.2024362, 44.4171926], [17.2023444, 44.4170742], [17.202166, 44.4169323], [17.2019468, 44.4167521], [17.201376, 44.4163825], [17.2006802, 44.4158965], [17.1999768, 44.415425], [17.1994544, 44.4150555], [17.1994366, 44.4150282], [17.1992199, 44.4146587], [17.1992072, 44.4146295], [17.1991945, 44.4146004], [17.1991868, 44.4145695], [17.1991766, 44.4145349], [17.1991741, 44.4144966], [17.1991741, 44.4144639], [17.1991715, 44.4144311], [17.1991639, 44.4143965], [17.1991333, 44.4143346], [17.1991206, 44.4143019], [17.1991155, 44.4142709], [17.1991078, 44.41424], [17.1991078, 44.4141999], [17.1991104, 44.4141617], [17.1991104, 44.4140943], [17.1991053, 44.4140597], [17.1990951, 44.414027], [17.1990721, 44.4139997], [17.1990364, 44.4139851], [17.1989931, 44.4139742], [17.1989422, 44.4139724], [17.1989014, 44.413976], [17.1988606, 44.4139851], [17.1988224, 44.4139942], [17.1987816, 44.414007], [17.1987408, 44.4140252], [17.1987051, 44.4140379], [17.1986593, 44.4140561], [17.1986159, 44.4140688], [17.1985395, 44.4140998], [17.1984987, 44.4141071], [17.1984477, 44.4141125], [17.198407, 44.4141089], [17.1983636, 44.4141034], [17.1983152, 44.4141034], [17.1982719, 44.4141089], [17.1982311, 44.4141198], [17.1981903, 44.4141289], [17.1981496, 44.4141435], [17.1981062, 44.414158], [17.1980706, 44.4141744], [17.1980349, 44.4141908], [17.1980043, 44.414209], [17.1979686, 44.4142236], [17.1979228, 44.4142327], [17.1978794, 44.4142254], [17.1978387, 44.4142272], [17.1977979, 44.41424], [17.1977622, 44.41426], [17.1977342, 44.41428], [17.1977061, 44.4143055], [17.1976883, 44.414331], [17.1976654, 44.4143546], [17.1976424, 44.414382], [17.197622, 44.4144093], [17.1975991, 44.4144347], [17.1975787, 44.414462], [17.1975507, 44.4144894], [17.1975226, 44.4145167], [17.1975048, 44.4145421], [17.1974819, 44.4145676], [17.197464, 44.4145931], [17.1974462, 44.4146259], [17.1973264, 44.4148698], [17.1970588, 44.4148917], [17.1970435, 44.4145913], [17.1969569, 44.4146004], [17.1969059, 44.414604], [17.1968142, 44.414604], [17.1967708, 44.4146022], [17.1967301, 44.4145986], [17.1966842, 44.4145931], [17.1966409, 44.4145931], [17.1965899, 44.4145949], [17.1964879, 44.4145949], [17.196437, 44.4145968], [17.1963937, 44.4146022], [17.1963529, 44.4146113], [17.1963121, 44.4146222], [17.1962764, 44.4146386], [17.1962025, 44.4146787], [17.1961668, 44.4146932], [17.196121, 44.4147096], [17.1960776, 44.4147278], [17.1959884, 44.4147661], [17.1959451, 44.4147824], [17.1959094, 44.4147988], [17.1958636, 44.414817], [17.1958253, 44.4148316], [17.1957897, 44.4148498], [17.1957591, 44.4148698], [17.1956189, 44.4149827], [17.1955858, 44.4149991], [17.1955475, 44.4150118], [17.1955068, 44.4150191], [17.1954583, 44.4150209], [17.1954074, 44.4150191], [17.195359, 44.4150136], [17.1953156, 44.41501], [17.1952672, 44.4150136], [17.195229, 44.4150245], [17.1951882, 44.4150282], [17.1951449, 44.4150227], [17.1951041, 44.4150063], [17.195071, 44.41499], [17.1950302, 44.4149772], [17.1949869, 44.4149736], [17.1949436, 44.4149809], [17.1949028, 44.4149881], [17.1948645, 44.4149972], [17.1948238, 44.4150082], [17.1947652, 44.4150209], [17.1947244, 44.41503], [17.1946836, 44.4150391], [17.1946428, 44.4150446], [17.1945893, 44.4150519], [17.1945332, 44.4150537], [17.194444, 44.4150537], [17.1943931, 44.4150519], [17.1943498, 44.4150482], [17.194258, 44.4150446], [17.1942147, 44.4150427], [17.1940796, 44.4150427], [17.1940363, 44.4150464], [17.1939904, 44.4150482], [17.1939471, 44.4150482], [17.1939063, 44.4150427], [17.1938579, 44.41503], [17.1938197, 44.4150191], [17.1937814, 44.4150045], [17.1937458, 44.4149845], [17.1937152, 44.4149608], [17.193682, 44.4149299], [17.1936642, 44.4148989], [17.1936438, 44.4147752], [17.1936209, 44.4147478], [17.1935979, 44.4147224], [17.1935597, 44.4147023], [17.1935215, 44.4146896], [17.1934807, 44.4146769], [17.1934425, 44.4146532], [17.1934068, 44.4146313], [17.1933762, 44.4146022], [17.193338, 44.414584], [17.1932972, 44.4145731], [17.1932539, 44.4145676], [17.1932131, 44.4145604], [17.1931698, 44.4145512], [17.1931265, 44.414533], [17.1930933, 44.4145112], [17.1930577, 44.4144948], [17.1930194, 44.4144821], [17.1929685, 44.4144766], [17.1928156, 44.4144548], [17.1927722, 44.4144457], [17.1927289, 44.4144384], [17.1926856, 44.4144311], [17.1926372, 44.4144256], [17.1925938, 44.4144184], [17.1925505, 44.4144093], [17.1925174, 44.4143874], [17.1924944, 44.4143619], [17.1924588, 44.4143401], [17.1924231, 44.4143237], [17.1923874, 44.4143055], [17.1923466, 44.4142946], [17.1923033, 44.4142764], [17.1922676, 44.4142636], [17.1922243, 44.4142491], [17.1921886, 44.4142327], [17.1921631, 44.4142072], [17.1921376, 44.4141744], [17.1921224, 44.4141453], [17.1921071, 44.4141144], [17.1920892, 44.414087], [17.1920663, 44.4140579], [17.1920383, 44.4140324], [17.1920077, 44.4140088], [17.1919745, 44.4139851], [17.1919414, 44.4139633], [17.1919083, 44.4139414], [17.1918752, 44.4139123], [17.1918522, 44.413885], [17.1918369, 44.413854], [17.1918216, 44.4138267], [17.1918038, 44.4137648], [17.1917911, 44.4137339], [17.1917783, 44.4137048], [17.191763, 44.4136756], [17.1917426, 44.4136483], [17.1917222, 44.4136228], [17.1916968, 44.4135955], [17.1916713, 44.4135701], [17.1916432, 44.4135427], [17.1916152, 44.4135191], [17.1915846, 44.4134936], [17.191554, 44.4134663], [17.1915184, 44.4134408], [17.1914827, 44.4134208], [17.1914521, 44.4134008], [17.191419, 44.4133807], [17.1913884, 44.4133589], [17.1913604, 44.4133352], [17.1913323, 44.4133097], [17.1913017, 44.4132861], [17.1912712, 44.4132551], [17.1912406, 44.4132278], [17.1912202, 44.4132023], [17.1911998, 44.4131768], [17.1911845, 44.4131495], [17.1911692, 44.4131204], [17.1911386, 44.4130148], [17.1911386, 44.4129839], [17.1911437, 44.4129511], [17.1911667, 44.4129238], [17.1912023, 44.4129038], [17.1912788, 44.4128674], [17.1913196, 44.4128546], [17.1913655, 44.4128437], [17.1914113, 44.412831], [17.1914546, 44.4128182], [17.1914903, 44.4127946], [17.1915158, 44.4127691], [17.1915286, 44.4127399], [17.1915413, 44.4127072], [17.1915489, 44.4126744], [17.1915515, 44.4126435], [17.1915438, 44.4124924], [17.1907181, 44.411888], [17.1905244, 44.4117587], [17.1904709, 44.4117441], [17.1903945, 44.4116276], [17.1903639, 44.4115366], [17.1903511, 44.4113764], [17.1903129, 44.4112981], [17.1903308, 44.4111907], [17.1902951, 44.4109541], [17.1899052, 44.4104662], [17.1897497, 44.4102295], [17.1895637, 44.410022], [17.1894158, 44.4098781], [17.1890387, 44.4096032], [17.1888271, 44.4094194], [17.1883327, 44.4089751], [17.1881492, 44.4087312], [17.1882435, 44.4086311], [17.1883378, 44.4085382], [17.1884653, 44.4084891], [17.1886411, 44.4084399], [17.1888246, 44.4084162], [17.1890208, 44.4083744], [17.1891406, 44.4083252], [17.1893955, 44.4083015], [17.1893776, 44.4081577], [17.1893853, 44.4080521], [17.1894133, 44.407952], [17.1894999, 44.4077444], [17.1894796, 44.4076188], [17.1894464, 44.4075569], [17.1893114, 44.4074677], [17.1890794, 44.4073639], [17.1888271, 44.4072474], [17.1884092, 44.4069725], [17.1883047, 44.4068888], [17.1878969, 44.4066484], [17.1876192, 44.4064536], [17.187349, 44.406328], [17.1872394, 44.4062078], [17.1870075, 44.4060494], [17.1869158, 44.4059566], [17.1868113, 44.4057199], [17.1867985, 44.4056889], [17.1867883, 44.4056562], [17.1867832, 44.4056198], [17.1867832, 44.4055888], [17.1867909, 44.405556], [17.1868087, 44.4055251], [17.1868368, 44.4055014], [17.1868724, 44.4054741], [17.1872063, 44.4052975], [17.1870024, 44.4052229], [17.1867399, 44.4051318], [17.1863729, 44.4051209], [17.1861538, 44.4050645], [17.1856721, 44.404957], [17.1853204, 44.4048951], [17.1851446, 44.4047003], [17.1851191, 44.404673], [17.1850859, 44.404653], [17.1850477, 44.4046348], [17.1850069, 44.4046257], [17.1849585, 44.4046184], [17.1849024, 44.4046111], [17.1848591, 44.4046075], [17.1848132, 44.4046038], [17.1847674, 44.404602], [17.1847215, 44.404602], [17.1844004, 44.4046712], [17.1839468, 44.4046457], [17.1838678, 44.4045747], [17.1836894, 44.4045456], [17.1834192, 44.4047149], [17.1834345, 44.4046858], [17.1834523, 44.4046584], [17.1834702, 44.4046293], [17.1834804, 44.4045984], [17.1834804, 44.4045328], [17.1834727, 44.4045], [17.1834549, 44.4044727], [17.1834294, 44.4044454], [17.1834014, 44.4044199], [17.1833657, 44.4043981], [17.18333, 44.4043817], [17.1832918, 44.4043653], [17.183251, 44.4043489], [17.1832153, 44.4043344], [17.1831746, 44.4043234], [17.1831287, 44.4043071], [17.1830854, 44.4042961], [17.1830191, 44.4042816], [17.1829834, 44.4042688], [17.1829401, 44.4042561], [17.1829044, 44.4042379], [17.1828713, 44.404216], [17.1827744, 44.4041578], [17.1827439, 44.4041341], [17.1827286, 44.4041068], [17.1827133, 44.4040704], [17.1827056, 44.4040339], [17.1827082, 44.4040012], [17.1827209, 44.4039702], [17.1827413, 44.4039083], [17.1827413, 44.4038755], [17.1827337, 44.4038446], [17.1827133, 44.4038155], [17.1826878, 44.4037863], [17.1826649, 44.4037608], [17.1826445, 44.4037317], [17.1826317, 44.4037008], [17.1826292, 44.4036625], [17.1826292, 44.403597], [17.1826266, 44.4035606], [17.1826266, 44.4034877], [17.1826317, 44.4034568], [17.1826394, 44.403424], [17.1826547, 44.4033931], [17.1826725, 44.4033639], [17.1826903, 44.403333], [17.1826903, 44.4032674], [17.1826801, 44.4032346], [17.1826725, 44.4032019], [17.18267, 44.4031655], [17.1826725, 44.403064], [17.1826743, 44.4030421], [17.1826743, 44.4030203], [17.1826725, 44.4029984], [17.1826671, 44.4029739], [17.1826599, 44.4029533], [17.1826473, 44.4029288], [17.1826311, 44.4029108], [17.1826076, 44.4028941], [17.1825788, 44.4028838], [17.1825482, 44.4028851], [17.1825211, 44.4028928], [17.1824923, 44.4028941], [17.1824617, 44.4028889], [17.1824382, 44.4028748], [17.182422, 44.4028542], [17.1824112, 44.402831], [17.1824094, 44.4028053], [17.1824094, 44.4027834], [17.1824148, 44.4027576], [17.182422, 44.4027332], [17.182422, 44.4026855], [17.1824202, 44.4026636], [17.182413, 44.4026173], [17.1823896, 44.40254], [17.182386, 44.4025181], [17.1823788, 44.4024963], [17.1823716, 44.4024757], [17.1823662, 44.4024538], [17.1823625, 44.4024306], [17.1823625, 44.4024074], [17.1823644, 44.402383], [17.1823644, 44.4023611], [17.1823625, 44.4023392], [17.1823625, 44.402316], [17.1823589, 44.4022941], [17.1823481, 44.402271], [17.1823337, 44.4022529], [17.1823139, 44.4022349], [17.1822887, 44.4022195], [17.1822634, 44.4022053], [17.18224, 44.4021898], [17.1822202, 44.4021731], [17.1822004, 44.4021551], [17.1821823, 44.4021383], [17.1821661, 44.4021203], [17.1821499, 44.402101], [17.1821355, 44.4020778], [17.1821211, 44.4020572], [17.1821103, 44.4020341], [17.1820994, 44.4020135], [17.1820814, 44.4019645], [17.1820742, 44.4019414], [17.1820652, 44.4019092], [17.182058, 44.401886], [17.1820147, 44.4017572], [17.1820039, 44.4017328], [17.1819877, 44.4017135], [17.1819679, 44.4016929], [17.1819445, 44.40168], [17.1819156, 44.4016684], [17.1818832, 44.4016607], [17.1818508, 44.4016594], [17.1818219, 44.4016581], [17.1817931, 44.4016478], [17.1817805, 44.4016285], [17.1817715, 44.4016079], [17.1817679, 44.4015847], [17.1817679, 44.4015615], [17.1817787, 44.4015409], [17.1817967, 44.40151], [17.1817913, 44.4014856], [17.1817769, 44.4014663], [17.1817607, 44.4014482], [17.1817498, 44.4014276], [17.1817444, 44.4014058], [17.1817462, 44.4013839], [17.1817553, 44.4013594], [17.1817787, 44.4013414], [17.1818075, 44.4013246], [17.1818345, 44.4013066], [17.1818562, 44.4012873], [17.181867, 44.4012654], [17.1818652, 44.401241], [17.1818598, 44.4012178], [17.181849, 44.4011972], [17.1818345, 44.4011766], [17.1818129, 44.4011624], [17.1817841, 44.4011547], [17.1817516, 44.4011495], [17.181721, 44.401147], [17.1816922, 44.4011431], [17.1816706, 44.4011238], [17.181667, 44.4011006], [17.181667, 44.4010774], [17.1816904, 44.4010556], [17.1817661, 44.4009577], [17.1816435, 44.4009577], [17.1816219, 44.4008908], [17.1814922, 44.4008805], [17.1813732, 44.4007775], [17.1811714, 44.4007105], [17.1810128, 44.400677], [17.1809047, 44.4006307], [17.1806524, 44.4005019], [17.1804614, 44.4003938], [17.1802631, 44.4002444], [17.1801983, 44.4001595], [17.1800901, 44.4000771], [17.1799496, 44.4000333], [17.1796216, 44.3999946], [17.1795063, 44.3998968], [17.1793549, 44.3998298], [17.1790846, 44.3996779], [17.1787818, 44.3995878], [17.1786016, 44.3995389], [17.1785296, 44.3994153], [17.1782304, 44.3992685], [17.1779601, 44.3991088], [17.1777475, 44.3990676], [17.1776141, 44.3989955], [17.1774952, 44.3990032], [17.1774231, 44.3989389], [17.177208, 44.3988606], [17.1764824, 44.3985964], [17.1765725, 44.3981689], [17.1771312, 44.3978316], [17.177351, 44.3967062], [17.1777439, 44.3961062], [17.1779493, 44.3958718], [17.1781007, 44.3957148], [17.1782556, 44.3953825], [17.1783457, 44.395313], [17.1784395, 44.3950581], [17.1784719, 44.3947104], [17.1784034, 44.3946512], [17.178371, 44.3944632], [17.1786521, 44.3939018], [17.1788972, 44.3939661], [17.1790738, 44.3938039], [17.1790053, 44.3937447], [17.1789729, 44.3937086], [17.1789476, 44.39367], [17.1789224, 44.3936262], [17.1789188, 44.3935824], [17.1789224, 44.3935386], [17.1789476, 44.3935], [17.1789873, 44.393464], [17.1790341, 44.393433], [17.1791711, 44.3933944], [17.1792324, 44.393379], [17.1793615, 44.3933881], [17.1793717, 44.3932205], [17.1793895, 44.3931568], [17.1796214, 44.3929711], [17.1797488, 44.3929219], [17.1799119, 44.3928982], [17.1800521, 44.3928563], [17.1801566, 44.392758], [17.1802968, 44.3925904], [17.1805185, 44.3924174], [17.1806994, 44.39229], [17.1808039, 44.3922007], [17.1807504, 44.3921388], [17.1809849, 44.3918238], [17.1810817, 44.3916253], [17.1810944, 44.3915943], [17.1811046, 44.3915615], [17.1811123, 44.3915288], [17.1811276, 44.3914668], [17.1811378, 44.3914359], [17.181148, 44.3913976], [17.1811607, 44.391363], [17.1811633, 44.3913284], [17.1811734, 44.3912975], [17.1811964, 44.3912228], [17.1812091, 44.3911919], [17.1812295, 44.3911554], [17.1812448, 44.3911154], [17.1812601, 44.3910808], [17.1812754, 44.3910498], [17.1812881, 44.391017], [17.181306, 44.3909806], [17.1813264, 44.3909442], [17.1813416, 44.390915], [17.181362, 44.3908877], [17.1813824, 44.3908549], [17.1814003, 44.3908276], [17.1814207, 44.3907857], [17.1814767, 44.3906838], [17.1814946, 44.3906528], [17.1815099, 44.3906164], [17.1815251, 44.3905781], [17.1815455, 44.3905417], [17.181571, 44.3905035], [17.1815914, 44.390467], [17.1816067, 44.3904361], [17.1816679, 44.3903487], [17.1816882, 44.3903177], [17.1817214, 44.3902831], [17.1817825, 44.3902212], [17.1818182, 44.3901884], [17.1818463, 44.3901611], [17.1818819, 44.3901283], [17.1819125, 44.3900974], [17.1819405, 44.3900682], [17.1819686, 44.3900427], [17.1819966, 44.3900118], [17.1820246, 44.3899826], [17.1820476, 44.3899517], [17.1820629, 44.3899207], [17.1820782, 44.3898879], [17.1820935, 44.3898224], [17.1821189, 44.3897532], [17.1821266, 44.3897204], [17.1821342, 44.389684], [17.1821444, 44.3896512], [17.1821597, 44.3896184], [17.182175, 44.3895874], [17.1821928, 44.3895601], [17.1822158, 44.389531], [17.1822846, 44.3894854], [17.1823152, 44.3894563], [17.1823534, 44.389398], [17.1823942, 44.3893434], [17.1824197, 44.3893106], [17.1824401, 44.3892797], [17.1824757, 44.3892214], [17.1824961, 44.3891922], [17.1825165, 44.3891649], [17.1825496, 44.3891321], [17.1825751, 44.3891048], [17.1826057, 44.3890739], [17.1826286, 44.3890484], [17.1826567, 44.389021], [17.1826745, 44.3889937], [17.1827102, 44.3889409], [17.1827229, 44.3889118], [17.1827331, 44.3888808], [17.1827357, 44.3888462], [17.1827357, 44.3888134], [17.1827178, 44.3887825], [17.1826975, 44.3887515], [17.1826771, 44.388726], [17.1826669, 44.3886677], [17.1826618, 44.388635], [17.1826516, 44.388604], [17.1826363, 44.3885767], [17.1825955, 44.3885184], [17.1825828, 44.3884893], [17.1825649, 44.3884583], [17.1825522, 44.3884201], [17.1825394, 44.3883909], [17.1825318, 44.38836], [17.1825191, 44.3883308], [17.1825038, 44.3882926], [17.182491, 44.388258], [17.1824808, 44.3882234], [17.1824706, 44.3881906], [17.1824655, 44.3881596], [17.1824553, 44.3881268], [17.1824375, 44.3880922], [17.1824222, 44.3880649], [17.1823712, 44.3880103], [17.1823534, 44.3879811], [17.1823356, 44.3879465], [17.1823305, 44.3879138], [17.1823305, 44.387881], [17.1823254, 44.3878446], [17.1823177, 44.38781], [17.1822999, 44.3877808], [17.1822795, 44.3877517], [17.182254, 44.3876788], [17.1822234, 44.387657], [17.1821878, 44.3876406], [17.1821648, 44.3876151], [17.1821495, 44.3875095], [17.1821393, 44.3874767], [17.1821266, 44.3874402], [17.1821087, 44.3874075], [17.1820884, 44.3873765], [17.1820629, 44.3873528], [17.1820272, 44.3873383], [17.1819864, 44.3873273], [17.1819431, 44.3873237], [17.1819074, 44.3873109], [17.1818717, 44.3872891], [17.1818463, 44.3872618], [17.1818233, 44.3872363], [17.1818055, 44.3872071], [17.1817876, 44.3871762], [17.1817749, 44.3871416], [17.1817596, 44.3871033], [17.1817494, 44.3870669], [17.1817392, 44.3870341], [17.1817265, 44.3870013], [17.1817163, 44.3869685], [17.1817086, 44.3869339], [17.1816882, 44.3868757], [17.1816755, 44.3868465], [17.1816551, 44.3868156], [17.1816322, 44.3867901], [17.1816118, 44.3867627], [17.1815838, 44.3867336], [17.1814487, 44.3865715], [17.1814232, 44.3865478], [17.1813926, 44.386526], [17.1813569, 44.3865059], [17.1813213, 44.3864896], [17.1812397, 44.3864586], [17.181204, 44.3864422], [17.1811709, 44.3864185], [17.181148, 44.3863912], [17.1811199, 44.3863566], [17.1811072, 44.3863256], [17.1810944, 44.3862892], [17.1810817, 44.3862546], [17.1810715, 44.38622], [17.1810639, 44.3861781], [17.1810562, 44.3861453], [17.1810511, 44.3861144], [17.1810435, 44.3860816], [17.1810409, 44.3860488], [17.1810231, 44.3856682], [17.1810256, 44.3856372], [17.1810282, 44.3856008], [17.1810333, 44.3855644], [17.1810409, 44.3855316], [17.1810639, 44.3855024], [17.1810766, 44.3854733], [17.1810868, 44.3854369], [17.181097, 44.3854023], [17.1810995, 44.3853658], [17.1810893, 44.3853039], [17.1810792, 44.3852729], [17.1810766, 44.3852402], [17.1810792, 44.3852092], [17.1810792, 44.3851746], [17.1810893, 44.38514], [17.1811174, 44.3850271], [17.1811378, 44.3849979], [17.1811734, 44.3849743], [17.1812015, 44.3849506], [17.1812244, 44.3849214], [17.1812423, 44.3848941], [17.1812677, 44.384865], [17.1813009, 44.3848322], [17.1813289, 44.3848067], [17.1813595, 44.384783], [17.1813901, 44.3847575], [17.1814105, 44.3847266], [17.1814232, 44.3846938], [17.1814283, 44.3846318], [17.1814334, 44.3846009], [17.1814589, 44.3845353], [17.1814767, 44.3845062], [17.1815149, 44.3844789], [17.1815557, 44.3844588], [17.1816679, 44.3843714], [17.1815328, 44.3843714], [17.1814869, 44.3843696], [17.1814283, 44.3843586], [17.181385, 44.3843441], [17.1813075, 44.3842978], [17.1799488, 44.3837775], [17.1796532, 44.3835972], [17.1795703, 44.3834787], [17.1794766, 44.3834272], [17.1794298, 44.3833576], [17.179126, 44.3830968], [17.178971, 44.3828225], [17.1789386, 44.3827826], [17.1788701, 44.3826551], [17.1788593, 44.3826358], [17.1788431, 44.3826177], [17.178825, 44.3825984], [17.178807, 44.3825817], [17.1787872, 44.3825662], [17.178762, 44.3825533], [17.1787313, 44.3825456], [17.1786989, 44.3825508], [17.1786647, 44.3825598], [17.1786376, 44.3825662], [17.178607, 44.3825739], [17.1785728, 44.3825855], [17.1785403, 44.3825881], [17.1785097, 44.3825855], [17.1784844, 44.3825765], [17.1784628, 44.3825623], [17.1784394, 44.3825379], [17.1781871, 44.3822455], [17.1775888, 44.3824155], [17.1765508, 44.3827607], [17.1764355, 44.382807], [17.1763346, 44.3828431], [17.1762193, 44.382874], [17.1761039, 44.3828895], [17.1759742, 44.3828998], [17.1758444, 44.3829152], [17.1755633, 44.3828534], [17.1727593, 44.3819364], [17.1730188, 44.3816531], [17.1730765, 44.3814058], [17.1728674, 44.380937], [17.1729611, 44.3808494], [17.172716, 44.3802106], [17.172471, 44.3798499], [17.1725575, 44.3795202], [17.1723484, 44.379175], [17.1721178, 44.3789329], [17.1717934, 44.3788556], [17.1722331, 44.3779901], [17.1716636, 44.3778613], [17.1708924, 44.3774697], [17.1706977, 44.3768669], [17.1697246, 44.3763672], [17.1692345, 44.376362], [17.1683623, 44.3760477], [17.1677207, 44.3759911], [17.1666323, 44.375852], [17.1662358, 44.375955], [17.1658322, 44.3757901], [17.1656447, 44.3757386], [17.1655078, 44.3756098], [17.1644951, 44.3754783], [17.1631202, 44.375441], [17.1629431, 44.375645], [17.1626347, 44.3756641], [17.1621492, 44.3757916], [17.1620753, 44.3758654], [17.1615783, 44.3761113], [17.1613681, 44.3761323], [17.1613452, 44.376135], [17.1612725, 44.3761386], [17.1610737, 44.3762142], [17.1609043, 44.3763017], [17.1607756, 44.3764492], [17.1607004, 44.3765813], [17.1606252, 44.3765321], [17.1605424, 44.376492], [17.160522, 44.3764866], [17.1605003, 44.376482], [17.1604799, 44.3764775], [17.1604595, 44.3764738], [17.1604379, 44.3764702], [17.1604188, 44.3764629], [17.1604035, 44.3764529], [17.1603882, 44.376441], [17.1603754, 44.3764274], [17.1603665, 44.3764128], [17.1603602, 44.3763973], [17.1603551, 44.3763827], [17.1603538, 44.3763663], [17.1603538, 44.3763499], [17.160364, 44.376258], [17.1604137, 44.3761559], [17.1605182, 44.3760321], [17.1606469, 44.3759082], [17.1607386, 44.3758344], [17.1608342, 44.3757342], [17.1608877, 44.3756495], [17.1609132, 44.3755521], [17.1609196, 44.3754847], [17.1609361, 44.3754273], [17.1609387, 44.3752297], [17.1609412, 44.3750539], [17.160954, 44.3749582], [17.1610381, 44.3747979], [17.1610878, 44.3747652], [17.1611374, 44.3747087], [17.1612254, 44.3746631], [17.1612776, 44.3746039], [17.1613464, 44.37447], [17.1613362, 44.3742897], [17.1613311, 44.3742715], [17.1613095, 44.374103], [17.1612916, 44.3740492], [17.1612853, 44.3740001], [17.1613018, 44.3739645], [17.1613031, 44.3739017], [17.1613732, 44.3738443], [17.1614789, 44.3737022], [17.1614904, 44.373623], [17.1615248, 44.3735428], [17.1617312, 44.3734062], [17.1619568, 44.3732823], [17.162204, 44.3731712], [17.1625493, 44.3730419], [17.1626984, 44.372989], [17.1629176, 44.3729262], [17.163175, 44.3728597], [17.1634298, 44.3728114], [17.1634043, 44.372785], [17.1634184, 44.3727604], [17.1634222, 44.3727112], [17.1634158, 44.3726475], [17.1633916, 44.3725837], [17.1633432, 44.3724999], [17.1631571, 44.3722886], [17.1630157, 44.3721328], [17.1627952, 44.371907], [17.16265, 44.3717266], [17.1624092, 44.3713395], [17.1623951, 44.3712939], [17.1624041, 44.3712302], [17.1624244, 44.3710589], [17.1624576, 44.3709442], [17.1624588, 44.3708412], [17.1624474, 44.3707611], [17.1623607, 44.3706181], [17.1623442, 44.3705671], [17.1623403, 44.3705215], [17.1623442, 44.3704605], [17.1623136, 44.3703339], [17.1622754, 44.3701772], [17.1622677, 44.3700734], [17.1622741, 44.3700051], [17.1622639, 44.3699322], [17.1622295, 44.3698557], [17.1622167, 44.3697983], [17.1622257, 44.36976], [17.1622435, 44.3697026], [17.1622537, 44.3695997], [17.1622855, 44.3694767], [17.1622881, 44.3694613], [17.1622932, 44.369444], [17.1623008, 44.3694294], [17.162311, 44.3694157], [17.1623658, 44.3693747], [17.1623951, 44.3693419], [17.1624639, 44.3691807], [17.1624665, 44.3691725], [17.1624703, 44.3691625], [17.1624735, 44.3691547], [17.1624754, 44.3691456], [17.1624754, 44.3691206], [17.1624722, 44.3691051], [17.162469, 44.3690974], [17.1624646, 44.3690905], [17.1624582, 44.3690837], [17.1624506, 44.3690782], [17.1624404, 44.3690746], [17.16242, 44.3690682], [17.1624092, 44.3690673], [17.1623977, 44.3690668], [17.1623869, 44.3690664], [17.1623747, 44.3690659], [17.1623646, 44.3690655], [17.1623544, 44.3690627], [17.1623454, 44.3690577], [17.1623327, 44.3690454], [17.1623251, 44.3690304], [17.1623231, 44.3690222], [17.1623206, 44.3690104], [17.1622722, 44.3687626], [17.1622136, 44.3686314], [17.162081, 44.3682907], [17.1619714, 44.3681067], [17.1619179, 44.3679082], [17.1619179, 44.3678736], [17.1618415, 44.3676987], [17.1616529, 44.3674345], [17.1615153, 44.3672432], [17.1614261, 44.3670155], [17.1613827, 44.3667895], [17.1613012, 44.3666347], [17.1613012, 44.3665381], [17.1611534, 44.3663341], [17.1611967, 44.3662885], [17.161161, 44.3662849], [17.1610846, 44.3662321], [17.160952, 44.3660644], [17.1603608, 44.3654851], [17.160292, 44.3654669], [17.1602308, 44.3654432], [17.1601467, 44.3653575], [17.1600193, 44.365199], [17.1599887, 44.3651753], [17.1599479, 44.3651608], [17.1599046, 44.3651517], [17.1598638, 44.3651444], [17.1598231, 44.3651407], [17.1597364, 44.3651371], [17.1596931, 44.3651334], [17.1596498, 44.3651353], [17.1596039, 44.3651353], [17.1595606, 44.3651407], [17.1593898, 44.3651316], [17.1585972, 44.365159], [17.1581895, 44.3651681], [17.1580011, 44.3651524], [17.157927, 44.3651462], [17.1578607, 44.3651116], [17.1578301, 44.3651316], [17.1578021, 44.3651517], [17.157769, 44.3651699], [17.1577231, 44.3651826], [17.1576798, 44.3651881], [17.157639, 44.3651881], [17.1575957, 44.3651826], [17.1575523, 44.3651717], [17.1575116, 44.3651608], [17.1574682, 44.3651498], [17.1574249, 44.3651498], [17.1573841, 44.3651571], [17.1573434, 44.3651699], [17.1573077, 44.3651863], [17.1572746, 44.36521], [17.1572465, 44.3652391], [17.1572261, 44.3652683], [17.1572108, 44.3652956], [17.1571981, 44.3653266], [17.1571854, 44.3653539], [17.1571624, 44.3653849], [17.157142, 44.3654086], [17.157114, 44.3654341], [17.1570783, 44.3654541], [17.1570452, 44.3654705], [17.157007, 44.3654851], [17.1569713, 44.3654978], [17.1569305, 44.3655088], [17.1567649, 44.3655525], [17.156719, 44.3655561], [17.1566757, 44.3655598], [17.1566349, 44.3655598], [17.156589, 44.3655561], [17.1565482, 44.365547], [17.1565075, 44.3655488], [17.1564667, 44.365558], [17.156431, 44.3655743], [17.1563928, 44.3655907], [17.1563265, 44.3656235], [17.1562857, 44.3656326], [17.1562424, 44.3656254], [17.1562093, 44.3656035], [17.1561787, 44.365578], [17.156143, 44.3655525], [17.1561073, 44.3655343], [17.1560691, 44.3655233], [17.155985, 44.3655233], [17.1559417, 44.3655252], [17.1559035, 44.3655361], [17.1558703, 44.3655525], [17.1558346, 44.3655707], [17.1558015, 44.3655889], [17.1557684, 44.3656035], [17.1557251, 44.3656053], [17.1556817, 44.3656035], [17.155641, 44.3656181], [17.1556027, 44.3656308], [17.1555645, 44.3656454], [17.1554269, 44.3656928], [17.1550242, 44.3657984], [17.1548637, 44.3658713], [17.1546827, 44.365864], [17.1546419, 44.3658385], [17.1546165, 44.3659387], [17.1542087, 44.3660298], [17.1536684, 44.365915], [17.1532071, 44.3660043], [17.1524069, 44.3662648], [17.1516602, 44.3665509], [17.1509823, 44.3668588], [17.1503069, 44.3672323], [17.1496061, 44.3676367], [17.1490913, 44.3678936], [17.148681, 44.3679173], [17.1486351, 44.3679173], [17.1482962, 44.3679318], [17.1478145, 44.3679227], [17.1474118, 44.3679209], [17.1470423, 44.367941], [17.1466957, 44.3680047], [17.1466549, 44.3680157], [17.1463364, 44.3681231], [17.1460102, 44.3682816], [17.1457298, 44.3684656], [17.1455285, 44.3686187], [17.1454775, 44.3686697], [17.1454571, 44.368697], [17.1454342, 44.3687243], [17.1454036, 44.3687826], [17.1453883, 44.36881], [17.1453501, 44.3688646], [17.1453297, 44.3688901], [17.1453068, 44.3689211], [17.1452838, 44.3689448], [17.1452584, 44.3689685], [17.1452303, 44.3689958], [17.1451997, 44.3690213], [17.1450545, 44.3691361], [17.1450927, 44.3691616], [17.1448506, 44.3693893], [17.1445397, 44.3697099], [17.1444938, 44.3697136], [17.1444301, 44.3697901], [17.1442683, 44.3697698], [17.144207, 44.3697801], [17.1441565, 44.3697981], [17.1440664, 44.3698625], [17.1440232, 44.369896], [17.1439871, 44.3699321], [17.1439475, 44.3699707], [17.1439042, 44.3700016], [17.1438574, 44.3700326], [17.1438033, 44.3700686], [17.1437529, 44.3700944], [17.1436952, 44.3701124], [17.1436411, 44.3701279], [17.1435727, 44.3701459], [17.1435294, 44.370182], [17.143479, 44.3702258], [17.1434213, 44.3702515], [17.143306, 44.3702799], [17.1432159, 44.3702979], [17.1431474, 44.3703134], [17.1430861, 44.3703263], [17.1430176, 44.3703314], [17.1429383, 44.3703314], [17.1427762, 44.3703185], [17.1427149, 44.3703237], [17.1426536, 44.370334], [17.1425996, 44.3703469], [17.1425419, 44.3703597], [17.1424806, 44.3703752], [17.1424193, 44.3703804], [17.1423581, 44.3703726], [17.1423004, 44.3703572], [17.1422355, 44.3703366], [17.1421779, 44.3703237], [17.1421166, 44.3703108], [17.1420589, 44.3703082], [17.1419869, 44.3703082], [17.1419256, 44.3703108], [17.1418643, 44.3703185], [17.1417994, 44.3703237], [17.1417382, 44.3703366], [17.1416733, 44.3703469], [17.1416156, 44.3703572], [17.141558, 44.3703701], [17.1415003, 44.3703855], [17.1414462, 44.3704087], [17.1413958, 44.3704345], [17.1413453, 44.3704654], [17.1412985, 44.3704937], [17.1412588, 44.3705272], [17.1412192, 44.3705581], [17.1411687, 44.3705787], [17.141111, 44.3705813], [17.1410534, 44.3705813], [17.1409921, 44.3705787], [17.1409308, 44.3705736], [17.1408624, 44.370571], [17.1408011, 44.3705736], [17.1407326, 44.3705787], [17.1406677, 44.3705994], [17.1406173, 44.3706225], [17.140574, 44.3706509], [17.1405308, 44.3706792], [17.1404803, 44.3707024], [17.1404299, 44.3707204], [17.1403758, 44.3707359], [17.1403181, 44.3707488], [17.1402641, 44.3707617], [17.14021, 44.3707745], [17.1401596, 44.3707977], [17.1401199, 44.3708312], [17.1400983, 44.3708699], [17.1400767, 44.3709111], [17.1400406, 44.370942], [17.1399974, 44.3709729], [17.1399505, 44.3710038], [17.1399109, 44.3710399], [17.1398676, 44.3710734], [17.1398316, 44.371112], [17.1397955, 44.3711481], [17.1397667, 44.3711893], [17.1397523, 44.3712331], [17.1397559, 44.3712769], [17.1397595, 44.3713181], [17.1397595, 44.3713594], [17.1397559, 44.3714057], [17.1397451, 44.371447], [17.1397307, 44.3714856], [17.139709, 44.3715243], [17.1395757, 44.37172], [17.1392693, 44.3722585], [17.1392297, 44.372292], [17.1391756, 44.3723177], [17.139118, 44.3723332], [17.1390711, 44.3723538], [17.1390243, 44.3723822], [17.1389882, 44.3724182], [17.1389594, 44.3724543], [17.1389414, 44.3724981], [17.1389414, 44.3725419], [17.138945, 44.3725831], [17.1389594, 44.3726707], [17.1389594, 44.3727145], [17.1389486, 44.3727609], [17.1389233, 44.3727995], [17.1388765, 44.3728356], [17.1388332, 44.3728639], [17.1387756, 44.3728691], [17.1387179, 44.3728639], [17.1386566, 44.3728588], [17.1385918, 44.3728562], [17.1384656, 44.3728562], [17.138289, 44.3728485], [17.1382422, 44.3728227], [17.1381557, 44.3727609], [17.138062, 44.3727042], [17.1380115, 44.3726733], [17.1379574, 44.3726372], [17.1379106, 44.3726114], [17.1378529, 44.3725805], [17.1378025, 44.3725599], [17.1377484, 44.3725445], [17.1376835, 44.3725213], [17.1376259, 44.3725032], [17.137561, 44.3724852], [17.1375069, 44.3724646], [17.1374493, 44.3724491], [17.137388, 44.3724337], [17.1373195, 44.3724208], [17.1372438, 44.3724053], [17.1370276, 44.3723538], [17.1369699, 44.3723461], [17.1369122, 44.3723332], [17.136851, 44.3723152], [17.1367933, 44.3722946], [17.1367356, 44.3722791], [17.1366744, 44.3722662], [17.1366095, 44.3722611], [17.1365446, 44.3722508], [17.1364833, 44.3722379], [17.1363752, 44.3721992], [17.1363176, 44.3721786], [17.1362671, 44.3721606], [17.1362058, 44.3721503], [17.1361482, 44.3721503], [17.1360869, 44.3721529], [17.1359644, 44.3721529], [17.1359067, 44.3721477], [17.1358454, 44.3721374], [17.1357914, 44.3721245], [17.1357337, 44.3721091], [17.1356724, 44.372091], [17.1356111, 44.3720807], [17.1355535, 44.3720782], [17.135485, 44.3720833], [17.1354201, 44.3720833], [17.1353553, 44.372073], [17.1353048, 44.372055], [17.1352543, 44.3720215], [17.1352111, 44.3719803], [17.1351714, 44.3719442], [17.1351282, 44.3719107], [17.1350777, 44.3718824], [17.1350237, 44.3718566], [17.134966, 44.3718463], [17.1349011, 44.3718489], [17.1348327, 44.3718489], [17.1347353, 44.3718334], [17.1346813, 44.3718128], [17.1346308, 44.3717896], [17.134584, 44.3717561], [17.1345407, 44.3717175], [17.1345119, 44.3716814], [17.1344074, 44.3715655], [17.134238, 44.3714032], [17.1342019, 44.3713671], [17.1341587, 44.3713336], [17.1341118, 44.3713104], [17.1340614, 44.3712795], [17.1340037, 44.3712563], [17.133946, 44.3712383], [17.1338848, 44.3712254], [17.1338271, 44.3712099], [17.1337622, 44.3711971], [17.1336397, 44.3711971], [17.1335784, 44.3711996], [17.1335063, 44.3712048], [17.1334379, 44.3712177], [17.1333802, 44.3712331], [17.1333297, 44.3712486], [17.1332685, 44.3712589], [17.1332108, 44.3712692], [17.1331531, 44.3712821], [17.1330883, 44.3712847], [17.1330198, 44.3712821], [17.1329513, 44.3712718], [17.1328972, 44.3712589], [17.132836, 44.3712409], [17.1327819, 44.3712202], [17.1327134, 44.3712125], [17.1326486, 44.3712099], [17.1325873, 44.3712125], [17.1325296, 44.3712254], [17.1324864, 44.3712537], [17.1324431, 44.3712821], [17.1324035, 44.3713156], [17.1323602, 44.3713491], [17.132317, 44.37138], [17.1322665, 44.3714057], [17.1322089, 44.3714367], [17.1321512, 44.3714547], [17.1320935, 44.3714573], [17.1320286, 44.3714573], [17.131971, 44.3714495], [17.1319169, 44.3714367], [17.1318556, 44.3714212], [17.1317908, 44.3714289], [17.1317295, 44.3714341], [17.1316682, 44.3714289], [17.1316142, 44.3714083], [17.1315709, 44.3713722], [17.1315349, 44.3713362], [17.1314916, 44.3712924], [17.131452, 44.3712589], [17.1314159, 44.3712151], [17.1313871, 44.3711764], [17.1313583, 44.3711378], [17.131333, 44.3710992], [17.1312646, 44.3709369], [17.1307095, 44.3705143], [17.1307095, 44.3704705], [17.1307023, 44.3704164], [17.1306915, 44.3703701], [17.1306879, 44.3703237], [17.1306915, 44.3702799], [17.1307095, 44.3702361], [17.1307348, 44.3701923], [17.1307492, 44.3701459], [17.1307492, 44.3700557], [17.130742, 44.3700094], [17.1307312, 44.3698651], [17.1307312, 44.3698161], [17.1307239, 44.3697698], [17.1307059, 44.369726], [17.1306807, 44.3696847], [17.1306555, 44.3696409], [17.130623, 44.3695765], [17.1306122, 44.3695327], [17.1305798, 44.3693112], [17.1305726, 44.3692648], [17.1305546, 44.3692184], [17.1305329, 44.3691695], [17.1305113, 44.3691257], [17.1304861, 44.369087], [17.1304608, 44.3690458], [17.130432, 44.3690097], [17.1304068, 44.3689711], [17.1303816, 44.3689273], [17.1302734, 44.3687109], [17.1302518, 44.3686722], [17.1302266, 44.3686284], [17.1301977, 44.3685923], [17.1301689, 44.3685537], [17.1301365, 44.368515], [17.1301076, 44.3684764], [17.1300752, 44.3684403], [17.130032, 44.3684068], [17.1299923, 44.3683759], [17.1299491, 44.3683424], [17.129913, 44.3683089], [17.129877, 44.3682729], [17.1298373, 44.3682316], [17.1298013, 44.3681878], [17.1297761, 44.3681466], [17.1297544, 44.3681054], [17.1297292, 44.3680616], [17.129686, 44.3680049], [17.1296499, 44.3679688], [17.1296211, 44.3679328], [17.1295923, 44.3678915], [17.1295706, 44.3678529], [17.1295454, 44.3678065], [17.1295238, 44.3677601], [17.1295021, 44.3677163], [17.1294769, 44.3676725], [17.1294481, 44.3676339], [17.129412, 44.3675927], [17.1293724, 44.3675566], [17.1293255, 44.3675154], [17.1292751, 44.3674767], [17.1292318, 44.3674407], [17.129185, 44.3674072], [17.1291309, 44.3673711], [17.1290624, 44.3673299], [17.1289759, 44.3672629], [17.1288642, 44.3671418], [17.1288354, 44.3671057], [17.1287993, 44.3670697], [17.1287633, 44.3670336], [17.1287309, 44.3669898], [17.1287056, 44.3669486], [17.128684, 44.3669022], [17.1286732, 44.3668558], [17.1286588, 44.3668146], [17.1286336, 44.3667708], [17.1286011, 44.3667321], [17.1285687, 44.3666935], [17.1285362, 44.3666574], [17.1284389, 44.3665956], [17.1280749, 44.3664255], [17.1280281, 44.3663946], [17.1279848, 44.3663611], [17.1279488, 44.366325], [17.1279127, 44.366289], [17.1278767, 44.3662503], [17.127837, 44.3662091], [17.1278046, 44.3661679], [17.1277686, 44.3661292], [17.1277397, 44.366088], [17.1277145, 44.3660416], [17.1276965, 44.3660004], [17.1276857, 44.365954], [17.1276676, 44.3659102], [17.1276532, 44.3658638], [17.1276352, 44.3658175], [17.1276172, 44.3657737], [17.1275992, 44.3657324], [17.1275739, 44.3656757], [17.1275019, 44.3655701], [17.127473, 44.365534], [17.1274442, 44.3654928], [17.127419, 44.3654542], [17.1274009, 44.3654129], [17.1273865, 44.3653666], [17.1273577, 44.3652738], [17.1273361, 44.3652326], [17.1273072, 44.3651888], [17.1272784, 44.365145], [17.1272568, 44.3651037], [17.1272388, 44.3650599], [17.1272171, 44.3650213], [17.1271955, 44.3649775], [17.1271739, 44.3649363], [17.1271487, 44.3648976], [17.1271234, 44.3648564], [17.1270982, 44.3648152], [17.1270658, 44.3647791], [17.1270261, 44.3647456], [17.1269757, 44.3647224], [17.1269216, 44.3646915], [17.1268747, 44.3646631], [17.1267198, 44.3646142], [17.1266621, 44.3646039], [17.1266008, 44.3645936], [17.1265396, 44.3645859], [17.1264711, 44.3645755], [17.1264134, 44.3645704], [17.1263593, 44.3645575], [17.1263053, 44.3645395], [17.126262, 44.3645086], [17.126226, 44.3644699], [17.1262008, 44.3644287], [17.1261791, 44.3643875], [17.1261611, 44.3643411], [17.1261431, 44.3642921], [17.126053, 44.3640267], [17.1257358, 44.3638], [17.1256782, 44.363465], [17.1255881, 44.3632692], [17.1255592, 44.3630321], [17.1254403, 44.3625116], [17.1252853, 44.3618855], [17.1250979, 44.3616974], [17.1249826, 44.3615325], [17.124842, 44.3613521], [17.1245717, 44.3611382], [17.1243843, 44.3610249], [17.1242653, 44.3608574], [17.124168, 44.360744], [17.124168, 44.3604245], [17.1241428, 44.3603111], [17.124114, 44.3598885], [17.1241212, 44.3595638], [17.1239338, 44.3589376], [17.1239914, 44.3588011], [17.1239121, 44.3585434], [17.1237824, 44.3584042], [17.1235625, 44.3580435], [17.1234184, 44.3576234], [17.1233571, 44.3572008], [17.1233535, 44.3568607], [17.1234004, 44.3563762], [17.1233643, 44.3561649], [17.1232346, 44.3559355], [17.123231, 44.3557577], [17.1231985, 44.3553377], [17.1231841, 44.3551418], [17.1229967, 44.3547321], [17.123058, 44.3547166], [17.1231228, 44.3547218], [17.1231805, 44.3547398], [17.1232454, 44.354745], [17.1233067, 44.3547372], [17.1233499, 44.3547063], [17.1233643, 44.3546599], [17.1233643, 44.3545697], [17.1232702, 44.3542775], [17.123209, 44.3541281], [17.1230892, 44.3538146], [17.1229363, 44.3535267], [17.1228853, 44.3533299], [17.122707, 44.352991], [17.1224249, 44.3526357], [17.1224123, 44.3526125], [17.1224141, 44.3525906], [17.1224375, 44.3525751], [17.1224844, 44.3525751], [17.1227529, 44.3525738], [17.1227871, 44.3525751], [17.1229781, 44.3525107], [17.1230574, 44.3524321], [17.1229781, 44.3521821], [17.1226988, 44.3520313], [17.122679, 44.352012], [17.1226682, 44.3519798], [17.1226844, 44.3519605], [17.1227096, 44.3519476], [17.1227421, 44.3519463], [17.1228556, 44.3519295], [17.1229149, 44.3519139], [17.1225581, 44.3516515], [17.1224918, 44.3516187], [17.1224205, 44.3515822], [17.1224001, 44.3515203], [17.1224612, 44.3514765], [17.1225479, 44.351451], [17.1228282, 44.3513599], [17.1230219, 44.3512396], [17.1224612, 44.3513563], [17.1217476, 44.3512834], [17.121396, 44.3513526], [17.1210697, 44.3512287], [17.1208149, 44.351072], [17.1204887, 44.3508278], [17.1202491, 44.3506054], [17.120504, 44.3505143], [17.1203154, 44.3499129], [17.1204071, 44.349286], [17.1198923, 44.3484587], [17.1196889, 44.3483796], [17.1190106, 44.348116], [17.118929, 44.3480978], [17.1188424, 44.3480723], [17.1187608, 44.3480614], [17.1186792, 44.3480468], [17.1185977, 44.3480358], [17.1183174, 44.3480358], [17.117906, 44.348162], [17.1171617, 44.3483333], [17.1171113, 44.3483359], [17.1168261, 44.3484031], [17.1168827, 44.348358], [17.1169161, 44.3480433], [17.1168512, 44.3473577], [17.1169341, 44.3469814], [17.1168692, 44.3467263], [17.1167485, 44.3463783], [17.1165629, 44.3461283], [17.1161664, 44.3462559], [17.1161249, 44.3462134], [17.1160565, 44.3460948], [17.1160583, 44.3460097], [17.1162024, 44.3457971], [17.1164439, 44.3454749], [17.1165701, 44.3451476], [17.1166457, 44.3450664], [17.1166944, 44.3449736], [17.1168458, 44.3447545], [17.1167196, 44.3447803], [17.1166331, 44.3448383], [17.1166169, 44.3448563], [17.116489, 44.344962], [17.1164637, 44.3449736], [17.1161358, 44.3451463], [17.1161141, 44.3451605], [17.1158168, 44.3453512], [17.1157934, 44.3453628], [17.1155555, 44.3454311], [17.1153915, 44.3454388], [17.1151482, 44.3454221], [17.1148977, 44.3453692], [17.114568, 44.3452881], [17.1143103, 44.3452378], [17.1140922, 44.3452533], [17.1136976, 44.3453422], [17.1136471, 44.3453589], [17.1131948, 44.3454711], [17.1126812, 44.3455638], [17.1121496, 44.3456244], [17.1117658, 44.3456205], [17.1116494, 44.3455884], [17.111666, 44.3455373], [17.1087276, 44.3400321], [17.1075145, 44.3351981], [17.1065588, 44.3314375], [17.106518, 44.3313682]]]}}]}