{"type": "FeatureCollection", "features": [{"type": "Feature", "properties": {"name": "Opština Kalinovik, Република Српска / Republika Srpska, 71230, Bosna i Hercegovina / Босна и Херцеговина", "source": "OpenStreetMap relation 2528215", "licence": "ODbL 1.0"}, "geometry": {"type": "Polygon", "coordinates": [[[18.174592, 43.3836114], [18.1749665, 43.3817872], [18.1767666, 43.3807714], [18.1787791, 43.3800157], [18.1826476, 43.379069], [18.1880422, 43.378106], [18.1929896, 43.377013], [18.1977805, 43.3759037], [18.2043379, 43.3740874], [18.2088939, 43.3725595], [18.2150824, 43.3715883], [18.2263011, 43.3669986], [18.2289686, 43.3675651], [18.2301146, 43.3685404], [18.2313892, 43.3706536], [18.2318924, 43.3728236], [18.23277, 43.3752861], [18.2329713, 43.3772527], [18.2334073, 43.3794144], [18.2330887, 43.3817384], [18.2333458, 43.3838349], [18.2338659, 43.3859019], [18.2387181, 43.3887792], [18.2426592, 43.3908307], [18.2456249, 43.3925008], [18.2500245, 43.394475], [18.2533731, 43.39428], [18.2575211, 43.3932685], [18.2626138, 43.3925983], [18.2658226, 43.3923261], [18.2679972, 43.3904899], [18.2685171, 43.3890396], [18.2698085, 43.3888162], [18.271793, 43.3872155], [18.2745602, 43.3864233], [18.2761143, 43.3847495], [18.2778305, 43.3849282], [18.2801129, 43.3842936], [18.2825796, 43.3828973], [18.2843584, 43.3827939], [18.2863744, 43.3832191], [18.2886829, 43.3824147], [18.2900269, 43.3807196], [18.2914815, 43.379151], [18.2944779, 43.3781856], [18.2963278, 43.3776512], [18.2958219, 43.3765881], [18.2942249, 43.3746515], [18.2915606, 43.3720942], [18.2901534, 43.3703644], [18.2913471, 43.3689621], [18.293205, 43.3672495], [18.2964148, 43.3653126], [18.2985889, 43.3629618], [18.2954898, 43.3591912], [18.2929283, 43.3554434], [18.2920497, 43.3537613], [18.2976357, 43.3512886], [18.3017625, 43.3493282], [18.3067499, 43.3471946], [18.3112179, 43.3448209], [18.3167283, 43.3428085], [18.3216774, 43.3406064], [18.3243733, 43.3386917], [18.3282946, 43.3357879], [18.3322475, 43.3320328], [18.3335915, 43.3300891], [18.3352656, 43.3281732], [18.3359793, 43.3261709], [18.336313, 43.3252346], [18.3363999, 43.3251787], [18.3366865, 43.3249213], [18.3368704, 43.3247363], [18.337165, 43.3243865], [18.3374725, 43.3241791], [18.3379868, 43.3238944], [18.3384676, 43.323687], [18.3389092, 43.3234755], [18.3393564, 43.3232071], [18.3396247, 43.3229671], [18.3397142, 43.3227882], [18.3397645, 43.3225442], [18.3398036, 43.3223083], [18.339798, 43.3221375], [18.3398763, 43.3220195], [18.3400999, 43.3219423], [18.3403123, 43.3218162], [18.3404968, 43.3216657], [18.3405807, 43.3215152], [18.3406198, 43.3213729], [18.3407484, 43.3212224], [18.3411844, 43.3207913], [18.3415702, 43.3204537], [18.3417435, 43.3203561], [18.3418385, 43.320348], [18.3419223, 43.3203765], [18.3420062, 43.3204944], [18.3421739, 43.3210923], [18.3422242, 43.3215559], [18.3422242, 43.3219667], [18.3421236, 43.3222961], [18.3420901, 43.3225767], [18.3420956, 43.3227638], [18.3422019, 43.3229183], [18.3423416, 43.3229834], [18.3425429, 43.3229915], [18.3428615, 43.3229834], [18.3432305, 43.3229956], [18.3434876, 43.3229468], [18.3437056, 43.3228817], [18.3439907, 43.3228533], [18.3442982, 43.3228085], [18.3446504, 43.3226743], [18.3450417, 43.3224181], [18.3455057, 43.3221212], [18.3460312, 43.3218284], [18.3465176, 43.3216332], [18.3471045, 43.3215518], [18.3473226, 43.321564], [18.3476747, 43.3216942], [18.3477698, 43.3217023], [18.3478592, 43.3216982], [18.3479375, 43.3216698], [18.3480046, 43.321621], [18.3480828, 43.3215762], [18.3481611, 43.3215518], [18.3482561, 43.3215396], [18.3483456, 43.32156], [18.3484294, 43.3215925], [18.3485916, 43.3216535], [18.3486866, 43.3216494], [18.3487481, 43.3216047], [18.3487984, 43.3215518], [18.3488487, 43.3214949], [18.34905, 43.3213566], [18.3491282, 43.32132], [18.3492121, 43.3212997], [18.3494077, 43.3212956], [18.3495922, 43.3212671], [18.3496872, 43.321259], [18.3499668, 43.3212509], [18.3503189, 43.3213566], [18.3504084, 43.3213729], [18.3504978, 43.3213932], [18.3505817, 43.3214136], [18.3506655, 43.321442], [18.3508277, 43.3215112], [18.3509115, 43.3215478], [18.3510736, 43.3216128], [18.3511519, 43.3216454], [18.3512302, 43.3216779], [18.351314, 43.3217104], [18.3513923, 43.3217511], [18.3515376, 43.3218528], [18.3516103, 43.3218975], [18.3517501, 43.3219951], [18.3518339, 43.3220277], [18.352147, 43.3220358], [18.3522588, 43.3220155], [18.3523314, 43.3219789], [18.3524097, 43.3219341], [18.3524824, 43.3218813], [18.3526277, 43.3217877], [18.3527004, 43.3217511], [18.3527787, 43.3217104], [18.3528569, 43.3216738], [18.3529464, 43.3216454], [18.3530358, 43.3216332], [18.3531309, 43.3216291], [18.3532147, 43.3216657], [18.353293, 43.3217104], [18.3534048, 43.321743], [18.353483, 43.3217837], [18.3535781, 43.3218162], [18.3536675, 43.3218162], [18.353852, 43.3217837], [18.353947, 43.3217837], [18.3540309, 43.3218162], [18.3541259, 43.3218162], [18.3542657, 43.3217308], [18.3543272, 43.321686], [18.3545284, 43.3215437], [18.3546179, 43.3215112], [18.3547185, 43.321499], [18.3550092, 43.3214908], [18.3551154, 43.3214868], [18.3552104, 43.3214786], [18.3553167, 43.3214705], [18.3554117, 43.3214624], [18.3555067, 43.3214502], [18.3556968, 43.321442], [18.3557918, 43.3214339], [18.3559875, 43.3214258], [18.3561999, 43.3213973], [18.356295, 43.3213729], [18.3564683, 43.3213281], [18.3566471, 43.3212753], [18.3567422, 43.3212468], [18.3568428, 43.3212305], [18.3570329, 43.3211695], [18.3571167, 43.3211289], [18.3572006, 43.3210923], [18.3572733, 43.3210475], [18.3573403, 43.3210028], [18.3576925, 43.3207954], [18.3577932, 43.3207547], [18.357877, 43.3207222], [18.3579609, 43.3206937], [18.3583242, 43.3205757], [18.358464, 43.320531], [18.3586205, 43.3204781], [18.3587491, 43.3204212], [18.3588497, 43.3203765], [18.3589727, 43.3203358], [18.359051, 43.3203073], [18.3591516, 43.3202666], [18.3594758, 43.3201487], [18.3595597, 43.3201284], [18.3596603, 43.320104], [18.3597777, 43.3200796], [18.3598727, 43.3200633], [18.3599734, 43.3200389], [18.3600852, 43.3200145], [18.3601802, 43.319986], [18.3603591, 43.3199453], [18.3604653, 43.3199128], [18.3605659, 43.3198884], [18.3606498, 43.319864], [18.3608399, 43.3198071], [18.3609349, 43.3197745], [18.3610355, 43.3197501], [18.3611473, 43.3197217], [18.3614212, 43.3196688], [18.361589, 43.3196037], [18.3616449, 43.3195549], [18.361684, 43.3194939], [18.3617343, 43.319441], [18.3618014, 43.3193963], [18.3618796, 43.3193597], [18.3620585, 43.3193393], [18.3624275, 43.3193271], [18.3625169, 43.3193109], [18.3626287, 43.3192824], [18.3629865, 43.3191604], [18.3630816, 43.3191482], [18.3631766, 43.3191278], [18.3632604, 43.3191075], [18.3633387, 43.319075], [18.363417, 43.3190424], [18.3636462, 43.3189204], [18.3637748, 43.3188269], [18.3638362, 43.318774], [18.3638977, 43.3187211], [18.3639592, 43.3186723], [18.3640375, 43.3186357], [18.3641325, 43.3186113], [18.3642276, 43.3185869], [18.364317, 43.3185666], [18.3644065, 43.3185788], [18.364686, 43.3185788], [18.3647866, 43.3185706], [18.3648872, 43.3185584], [18.3650941, 43.3185218], [18.3651891, 43.3184974], [18.3652729, 43.318469], [18.3653512, 43.3184364], [18.3654351, 43.3183958], [18.3656363, 43.3182493], [18.3658152, 43.3182168], [18.3660947, 43.3182127], [18.3661898, 43.3182005], [18.3662848, 43.3181883], [18.3664749, 43.3181639], [18.3674867, 43.3180541], [18.3675985, 43.3180378], [18.3689961, 43.3178548], [18.3696334, 43.317806], [18.3697396, 43.3178141], [18.370198, 43.3178426], [18.3703377, 43.317867], [18.3704328, 43.3178711], [18.3706117, 43.3179036], [18.3708017, 43.3178955], [18.3708856, 43.3178751], [18.3709639, 43.3178426], [18.3710421, 43.317806], [18.3711204, 43.3177694], [18.3711931, 43.3177247], [18.3712769, 43.3176799], [18.3716347, 43.3175498], [18.3717241, 43.3175213], [18.3725459, 43.3172569], [18.3739267, 43.3169722], [18.3751789, 43.316777], [18.3757883, 43.3166428], [18.3758721, 43.3166143], [18.3765206, 43.3163336], [18.376884, 43.3162157], [18.3769734, 43.3161994], [18.3771635, 43.3161913], [18.3772585, 43.3162035], [18.377538, 43.3162075], [18.3776275, 43.3161872], [18.3778511, 43.3161506], [18.3779517, 43.3161587], [18.3781306, 43.3161343], [18.3782144, 43.3161099], [18.3782871, 43.3160733], [18.3784828, 43.316053], [18.3785834, 43.3160571], [18.3786784, 43.3160693], [18.3787791, 43.3160489], [18.3789244, 43.3159798], [18.3790027, 43.315935], [18.3790698, 43.3158862], [18.379148, 43.3158455], [18.3792375, 43.3158211], [18.3794164, 43.3157805], [18.3795114, 43.3157601], [18.3795952, 43.3157357], [18.3797797, 43.3156666], [18.3798524, 43.3156259], [18.3800033, 43.3155527], [18.380171, 43.3154876], [18.3802549, 43.3154429], [18.3803332, 43.3154144], [18.3805009, 43.3153168], [18.3805624, 43.3152639], [18.3807692, 43.3151093], [18.3808531, 43.3150646], [18.3810264, 43.314967], [18.3811046, 43.3149385], [18.3825357, 43.3142104], [18.3831059, 43.3138891], [18.383391, 43.3137386], [18.3838159, 43.3133278], [18.3839948, 43.3131651], [18.3841346, 43.3129902], [18.3848613, 43.3125061], [18.3849284, 43.312376], [18.3851352, 43.3122865], [18.3856607, 43.311717], [18.3862812, 43.3112533], [18.3863986, 43.3110255], [18.3864322, 43.3109604], [18.3864713, 43.3109035], [18.3865663, 43.3107814], [18.3867508, 43.3106025], [18.3868794, 43.3104926], [18.3869465, 43.3104397], [18.3870247, 43.3103909], [18.387103, 43.3103543], [18.3871701, 43.3103096], [18.3871813, 43.3102404], [18.3872428, 43.3101875], [18.3874216, 43.3101631], [18.3875167, 43.3101753], [18.3876117, 43.3101753], [18.3880757, 43.3100858], [18.3882434, 43.3100208], [18.3883776, 43.3099231], [18.3884614, 43.3098784], [18.3885509, 43.3098418], [18.3886347, 43.3098255], [18.3887298, 43.3098133], [18.3888751, 43.3097442], [18.3889366, 43.3096872], [18.3889869, 43.3096303], [18.3890596, 43.3094391], [18.3891043, 43.3093821], [18.3891546, 43.3093252], [18.3892161, 43.3092682], [18.389272, 43.3092113], [18.3893279, 43.3091584], [18.3894006, 43.3091096], [18.3894733, 43.3090648], [18.3895571, 43.3090241], [18.3896354, 43.3089875], [18.3913572, 43.3082919], [18.3915864, 43.308239], [18.3916814, 43.3082309], [18.3917709, 43.3082268], [18.3919554, 43.3082187], [18.3920448, 43.3081984], [18.3922181, 43.3081414], [18.3922964, 43.3081048], [18.3923802, 43.308056], [18.39252, 43.3079584], [18.3926038, 43.3079095], [18.3927771, 43.3078526], [18.3928666, 43.3078282], [18.3929616, 43.3078038], [18.3932244, 43.3077468], [18.3933362, 43.3077387], [18.3934424, 43.3077224], [18.3935486, 43.3077143], [18.3936436, 43.3077061], [18.3941188, 43.3077061], [18.3942977, 43.3076655], [18.3943927, 43.3076411], [18.3944766, 43.3076126], [18.3945716, 43.307576], [18.3946555, 43.3075475], [18.3947561, 43.3075231], [18.3948511, 43.3075109], [18.3949517, 43.3074987], [18.3950524, 43.3074905], [18.3951474, 43.3074783], [18.3953375, 43.3074743], [18.3954269, 43.3074539], [18.3955108, 43.3074255], [18.395589, 43.3073929], [18.3957623, 43.3072994], [18.3959748, 43.3072383], [18.3960642, 43.3072139], [18.3961537, 43.3072058], [18.3963325, 43.3071855], [18.3964891, 43.3071732], [18.396668, 43.3071692], [18.396763, 43.3071692], [18.3968636, 43.3071732], [18.397104, 43.3072139], [18.3973612, 43.3072994], [18.3975009, 43.3073522], [18.3975848, 43.3073929], [18.3978028, 43.3075394], [18.3979817, 43.3077102], [18.3981158, 43.307816], [18.3981885, 43.3078567], [18.398278, 43.307877], [18.3983618, 43.3078607], [18.3984401, 43.3078323], [18.3985128, 43.3077794], [18.3985631, 43.3077265], [18.3986357, 43.3076045], [18.3987084, 43.3074051], [18.3987476, 43.30734], [18.3992674, 43.3079218], [18.3994575, 43.3082716], [18.3998321, 43.3086702], [18.4003296, 43.3087313], [18.4005085, 43.3087313], [18.4006035, 43.3087435], [18.400693, 43.3087597], [18.4007768, 43.3087801], [18.4008551, 43.3088126], [18.4009333, 43.3088533], [18.401006, 43.3089102], [18.4011458, 43.3090974], [18.4012744, 43.3093292], [18.4014588, 43.3095082], [18.4015259, 43.309557], [18.4017104, 43.3095814], [18.4018166, 43.3095814], [18.4020067, 43.309557], [18.4021073, 43.3095408], [18.4023868, 43.3094919], [18.4024763, 43.3094838], [18.4025657, 43.3094797], [18.4030241, 43.3094797], [18.403326, 43.3095204], [18.4035328, 43.3095611], [18.403639, 43.3095855], [18.4037229, 43.3096058], [18.4038291, 43.3096384], [18.4039242, 43.3096831], [18.4040248, 43.3097279], [18.4041086, 43.3097767], [18.4041981, 43.3098255], [18.4042763, 43.3098703], [18.4043546, 43.3099231], [18.4044329, 43.3099679], [18.4045055, 43.3100167], [18.4045838, 43.3100655], [18.4046621, 43.3101225], [18.4048801, 43.3102933], [18.404936, 43.3103462], [18.4050087, 43.3104072], [18.4050925, 43.3104804], [18.405154, 43.3105414], [18.4052099, 43.3105943], [18.4052714, 43.3106594], [18.4054391, 43.3108343], [18.4060149, 43.3107204], [18.406423, 43.3107163], [18.4066857, 43.3106553], [18.406764, 43.3106269], [18.4068423, 43.3105902], [18.4069205, 43.3105496], [18.4073566, 43.3103909], [18.407446, 43.3103665], [18.4075411, 43.3103421], [18.4077255, 43.3103055], [18.4083181, 43.3103096], [18.4084131, 43.3103258], [18.4086759, 43.3104194], [18.4087542, 43.3104641], [18.4088436, 43.3104926], [18.408933, 43.3105089], [18.4091231, 43.310517], [18.4093076, 43.3105455], [18.4093914, 43.310578], [18.4094753, 43.3106065], [18.4097995, 43.3106147], [18.4099058, 43.3105984], [18.4099952, 43.310574], [18.4100958, 43.3105496], [18.4102803, 43.3105089], [18.4103697, 43.3104845], [18.4105486, 43.3104438], [18.4106493, 43.3104357], [18.4108393, 43.3104357], [18.4109567, 43.3104438], [18.4111468, 43.3104845], [18.411935, 43.3107245], [18.4121027, 43.3107936], [18.412181, 43.3108343], [18.4123487, 43.3109075], [18.4125388, 43.3109319], [18.4128518, 43.3109319], [18.4129413, 43.3109197], [18.4133438, 43.3109279], [18.4134612, 43.310936], [18.4135506, 43.3109482], [18.4136512, 43.3109604], [18.413763, 43.3109645], [18.4139587, 43.3109767], [18.4140481, 43.3109808], [18.4141432, 43.3109808], [18.4142494, 43.3109726], [18.4144451, 43.3109645], [18.4146128, 43.310993], [18.4148531, 43.3110865], [18.4149314, 43.3111394], [18.4150264, 43.3111963], [18.4151606, 43.3113021], [18.4153171, 43.3114445], [18.415373, 43.3115096], [18.4154345, 43.3115787], [18.4155687, 43.3117658], [18.4156246, 43.3118187], [18.4156973, 43.3118756], [18.4157755, 43.3119204], [18.4158594, 43.3119651], [18.4163346, 43.3123638], [18.4164017, 43.3124085], [18.4164911, 43.3124695], [18.417257, 43.3131691], [18.4179781, 43.3138769], [18.4182744, 43.3142592], [18.4187943, 43.3146741], [18.4189117, 43.3147514], [18.4189732, 43.3148084], [18.4190738, 43.3148206], [18.4193589, 43.3148287], [18.4194484, 43.314849], [18.4195378, 43.3148938], [18.4196105, 43.3149507], [18.4196664, 43.3150077], [18.4197502, 43.3151338], [18.4198061, 43.315272], [18.4198229, 43.3153412], [18.4198341, 43.3154185], [18.4198453, 43.3157154], [18.4199124, 43.315931], [18.4199515, 43.3160082], [18.4199794, 43.3160774], [18.4200186, 43.3161506], [18.4200912, 43.3164353], [18.4207006, 43.3174033], [18.4207397, 43.3174766], [18.4207788, 43.3175457], [18.4208571, 43.317745], [18.4208739, 43.3178141], [18.4208851, 43.3178873], [18.4209018, 43.3179565], [18.421036, 43.3181395], [18.4210863, 43.3181965], [18.4211813, 43.3183185], [18.4212317, 43.3183754], [18.4213658, 43.3185747], [18.4214217, 43.3186317], [18.4214776, 43.3186845], [18.4216621, 43.3187415], [18.4217571, 43.3187537], [18.421841, 43.318774], [18.421936, 43.3187903], [18.4220311, 43.3188106], [18.4221149, 43.3188391], [18.4222155, 43.3188675], [18.4223944, 43.3189286], [18.4224783, 43.3189692], [18.4225566, 43.3190058], [18.4226292, 43.3190424], [18.4227019, 43.319079], [18.4227802, 43.3191197], [18.4228808, 43.3191604], [18.4229758, 43.3192092], [18.4230653, 43.3192336], [18.4231771, 43.319258], [18.4232665, 43.3192743], [18.423356, 43.3192946], [18.423451, 43.3193149], [18.4236019, 43.3193719], [18.4236746, 43.3194166], [18.4237473, 43.3194695], [18.423792, 43.3195264], [18.4238256, 43.3195956], [18.4238479, 43.3197054], [18.4238703, 43.3197949], [18.4239821, 43.3199494], [18.4240827, 43.3200226], [18.4241777, 43.3200999], [18.4242448, 43.3201487], [18.4242895, 43.3202056], [18.4243343, 43.3203439], [18.4243287, 43.3204822], [18.4243622, 43.3205513], [18.4244069, 43.3206123], [18.4244684, 43.3206693], [18.4245299, 43.3207262], [18.4245802, 43.3207832], [18.4246641, 43.3209052], [18.4246865, 43.3209702], [18.4247983, 43.3213892], [18.4249436, 43.3219057], [18.4250386, 43.3221537], [18.4250666, 43.3222229], [18.4251001, 43.322288], [18.4251504, 43.322349], [18.4252008, 43.32241], [18.4252511, 43.3224791], [18.4253126, 43.3226947], [18.4253293, 43.3227638], [18.4253517, 43.3228289], [18.425402, 43.3228899], [18.4254691, 43.3229346], [18.4255474, 43.3229753], [18.4256312, 43.3229997], [18.4257207, 43.3230281], [18.4257933, 43.3230688], [18.4258381, 43.3232071], [18.4258436, 43.3232803], [18.4258492, 43.3234836], [18.4258604, 43.3235528], [18.4258828, 43.3236178], [18.4259219, 43.323687], [18.4259722, 43.323752], [18.4260281, 43.3238131], [18.4260952, 43.3238659], [18.4261679, 43.3239107], [18.4263188, 43.3240042], [18.4263747, 43.3240611], [18.4263971, 43.3241343], [18.4263971, 43.3242035], [18.426302, 43.3243214], [18.4262406, 43.3244027], [18.4262238, 43.3244719], [18.4262182, 43.3246102], [18.426235, 43.3246834], [18.4262517, 43.3247566], [18.426302, 43.324907], [18.4263635, 43.3250453], [18.4264083, 43.3251104], [18.4264642, 43.3251673], [18.4265592, 43.3251876], [18.4266486, 43.3251958], [18.4267437, 43.3252039], [18.4268164, 43.3252446], [18.4268778, 43.3253096], [18.4269002, 43.3253747], [18.4269505, 43.3255252], [18.4269841, 43.3255902], [18.4270232, 43.3256512], [18.4270735, 43.3257082], [18.4271294, 43.3257692], [18.4271909, 43.325818], [18.4272748, 43.3258586], [18.4273586, 43.3258871], [18.4274481, 43.3259034], [18.4276381, 43.3258708], [18.427722, 43.3258464], [18.427817, 43.3258505], [18.4278953, 43.3258871], [18.4279568, 43.3259481], [18.4280071, 43.3260091], [18.4280406, 43.3260783], [18.4280462, 43.3261515], [18.4280294, 43.3262206], [18.4279959, 43.3262897], [18.4279568, 43.3263548], [18.4279065, 43.3264117], [18.4279065, 43.3269241], [18.427912, 43.3270014], [18.4279176, 43.3271437], [18.4279065, 43.3272169], [18.4278673, 43.327282], [18.427817, 43.3273389], [18.4277387, 43.3273958], [18.4276493, 43.3274324], [18.4275487, 43.3274568], [18.4274425, 43.3274609], [18.4269393, 43.327469], [18.4268331, 43.3274812], [18.4267325, 43.3274894], [18.4266319, 43.3275056], [18.4265368, 43.3275219], [18.4263468, 43.327587], [18.4261791, 43.3276805], [18.4259666, 43.3279042], [18.4259107, 43.3279652], [18.4258269, 43.3280424], [18.4257654, 43.3280994], [18.4257039, 43.3281563], [18.4256368, 43.3282092], [18.42543, 43.3283678], [18.4253126, 43.3284857], [18.4252567, 43.3285467], [18.4251113, 43.3287297], [18.4250107, 43.3288192], [18.4253573, 43.3289777], [18.4254244, 43.3290265], [18.425497, 43.3290672], [18.4255697, 43.3291119], [18.4256256, 43.3291689], [18.4256759, 43.3293112], [18.4256983, 43.3293803], [18.4257374, 43.3294413], [18.4257989, 43.3295023], [18.4258828, 43.3295308], [18.4259722, 43.329543], [18.4260784, 43.3295593], [18.4261679, 43.3295715], [18.4264753, 43.3296203], [18.4265648, 43.3296487], [18.4266542, 43.3296772], [18.4267269, 43.3297219], [18.4268108, 43.3297585], [18.426889, 43.3297951], [18.4269617, 43.3298439], [18.4270176, 43.3299008], [18.4270791, 43.3299537], [18.4271629, 43.3299822], [18.427353, 43.3299903], [18.4274481, 43.3300025], [18.4275263, 43.330035], [18.427599, 43.3300757], [18.4276996, 43.3301977], [18.4277164, 43.3302709], [18.4277443, 43.3303441], [18.4278002, 43.3304051], [18.4278785, 43.3304457], [18.4280183, 43.3305433], [18.4282698, 43.3306165], [18.4284208, 43.3306897], [18.4284934, 43.3307345], [18.4285605, 43.3307914], [18.4286667, 43.3309093], [18.4288624, 43.3310679], [18.4289462, 43.3311045], [18.4290245, 43.331133], [18.4291195, 43.3311614], [18.429209, 43.3311858], [18.429304, 43.3312143], [18.4300084, 43.3313851], [18.4304389, 43.3315437], [18.4305507, 43.3315803], [18.4307799, 43.3317104], [18.4309923, 43.3319544], [18.4312494, 43.3323854], [18.4314395, 43.3327879], [18.4316687, 43.3330279], [18.4318867, 43.3331986], [18.4321886, 43.3332962], [18.4322781, 43.3333328], [18.4323675, 43.3333613], [18.4324458, 43.3333938], [18.432675, 43.3335158], [18.4328762, 43.3336663], [18.4329321, 43.3337272], [18.4335191, 43.3342437], [18.4335974, 43.3342884], [18.4337371, 43.3343819], [18.4337874, 43.3344429], [18.4338098, 43.3345161], [18.4337651, 43.3345771], [18.433698, 43.3346381], [18.4336085, 43.3347763], [18.4335694, 43.3348454], [18.4335303, 43.3349105], [18.4335079, 43.3349796], [18.4335079, 43.3351219], [18.4335638, 43.3352317], [18.4336197, 43.3352968], [18.4337036, 43.3353578], [18.4337651, 43.3354106], [18.433821, 43.3354716], [18.4339048, 43.3356017], [18.4339607, 43.3356546], [18.4340278, 43.3357075], [18.4341117, 43.3357481], [18.4341955, 43.3357928], [18.4342738, 43.3358335], [18.4344527, 43.3358945], [18.4345645, 43.3359352], [18.4346539, 43.3359636], [18.4348328, 43.3360165], [18.4349278, 43.3360449], [18.4350173, 43.3360653], [18.4351067, 43.3360897], [18.4354086, 43.3361344], [18.4361857, 43.3361303], [18.4363031, 43.3361263], [18.4368453, 43.3361263], [18.4369403, 43.3361303], [18.4371304, 43.3361425], [18.4372255, 43.3361507], [18.4373261, 43.3361588], [18.4378013, 43.3362401], [18.4380025, 43.3363824], [18.4380584, 43.3364353], [18.4381255, 43.3364881], [18.457632, 43.3532311], [18.4583455, 43.3538435], [18.4750325, 43.3479979], [18.5113638, 43.3390131], [18.5116594, 43.3389156], [18.539153, 43.329848], [18.5485731, 43.333436], [18.5440974, 43.3450475], [18.5441581, 43.3450807], [18.5439892, 43.3451366], [18.5438349, 43.3451793], [18.5437493, 43.345228], [18.5436109, 43.345389], [18.543288, 43.3456603], [18.5428164, 43.3459725], [18.5426503, 43.3460703], [18.5425436, 43.3461737], [18.5424764, 43.3462974], [18.5424373, 43.3463665], [18.5423646, 43.3464153], [18.5422919, 43.346464], [18.5422416, 43.3465291], [18.5421634, 43.3467364], [18.5420851, 43.3467811], [18.542046, 43.3471307], [18.5419733, 43.3473462], [18.542018, 43.3476836], [18.5421075, 43.347708], [18.5421857, 43.3477405], [18.5422304, 43.3479316], [18.5420851, 43.348021], [18.5420068, 43.3480576], [18.5419342, 43.3481105], [18.5419062, 43.3481796], [18.5419453, 43.3482446], [18.5420124, 43.3482934], [18.5420739, 43.3483544], [18.5420739, 43.3484235], [18.5420292, 43.3484926], [18.5419677, 43.3487731], [18.5418615, 43.3488829], [18.5418168, 43.3489438], [18.5413584, 43.3489398], [18.5412633, 43.3489357], [18.5411795, 43.3489723], [18.5409782, 43.349143], [18.5408888, 43.3491715], [18.5408105, 43.3492162], [18.5407602, 43.3492731], [18.5407155, 43.3494154], [18.5403186, 43.3496837], [18.5394465, 43.3497528], [18.5393514, 43.3497731], [18.5391726, 43.3498422], [18.538921, 43.3499601], [18.5385353, 43.350017], [18.538362, 43.3501878], [18.5382949, 43.3503301], [18.5381439, 43.3505089], [18.5380489, 43.3505699], [18.5377974, 43.3507122], [18.5377135, 43.3507528], [18.537652, 43.3511675], [18.5375961, 43.3512284], [18.5375346, 43.3512813], [18.5374452, 43.3513219], [18.5373445, 43.3513423], [18.5368191, 43.3513748], [18.536629, 43.3514276], [18.5364389, 43.3514561], [18.53626, 43.3513951], [18.5361874, 43.3513544], [18.5361091, 43.3513138], [18.5359414, 43.3512447], [18.5358408, 43.3512284], [18.5355668, 43.3511553], [18.5354942, 43.3510252], [18.5354215, 43.3508951], [18.5353376, 43.3508504], [18.5352538, 43.3508097], [18.5351643, 43.3507731], [18.5350749, 43.3507284], [18.5350078, 43.3506756], [18.5349463, 43.3506227], [18.5347451, 43.3505862], [18.5345438, 43.3505536], [18.5343631, 43.3504929], [18.5343156, 43.3504807], [18.5342206, 43.3504004], [18.5341898, 43.3503161], [18.5341884, 43.3502978], [18.5341968, 43.350246], [18.5342233, 43.3501281], [18.5341744, 43.3501271], [18.5341535, 43.3501342], [18.5339257, 43.3501708], [18.5338698, 43.3500315], [18.5338069, 43.3500163], [18.5337384, 43.3500447], [18.5332926, 43.3500661], [18.5332213, 43.3500305], [18.5330368, 43.3499797], [18.5329208, 43.3500498], [18.5328356, 43.3501393], [18.5324135, 43.3501911], [18.5324107, 43.3503252], [18.5322863, 43.3503608], [18.5322053, 43.350312], [18.5317832, 43.3502765], [18.5317818, 43.3503303], [18.5316364, 43.350374], [18.5315149, 43.3504177], [18.5314673, 43.3505092], [18.5313695, 43.3505549], [18.5312885, 43.3505956], [18.5312745, 43.3506108], [18.5312158, 43.3506891], [18.5311417, 43.3506992], [18.531076, 43.3506769], [18.5310271, 43.3506677], [18.5309083, 43.350688], [18.5308873, 43.3506982], [18.5307853, 43.350875], [18.5302635, 43.3509432], [18.5301712, 43.3509758], [18.5298889, 43.3510063], [18.5297715, 43.3510693], [18.5293551, 43.3511363], [18.5293075, 43.3511506], [18.5291147, 43.3511567], [18.529014, 43.3513396], [18.5289945, 43.3513762], [18.5288631, 43.3514249], [18.5288911, 43.3515245], [18.5288352, 43.3515916], [18.5287821, 43.3516038], [18.5287373, 43.351618], [18.5284786, 43.3517907], [18.5284707, 43.3518985], [18.5285082, 43.3519373], [18.5285557, 43.3519747], [18.5284687, 43.3520264], [18.5283761, 43.3522495], [18.5283705, 43.3522572], [18.5283782, 43.3522826], [18.5284858, 43.3525361], [18.5285082, 43.3525646], [18.5285026, 43.3530869], [18.5292685, 43.3531459], [18.529302, 43.3531682], [18.5295228, 43.3532576], [18.5295619, 43.353278], [18.5296402, 43.3533247], [18.5297185, 43.3533633], [18.5297688, 43.3533654], [18.5298079, 43.3533511], [18.5298946, 43.353341], [18.5299449, 43.3533552], [18.5300259, 43.3534772], [18.5301294, 43.3536316], [18.5301545, 43.3536987], [18.5301881, 43.3537231], [18.5304899, 43.3538816], [18.5307247, 43.3540015], [18.5309036, 43.3541499], [18.5309763, 43.3542332], [18.5311775, 43.3543043], [18.5313452, 43.3543491], [18.5313844, 43.3543674], [18.5314207, 43.3543877], [18.5314878, 43.3544791], [18.5315661, 43.3545604], [18.5316918, 43.3546011], [18.5317198, 43.3547494], [18.5318009, 43.3548348], [18.5318931, 43.3551112], [18.5319238, 43.3551376], [18.531977, 43.3553023], [18.5320636, 43.3553795], [18.5321475, 43.3564851], [18.5321866, 43.3565501], [18.5322369, 43.3566903], [18.5322984, 43.3571679], [18.5323096, 43.3573122], [18.5322816, 43.3574139], [18.5321922, 43.3575012], [18.5320217, 43.3575724], [18.5319742, 43.3575866], [18.5317757, 43.3576435], [18.5316723, 43.3576923], [18.5316387, 43.3577309], [18.5316164, 43.3578], [18.5317897, 43.3578549], [18.5318288, 43.3578711], [18.5318984, 43.3578949], [18.5319462, 43.3579301], [18.5319853, 43.3579544], [18.5320608, 43.3580012], [18.5321363, 43.3580601], [18.5355545, 43.3608774], [18.5398499, 43.3652206], [18.5446408, 43.3700828], [18.5448306, 43.3703931], [18.546807, 43.376657], [18.5477399, 43.3775764], [18.5480781, 43.3784124], [18.5484247, 43.3794932], [18.548503, 43.379416], [18.5485589, 43.3793632], [18.5486372, 43.3793185], [18.5488217, 43.3792819], [18.5489167, 43.37929], [18.5490061, 43.37929], [18.5491738, 43.3792575], [18.5501577, 43.3792088], [18.5502472, 43.3791885], [18.5505211, 43.3791844], [18.5506161, 43.3792047], [18.5513429, 43.3792738], [18.5514155, 43.3793185], [18.551505, 43.3796517], [18.5516895, 43.3796598], [18.5519131, 43.3798467], [18.5520249, 43.3800458], [18.5520472, 43.3801189], [18.5520417, 43.3808543], [18.5520081, 43.3809193], [18.5519522, 43.3809762], [18.5518851, 43.3810372], [18.5511248, 43.3810575], [18.5510466, 43.381025], [18.5509683, 43.3809803], [18.5509124, 43.3809234], [18.5508789, 43.3808625], [18.5508174, 43.3807406], [18.5504764, 43.3806918], [18.5503534, 43.3808056], [18.5503031, 43.3813703], [18.5502528, 43.3814435], [18.5502024, 43.3815044], [18.5500012, 43.3817238], [18.5498894, 43.3821951], [18.5498559, 43.3822601], [18.5497944, 43.3823251], [18.5495987, 43.3823983], [18.5495987, 43.3826258], [18.5496602, 43.3826786], [18.5496602, 43.3828249], [18.5496099, 43.3828858], [18.5493192, 43.3829346], [18.5492409, 43.3829833], [18.5491627, 43.3832637], [18.5489614, 43.3832434], [18.5488831, 43.3831987], [18.5488217, 43.3831377], [18.5484806, 43.3831296], [18.5484192, 43.3831865], [18.5483465, 43.3832434], [18.5482459, 43.3834384], [18.5482179, 43.3835318], [18.5481229, 43.3838528], [18.5481061, 43.3839219], [18.5479887, 43.3841291], [18.5479384, 43.3841859], [18.5478993, 43.3844581], [18.5481173, 43.3844744], [18.5481732, 43.3842794], [18.5483632, 43.3842753], [18.5488831, 43.384645], [18.5489614, 43.3847669], [18.5491347, 43.3849335], [18.549185, 43.3849904], [18.5492577, 43.3851285], [18.5493024, 43.3851894], [18.5493807, 43.3852341], [18.5494701, 43.3852707], [18.5496322, 43.3853316], [18.5497105, 43.3853641], [18.5497832, 43.3854048], [18.5498503, 43.3854576], [18.549895, 43.3855226], [18.5499956, 43.3856607], [18.5500571, 43.3857135], [18.5501354, 43.3857501], [18.5503869, 43.3857704], [18.5505211, 43.3858192], [18.5506329, 43.3861442], [18.5506385, 43.3862173], [18.5507447, 43.3866398], [18.5509348, 43.3866642], [18.5510075, 43.3866317], [18.5510689, 43.386587], [18.5511193, 43.3865301], [18.551164, 43.3864692], [18.5512087, 43.3864123], [18.5512758, 43.3863676], [18.5513429, 43.3863189], [18.5514044, 43.3862661], [18.5514882, 43.3861523], [18.5515218, 43.3860873], [18.5515777, 43.385482], [18.5519522, 43.3855185], [18.5523491, 43.385742], [18.5524218, 43.3857826], [18.5525056, 43.3858314], [18.5525783, 43.385872], [18.552651, 43.3859126], [18.5529137, 43.3859736], [18.5529585, 43.3857176], [18.552869, 43.3855835], [18.5528411, 43.3852585], [18.5531206, 43.3850351], [18.5547473, 43.3850594], [18.5551275, 43.3852666], [18.5554294, 43.3853398], [18.5555412, 43.3853804], [18.5557536, 43.385352], [18.5558207, 43.3853032], [18.5558822, 43.3852504], [18.5559493, 43.3852057], [18.5560163, 43.385161], [18.5560834, 43.3851163], [18.5561617, 43.3850716], [18.55624, 43.3850269], [18.556307, 43.3849822], [18.5566648, 43.3849619], [18.5567431, 43.3849904], [18.5570394, 43.3850432], [18.5572965, 43.3850757], [18.5583643, 43.3851001], [18.5586102, 43.3849863], [18.5583922, 43.3853641], [18.5583419, 43.3855063], [18.5582469, 43.385746], [18.5582133, 43.3858151], [18.5581295, 43.3859411], [18.5579506, 43.3861279], [18.5578891, 43.3861808], [18.5578164, 43.3862417], [18.5577437, 43.3862945], [18.5576599, 43.3863433], [18.5575704, 43.3863798], [18.5574027, 43.3864448], [18.5573077, 43.3864733], [18.5572015, 43.3865058], [18.5570897, 43.3865464], [18.5569052, 43.3866155], [18.5562959, 43.3870461], [18.5562232, 43.387103], [18.5561673, 43.3871598], [18.5561002, 43.3872127], [18.5560275, 43.3872614], [18.5559437, 43.3873142], [18.5558766, 43.3873792], [18.5557256, 43.3877164], [18.5556865, 43.387818], [18.5555859, 43.3880171], [18.5555356, 43.3880861], [18.5554741, 43.3881389], [18.5553958, 43.3881877], [18.5553008, 43.3882242], [18.5549206, 43.3882771], [18.5548871, 43.3884192], [18.5547921, 43.3884558], [18.5547026, 43.3885005], [18.5546244, 43.3885452], [18.5545517, 43.3885939], [18.5545237, 43.3888458], [18.554602, 43.3888864], [18.5546914, 43.3890002], [18.5547865, 43.3893536], [18.5548368, 43.3894105], [18.5550213, 43.3897639], [18.5550716, 43.3898371], [18.5551387, 43.3899508], [18.5552113, 43.3901052], [18.5552952, 43.3903327], [18.5553343, 43.390418], [18.555407, 43.3905561], [18.5554517, 43.390617], [18.5555523, 43.3907389], [18.5558989, 43.3910436], [18.5559716, 43.3911492], [18.5559772, 43.3916692], [18.5559045, 43.391722], [18.5558039, 43.3917748], [18.5557256, 43.3918195], [18.5556586, 43.3918682], [18.5556865, 43.3920064], [18.555748, 43.3920592], [18.555843, 43.3920835], [18.5567654, 43.3921323], [18.5568158, 43.3922704], [18.5565195, 43.3924573], [18.55643, 43.3924898], [18.5563853, 43.3926198], [18.5564915, 43.3927457], [18.5565474, 43.3930179], [18.5566089, 43.3930747], [18.556648, 43.393355], [18.5565362, 43.3934769], [18.5564524, 43.3935216], [18.5563741, 43.3935663], [18.5562959, 43.3936191], [18.5562288, 43.39368], [18.5561952, 43.3937491], [18.5561896, 43.3938222], [18.5562176, 43.3938912], [18.5563182, 43.3939684], [18.5563518, 43.3940334], [18.5563741, 43.3941025], [18.5562623, 43.3942203], [18.5561617, 43.3942568], [18.5559381, 43.3944031], [18.555871, 43.3945493], [18.5558151, 43.3946833], [18.5557704, 43.3947524], [18.5556362, 43.3948702], [18.5555915, 43.3949393], [18.5555579, 43.3950043], [18.5554573, 43.3951261], [18.5553735, 43.3951586], [18.5551778, 43.395313], [18.5551275, 43.3953739], [18.5548703, 43.3955608], [18.5547753, 43.3956014], [18.5545517, 43.395776], [18.5545237, 43.3958451], [18.5543337, 43.3959182], [18.554261, 43.395971], [18.5542107, 43.396032], [18.5540038, 43.3962066], [18.5539032, 43.3962554], [18.5538697, 43.3963204], [18.5537802, 43.3963529], [18.5537746, 43.396491], [18.5538138, 43.396556], [18.5538697, 43.3966088], [18.5539256, 43.3966616], [18.5539368, 43.39682], [18.5538417, 43.3968606], [18.5536517, 43.3969012], [18.5535958, 43.3969622], [18.5535454, 43.3970231], [18.5534784, 43.3970718], [18.5533889, 43.3971124], [18.5533162, 43.3971693], [18.553238, 43.3972221], [18.5529473, 43.3972912], [18.5527572, 43.3974008], [18.5527125, 43.3975024], [18.5519913, 43.3980711], [18.5519354, 43.3981401], [18.5518963, 43.3983107], [18.5518236, 43.3984529], [18.551751, 43.3985097], [18.5515832, 43.3985829], [18.5514938, 43.3986235], [18.5514155, 43.3986803], [18.551354, 43.3987372], [18.5512311, 43.3988753], [18.5509907, 43.3990865], [18.5508342, 43.3991312], [18.5507335, 43.3991637], [18.550672, 43.3992327], [18.5505714, 43.3993505], [18.550454, 43.3993505], [18.5503646, 43.3993221], [18.550113, 43.3994236], [18.5499285, 43.3994074], [18.5496211, 43.3994074], [18.5495484, 43.3994521], [18.5493583, 43.3994724], [18.5491794, 43.3995089], [18.5485813, 43.3995171], [18.5484695, 43.3996267], [18.5485086, 43.3996877], [18.5485533, 43.3998908], [18.5486316, 43.3999476], [18.548721, 43.3999964], [18.5488105, 43.4000329], [18.5488943, 43.4000776], [18.5492633, 43.4001263], [18.5493471, 43.4001629], [18.5495148, 43.4002401], [18.5495987, 43.4002563], [18.5497776, 43.4003172], [18.5498614, 43.4003538], [18.550018, 43.4004228], [18.550113, 43.4004635], [18.5501969, 43.4004919], [18.5505211, 43.4007397], [18.5504931, 43.4008046], [18.5507559, 43.4023156], [18.5524162, 43.4035706], [18.5521758, 43.4061334], [18.5516783, 43.4070269], [18.5523547, 43.4075183], [18.5529081, 43.406373], [18.5531765, 43.4045535], [18.5539871, 43.4033188], [18.5548312, 43.4049231], [18.5545629, 43.4056054], [18.5553902, 43.4066492], [18.5568828, 43.4070553], [18.5572742, 43.4078838], [18.5600972, 43.4074817], [18.5599799, 43.4091387], [18.5614221, 43.4103286], [18.5643291, 43.4111895], [18.5654337, 43.4125562], [18.5645552, 43.4132965], [18.5628673, 43.413308], [18.5627171, 43.413285], [18.5625945, 43.4132276], [18.5622269, 43.4130094], [18.5619858, 43.4129347], [18.5619305, 43.412906], [18.5618751, 43.4128773], [18.5617684, 43.4128084], [18.5617209, 43.412771], [18.5613573, 43.4125155], [18.5612703, 43.4124408], [18.5611992, 43.4123489], [18.5611438, 43.412257], [18.5610648, 43.4121824], [18.560962, 43.4121135], [18.5608434, 43.4120618], [18.5607169, 43.4120158], [18.5605746, 43.4119699], [18.5603058, 43.4119182], [18.5601714, 43.4118895], [18.5599105, 43.4118263], [18.5597761, 43.4118091], [18.558187, 43.4117804], [18.5579736, 43.4118349], [18.5577008, 43.4118464], [18.5575664, 43.4118091], [18.5574676, 43.4116942], [18.5528783, 43.4112721], [18.55055, 43.4128629], [18.5474786, 43.4171011], [18.5473605, 43.4171202], [18.5470921, 43.4173354], [18.5469244, 43.4174085], [18.5468629, 43.4174654], [18.5467064, 43.4176521], [18.5466617, 43.4177171], [18.5465275, 43.4178186], [18.5464381, 43.4178552], [18.5463375, 43.4178876], [18.5459294, 43.4179648], [18.5458455, 43.4180054], [18.5457673, 43.4180501], [18.5457058, 43.4181069], [18.5456275, 43.4181597], [18.5455436, 43.4182044], [18.545443, 43.4182369], [18.545348, 43.4182531], [18.544733, 43.4183262], [18.5446324, 43.4183587], [18.544543, 43.4183871], [18.5443473, 43.4184602], [18.5441573, 43.4185252], [18.5440175, 43.4185292], [18.5437324, 43.4186185], [18.5436485, 43.4186592], [18.5432516, 43.4186713], [18.5431678, 43.4187201], [18.5426646, 43.4187322], [18.542564, 43.4187119], [18.5420665, 43.4187038], [18.5419938, 43.4187525], [18.5412224, 43.4187241], [18.5411497, 43.4186795], [18.5407416, 43.4186388], [18.5405627, 43.4187201], [18.5401658, 43.4187201], [18.540026, 43.4187079], [18.5396124, 43.4186754], [18.5394391, 43.4186145], [18.5393608, 43.4185698], [18.5391875, 43.418517], [18.5390477, 43.4184399], [18.5380638, 43.4211766], [18.5357606, 43.4224759], [18.5360178, 43.4224597], [18.5361017, 43.42248], [18.5365489, 43.422549], [18.5366495, 43.4225855], [18.5367445, 43.4226302], [18.5368172, 43.4226789], [18.5368787, 43.4227317], [18.536957, 43.4227723], [18.5371303, 43.4228332], [18.5372197, 43.4228576], [18.5373762, 43.4229307], [18.5374321, 43.4231377], [18.5375272, 43.4232595], [18.5375887, 43.4233164], [18.5377564, 43.4233976], [18.5378402, 43.4234341], [18.5379353, 43.4234422], [18.5379856, 43.4233895], [18.5379912, 43.4233204], [18.5380359, 43.4232636], [18.5387738, 43.4233001], [18.5388856, 43.4233367], [18.5393161, 43.4234504], [18.5407751, 43.4234504], [18.5409987, 43.4235031], [18.5417087, 43.4235437], [18.5418317, 43.4235843], [18.5424913, 43.4236209], [18.5427261, 43.4235762], [18.5426591, 43.4236696], [18.5426814, 43.4239457], [18.5404677, 43.4236412], [18.5399478, 43.4236858], [18.5392993, 43.4236128], [18.5390645, 43.4236777], [18.539098, 43.4239335], [18.5393832, 43.4243395], [18.5398527, 43.4241406], [18.5399366, 43.4241081], [18.5400316, 43.4240756], [18.5402049, 43.424035], [18.5409484, 43.4240269], [18.5410546, 43.4240431], [18.5411497, 43.4240675], [18.5413286, 43.4241365], [18.5414124, 43.4241731], [18.5415801, 43.424238], [18.5416696, 43.4242664], [18.5418093, 43.4243314], [18.54191, 43.4243598], [18.5420888, 43.4244207], [18.5421671, 43.4244695], [18.5422118, 43.4245263], [18.542374, 43.4245831], [18.5424634, 43.4245953], [18.5425417, 43.4246237], [18.5426591, 43.4245588], [18.5426367, 43.4286228], [18.5415969, 43.4379557], [18.5498551, 43.4389289], [18.5537334, 43.4394373], [18.5532918, 43.44417], [18.5538676, 43.4493123], [18.5537166, 43.4495395], [18.5562434, 43.4486304], [18.5576746, 43.4487197], [18.5576578, 43.4488658], [18.5574565, 43.4495842], [18.5570093, 43.450477], [18.5567699, 43.4508791], [18.5567471, 43.4509648], [18.5567313, 43.4510164], [18.5566957, 43.4510652], [18.5566601, 43.4511111], [18.5565574, 43.4512431], [18.5565218, 43.4512919], [18.5564862, 43.4513321], [18.5563004, 43.4516994], [18.5563004, 43.4518027], [18.5562846, 43.451906], [18.5562372, 43.4520151], [18.5561818, 43.4521126], [18.5561344, 43.4522045], [18.5560474, 43.4522906], [18.5559368, 43.4523652], [18.5558498, 43.4524455], [18.5558024, 43.4525374], [18.5557154, 43.4526234], [18.5556205, 43.4527095], [18.5555415, 43.4528071], [18.5554703, 43.4529047], [18.5554071, 43.4529907], [18.5553596, 43.4530826], [18.5552727, 43.4531629], [18.555162, 43.4532203], [18.5547114, 43.4533695], [18.5545849, 43.453404], [18.5544505, 43.4534384], [18.5543082, 43.4534786], [18.5541658, 43.4535187], [18.5540235, 43.4535704], [18.553897, 43.4536106], [18.5537547, 43.4536221], [18.5534859, 43.4536221], [18.5533515, 43.4536335], [18.5532013, 43.4536507], [18.553059, 43.4536852], [18.5529404, 43.4537368], [18.5528219, 43.4537942], [18.5520392, 43.454282], [18.5508138, 43.4549248], [18.5502604, 43.4559004], [18.5498018, 43.4565088], [18.54928, 43.4569564], [18.5491773, 43.4570367], [18.5490745, 43.4570998], [18.5489796, 43.4571802], [18.5489085, 43.4572605], [18.5488373, 43.4573409], [18.5487899, 43.4574327], [18.548782, 43.4575303], [18.5488373, 43.4581902], [18.5486238, 43.4586837], [18.5482523, 43.4590453], [18.5484025, 43.4594068], [18.5481653, 43.4598716], [18.5479044, 43.4602159], [18.5478333, 43.460302], [18.5477305, 43.4603823], [18.5476198, 43.4604397], [18.5474854, 43.4604799], [18.547351, 43.4605258], [18.5472166, 43.4605545], [18.5470664, 43.4605774], [18.5469241, 43.4605947], [18.546766, 43.4606176], [18.5466237, 43.4606348], [18.5464893, 43.4606693], [18.5462521, 43.4607611], [18.5461256, 43.4607955], [18.5459675, 43.4608185], [18.545422, 43.4609562], [18.5452876, 43.4609849], [18.5451453, 43.4610136], [18.5450109, 43.4610308], [18.5446946, 43.4610537], [18.5445444, 43.4610767], [18.54441, 43.4610939], [18.5442835, 43.4611283], [18.5441491, 43.4611513], [18.5440068, 43.4611915], [18.5438882, 43.4612431], [18.5437697, 43.461289], [18.5436432, 43.4613349], [18.5435167, 43.4613751], [18.5433744, 43.4614153], [18.5432321, 43.4614612], [18.5431056, 43.4615013], [18.5429791, 43.4615415], [18.5428605, 43.4615874], [18.5427419, 43.461639], [18.5426312, 43.4616907], [18.5425205, 43.4617596], [18.5423861, 43.4617882], [18.5422596, 43.4618227], [18.5421252, 43.4618571], [18.541137, 43.4623965], [18.5404966, 43.4627006], [18.5400144, 43.4630449], [18.5397219, 43.4634696], [18.5395637, 43.463877], [18.5395163, 43.4640893], [18.5387178, 43.4646114], [18.5377454, 43.4653287], [18.5376663, 43.4657763], [18.5377059, 43.4660287], [18.5376821, 43.4664189], [18.5374924, 43.4670099], [18.537026, 43.4671878], [18.5369074, 43.4672452], [18.536773, 43.4672738], [18.5366307, 43.4672911], [18.5364963, 43.4673312], [18.5363777, 43.4673714], [18.5362591, 43.4674288], [18.5361563, 43.4675034], [18.5360614, 43.4675952], [18.5359666, 43.4676812], [18.5358875, 43.4677616], [18.5358164, 43.4678419], [18.5357373, 43.4679279], [18.5356662, 43.468014], [18.5355792, 43.4680943], [18.5354922, 43.4681804], [18.5353974, 43.4682607], [18.5353025, 43.4683468], [18.5352155, 43.4684214], [18.5351444, 43.4685075], [18.5350653, 43.4685935], [18.5349625, 43.4686681], [18.5348519, 43.4687255], [18.5347333, 43.4687829], [18.5346068, 43.4688345], [18.5343696, 43.468932], [18.5342431, 43.4690009], [18.5340692, 43.4691271], [18.5339901, 43.4692075], [18.5338952, 43.469282], [18.5337767, 43.4693738], [18.5336818, 43.4694656], [18.5336106, 43.469546], [18.5335395, 43.469632], [18.5333814, 43.4696951], [18.5332391, 43.4697296], [18.5331047, 43.469764], [18.5330019, 43.4698271], [18.5329149, 43.4699017], [18.5328596, 43.4699935], [18.5328201, 43.4700853], [18.5328042, 43.4701828], [18.5327963, 43.4702919], [18.5327805, 43.4703951], [18.532741, 43.4704869], [18.5326857, 43.470573], [18.5323457, 43.4709861], [18.5321006, 43.4711467], [18.5324643, 43.4711066], [18.5328833, 43.47125], [18.532994, 43.4713189], [18.5331047, 43.471382], [18.5335, 43.4713992], [18.5336264, 43.4714279], [18.5337529, 43.4714566], [18.5338873, 43.471491], [18.5340296, 43.4715426], [18.5341403, 43.4715885], [18.5342589, 43.4716402], [18.5343696, 43.4717033], [18.5344724, 43.4717721], [18.5345831, 43.4718295], [18.5346858, 43.4718983], [18.5347886, 43.4719557], [18.5351839, 43.4718697], [18.5354527, 43.4720188], [18.5355816, 43.4720995], [18.5356766, 43.4721442], [18.5357661, 43.4721685], [18.5358611, 43.4721807], [18.5359729, 43.4721847], [18.535794, 43.4723835], [18.5358108, 43.4726553], [18.5353244, 43.4728054], [18.5350058, 43.472919], [18.5349219, 43.4729515], [18.5348548, 43.4730002], [18.5348269, 43.4730651], [18.534894, 43.4731138], [18.5349834, 43.4731178], [18.5350785, 43.4731056], [18.5351623, 43.4730854], [18.5352517, 43.473061], [18.5353412, 43.4730407], [18.5354306, 43.4730245], [18.5355201, 43.4730367], [18.5356319, 43.473061], [18.5357157, 43.4730813], [18.5358108, 43.4730975], [18.5359058, 43.4731219], [18.5360959, 43.4731056], [18.5363586, 43.4731787], [18.5369456, 43.473203], [18.537309, 43.4729515], [18.537745, 43.4730448], [18.5382481, 43.4731624], [18.5385947, 43.4733247], [18.5386283, 43.4732436], [18.5391538, 43.473414], [18.5391929, 43.4735073], [18.5396793, 43.4738034], [18.5398078, 43.4739819], [18.5398805, 43.4740712], [18.5399364, 43.4741523], [18.5399979, 43.4742253], [18.5400594, 43.4742862], [18.5401209, 43.474343], [18.5402047, 43.4743633], [18.5405849, 43.4743795], [18.5406799, 43.4743876], [18.5407749, 43.4743998], [18.5408756, 43.47442], [18.5409818, 43.4744403], [18.5410768, 43.4744606], [18.5411607, 43.4744809], [18.5412613, 43.4744971], [18.5413507, 43.4745134], [18.5414458, 43.4745336], [18.5415576, 43.4745499], [18.5416582, 43.4745701], [18.5418595, 43.4745945], [18.5419489, 43.4746026], [18.5420439, 43.4746026], [18.5421446, 43.4746148], [18.5425527, 43.4746148], [18.5426812, 43.4746067], [18.5429775, 43.4745945], [18.5430726, 43.4745945], [18.5431676, 43.4745985], [18.5432738, 43.4746148], [18.5433688, 43.4746351], [18.5436974, 43.4747434], [18.543903, 43.4749155], [18.5440769, 43.4750647], [18.544488, 43.4753171], [18.5447094, 43.4754204], [18.5449782, 43.4754777], [18.5452312, 43.4755351], [18.5454683, 43.4756154], [18.5456581, 43.4757416], [18.545832, 43.4759137], [18.5460059, 43.4761088], [18.5461482, 43.4762924], [18.5462589, 43.4764989], [18.546338, 43.476694], [18.5464803, 43.4768661], [18.5466384, 43.4770267], [18.5467965, 43.4771759], [18.5469546, 43.4773365], [18.5470969, 43.4775086], [18.5472392, 43.4777151], [18.5473183, 43.4778987], [18.5473974, 43.4780938], [18.5474132, 43.4783003], [18.5473816, 43.4785183], [18.5473025, 43.4787019], [18.547176, 43.478874], [18.5470337, 43.4790461], [18.5468756, 43.4792182], [18.5467649, 43.4794017], [18.5466858, 43.4795968], [18.5466858, 43.4797918], [18.5467649, 43.4799754], [18.5469388, 43.4801246], [18.5469704, 43.4803196], [18.5469388, 43.4805146], [18.5472076, 43.480985], [18.5473341, 43.4811571], [18.5474448, 43.4813292], [18.5475713, 43.4815357], [18.5476504, 43.4817422], [18.5476978, 43.4819373], [18.5477294, 43.4822356], [18.547761, 43.4824306], [18.547761, 43.4828551], [18.5478243, 43.4830501], [18.547935, 43.4832452], [18.5480298, 43.4834173], [18.5480931, 43.4836123], [18.5481089, 43.4838188], [18.5481089, 43.4840138], [18.5481247, 43.4842089], [18.5481563, 43.4844039], [18.5482038, 43.4845989], [18.5483777, 43.485184], [18.5484093, 43.4854135], [18.5484567, 43.4856314], [18.5484884, 43.4858379], [18.5485042, 43.486033], [18.5485042, 43.4864459], [18.5485832, 43.486641], [18.5486781, 43.4868245], [18.5487888, 43.4869966], [18.5488679, 43.4872031], [18.5488995, 43.4874096], [18.5489311, 43.4876046], [18.549026, 43.4877881], [18.5491999, 43.4879602], [18.5492631, 43.4881552], [18.5492631, 43.4883503], [18.5491367, 43.4885453], [18.5490102, 43.4887174], [18.5489153, 43.4889009], [18.5489153, 43.4891074], [18.549026, 43.4892795], [18.5491999, 43.4894401], [18.5494687, 43.4898186], [18.5496584, 43.4899792], [18.5498324, 43.4901283], [18.5500063, 43.4902889], [18.5501328, 43.4904839], [18.5503542, 43.4906904], [18.5503858, 43.4908854], [18.5505123, 43.4910575], [18.5507653, 43.4911263], [18.5510499, 43.4911263], [18.5513187, 43.4911837], [18.5515084, 43.4913099], [18.5516416, 43.4914145], [18.5519211, 43.4916457], [18.5520329, 43.4916011], [18.5520497, 43.4916943], [18.5519211, 43.4919093], [18.551759, 43.4919296], [18.5515969, 43.4918971], [18.5491473, 43.4960051], [18.5488007, 43.4961308], [18.5486218, 43.4962363], [18.5484653, 43.4963255], [18.5483535, 43.4964634], [18.548197, 43.4965364], [18.5480069, 43.4965931], [18.5477945, 43.496658], [18.5476156, 43.496731], [18.5474479, 43.4968202], [18.5473249, 43.4969338], [18.5472466, 43.4970554], [18.5472019, 43.4972095], [18.5471348, 43.4973474], [18.5470118, 43.4974691], [18.5465981, 43.4989938], [18.5467211, 43.4998048], [18.548756, 43.5034218], [18.5489125, 43.5037705], [18.5488343, 43.504395], [18.5490467, 43.5046139], [18.5498517, 43.5049789], [18.5498964, 43.5051329], [18.54993, 43.50521], [18.5499579, 43.505283], [18.5499747, 43.5053641], [18.5499747, 43.5054614], [18.5499579, 43.5055344], [18.5499411, 43.5056236], [18.5500082, 43.5056844], [18.5500921, 43.5057128], [18.55012, 43.5057857], [18.5501424, 43.5058628], [18.5501927, 43.5059195], [18.5502598, 43.5059682], [18.5503101, 43.5060128], [18.5501871, 43.506475], [18.550243, 43.5066859], [18.5502318, 43.5070346], [18.5513387, 43.5079671], [18.5548414, 43.5121286], [18.5589683, 43.5191117], [18.5599012, 43.5258303], [18.5597114, 43.5260137], [18.5595849, 43.5261971], [18.5594426, 43.5263691], [18.5592371, 43.5265067], [18.5589841, 43.5266098], [18.5586995, 43.5266557], [18.5584307, 43.5266786], [18.5578773, 43.5266786], [18.5575927, 43.5266672], [18.5573239, 43.5266672], [18.5570392, 43.5266557], [18.5567704, 43.5266557], [18.5564542, 43.5266442], [18.5561854, 43.5266442], [18.5559166, 43.5266328], [18.5556478, 43.5266098], [18.5553632, 43.5265869], [18.5550786, 43.5265869], [18.554794, 43.5266328], [18.5545568, 43.5267245], [18.5543354, 43.5268277], [18.5540666, 43.5269079], [18.553782, 43.5269423], [18.5532128, 43.5269423], [18.552944, 43.5269996], [18.5526594, 43.5270684], [18.5524222, 43.5271716], [18.5522009, 43.5272977], [18.5519321, 43.5273436], [18.5516949, 43.5274467], [18.5515526, 43.5276187], [18.5513628, 43.5277677], [18.5511099, 43.5278365], [18.5508252, 43.5278938], [18.5505564, 43.5279282], [18.5503351, 43.5280543], [18.5502086, 43.5282263], [18.5499714, 43.5283639], [18.5497026, 43.5284326], [18.5495129, 43.5285931], [18.5494654, 43.5287995], [18.5497026, 43.5291434], [18.552612, 43.5340383], [18.5527068, 43.5342217], [18.5529124, 43.5343707], [18.5531021, 43.5345197], [18.5532602, 43.5347031], [18.5534184, 43.5348751], [18.5537188, 43.5352304], [18.5538295, 43.5354024], [18.5539402, 43.5355972], [18.5540192, 43.5357806], [18.5541457, 43.535987], [18.5543354, 43.5361474], [18.5545252, 43.5362735], [18.554873, 43.536434], [18.555126, 43.5365028], [18.5553632, 43.5366174], [18.5555529, 43.5367664], [18.5557269, 43.5369383], [18.5558376, 43.5371103], [18.5559482, 43.5372937], [18.5561696, 43.5373854], [18.5571816, 43.5373854], [18.5574662, 43.5374656], [18.5576875, 43.5375573], [18.5578931, 43.5376719], [18.5581619, 43.5376948], [18.5584307, 43.5376948], [18.5586837, 43.5376834], [18.5589366, 43.5377522], [18.559079, 43.5379241], [18.5591264, 43.538119], [18.5592371, 43.5383023], [18.5592855, 43.5386022], [18.559347, 43.5388575], [18.5594421, 43.5389588], [18.5595147, 43.5390034], [18.5596098, 43.5389912], [18.5595595, 43.5391087], [18.5596265, 43.5391412], [18.5596824, 43.5390115], [18.5597439, 43.5390682], [18.5597887, 43.539129], [18.559811, 43.5392182], [18.5597943, 43.5392952], [18.5597495, 43.5393559], [18.5597216, 43.5394329], [18.5597551, 43.5395261], [18.5597607, 43.539595], [18.559688, 43.5396558], [18.55932, 43.5400165], [18.5592194, 43.540138], [18.5591747, 43.5404055], [18.5591747, 43.5406973], [18.5591635, 43.540908], [18.5590964, 43.5411106], [18.559007, 43.5412403], [18.5589064, 43.5413699], [18.5586387, 43.5417547], [18.5586939, 43.5420912], [18.5587163, 43.5424478], [18.5587163, 43.5427882], [18.5585821, 43.5430638], [18.5583361, 43.5433069], [18.5580902, 43.5435338], [18.5577771, 43.5437607], [18.5574193, 43.5439877], [18.5571063, 43.5442146], [18.5568156, 43.5443929], [18.5565473, 43.5446036], [18.5559097, 43.5450299], [18.5556772, 43.5453578], [18.555357, 43.5456524], [18.5551832, 43.545965], [18.5549373, 43.5461757], [18.5547136, 43.5464351], [18.5545124, 43.5467106], [18.5543782, 43.5469699], [18.5543559, 43.5472617], [18.5544229, 43.5478775], [18.55449, 43.5481531], [18.5546466, 43.5483962], [18.5548254, 43.5486555], [18.5550043, 43.5488824], [18.5554963, 43.5493362], [18.5556528, 43.5495793], [18.555787, 43.5498386], [18.5558541, 43.5501303], [18.5558541, 43.5504382], [18.5557423, 43.5507462], [18.5555634, 43.5509893], [18.555433, 43.5513023], [18.5554963, 43.5516919], [18.5557493, 43.5520357], [18.5562236, 43.552242], [18.5567928, 43.5523795], [18.5575202, 43.5527003], [18.5579313, 43.5530441], [18.5581526, 43.5535254], [18.5581526, 43.5539379], [18.5582475, 43.5543505], [18.5584373, 43.5547171], [18.558627, 43.5550838], [18.5587219, 43.5554964], [18.5586586, 43.5559089], [18.5585005, 43.5562985], [18.558374, 43.5566881], [18.5585638, 43.5570777], [18.5590065, 43.5572839], [18.560556, 43.5578798], [18.561062, 43.5580631], [18.5615047, 43.5582235], [18.5618842, 43.5584985], [18.5623586, 43.5586818], [18.5629278, 43.5587964], [18.5633705, 43.5590714], [18.5637184, 43.5593922], [18.5640662, 43.559736], [18.5644457, 43.5599881], [18.5648252, 43.5603089], [18.5650782, 43.5606755], [18.5652363, 43.5610651], [18.5652679, 43.5614547], [18.5652363, 43.5618442], [18.5649201, 43.562188], [18.5645406, 43.5624629], [18.5642876, 43.5628296], [18.5641927, 43.5632191], [18.5641927, 43.5640441], [18.5641295, 43.5644336], [18.5639081, 43.5648002], [18.5635603, 43.5651439], [18.5633073, 43.5656022], [18.5642876, 43.565671], [18.5711815, 43.5682831], [18.5712131, 43.5684893], [18.5712764, 43.5686955], [18.5714187, 43.5688559], [18.5716558, 43.5690163], [18.5718614, 43.5691423], [18.5720669, 43.5692454], [18.5723199, 43.5693714], [18.5724939, 43.5695089], [18.5726362, 43.5697037], [18.5728101, 43.5698411], [18.572984, 43.5699901], [18.573158, 43.570139], [18.5733793, 43.5702536], [18.5735849, 43.5703796], [18.5737588, 43.5705514], [18.5743122, 43.5708836], [18.5744861, 43.5710555], [18.5746917, 43.5711815], [18.5748814, 43.5713304], [18.5750712, 43.5715023], [18.5752293, 43.5716626], [18.5754348, 43.5718116], [18.5758143, 43.5719032], [18.5760515, 43.5719605], [18.576257, 43.5720636], [18.57651, 43.572075], [18.5767472, 43.5720178], [18.5765575, 43.5723042], [18.5765891, 43.5725218], [18.5766998, 43.5726936], [18.5768421, 43.572854], [18.5769686, 43.5730259], [18.5770002, 43.5732206], [18.5770002, 43.5734153], [18.5770951, 43.5735872], [18.5772058, 43.573759], [18.5773639, 43.5739194], [18.5774904, 43.5741027], [18.5775694, 43.5742859], [18.5776801, 43.5746296], [18.5777275, 43.5748243], [18.5777275, 43.575042], [18.5777908, 43.5752367], [18.5778698, 43.5754773], [18.5778066, 43.5756835], [18.5779173, 43.5758553], [18.5779173, 43.57605], [18.5777908, 43.5762448], [18.5778382, 43.5764395], [18.5778382, 43.5766342], [18.5776959, 43.5767946], [18.5778066, 43.5769664], [18.578028, 43.5770695], [18.5781228, 43.5772642], [18.5782493, 43.5774361], [18.5785181, 43.5774704], [18.5786921, 43.5776193], [18.5785023, 43.5777568], [18.5784549, 43.5779515], [18.5785656, 43.578026], [18.5786762, 43.5781291], [18.5788027, 43.5781692], [18.5788897, 43.5782493], [18.5790557, 43.578278], [18.5791822, 43.5783925], [18.5791585, 43.5784956], [18.5792059, 43.5785815], [18.5793008, 43.5786503], [18.5794115, 43.5787018], [18.5795143, 43.5787533], [18.5796328, 43.5787992], [18.5797435, 43.5788679], [18.5797435, 43.578971], [18.5798305, 43.5790798], [18.5799412, 43.5791256], [18.5799649, 43.579223], [18.5800519, 43.5793032], [18.5799491, 43.5793662], [18.5798147, 43.5793719], [18.5795775, 43.5793662], [18.579451, 43.5794005], [18.579364, 43.5794807], [18.5792455, 43.5795494], [18.5791032, 43.5795666], [18.5789371, 43.5795723], [18.5787869, 43.5796181], [18.5786525, 43.5796525], [18.578526, 43.5796926], [18.5784233, 43.5797613], [18.5783916, 43.5798873], [18.5784153, 43.5799904], [18.5784074, 43.5800878], [18.5783205, 43.5801679], [18.5782019, 43.5802424], [18.5781149, 43.5803283], [18.5780596, 43.5804142], [18.5780042, 43.5805058], [18.5779489, 43.5806032], [18.577854, 43.5806719], [18.5777275, 43.5807235], [18.5775931, 43.5807521], [18.5774508, 43.5807865], [18.5773797, 43.5808781], [18.577356, 43.5810385], [18.5773481, 43.5811473], [18.5773085, 43.5812389], [18.5771978, 43.5813019], [18.5770555, 43.5813305], [18.5770002, 43.5814336], [18.577016, 43.581531], [18.5769607, 43.5816226], [18.5767788, 43.5816512], [18.5766365, 43.5816455], [18.5765179, 43.5815882], [18.5763835, 43.5816112], [18.5762808, 43.5816799], [18.5761385, 43.5816799], [18.5759962, 43.5816742], [18.5758459, 43.5816455], [18.5757036, 43.5816341], [18.5755692, 43.5816398], [18.5754111, 43.5816455], [18.5751265, 43.5816455], [18.5749842, 43.5816283], [18.5748735, 43.5815768], [18.5747549, 43.5815195], [18.5746047, 43.5815138], [18.574494, 43.5815768], [18.5744782, 43.5816742], [18.5743201, 43.5817028], [18.5741778, 43.5817429], [18.5740671, 43.5818231], [18.5739802, 43.5819032], [18.5738458, 43.5819376], [18.5737114, 43.5819605], [18.5734109, 43.5819834], [18.5732686, 43.5820349], [18.57315, 43.5820922], [18.5730236, 43.5821438], [18.5728892, 43.5821724], [18.5727469, 43.5821781], [18.5726125, 43.5821781], [18.5724781, 43.5821438], [18.5723437, 43.5821094], [18.5721934, 43.5820979], [18.5720353, 43.5821094], [18.5719088, 43.5821495], [18.5717981, 43.5822239], [18.5716796, 43.5822812], [18.5715531, 43.5823442], [18.571387, 43.5823671], [18.5712447, 43.5823671], [18.5711103, 43.58239], [18.5709759, 43.5824301], [18.5708574, 43.5824816], [18.5707625, 43.5825561], [18.5706676, 43.5826477], [18.5706044, 43.5827394], [18.5705253, 43.5828253], [18.5704067, 43.5828997], [18.5702644, 43.5829341], [18.57013, 43.5829627], [18.5699956, 43.5830142], [18.5698691, 43.5830715], [18.5697268, 43.5830944], [18.5696319, 43.5831918], [18.5695134, 43.5832433], [18.5694106, 43.583312], [18.5693552, 43.5833979], [18.5692287, 43.5834495], [18.5691734, 43.5835468], [18.5692762, 43.5836098], [18.5694027, 43.5836442], [18.5702012, 43.5838733], [18.5710787, 43.5842283], [18.5717981, 43.5845776], [18.5719009, 43.5846521], [18.5720037, 43.5847094], [18.5721302, 43.584738], [18.5722646, 43.584738], [18.5723911, 43.5847723], [18.5725097, 43.5848239], [18.572652, 43.5848468], [18.5727943, 43.5848468], [18.5729445, 43.584864], [18.5730631, 43.5849098], [18.5731659, 43.5849613], [18.573071, 43.5850071], [18.5728496, 43.5855512], [18.5731342, 43.5866965], [18.5731263, 43.5874982], [18.572984, 43.5885862], [18.5730394, 43.5890844], [18.5727627, 43.5892161], [18.573158, 43.5894508], [18.5733635, 43.589657], [18.5737035, 43.5904014], [18.5741541, 43.5911286], [18.5741462, 43.5917871], [18.5744387, 43.593001], [18.5746996, 43.5936995], [18.5747534, 43.5941946], [18.5750316, 43.596757], [18.5752372, 43.5967627], [18.5752293, 43.5972437], [18.5752609, 43.5975529], [18.5753004, 43.5976559], [18.5753637, 43.5977819], [18.5754111, 43.5978735], [18.5754744, 43.5979651], [18.5755455, 43.5980567], [18.5756167, 43.5981483], [18.575672, 43.5982342], [18.5757195, 43.5983258], [18.5757985, 43.5984174], [18.5758618, 43.5985147], [18.5759171, 43.5986063], [18.5759645, 43.5986979], [18.5760041, 43.5987953], [18.5760436, 43.598904], [18.5760594, 43.5990071], [18.5760752, 43.5991044], [18.5761385, 43.5994136], [18.5762333, 43.5996426], [18.5763914, 43.5998144], [18.5765812, 43.5999518], [18.5767867, 43.6000892], [18.5770239, 43.6001464], [18.5772769, 43.6001693], [18.5775457, 43.6002037], [18.5778145, 43.600238], [18.5780517, 43.6003182], [18.578273, 43.6004441], [18.5784628, 43.600593], [18.5786209, 43.6007533], [18.5787316, 43.600925], [18.5789846, 43.6011655], [18.5792059, 43.6012685], [18.5794431, 43.6013716], [18.579617, 43.6015433], [18.5797752, 43.6017151], [18.5799807, 43.6018411], [18.5801704, 43.6019899], [18.5803127, 43.6021731], [18.5804392, 43.6023449], [18.5806606, 43.6024594], [18.580882, 43.6025738], [18.5810717, 43.6027341], [18.5812298, 43.6028944], [18.5813247, 43.6031005], [18.5816093, 43.603799], [18.5816567, 43.604028], [18.5817516, 43.6044402], [18.5818781, 43.6048523], [18.581973, 43.6050355], [18.5820837, 43.6052073], [18.5822102, 43.6053676], [18.5823525, 43.6055393], [18.5823999, 43.6057454], [18.5824631, 43.6059286], [18.5825264, 43.6061232], [18.5826371, 43.606295], [18.5838388, 43.6061118], [18.5841234, 43.6061347], [18.584408, 43.6061461], [18.5846926, 43.6061461], [18.5849614, 43.6061347], [18.5852144, 43.6060545], [18.5854357, 43.6059286], [18.5856571, 43.6058141], [18.5858785, 43.6057225], [18.5861473, 43.605608], [18.5863686, 43.6055393], [18.5866374, 43.605505], [18.5871592, 43.605505], [18.5874438, 43.6055164], [18.5877126, 43.6054935], [18.5879656, 43.6054248], [18.5882344, 43.6054019], [18.5884874, 43.6054248], [18.5887246, 43.6054935], [18.5889776, 43.6055736], [18.5891989, 43.6056538], [18.5894519, 43.605711], [18.5897681, 43.6057568], [18.5900528, 43.6057797], [18.5903216, 43.6058026], [18.5905904, 43.6057912], [18.5908592, 43.6057568], [18.5911754, 43.605711], [18.5914284, 43.6056881], [18.591966, 43.6056881], [18.5922348, 43.605711], [18.5927566, 43.6058141], [18.593057, 43.6058828], [18.5934839, 43.6059744], [18.5937843, 43.606066], [18.5941164, 43.6061347], [18.5945275, 43.6061118], [18.5947963, 43.6060431], [18.5950651, 43.6059858], [18.5953181, 43.6059286], [18.5955869, 43.6058828], [18.5958398, 43.6058713], [18.5961403, 43.6058599], [18.5966779, 43.605837], [18.5971996, 43.605837], [18.5974368, 43.6058942], [18.5978479, 43.6059973], [18.5980693, 43.6061003], [18.5983223, 43.6062721], [18.5985595, 43.6064552], [18.5988124, 43.6066613], [18.5989864, 43.606856], [18.5991287, 43.6070277], [18.5991761, 43.6072338], [18.5991919, 43.6074399], [18.5988124, 43.6082413], [18.5998244, 43.6091343], [18.5995886, 43.6094016], [18.5995383, 43.6094947], [18.5994712, 43.6095676], [18.5993706, 43.6096], [18.59927, 43.6096243], [18.5991302, 43.6096526], [18.5990296, 43.6096971], [18.5989178, 43.6097538], [18.5988675, 43.6098226], [18.5988731, 43.6098914], [18.5988787, 43.6099643], [18.5988563, 43.6100412], [18.5988284, 43.61011], [18.5987613, 43.6102071], [18.5986886, 43.6102678], [18.5986271, 43.6103245], [18.5986718, 43.6104135], [18.5985992, 43.6104621], [18.5985265, 43.6105147], [18.598465, 43.6105714], [18.5984147, 43.6106321], [18.5983979, 43.610705], [18.5983979, 43.6107778], [18.5984203, 43.6108466], [18.5984818, 43.6108952], [18.5985768, 43.6108831], [18.5986383, 43.6108345], [18.5987277, 43.6108345], [18.5988228, 43.6108507], [18.5989178, 43.6108588], [18.5990072, 43.6108669], [18.5991135, 43.6108669], [18.5992085, 43.6108507], [18.5993818, 43.6108143], [18.5994768, 43.61079], [18.5995216, 43.6107333], [18.5995551, 43.6106685], [18.5996445, 43.6106483], [18.5997396, 43.6106604], [18.5998123, 43.6107171], [18.5998793, 43.6107616], [18.5999744, 43.6107657], [18.6003489, 43.6107657], [18.6004104, 43.610709], [18.6006676, 43.6111016], [18.6013608, 43.6114012], [18.6022832, 43.6108062], [18.6021099, 43.6105957], [18.6026074, 43.6109276], [18.6027471, 43.6109883], [18.6028701, 43.6110895], [18.6038093, 43.6119678], [18.6047149, 43.6126235], [18.6055311, 43.6130283], [18.6062315, 43.613307], [18.601603, 43.6130755], [18.5960255, 43.6172565], [18.5966683, 43.6179077], [18.586089, 43.6218453], [18.5750834, 43.6246927], [18.5738886, 43.6249365], [18.5677885, 43.6261813], [18.5628563, 43.6270254], [18.5585158, 43.6313588], [18.5556493, 43.6337716], [18.5413196, 43.6458317], [18.5279559, 43.6466633], [18.5254977, 43.6462393], [18.5141698, 43.6456419], [18.5071624, 43.6452723], [18.5004286, 43.6452917], [18.5006176, 43.6450631], [18.5004539, 43.6446013], [18.5002846, 43.6445825], [18.5001255, 43.6445703], [18.4992667, 43.6440311], [18.4985892, 43.6439712], [18.4985205, 43.6438099], [18.4984573, 43.6437184], [18.4983861, 43.6436383], [18.4982992, 43.6435696], [18.4981885, 43.643501], [18.4980778, 43.6434552], [18.4978565, 43.6433751], [18.4977537, 43.6433122], [18.4976904, 43.6432321], [18.497643, 43.6431405], [18.4976114, 43.6430318], [18.4975877, 43.6429346], [18.4975797, 43.6427286], [18.497556, 43.6425169], [18.497556, 43.6424197], [18.4975797, 43.6423167], [18.4976193, 43.6422137], [18.4976904, 43.6421222], [18.4977774, 43.6420421], [18.4978723, 43.641962], [18.4979355, 43.641859], [18.4979829, 43.6417617], [18.4980699, 43.6416645], [18.4981727, 43.6415901], [18.498315, 43.6415443], [18.4984257, 43.6414757], [18.4984494, 43.6413784], [18.4984178, 43.6412869], [18.4983308, 43.6412182], [18.4982122, 43.6411839], [18.4981253, 43.6411095], [18.4981253, 43.6410065], [18.4981094, 43.6409093], [18.4980462, 43.6408177], [18.4979355, 43.6407548], [18.4977695, 43.6406289], [18.4976035, 43.6407662], [18.4976114, 43.640669], [18.4976114, 43.640463], [18.4976035, 43.6403658], [18.4975877, 43.640257], [18.497556, 43.6401426], [18.4975244, 43.6400396], [18.4974849, 43.6399252], [18.4974453, 43.6398337], [18.4973979, 43.6397364], [18.4973426, 43.6396334], [18.497303, 43.6395419], [18.4971845, 43.6393359], [18.4971449, 43.6392329], [18.4971212, 43.6391242], [18.4971212, 43.6390269], [18.4971607, 43.6388324], [18.4972161, 43.6387351], [18.4972714, 43.6386379], [18.4973584, 43.6385578], [18.4974453, 43.638472], [18.4975323, 43.6383919], [18.4976035, 43.6383118], [18.4976746, 43.6382202], [18.4977141, 43.6381172], [18.49773, 43.63802], [18.49773, 43.6378083], [18.4977379, 43.6377053], [18.4977616, 43.637608], [18.497809, 43.6373906], [18.4978565, 43.6372933], [18.4979276, 43.6372075], [18.4980304, 43.6371217], [18.4981253, 43.6370473], [18.4981885, 43.6369443], [18.4982359, 43.636847], [18.4982517, 43.6367498], [18.4982359, 43.636641], [18.4981964, 43.6365438], [18.4981411, 43.6364579], [18.4980778, 43.6363721], [18.4979671, 43.6362748], [18.4978644, 43.6362119], [18.4977616, 43.6361547], [18.4976588, 43.6360746], [18.4975639, 43.6359773], [18.4975007, 43.6358915], [18.497477, 43.6357942], [18.4974849, 43.6356912], [18.4974849, 43.6354852], [18.4975244, 43.6352163], [18.4975639, 43.635119], [18.4976272, 43.6350275], [18.4976904, 43.6349417], [18.4976983, 43.6348387], [18.4976825, 43.6346327], [18.4976825, 43.634318], [18.4976904, 43.634215], [18.4976904, 43.634112], [18.4977062, 43.6340033], [18.4977379, 43.6338946], [18.4978327, 43.633597], [18.4978802, 43.6334997], [18.4979197, 43.6334025], [18.4979592, 43.6333109], [18.497975, 43.6331965], [18.4982201, 43.6328474], [18.4983229, 43.6327788], [18.4984336, 43.6327101], [18.4985601, 43.6326643], [18.4986866, 43.6326185], [18.4987577, 43.6325213], [18.4987972, 43.632424], [18.4988526, 43.6323267], [18.4989158, 43.6322237], [18.498987, 43.6321322], [18.4991609, 43.6319433], [18.4992558, 43.6318632], [18.4993665, 43.6317545], [18.4994297, 43.6316515], [18.4994455, 43.6315485], [18.4994455, 43.6314455], [18.4994376, 43.6313368], [18.4993981, 43.6312452], [18.4993744, 43.6311479], [18.4993586, 43.6310449], [18.4993269, 43.6309362], [18.4992637, 43.6308218], [18.4992163, 43.6307359], [18.4991451, 43.6306501], [18.4991135, 43.6305471], [18.4991056, 43.6304441], [18.4991293, 43.6303354], [18.4991293, 43.6302324], [18.4991135, 43.6301351], [18.4990819, 43.6300378], [18.4990186, 43.629952], [18.4989396, 43.6298719], [18.4988605, 43.6297918], [18.4988289, 43.6296945], [18.4987893, 43.6296029], [18.4987182, 43.6295056], [18.4986312, 43.6294141], [18.4983941, 43.6292768], [18.4982597, 43.6292252], [18.4980067, 43.6291451], [18.4978881, 43.6291051], [18.4977774, 43.6290593], [18.4976351, 43.6289964], [18.4973821, 43.6288933], [18.4972793, 43.6288361], [18.4971607, 43.6287789], [18.4970421, 43.6287274], [18.4969236, 43.6286931], [18.4967971, 43.6286473], [18.4966073, 43.6285958], [18.4964729, 43.62855], [18.4961883, 43.6285157], [18.4960618, 43.6284928], [18.4959274, 43.6284642], [18.4958088, 43.6284184], [18.4955954, 43.6282982], [18.4955005, 43.6282353], [18.4953977, 43.6281666], [18.495295, 43.6281151], [18.4951922, 43.6280579], [18.4950499, 43.6280121], [18.4949234, 43.6279835], [18.4947969, 43.6279835], [18.4946625, 43.6279892], [18.494536, 43.6280121], [18.4944174, 43.628035], [18.4943146, 43.6280808], [18.4942119, 43.6281437], [18.4941091, 43.6281952], [18.4939905, 43.6282353], [18.493864, 43.6282639], [18.4937296, 43.6282524], [18.493611, 43.6282181], [18.4934687, 43.6282067], [18.4933264, 43.6282639], [18.4865274, 43.6256544], [18.4847802, 43.6235598], [18.4848118, 43.6234224], [18.4845667, 43.6232965], [18.4843295, 43.6232279], [18.4840607, 43.6232164], [18.4838078, 43.6231706], [18.4835864, 43.6230447], [18.483365, 43.6229532], [18.4830962, 43.6229074], [18.4825903, 43.6227471], [18.4823847, 43.6226441], [18.4822266, 43.6224839], [18.4821633, 43.6223007], [18.4820052, 43.622129], [18.4817839, 43.622026], [18.4815625, 43.6219345], [18.4813411, 43.6218085], [18.4810565, 43.6217284], [18.4807877, 43.6217055], [18.4805031, 43.621717], [18.4802501, 43.6217055], [18.4799971, 43.6216712], [18.4797441, 43.6215911], [18.4795702, 43.6214308], [18.4794121, 43.6212706], [18.4792698, 43.6211103], [18.4791117, 43.6209386], [18.4789378, 43.6207784], [18.4785741, 43.6204922], [18.4783527, 43.6204006], [18.4780681, 43.6203549], [18.4777993, 43.6203549], [18.4775305, 43.6203434], [18.4768253, 43.6203245], [18.476378, 43.6199845], [18.4761572, 43.619762], [18.4753047, 43.6187907], [18.4752264, 43.6187947], [18.4750615, 43.6186227], [18.4750252, 43.6185984], [18.4748575, 43.6184831], [18.4745221, 43.6183576], [18.4744158, 43.6183637], [18.4743236, 43.6184345], [18.4741084, 43.61856], [18.4738428, 43.6186672], [18.4735633, 43.6187502], [18.4732531, 43.6189121], [18.4728282, 43.6188008], [18.4721769, 43.6194119], [18.4718192, 43.6193127], [18.4712937, 43.6192439], [18.4712657, 43.6190031], [18.4708884, 43.6189991], [18.4704328, 43.6189667], [18.4704999, 43.6188129], [18.4706061, 43.6186855], [18.4706256, 43.6186531], [18.4707654, 43.6185357], [18.4701644, 43.6181512], [18.4699436, 43.6178032], [18.4699101, 43.6178234], [18.4698989, 43.6178538], [18.4698849, 43.6178841], [18.4698654, 43.6179185], [18.4698458, 43.6179509], [18.4698206, 43.6179813], [18.4697899, 43.6180055], [18.4697508, 43.6180298], [18.4697116, 43.6180501], [18.4696725, 43.6180703], [18.469639, 43.6180986], [18.4696138, 43.6181371], [18.469597, 43.6182059], [18.469583, 43.6182403], [18.4695579, 43.6182706], [18.4695244, 43.6182949], [18.4694461, 43.6183313], [18.4693986, 43.6183374], [18.4693511, 43.6183495], [18.4692504, 43.6183576], [18.469147, 43.6184103], [18.4688843, 43.6185681], [18.4686495, 43.6187684], [18.4684259, 43.6189667], [18.4683001, 43.6190092], [18.462338, 43.6176838], [18.4561272, 43.6149782], [18.453729, 43.6159536], [18.4521078, 43.6156015], [18.4520659, 43.6155894], [18.4520212, 43.6155894], [18.4519876, 43.6156096], [18.4519541, 43.6156339], [18.4519038, 43.6156926], [18.451887, 43.6157209], [18.451873, 43.6157533], [18.4518619, 43.6157877], [18.4518507, 43.6158221], [18.4518395, 43.6158585], [18.4518227, 43.6158949], [18.4517836, 43.6159637], [18.4517584, 43.6159941], [18.4517277, 43.6160305], [18.4516997, 43.6160609], [18.4516718, 43.6160872], [18.4515544, 43.616156], [18.4515097, 43.6161843], [18.4514677, 43.6162045], [18.4514286, 43.6162228], [18.4513867, 43.6162349], [18.4512972, 43.616247], [18.4507857, 43.616247], [18.450646, 43.6162309], [18.4505985, 43.6162187], [18.4505034, 43.6161803], [18.4504587, 43.6161621], [18.450414, 43.6161459], [18.4503553, 43.6161277], [18.4503134, 43.6161135], [18.4502127, 43.6160831], [18.4501736, 43.6160649], [18.4500953, 43.6160204], [18.450059, 43.6159981], [18.4500171, 43.6159759], [18.4499695, 43.6159536], [18.4499164, 43.6159293], [18.4498801, 43.6159091], [18.4496816, 43.615816], [18.4496397, 43.6158018], [18.449595, 43.6157917], [18.4494888, 43.6157816], [18.4494413, 43.6157816], [18.4493993, 43.6157897], [18.4493658, 43.615816], [18.4493434, 43.6158464], [18.4493239, 43.6158808], [18.4493043, 43.6159111], [18.4492847, 43.6159415], [18.4492372, 43.6159981], [18.4492093, 43.6160224], [18.4491757, 43.6160447], [18.4491366, 43.616073], [18.4490947, 43.6160872], [18.4489996, 43.6160973], [18.4489409, 43.6160973], [18.4488459, 43.6161115], [18.4487984, 43.6161337], [18.4487593, 43.61616], [18.4487117, 43.6162187], [18.4486978, 43.6162511], [18.448681, 43.6162875], [18.4486614, 43.6163179], [18.4486251, 43.6163341], [18.4485804, 43.6163422], [18.4485273, 43.6163422], [18.4484797, 43.616332], [18.4484378, 43.6163158], [18.4483875, 43.6162875], [18.448354, 43.6162612], [18.4483176, 43.6162288], [18.4482953, 43.6161985], [18.4482422, 43.6161256], [18.448217, 43.6160933], [18.4481443, 43.6160366], [18.4480996, 43.6160164], [18.4480549, 43.6159981], [18.447957, 43.6160022], [18.4478508, 43.6160022], [18.4478005, 43.6159961], [18.4477586, 43.6159759], [18.4477223, 43.6159536], [18.4476859, 43.6159314], [18.447658, 43.615901], [18.4475853, 43.615812], [18.4475462, 43.6157917], [18.4474036, 43.6157897], [18.4473589, 43.6157816], [18.4473198, 43.6157614], [18.447289, 43.6157351], [18.4472722, 43.6157027], [18.4472583, 43.6156703], [18.4472611, 43.6156339], [18.4472639, 43.6154599], [18.4472415, 43.6154113], [18.4472163, 43.6153708], [18.4471744, 43.6153121], [18.4470682, 43.6152534], [18.4470263, 43.6152332], [18.4469871, 43.615215], [18.446948, 43.6151968], [18.4468781, 43.6151462], [18.4468502, 43.6151158], [18.4468306, 43.6150814], [18.446811, 43.615047], [18.4467887, 43.6150147], [18.4467719, 43.6149823], [18.4467216, 43.6149236], [18.4466908, 43.6148973], [18.4466461, 43.6148811], [18.4466042, 43.6148669], [18.4465623, 43.6148528], [18.4464672, 43.6148305], [18.4464225, 43.6148143], [18.446375, 43.6148042], [18.4463303, 43.61479], [18.4462883, 43.6147759], [18.4462436, 43.6147617], [18.4462017, 43.6147435], [18.4461598, 43.6147273], [18.4461206, 43.6147071], [18.4460815, 43.6146828], [18.4460452, 43.6146605], [18.4459529, 43.6145755], [18.445925, 43.6145452], [18.445897, 43.6145168], [18.4458271, 43.6144622], [18.4457349, 43.6143651], [18.4456734, 43.6143064], [18.4456371, 43.6142882], [18.4455924, 43.6142699], [18.4455476, 43.6142578], [18.4454023, 43.6142538], [18.44531, 43.6142821], [18.445229, 43.6143266], [18.4451927, 43.6143529], [18.4451591, 43.6143893], [18.445134, 43.6144197], [18.4451088, 43.614448], [18.4450529, 43.6145006], [18.4450194, 43.6145249], [18.4449858, 43.6145512], [18.4449048, 43.6145978], [18.4448656, 43.6146119], [18.4448237, 43.6146221], [18.4447678, 43.6146322], [18.4447175, 43.6146302], [18.4446756, 43.614614], [18.4446392, 43.6145897], [18.4446113, 43.6145573], [18.4445917, 43.6145209], [18.4445693, 43.6144905], [18.444547, 43.6144581], [18.4445218, 43.6144258], [18.4444911, 43.6143995], [18.4444464, 43.6143833], [18.444396, 43.6143833], [18.4443541, 43.6143974], [18.4443066, 43.6144055], [18.4442591, 43.6144055], [18.4442227, 43.6143833], [18.4441948, 43.614357], [18.4441557, 43.6143387], [18.4441053, 43.6143387], [18.4440606, 43.6143549], [18.4439907, 43.6144035], [18.4439404, 43.6144642], [18.4439097, 43.6144905], [18.4438706, 43.6145047], [18.4438174, 43.6145047], [18.4437755, 43.6144925], [18.4437476, 43.6144662], [18.4437252, 43.6144339], [18.4437084, 43.6144035], [18.4436945, 43.6143671], [18.4436833, 43.6143347], [18.4436693, 43.6142983], [18.4436637, 43.6142214], [18.4436581, 43.614187], [18.4436441, 43.6141445], [18.4436302, 43.614106], [18.4436134, 43.6140696], [18.4435938, 43.6140332], [18.4435659, 43.6139967], [18.4435351, 43.6139684], [18.4435072, 43.6139401], [18.4434708, 43.6139178], [18.4434345, 43.6138976], [18.4433898, 43.6138753], [18.4432948, 43.6138328], [18.44325, 43.6138166], [18.4431941, 43.6138004], [18.4430879, 43.6137721], [18.4429146, 43.6137337], [18.4428615, 43.6137296], [18.4427609, 43.6137316], [18.4426686, 43.6137397], [18.4426211, 43.6137397], [18.4425736, 43.6137357], [18.4425317, 43.6137215], [18.4425093, 43.6136912], [18.4424981, 43.6136183], [18.4424953, 43.6135839], [18.4424842, 43.6135495], [18.4424674, 43.6135191], [18.4424422, 43.6134847], [18.4423947, 43.6134261], [18.442364, 43.6133957], [18.4423025, 43.613335], [18.4422606, 43.6133228], [18.4422158, 43.6133107], [18.4421683, 43.6133026], [18.4421264, 43.6132925], [18.44209, 43.6132702], [18.4420677, 43.6132379], [18.4420341, 43.6131711], [18.4420006, 43.6131468], [18.4419615, 43.6131326], [18.4419084, 43.6131205], [18.4418608, 43.6131164], [18.4418133, 43.6131185], [18.4417546, 43.6131265], [18.4417127, 43.6131367], [18.4416708, 43.6131488], [18.4416261, 43.613165], [18.4415785, 43.6131832], [18.4415338, 43.6132035], [18.4414891, 43.6132237], [18.4414444, 43.6132419], [18.4414024, 43.6132561], [18.4413493, 43.61325], [18.4413074, 43.6132298], [18.4412655, 43.6132115], [18.4411677, 43.6131771], [18.4411229, 43.6131711], [18.4410754, 43.6131711], [18.4410279, 43.6131731], [18.4409636, 43.6131974], [18.4409273, 43.6132156], [18.4408881, 43.6132298], [18.4408378, 43.6132399], [18.4407903, 43.6132358], [18.4407456, 43.6132217], [18.4406561, 43.6131974], [18.4406058, 43.6131974], [18.4405583, 43.6132055], [18.4405192, 43.6132257], [18.4404968, 43.6132561], [18.4404633, 43.6132783], [18.440385, 43.6133107], [18.4403459, 43.6133228], [18.4402984, 43.613337], [18.4402536, 43.6133552], [18.4402061, 43.6133755], [18.4401642, 43.6133998], [18.4401362, 43.6134261], [18.4401027, 43.6134584], [18.4400552, 43.6135171], [18.4400356, 43.6135455], [18.4400244, 43.6135839], [18.4400161, 43.6136203], [18.4400133, 43.6136547], [18.4400021, 43.6136891], [18.4399825, 43.6137215], [18.4399462, 43.6137519], [18.4399098, 43.6137721], [18.4398735, 43.6137964], [18.4398455, 43.6138227], [18.4398288, 43.6138571], [18.439826, 43.6138956], [18.4398204, 43.6139623], [18.4397757, 43.614021], [18.4397365, 43.6140332], [18.439689, 43.6140311], [18.4396415, 43.614017], [18.4395996, 43.6139988], [18.4395576, 43.6139765], [18.4395213, 43.6139563], [18.4394822, 43.613932], [18.4394542, 43.6138996], [18.4394375, 43.6138652], [18.4394207, 43.6137944], [18.4394039, 43.6137579], [18.4393732, 43.6137316], [18.439334, 43.6137154], [18.4392893, 43.6137013], [18.4392474, 43.613681], [18.4392166, 43.6136527], [18.4392083, 43.6136183], [18.4391719, 43.613592], [18.4391272, 43.61359], [18.4390853, 43.6135738], [18.4390545, 43.6135434], [18.4390433, 43.613507], [18.439035, 43.6134726], [18.4390098, 43.6134443], [18.4389651, 43.6134281], [18.4389204, 43.613418], [18.4388728, 43.613418], [18.4388225, 43.613424], [18.4387331, 43.6134362], [18.4386856, 43.6134301], [18.4386464, 43.6134159], [18.4386185, 43.6133896], [18.4386129, 43.6133552], [18.4386129, 43.6133168], [18.4386185, 43.6132804], [18.4386129, 43.6132439], [18.4385961, 43.6132136], [18.4385654, 43.6131852], [18.438529, 43.613167], [18.4384284, 43.6131468], [18.4383837, 43.6131529], [18.4383082, 43.6131974], [18.4382859, 43.6132298], [18.4382663, 43.6132601], [18.4382495, 43.6132925], [18.43823, 43.6133228], [18.438202, 43.6133552], [18.4381741, 43.6133856], [18.4381349, 43.6134139], [18.4380846, 43.6134402], [18.4380427, 43.6134584], [18.4379476, 43.6134928], [18.4379029, 43.6135009], [18.4378582, 43.613503], [18.4377604, 43.6134908], [18.4377129, 43.6134949], [18.4376681, 43.613505], [18.4376234, 43.6135191], [18.4375843, 43.6135394], [18.4375507, 43.6135616], [18.437506, 43.6135799], [18.4374557, 43.61359], [18.4374054, 43.6135859], [18.4373132, 43.6135637], [18.43726, 43.6135556], [18.4372069, 43.6135495], [18.4371594, 43.6135556], [18.4371203, 43.6135697], [18.4370895, 43.6135961], [18.4370756, 43.6136284], [18.4370672, 43.6136608], [18.4370504, 43.6136912], [18.4370197, 43.6137175], [18.4369721, 43.6137235], [18.436919, 43.6137154], [18.4368799, 43.6136993], [18.4368324, 43.6136912], [18.4367346, 43.6136912], [18.4366787, 43.6137013], [18.4366423, 43.6137195], [18.4365976, 43.6137458], [18.4365696, 43.6137741], [18.4365361, 43.6138004], [18.4365082, 43.6138348], [18.4364942, 43.6138733], [18.4365026, 43.6139077], [18.4365445, 43.6139279], [18.4365864, 43.6139522], [18.4366088, 43.6139846], [18.4366032, 43.614019], [18.4365668, 43.6140453], [18.4365193, 43.6140534], [18.436469, 43.6140595], [18.4363712, 43.6140615], [18.4363237, 43.6140655], [18.4362845, 43.6140797], [18.436251, 43.614102], [18.4362007, 43.6141708], [18.4361783, 43.6142011], [18.436156, 43.6142315], [18.4361224, 43.6142639], [18.4360917, 43.6142962], [18.4360581, 43.6143205], [18.436019, 43.6143327], [18.4359268, 43.6143549], [18.4358932, 43.6143772], [18.4358625, 43.6144055], [18.4358569, 43.614442], [18.4358597, 43.6144764], [18.4358597, 43.6145087], [18.4358569, 43.6145411], [18.4358289, 43.6145674], [18.4357395, 43.6145856], [18.4357004, 43.6145998], [18.4356612, 43.614618], [18.4356193, 43.6146423], [18.4355802, 43.6146625], [18.4354879, 43.6146646], [18.4354404, 43.6146565], [18.4354041, 43.6146362], [18.4353873, 43.6146038], [18.4353873, 43.614531], [18.4353677, 43.6144986], [18.4353314, 43.6144764], [18.4352811, 43.6144602], [18.435228, 43.6144581], [18.4351749, 43.6144541], [18.4350631, 43.614444], [18.4349764, 43.6144541], [18.4349345, 43.6144662], [18.4348422, 43.6144703], [18.4348003, 43.6144541], [18.434764, 43.6144318], [18.4346801, 43.6144116], [18.4346326, 43.6144096], [18.4345823, 43.6144015], [18.4345404, 43.6143873], [18.4345012, 43.6143651], [18.4344705, 43.6143408], [18.4344258, 43.6143286], [18.4343307, 43.6143286], [18.434286, 43.6143367], [18.4342553, 43.614363], [18.4342217, 43.6143893], [18.4341798, 43.6144015], [18.4341323, 43.6144055], [18.4340848, 43.6144035], [18.4340149, 43.6143509], [18.4339897, 43.6143185], [18.433959, 43.6142882], [18.433931, 43.6142598], [18.4338891, 43.6142436], [18.4338472, 43.6142295], [18.4338053, 43.6142173], [18.4337549, 43.6142133], [18.4337074, 43.6142092], [18.433604, 43.6141991], [18.4335537, 43.614189], [18.4335034, 43.6141829], [18.4334587, 43.6141688], [18.4334223, 43.6141465], [18.4333636, 43.6141121], [18.4332518, 43.6140655], [18.4332099, 43.6140392], [18.4331708, 43.6140251], [18.433126, 43.6140129], [18.4330673, 43.6140048], [18.4330142, 43.6140008], [18.4329667, 43.6140008], [18.4329248, 43.6140129], [18.4328074, 43.6140878], [18.4327096, 43.6141], [18.4325978, 43.614102], [18.432553, 43.6141121], [18.4325083, 43.6141283], [18.432472, 43.6141505], [18.4324412, 43.6141769], [18.4324021, 43.6141951], [18.4323434, 43.6142032], [18.4322987, 43.614193], [18.4322484, 43.6141748], [18.4322036, 43.6141728], [18.4321477, 43.6141769], [18.4321058, 43.614193], [18.4320723, 43.6142133], [18.4320555, 43.6142477], [18.4320695, 43.6143124], [18.4320862, 43.6143448], [18.4321925, 43.6144784], [18.4322428, 43.6145371], [18.4322651, 43.6145694], [18.4322791, 43.6146038], [18.4322819, 43.6146362], [18.4322763, 43.6146727], [18.4322428, 43.614703], [18.4321925, 43.6147212], [18.4320862, 43.6147192], [18.4320359, 43.6147151], [18.4318095, 43.6147151], [18.4317145, 43.614703], [18.4316698, 43.6146868], [18.4316278, 43.6146706], [18.4315887, 43.6146544], [18.4315076, 43.6146241], [18.4314601, 43.6146079], [18.4314154, 43.6145958], [18.4313707, 43.6145877], [18.4312784, 43.6145877], [18.4312337, 43.6145917], [18.4311862, 43.6145917], [18.4310492, 43.6145391], [18.4309514, 43.6145168], [18.4309039, 43.6145168], [18.4308536, 43.6145209], [18.4307977, 43.614533], [18.4306719, 43.6145492], [18.4305741, 43.6145472], [18.4305154, 43.6145391], [18.4304706, 43.614529], [18.4303784, 43.6144946], [18.4303393, 43.6144723], [18.4303057, 43.614448], [18.4302722, 43.6144197], [18.430247, 43.6143893], [18.4302191, 43.6143529], [18.4301967, 43.6143226], [18.43018, 43.6142922], [18.4300961, 43.614193], [18.4300709, 43.6141627], [18.430043, 43.6141323], [18.4300122, 43.614106], [18.4299619, 43.6140979], [18.4299172, 43.614108], [18.4298809, 43.6141303], [18.4298138, 43.6141849], [18.4297775, 43.6142092], [18.4297076, 43.6142396], [18.4296545, 43.6142598], [18.4296125, 43.614272], [18.4295706, 43.6142821], [18.4295287, 43.6142902], [18.4294784, 43.6143003], [18.4294281, 43.6143104], [18.4293777, 43.6143226], [18.429333, 43.6143367], [18.4292156, 43.6143893], [18.4291709, 43.6144156], [18.4291346, 43.6144359], [18.4290172, 43.6145006], [18.4289725, 43.6145189], [18.4288131, 43.6145856], [18.4287209, 43.6145978], [18.4286231, 43.6146018], [18.4285755, 43.6146099], [18.4285196, 43.614614], [18.4284749, 43.61462], [18.4284274, 43.6146281], [18.4283631, 43.6146423], [18.428324, 43.6146666], [18.4282793, 43.6146929], [18.4282345, 43.6147172], [18.428201, 43.6147415], [18.4281702, 43.6147657], [18.4281451, 43.6147941], [18.4281143, 43.6148244], [18.428078, 43.6148447], [18.4280333, 43.6148467], [18.4279886, 43.6148568], [18.4279522, 43.614875], [18.4279159, 43.6149013], [18.4278991, 43.6149357], [18.4278991, 43.6149742], [18.4278907, 43.6150126], [18.4278712, 43.615047], [18.4278376, 43.6150713], [18.4277957, 43.6150875], [18.4277538, 43.6150976], [18.4277146, 43.6151158], [18.4276979, 43.6151482], [18.4276951, 43.6151867], [18.4276755, 43.615217], [18.4276531, 43.6152433], [18.4276252, 43.6152717], [18.4275917, 43.615304], [18.4275665, 43.6153324], [18.4275441, 43.6153647], [18.427533, 43.6153971], [18.4275274, 43.6154639], [18.4275358, 43.6154983], [18.4275358, 43.6155307], [18.427533, 43.6155651], [18.4275106, 43.6155975], [18.4274631, 43.6156015], [18.4274212, 43.6156177], [18.4273541, 43.6156258], [18.4273093, 43.615644], [18.4272674, 43.6156663], [18.4272339, 43.6156905], [18.4272227, 43.615725], [18.4272255, 43.6157594], [18.4272339, 43.6157917], [18.4272339, 43.6158282], [18.4272171, 43.6158666], [18.4271975, 43.615897], [18.4271752, 43.6159293], [18.4271612, 43.6159617], [18.427164, 43.6159981], [18.4271808, 43.6160325], [18.4272199, 43.6160548], [18.4272646, 43.616071], [18.4273625, 43.6160609], [18.4275162, 43.6160609], [18.4275665, 43.6160669], [18.4276308, 43.6161196], [18.4276783, 43.6161823], [18.4276867, 43.6162207], [18.4277007, 43.6162875], [18.4277007, 43.6163219], [18.4276979, 43.6163583], [18.4276839, 43.6163927], [18.4276531, 43.6164919], [18.4276196, 43.6165182], [18.4275413, 43.6165728], [18.4274938, 43.6166315], [18.4274854, 43.616668], [18.4274994, 43.6167408], [18.4275134, 43.6167732], [18.427533, 43.6168056], [18.4275805, 43.6168622], [18.4276084, 43.6168926], [18.427628, 43.616925], [18.4276364, 43.6169614], [18.4276448, 43.6169938], [18.4276615, 43.6170261], [18.4276951, 43.6170524], [18.427737, 43.6170707], [18.4277789, 43.6170848], [18.4278684, 43.6171172], [18.4279466, 43.6171658], [18.4279662, 43.6171981], [18.4279718, 43.6172305], [18.4279522, 43.6172609], [18.4279159, 43.6172811], [18.4278768, 43.6172932], [18.4278348, 43.6173013], [18.4277845, 43.6173054], [18.4277398, 43.6173054], [18.4275944, 43.6172912], [18.4275469, 43.6172912], [18.4274994, 43.6172932], [18.4274491, 43.6172953], [18.427396, 43.6173013], [18.4273513, 43.6173135], [18.4273093, 43.6173256], [18.4272674, 43.6173438], [18.4272255, 43.6173641], [18.4271864, 43.6173823], [18.4271416, 43.6174005], [18.4271025, 43.6174207], [18.427027, 43.6174572], [18.4269907, 43.6174774], [18.4269096, 43.6175158], [18.4268677, 43.61753], [18.426823, 43.6175361], [18.426728, 43.6175624], [18.4264093, 43.617445], [18.4263143, 43.617445], [18.4262192, 43.6174369], [18.4261466, 43.6174005], [18.4250397, 43.6166841], [18.4246651, 43.6164615], [18.4245086, 43.6163927], [18.424408, 43.6163563], [18.4243185, 43.6163239], [18.4242235, 43.6162754], [18.4241397, 43.616239], [18.4240614, 43.6162025], [18.4239049, 43.6161094], [18.4238154, 43.6160568], [18.4237427, 43.6160002], [18.4236701, 43.6159516], [18.4236086, 43.6158949], [18.4235415, 43.6158423], [18.4234856, 43.6157776], [18.4234297, 43.615725], [18.4233738, 43.6156683], [18.4233067, 43.6156035], [18.4232452, 43.6155509], [18.4231949, 43.6154943], [18.4231446, 43.6154376], [18.4228483, 43.6150612], [18.4228036, 43.6149883], [18.4227533, 43.6149195], [18.4226918, 43.6148467], [18.4226247, 43.6147819], [18.4224849, 43.6146807], [18.4224123, 43.6146403], [18.4222446, 43.6145715], [18.422088, 43.6145189], [18.4219986, 43.6144986], [18.4218924, 43.6144865], [18.4217973, 43.6144865], [18.4217023, 43.6144824], [18.4215625, 43.6144824], [18.4214116, 43.6144662], [18.4212942, 43.6144096], [18.4211824, 43.6143448], [18.4211209, 43.6142922], [18.4210538, 43.6142274], [18.4209979, 43.6141546], [18.4208693, 43.6140413], [18.4207855, 43.6139967], [18.420696, 43.6139725], [18.4205898, 43.6139482], [18.420506, 43.6139117], [18.4203383, 43.6138308], [18.4202488, 43.6137822], [18.420165, 43.6137458], [18.4200755, 43.6137256], [18.4199805, 43.6137134], [18.4196842, 43.6136932], [18.4195892, 43.613681], [18.4194941, 43.6136527], [18.4194103, 43.6136163], [18.419332, 43.6135758], [18.4192649, 43.6135272], [18.4191252, 43.6134382], [18.4190413, 43.6134099], [18.4189575, 43.6133856], [18.418868, 43.6133613], [18.418773, 43.613337], [18.4186947, 43.6132925], [18.4186444, 43.6132318], [18.4185941, 43.6131751], [18.4185326, 43.6131265], [18.4184432, 43.6131063], [18.4182475, 43.6130051], [18.4181636, 43.6129647], [18.4181077, 43.612908], [18.4180686, 43.6128432], [18.418063, 43.6127704], [18.418091, 43.6127016], [18.4181357, 43.6126409], [18.418186, 43.6125801], [18.4182419, 43.6125113], [18.4182866, 43.6124466], [18.4183202, 43.6123818], [18.4183202, 43.612309], [18.4182978, 43.6122402], [18.4182475, 43.6121754], [18.4181748, 43.6121349], [18.418091, 43.6121106], [18.4180015, 43.6120823], [18.4179233, 43.6120378], [18.4178674, 43.6119811], [18.417845, 43.6119123], [18.4178338, 43.6118273], [18.4178003, 43.6116775], [18.4178338, 43.6116128], [18.4178674, 43.611544], [18.4179456, 43.6113942], [18.4179736, 43.6113254], [18.4179848, 43.6112526], [18.4179848, 43.6111837], [18.4179736, 43.6111109], [18.41794, 43.6110137], [18.417873, 43.6109085], [18.417817, 43.6108235], [18.4177891, 43.6107223], [18.4176941, 43.6104066], [18.4176661, 43.6103338], [18.4176214, 43.610273], [18.4175655, 43.6102042], [18.4175096, 43.6101476], [18.4173251, 43.6099897], [18.4171965, 43.6098764], [18.4171406, 43.6098197], [18.4170959, 43.6097509], [18.4170847, 43.609678], [18.4170847, 43.6095364], [18.4171015, 43.6094635], [18.4171239, 43.6093947], [18.4171406, 43.6092975], [18.4172412, 43.6087754], [18.4172692, 43.6086944], [18.417286, 43.6086054], [18.4172972, 43.6084597], [18.4172972, 43.6083139], [18.417286, 43.6081642], [18.4172804, 43.6080913], [18.417258, 43.6078727], [18.4172412, 43.6078039], [18.4172357, 43.6077189], [18.4172077, 43.6075773], [18.4172021, 43.6075084], [18.4171965, 43.6074315], [18.4171965, 43.6073587], [18.4171742, 43.6068244], [18.4171909, 43.6067555], [18.4172021, 43.6066746], [18.4172021, 43.6065977], [18.4171853, 43.606456], [18.4171742, 43.6063791], [18.4171742, 43.6062415], [18.4172077, 43.6061443], [18.417286, 43.605946], [18.4174984, 43.6055128], [18.4175319, 43.6054481], [18.4175208, 43.6053792], [18.4174984, 43.6053145], [18.4174984, 43.6052416], [18.4175319, 43.6051769], [18.4175319, 43.605104], [18.417504, 43.6050392], [18.4174593, 43.6049785], [18.4174425, 43.6049097], [18.4174705, 43.6048449], [18.4176214, 43.6047397], [18.4177052, 43.604683], [18.4177667, 43.6046223], [18.4177891, 43.6045535], [18.4178059, 43.6044806], [18.4178282, 43.6044077], [18.417873, 43.6043389], [18.4179233, 43.6042782], [18.4179959, 43.6042256], [18.4180742, 43.604181], [18.4181469, 43.6041284], [18.4181972, 43.6040596], [18.4182419, 43.6039908], [18.4182866, 43.603926], [18.4183258, 43.6038612], [18.4183593, 43.6037924], [18.4183984, 43.6037317], [18.4184711, 43.6036831], [18.418555, 43.6036467], [18.41865, 43.6036548], [18.4188065, 43.603671], [18.4189072, 43.6036973], [18.4189519, 43.6037155], [18.4189966, 43.6037297], [18.4190413, 43.6037479], [18.4190832, 43.6037702], [18.4191727, 43.6038228], [18.419209, 43.6038511], [18.4192677, 43.6039199], [18.4192929, 43.6039483], [18.4193152, 43.6039888], [18.4193292, 43.6040211], [18.4193432, 43.6040596], [18.4193572, 43.604092], [18.4193711, 43.6041244], [18.4193991, 43.6042762], [18.4194047, 43.6043106], [18.419427, 43.6044179], [18.4194578, 43.6044826], [18.4194857, 43.6045231], [18.4195081, 43.6045595], [18.4196395, 43.6048429], [18.4196674, 43.6048733], [18.4197233, 43.604934], [18.4197625, 43.6049542], [18.4198016, 43.6049765], [18.4198435, 43.6049947], [18.4198882, 43.6050068], [18.4199469, 43.6050109], [18.420056, 43.6050089], [18.4201035, 43.6050008], [18.4201594, 43.6049906], [18.4202069, 43.6049805], [18.4202544, 43.6049724], [18.4203131, 43.6049583], [18.4203578, 43.6049461], [18.4204026, 43.6049299], [18.4204445, 43.6049137], [18.4205283, 43.6048793], [18.4206234, 43.6048429], [18.4206681, 43.6048247], [18.4207715, 43.6048105], [18.420819, 43.6048085], [18.4208693, 43.6048024], [18.4209756, 43.6047862], [18.4210315, 43.6047741], [18.4210902, 43.6047619], [18.4211852, 43.6047397], [18.4212383, 43.6047275], [18.4212914, 43.6047174], [18.4213892, 43.6046951], [18.4214451, 43.604687], [18.4216045, 43.6046688], [18.4219762, 43.6046688], [18.4220265, 43.6046648], [18.4220852, 43.6046648], [18.4222753, 43.6046749], [18.4223536, 43.6046729], [18.4223787, 43.6046698], [18.4224374, 43.6046658], [18.4224612, 43.6046628], [18.4224905, 43.6046597], [18.422545, 43.6046516], [18.4226023, 43.6046405], [18.4226764, 43.6046233], [18.4227044, 43.6046172], [18.4227295, 43.6046101], [18.4227533, 43.6046], [18.4227728, 43.6045909], [18.4227938, 43.6045828], [18.4228176, 43.6045818], [18.4228399, 43.6045899], [18.4228567, 43.604603], [18.4229084, 43.6046405], [18.4229252, 43.6046536], [18.4229419, 43.6046668], [18.4229643, 43.6046729], [18.4229909, 43.6046688], [18.423009, 43.6046577], [18.4230174, 43.6046405], [18.423016, 43.6046233], [18.4230076, 43.6046071], [18.422995, 43.6045919], [18.4229811, 43.6045777], [18.4229685, 43.6045636], [18.4229531, 43.6045494], [18.4229391, 43.6045363], [18.4229224, 43.6045221], [18.422907, 43.6045079], [18.422893, 43.6044927], [18.422879, 43.6044786], [18.4228693, 43.6044634], [18.4228623, 43.6044472], [18.4228567, 43.604428], [18.4228553, 43.6043541], [18.4228525, 43.6043349], [18.4228497, 43.6043166], [18.4228455, 43.6042984], [18.4228371, 43.6042802], [18.4228301, 43.604264], [18.4228231, 43.6042478], [18.4227922, 43.6041915], [18.4227409, 43.60416], [18.4226855, 43.6041313], [18.4226262, 43.6041084], [18.4223969, 43.6040025], [18.4223772, 43.6039539], [18.4223495, 43.6039081], [18.4223179, 43.6038651], [18.4222744, 43.6038222], [18.422223, 43.6037907], [18.4221598, 43.6037621], [18.4221005, 43.6037392], [18.42197, 43.6037048], [18.4217566, 43.6036762], [18.4216222, 43.6036791], [18.4215668, 43.6036562], [18.4215273, 43.6036132], [18.4215392, 43.6035474], [18.4215787, 43.6035073], [18.4216222, 43.6034644], [18.421638, 43.6034157], [18.421634, 43.6033585], [18.4216406, 43.6032909], [18.4216182, 43.6031452], [18.4215847, 43.6029995], [18.4215959, 43.6028456], [18.4217188, 43.6027323], [18.4218307, 43.6026109], [18.421853, 43.6024651], [18.4217188, 43.6023518], [18.4215959, 43.6022465], [18.4215959, 43.6019712], [18.4215847, 43.6018255], [18.4215623, 43.6016879], [18.4214729, 43.6014774], [18.421294, 43.6012345], [18.4211263, 43.6011697], [18.4211263, 43.601024], [18.4210816, 43.6008782], [18.420925, 43.6008054], [18.4208579, 43.6006758], [18.4208915, 43.6005382], [18.4209362, 43.6003924], [18.4209362, 43.6002467], [18.4208803, 43.6001171], [18.4207573, 43.6000119], [18.4206567, 43.5998985], [18.4206232, 43.5997609], [18.4206455, 43.5996152], [18.4207126, 43.5994694], [18.420802, 43.5993318], [18.4208244, 43.5991941], [18.4208356, 43.5989836], [18.4208803, 43.598846], [18.4209138, 43.5987083], [18.4209362, 43.5985707], [18.4209362, 43.5982468], [18.4207461, 43.5975424], [18.4206679, 43.5974209], [18.4205672, 43.5972914], [18.420489, 43.5971699], [18.4204554, 43.5970242], [18.420366, 43.5969108], [18.420243, 43.5967974], [18.4201759, 43.5966679], [18.4200641, 43.5965383], [18.4199635, 43.596425], [18.4198405, 43.5963116], [18.4197399, 43.5961982], [18.4196504, 43.5960849], [18.4195498, 43.5959391], [18.4192591, 43.59551], [18.4191697, 43.5953804], [18.4190467, 43.5952428], [18.4189572, 43.5951213], [18.418879, 43.5949999], [18.4188231, 43.5948703], [18.4188231, 43.5941658], [18.4188119, 43.5940282], [18.4187225, 43.5939067], [18.4186218, 43.5937933], [18.4184877, 43.5936962], [18.4183311, 43.5935909], [18.4181746, 43.5935099], [18.4179286, 43.5934047], [18.4177721, 43.5933399], [18.4176268, 43.593267], [18.4174702, 43.5931617], [18.4173472, 43.5930484], [18.4171907, 43.5928054], [18.4171125, 43.5926516], [18.4170342, 43.5925301], [18.4169447, 43.5924168], [18.4168441, 43.5922953], [18.4167547, 43.5921657], [18.4166429, 43.5920524], [18.4165311, 43.5919309], [18.4163745, 43.5918175], [18.4160838, 43.5915908], [18.4159385, 43.5914693], [18.4158043, 43.591364], [18.415536, 43.5911697], [18.415413, 43.5910401], [18.4153124, 43.5909268], [18.4151447, 43.590862], [18.4147645, 43.5907972], [18.4145968, 43.5907162], [18.4144068, 43.5906271], [18.4142838, 43.5905219], [18.414172, 43.5904085], [18.4140825, 43.590287], [18.4140713, 43.5901494], [18.4140825, 43.5900117], [18.4140825, 43.5898659], [18.4140266, 43.5897283], [18.413926, 43.5896149], [18.4138701, 43.5894772], [18.4138701, 43.5893234], [18.4138813, 43.5891776], [18.4138366, 43.5890237], [18.4136577, 43.588967], [18.41349, 43.5889023], [18.413367, 43.5888051], [18.4132328, 43.5887079], [18.4131098, 43.5886107], [18.412998, 43.5884974], [18.4127968, 43.5882706], [18.4127073, 43.5881572], [18.4122265, 43.5877361], [18.4091357, 43.5882336], [18.4068934, 43.5885945], [18.4067369, 43.5886512], [18.4065804, 43.5887079], [18.4064015, 43.5886674], [18.4062114, 43.5886512], [18.4060325, 43.5886593], [18.4058536, 43.5886593], [18.4056859, 43.5886917], [18.4054623, 43.588716], [18.4052834, 43.5887403], [18.4051045, 43.5887565], [18.4049256, 43.5887565], [18.4047356, 43.5887727], [18.404389, 43.5888294], [18.4042213, 43.588878], [18.4040312, 43.5889428], [18.4038635, 43.5889832], [18.4036846, 43.5890156], [18.402902, 43.5890156], [18.4027119, 43.5890237], [18.4023429, 43.5890723], [18.4021305, 43.5890885], [18.4019404, 43.5890966], [18.4015827, 43.5891209], [18.4013143, 43.5891938], [18.4011578, 43.5893396], [18.4010124, 43.5894286], [18.4008447, 43.5895015], [18.4006658, 43.5895663], [18.400487, 43.5895906], [18.4002969, 43.5895906], [18.4001515, 43.5895177], [18.3999727, 43.5894529], [18.3997938, 43.5894367], [18.3995925, 43.5894367], [18.3994136, 43.5893882], [18.3992683, 43.589291], [18.3989217, 43.5892181], [18.3986869, 43.5892424], [18.398508, 43.5892829], [18.398385, 43.5893801], [18.3982844, 43.5894934], [18.3982173, 43.5896311], [18.3982061, 43.5897607], [18.3982173, 43.5898983], [18.398262, 43.5900441], [18.3983068, 43.5901737], [18.3983515, 43.5903113], [18.3983962, 43.590449], [18.3983738, 43.5905867], [18.3981423, 43.5908081], [18.3980731, 43.590924], [18.3980415, 43.5910099], [18.3979189, 43.5911545], [18.397747, 43.5913206], [18.3975987, 43.5915296], [18.397496, 43.5917801], [18.3974604, 43.5919132], [18.3974564, 43.5923112], [18.3974663, 43.5923326], [18.3974821, 43.5923527], [18.3975019, 43.5923741], [18.397577, 43.5924271], [18.3976383, 43.5924514], [18.3976719, 43.5924586], [18.3977094, 43.5924629], [18.397745, 43.5924643], [18.3978142, 43.5924829], [18.3979604, 43.5925531], [18.3982154, 43.5926833], [18.3984763, 43.5928752], [18.3985316, 43.5929095], [18.3986087, 43.5929582], [18.3986403, 43.593004], [18.3987154, 43.5930727], [18.3987431, 43.5930913], [18.3987668, 43.5931085], [18.3987925, 43.5931228], [18.3988538, 43.5931529], [18.3988933, 43.5931743], [18.3989269, 43.5931858], [18.3990336, 43.5932488], [18.3990554, 43.5932717], [18.3990771, 43.5932917], [18.3991087, 43.5933361], [18.3991107, 43.5933604], [18.3990929, 43.5934062], [18.3990613, 43.593525], [18.3990554, 43.5935494], [18.3990672, 43.5935723], [18.3990811, 43.5935923], [18.3990949, 43.5936138], [18.3991048, 43.5936381], [18.3991028, 43.5936625], [18.399085, 43.5936839], [18.3990554, 43.5937283], [18.3990514, 43.5937784], [18.3990574, 43.5938042], [18.3990633, 43.5938271], [18.399089, 43.5938714], [18.3991028, 43.5938943], [18.3991483, 43.5939602], [18.399172, 43.5939802], [18.3991937, 43.5940003], [18.3992688, 43.5940547], [18.3992886, 43.5940747], [18.3992985, 43.5940976], [18.3992985, 43.5941219], [18.3992807, 43.5941692], [18.3992669, 43.5941907], [18.3992471, 43.5942107], [18.3991759, 43.5942608], [18.3991542, 43.5942837], [18.3991206, 43.5943252], [18.3991068, 43.5943467], [18.399089, 43.5943653], [18.3990593, 43.5943782], [18.3989921, 43.5943796], [18.3989664, 43.5943667], [18.3989328, 43.5943252], [18.3989071, 43.5942508], [18.3988795, 43.5942336], [18.3988558, 43.5942179], [18.3988044, 43.5941835], [18.3987826, 43.5941649], [18.3987332, 43.5941305], [18.3986937, 43.5941177], [18.3986265, 43.5941177], [18.3986028, 43.594132], [18.398585, 43.594152], [18.3985692, 43.594172], [18.3985553, 43.5941935], [18.3985415, 43.5942136], [18.3985277, 43.5942336], [18.3984684, 43.5943223], [18.3984328, 43.5943596], [18.3984111, 43.5943782], [18.3983913, 43.5943996], [18.3983735, 43.5944183], [18.3983557, 43.5944383], [18.3983083, 43.5944712], [18.3982312, 43.5945142], [18.3982075, 43.5945299], [18.3981778, 43.5945428], [18.3981521, 43.5945571], [18.3981245, 43.5945671], [18.3980948, 43.5945771], [18.3980652, 43.5945886], [18.3980395, 43.5946015], [18.3980118, 43.5946172], [18.3979841, 43.5946315], [18.3979565, 43.5946487], [18.3979268, 43.5946688], [18.3979011, 43.5946859], [18.3978754, 43.5947017], [18.3978161, 43.5947604], [18.3977885, 43.5948062], [18.3977865, 43.5948548], [18.3977924, 43.5948806], [18.3978221, 43.5949364], [18.3978418, 43.5949579], [18.3978754, 43.5949651], [18.3978952, 43.5949837], [18.3978912, 43.595008], [18.3978754, 43.595028], [18.39783, 43.5950624], [18.3978122, 43.5950824], [18.3977964, 43.5951311], [18.3977964, 43.5952041], [18.3977687, 43.5952771], [18.3977529, 43.5952971], [18.3977312, 43.5953129], [18.3976719, 43.5953344], [18.3976422, 43.5953472], [18.3976126, 43.5953601], [18.3975493, 43.595373], [18.3974841, 43.595373], [18.3974208, 43.5953601], [18.3973517, 43.5953601], [18.3973161, 43.5953644], [18.3972687, 43.5954045], [18.3972034, 43.5954732], [18.3971343, 43.5955204], [18.3969089, 43.5957323], [18.3968991, 43.5957638], [18.3969386, 43.5958125], [18.3969761, 43.5959084], [18.3970157, 43.595947], [18.3970117, 43.5959699], [18.396986, 43.59604], [18.3969722, 43.5960601], [18.3969406, 43.5961045], [18.3969188, 43.5961231], [18.3968971, 43.5961417], [18.3968694, 43.5961589], [18.3968417, 43.5961732], [18.3968141, 43.5961846], [18.3967548, 43.5962061], [18.3967251, 43.5962132], [18.3966955, 43.5962218], [18.3965986, 43.5962419], [18.3964998, 43.596239], [18.3964662, 43.5962347], [18.3964287, 43.5962319], [18.3963931, 43.596229], [18.3963575, 43.5962247], [18.3962495, 43.5961904], [18.3962299, 43.5961823], [18.3962103, 43.5961722], [18.3961824, 43.5961499], [18.3961558, 43.5961195], [18.3961405, 43.5961003], [18.3961293, 43.5960831], [18.3961111, 43.5960669], [18.3960873, 43.5960709], [18.3960873, 43.5961489], [18.3960678, 43.5961803], [18.3960431, 43.5962103], [18.3959443, 43.596279], [18.3958889, 43.596299], [18.3958257, 43.5963162], [18.3956597, 43.5963391], [18.395628, 43.5963763], [18.3955767, 43.5964107], [18.3955253, 43.5964364], [18.3954897, 43.5964765], [18.3955015, 43.5965195], [18.3948177, 43.5968143], [18.39479, 43.5968573], [18.3947584, 43.5968973], [18.3947189, 43.5969374], [18.3946912, 43.5969775], [18.3946714, 43.5970233], [18.394628, 43.5970605], [18.3944975, 43.597092], [18.3944382, 43.5971206], [18.3943908, 43.5971521], [18.3943473, 43.5971951], [18.394284, 43.5972752], [18.3942406, 43.5973067], [18.3941259, 43.5973525], [18.3940627, 43.5973668], [18.3939915, 43.5973668], [18.3939283, 43.597364], [18.393865, 43.5973611], [18.3938018, 43.5973668], [18.3937504, 43.5973983], [18.393699, 43.5974269], [18.3936437, 43.597447], [18.3935844, 43.5974613], [18.3935251, 43.5974728], [18.3934618, 43.5974728], [18.3933946, 43.5974756], [18.3933393, 43.5974928], [18.3932919, 43.5975271], [18.3932919, 43.5975729], [18.3933116, 43.5976187], [18.3933512, 43.5976617], [18.3933591, 43.5977104], [18.3933867, 43.5977533], [18.3934302, 43.5977905], [18.3934658, 43.5978335], [18.3935014, 43.5978764], [18.3935686, 43.5980596], [18.3935765, 43.5981054], [18.3935686, 43.5981541], [18.3935211, 43.5981856], [18.3934539, 43.5981913], [18.3933867, 43.5981942], [18.3933353, 43.5982228], [18.3933037, 43.5982657], [18.3932761, 43.5983058], [18.3932247, 43.5983888], [18.393193, 43.5984289], [18.3931535, 43.5984661], [18.39311, 43.5985033], [18.3930665, 43.5985463], [18.3929756, 43.5986178], [18.3929242, 43.5986465], [18.3928649, 43.5986722], [18.3928215, 43.5987094], [18.3928136, 43.5987552], [18.3928175, 43.598801], [18.392861, 43.5988383], [18.3929835, 43.598927], [18.3929954, 43.5989728], [18.3929717, 43.5990157], [18.392944, 43.5990558], [18.392948, 43.5991045], [18.3929796, 43.5991474], [18.3930152, 43.5991875], [18.3930389, 43.5992362], [18.3930468, 43.5992848], [18.3930468, 43.5993306], [18.3930112, 43.5993736], [18.3929598, 43.5994079], [18.3929005, 43.5994337], [18.3928452, 43.5994509], [18.3927819, 43.5994623], [18.3927108, 43.5994652], [18.3926436, 43.599468], [18.3925764, 43.599468], [18.3925289, 43.5995024], [18.3924973, 43.5995396], [18.3924538, 43.5995739], [18.392355, 43.5996198], [18.392359, 43.5996713], [18.3923274, 43.5997085], [18.3922839, 43.5997457], [18.3922562, 43.5997858], [18.3922206, 43.5998287], [18.3921613, 43.5998516], [18.3920981, 43.5998602], [18.3920744, 43.599906], [18.3920902, 43.5999575], [18.3921139, 43.6000033], [18.3921258, 43.600052], [18.3921139, 43.6000978], [18.3920506, 43.6000949], [18.3919874, 43.6000749], [18.3919281, 43.6000549], [18.3918649, 43.6000406], [18.3917977, 43.6000549], [18.3917384, 43.6000806], [18.3917107, 43.6001293], [18.3916949, 43.6001751], [18.391683, 43.6002238], [18.3916712, 43.6002724], [18.3916474, 43.6003125], [18.3915961, 43.600344], [18.3915328, 43.6003526], [18.3914735, 43.6003783], [18.39143, 43.6004156], [18.3913984, 43.6005043], [18.3913866, 43.6005988], [18.3913826, 43.6006474], [18.3913747, 43.6006961], [18.3913589, 43.600739], [18.3913194, 43.6007734], [18.3912502, 43.6007991], [18.3911296, 43.6008192], [18.3910723, 43.6009151], [18.3909023, 43.6009165], [18.3907225, 43.6009165], [18.3904873, 43.6008893], [18.3903133, 43.6008535], [18.3902007, 43.600822], [18.3901355, 43.6008177], [18.3900801, 43.6008278], [18.3900485, 43.6008535], [18.3900149, 43.6009222], [18.390005, 43.601011], [18.390009, 43.6011355], [18.3899951, 43.6011698], [18.3899536, 43.6011956], [18.3898627, 43.6012099], [18.3895801, 43.6012128], [18.3893982, 43.6012228], [18.3891611, 43.6012314], [18.3888705, 43.6012314], [18.38875, 43.6012056], [18.3886531, 43.6011655], [18.3885128, 43.6010911], [18.3884041, 43.6010396], [18.3883092, 43.6010296], [18.388242, 43.6010296], [18.3881491, 43.6010467], [18.3879677, 43.6010939], [18.3878319, 43.6010554], [18.3871952, 43.6010573], [18.3870061, 43.6010939], [18.3868196, 43.6011865], [18.3865665, 43.6012521], [18.3862389, 43.6012039], [18.3859079, 43.6009721], [18.3859268, 43.5986512], [18.3859137, 43.5970906], [18.3847593, 43.5921783], [18.3812072, 43.5878322], [18.3679706, 43.5846292], [18.3574055, 43.5819179], [18.3459746, 43.5783514], [18.3422576, 43.5753967], [18.339195, 43.572962], [18.3372608, 43.5709288], [18.3359214, 43.5686514], [18.3379071, 43.5531394], [18.3396874, 43.538651], [18.3401626, 43.5349376], [18.3393946, 43.530362], [18.3392286, 43.5284201], [18.3381969, 43.5214999], [18.3359992, 43.5080285], [18.3354048, 43.5056225], [18.3350515, 43.5035217], [18.3363994, 43.5025096], [18.3379387, 43.5014035], [18.3384984, 43.5010014], [18.3407664, 43.4984849], [18.3413001, 43.4965709], [18.3412329, 43.4948045], [18.3407546, 43.4929405], [18.3411499, 43.490589], [18.3429104, 43.485683], [18.3430394, 43.4853235], [18.3432563, 43.4838045], [18.3437627, 43.4802583], [18.3433912, 43.4762311], [18.3425136, 43.474008], [18.3401577, 43.470359], [18.3358371, 43.4684886], [18.3318091, 43.4708553], [18.3294057, 43.4741743], [18.3279906, 43.4759528], [18.3256939, 43.4761794], [18.3242044, 43.4762024], [18.3237378, 43.4762166], [18.3219149, 43.4762512], [18.3176774, 43.4759299], [18.314938, 43.4752873], [18.3094079, 43.4743063], [18.301083, 43.4714606], [18.2984912, 43.4708414], [18.2941812, 43.4698771], [18.2868801, 43.4712455], [18.2801444, 43.4728863], [18.2745312, 43.4729896], [18.2744157, 43.4729515], [18.2723136, 43.472043], [18.2693885, 43.4712957], [18.264148, 43.4725332], [18.257824, 43.4758745], [18.2418441, 43.4754131], [18.2397926, 43.4753342], [18.2257085, 43.4712495], [18.224155, 43.4707367], [18.2208098, 43.4697531], [18.2117572, 43.4707657], [18.2103217, 43.4708376], [18.2077777, 43.4709646], [18.2087573, 43.4697411], [18.2112642, 43.4673296], [18.2131873, 43.4652523], [18.2158035, 43.4614058], [18.2161837, 43.4549538], [18.2171787, 43.451829], [18.2176483, 43.4481683], [18.2186434, 43.4458305], [18.2203764, 43.440895], [18.2232833, 43.437396], [18.2237596, 43.4366756], [18.2251617, 43.4345545], [18.2272189, 43.4316884], [18.2254859, 43.4296586], [18.2246921, 43.4278641], [18.2227131, 43.4256068], [18.2175924, 43.4176892], [18.2142942, 43.4174862], [18.2106157, 43.4174293], [18.2071162, 43.417941], [18.2033372, 43.4182414], [18.1989768, 43.4175674], [18.1958798, 43.416065], [18.1840843, 43.4079431], [18.1827166, 43.4067933], [18.1817364, 43.4059693], [18.1806295, 43.4038654], [18.1805736, 43.4019159], [18.1806854, 43.3996251], [18.1802829, 43.3954982], [18.1785723, 43.3912004], [18.1769623, 43.3877676], [18.174592, 43.3836114]]]}}]}