{"type": "FeatureCollection", "features": [{"type": "Feature", "properties": {"name": "Opština Kneževo, Република Српска / Republika Srpska, 78230, Bosna i Hercegovina / Босна и Херцеговина", "source": "OpenStreetMap relation 2528266", "licence": "ODbL 1.0"}, "geometry": {"type": "Polygon", "coordinates": [[[17.2104776, 44.6383345], [17.2107337, 44.6376575], [17.2185116, 44.6320099], [17.2185848, 44.6319405], [17.2228899, 44.6202848], [17.2216709, 44.6141168], [17.2222266, 44.6099026], [17.2221992, 44.6098607], [17.2243938, 44.6055865], [17.2257315, 44.6007666], [17.2258331, 44.6003208], [17.2260445, 44.5994813], [17.2260567, 44.5993886], [17.2260893, 44.5992902], [17.2258738, 44.5990644], [17.2255932, 44.5987141], [17.2253005, 44.5983812], [17.2239786, 44.5968276], [17.2160955, 44.5875614], [17.2308463, 44.5769162], [17.241372, 44.5654692], [17.2414904, 44.5653404], [17.2498364, 44.5570774], [17.2547533, 44.5517493], [17.2540865, 44.5204029], [17.2565507, 44.5152638], [17.2565809, 44.5152207], [17.2566108, 44.5150992], [17.2554565, 44.5145581], [17.2525667, 44.5132033], [17.2485181, 44.5113264], [17.2456068, 44.5085613], [17.2454507, 44.5084915], [17.245336, 44.5085451], [17.2452174, 44.5086635], [17.2451147, 44.5088072], [17.2449052, 44.5089425], [17.2446087, 44.509013], [17.244332, 44.5090356], [17.2441343, 44.5090074], [17.2439683, 44.5088833], [17.2438339, 44.5086776], [17.2437588, 44.5085704], [17.2435928, 44.5084746], [17.2433833, 44.5084238], [17.2429247, 44.507268], [17.2426757, 44.5065661], [17.2424109, 44.5059684], [17.241976, 44.5054272], [17.2416084, 44.504962], [17.2415807, 44.5048182], [17.2414226, 44.5045955], [17.2413594, 44.5044292], [17.2416638, 44.5044207], [17.2419009, 44.5044094], [17.2422804, 44.5043305], [17.2425729, 44.5041952], [17.2428733, 44.5039978], [17.2429919, 44.5038681], [17.2430236, 44.5037215], [17.2429722, 44.5035552], [17.2427745, 44.5033635], [17.2424029, 44.5031323], [17.2419523, 44.5029885], [17.2415847, 44.5029434], [17.2412606, 44.5029632], [17.2411973, 44.5029491], [17.2411617, 44.5029011], [17.2411736, 44.502794], [17.2412131, 44.5026248], [17.2412526, 44.5024867], [17.2412487, 44.5022837], [17.2412052, 44.5021794], [17.2410431, 44.5019708], [17.2409166, 44.5017678], [17.2408929, 44.501655], [17.2409325, 44.5015309], [17.2409918, 44.5014351], [17.2410629, 44.5012828], [17.2411143, 44.5011109], [17.2411657, 44.5008938], [17.2412685, 44.5007415], [17.2414819, 44.5005188], [17.24181, 44.5001917], [17.2421539, 44.4998816], [17.2426717, 44.4995658], [17.243158, 44.4991429], [17.2433793, 44.4989878], [17.2435572, 44.4989089], [17.2437193, 44.4988779], [17.2438932, 44.4988581], [17.244079, 44.4988384], [17.2442094, 44.4987905], [17.2443004, 44.4987256], [17.2444189, 44.4985846], [17.2445138, 44.4984719], [17.2446838, 44.4983619], [17.2449012, 44.4982801], [17.245083, 44.4982153], [17.2452649, 44.4980856], [17.2453083, 44.4979362], [17.2453163, 44.4976373], [17.2456246, 44.4970959], [17.2458578, 44.4968788], [17.2461029, 44.4967407], [17.2465891, 44.4964925], [17.2473204, 44.4961598], [17.2478422, 44.4958102], [17.2487237, 44.4954465], [17.2492969, 44.4952011], [17.2496329, 44.4950602], [17.2499768, 44.494953], [17.2502416, 44.4947613], [17.250459, 44.4946429], [17.2504076, 44.4945075], [17.2503365, 44.4944765], [17.2502376, 44.4944173], [17.250123, 44.4942791], [17.2499886, 44.4940676], [17.2497514, 44.4938336], [17.2496131, 44.4936842], [17.2495736, 44.493515], [17.2495933, 44.4933232], [17.2496684, 44.49303], [17.2496408, 44.4928805], [17.2496052, 44.4927311], [17.2496091, 44.4925873], [17.2496842, 44.4924096], [17.2499016, 44.4921502], [17.2500716, 44.4918485], [17.250293, 44.4912873], [17.2503246, 44.4908756], [17.2502851, 44.4906077], [17.2501586, 44.4902694], [17.2499807, 44.4898802], [17.2498542, 44.4896546], [17.2498068, 44.4893585], [17.2498107, 44.4891555], [17.2499372, 44.4887889], [17.2499926, 44.4886056], [17.2499847, 44.4884336], [17.2498858, 44.4882898], [17.249708, 44.4881572], [17.2495854, 44.4881065], [17.2493364, 44.4880642], [17.2490676, 44.4879542], [17.248783, 44.4878329], [17.2485814, 44.4876722], [17.2484074, 44.4874409], [17.2483402, 44.4871025], [17.2482296, 44.4867105], [17.24819, 44.4865554], [17.2481307, 44.4864849], [17.2480635, 44.4864567], [17.2479015, 44.4864511], [17.2476564, 44.4864567], [17.2474904, 44.4864116], [17.247352, 44.4863411], [17.2470595, 44.4862283], [17.2468658, 44.4861832], [17.2467274, 44.4861691], [17.2465179, 44.486217], [17.2464349, 44.4861916], [17.2462847, 44.4861352], [17.2461622, 44.4860591], [17.2460317, 44.4859266], [17.245842, 44.4857291], [17.2455969, 44.4854274], [17.2454862, 44.4851933], [17.2453676, 44.4848662], [17.2451226, 44.4845306], [17.2447312, 44.4842288], [17.2443004, 44.4840258], [17.2443399, 44.4839045], [17.2443399, 44.4837776], [17.2442252, 44.483394], [17.2440355, 44.4829146], [17.2439248, 44.4825169], [17.2437746, 44.4822547], [17.2433556, 44.4818457], [17.242735, 44.4813211], [17.2422073, 44.4810377], [17.2420729, 44.4809432], [17.2419938, 44.480829], [17.2419642, 44.4806993], [17.2418238, 44.4803622], [17.2417705, 44.48031], [17.2416934, 44.4803622], [17.2416361, 44.4803566], [17.2416796, 44.4802706], [17.2417171, 44.4800336], [17.2417112, 44.4798602], [17.2416558, 44.4797121], [17.2415392, 44.4794512], [17.2414681, 44.4790282], [17.2414997, 44.4788646], [17.2417132, 44.4787066], [17.241808, 44.4785769], [17.2417922, 44.4784754], [17.2416736, 44.4783964], [17.2413258, 44.4782497], [17.2408119, 44.478182], [17.2403692, 44.4782384], [17.2397367, 44.4783005], [17.239626, 44.4781143], [17.2394205, 44.4779225], [17.2389619, 44.4776349], [17.2386062, 44.47724], [17.2385192, 44.4770313], [17.2385034, 44.4766533], [17.2387406, 44.4762246], [17.2390568, 44.4758128], [17.2392149, 44.4754348], [17.2392149, 44.4750456], [17.2390805, 44.4748199], [17.2390805, 44.4745943], [17.2387564, 44.4740583], [17.2384718, 44.4739117], [17.2384401, 44.4737029], [17.2381397, 44.4735619], [17.2378393, 44.4734378], [17.2376733, 44.473325], [17.2374045, 44.4729865], [17.2370132, 44.4727655], [17.2360403, 44.4714238], [17.2336607, 44.4677155], [17.2314487, 44.4642091], [17.230098, 44.4624457], [17.2311229, 44.4618692], [17.2315282, 44.461387], [17.2337214, 44.459614], [17.2353127, 44.4589014], [17.2365108, 44.4581769], [17.2391274, 44.459695], [17.2418309, 44.4560983], [17.2406362, 44.4545608], [17.2402737, 44.4536857], [17.2422923, 44.4527754], [17.2429806, 44.4521642], [17.2447033, 44.452489], [17.2472656, 44.4521847], [17.2491715, 44.4516028], [17.250631, 44.4507084], [17.2510697, 44.4499721], [17.2521216, 44.4488402], [17.2524601, 44.4481934], [17.2551132, 44.4460009], [17.2571641, 44.4456833], [17.2601494, 44.4455839], [17.2630978, 44.4466882], [17.2647454, 44.4475866], [17.2657659, 44.4476198], [17.2674721, 44.4470678], [17.2686143, 44.4458858], [17.2696199, 44.4441651], [17.2727885, 44.4412078], [17.2744214, 44.4405228], [17.2781443, 44.4405726], [17.2792268, 44.4402575], [17.2795172, 44.439776], [17.2795912, 44.4389798], [17.2836254, 44.4389603], [17.2856584, 44.4384899], [17.2870438, 44.4380926], [17.2889782, 44.4371071], [17.2900925, 44.4369798], [17.2933523, 44.4352806], [17.2966444, 44.4348578], [17.2994109, 44.4362063], [17.3004249, 44.4367006], [17.3016558, 44.4369214], [17.301859, 44.4370215], [17.3042947, 44.4375422], [17.3058267, 44.4375925], [17.308415, 44.4401211], [17.3119798, 44.4408067], [17.3136169, 44.4406243], [17.3143971, 44.4414261], [17.3171433, 44.4430205], [17.32075, 44.4432313], [17.3211702, 44.4434222], [17.3218668, 44.4446134], [17.322755, 44.4467089], [17.3228323, 44.4477608], [17.3232439, 44.4490413], [17.3226947, 44.4503218], [17.3227864, 44.4514268], [17.323107, 44.4524712], [17.3239202, 44.4529111], [17.3260859, 44.4558919], [17.3262346, 44.4565872], [17.3262487, 44.458989], [17.3274275, 44.4593885], [17.3285459, 44.4594455], [17.3305444, 44.4586912], [17.3315652, 44.4583021], [17.3321181, 44.4576887], [17.3339562, 44.4565954], [17.3341878, 44.4559447], [17.3351667, 44.4554701], [17.3381704, 44.454606], [17.3394182, 44.4543607], [17.3402925, 44.4543714], [17.343625, 44.4545687], [17.3455602, 44.4542807], [17.3462551, 44.4540033], [17.3503826, 44.4544592], [17.3513227, 44.453675], [17.356017, 44.4550695], [17.3578065, 44.4546249], [17.3593524, 44.4542409], [17.3618316, 44.4548191], [17.3627676, 44.4547962], [17.3635826, 44.454594], [17.3655924, 44.4528026], [17.3683235, 44.4519524], [17.3696765, 44.4515299], [17.3700798, 44.4510748], [17.370379, 44.4501461], [17.3711661, 44.4489574], [17.3733842, 44.448038], [17.3741192, 44.4459854], [17.374128, 44.4450622], [17.3748625, 44.4445389], [17.3763592, 44.4437062], [17.3779657, 44.4433061], [17.3797291, 44.442714], [17.3848997, 44.441423], [17.3887617, 44.440364], [17.3898733, 44.4402016], [17.3914753, 44.4403497], [17.3941414, 44.4399317], [17.3952873, 44.4382036], [17.3965104, 44.4369564], [17.397124, 44.4366469], [17.3978751, 44.4361291], [17.3984072, 44.4353722], [17.4013126, 44.432556], [17.4022182, 44.4313816], [17.4029585, 44.4307433], [17.403921, 44.4300198], [17.404604, 44.4287795], [17.4055212, 44.4278366], [17.4077523, 44.4264755], [17.4083068, 44.4263132], [17.4088613, 44.4261508], [17.4097215, 44.4260259], [17.4114388, 44.4254392], [17.4131047, 44.4252142], [17.4148986, 44.4247422], [17.4158856, 44.4242702], [17.4172675, 44.4225171], [17.4200313, 44.4191026], [17.4222886, 44.4151729], [17.42228, 44.4146701], [17.4225547, 44.4143697], [17.4229838, 44.4139712], [17.4239713, 44.4134138], [17.4250099, 44.4126535], [17.4262802, 44.4121447], [17.4275419, 44.4120036], [17.4279195, 44.4116419], [17.4283058, 44.4109859], [17.4294301, 44.4101643], [17.4299537, 44.4093243], [17.4311553, 44.4088767], [17.4325801, 44.4084046], [17.4334456, 44.4077368], [17.4342529, 44.407114], [17.4362794, 44.4063382], [17.438511, 44.4048543], [17.4404079, 44.4037935], [17.4410945, 44.4038303], [17.4442874, 44.4027511], [17.4448625, 44.4020029], [17.4466049, 44.4014081], [17.4473258, 44.4005373], [17.4481412, 44.4000897], [17.4493085, 44.3996911], [17.4503385, 44.3984339], [17.4505702, 44.3975447], [17.4508191, 44.3969437], [17.45148, 44.396447], [17.4512826, 44.3956252], [17.4510766, 44.3950671], [17.451686, 44.3941165], [17.4523383, 44.393865], [17.4527932, 44.3935645], [17.4529821, 44.3929573], [17.4529735, 44.3924176], [17.4534456, 44.3913566], [17.4548189, 44.3904856], [17.4552909, 44.389952], [17.4558405, 44.3886586], [17.4568423, 44.3882542], [17.4577139, 44.388389], [17.4583969, 44.3880636], [17.458527, 44.3878218], [17.4587222, 44.3872594], [17.4596914, 44.3864134], [17.4601012, 44.3861949], [17.4614216, 44.3857161], [17.4620656, 44.3854093], [17.4629567, 44.3848933], [17.4648366, 44.3835637], [17.4663847, 44.3825503], [17.4680592, 44.3810079], [17.4685621, 44.3811453], [17.4694542, 44.380698], [17.4707002, 44.3806359], [17.4714762, 44.3806555], [17.4727735, 44.380836], [17.4733234, 44.3805547], [17.4748925, 44.3793426], [17.4760199, 44.3784189], [17.4778497, 44.3770457], [17.4786701, 44.3767843], [17.47902, 44.3764164], [17.4789733, 44.3753756], [17.4790715, 44.3751101], [17.4814017, 44.3740695], [17.484569, 44.3733341], [17.4844255, 44.372739], [17.4854211, 44.3712249], [17.487355, 44.3696712], [17.4881719, 44.3691927], [17.4894569, 44.367427], [17.4901883, 44.3660326], [17.4900946, 44.3654084], [17.4900171, 44.3648242], [17.4898745, 44.3641842], [17.4898908, 44.3631901], [17.4904068, 44.3622972], [17.497817, 44.3655032], [17.5022478, 44.3670781], [17.5051382, 44.3678204], [17.5075529, 44.3685465], [17.5155273, 44.3670781], [17.5198908, 44.3666174], [17.5277457, 44.3619681], [17.5289838, 44.361382], [17.5368629, 44.3572677], [17.5381522, 44.3543874], [17.5391647, 44.3523936], [17.5407583, 44.3506843], [17.5431723, 44.3473697], [17.5509132, 44.3481188], [17.5528289, 44.3481489], [17.5561603, 44.3483808], [17.5600368, 44.3484692], [17.5640876, 44.3483849], [17.5749873, 44.3488372], [17.5856807, 44.3499794], [17.586682, 44.3500556], [17.5871442, 44.3501545], [17.5891412, 44.3506625], [17.5931431, 44.3517089], [17.5973291, 44.3527937], [17.6010311, 44.3537568], [17.6014956, 44.3540144], [17.6016166, 44.3541106], [17.6017435, 44.3542693], [17.6018068, 44.3544168], [17.6018341, 44.3546173], [17.6018211, 44.354902], [17.6017788, 44.3550078], [17.6016932, 44.3551271], [17.6015531, 44.3552412], [17.6014604, 44.3553068], [17.6014149, 44.3554343], [17.6014209, 44.3555701], [17.6014353, 44.3558867], [17.6014152, 44.3560573], [17.6013634, 44.3562834], [17.6013347, 44.3572886], [17.601522, 44.3579074], [17.6015017, 44.3580353], [17.6014651, 44.3580993], [17.6009772, 44.3583812], [17.6005096, 44.3587068], [17.6003307, 44.3588144], [17.6002494, 44.3589248], [17.6001843, 44.3591429], [17.6001925, 44.3592475], [17.6002209, 44.3592911], [17.6003104, 44.3593667], [17.6003551, 44.3594045], [17.6008511, 44.3597998], [17.6011235, 44.3601312], [17.6013228, 44.3605265], [17.6013756, 44.3607736], [17.6013472, 44.3611602], [17.6014366, 44.361387], [17.6016399, 44.3615846], [17.6020912, 44.3620875], [17.602201, 44.362291], [17.6022782, 44.3626195], [17.6024165, 44.3628433], [17.60251, 44.3632182], [17.6024897, 44.3634508], [17.6024124, 44.3636862], [17.6024734, 44.3642734], [17.602449, 44.3644333], [17.6024287, 44.3644856], [17.6024002, 44.3645321], [17.6023839, 44.3645844], [17.6023352, 44.3646803], [17.6022986, 44.364721], [17.6022457, 44.364753], [17.6021766, 44.3647704], [17.6020343, 44.3647704], [17.6017456, 44.3647414], [17.6016724, 44.3647443], [17.6015992, 44.3647501], [17.601522, 44.3647617], [17.6014529, 44.3647762], [17.6013187, 44.3648227], [17.6012659, 44.3648663], [17.6012293, 44.3649158], [17.6012089, 44.3649623], [17.6012008, 44.3650146], [17.6012008, 44.3651192], [17.6011845, 44.3655378], [17.601087, 44.365872], [17.6010788, 44.3660174], [17.6012618, 44.3665812], [17.6013675, 44.3667644], [17.6014163, 44.3668603], [17.6014204, 44.3669097], [17.6014244, 44.3669591], [17.6013512, 44.3675317], [17.6013065, 44.3676305], [17.6013472, 44.3681508], [17.6013838, 44.368299], [17.6014854, 44.3684618], [17.6015992, 44.3686187], [17.6016318, 44.3687088], [17.6016318, 44.3687611], [17.6016277, 44.3688135], [17.6015952, 44.3688629], [17.6015545, 44.3689065], [17.6014407, 44.3689733], [17.6013919, 44.3690111], [17.6013675, 44.3690605], [17.6012496, 44.3691709], [17.6011967, 44.3692116], [17.6008633, 44.3693657], [17.6003754, 44.3695895], [17.6001803, 44.3696331], [17.5997493, 44.3698307], [17.5996436, 44.3699731], [17.5995989, 44.3700661], [17.5996273, 44.3704411], [17.5996721, 44.3706096], [17.5997452, 44.3707201], [17.5998144, 44.3708799], [17.5998022, 44.371127], [17.5998387, 44.3713362], [17.5999201, 44.3715338], [17.6000542, 44.371685], [17.6002169, 44.3718245], [17.600408, 44.3719843], [17.600469, 44.3721006], [17.6004649, 44.3722372], [17.6003673, 44.372365], [17.6001437, 44.3725104], [17.5997412, 44.3726847], [17.5995175, 44.3727632], [17.5993834, 44.3728649], [17.5992655, 44.3728911], [17.5990744, 44.3728824], [17.5989646, 44.3729463], [17.5986393, 44.37308], [17.5983059, 44.3733241], [17.5981677, 44.3734607], [17.5980579, 44.3736438], [17.5979807, 44.3737281], [17.5979034, 44.3737978], [17.5976554, 44.3742279], [17.5976269, 44.3743994], [17.5976473, 44.374536], [17.5977692, 44.3747423], [17.5977814, 44.3748237], [17.5975944, 44.3750969], [17.5974237, 44.3752684], [17.5972244, 44.3753439], [17.5966877, 44.3753788], [17.5964641, 44.3754631], [17.5963747, 44.3755038], [17.5961023, 44.3755386], [17.595838, 44.37562], [17.5954639, 44.3757973], [17.5954355, 44.3759658], [17.5953989, 44.3761634], [17.5954883, 44.376393], [17.5957038, 44.3766982], [17.5960087, 44.376919], [17.5960616, 44.376951], [17.5964682, 44.3771922], [17.5968097, 44.377352], [17.5968666, 44.3773782], [17.5969032, 44.3774189], [17.5969114, 44.3774712], [17.596887, 44.3775206], [17.5968382, 44.3775583], [17.5967731, 44.3775787], [17.5967203, 44.3776136], [17.5966918, 44.3776601], [17.5966918, 44.3777095], [17.5967528, 44.3778693], [17.5968056, 44.3786132], [17.5966959, 44.3788283], [17.5966511, 44.3789823], [17.5966633, 44.3791508], [17.5965088, 44.3793659], [17.5964072, 44.3794734], [17.5962974, 44.3797349], [17.5962934, 44.3797843], [17.5962161, 44.3801853], [17.596212, 44.3805282], [17.5962283, 44.3805776], [17.5962486, 44.3806241], [17.5962771, 44.3806677], [17.5963178, 44.3807113], [17.5965495, 44.3808886], [17.5966511, 44.3810222], [17.5966715, 44.3810687], [17.5966918, 44.381275], [17.5967203, 44.3813186], [17.596826, 44.381493], [17.5971634, 44.3818359], [17.5973342, 44.381955], [17.5974318, 44.3821032], [17.5975172, 44.3822659], [17.59757, 44.3825158], [17.597753, 44.3827744], [17.5980051, 44.3829807], [17.5984564, 44.3831667], [17.5985011, 44.3832074], [17.5986312, 44.3833963], [17.598806, 44.3838205], [17.5990744, 44.3842999], [17.5993387, 44.3846283], [17.5993996, 44.3850264], [17.5996355, 44.38516], [17.5998631, 44.3855029], [17.5998875, 44.385715], [17.5999079, 44.3857644], [17.6001112, 44.3860637], [17.6004364, 44.38636], [17.6004933, 44.3863891], [17.6007942, 44.3865576], [17.601087, 44.3869993], [17.6012049, 44.3872492], [17.6012659, 44.3875455], [17.6013146, 44.3876356], [17.6016236, 44.3878535], [17.6017497, 44.3881237], [17.6020343, 44.3884927], [17.6021929, 44.3888239], [17.6021929, 44.3891639], [17.6020749, 44.3894283], [17.6020749, 44.3899513], [17.6021766, 44.3900965], [17.602327, 44.3901895], [17.6024124, 44.3902476], [17.6024287, 44.3903435], [17.6023555, 44.3905062], [17.6021888, 44.3906253], [17.6021115, 44.3907212], [17.6020831, 44.3909333], [17.6021278, 44.3910553], [17.6021807, 44.3912354], [17.6022335, 44.3916276], [17.6024205, 44.3918891], [17.6024409, 44.3919734], [17.6024327, 44.3920751], [17.6023799, 44.3921971], [17.602323, 44.3922988], [17.602262, 44.3925486], [17.6021115, 44.3926968], [17.6020465, 44.3927636], [17.6020424, 44.3928624], [17.6020424, 44.3930251], [17.6019936, 44.3930832], [17.6019123, 44.3930977], [17.6017944, 44.3931035], [17.6014732, 44.393243], [17.6013919, 44.3933621], [17.601152, 44.3937165], [17.6009162, 44.3939954], [17.6006641, 44.3941959], [17.6005177, 44.394286], [17.6003876, 44.3942976], [17.6003226, 44.394225], [17.6001478, 44.3942511], [17.5997208, 44.394437], [17.5995297, 44.3945939], [17.599363, 44.3946259], [17.5987572, 44.3946549], [17.5985214, 44.3947014], [17.5984767, 44.3947479], [17.598436, 44.3948525], [17.5983913, 44.3948932], [17.5983181, 44.394899], [17.5982449, 44.3948902], [17.5981962, 44.3948554], [17.5981433, 44.3948234], [17.598062, 44.3948176], [17.5979197, 44.3948118], [17.5978465, 44.3947944], [17.5977814, 44.394774], [17.5977205, 44.3947537], [17.5976635, 44.3947276], [17.5975456, 44.3946665], [17.5974846, 44.3946433], [17.5974359, 44.3946055], [17.5973993, 44.394562], [17.5973708, 44.3945155], [17.5973423, 44.3944632], [17.5973301, 44.3944167], [17.5973301, 44.3943673], [17.5972854, 44.3943266], [17.5971553, 44.3942831], [17.5970862, 44.3942743], [17.5970171, 44.3942714], [17.596948, 44.3942773], [17.596891, 44.3943092], [17.5968178, 44.3943964], [17.5967813, 44.3944399], [17.596643, 44.3945678], [17.596582, 44.394591], [17.5963665, 44.3946433], [17.5962364, 44.3946869], [17.5961673, 44.3947072], [17.5960982, 44.3947305], [17.5960331, 44.3947508], [17.5959559, 44.3947537], [17.5958908, 44.3947305], [17.5958299, 44.3947043], [17.5957567, 44.3946956], [17.5956835, 44.3947101], [17.5956184, 44.3947334], [17.5955615, 44.3947682], [17.5955412, 44.3948147], [17.5953582, 44.3952708], [17.5953013, 44.3953028], [17.595224, 44.3953086], [17.5951509, 44.3953115], [17.5950777, 44.3953115], [17.5950126, 44.3952824], [17.5949598, 44.3952447], [17.5948866, 44.3951546], [17.5948378, 44.3951139], [17.5947687, 44.3950965], [17.5946996, 44.3951023], [17.5946386, 44.3951227], [17.5945857, 44.3951575], [17.594541, 44.3951982], [17.5945044, 44.3952447], [17.5944678, 44.3952883], [17.5944353, 44.3953318], [17.5943906, 44.3953725], [17.5943377, 44.3954103], [17.5942808, 44.3954364], [17.5942117, 44.3954509], [17.5941303, 44.3954597], [17.5939108, 44.3954655], [17.5926992, 44.3956136], [17.592626, 44.3956223], [17.5925569, 44.3956398], [17.5924756, 44.3956601], [17.5924064, 44.3956775], [17.5923414, 44.3956601], [17.5922967, 44.3956194], [17.5922641, 44.3955788], [17.5922357, 44.3955323], [17.5921869, 44.3954829], [17.5921259, 44.3954538], [17.5920608, 44.3954306], [17.5919185, 44.3954161], [17.5917762, 44.3954422], [17.5916258, 44.3954277], [17.5915607, 44.3954132], [17.5912639, 44.3953783], [17.5911948, 44.3953783], [17.5910444, 44.3953986], [17.5909753, 44.3954132], [17.5909102, 44.3954393], [17.5908411, 44.3954538], [17.5907638, 44.3954509], [17.5906988, 44.3954277], [17.5906785, 44.3953812], [17.5906581, 44.3952853], [17.5906053, 44.3952476], [17.5905362, 44.3952301], [17.590463, 44.3952185], [17.5903939, 44.395204], [17.5899344, 44.3951081], [17.5898653, 44.3950849], [17.5897474, 44.3950152], [17.5896986, 44.3949774], [17.5896376, 44.3949425], [17.5894994, 44.394899], [17.5894303, 44.3948902], [17.5893774, 44.3948525], [17.589353, 44.394806], [17.589288, 44.3947798], [17.5892107, 44.394774], [17.5891375, 44.3947828], [17.5890684, 44.3947973], [17.5889993, 44.3947973], [17.5889342, 44.3947857], [17.5888692, 44.3947711], [17.5887187, 44.3947566], [17.5886212, 44.3947334], [17.5885846, 44.3946927], [17.5885398, 44.3946549], [17.5884789, 44.3946259], [17.5884138, 44.3946055], [17.5883366, 44.3945997], [17.5881942, 44.3945997], [17.5880397, 44.3946201], [17.5879706, 44.3946375], [17.5878934, 44.394652], [17.5874868, 44.3946782], [17.5871941, 44.3946346], [17.5869298, 44.3945068], [17.5867875, 44.3943964], [17.5866696, 44.3942395], [17.5866208, 44.3942046], [17.5865598, 44.3941814], [17.5864053, 44.3941669], [17.5861898, 44.3941639], [17.5861247, 44.3941436], [17.5860719, 44.3941117], [17.586015, 44.3940797], [17.5859702, 44.3940419], [17.5859418, 44.3939954], [17.5859052, 44.393949], [17.5858523, 44.3939141], [17.5857914, 44.3938792], [17.5857263, 44.3938531], [17.5856612, 44.3938328], [17.5855921, 44.3938182], [17.5854417, 44.3938066], [17.5852099, 44.3938066], [17.5850798, 44.3937688], [17.5850148, 44.3937427], [17.5849538, 44.3937195], [17.5848887, 44.3937049], [17.5848196, 44.3937136], [17.5847668, 44.3937485], [17.5847302, 44.3937921], [17.5846936, 44.3938328], [17.5846367, 44.3938589], [17.5845635, 44.3938647], [17.5844944, 44.3938473], [17.5843805, 44.3937776], [17.5842301, 44.3937253], [17.584161, 44.3937049], [17.5840959, 44.3936817], [17.5840187, 44.3936584], [17.5837991, 44.3936294], [17.5836446, 44.3936294], [17.5835714, 44.393641], [17.5835104, 44.3936701], [17.5834779, 44.3937136], [17.5834372, 44.3938124], [17.5834169, 44.3938618], [17.5833722, 44.3939054], [17.5833031, 44.3939286], [17.5832218, 44.3939432], [17.5831486, 44.3939461], [17.5830713, 44.3939373], [17.5829941, 44.3939344], [17.5827826, 44.3939577], [17.5827013, 44.3939548], [17.5826363, 44.3939402], [17.5825997, 44.3938996], [17.5825916, 44.3938531], [17.5825997, 44.3938037], [17.5826038, 44.3936962], [17.582559, 44.3935974], [17.5825143, 44.3935568], [17.5824574, 44.3935277], [17.5823923, 44.3935132], [17.5822826, 44.3934957], [17.5822094, 44.3934928], [17.5821362, 44.3934957], [17.5820671, 44.3935016], [17.5819898, 44.3935132], [17.5819166, 44.3935132], [17.5818516, 44.3934957], [17.5818028, 44.3934609], [17.5817621, 44.3934202], [17.5814735, 44.39315], [17.5812864, 44.3929641], [17.5810547, 44.3927346], [17.5808555, 44.3925544], [17.5806196, 44.3924208], [17.5804163, 44.3923772], [17.5801602, 44.3923801], [17.5798959, 44.3924237], [17.5795585, 44.3925632], [17.5792129, 44.392784], [17.5788917, 44.3929321], [17.5787372, 44.3930193], [17.5785339, 44.393243], [17.5782411, 44.3934754], [17.5780012, 44.3935539], [17.5784485, 44.3942221], [17.5786111, 44.3943441], [17.578664, 44.3943702], [17.578729, 44.3943964], [17.5788469, 44.3944458], [17.578912, 44.394469], [17.5789608, 44.3945039], [17.5790055, 44.3945416], [17.5790462, 44.3945881], [17.5790706, 44.3946317], [17.5790787, 44.3947334], [17.5790462, 44.394835], [17.5790462, 44.3948873], [17.5790665, 44.3949338], [17.579099, 44.3949774], [17.5791275, 44.3950239], [17.5794202, 44.3954045], [17.5794771, 44.3954277], [17.5795137, 44.3954684], [17.5795341, 44.3955178], [17.5795463, 44.3955701], [17.5795422, 44.3956775], [17.5795178, 44.395724], [17.5794812, 44.3957763], [17.5794568, 44.3958257], [17.5794487, 44.3960087], [17.5794853, 44.3961598], [17.5794853, 44.3962092], [17.5794731, 44.3962702], [17.5794568, 44.3963225], [17.5794853, 44.396369], [17.5795422, 44.3964009], [17.5795463, 44.3964532], [17.5795178, 44.3964968], [17.5794812, 44.3965433], [17.579469, 44.3965926], [17.5795056, 44.3966333], [17.5795544, 44.3966653], [17.5797048, 44.3968222], [17.5797211, 44.3968715], [17.5797495, 44.3969151], [17.5798187, 44.3970633], [17.5798187, 44.3971737], [17.5798309, 44.397223], [17.5798512, 44.3972724], [17.579961, 44.3973974], [17.5799732, 44.3974496], [17.5799976, 44.3975484], [17.5800342, 44.3975891], [17.5800707, 44.3976298], [17.5801033, 44.3977634], [17.5801765, 44.3979086], [17.5799325, 44.3978273], [17.5796357, 44.3978012], [17.5789242, 44.3979057], [17.5787819, 44.398112], [17.5786802, 44.39851], [17.5786233, 44.3989399], [17.5785705, 44.3989486], [17.5779687, 44.3994831], [17.5780191, 44.3996713], [17.5781679, 44.4002268], [17.5785745, 44.4008688], [17.5791315, 44.4015485], [17.5789526, 44.4016473], [17.578603, 44.4020481], [17.5785501, 44.402083], [17.5784891, 44.402112], [17.5783468, 44.4021411], [17.5782655, 44.4021556], [17.5781923, 44.4021672], [17.5781273, 44.4021905], [17.5780704, 44.4022253], [17.5780378, 44.4022718], [17.5780053, 44.4023183], [17.5778711, 44.4026436], [17.5764603, 44.403518], [17.5758464, 44.4036516], [17.5753788, 44.4036981], [17.5752568, 44.4043284], [17.5744924, 44.4045549], [17.5741631, 44.4048454], [17.5739192, 44.4053014], [17.5723823, 44.4057488], [17.5710243, 44.4061932], [17.5688572, 44.4056064], [17.5686743, 44.4054728], [17.5686092, 44.4053857], [17.5685889, 44.4053363], [17.5685686, 44.4052404], [17.5685442, 44.405194], [17.5685116, 44.4051475], [17.568475, 44.4051039], [17.5684425, 44.4050575], [17.56841, 44.4050139], [17.5683815, 44.4049674], [17.5683531, 44.4048716], [17.5683612, 44.4046711], [17.5683693, 44.4046247], [17.5683693, 44.4045753], [17.5683775, 44.4045259], [17.5683815, 44.4044707], [17.5683978, 44.4044213], [17.5684222, 44.4043749], [17.5684547, 44.4043342], [17.5684994, 44.4042499], [17.5683937, 44.4042877], [17.5683327, 44.4043197], [17.5682677, 44.4043487], [17.5682026, 44.4043749], [17.5681294, 44.4043836], [17.5679099, 44.4043865], [17.5677554, 44.4044039], [17.5676172, 44.4044475], [17.5674708, 44.4044649], [17.566743, 44.4048309], [17.5653891, 44.4052666], [17.5650679, 44.4049151], [17.5649866, 44.4048977], [17.5649256, 44.4048716], [17.5648809, 44.4048367], [17.5648402, 44.4047989], [17.564767, 44.4047147], [17.5647264, 44.404674], [17.5646857, 44.4046305], [17.5646003, 44.404552], [17.5645434, 44.4045172], [17.5644865, 44.404491], [17.5644296, 44.4044591], [17.5643686, 44.4044271], [17.5643238, 44.4043865], [17.5642913, 44.40434], [17.5642669, 44.4042935], [17.5642466, 44.404247], [17.5642303, 44.4041977], [17.5642303, 44.4041483], [17.5642547, 44.4041047], [17.5642629, 44.4040582], [17.5642507, 44.4040089], [17.5642141, 44.4039595], [17.5641734, 44.4039188], [17.5641409, 44.4038781], [17.5641653, 44.4038346], [17.5642222, 44.4038026], [17.5642547, 44.403762], [17.5642547, 44.4037155], [17.5642303, 44.4036225], [17.5642303, 44.4035702], [17.5642385, 44.403518], [17.5642385, 44.4034686], [17.56421, 44.4034192], [17.5640148, 44.4032507], [17.5639742, 44.4032101], [17.5639295, 44.4031694], [17.5638685, 44.4031258], [17.5637465, 44.4030532], [17.563657, 44.4029719], [17.5636286, 44.4029283], [17.5636164, 44.4028731], [17.5636286, 44.4028237], [17.563657, 44.4027714], [17.5636652, 44.4027192], [17.5636448, 44.4026727], [17.5636205, 44.4026291], [17.5635879, 44.4025855], [17.5635595, 44.4025391], [17.563531, 44.4024955], [17.5635188, 44.4024461], [17.5637262, 44.4019813], [17.5624292, 44.4022282], [17.5619494, 44.402481], [17.5612176, 44.4027511], [17.5602824, 44.4032769], [17.5597986, 44.402937], [17.5594245, 44.4030822], [17.5589366, 44.4035063], [17.5587008, 44.4035325], [17.5587089, 44.4039653], [17.5587821, 44.404279], [17.5587089, 44.4043603], [17.5582373, 44.4043952], [17.5576274, 44.4044823], [17.5572534, 44.4046363], [17.5572005, 44.4046769], [17.5570908, 44.4047757], [17.5568753, 44.4052608], [17.5568712, 44.4053624], [17.5570216, 44.4055832], [17.554448, 44.406228], [17.5544032, 44.4061322], [17.5539519, 44.4060915], [17.553212, 44.4064865], [17.5528542, 44.4058998], [17.5520166, 44.4060944], [17.5516426, 44.40626], [17.5512604, 44.4062948], [17.5502642, 44.4068235], [17.5492193, 44.4064342], [17.5487436, 44.4061525], [17.5478776, 44.4060044], [17.5472149, 44.406565], [17.5468164, 44.4065737], [17.5464342, 44.4067683], [17.5461944, 44.4068089], [17.5462757, 44.406594], [17.545613, 44.4060102], [17.5453243, 44.4058562], [17.545304, 44.4057633], [17.5452999, 44.4057139], [17.5452714, 44.4056703], [17.5452064, 44.4056442], [17.5451373, 44.4056413], [17.5429539, 44.404828], [17.5426571, 44.4051097], [17.5423074, 44.4051649], [17.542157, 44.4051824], [17.5420879, 44.4051853], [17.5420147, 44.4051911], [17.5419984, 44.4051533], [17.5419375, 44.405133], [17.5418561, 44.4051301], [17.5417911, 44.4051562], [17.5417748, 44.4052085], [17.5415837, 44.4052927], [17.5412544, 44.4055658], [17.5410226, 44.405621], [17.5398802, 44.404186], [17.5392987, 44.4044155], [17.5389369, 44.4046653], [17.5386319, 44.4049761], [17.5382498, 44.4055774], [17.5379977, 44.4061322], [17.5378269, 44.4063616], [17.5376236, 44.4065591], [17.5375789, 44.4066259], [17.5375342, 44.4066666], [17.5373471, 44.4066608], [17.5370341, 44.4066899], [17.5367942, 44.4067538], [17.5365015, 44.4068583], [17.5364608, 44.4080114], [17.5365096, 44.4085168], [17.5366112, 44.4086446], [17.5372943, 44.40836], [17.5374447, 44.408511], [17.5374691, 44.4089989], [17.5375301, 44.4093126], [17.5374854, 44.4092749], [17.5374244, 44.4092487], [17.5373512, 44.40924], [17.537213, 44.40924], [17.5370666, 44.4092545], [17.5369975, 44.4092545], [17.536843, 44.40924], [17.5367739, 44.4092255], [17.5367007, 44.4092168], [17.5366234, 44.4092139], [17.5365462, 44.4092313], [17.5364974, 44.4092691], [17.5364689, 44.4093155], [17.5364608, 44.4093678], [17.5364527, 44.4094259], [17.5364364, 44.4095305], [17.5364283, 44.4095886], [17.536412, 44.409696], [17.5364079, 44.40985], [17.5364242, 44.4099051], [17.5364486, 44.4099603], [17.5364811, 44.4100068], [17.5375626, 44.4107736], [17.5377456, 44.4111221], [17.5381725, 44.4113196], [17.5382538, 44.4114183], [17.5384774, 44.4115548], [17.5391402, 44.4125016], [17.5397094, 44.4126323], [17.5396565, 44.4126846], [17.5396565, 44.412734], [17.5396647, 44.4127833], [17.5397135, 44.4128821], [17.5397216, 44.4129344], [17.5397053, 44.4129866], [17.5396525, 44.4130186], [17.5395915, 44.4130476], [17.5395386, 44.4130796], [17.5394939, 44.4131231], [17.5394817, 44.4131841], [17.5394776, 44.4132364], [17.5394695, 44.4132945], [17.5394654, 44.4133439], [17.5394573, 44.4133991], [17.5394532, 44.4134513], [17.539437, 44.4135007], [17.5393394, 44.4135849], [17.5387377, 44.4145027], [17.5383351, 44.4148802], [17.5382782, 44.414918], [17.5376927, 44.4153013], [17.5373553, 44.4157718], [17.5370625, 44.4155482], [17.5362941, 44.4158763], [17.5357046, 44.4163787], [17.5357086, 44.4168027], [17.5344238, 44.4176652], [17.5325698, 44.4183332], [17.5308012, 44.4186613], [17.5302198, 44.4187252], [17.5298295, 44.41867], [17.5287601, 44.4187281], [17.5280242, 44.4190998], [17.5278738, 44.4191114], [17.5278047, 44.4191289], [17.5276746, 44.419184], [17.5275567, 44.4192595], [17.5274388, 44.4193263], [17.5273615, 44.4193467], [17.527085, 44.4194134], [17.52702, 44.4194338], [17.5269509, 44.4194454], [17.5268817, 44.4194599], [17.5265768, 44.4194889], [17.5265036, 44.4194948], [17.5264304, 44.4195006], [17.5263613, 44.4195035], [17.5262881, 44.4195093], [17.5261987, 44.4195151], [17.5261255, 44.4195209], [17.5260523, 44.4195238], [17.5254831, 44.4195238], [17.5253855, 44.419518], [17.5252269, 44.4195006], [17.5251497, 44.419486], [17.5250806, 44.4194715], [17.5250074, 44.419457], [17.5249342, 44.4194454], [17.5248244, 44.4194338], [17.5247472, 44.419428], [17.524674, 44.419428], [17.5246049, 44.4194309], [17.5244626, 44.4194686], [17.5243975, 44.4194918], [17.5243365, 44.4195209], [17.5242715, 44.4196138], [17.5242633, 44.4197125], [17.5242755, 44.4197619], [17.5242999, 44.4198055], [17.5243325, 44.4198519], [17.5243691, 44.4198926], [17.5244178, 44.4199274], [17.5244748, 44.4199594], [17.5245398, 44.4199826], [17.5246089, 44.4200029], [17.5246699, 44.4200233], [17.524735, 44.420032], [17.5239828, 44.4204763], [17.5238649, 44.4207144], [17.5233729, 44.4210861], [17.5229338, 44.4210832], [17.5227834, 44.4210716], [17.5227102, 44.4210716], [17.5226411, 44.4210803], [17.5225638, 44.4210948], [17.5224988, 44.4211209], [17.5224459, 44.4211558], [17.5223931, 44.4211906], [17.522328, 44.4212226], [17.522263, 44.4212429], [17.5221247, 44.4212748], [17.5220637, 44.4213039], [17.522019, 44.4213445], [17.5219784, 44.421391], [17.5219336, 44.4214868], [17.5215799, 44.4213794], [17.5211652, 44.4217888], [17.5211205, 44.4218295], [17.5210676, 44.4218643], [17.5210066, 44.4218963], [17.5209456, 44.4219253], [17.5208806, 44.4219456], [17.5206163, 44.4219834], [17.5205594, 44.4220095], [17.5205147, 44.4220502], [17.5197422, 44.4227006], [17.5185265, 44.4233656], [17.5184167, 44.4232785], [17.5178231, 44.4236443], [17.5176767, 44.4235369], [17.5169652, 44.4238389], [17.5168717, 44.4238099], [17.5167538, 44.4239057], [17.5166359, 44.4239725], [17.515965, 44.424016], [17.5148185, 44.4247797], [17.5145338, 44.4251862], [17.5142086, 44.4259324], [17.5141679, 44.4259847], [17.5141232, 44.4260283], [17.5140297, 44.4261096], [17.5139728, 44.4261386], [17.5139036, 44.4261705], [17.5138386, 44.4261909], [17.5137695, 44.4262141], [17.5136963, 44.4262315], [17.5134727, 44.4262606], [17.5132531, 44.4262635], [17.5126758, 44.4262983], [17.5122936, 44.4264609], [17.5122245, 44.426487], [17.5117325, 44.4267019], [17.511452, 44.4268151], [17.5109071, 44.4270213], [17.5108462, 44.4270445], [17.5105412, 44.42721], [17.5103257, 44.4271578], [17.5101468, 44.4272942], [17.5100899, 44.4273291], [17.5100249, 44.4273523], [17.5099517, 44.4273726], [17.5098826, 44.4273901], [17.5097403, 44.4274104], [17.509663, 44.4274133], [17.5095898, 44.4274162], [17.5092524, 44.4277762], [17.5087645, 44.4279475], [17.5087929, 44.4281246], [17.508427, 44.4281217], [17.508118, 44.4281653], [17.5080489, 44.4281798], [17.5075406, 44.4283192], [17.507008, 44.4284963], [17.5070853, 44.4286124], [17.5065445, 44.4289318], [17.5058859, 44.4294661], [17.5057314, 44.429498], [17.5056338, 44.4295793], [17.5046864, 44.4296286], [17.5050361, 44.430009], [17.5055606, 44.4302993], [17.5054671, 44.4304677], [17.5053736, 44.4304764], [17.5053044, 44.430491], [17.5052435, 44.4305142], [17.5051581, 44.4305984], [17.5051296, 44.4306448], [17.5051174, 44.4306942], [17.5050686, 44.43079], [17.5049751, 44.4308771], [17.5049182, 44.4309062], [17.5048613, 44.4309352], [17.504723, 44.4309787], [17.504662, 44.4309991], [17.5044425, 44.4308597], [17.5042311, 44.4315188], [17.5043856, 44.4315333], [17.5045238, 44.4315652], [17.5045807, 44.4315972], [17.5046295, 44.4316349], [17.5046702, 44.4316813], [17.5047027, 44.4317249], [17.5047556, 44.4318178], [17.5047881, 44.4318701], [17.5048287, 44.4319078], [17.5048938, 44.4319368], [17.5049548, 44.4319601], [17.5050158, 44.4319775], [17.5050808, 44.4319978], [17.5051581, 44.4320181], [17.5052191, 44.4320385], [17.505341, 44.4320907], [17.5053898, 44.4321256], [17.5054386, 44.4321633], [17.5054915, 44.4321952], [17.5056256, 44.4322272], [17.5058493, 44.4322533], [17.5060038, 44.4322562], [17.5060688, 44.4322591], [17.5061379, 44.432262], [17.5062071, 44.4322794], [17.506268, 44.4323056], [17.506325, 44.4323346], [17.5063778, 44.4323694], [17.5064225, 44.432413], [17.5065161, 44.4325756], [17.5065608, 44.4326162], [17.5066014, 44.4326598], [17.5066421, 44.4327004], [17.506695, 44.4327469], [17.5067519, 44.4327788], [17.5068088, 44.4328078], [17.5068739, 44.4328311], [17.5069348, 44.4328456], [17.507004, 44.4328572], [17.5070812, 44.4328717], [17.5071544, 44.4328833], [17.5072926, 44.4329065], [17.5074268, 44.4329327], [17.5074878, 44.4329559], [17.507622, 44.4330053], [17.5076829, 44.4330372], [17.5077358, 44.4330633], [17.5078537, 44.4331272], [17.5079594, 44.4332027], [17.5080204, 44.4332491], [17.5080692, 44.433284], [17.5081139, 44.4333188], [17.5081586, 44.4333595], [17.5082074, 44.4333914], [17.5082603, 44.4334262], [17.5083172, 44.4334553], [17.5084229, 44.4335278], [17.5085286, 44.4335946], [17.5086262, 44.4336614], [17.5086547, 44.4337078], [17.5086831, 44.4337514], [17.5087319, 44.4337978], [17.5089515, 44.433914], [17.5090165, 44.4339285], [17.5094678, 44.4340011], [17.5095329, 44.4340156], [17.5101468, 44.4342217], [17.5109925, 44.4343988], [17.5120903, 44.4345527], [17.5125091, 44.4345585], [17.5127124, 44.4344714], [17.5129685, 44.4345266], [17.5136493, 44.434609], [17.5140978, 44.4347116], [17.5145118, 44.4345966], [17.514805, 44.43465], [17.515288, 44.434609], [17.5156848, 44.4346213], [17.516047, 44.434728], [17.5162023, 44.4348512], [17.516254, 44.4349456], [17.5157135, 44.4353069], [17.5155065, 44.4353192], [17.5154088, 44.4353439], [17.5152938, 44.4353685], [17.515196, 44.4354055], [17.5151213, 44.4354629], [17.5150753, 44.4355245], [17.5150408, 44.4355943], [17.5149315, 44.4357257], [17.5148798, 44.4357832], [17.5148165, 44.4358407], [17.5147533, 44.4358981], [17.5146038, 44.436009], [17.5145175, 44.4360459], [17.514414, 44.4360624], [17.5143105, 44.4360665], [17.514207, 44.4360542], [17.5141265, 44.4360213], [17.5140288, 44.4359803], [17.513954, 44.435931], [17.5138103, 44.4358201], [17.5137355, 44.4357709], [17.513655, 44.4357298], [17.5135688, 44.4356929], [17.5134768, 44.4356641], [17.5133848, 44.4356436], [17.5132813, 44.4356313], [17.5130571, 44.4356313], [17.5129536, 44.4356477], [17.5128846, 44.4357052], [17.5128443, 44.4357709], [17.5127523, 44.4358981], [17.5126833, 44.4359556], [17.5124073, 44.4360542], [17.5123038, 44.4360706], [17.5120911, 44.4360911], [17.5119933, 44.4361116], [17.5119071, 44.4360665], [17.5118151, 44.4360336], [17.5117116, 44.4360172], [17.5116138, 44.4360172], [17.5115046, 44.4360295], [17.5113838, 44.4360542], [17.5112918, 44.4360829], [17.5111998, 44.4361157], [17.5110158, 44.4362143], [17.5109123, 44.4362841], [17.5108318, 44.4363374], [17.5107628, 44.4364031], [17.5107053, 44.4364606], [17.5106536, 44.4365222], [17.5105846, 44.4365797], [17.5105156, 44.4366289], [17.5104408, 44.4366741], [17.5103603, 44.4367111], [17.5102741, 44.4367521], [17.5101878, 44.4367932], [17.5101131, 44.4368424], [17.5099923, 44.4369574], [17.5098543, 44.4370765], [17.5097853, 44.4371421], [17.5097336, 44.4371996], [17.5096818, 44.4372612], [17.5094691, 44.437446], [17.5094058, 44.4375034], [17.5093023, 44.4375075], [17.5092333, 44.4374624], [17.5090321, 44.4376635], [17.5089516, 44.4377128], [17.5088539, 44.4377374], [17.5087504, 44.437758], [17.5086584, 44.4378031], [17.5085664, 44.4378442], [17.5084744, 44.4378935], [17.5083996, 44.4379386], [17.5082616, 44.4380495], [17.5082041, 44.4381234], [17.5081581, 44.4381891], [17.5081179, 44.4382547], [17.5080719, 44.4383204], [17.5080259, 44.438382], [17.5079741, 44.4384395], [17.5078936, 44.4384846], [17.5078016, 44.4385257], [17.5077039, 44.4385544], [17.5075946, 44.4385709], [17.5074969, 44.438575], [17.5070829, 44.4385791], [17.5068126, 44.4387679], [17.5067206, 44.4388541], [17.5066516, 44.4389116], [17.5065481, 44.4390471], [17.5064791, 44.4392729], [17.5064389, 44.4393386], [17.5063641, 44.4393961], [17.5062031, 44.4394946], [17.5059961, 44.439667], [17.5059156, 44.4397163], [17.5058294, 44.4397614], [17.5057259, 44.4398066], [17.5056339, 44.4398435], [17.5055304, 44.4398764], [17.5053464, 44.4399256], [17.5052429, 44.4399503], [17.5051221, 44.4399667], [17.5050129, 44.439979], [17.5048979, 44.439979], [17.5046966, 44.4399626], [17.5045874, 44.4399339], [17.5045357, 44.4400816], [17.5030637, 44.4398887], [17.5029487, 44.4398066], [17.5028452, 44.4398025], [17.5027359, 44.4397984], [17.5026439, 44.4397779], [17.5025634, 44.4397409], [17.5024944, 44.4396875], [17.5024484, 44.4396218], [17.5024254, 44.4395562], [17.5024197, 44.4394864], [17.5023794, 44.4394248], [17.5022932, 44.4393878], [17.5021954, 44.4393837], [17.5021034, 44.4394207], [17.5020632, 44.4394905], [17.5019884, 44.4396218], [17.5019367, 44.4396834], [17.5018734, 44.4397368], [17.5017872, 44.4397779], [17.5017009, 44.4398148], [17.5013962, 44.4398887], [17.5012927, 44.439901], [17.5010857, 44.4398846], [17.5009879, 44.4398846], [17.5008844, 44.4398969], [17.5007982, 44.439938], [17.5007292, 44.4399913], [17.5006659, 44.4400488], [17.5005912, 44.4401063], [17.5005107, 44.4401555], [17.5004244, 44.4401925], [17.5002405, 44.4402705], [17.5000622, 44.4403485], [17.499976, 44.4403937], [17.4998035, 44.4405291], [17.4996367, 44.4407057], [17.499493, 44.4409232], [17.4994527, 44.4409889], [17.4994125, 44.4410587], [17.499378, 44.4411285], [17.499332, 44.4412065], [17.4992975, 44.4412722], [17.4992515, 44.4413379], [17.4992055, 44.4414159], [17.4991537, 44.4415062], [17.4991077, 44.4415719], [17.49901, 44.4417197], [17.4989697, 44.4417895], [17.4989295, 44.4418592], [17.4988777, 44.4419331], [17.4988375, 44.4419947], [17.49878, 44.4420727], [17.4987282, 44.4421384], [17.4986765, 44.4422123], [17.4985672, 44.4423437], [17.4985097, 44.4424011], [17.4984522, 44.4424668], [17.4983947, 44.4425284], [17.4983315, 44.4425941], [17.4981245, 44.4427624], [17.4978772, 44.4429594], [17.4977047, 44.4430826], [17.4976185, 44.4431318], [17.4975207, 44.4431688], [17.4974345, 44.4432098], [17.497377, 44.4432673], [17.497331, 44.4433823], [17.4973195, 44.4434562], [17.4973195, 44.443567], [17.497354, 44.4436737], [17.4973597, 44.4437435], [17.4973425, 44.443842], [17.4972792, 44.4439077], [17.4971872, 44.4439693], [17.4970722, 44.4440391], [17.4969802, 44.4440842], [17.4966352, 44.4444332], [17.496572, 44.4444947], [17.4965145, 44.4445563], [17.4964455, 44.4446097], [17.4963707, 44.444663], [17.4963017, 44.4447123], [17.4962155, 44.4447616], [17.4961235, 44.4448026], [17.4959395, 44.4448683], [17.495836, 44.4449011], [17.4957268, 44.444934], [17.4956348, 44.4449627], [17.4955485, 44.4449997], [17.4954565, 44.4450366], [17.495376, 44.4450777], [17.495284, 44.4451187], [17.4951633, 44.4451392], [17.495054, 44.4451433], [17.4947435, 44.4451474], [17.49464, 44.4451392], [17.4945423, 44.4451187], [17.4943583, 44.445053], [17.4942663, 44.445012], [17.49418, 44.4449709], [17.4940823, 44.4449545], [17.4939845, 44.4449586], [17.4938925, 44.4449914], [17.4937833, 44.4450448], [17.4936913, 44.4450818], [17.4933635, 44.4452213], [17.4932428, 44.4452747], [17.4930933, 44.4453281], [17.4929783, 44.4453568], [17.492869, 44.4453486], [17.4927828, 44.4453075], [17.4926908, 44.4452747], [17.4925873, 44.4452501], [17.4924838, 44.445246], [17.4923803, 44.445246], [17.4922653, 44.4452542], [17.4921618, 44.4452747], [17.4920698, 44.4453116], [17.4919835, 44.4453568], [17.491903, 44.4453937], [17.4918283, 44.4454389], [17.4917536, 44.4454882], [17.4916673, 44.4455374], [17.4915753, 44.4455661], [17.4914718, 44.4455703], [17.4913683, 44.4455579], [17.4912821, 44.4455333], [17.4911901, 44.4455046], [17.4910981, 44.4454676], [17.4910061, 44.4454307], [17.4909083, 44.4453937], [17.4908106, 44.4453445], [17.4907301, 44.4452952], [17.4905863, 44.4451885], [17.4905001, 44.4451598], [17.4903966, 44.4451556], [17.4902988, 44.4451598], [17.4902068, 44.4451885], [17.4901148, 44.4452254], [17.4900286, 44.4452665], [17.4899366, 44.4452993], [17.4898331, 44.445324], [17.4897296, 44.4453363], [17.4896146, 44.4453363], [17.4895168, 44.4453281], [17.4894248, 44.4452911], [17.4892293, 44.4451269], [17.4891488, 44.44509], [17.4890626, 44.445053], [17.4889706, 44.4450284], [17.4888728, 44.4450202], [17.4887808, 44.4450448], [17.4887003, 44.44509], [17.4886428, 44.4451515], [17.4885738, 44.445209], [17.4884761, 44.4452172], [17.4882748, 44.4452213], [17.4882001, 44.4452747], [17.4881713, 44.4453445], [17.4880851, 44.4453855], [17.4877918, 44.4454676], [17.4876826, 44.4455374], [17.4876021, 44.4455867], [17.4874239, 44.4456688], [17.4873089, 44.4456975], [17.4872111, 44.4457057], [17.4871076, 44.4457057], [17.4869466, 44.4457139], [17.4868316, 44.4457303], [17.4867339, 44.4457591], [17.4866361, 44.4458001], [17.4863486, 44.4459479], [17.4862566, 44.445989], [17.4861646, 44.4460177], [17.4860324, 44.4460464], [17.4859059, 44.4460711], [17.4858081, 44.4460875], [17.4855436, 44.4461203], [17.4854401, 44.4461244], [17.4852619, 44.4461121], [17.4851584, 44.4460916], [17.4850606, 44.4460875], [17.4849456, 44.4460957], [17.4848479, 44.4461121], [17.4847271, 44.4461532], [17.4846409, 44.4461819], [17.4845316, 44.4461983], [17.4844281, 44.4462065], [17.4842211, 44.4462065], [17.4840141, 44.446186], [17.4839164, 44.446186], [17.4838244, 44.4462147], [17.4837324, 44.4462558], [17.4836634, 44.4463174], [17.4836289, 44.4463871], [17.4836116, 44.4464651], [17.4835771, 44.4465349], [17.4835484, 44.4466129], [17.4835139, 44.4466786], [17.4834851, 44.4467525], [17.4834794, 44.4468223], [17.4834276, 44.4469659], [17.4833414, 44.447007], [17.4832551, 44.44697], [17.4831919, 44.4469167], [17.4831172, 44.4468633], [17.4830424, 44.4468223], [17.4829734, 44.446773], [17.4828814, 44.4467443], [17.4827779, 44.4467114], [17.4826802, 44.4466909], [17.4825767, 44.4466786], [17.4824789, 44.4466786], [17.4823812, 44.4467155], [17.4822029, 44.4468469], [17.4821454, 44.4469085], [17.4820304, 44.4470111], [17.4819327, 44.4470439], [17.4818292, 44.4470603], [17.4816912, 44.4471096], [17.4816107, 44.4471753], [17.4815359, 44.4472245], [17.4814439, 44.4472697], [17.4813519, 44.4472984], [17.4812714, 44.4473477], [17.4811967, 44.4474298], [17.4811219, 44.447479], [17.4810012, 44.4475406], [17.4809149, 44.4475858], [17.4808402, 44.4476432], [17.4808057, 44.4477171], [17.4808344, 44.447791], [17.4808632, 44.4478567], [17.4808862, 44.4479962], [17.4808287, 44.4479265], [17.4807252, 44.44791], [17.4806217, 44.4478895], [17.4804089, 44.4478854], [17.4802824, 44.4478977], [17.4801847, 44.44791], [17.4800754, 44.4479182], [17.4799719, 44.4479224], [17.4797649, 44.4479347], [17.4796614, 44.4479388], [17.4792129, 44.4482056], [17.4786667, 44.4490101], [17.47827, 44.44885], [17.4780745, 44.4489896], [17.4777122, 44.4487761], [17.4775742, 44.4489568], [17.4777237, 44.4497654], [17.4782987, 44.4509352], [17.477948, 44.4511527], [17.4776432, 44.4516083], [17.477741, 44.4519039], [17.4781607, 44.452302], [17.4791324, 44.4527576], [17.4791497, 44.4536811], [17.4781837, 44.4537796], [17.4771085, 44.4537837], [17.4764472, 44.4538863], [17.4763265, 44.4539027], [17.47597, 44.4540546], [17.4756135, 44.4544856], [17.4754237, 44.4549042], [17.4755157, 44.4551299], [17.475533, 44.4552079], [17.4755502, 44.4553516], [17.4755502, 44.4554378], [17.4755272, 44.4555486], [17.4754755, 44.4556348], [17.4754122, 44.4556963], [17.475349, 44.4557579], [17.4752742, 44.455803], [17.4751937, 44.45584], [17.4751017, 44.4558687], [17.4749982, 44.4559098], [17.4749062, 44.4559426], [17.474705, 44.4560083], [17.4745958, 44.4560329], [17.4745038, 44.4560616], [17.474406, 44.4560862], [17.474314, 44.4561068], [17.4741243, 44.456156], [17.4748372, 44.4568907], [17.4735665, 44.4598251], [17.4698463, 44.4598907], [17.4672071, 44.4595706], [17.4643839, 44.4581178], [17.4642861, 44.4585857], [17.4622851, 44.4597922], [17.4615204, 44.4601493], [17.4601174, 44.4612573], [17.4599104, 44.4613148], [17.4587547, 44.4622012], [17.4584959, 44.4622915], [17.4576449, 44.463022], [17.4573632, 44.4631164], [17.4569722, 44.4633954], [17.455621, 44.4641382], [17.455299, 44.4642449], [17.4544077, 44.4642941], [17.4542582, 44.4643146], [17.4541317, 44.4643434], [17.454034, 44.4643639], [17.4539247, 44.4643926], [17.4538212, 44.4644213], [17.4537005, 44.4644542], [17.4536027, 44.4644911], [17.4535107, 44.4645239], [17.452079, 44.465238], [17.452079, 44.4658986], [17.452056, 44.46619], [17.4519525, 44.4663582], [17.451665, 44.4666085], [17.4511475, 44.4669327], [17.451067, 44.4669861], [17.4505725, 44.4672405], [17.4501355, 44.4674169], [17.4495663, 44.4679339], [17.449043, 44.4684099], [17.4487556, 44.4686069], [17.4486348, 44.4686602], [17.4480081, 44.4688818], [17.4474561, 44.4690008], [17.4473526, 44.4690254], [17.4467316, 44.469165], [17.4461336, 44.4693742], [17.4458633, 44.4696163], [17.4457426, 44.4700431], [17.4455988, 44.4704534], [17.4455988, 44.4705395], [17.4455126, 44.4707242], [17.4452596, 44.470954], [17.4449663, 44.4711632], [17.4447248, 44.4712945], [17.4449491, 44.4714874], [17.4450813, 44.4717295], [17.4453113, 44.4722957], [17.4455873, 44.4728865], [17.4458748, 44.4730466], [17.4463981, 44.4735594], [17.4468466, 44.4736456], [17.4474503, 44.4743308], [17.4479563, 44.4745893], [17.4485313, 44.4752827], [17.4491178, 44.4755042], [17.449273, 44.4755617], [17.4493765, 44.4755986], [17.4495548, 44.4756683], [17.4496468, 44.4757012], [17.4497273, 44.475734], [17.4498135, 44.4757586], [17.4499343, 44.4757709], [17.450032, 44.4757873], [17.4501355, 44.4758119], [17.4502333, 44.4758407], [17.4503138, 44.4758694], [17.4504, 44.4759022], [17.4504805, 44.475935], [17.450561, 44.475976], [17.45063, 44.4760253], [17.4507048, 44.4760868], [17.4507853, 44.4761566], [17.4508543, 44.4762222], [17.4509118, 44.4762797], [17.4509693, 44.4763494], [17.4510095, 44.4764151], [17.4510843, 44.4765463], [17.451136, 44.4766038], [17.4511878, 44.4766612], [17.4512568, 44.4767105], [17.451343, 44.4767515], [17.4514408, 44.4767843], [17.4515328, 44.4768089], [17.4516363, 44.4768253], [17.4517398, 44.4768335], [17.4522228, 44.4768869], [17.4523205, 44.4768951], [17.4524298, 44.4769238], [17.4525275, 44.4769484], [17.4526195, 44.4769812], [17.4527403, 44.4770059], [17.4528323, 44.4770305], [17.4529243, 44.477051], [17.4530163, 44.4770797], [17.4531083, 44.4771002], [17.4532002, 44.4771002], [17.4532922, 44.4771248], [17.453367, 44.4771618], [17.4534302, 44.4772192], [17.4534935, 44.4772725], [17.4535797, 44.4773177], [17.4536602, 44.4773464], [17.4537522, 44.477371], [17.4538385, 44.4773997], [17.4538845, 44.4774654], [17.4539075, 44.4776131], [17.454103, 44.4775351], [17.452631, 44.4805382], [17.4528725, 44.4804562], [17.4530163, 44.4804357], [17.453114, 44.4804233], [17.453206, 44.4804192], [17.4533152, 44.480411], [17.453482, 44.4804233], [17.453574, 44.4804644], [17.453666, 44.4805095], [17.4537695, 44.4805587], [17.45385, 44.4806039], [17.453919, 44.4806531], [17.4539937, 44.4807105], [17.454057, 44.4807721], [17.454126, 44.4808295], [17.4544422, 44.4811126], [17.4545227, 44.4811495], [17.4546205, 44.4811823], [17.4550805, 44.4813874], [17.4551667, 44.481412], [17.4552702, 44.4814244], [17.455368, 44.4814244], [17.45546, 44.4814038], [17.455552, 44.4813997], [17.4556555, 44.4814038], [17.4557475, 44.4814285], [17.455851, 44.481449], [17.4560522, 44.481449], [17.4562535, 44.4814326], [17.4561615, 44.4816131], [17.4561442, 44.4816869], [17.4560982, 44.48181], [17.4560407, 44.4819084], [17.4560005, 44.4819782], [17.4559602, 44.4820479], [17.4559372, 44.4821218], [17.4559372, 44.4822654], [17.455966, 44.4823351], [17.455989, 44.4824089], [17.4560177, 44.4824746], [17.456058, 44.4825443], [17.456265, 44.4825853], [17.4562362, 44.4829628], [17.4558107, 44.483775], [17.4587604, 44.4848703], [17.4617389, 44.4854733], [17.4630441, 44.4855144], [17.4638894, 44.4861133], [17.4642171, 44.4866014], [17.4652406, 44.4877049], [17.4663848, 44.4881684], [17.4674198, 44.488111], [17.4680523, 44.4881233], [17.4687193, 44.488353], [17.4685353, 44.4910684], [17.4663503, 44.4946533], [17.4659191, 44.4955925], [17.4651486, 44.4978318], [17.4644989, 44.4997225], [17.4639124, 44.5031346], [17.4562995, 44.5055746], [17.4541605, 44.5088059], [17.4509578, 44.5130006], [17.450929, 44.5129104], [17.4508773, 44.5128488], [17.450814, 44.5127914], [17.4507393, 44.5127463], [17.4506415, 44.5127217], [17.4505438, 44.5126971], [17.4504518, 44.5126684], [17.4503655, 44.5126274], [17.4502965, 44.5125782], [17.4502448, 44.5125167], [17.450147, 44.5123855], [17.4501125, 44.5123199], [17.4500723, 44.5122502], [17.4500435, 44.5121805], [17.4499918, 44.5121149], [17.449917, 44.5120616], [17.449825, 44.5120288], [17.4497273, 44.5120247], [17.4496238, 44.512037], [17.4495318, 44.5120698], [17.449434, 44.5120944], [17.4493363, 44.5121026], [17.4492385, 44.5120944], [17.449158, 44.5120575], [17.4486602, 44.5119577], [17.4484877, 44.5118757], [17.4483267, 44.5117691], [17.4482232, 44.5116461], [17.4481197, 44.5115231], [17.4479817, 44.5114165], [17.4477862, 44.5113427], [17.4476252, 44.5112606], [17.4474757, 44.510949], [17.4473492, 44.5108178], [17.4472112, 44.5107112], [17.4471077, 44.5105964], [17.4470732, 44.5104652], [17.4470168, 44.5103288], [17.44694, 44.510219], [17.4469206, 44.5101863], [17.4468202, 44.5100633], [17.4466822, 44.5099649], [17.4463487, 44.5097845], [17.4462337, 44.5096697], [17.4461417, 44.5095467], [17.4460267, 44.5094237], [17.4458542, 44.5093253], [17.4456817, 44.5092514], [17.4455667, 44.5091448], [17.4454747, 44.5090218], [17.4453712, 44.508907], [17.4451872, 44.5088332], [17.4449802, 44.5087758], [17.4448882, 44.5086446], [17.4447502, 44.5089152], [17.4406908, 44.5167221], [17.4360678, 44.514139], [17.4330549, 44.514098], [17.4321694, 44.5138028], [17.4302949, 44.5139996], [17.4296624, 44.514344], [17.4289839, 44.514631], [17.4286964, 44.5146474], [17.4283514, 44.514877], [17.4276729, 44.5149754], [17.4262239, 44.5155413], [17.425235, 44.5157955], [17.4237285, 44.5164351], [17.4228315, 44.5170993], [17.4224175, 44.517706], [17.4225555, 44.5186572], [17.4222335, 44.5190344], [17.42213, 44.519551], [17.422291, 44.5199445], [17.422245, 44.5202971], [17.422383, 44.5211663], [17.4221875, 44.5211745], [17.422015, 44.5212646], [17.421877, 44.5213712], [17.4217735, 44.5214942], [17.4217735, 44.5216418], [17.421831, 44.5217812], [17.4218885, 44.5219124], [17.4218655, 44.52206], [17.4217735, 44.5221912], [17.4216355, 44.5222977], [17.421463, 44.5223797], [17.421302, 44.5224781], [17.42121, 44.5226011], [17.4210835, 44.5227159], [17.4208995, 44.5227979], [17.420704, 44.5228143], [17.420497, 44.5228225], [17.42029, 44.5228389], [17.4200945, 44.5228881], [17.419899, 44.5229865], [17.418749, 44.5226421], [17.4172311, 44.5226093], [17.4165066, 44.5224617], [17.4161156, 44.5225929], [17.4157131, 44.5228881], [17.4157361, 44.525192], [17.4160811, 44.5253641], [17.4161271, 44.5266103], [17.4151266, 44.5289387], [17.4159661, 44.5301602], [17.4162076, 44.5307669], [17.4188755, 44.531849], [17.4198415, 44.5332508], [17.420152, 44.5333], [17.420313, 44.5333819], [17.4204625, 44.5334639], [17.420589, 44.5335705], [17.420635, 44.5337098], [17.420635, 44.5339968], [17.420704, 44.5341279], [17.420819, 44.5342427], [17.4209225, 44.5343656], [17.420957, 44.534505], [17.420934, 44.5346526], [17.42075, 44.5354559], [17.4204057, 44.5361793], [17.4198415, 44.5373494], [17.4183925, 44.5386773], [17.417612, 44.5388254], [17.4165296, 44.5391364], [17.4155291, 44.5392593], [17.4140341, 44.5397511], [17.4130451, 44.5402183], [17.4115271, 44.5412675], [17.4101011, 44.5414642], [17.4083072, 44.5426527], [17.4072262, 44.5429559], [17.4061682, 44.5435788], [17.4045007, 44.5446279], [17.4043052, 44.5447017], [17.4036727, 44.5449148], [17.4033162, 44.5450213], [17.4021317, 44.5459229], [17.4009932, 44.5469556], [17.4000962, 44.547562], [17.3970488, 44.5487668], [17.3935068, 44.5497584], [17.3932308, 44.5499305], [17.3933803, 44.5503485], [17.3934148, 44.5504878], [17.3935068, 44.5506025], [17.3936678, 44.5506927], [17.3938403, 44.5507664], [17.3940013, 44.5508484], [17.3941738, 44.5509303], [17.3943233, 44.5510041], [17.3946913, 44.5511516], [17.3948753, 44.5512172], [17.3950478, 44.5512663], [17.3952433, 44.5513155], [17.3954388, 44.5513565], [17.3956573, 44.5513974], [17.3958413, 44.5514466], [17.3960138, 44.5514876], [17.3962093, 44.5515368], [17.3966003, 44.5516023], [17.3967843, 44.5516433], [17.3969913, 44.5516843], [17.3971868, 44.5517252], [17.3974053, 44.5517744], [17.3975893, 44.5518154], [17.3977733, 44.55184], [17.3979918, 44.5518646], [17.3981988, 44.551881], [17.3985323, 44.5519137], [17.3978768, 44.5524546], [17.3977618, 44.5525775], [17.3976123, 44.5526759], [17.3975548, 44.552807], [17.397528, 44.55291], [17.3974168, 44.5530528], [17.3974628, 44.5531921], [17.3974042, 44.5533462], [17.3970373, 44.5534626], [17.3968648, 44.5535281], [17.3967153, 44.5536428], [17.3966003, 44.5537822], [17.3964968, 44.5539051], [17.3964393, 44.5540444], [17.3963588, 44.5542984], [17.3962668, 44.5544213], [17.3961173, 44.5545361], [17.3960253, 44.5546672], [17.3960023, 44.5548393], [17.3959908, 44.5549868], [17.3959563, 44.5551425], [17.3959563, 44.5552818], [17.3958988, 44.5554621], [17.3957953, 44.555585], [17.3956688, 44.5556915], [17.3955998, 44.5558226], [17.3955998, 44.5559619], [17.3955423, 44.5561012], [17.3954733, 44.5562405], [17.3954618, 44.5563798], [17.3953583, 44.5567322], [17.3953353, 44.5568879], [17.3952088, 44.5571665], [17.3950018, 44.5576172], [17.3961748, 44.5601737], [17.3958988, 44.5608128], [17.3954503, 44.5610586], [17.3950133, 44.5622958], [17.3949098, 44.5624269], [17.3947833, 44.5625417], [17.3946338, 44.5626482], [17.3943003, 44.5638198], [17.3945878, 44.5639755], [17.3949328, 44.5647538], [17.3924603, 44.5665563], [17.3914139, 44.5669823], [17.3903904, 44.5670397], [17.3901489, 44.5674248], [17.3899764, 44.5674248], [17.3890564, 44.5681703], [17.3884469, 44.5684652], [17.3880214, 44.568498], [17.3879131, 44.5685979], [17.3878237, 44.568679], [17.3876854, 44.5687195], [17.3875391, 44.5687195], [17.3874008, 44.5686964], [17.3872545, 44.5687022], [17.3871325, 44.5687601], [17.3870593, 44.5688412], [17.3869699, 44.5689165], [17.386856, 44.568986], [17.3867422, 44.5690498], [17.386669, 44.5691366], [17.386547, 44.5691888], [17.3864169, 44.5692177], [17.3862868, 44.5692583], [17.3861648, 44.5693046], [17.3860185, 44.5693046], [17.3859046, 44.5692525], [17.3857908, 44.5691946], [17.3856851, 44.5691193], [17.3857095, 44.5690266], [17.3857501, 44.5689397], [17.38562, 44.5689107], [17.3854899, 44.5689571], [17.3853679, 44.569015], [17.3852134, 44.569044], [17.3850671, 44.5690671], [17.3849207, 44.5690903], [17.3847906, 44.5691366], [17.3846767, 44.5692004], [17.3846036, 44.5692815], [17.3845385, 44.5693684], [17.3844816, 44.5694553], [17.3844165, 44.5695422], [17.3843433, 44.5696348], [17.3842783, 44.5697217], [17.3841726, 44.5697913], [17.3840262, 44.5697913], [17.3839124, 44.5697391], [17.383831, 44.5696638], [17.3837741, 44.5695827], [17.3837172, 44.5694958], [17.383644, 44.5694031], [17.3835546, 44.5693336], [17.3834489, 44.5692641], [17.3833188, 44.5692293], [17.3831724, 44.5692293], [17.3830423, 44.5692583], [17.3827495, 44.5693278], [17.3826032, 44.569351], [17.3824649, 44.5693684], [17.3823511, 44.5694205], [17.3822535, 44.5695074], [17.3821478, 44.5695827], [17.3820258, 44.5696464], [17.3819039, 44.5696928], [17.3817737, 44.5697449], [17.3816355, 44.569797], [17.381481, 44.5698608], [17.381359, 44.5699129], [17.3812371, 44.569965], [17.381107, 44.570023], [17.3809525, 44.5700519], [17.3808061, 44.5700693], [17.3806678, 44.5700867], [17.3803751, 44.5701504], [17.3802369, 44.5701794], [17.3800986, 44.5702257], [17.3799848, 44.5702837], [17.3799035, 44.5703763], [17.379814, 44.5704516], [17.3797083, 44.570527], [17.3795945, 44.5705965], [17.3794888, 44.570666], [17.3793668, 44.5707181], [17.3792367, 44.5707645], [17.3790984, 44.5708108], [17.3789602, 44.5708456], [17.378822, 44.5708687], [17.3786837, 44.5708803], [17.3785374, 44.5708977], [17.378391, 44.5709035], [17.3782446, 44.5709151], [17.3781064, 44.5709209], [17.37796, 44.5709093], [17.3779112, 44.5708166], [17.3779275, 44.5707181], [17.3779519, 44.5706254], [17.37796, 44.5705212], [17.37796, 44.5704285], [17.3779356, 44.570301], [17.3763581, 44.5712916], [17.3761792, 44.571645], [17.3761223, 44.5717319], [17.3760328, 44.5718245], [17.3759352, 44.5718998], [17.3758377, 44.5719809], [17.3757482, 44.5720678], [17.375675, 44.5721547], [17.3756181, 44.5722474], [17.375553, 44.5723459], [17.3755287, 44.5724444], [17.375488, 44.5725428], [17.3754311, 44.5726413], [17.375366, 44.5727398], [17.375301, 44.5728325], [17.3752847, 44.5729309], [17.3752847, 44.5730294], [17.3752928, 44.5731279], [17.3753254, 44.5732264], [17.3753741, 44.5733133], [17.3754636, 44.5733886], [17.3756018, 44.5733828], [17.3757075, 44.5733248], [17.375797, 44.5732495], [17.375919, 44.5732148], [17.3760572, 44.573209], [17.3761873, 44.5732264], [17.3763012, 44.5732785], [17.3763499, 44.5733712], [17.3763499, 44.573487], [17.3763418, 44.5735913], [17.3760572, 44.5738635], [17.3760165, 44.573962], [17.3759678, 44.5740605], [17.3759027, 44.5741474], [17.3758458, 44.5742343], [17.3757726, 44.5743212], [17.375675, 44.5744138], [17.3755856, 44.5744949], [17.3754961, 44.574576], [17.3753823, 44.5746745], [17.3753091, 44.5747614], [17.3752359, 44.5748541], [17.3751546, 44.5749583], [17.3750977, 44.5750684], [17.3750489, 44.5751726], [17.3750326, 44.5752711], [17.3750245, 44.5753754], [17.3750164, 44.575497], [17.3750164, 44.5756013], [17.3750082, 44.5756998], [17.3749594, 44.5758098], [17.37487, 44.5759025], [17.3747399, 44.5759778], [17.3746179, 44.5760531], [17.3744959, 44.5761342], [17.3742845, 44.5762732], [17.3741869, 44.5763427], [17.3740731, 44.5764122], [17.3739511, 44.5764528], [17.3737966, 44.5764643], [17.3736502, 44.5764817], [17.3735039, 44.5765049], [17.3733656, 44.5765107], [17.3732762, 44.5764354], [17.3732437, 44.5763369], [17.3732274, 44.5762442], [17.3731867, 44.5761516], [17.3729021, 44.5761226], [17.3729347, 44.575972], [17.3722028, 44.5755318], [17.3719507, 44.5754796], [17.3717962, 44.5754796], [17.3716499, 44.5754681], [17.3715198, 44.5755144], [17.3713734, 44.575526], [17.3713002, 44.5756071], [17.371162, 44.5756071], [17.3711132, 44.5755144], [17.3711294, 44.5754159], [17.3711376, 44.5753175], [17.371162, 44.575219], [17.3711701, 44.5751205], [17.371162, 44.575022], [17.3711945, 44.5749236], [17.3712351, 44.5748251], [17.3712433, 44.5747266], [17.3712433, 44.574634], [17.3712189, 44.5745297], [17.3713409, 44.5744254], [17.3713896, 44.5743385], [17.3713978, 44.5742459], [17.3713896, 44.5741474], [17.3713978, 44.5740489], [17.3714384, 44.573962], [17.3714791, 44.5738635], [17.3715198, 44.5737767], [17.3715767, 44.5736956], [17.3716661, 44.5736203], [17.37178, 44.5735508], [17.3718938, 44.5735044], [17.3720239, 44.5734754], [17.372154, 44.5734639], [17.3719833, 44.5731569], [17.3720077, 44.5731047], [17.3720564, 44.5730236], [17.3720564, 44.5729252], [17.3720158, 44.5728383], [17.371967, 44.5727456], [17.3719589, 44.5726471], [17.3719751, 44.5725428], [17.372032, 44.5724559], [17.372089, 44.5723517], [17.3721459, 44.5722532], [17.3721947, 44.5721663], [17.3722191, 44.5720736], [17.3722353, 44.5719809], [17.3722353, 44.5718883], [17.3722435, 44.5717956], [17.3722435, 44.571587], [17.3722353, 44.5714944], [17.3722028, 44.5714017], [17.372154, 44.571309], [17.3720971, 44.5712221], [17.3720158, 44.5711352], [17.3719426, 44.5710541], [17.3718532, 44.570973], [17.3717474, 44.5709093], [17.3716417, 44.5708456], [17.3715767, 44.5707065], [17.3715279, 44.5706138], [17.3714547, 44.5705327], [17.3713246, 44.5704922], [17.3711782, 44.5704748], [17.3710319, 44.5704748], [17.370853, 44.5705038], [17.3707229, 44.5705501], [17.3705927, 44.5705907], [17.3704545, 44.5706081], [17.3703163, 44.5705791], [17.3701943, 44.570527], [17.3700479, 44.5705212], [17.3699016, 44.5705617], [17.3697877, 44.5706196], [17.3696495, 44.5706312], [17.3695031, 44.5706776], [17.3694299, 44.5707645], [17.3692998, 44.570834], [17.3691616, 44.5708745], [17.3690396, 44.5709325], [17.3689014, 44.5709788], [17.3687469, 44.5710425], [17.3686086, 44.5711062], [17.3684704, 44.5711526], [17.3683484, 44.5712163], [17.3682102, 44.5712626], [17.3680719, 44.5712916], [17.3679337, 44.5713148], [17.3677955, 44.5713206], [17.3676491, 44.5713206], [17.3675027, 44.5713148], [17.3671124, 44.5712916], [17.3669742, 44.5712684], [17.3668522, 44.5712163], [17.3667628, 44.5711352], [17.3667546, 44.5710367], [17.3667628, 44.570944], [17.3666733, 44.5708745], [17.3665351, 44.5708571], [17.3663968, 44.5708571], [17.3662423, 44.5708629], [17.366096, 44.5708514], [17.3659659, 44.570805], [17.3657219, 44.5706949], [17.3656081, 44.5706428], [17.365478, 44.5705733], [17.3653804, 44.570498], [17.3653641, 44.5703995], [17.3653641, 44.5702026], [17.3653397, 44.5701099], [17.3652991, 44.570023], [17.3652747, 44.5699245], [17.3652747, 44.569826], [17.3652828, 44.5697159], [17.3652991, 44.5696175], [17.3653235, 44.5695132], [17.3653478, 44.5694147], [17.3653722, 44.569322], [17.3653804, 44.5692293], [17.3654292, 44.5691309], [17.3655186, 44.5690555], [17.3669579, 44.5681692], [17.3658764, 44.5673524], [17.3646729, 44.5669642], [17.3612983, 44.5624164], [17.3611763, 44.5624048], [17.3611844, 44.5620282], [17.361217, 44.5619355], [17.3612739, 44.5618312], [17.361339, 44.5617501], [17.3614203, 44.5616632], [17.3615016, 44.5615821], [17.3615748, 44.5614952], [17.3616561, 44.5614141], [17.3617455, 44.5613387], [17.361835, 44.5612634], [17.3619326, 44.5611997], [17.3621359, 44.5611012], [17.3598427, 44.5601452], [17.3583546, 44.5607014], [17.3565413, 44.5603422], [17.3562323, 44.5601626], [17.3557932, 44.5594673], [17.3553703, 44.5576596], [17.3535976, 44.5574741], [17.3504588, 44.5598381], [17.3484584, 44.5600988], [17.3472306, 44.5601568], [17.3452302, 44.5605102], [17.3444577, 44.5616748], [17.3440592, 44.5614488], [17.3437258, 44.5613503], [17.3436526, 44.5612576], [17.3435713, 44.5611765], [17.3435144, 44.5610896], [17.3433436, 44.5605739], [17.3427663, 44.560151], [17.3424085, 44.5599482], [17.342189, 44.5603943], [17.3410668, 44.5601336], [17.3406927, 44.5598787], [17.3398796, 44.5595426], [17.3377653, 44.5580536], [17.3365689, 44.5578682], [17.3363952, 44.5579116], [17.3361797, 44.5575398], [17.3359988, 44.5574338], [17.3355267, 44.5571843], [17.3351631, 44.5570088], [17.3346634, 44.5567571], [17.3342557, 44.5565405], [17.3336981, 44.5563138], [17.3334981, 44.5562383], [17.3333011, 44.5561009], [17.3330409, 44.555817], [17.3327807, 44.5552781], [17.3325774, 44.5550058], [17.3324066, 44.5546987], [17.3324229, 44.5544553], [17.3324635, 44.554351], [17.3325286, 44.5542641], [17.3325774, 44.5541772], [17.332618, 44.5540903], [17.3326587, 44.5539917], [17.3326993, 44.553899], [17.33274, 44.5538121], [17.3327725, 44.5537252], [17.3327888, 44.5536209], [17.332805, 44.5535282], [17.3328132, 44.5534355], [17.3328294, 44.553337], [17.3328294, 44.5532385], [17.3328213, 44.5531457], [17.332805, 44.5529024], [17.3328213, 44.5528039], [17.3329026, 44.5527285], [17.3330083, 44.5526706], [17.3330815, 44.5525895], [17.3330897, 44.5524967], [17.3330897, 44.5523924], [17.3330653, 44.5522997], [17.3330246, 44.5522012], [17.3330002, 44.5521027], [17.3329596, 44.5520042], [17.3328864, 44.5519231], [17.3328132, 44.5518304], [17.3327725, 44.5517376], [17.33274, 44.5516449], [17.332496, 44.5508163], [17.3320385, 44.5486701], [17.3287311, 44.5484345], [17.3273325, 44.54862], [17.3249092, 44.5486663], [17.3241077, 44.5502552], [17.3241565, 44.5504232], [17.3237499, 44.5511534], [17.3234224, 44.551945], [17.3232078, 44.5524911], [17.3230421, 44.5526738], [17.3225076, 44.5530026], [17.3220511, 44.5532356], [17.322026, 44.5532482], [17.3219366, 44.5533003], [17.3218634, 44.5533843], [17.3218309, 44.5534481], [17.3207778, 44.5541115], [17.3205013, 44.5541695], [17.3199525, 44.5544216], [17.3197614, 44.5544505], [17.3195337, 44.5543897], [17.3178626, 44.5559542], [17.3173463, 44.5562381], [17.3158704, 44.5575331], [17.3157891, 44.5574752], [17.3152077, 44.5579735], [17.3150897, 44.5580835], [17.3147767, 44.55824], [17.3146913, 44.55824], [17.314, 44.5588879], [17.3139838, 44.559251], [17.3139513, 44.5592945], [17.3139107, 44.5593351], [17.31387, 44.5593785], [17.3138253, 44.5594191], [17.3137806, 44.5594567], [17.313748, 44.5595031], [17.3137277, 44.5595552], [17.3137155, 44.5596074], [17.3137318, 44.5596595], [17.313748, 44.5597088], [17.3137562, 44.5597609], [17.3137562, 44.5598131], [17.3132954, 44.5599426], [17.3131544, 44.5607517], [17.3131869, 44.5615773], [17.3124502, 44.5620636], [17.3123738, 44.5621132], [17.3116867, 44.5617859], [17.3113777, 44.5616005], [17.3109792, 44.5612355], [17.3106051, 44.5607922], [17.3103937, 44.5608733], [17.3102961, 44.5604967], [17.3102677, 44.5603084], [17.3102636, 44.560068], [17.3102799, 44.5600216], [17.3103897, 44.5598131], [17.3099384, 44.5598044], [17.3097757, 44.5597348], [17.3097188, 44.5597059], [17.3095846, 44.5596306], [17.3095521, 44.5595871], [17.3095074, 44.5595118], [17.3094992, 44.5594625], [17.309487, 44.5593582], [17.309296, 44.5593698], [17.3088406, 44.5589642], [17.308617, 44.5588513], [17.3088447, 44.558576], [17.3079542, 44.5583037], [17.3078607, 44.5582805], [17.3077916, 44.5582603], [17.3074907, 44.5581154], [17.3063686, 44.5576693], [17.3058481, 44.557481], [17.3052179, 44.5573825], [17.3045985, 44.5575179], [17.3044447, 44.5572323], [17.304234, 44.5572666], [17.3041161, 44.5573477], [17.3040714, 44.5573854], [17.3040307, 44.5574288], [17.3039535, 44.5574636], [17.3038925, 44.5574925], [17.3038234, 44.5575215], [17.3037542, 44.5575563], [17.3036973, 44.5575881], [17.3036282, 44.5576316], [17.3035794, 44.5576722], [17.3035225, 44.5577069], [17.3034656, 44.5577446], [17.3034046, 44.5577851], [17.3033436, 44.5578141], [17.3032907, 44.5578489], [17.3032338, 44.5578837], [17.3031728, 44.5579126], [17.3030468, 44.5579648], [17.3029858, 44.5579995], [17.302933, 44.5580314], [17.3028598, 44.5580401], [17.3027906, 44.5580459], [17.3026443, 44.5580459], [17.302567, 44.5580546], [17.3024898, 44.5580662], [17.3024207, 44.5580835], [17.3023597, 44.5581154], [17.3023028, 44.558156], [17.3022418, 44.558182], [17.3021726, 44.558182], [17.3021157, 44.5581589], [17.3016, 44.5583225], [17.3003959, 44.5587441], [17.299786, 44.5583935], [17.2997454, 44.558353], [17.29966, 44.5582545], [17.2996274, 44.558211], [17.2995909, 44.5581647], [17.2995299, 44.5581241], [17.2994689, 44.5581009], [17.2993998, 44.5580835], [17.2993388, 44.5580633], [17.2992818, 44.5580372], [17.2992412, 44.5579995], [17.2991843, 44.5579677], [17.2991152, 44.5579445], [17.299042, 44.5579416], [17.2989688, 44.5579416], [17.2988997, 44.5579242], [17.298859, 44.5578808], [17.2988224, 44.5578373], [17.2987736, 44.5577967], [17.2987208, 44.557762], [17.2986557, 44.5577272], [17.2983556, 44.5579423], [17.2980407, 44.5581562], [17.2977663, 44.558366], [17.2972489, 44.5580053], [17.2971351, 44.558043], [17.2970741, 44.5580749], [17.2970091, 44.558098], [17.2969318, 44.5580951], [17.2968749, 44.5580604], [17.2968342, 44.5580169], [17.2968017, 44.5579735], [17.2967732, 44.55793], [17.2967488, 44.5578837], [17.2966919, 44.5577967], [17.2966391, 44.5577562], [17.2965252, 44.5576866], [17.2964642, 44.5576606], [17.2964073, 44.5576316], [17.2963545, 44.5575968], [17.2963097, 44.5575592], [17.2962731, 44.5575157], [17.2962447, 44.5574752], [17.2962122, 44.5574317], [17.2961796, 44.5573882], [17.2961674, 44.557368], [17.2959519, 44.5574839], [17.2954722, 44.5574839], [17.2950493, 44.5573882], [17.2945126, 44.5574578], [17.2941752, 44.5575679], [17.2941101, 44.5575939], [17.2940451, 44.5576142], [17.2939719, 44.5576316], [17.2939028, 44.5576374], [17.2938296, 44.5576345], [17.2937523, 44.5576229], [17.2936914, 44.5575968], [17.2936344, 44.5575708], [17.2935775, 44.5575389], [17.2935165, 44.5575041], [17.2934677, 44.5574636], [17.2927156, 44.5570029], [17.2926342, 44.5569276], [17.2926017, 44.5568813], [17.2925611, 44.5568436], [17.2925123, 44.5568088], [17.2924553, 44.5567828], [17.2923862, 44.5567625], [17.292313, 44.5567538], [17.2921707, 44.5567451], [17.2921016, 44.556748], [17.2920325, 44.5567654], [17.2919715, 44.5567943], [17.2919105, 44.5568349], [17.2918658, 44.5568755], [17.2918251, 44.5569247], [17.291073, 44.5575534], [17.2909673, 44.5575331], [17.2900524, 44.5576154], [17.289676, 44.5577094], [17.2891336, 44.5578721], [17.2891742, 44.557985], [17.2887717, 44.5580951], [17.2889628, 44.5586456], [17.2891946, 44.5588744], [17.2889059, 44.5597609], [17.2889669, 44.5601897], [17.2892149, 44.5600912], [17.2892068, 44.5603519], [17.2892068, 44.5604011], [17.2892759, 44.56063], [17.2894507, 44.5608704], [17.289654, 44.561108], [17.289715, 44.5610761], [17.289963, 44.5613484], [17.2900118, 44.5613832], [17.2906013, 44.5619104], [17.2908006, 44.5620871], [17.2908331, 44.5621972], [17.2908534, 44.5622262], [17.2908026, 44.5622189], [17.290766, 44.5622175], [17.2906989, 44.5622436], [17.2906725, 44.562261], [17.2906501, 44.5622798], [17.2906298, 44.5623001], [17.2906115, 44.5623232], [17.2905973, 44.5623479], [17.2905952, 44.5623754], [17.2905973, 44.5624014], [17.2906095, 44.5624246], [17.2906237, 44.5624478], [17.2907009, 44.5625854], [17.290396, 44.56271], [17.2899264, 44.5628374], [17.2898634, 44.5627563], [17.2897536, 44.5627838], [17.2897292, 44.562807], [17.289469, 44.5629692], [17.2893084, 44.5630605], [17.2892759, 44.563075], [17.2892047, 44.5631228], [17.2891702, 44.5632053], [17.2891702, 44.5632314], [17.2891559, 44.5634602], [17.2891173, 44.5635993], [17.2890197, 44.5638006], [17.2888734, 44.5639614], [17.2887107, 44.5640729], [17.2886843, 44.5640917], [17.2884729, 44.5641757], [17.2884891, 44.5643351], [17.2884769, 44.5644191], [17.2884607, 44.5644408], [17.2883977, 44.5644871], [17.2882696, 44.5646189], [17.288046, 44.5647927], [17.2879179, 44.5648825], [17.2878915, 44.5648999], [17.2877288, 44.5649434], [17.2876333, 44.5649448], [17.2875947, 44.5649434], [17.2873426, 44.564939], [17.2873995, 44.5648652], [17.2872653, 44.5648941], [17.2870966, 44.5649579], [17.2869706, 44.5650839], [17.2868791, 44.565149], [17.2868465, 44.565165], [17.2868161, 44.5651766], [17.2867835, 44.5651867], [17.286749, 44.5651954], [17.2867124, 44.5652055], [17.2866778, 44.5652128], [17.2866392, 44.5652186], [17.286566, 44.5652272], [17.2865193, 44.5652301], [17.2864827, 44.5652345], [17.2864481, 44.5652374], [17.2864095, 44.5652417], [17.2861411, 44.5652866], [17.2861086, 44.5652953], [17.2858057, 44.5653663], [17.2855089, 44.5654735], [17.2852995, 44.5656603], [17.2851979, 44.565824], [17.2851348, 44.565921], [17.2850657, 44.5659963], [17.2850678, 44.5661513], [17.2851552, 44.5663859], [17.2851572, 44.5665134], [17.2851572, 44.5665394], [17.2851511, 44.5665945], [17.2851226, 44.5666452], [17.2850108, 44.5665322], [17.2850861, 44.5664714], [17.2848828, 44.5663454], [17.2846571, 44.5662556], [17.2842383, 44.5660774], [17.2841286, 44.5660296], [17.2835116, 44.5664502], [17.2836424, 44.5665888], [17.2837225, 44.5666453], [17.2837882, 44.5666887], [17.2828844, 44.5670521], [17.2832991, 44.567559], [17.2821831, 44.5679399], [17.2823498, 44.5680804], [17.2824087, 44.568176], [17.2824229, 44.5681977], [17.2825673, 44.5684816], [17.2825795, 44.5686177], [17.2825754, 44.5686424], [17.2825693, 44.568667], [17.2825612, 44.5686945], [17.282549, 44.5687206], [17.2825348, 44.5687452], [17.2825185, 44.5687669], [17.2824961, 44.5687915], [17.2824778, 44.5688132], [17.2824555, 44.568835], [17.2824331, 44.5688567], [17.2824087, 44.568877], [17.2823823, 44.5688972], [17.2823477, 44.5689161], [17.2823172, 44.568932], [17.2822867, 44.5689465], [17.2822278, 44.5689798], [17.2821993, 44.5689972], [17.2821485, 44.5690392], [17.2821282, 44.5690609], [17.2820936, 44.5691116], [17.2820814, 44.5691362], [17.2820753, 44.5691623], [17.2820733, 44.5691869], [17.2820245, 44.5696735], [17.2820347, 44.569843], [17.2820367, 44.569898], [17.2820408, 44.5699226], [17.2820509, 44.5700095], [17.282055, 44.5700399], [17.282057, 44.570066], [17.282057, 44.5701181], [17.2820489, 44.570205], [17.2819574, 44.5704642], [17.2819472, 44.5704903], [17.2819391, 44.5705164], [17.2818639, 44.5707177], [17.2819102, 44.5708536], [17.2819735, 44.5709314], [17.2820885, 44.5710584], [17.2821517, 44.5711198], [17.2822035, 44.5711812], [17.2822725, 44.5712345], [17.2823817, 44.5713287], [17.282537, 44.5714147], [17.2826807, 44.5714721], [17.282767, 44.5715048], [17.2829165, 44.5715499], [17.2830142, 44.5715786], [17.2831177, 44.5716113], [17.2832902, 44.5716769], [17.2833707, 44.5717137], [17.283457, 44.5717506], [17.2835432, 44.5717916], [17.2836237, 44.5718366], [17.283687, 44.5718858], [17.283733, 44.5719472], [17.283779, 44.5720128], [17.283802, 44.5720824], [17.2838077, 44.5721561], [17.2838077, 44.5723077], [17.2836237, 44.5735938], [17.2837985, 44.5736182], [17.2836949, 44.5738021], [17.2836075, 44.5738195], [17.2835343, 44.5736356], [17.2831236, 44.5736371], [17.2828715, 44.5735922], [17.2828268, 44.5735473], [17.2828289, 44.5729738], [17.2828207, 44.5729477], [17.2828004, 44.5729275], [17.2827719, 44.5729144], [17.2827353, 44.5729086], [17.2826987, 44.5729086], [17.2826581, 44.5729101], [17.2825503, 44.5729101], [17.2825219, 44.5728985], [17.2825016, 44.5728782], [17.2824731, 44.5728304], [17.2824629, 44.5728073], [17.2824345, 44.5727884], [17.282404, 44.5727769], [17.2823674, 44.5727711], [17.2823308, 44.5727711], [17.2822962, 44.5727754], [17.2822596, 44.5727812], [17.282223, 44.5727884], [17.2817738, 44.5728681], [17.2815786, 44.5729], [17.2815481, 44.5729115], [17.2812147, 44.5730592], [17.2809972, 44.5732432], [17.2806109, 44.5729941], [17.2802511, 44.5728102], [17.2799299, 44.5726972], [17.2793485, 44.572648], [17.2790903, 44.5728275], [17.277893, 44.5731925], [17.2777019, 44.5732837], [17.2772079, 44.5736921], [17.276868, 44.5736017], [17.276431, 44.5735812], [17.2763218, 44.5735812], [17.2761205, 44.573573], [17.276017, 44.573573], [17.2759193, 44.5735894], [17.2758215, 44.5736139], [17.275718, 44.5736221], [17.2756203, 44.5736426], [17.2755398, 44.5736959], [17.2754593, 44.573745], [17.2753845, 44.5737942], [17.2752753, 44.5738515], [17.2752005, 44.5738966], [17.2751315, 44.5739498], [17.2750395, 44.5739211], [17.275005, 44.5738597], [17.2749188, 44.5738269], [17.2748728, 44.5737655], [17.2748555, 44.5736959], [17.2748325, 44.5736303], [17.2748038, 44.5735607], [17.2747578, 44.5734993], [17.2747175, 44.5734378], [17.27466, 44.5733805], [17.2745738, 44.5733436], [17.2744703, 44.5733354], [17.2743725, 44.5733559], [17.2742978, 44.573401], [17.2742345, 44.5734583], [17.2741713, 44.5735238], [17.2740965, 44.5735771], [17.2740103, 44.5736262], [17.273924, 44.573659], [17.273832, 44.5736836], [17.2737458, 44.5737245], [17.2736538, 44.5737573], [17.2735618, 44.5738106], [17.273464, 44.5738556], [17.2733778, 44.5739007], [17.2732915, 44.5739375], [17.2732053, 44.5739785], [17.2731248, 44.5740235], [17.272889, 44.5741792], [17.27282, 44.5742324], [17.2727338, 44.5742939], [17.2725095, 44.5744413], [17.2724405, 44.5744946], [17.2723486, 44.5745273], [17.2722451, 44.5745355], [17.2721358, 44.5745355], [17.2719288, 44.5745191], [17.2718311, 44.5744946], [17.2717276, 44.5744782], [17.2716298, 44.5744536], [17.2715263, 44.5744413], [17.2714171, 44.5744372], [17.2713078, 44.5744372], [17.2712043, 44.5744577], [17.2710261, 44.5745069], [17.2709341, 44.5745396], [17.2708536, 44.5745765], [17.2707788, 44.5746256], [17.2707041, 44.5746871], [17.2706466, 44.5747485], [17.2705833, 44.57481], [17.2704971, 44.574855], [17.2703936, 44.5748919], [17.2702958, 44.5749246], [17.2702038, 44.5749533], [17.2701003, 44.5749984], [17.2700141, 44.5750393], [17.2699278, 44.5750885], [17.2698301, 44.5751499], [17.2697438, 44.5751868], [17.2696518, 44.5752154], [17.2695483, 44.5752482], [17.2694621, 44.5752769], [17.2684271, 44.5758872], [17.2679729, 44.5763623], [17.2651554, 44.5772224], [17.2648046, 44.5769562], [17.2640801, 44.5767022], [17.2632982, 44.5767063], [17.2624702, 44.5768824], [17.2621309, 44.5770463], [17.2620677, 44.5771118], [17.2620447, 44.5771814], [17.2620274, 44.577251], [17.2619929, 44.5773207], [17.2619009, 44.5774026], [17.2618204, 44.5774476], [17.2615387, 44.5774026], [17.2612187, 44.5776555], [17.2593882, 44.5791023], [17.2588995, 44.5796716], [17.2581807, 44.58072], [17.257393, 44.5808306], [17.2566282, 44.5811418], [17.2534428, 44.5841437], [17.2529195, 44.5846392], [17.253391, 44.5850283], [17.2537015, 44.5855729], [17.2544203, 44.5866499], [17.2543513, 44.5867973], [17.2544663, 44.5870144], [17.254288, 44.5872806], [17.2542535, 44.5873584], [17.2542593, 44.5874321], [17.2542938, 44.5874976], [17.2543283, 44.5875672], [17.2543513, 44.5876368], [17.254357, 44.5877064], [17.2543455, 44.5877761], [17.254334, 44.5878498], [17.254334, 44.5879194], [17.2543455, 44.587989], [17.2543628, 44.5880627], [17.2543915, 44.5881323], [17.2543915, 44.5882715], [17.2543513, 44.588595], [17.2543398, 44.5886687], [17.254311, 44.5887425], [17.2542708, 44.588808], [17.2542248, 44.5888735], [17.2541845, 44.5889431], [17.2541673, 44.5890168], [17.2541673, 44.5890864], [17.254196, 44.5891519], [17.2542363, 44.5892134], [17.2542363, 44.5894181], [17.2542133, 44.5894959], [17.254173, 44.5895614], [17.254081, 44.5896515], [17.2540408, 44.5897129], [17.2540408, 44.5897866], [17.2540638, 44.5898522], [17.2541155, 44.5899136], [17.2541845, 44.5899791], [17.254311, 44.5900897], [17.25438, 44.590147], [17.254449, 44.5901961], [17.2548918, 44.5907284], [17.254955, 44.5907899], [17.2550125, 44.5908513], [17.2550758, 44.5909168], [17.255139, 44.5909741], [17.255208, 44.5910315], [17.2552712, 44.5910847], [17.2553402, 44.5911379], [17.255415, 44.5911912], [17.2554897, 44.5912485], [17.255553, 44.5913058], [17.2556105, 44.5913713], [17.2556795, 44.5915024], [17.255714, 44.5915761], [17.2557542, 44.5916375], [17.255806, 44.591703], [17.2558865, 44.5917562], [17.2559612, 44.5917972], [17.256381, 44.5922435], [17.256956, 44.5926448], [17.2574217, 44.5928045], [17.2579162, 44.5929396], [17.258106, 44.5931156], [17.2581462, 44.5933245], [17.2581922, 44.5934842], [17.2583302, 44.5935497], [17.258543, 44.5935497], [17.2587097, 44.593476], [17.258911, 44.5934514], [17.2590087, 44.5934514], [17.2591985, 44.5934678], [17.259279, 44.5935005], [17.2593652, 44.5935374], [17.2596584, 44.5937585], [17.2598769, 44.5940246], [17.2599114, 44.5941024], [17.2600149, 44.5943727], [17.2600437, 44.5944423], [17.2601414, 44.5945733], [17.2602047, 44.5946306], [17.2603484, 44.5947166], [17.2604289, 44.5947657], [17.2605324, 44.5948681], [17.2605209, 44.5950564], [17.2604577, 44.5951916], [17.2604979, 44.595384], [17.2605382, 44.5954454], [17.2606647, 44.5957484], [17.2606704, 44.5958303], [17.2606704, 44.5959941], [17.2606589, 44.5960637], [17.2606417, 44.5962029], [17.2606704, 44.5962725], [17.2607912, 44.5963503], [17.2608832, 44.596383], [17.2612224, 44.5964444], [17.2612972, 44.5964895], [17.2614582, 44.5965877], [17.2616824, 44.5966942], [17.2617399, 44.5967597], [17.2622517, 44.5975581], [17.2629417, 44.59877], [17.2635339, 44.5996871], [17.2635857, 44.600076], [17.2635857, 44.6002562], [17.2635627, 44.6003299], [17.2635397, 44.6004076], [17.2635109, 44.6004854], [17.2634764, 44.6005755], [17.2635109, 44.6006738], [17.2635857, 44.6007393], [17.2636374, 44.6008252], [17.2636317, 44.6008948], [17.2636087, 44.6009685], [17.2635799, 44.6010381], [17.2637122, 44.6012715], [17.2637237, 44.6014066], [17.2637352, 44.6014762], [17.2637754, 44.6015458], [17.2638329, 44.6016031], [17.2638961, 44.6016645], [17.2639651, 44.6017177], [17.2640456, 44.6017587], [17.2641261, 44.6017955], [17.2642354, 44.6018283], [17.2643331, 44.601861], [17.2644309, 44.6018979], [17.2645171, 44.6019347], [17.2646034, 44.601992], [17.2646609, 44.6020452], [17.2647126, 44.6021026], [17.2647931, 44.6022254], [17.2648334, 44.602295], [17.2649311, 44.602426], [17.2649886, 44.6024833], [17.2650519, 44.6025447], [17.2651554, 44.6026102], [17.2652244, 44.6026593], [17.2653049, 44.6027126], [17.2653796, 44.6027576], [17.2654601, 44.6027985], [17.2655406, 44.6028272], [17.2656269, 44.6028477], [17.2657131, 44.6028804], [17.2667654, 44.6030974], [17.2668574, 44.603126], [17.2669666, 44.6031465], [17.2670586, 44.6031711], [17.2671736, 44.6031997], [17.2672714, 44.6032325], [17.2673634, 44.6032734], [17.2674496, 44.6033103], [17.2675359, 44.603343], [17.2676164, 44.6033881], [17.2676911, 44.6034249], [17.2677659, 44.6034658], [17.2678579, 44.603515], [17.2679326, 44.60356], [17.2680016, 44.603605], [17.2680706, 44.6036582], [17.2681453, 44.6037074], [17.2682201, 44.6037688], [17.2682891, 44.603822], [17.2684788, 44.6039939], [17.2701521, 44.6057215], [17.2704396, 44.6060899], [17.2703361, 44.6061677], [17.2702153, 44.606225], [17.2701291, 44.6062701], [17.2700716, 44.6063315], [17.2700773, 44.6064256], [17.2701233, 44.6064829], [17.2701981, 44.6065361], [17.2702556, 44.6065894], [17.2703016, 44.606663], [17.2703418, 44.6067367], [17.2703993, 44.6067981], [17.2704626, 44.6068473], [17.2706466, 44.6069128], [17.2707098, 44.6069619], [17.2707673, 44.6070315], [17.2708248, 44.6070929], [17.2709053, 44.6071461], [17.2709973, 44.607187], [17.2710836, 44.6072116], [17.2711698, 44.6072443], [17.2712561, 44.607273], [17.2713423, 44.6073221], [17.2714171, 44.6073631], [17.2715206, 44.6073753], [17.2716126, 44.6073467], [17.2717161, 44.6073344], [17.2718023, 44.6073753], [17.2718656, 44.6074286], [17.2718886, 44.6074981], [17.2719173, 44.6075718], [17.2719461, 44.6076373], [17.2719921, 44.6077069], [17.2720611, 44.6077642], [17.273119, 44.608235], [17.2740563, 44.6088899], [17.2745245, 44.6097061], [17.2748579, 44.6098566], [17.2752157, 44.6104007], [17.2761834, 44.6107191], [17.2762891, 44.6107886], [17.2763704, 44.6108812], [17.2763786, 44.6109854], [17.2763216, 44.6110896], [17.2763298, 44.6112228], [17.2763948, 44.6113096], [17.2764843, 44.6113848], [17.2765818, 44.6114948], [17.2781594, 44.6139492], [17.2787042, 44.6147191], [17.2788587, 44.6156047], [17.2784684, 44.6158536], [17.278509, 44.615952], [17.2786148, 44.6160215], [17.2787205, 44.6160852], [17.2788343, 44.6161662], [17.2789075, 44.6162472], [17.2789807, 44.6163456], [17.2790295, 44.616444], [17.2790295, 44.6165482], [17.2790457, 44.6168319], [17.2790376, 44.616936], [17.2790132, 44.6170344], [17.2789726, 44.6171328], [17.2790213, 44.617237], [17.2791189, 44.6173123], [17.2792572, 44.6173412], [17.2793954, 44.6173586], [17.2794767, 44.6174454], [17.2795743, 44.6175264], [17.2797044, 44.617538], [17.2798426, 44.617538], [17.2799646, 44.6175785], [17.2800866, 44.6176248], [17.2802248, 44.6176538], [17.2803793, 44.617648], [17.280485, 44.6175959], [17.2803549, 44.6179142], [17.2804606, 44.6179606], [17.2804688, 44.618522], [17.2804688, 44.618632], [17.2804769, 44.6187362], [17.2804769, 44.6188403], [17.280485, 44.6189445], [17.280485, 44.6195696], [17.2807778, 44.6203163], [17.2810868, 44.6204378], [17.2811437, 44.6206751], [17.2825261, 44.6219774], [17.2836401, 44.6227587], [17.283754, 44.6228224], [17.2842988, 44.6230076], [17.2845346, 44.6233028], [17.2846403, 44.623459], [17.2848842, 44.6232333], [17.2850875, 44.6233028], [17.2852502, 44.6235169], [17.2854128, 44.6239568], [17.2854678, 44.6242384], [17.2856614, 44.6243416], [17.2862666, 44.6246513], [17.2869822, 44.625039], [17.2876734, 44.6257104], [17.2883483, 44.6258724], [17.2884052, 44.6259708], [17.2884215, 44.626075], [17.2883483, 44.6261618], [17.288202, 44.6261791], [17.2880718, 44.6262196], [17.287958, 44.6262717], [17.2883321, 44.6265553], [17.2888362, 44.6266479], [17.2891208, 44.6266711], [17.2892428, 44.6269546], [17.2895762, 44.6271167], [17.2902918, 44.6279558], [17.290365, 44.6277996], [17.2908122, 44.6280137], [17.2908773, 44.628141], [17.2911944, 44.6282799], [17.2913245, 44.6287024], [17.2916416, 44.6286213], [17.2919018, 44.62931], [17.2919669, 44.629391], [17.2920401, 44.6294778], [17.2921133, 44.6295646], [17.2921946, 44.6296456], [17.2922922, 44.6297324], [17.2923735, 44.6298077], [17.2924792, 44.6298771], [17.2926093, 44.6299292], [17.2925605, 44.6301028], [17.2912188, 44.629825], [17.2910806, 44.6299176], [17.2900722, 44.6297845], [17.2897876, 44.6297845], [17.2896413, 44.6298135], [17.2895355, 44.6298887], [17.2894298, 44.6299639], [17.2893404, 44.6300507], [17.2892835, 44.6301549], [17.2892835, 44.6303632], [17.2892916, 44.6304616], [17.2892162, 44.6308301], [17.289072, 44.6311502], [17.2885435, 44.6313586], [17.2884459, 44.6314338], [17.2884052, 44.6315264], [17.2883565, 44.6316248], [17.2882833, 44.6317173], [17.2881613, 44.6317752], [17.2880231, 44.6318273], [17.287893, 44.6318678], [17.2877628, 44.6319083], [17.2871123, 44.6320935], [17.2868033, 44.6325333], [17.2865838, 44.6328805], [17.2862666, 44.6329731], [17.285795, 44.6331119], [17.2852664, 44.6333608], [17.2846322, 44.6338121], [17.28425, 44.6341362], [17.2839889, 44.6343635], [17.2838768, 44.6345497], [17.2838279, 44.6346704], [17.2838109, 44.6347184], [17.2837426, 44.6347698], [17.2836852, 44.6348121], [17.2836293, 44.6348577], [17.2835724, 44.6349181], [17.2835398, 44.6349659], [17.2835215, 44.6350013], [17.2835123, 44.635037], [17.2835122, 44.6350895], [17.2834857, 44.6351212], [17.2834662, 44.6351575], [17.2834641, 44.6351984], [17.2834642, 44.6352476], [17.2834467, 44.6353003], [17.2834177, 44.6353331], [17.2832802, 44.6352895], [17.2832626, 44.6353251], [17.2832339, 44.635368], [17.283191, 44.6354071], [17.2831478, 44.63547], [17.2830918, 44.6356286], [17.283086, 44.6357273], [17.2830695, 44.6357564], [17.2827973, 44.6358977], [17.2827102, 44.6359248], [17.2826268, 44.6359411], [17.2825319, 44.6359442], [17.2823024, 44.6359395], [17.2814284, 44.635915], [17.2813278, 44.635915], [17.2812789, 44.635917], [17.2812329, 44.6359231], [17.281184, 44.6359334], [17.2811409, 44.6359436], [17.2810834, 44.6359579], [17.2810403, 44.6359681], [17.2809943, 44.6359804], [17.2809483, 44.6359988], [17.2809052, 44.6360172], [17.2808649, 44.6360336], [17.2808247, 44.6360561], [17.2807902, 44.6360786], [17.2807586, 44.6361052], [17.2807298, 44.6361318], [17.2806982, 44.6361564], [17.2806286, 44.6362081], [17.2805984, 44.6362369], [17.2805652, 44.6362685], [17.2805355, 44.6362962], [17.2805062, 44.6363275], [17.2804797, 44.6363548], [17.2804394, 44.6363834], [17.2804107, 44.636408], [17.2801663, 44.636496], [17.2799018, 44.6365901], [17.2798501, 44.6366003], [17.2795108, 44.6366739], [17.2794648, 44.6366821], [17.2794102, 44.6366903], [17.2793642, 44.6366985], [17.2792089, 44.636723], [17.2791629, 44.6367271], [17.2791083, 44.6367333], [17.2790106, 44.6367333], [17.2789646, 44.6367292], [17.2789157, 44.6367251], [17.2788668, 44.6367169], [17.2788179, 44.6367108], [17.2787748, 44.6367005], [17.2787259, 44.6366862], [17.278634, 44.6366555], [17.2785908, 44.6366392], [17.2785506, 44.6366228], [17.2785075, 44.6366064], [17.2784615, 44.6366003], [17.278358, 44.6366003], [17.2783062, 44.6366064], [17.2782602, 44.6366085], [17.2776277, 44.6367353], [17.2768083, 44.6368806], [17.276748, 44.6368949], [17.2764059, 44.6369951], [17.2754715, 44.6371076], [17.275138, 44.6370831], [17.2750345, 44.6370831], [17.2749367, 44.6370872], [17.274885, 44.6370913], [17.2747815, 44.6370913], [17.2747269, 44.6370954], [17.274678, 44.6371015], [17.2746262, 44.6371076], [17.2745774, 44.6371199], [17.2745314, 44.6371322], [17.2744911, 44.6371465], [17.274448, 44.6371567], [17.274402, 44.637167], [17.2743531, 44.6371792], [17.2743043, 44.6371874], [17.2740656, 44.6372652], [17.2740283, 44.6372815], [17.2739934, 44.637298], [17.2739478, 44.6373163], [17.2739075, 44.6373306], [17.2738644, 44.6373449], [17.2737753, 44.6373859], [17.273735, 44.6374084], [17.2736948, 44.6374288], [17.2736516, 44.6374493], [17.2735711, 44.6374902], [17.2735309, 44.6375086], [17.2734849, 44.6375331], [17.2734475, 44.6375536], [17.2734073, 44.63757], [17.2733641, 44.6375904], [17.2732721, 44.6376252], [17.2732261, 44.6376395], [17.2731859, 44.6376559], [17.2731428, 44.6376702], [17.2731025, 44.6376845], [17.273022, 44.6377173], [17.2729818, 44.6377357], [17.2729444, 44.6377541], [17.2729099, 44.6377766], [17.2728725, 44.6377991], [17.272838, 44.6378236], [17.2725563, 44.6379607], [17.2723349, 44.6380507], [17.2722458, 44.6380507], [17.2721624, 44.6381325], [17.2720992, 44.6382164], [17.2720043, 44.6382757], [17.2718577, 44.6383003], [17.2715788, 44.6383862], [17.2715385, 44.6384046], [17.2714954, 44.6384189], [17.2714523, 44.6384353], [17.271412, 44.6384496], [17.2713258, 44.6384783], [17.2712798, 44.6384926], [17.2712338, 44.6385049], [17.2711907, 44.6385171], [17.2711418, 44.6385274], [17.2710929, 44.6385396], [17.2710009, 44.6385642], [17.2709578, 44.6385765], [17.2709118, 44.6385928], [17.2708687, 44.6386153], [17.2708313, 44.6386337], [17.2707393, 44.6386849], [17.2707019, 44.6387074], [17.2703282, 44.6388649], [17.2692874, 44.6393231], [17.2690488, 44.6394459], [17.2685514, 44.6397711], [17.2682611, 44.6399225], [17.2681202, 44.6400125], [17.2680224, 44.6401741], [17.2679678, 44.6404043], [17.2678169, 44.6407643], [17.2675107, 44.6410609], [17.2674935, 44.6410742], [17.2674791, 44.6410865], [17.2674633, 44.6410987], [17.267446, 44.641109], [17.2674245, 44.6411182], [17.2673813, 44.6411335], [17.2673598, 44.6411397], [17.2673368, 44.6411448], [17.2673123, 44.6411468], [17.2672879, 44.6411468], [17.2672649, 44.6411437], [17.2672419, 44.6411386], [17.2672189, 44.6411325], [17.2671945, 44.6411264], [17.2671542, 44.641112], [17.2668911, 44.6409995], [17.2668696, 44.6409924], [17.2668466, 44.6409852], [17.2667718, 44.6409688], [17.2667474, 44.6409648], [17.266723, 44.6409617], [17.2666741, 44.6409596], [17.2666482, 44.6409596], [17.2666195, 44.6409586], [17.2665936, 44.6409566], [17.2665447, 44.6409566], [17.2665174, 44.6409576], [17.2664901, 44.6409596], [17.2664671, 44.6409637], [17.2664427, 44.6409709], [17.2659597, 44.6411079], [17.2659381, 44.6411151], [17.2658921, 44.6411284], [17.265872, 44.6411345], [17.2658475, 44.6411407], [17.2658217, 44.6411458], [17.2657972, 44.6411458], [17.2657469, 44.6411437], [17.2657239, 44.6411417], [17.2656966, 44.6411397], [17.2656736, 44.6411366], [17.2656492, 44.6411345], [17.2651044, 44.6409463], [17.2650066, 44.6410721], [17.264837, 44.6412051], [17.2648183, 44.6412153], [17.2647982, 44.6412235], [17.2645193, 44.6413544], [17.2644963, 44.6413626], [17.2644733, 44.6413688], [17.2644517, 44.6413769], [17.2644259, 44.6413851], [17.2644, 44.6413913], [17.2643698, 44.6413974], [17.2643238, 44.6414097], [17.2642663, 44.6414219], [17.2642404, 44.641426], [17.2642102, 44.6414312], [17.2641858, 44.6414363], [17.2641542, 44.6414414], [17.264124, 44.6414465], [17.2640737, 44.6414526], [17.2640507, 44.6414567], [17.2640248, 44.6414608], [17.2639946, 44.6414659], [17.2639227, 44.6414731], [17.2638681, 44.6414731], [17.2638422, 44.641471], [17.2636079, 44.6414301], [17.2631422, 44.6412961], [17.2631091, 44.64129], [17.2627454, 44.6411253], [17.2624522, 44.6408707], [17.262376, 44.6407827], [17.2622869, 44.6408359], [17.2619778, 44.6405106], [17.2617636, 44.64057], [17.2617392, 44.6405761], [17.2612548, 44.640753], [17.2608092, 44.6410292], [17.2607919, 44.6410435], [17.2604124, 44.6412808], [17.2601479, 44.6416265], [17.2601494, 44.6417523], [17.2600775, 44.6419252], [17.2600027, 44.6421931], [17.259997, 44.6422197], [17.260053, 44.6423118], [17.2600099, 44.6425153], [17.2600027, 44.6425429], [17.2600099, 44.6427915], [17.260053, 44.6428948], [17.2598992, 44.6432548], [17.2597497, 44.6431607], [17.2597368, 44.6431954], [17.2595024, 44.643499], [17.2594902, 44.6435482], [17.2594861, 44.6435944], [17.2594861, 44.6437883], [17.2594739, 44.6438374], [17.2594251, 44.6438722], [17.2593682, 44.6438953], [17.2593072, 44.6439213], [17.2592544, 44.6439532], [17.2592015, 44.6439792], [17.2591568, 44.644011], [17.2591121, 44.6440515], [17.2590795, 44.6440978], [17.2590673, 44.6441441], [17.2590755, 44.6441933], [17.2590877, 44.6442395], [17.2590958, 44.6442887], [17.2591121, 44.6443379], [17.2591405, 44.6443842], [17.259169, 44.6444276], [17.2591893, 44.6444767], [17.2591852, 44.6445259], [17.2591771, 44.6445751], [17.2591527, 44.6446214], [17.2591039, 44.6446619], [17.2590389, 44.644685], [17.2589819, 44.6447082], [17.2589738, 44.6448065], [17.2589657, 44.6448557], [17.2589576, 44.6449049], [17.2589982, 44.6450611], [17.2589982, 44.6451565], [17.2590267, 44.6452057], [17.2590877, 44.6452549], [17.2590551, 44.6452925], [17.2590023, 44.6453156], [17.2589941, 44.6453619], [17.2590389, 44.6453966], [17.2590999, 44.6454256], [17.2591283, 44.6454805], [17.2591243, 44.6455297], [17.259108, 44.6455789], [17.2590836, 44.6456252], [17.2590592, 44.6456685], [17.2590307, 44.6457119], [17.2590063, 44.6457582], [17.2590023, 44.6458074], [17.2590226, 44.6458566], [17.2590511, 44.6458971], [17.2590633, 44.6459462], [17.2590551, 44.6459983], [17.2590348, 44.6460417], [17.2590104, 44.6460851], [17.2589941, 44.6461314], [17.2589738, 44.6461805], [17.2589738, 44.6462268], [17.2589901, 44.6462789], [17.2590185, 44.6463888], [17.2590389, 44.6464322], [17.2590511, 44.6464814], [17.2590511, 44.6465306], [17.2590429, 44.6465797], [17.2590226, 44.646626], [17.2589901, 44.6466665], [17.2589657, 44.6467128], [17.2589494, 44.6467591], [17.2589616, 44.6468111], [17.258986, 44.6468574], [17.2590023, 44.6469037], [17.2590104, 44.6469587], [17.2590023, 44.6470512], [17.2589901, 44.6470975], [17.2589901, 44.6471438], [17.2590023, 44.647193], [17.2590307, 44.6472364], [17.2590551, 44.6472826], [17.2590755, 44.6473289], [17.2590795, 44.647381], [17.2590795, 44.6474273], [17.2590551, 44.6474736], [17.2590307, 44.6475169], [17.259047, 44.6478062], [17.2592178, 44.6479422], [17.2593723, 44.6482372], [17.2593072, 44.6482574], [17.2592503, 44.6482864], [17.2592096, 44.6483269], [17.2591771, 44.6483703], [17.2591568, 44.6484136], [17.2591324, 44.6484628], [17.2591243, 44.648512], [17.2591202, 44.6485612], [17.2591161, 44.6486161], [17.2590999, 44.6486624], [17.2590795, 44.6487087], [17.2590511, 44.6487521], [17.2590226, 44.6487926], [17.2589901, 44.6488417], [17.2589535, 44.6488851], [17.2589169, 44.6489256], [17.2588681, 44.6489603], [17.2588153, 44.6489893], [17.2587502, 44.6490124], [17.2586811, 44.6490326], [17.2585794, 44.6490471], [17.257872, 44.6490514], [17.2577968, 44.648943], [17.2571015, 44.6486176], [17.2569429, 44.6485915], [17.2567681, 44.648418], [17.2567112, 44.6486074], [17.2565425, 44.6487665], [17.2565221, 44.6488634], [17.2563127, 44.6490399], [17.2563127, 44.6491628], [17.2563107, 44.6491874], [17.2563087, 44.6492105], [17.2562965, 44.6492308], [17.2563005, 44.6492554], [17.2563188, 44.6492742], [17.2563331, 44.6492944], [17.2563412, 44.6493205], [17.2563351, 44.649345], [17.2563209, 44.6493667], [17.2562883, 44.649374], [17.2562192, 44.6493884], [17.2561867, 44.6493957], [17.2561542, 44.6494072], [17.2559163, 44.6494839], [17.2556581, 44.6495085], [17.2551723, 44.6495041], [17.2546315, 44.6495302], [17.2538692, 44.6495388], [17.2534829, 44.6494795], [17.2530418, 44.6493899], [17.2523831, 44.649225], [17.2522185, 44.6491295], [17.2521697, 44.6490833], [17.2521209, 44.649063], [17.2521067, 44.6490413], [17.2520863, 44.6490211], [17.252064, 44.6489965], [17.2520416, 44.6489762], [17.2520172, 44.6489589], [17.2519928, 44.6489401], [17.2519664, 44.6489242], [17.2518363, 44.6488446], [17.2518668, 44.6487521], [17.2516066, 44.6487217], [17.25145, 44.6486812], [17.2512101, 44.6485727], [17.250954, 44.6483847], [17.2506043, 44.6480709], [17.2503624, 44.6479118], [17.2500697, 44.6476269], [17.2499111, 44.6474533], [17.24984, 44.6473304], [17.2497708, 44.6471785], [17.2497546, 44.6471424], [17.2496834, 44.6471033], [17.2496143, 44.6470816], [17.249474, 44.6470715], [17.249224, 44.6470281], [17.2492484, 44.6470614], [17.2492748, 44.6470787], [17.249289, 44.6471019], [17.249287, 44.647125], [17.2492809, 44.6471496], [17.2492829, 44.6471727], [17.2493012, 44.6471886], [17.2493195, 44.6472103], [17.2493358, 44.6472306], [17.2493521, 44.6472537], [17.2493602, 44.6472769], [17.2493582, 44.6473014], [17.24935, 44.6473246], [17.2493094, 44.6473636], [17.2492911, 44.6473824], [17.2492951, 44.647407], [17.2493033, 44.6474316], [17.2493012, 44.6474548], [17.249285, 44.6474764], [17.2492707, 44.6474996], [17.2492809, 44.6476153], [17.2493236, 44.6476818], [17.2493134, 44.647705], [17.2493012, 44.6477281], [17.2492992, 44.6477527], [17.2493012, 44.6477773], [17.2493114, 44.6478004], [17.2493338, 44.6478192], [17.2493643, 44.6478308], [17.2493887, 44.6478481], [17.2494029, 44.6478713], [17.2494049, 44.6478959], [17.2493968, 44.647919], [17.2493805, 44.6479407], [17.2493683, 44.6479639], [17.2493704, 44.6479884], [17.2493785, 44.648013], [17.2493826, 44.6480376], [17.2493744, 44.6480608], [17.2493582, 44.648081], [17.2493378, 44.6481012], [17.2493175, 44.64812], [17.2492951, 44.6481403], [17.2492707, 44.6481577], [17.2492423, 44.6481707], [17.2492159, 44.6481837], [17.2491874, 44.6481996], [17.2491691, 44.6482198], [17.2491, 44.6482936], [17.2490349, 44.6483052], [17.2489658, 44.6483139], [17.2489008, 44.6483283], [17.2488194, 44.6484469], [17.248547, 44.6486928], [17.2485186, 44.6487391], [17.2485186, 44.6488374], [17.2485145, 44.6488866], [17.2484942, 44.6489329], [17.2484616, 44.6489734], [17.2484169, 44.6490081], [17.2483763, 44.6490457], [17.2483437, 44.6490833], [17.2483315, 44.6491324], [17.2483071, 44.6491758], [17.2482502, 44.6491932], [17.2482055, 44.6492366], [17.2481974, 44.6492857], [17.2481974, 44.649332], [17.2481811, 44.6493783], [17.2481486, 44.6494188], [17.2480917, 44.649439], [17.2480225, 44.6494448], [17.24799, 44.6494824], [17.2479372, 44.6495171], [17.2479046, 44.6495547], [17.2478802, 44.6495981], [17.2478518, 44.6496386], [17.247803, 44.6496704], [17.247742, 44.6496878], [17.247681, 44.649708], [17.2476729, 44.6497601], [17.2476404, 44.6498006], [17.2476241, 44.6498469], [17.2476363, 44.6498961], [17.2476282, 44.6499452], [17.2475916, 44.6499857], [17.2475428, 44.6500204], [17.2474818, 44.6500407], [17.2474167, 44.6500551], [17.2473679, 44.650087], [17.2473354, 44.6501275], [17.2472663, 44.6501361], [17.2471972, 44.6501361], [17.2471403, 44.6501535], [17.2470996, 44.6501882], [17.2470142, 44.6502894], [17.2470589, 44.6503184], [17.2469126, 44.6503184], [17.2468841, 44.6502779], [17.2468516, 44.6502316], [17.2468028, 44.6501969], [17.2467418, 44.6501766], [17.2466727, 44.6501622], [17.2466076, 44.6501477], [17.2462742, 44.6501477], [17.2462092, 44.6501419], [17.2461482, 44.6501275], [17.2460953, 44.6500956], [17.2460466, 44.650058], [17.2459937, 44.6500233], [17.2459449, 44.6499886], [17.245888, 44.6499568], [17.2458392, 44.649925], [17.2457904, 44.6498874], [17.2457416, 44.6498527], [17.2456928, 44.6498209], [17.2456318, 44.6497948], [17.2455668, 44.6497833], [17.245518, 44.6497485], [17.2455058, 44.6496994], [17.2455058, 44.6496502], [17.2454895, 44.649601], [17.2454529, 44.6495605], [17.2454001, 44.6495345], [17.2453391, 44.64952], [17.2452781, 44.6495027], [17.245209, 44.6494853], [17.2451521, 44.6494651], [17.245083, 44.6494477], [17.2450138, 44.6494362], [17.2449447, 44.6494304], [17.2448756, 44.6494275], [17.2448065, 44.6494217], [17.2447414, 44.6494159], [17.2446764, 44.6494043], [17.2446154, 44.6493899], [17.2441031, 44.6492944], [17.2440421, 44.64928], [17.2439893, 44.6492539], [17.2439405, 44.6492163], [17.2439079, 44.64917], [17.2438917, 44.6491238], [17.2438754, 44.6490746], [17.2438673, 44.6490225], [17.243851, 44.6489705], [17.2438307, 44.6489213], [17.2437982, 44.6488721], [17.2437697, 44.6488143], [17.243725, 44.6487767], [17.2436721, 44.6487419], [17.2436111, 44.6487159], [17.2435583, 44.6486841], [17.2435135, 44.6486436], [17.243477, 44.6486002], [17.2434648, 44.648551], [17.2434648, 44.6484469], [17.2434526, 44.6483919], [17.2434444, 44.6483399], [17.2434404, 44.6482878], [17.2434282, 44.6481374], [17.2434078, 44.6480911], [17.2433631, 44.6480506], [17.2433143, 44.6480159], [17.2432615, 44.647987], [17.2432086, 44.6479581], [17.2431436, 44.6479378], [17.2430785, 44.6479234], [17.2430135, 44.6479147], [17.2429484, 44.6479002], [17.2428915, 44.6478742], [17.2428386, 44.6478395], [17.2427939, 44.647799], [17.2427695, 44.6477556], [17.2427695, 44.6477064], [17.2427776, 44.6476572], [17.242798, 44.6476081], [17.2428142, 44.647556], [17.2428305, 44.6474519], [17.2428305, 44.6473506], [17.2428183, 44.6473014], [17.2427939, 44.6472552], [17.2427898, 44.647206], [17.2427898, 44.6471539], [17.2427614, 44.6471047], [17.242712, 44.6469653], [17.2426804, 44.6469387], [17.2426315, 44.6469305], [17.2425884, 44.6469182], [17.242574, 44.6468834], [17.2425769, 44.6468487], [17.2426229, 44.6467873], [17.242643, 44.6467525], [17.242643, 44.6467178], [17.2426286, 44.646685], [17.2425941, 44.6466257], [17.2425941, 44.6465909], [17.2425913, 44.6465562], [17.2425855, 44.6465194], [17.2425855, 44.6464846], [17.2425826, 44.6464498], [17.2425568, 44.6464212], [17.242528, 44.6463925], [17.2424935, 44.6463639], [17.2424475, 44.6463066], [17.2424303, 44.6462759], [17.24239, 44.6462146], [17.2423756, 44.6461819], [17.2423584, 44.6461512], [17.2423354, 44.6461205], [17.2423009, 44.6460939], [17.2422606, 44.6460735], [17.2422175, 44.6460632], [17.2421715, 44.6460489], [17.2421284, 44.6460346], [17.242091, 44.646008], [17.2420536, 44.6459855], [17.2420048, 44.6459814], [17.2419559, 44.6459732], [17.2419185, 44.6459528], [17.2418926, 44.6459241], [17.2418639, 44.6458935], [17.2418466, 44.6458607], [17.2418294, 44.64583], [17.2418006, 44.6458014], [17.2417546, 44.6457973], [17.2417086, 44.6458096], [17.241677, 44.6458382], [17.2416368, 44.6458566], [17.2415908, 44.6458566], [17.2415419, 44.6458546], [17.241493, 44.6458587], [17.2414499, 44.645871], [17.241401, 44.6458791], [17.241355, 44.6458935], [17.2413579, 44.6459282], [17.2413809, 44.6459589], [17.2413579, 44.6459875], [17.2413176, 44.6460039], [17.2412803, 44.6460264], [17.2412544, 44.6460571], [17.2412429, 44.6460878], [17.2412113, 44.6461144], [17.2411681, 44.6461246], [17.2411193, 44.6461185], [17.2410704, 44.6461144], [17.2410158, 44.6461041], [17.2409755, 44.6460878], [17.2409353, 44.6460735], [17.2408893, 44.6460796], [17.2408634, 44.6461103], [17.2408692, 44.646143], [17.2408807, 44.6461757], [17.2408835, 44.6462105], [17.2409123, 44.6462391], [17.2409813, 44.6462882], [17.2410215, 44.6463087], [17.2410532, 44.6463353], [17.2410618, 44.64637], [17.2410589, 44.6464028], [17.2410187, 44.6464191], [17.2409813, 44.6464416], [17.2409612, 44.6465623], [17.2408864, 44.6465889], [17.2407743, 44.6465684], [17.2407398, 44.6466134], [17.2404523, 44.646188], [17.2402597, 44.6459262], [17.2401734, 44.6458382], [17.2400498, 44.6457769], [17.239906, 44.6457523], [17.2396415, 44.6456562], [17.2394748, 44.645648], [17.2394345, 44.6457094], [17.2392764, 44.6459098], [17.2392017, 44.6461225], [17.2391384, 44.6463414], [17.2390723, 44.6463025], [17.2387446, 44.6462944], [17.2386554, 44.6462657], [17.2384686, 44.6462412], [17.2384283, 44.6461839], [17.2380632, 44.6461859], [17.2379108, 44.6461696], [17.2377556, 44.6461082], [17.2376032, 44.6461082], [17.2374824, 44.6460837], [17.2372122, 44.6459978], [17.2370224, 44.6459057], [17.2368959, 44.6457441], [17.2366228, 44.6455887], [17.2365797, 44.6454271], [17.2364733, 44.6453698], [17.2359903, 44.6454148], [17.235539, 44.6452532], [17.2353636, 44.6452635], [17.2350272, 44.6453719], [17.2348691, 44.6453862], [17.2346678, 44.6453473], [17.234435, 44.6452839], [17.2336501, 44.645153], [17.2332275, 44.6450896], [17.2329716, 44.6450773], [17.2325864, 44.6450241], [17.2323305, 44.6448748], [17.231951, 44.6447153], [17.231652, 44.6445394], [17.2316233, 44.6445025], [17.2314939, 44.6445025], [17.2308068, 44.6441855], [17.2305653, 44.6442775], [17.2304503, 44.6443205], [17.2303554, 44.6443266], [17.2302893, 44.6443103], [17.2300162, 44.6439707], [17.2298322, 44.6437784], [17.2295734, 44.6436659], [17.2293865, 44.6435493], [17.2293247, 44.6435289], [17.2292399, 44.643534], [17.2286735, 44.6435054], [17.2286189, 44.6434338], [17.2285327, 44.6433305], [17.2285183, 44.6432599], [17.228501, 44.6432251], [17.2284565, 44.6431955], [17.2283774, 44.6431771], [17.2283156, 44.6431515], [17.2282365, 44.6431116], [17.2281503, 44.6430922], [17.2281057, 44.6430676], [17.2280827, 44.6430308], [17.2280799, 44.6430083], [17.228054, 44.6429868], [17.2280037, 44.6429776], [17.2279102, 44.6429653], [17.2278341, 44.6429408], [17.2277119, 44.6428508], [17.2275609, 44.6427189], [17.2274603, 44.6427178], [17.2273626, 44.6426974], [17.2271383, 44.6427025], [17.2270005, 44.6427437], [17.2268579, 44.6431017], [17.2268735, 44.6432535], [17.2268656, 44.6432419], [17.2268556, 44.6432295], [17.2268394, 44.6432134], [17.2268196, 44.6431994], [17.2267954, 44.6431889], [17.2267533, 44.6431832], [17.2266458, 44.6431861], [17.2265507, 44.6431492], [17.2263016, 44.6429478], [17.2261694, 44.6427811], [17.2260738, 44.642686], [17.2259559, 44.6426267], [17.2257806, 44.6425658], [17.2256267, 44.6424937], [17.2254373, 44.6424244], [17.2254052, 44.6424121], [17.2252019, 44.6423745], [17.2248848, 44.6422891], [17.2245392, 44.6422298], [17.2240554, 44.6421286], [17.2237301, 44.6420346], [17.2234272, 44.6419666], [17.2231263, 44.6418885], [17.2228193, 44.641887], [17.2225795, 44.6418653], [17.2220611, 44.6418697], [17.2216037, 44.6418234], [17.2213211, 44.6417829], [17.221067, 44.6417814], [17.2209369, 44.6417221], [17.2207905, 44.6416715], [17.2205567, 44.6416701], [17.2202498, 44.6416657], [17.2200099, 44.6416267], [17.2198025, 44.641631], [17.2195626, 44.6416238], [17.2160843, 44.6403682], [17.2149235, 44.6403769], [17.2144438, 44.6404565], [17.2138339, 44.6404666], [17.2133114, 44.6404304], [17.212543, 44.6404131], [17.2114269, 44.6401889], [17.2112867, 44.6400196], [17.2111261, 44.6396161], [17.2111057, 44.6393991], [17.2110142, 44.6389507], [17.2104776, 44.6383345]]]}}]}