{"type": "FeatureCollection", "features": [{"type": "Feature", "properties": {"name": "Opština Kozarska Dubica, Република Српска / Republika Srpska, 79240, Bosna i Hercegovina / Босна и Херцеговина", "source": "OpenStreetMap relation 2528165", "licence": "ODbL 1.0"}, "geometry": {"type": "Polygon", "coordinates": [[[16.5666861, 45.1197797], [16.5681956, 45.1203289], [16.5690431, 45.1204393], [16.5694501, 45.1203573], [16.5702253, 45.1193043], [16.5707485, 45.1188394], [16.572764, 45.1183197], [16.5730547, 45.1180872], [16.5732872, 45.1172394], [16.5735585, 45.1169932], [16.5751477, 45.1166787], [16.575981, 45.1167471], [16.5761748, 45.1164872], [16.575981, 45.1162411], [16.5760004, 45.1153795], [16.576136, 45.1150923], [16.5766011, 45.1146137], [16.5765818, 45.1140529], [16.5768531, 45.1133828], [16.5774345, 45.1129725], [16.578229, 45.1127263], [16.5785391, 45.1125075], [16.5785778, 45.1119605], [16.5776283, 45.1113313], [16.5776864, 45.1110441], [16.5781515, 45.1105654], [16.5779383, 45.1093755], [16.5780158, 45.1090746], [16.5785585, 45.1085959], [16.5785778, 45.1077479], [16.5780934, 45.1069136], [16.5772407, 45.1059835], [16.5771631, 45.1056962], [16.5767949, 45.1054637], [16.5766787, 45.1051901], [16.5768143, 45.1046157], [16.5770662, 45.1043694], [16.578481, 45.1037813], [16.578481, 45.1035077], [16.5783453, 45.1032478], [16.5770662, 45.1026323], [16.576698, 45.1021125], [16.5768918, 45.1001153], [16.5771438, 45.0995544], [16.5776089, 45.0990893], [16.579043, 45.0985148], [16.5794112, 45.0976803], [16.5806127, 45.0968595], [16.5810003, 45.096709], [16.5817949, 45.096668], [16.5820855, 45.0964628], [16.5823956, 45.0957651], [16.5829382, 45.0961892], [16.5841592, 45.0963533], [16.5853219, 45.0954504], [16.5865235, 45.0952999], [16.587163, 45.0949306], [16.587725, 45.0949442], [16.5879575, 45.0951631], [16.5885583, 45.0950126], [16.5891978, 45.094698], [16.5902443, 45.0945064], [16.5916009, 45.0943833], [16.5918335, 45.0948895], [16.5921823, 45.0950263], [16.5926086, 45.0951084], [16.5933644, 45.0947937], [16.5937714, 45.0947664], [16.5949342, 45.0950126], [16.5959225, 45.0954504], [16.5963489, 45.0954915], [16.5966977, 45.0953683], [16.598345, 45.0954504], [16.6001279, 45.0958061], [16.6044495, 45.0954094], [16.604779, 45.0955599], [16.6056317, 45.0955599], [16.6068526, 45.0948211], [16.6076665, 45.0948758], [16.6087518, 45.0940139], [16.6093332, 45.093111], [16.6089456, 45.092509], [16.6089068, 45.0922217], [16.6091394, 45.0913461], [16.6098564, 45.0910862], [16.6101277, 45.0908809], [16.6108642, 45.0898411], [16.6109804, 45.0878709], [16.6122595, 45.0867216], [16.6122789, 45.0852985], [16.6121238, 45.0850386], [16.6120397, 45.0849779], [16.6116896, 45.0843497], [16.611576, 45.0840545], [16.611873, 45.0835852], [16.6119698, 45.0829808], [16.6121036, 45.0830389], [16.6122381, 45.0830966], [16.6123025, 45.08311], [16.6123958, 45.0831233], [16.6125025, 45.0831189], [16.6125803, 45.0830989], [16.6126647, 45.08305], [16.6127758, 45.0829366], [16.6128336, 45.0828922], [16.6129869, 45.0828189], [16.6132536, 45.0827411], [16.6133847, 45.0827278], [16.6136358, 45.0826522], [16.6137958, 45.0825633], [16.6139802, 45.0824211], [16.6144202, 45.0823522], [16.6148046, 45.08235], [16.6149446, 45.0824611], [16.6151691, 45.0825944], [16.6157091, 45.0827211], [16.6158468, 45.0827189], [16.6160135, 45.08269], [16.6162024, 45.0825855], [16.6163446, 45.0824922], [16.6164735, 45.08239], [16.6166624, 45.0822767], [16.616829, 45.0821989], [16.6174423, 45.0820211], [16.6180534, 45.0818633], [16.6186845, 45.0818289], [16.6190945, 45.08179], [16.6192756, 45.0817467], [16.6194378, 45.0816867], [16.6195334, 45.0816556], [16.61965, 45.0816289], [16.6197311, 45.08163], [16.6199011, 45.0815945], [16.6200544, 45.0815389], [16.6203167, 45.0814356], [16.6205467, 45.0813478], [16.6206755, 45.0812989], [16.6208411, 45.0812234], [16.6209433, 45.0811578], [16.6210089, 45.0810712], [16.6210322, 45.0810278], [16.6211755, 45.0804134], [16.6212666, 45.0804223], [16.6216499, 45.0803156], [16.6216833, 45.0804912], [16.6216977, 45.0806678], [16.6217333, 45.0808178], [16.621801, 45.0809912], [16.621951, 45.0811278], [16.6226277, 45.0808278], [16.6227021, 45.0808578], [16.6228077, 45.0808834], [16.6229066, 45.0808889], [16.6230332, 45.0808856], [16.6232188, 45.0808912], [16.6233732, 45.0809034], [16.6235621, 45.0809523], [16.6238076, 45.0810712], [16.6240576, 45.0811711], [16.6242421, 45.0812234], [16.6243932, 45.0812634], [16.6245943, 45.0812967], [16.6249165, 45.0813145], [16.6249854, 45.0813123], [16.625082, 45.0813], [16.6251365, 45.0812634], [16.6252287, 45.0812534], [16.6253109, 45.0812589], [16.6254587, 45.0812534], [16.6255898, 45.0812078], [16.6257342, 45.0811456], [16.6259064, 45.0810812], [16.6259731, 45.0809423], [16.626082, 45.0808578], [16.6263964, 45.0807601], [16.6264464, 45.0806567], [16.626632, 45.080569], [16.6266198, 45.0805178], [16.6269442, 45.0802445], [16.6269731, 45.0803167], [16.6276253, 45.0801367], [16.6276553, 45.0802045], [16.6279575, 45.0801212], [16.6279297, 45.0800512], [16.6282364, 45.0799834], [16.6283719, 45.0800034], [16.6284419, 45.0800134], [16.6285475, 45.0799823], [16.6287386, 45.0799379], [16.629183, 45.079619], [16.6295396, 45.079669], [16.629693, 45.0796145], [16.6297252, 45.0797001], [16.6298507, 45.0797201], [16.629853, 45.0796745], [16.6299341, 45.0796668], [16.6299041, 45.0796101], [16.6298563, 45.0795912], [16.6298407, 45.0795345], [16.6298096, 45.0795168], [16.6297841, 45.0794834], [16.6297807, 45.0794479], [16.6297985, 45.0794223], [16.6298107, 45.0793779], [16.6298085, 45.0793279], [16.6297419, 45.0791779], [16.6297207, 45.0791457], [16.6296652, 45.079079], [16.6296196, 45.0790579], [16.6295885, 45.0790423], [16.629553, 45.0790079], [16.6295341, 45.0789657], [16.6295319, 45.0789257], [16.6295274, 45.0788879], [16.6294785, 45.0788135], [16.629383, 45.0787424], [16.6293641, 45.0787101], [16.6293596, 45.0786812], [16.629363, 45.0786524], [16.6293796, 45.078619], [16.6294208, 45.0785879], [16.6294419, 45.0785746], [16.6294508, 45.0785524], [16.6294474, 45.0785213], [16.6294285, 45.0784868], [16.6293841, 45.0784579], [16.629333, 45.0784379], [16.6293085, 45.0784179], [16.6292908, 45.0783824], [16.6292897, 45.0783568], [16.6292785, 45.0783168], [16.6292297, 45.0783024], [16.6291963, 45.0782857], [16.6291885, 45.078269], [16.6291908, 45.0782446], [16.6292141, 45.0782457], [16.629253, 45.0782601], [16.6292719, 45.0782468], [16.6292808, 45.0782313], [16.6292697, 45.0782024], [16.6292552, 45.0781624], [16.6292585, 45.0781113], [16.6292974, 45.0780824], [16.6293552, 45.0780724], [16.6294052, 45.0780568], [16.629423, 45.0780268], [16.6294374, 45.0779713], [16.6293663, 45.0779246], [16.629333, 45.0778991], [16.6293274, 45.0778746], [16.6293485, 45.0778335], [16.6293796, 45.0778202], [16.6294385, 45.0777991], [16.6294641, 45.0777657], [16.629463, 45.0777357], [16.6294363, 45.0777068], [16.6293952, 45.0777024], [16.629373, 45.0776979], [16.629353, 45.0776713], [16.6293563, 45.0776446], [16.6293296, 45.0775991], [16.6292785, 45.0776013], [16.6292008, 45.0775857], [16.6291874, 45.0775768], [16.6291652, 45.0775368], [16.6291763, 45.0774913], [16.6292019, 45.0774335], [16.6291985, 45.0773835], [16.6291297, 45.077338], [16.629073, 45.0773602], [16.6290274, 45.077398], [16.6289797, 45.0774068], [16.6289463, 45.0773824], [16.6289208, 45.0773313], [16.6288352, 45.0772991], [16.6287541, 45.0773146], [16.6287319, 45.0773124], [16.6286852, 45.0772813], [16.628673, 45.0772469], [16.6286941, 45.0771969], [16.6287463, 45.0771657], [16.6288019, 45.0771091], [16.6288097, 45.0770713], [16.628783, 45.0770158], [16.6287319, 45.0769813], [16.6286619, 45.0769646], [16.6285997, 45.0769702], [16.6285563, 45.076968], [16.6284808, 45.0769358], [16.6284241, 45.0768835], [16.6284197, 45.0768546], [16.6284475, 45.0767991], [16.6284886, 45.0767735], [16.6285463, 45.0767558], [16.6286163, 45.0767402], [16.6286697, 45.0767135], [16.6286986, 45.076688], [16.6287241, 45.0766435], [16.6287319, 45.0765758], [16.6287063, 45.0765258], [16.6286219, 45.0764947], [16.6285497, 45.0765036], [16.6285241, 45.0765369], [16.6285019, 45.0765735], [16.6284486, 45.0766058], [16.6284052, 45.0765958], [16.6283808, 45.0765724], [16.6283864, 45.0765347], [16.6284175, 45.0764724], [16.6284552, 45.0764436], [16.6284886, 45.0764258], [16.6285441, 45.0764102], [16.6285952, 45.0764024], [16.628643, 45.0763902], [16.6286819, 45.0763658], [16.6286963, 45.0763424], [16.6287008, 45.0762991], [16.6286752, 45.076248], [16.6286363, 45.0762291], [16.6286008, 45.0762247], [16.6285386, 45.0762169], [16.6285063, 45.0761958], [16.6284941, 45.0761569], [16.6285063, 45.0761291], [16.628553, 45.076108], [16.6286052, 45.076078], [16.6286419, 45.0760391], [16.6286541, 45.0760013], [16.6286563, 45.0759536], [16.6286441, 45.0759236], [16.6286086, 45.0759047], [16.6285452, 45.0758902], [16.6285108, 45.0758702], [16.6284997, 45.0758325], [16.6285997, 45.0757402], [16.6291263, 45.0755947], [16.6293063, 45.0756402], [16.6293352, 45.0755236], [16.629423, 45.0755525], [16.6298707, 45.0751425], [16.6305363, 45.074747], [16.6307007, 45.074657], [16.6309285, 45.0744903], [16.6311593, 45.07435], [16.6312221, 45.074295], [16.6313352, 45.0741992], [16.6317343, 45.0740389], [16.6321837, 45.0738551], [16.6323566, 45.0738079], [16.6324901, 45.0737529], [16.6325844, 45.0737042], [16.6326536, 45.0736602], [16.6327667, 45.0735785], [16.6328751, 45.0734371], [16.6339982, 45.072213], [16.6340827, 45.0719741], [16.6342515, 45.0717119], [16.634446, 45.0714619], [16.6344726, 45.0713053], [16.6347004, 45.0708197], [16.6351859, 45.0710042], [16.6354504, 45.071012], [16.6356337, 45.0711464], [16.6360981, 45.0713375], [16.6366714, 45.0715875], [16.6369759, 45.071683], [16.6372103, 45.0716908], [16.6376559, 45.0716875], [16.6380447, 45.0716208], [16.6387703, 45.0714619], [16.6393102, 45.0713231], [16.6400991, 45.0710753], [16.6401169, 45.071012], [16.6401469, 45.0709253], [16.640188, 45.0708986], [16.640238, 45.0708875], [16.640338, 45.0709242], [16.6404135, 45.0709175], [16.640488, 45.0708897], [16.6405757, 45.0708053], [16.6406513, 45.0707853], [16.6407091, 45.0707897], [16.6407657, 45.0707809], [16.6408546, 45.0707486], [16.6409168, 45.0707275], [16.6410024, 45.0707309], [16.6410668, 45.0707309], [16.6411424, 45.0707075], [16.6412057, 45.0706764], [16.6412757, 45.0706509], [16.6413402, 45.0706609], [16.6414213, 45.0706742], [16.6414802, 45.070652], [16.6415379, 45.070622], [16.6416001, 45.0706031], [16.6416846, 45.070612], [16.6417335, 45.0706497], [16.6417579, 45.0707297], [16.6419712, 45.0707097], [16.6424646, 45.0707153], [16.6424657, 45.0707453], [16.6424734, 45.0707697], [16.6424934, 45.0707953], [16.642519, 45.0708097], [16.6425846, 45.0708253], [16.6431899, 45.070833], [16.6431958, 45.0708782], [16.6431939, 45.0709387], [16.6432129, 45.0709614], [16.6432962, 45.071008], [16.6433364, 45.0710143], [16.6434329, 45.0709804], [16.6434796, 45.0709769], [16.6434956, 45.070992], [16.6434919, 45.0710128], [16.6434755, 45.0710349], [16.6434565, 45.0710496], [16.643426, 45.0710823], [16.6434174, 45.0711125], [16.6433832, 45.0711428], [16.6433546, 45.071175], [16.6433489, 45.0712033], [16.6433601, 45.0712586], [16.6433603, 45.0712597], [16.6433718, 45.0713182], [16.6433603, 45.0713726], [16.6433404, 45.0714412], [16.6433004, 45.0715097], [16.643269, 45.071548], [16.6432262, 45.0715803], [16.6431833, 45.0716287], [16.6431748, 45.071673], [16.6431976, 45.0716952], [16.6432947, 45.0718021], [16.6433404, 45.0718505], [16.6433775, 45.071913], [16.6433746, 45.0719634], [16.6433432, 45.0719956], [16.6433061, 45.0720198], [16.6432519, 45.07204], [16.6431948, 45.0720602], [16.6431234, 45.0721005], [16.6430834, 45.0721509], [16.6430863, 45.0721932], [16.643112, 45.0722315], [16.6431548, 45.0722517], [16.6432147, 45.0722557], [16.6433489, 45.0722819], [16.6433832, 45.0723223], [16.6433689, 45.0723827], [16.6433016, 45.0723938], [16.6432093, 45.07236], [16.6430324, 45.072382], [16.6428757, 45.0723792], [16.6428786, 45.0725379], [16.6430049, 45.0725657], [16.6430443, 45.0727587], [16.6430988, 45.0728651], [16.6432482, 45.0729434], [16.6434882, 45.0728925], [16.6436361, 45.0729288], [16.6436349, 45.0729903], [16.6435545, 45.0729997], [16.6435002, 45.0730239], [16.6434802, 45.0730803], [16.6435059, 45.0731348], [16.6435773, 45.0731852], [16.643643, 45.0732215], [16.643663, 45.0732678], [16.6436401, 45.0733122], [16.6435773, 45.0733445], [16.6434974, 45.0733485], [16.6433832, 45.0733384], [16.643309, 45.0733182], [16.643229, 45.073294], [16.6431291, 45.073284], [16.6430063, 45.0732961], [16.6429749, 45.0733263], [16.6429635, 45.0733666], [16.6429806, 45.0734009], [16.6430177, 45.0734473], [16.6430292, 45.0734735], [16.6430177, 45.07354], [16.6429892, 45.0735864], [16.6429635, 45.0736287], [16.6429435, 45.0736751], [16.6429521, 45.0737013], [16.6429806, 45.0737356], [16.643032, 45.073782], [16.6430977, 45.0738021], [16.6431748, 45.0738223], [16.643249, 45.0738243], [16.6432947, 45.0738021], [16.6433261, 45.0737658], [16.6433632, 45.0737295], [16.6434317, 45.0737154], [16.6434831, 45.0737235], [16.6435059, 45.0737477], [16.6435145, 45.073784], [16.6435059, 45.0738384], [16.6434974, 45.0739735], [16.6434603, 45.0740461], [16.643406, 45.0741025], [16.6433632, 45.074157], [16.6433489, 45.0742195], [16.6433632, 45.0742961], [16.6434003, 45.0743203], [16.6434374, 45.0743182], [16.643603, 45.0742578], [16.6436858, 45.074284], [16.6436772, 45.0743445], [16.6436173, 45.0743807], [16.6435288, 45.0744332], [16.6434888, 45.0744755], [16.643488, 45.0745142], [16.6436352, 45.0747692], [16.6438462, 45.0746487], [16.6438914, 45.0748283], [16.6438885, 45.0748868], [16.6438542, 45.0749432], [16.6437743, 45.0749896], [16.6437086, 45.0750198], [16.6436658, 45.0750602], [16.6436144, 45.0751751], [16.6435916, 45.0752315], [16.6435316, 45.0752799], [16.6434831, 45.0753162], [16.6434888, 45.0753686], [16.6435545, 45.0753969], [16.6436002, 45.0753888], [16.6436373, 45.0753747], [16.6437086, 45.0753827], [16.6437772, 45.0754231], [16.6438628, 45.0755178], [16.6438742, 45.0755783], [16.6439113, 45.0756348], [16.6439485, 45.0756912], [16.6440141, 45.0757093], [16.6440798, 45.0757073], [16.6441226, 45.0756932], [16.6441626, 45.0756892], [16.6442254, 45.0756892], [16.6442882, 45.0757093], [16.6443167, 45.0757396], [16.6443596, 45.0759009], [16.6443481, 45.0759896], [16.6443253, 45.0760622], [16.6442853, 45.0761126], [16.6442225, 45.0761851], [16.644154, 45.0762416], [16.6440969, 45.076292], [16.6440398, 45.0763424], [16.643977, 45.0763746], [16.643917, 45.0763888], [16.6438428, 45.0763908], [16.6437657, 45.0763988], [16.6437172, 45.076423], [16.6436744, 45.0764875], [16.6436658, 45.0765561], [16.6436801, 45.0765984], [16.6437001, 45.0766347], [16.6437115, 45.076667], [16.6437058, 45.0767012], [16.6436744, 45.0767275], [16.6436344, 45.0767416], [16.6435716, 45.0767617], [16.6435288, 45.0767819], [16.6435088, 45.0768101], [16.6435145, 45.0768424], [16.6435716, 45.0769089], [16.6436173, 45.0769432], [16.6437058, 45.0769734], [16.6437572, 45.0769835], [16.6438, 45.0770036], [16.6438257, 45.0770621], [16.6438314, 45.0772113], [16.6438257, 45.0772698], [16.6437971, 45.0773222], [16.6437315, 45.0773484], [16.6436715, 45.0773544], [16.643603, 45.0773625], [16.6435545, 45.0773887], [16.6435145, 45.0774431], [16.6435059, 45.0774915], [16.6435059, 45.07755], [16.6435373, 45.0775681], [16.6435716, 45.0775863], [16.6435687, 45.0776205], [16.6435402, 45.0776447], [16.6435031, 45.077681], [16.643486, 45.0777213], [16.6434574, 45.0777657], [16.6434317, 45.0777919], [16.6434003, 45.0778201], [16.6433946, 45.0778645], [16.6434117, 45.0778907], [16.6434517, 45.0779068], [16.6435202, 45.0779189], [16.6435916, 45.0779169], [16.6436344, 45.0779068], [16.6437001, 45.0778806], [16.6437429, 45.0778463], [16.6437914, 45.0778181], [16.6438485, 45.077798], [16.6438942, 45.0777919], [16.6439399, 45.0777939], [16.6439799, 45.077806], [16.644017, 45.0778564], [16.644037, 45.077927], [16.6440255, 45.0780036], [16.6439941, 45.07806], [16.6439456, 45.0781024], [16.6438657, 45.0781507], [16.6438029, 45.078187], [16.6437286, 45.0782576], [16.6437029, 45.0782999], [16.6436801, 45.0783503], [16.6436601, 45.0783806], [16.643623, 45.0784007], [16.6435859, 45.0784027], [16.6435602, 45.0783806], [16.6435573, 45.0783544], [16.6435459, 45.0783322], [16.6435265, 45.0783227], [16.6435013, 45.0783277], [16.643474, 45.0783434], [16.6434649, 45.0783626], [16.6434538, 45.0783904], [16.6434356, 45.0784161], [16.6434003, 45.0784745], [16.6433832, 45.0785066], [16.643362, 45.0785194], [16.6433256, 45.0785344], [16.6432994, 45.0785472], [16.6432741, 45.078565], [16.6432641, 45.0785807], [16.643256, 45.0786107], [16.643261, 45.0786392], [16.6433122, 45.0786992], [16.6433907, 45.0787919], [16.6434264, 45.0788191], [16.6434521, 45.0788232], [16.6434806, 45.0788211], [16.643512, 45.0788191], [16.6435434, 45.0788252], [16.6435748, 45.0788393], [16.6435977, 45.0788473], [16.6436333, 45.0788494], [16.6436662, 45.0788413], [16.643689, 45.0788423], [16.643719, 45.0788544], [16.6437661, 45.0789179], [16.6437889, 45.0789612], [16.6438218, 45.0789975], [16.6438475, 45.0790096], [16.6438674, 45.0790167], [16.6439146, 45.0790116], [16.6439388, 45.0790177], [16.6439702, 45.0790419], [16.6439773, 45.0790596], [16.6440696, 45.0790985], [16.6442574, 45.0791936], [16.6442668, 45.0791668], [16.6442503, 45.0791433], [16.6442472, 45.0791032], [16.6442574, 45.0790631], [16.6442723, 45.0790608], [16.6442896, 45.0790545], [16.6443053, 45.0790435], [16.6443085, 45.0790309], [16.6443045, 45.0790199], [16.6443014, 45.0790019], [16.6443163, 45.0789861], [16.6443344, 45.0789791], [16.6443454, 45.0789822], [16.6443689, 45.078994], [16.6443894, 45.0789932], [16.6444098, 45.0789814], [16.6444169, 45.0789689], [16.6444145, 45.0789531], [16.6443996, 45.0789398], [16.6443894, 45.0789288], [16.6443862, 45.0789068], [16.6443996, 45.0788966], [16.6444294, 45.0788801], [16.6444404, 45.0788597], [16.6444562, 45.0788353], [16.6444852, 45.0788298], [16.6445386, 45.0788172], [16.6445599, 45.0788031], [16.6445748, 45.078778], [16.6445724, 45.0787607], [16.6445575, 45.0787465], [16.6445371, 45.078741], [16.6445104, 45.0787049], [16.6445187, 45.0786924], [16.6445465, 45.0786636], [16.6446176, 45.0786358], [16.6446742, 45.0786236], [16.6447631, 45.0786269], [16.6448053, 45.0786236], [16.644852, 45.0785902], [16.6448731, 45.0785591], [16.6449087, 45.0785336], [16.6449587, 45.0785302], [16.6450676, 45.0785591], [16.6451064, 45.078558], [16.6451309, 45.0785447], [16.6451409, 45.0785291], [16.645152, 45.078508], [16.6451709, 45.078488], [16.6451931, 45.0784836], [16.6452187, 45.0784913], [16.6452564, 45.0785036], [16.6453009, 45.0784913], [16.6453109, 45.0784791], [16.6453253, 45.0784458], [16.6453298, 45.0784269], [16.6453553, 45.0783991], [16.6454031, 45.0783836], [16.6454664, 45.0783813], [16.645592, 45.078388], [16.6456209, 45.0783725], [16.6456442, 45.0783358], [16.6456553, 45.0783069], [16.6456898, 45.0782747], [16.6457442, 45.0782702], [16.6457853, 45.0782836], [16.645832, 45.0783291], [16.6458753, 45.0783802], [16.6459353, 45.0784025], [16.6459864, 45.078388], [16.6460164, 45.078358], [16.6460186, 45.0783269], [16.646032, 45.0782747], [16.6460586, 45.0782413], [16.6461331, 45.0782213], [16.646212, 45.078218], [16.6462575, 45.0782436], [16.6462964, 45.0782825], [16.6463586, 45.0783147], [16.6464353, 45.0783258], [16.6464986, 45.078328], [16.6465419, 45.0783091], [16.6465675, 45.0782825], [16.6465775, 45.0782547], [16.6465708, 45.0782313], [16.6465364, 45.0782258], [16.6465175, 45.0782336], [16.6464842, 45.0782402], [16.6464608, 45.0782258], [16.6464897, 45.0781902], [16.6466753, 45.0781291], [16.6467664, 45.0781469], [16.6468197, 45.0782747], [16.6467942, 45.0783136], [16.6467419, 45.0783191], [16.6466953, 45.0783113], [16.6466486, 45.078328], [16.6466219, 45.0783847], [16.6466519, 45.078438], [16.6467431, 45.0784425], [16.6467897, 45.0784058], [16.6468375, 45.0783547], [16.6469042, 45.0783258], [16.6469475, 45.0783569], [16.6469719, 45.0783936], [16.6469842, 45.0784425], [16.6469842, 45.0785113], [16.647013, 45.0785724], [16.6471275, 45.0786136], [16.6471753, 45.0785969], [16.6472075, 45.0785413], [16.6472164, 45.0784558], [16.6472253, 45.0783936], [16.647343, 45.0783891], [16.6475541, 45.0785713], [16.6475119, 45.0786547], [16.6474841, 45.0786291], [16.6470453, 45.0787502], [16.6472008, 45.0794035], [16.6473275, 45.0796124], [16.6474586, 45.0797391], [16.6469586, 45.0801879], [16.646953, 45.0805146], [16.6469619, 45.0806113], [16.647083, 45.080779], [16.6471797, 45.0808812], [16.647253, 45.080949], [16.6473597, 45.0810101], [16.6474952, 45.081099], [16.6475908, 45.0811835], [16.6477052, 45.0812979], [16.6478097, 45.0813801], [16.6479808, 45.0814734], [16.648123, 45.0815557], [16.6481941, 45.0816212], [16.6482474, 45.0816845], [16.6482841, 45.0817634], [16.6483097, 45.0819057], [16.6483285, 45.0819845], [16.6483585, 45.0820701], [16.6483897, 45.0821445], [16.6484797, 45.082239], [16.6486274, 45.0823979], [16.6488719, 45.0827478], [16.6491963, 45.0830967], [16.6495029, 45.0835656], [16.6496363, 45.0839934], [16.6496885, 45.08409], [16.6497652, 45.0841856], [16.649904, 45.0842756], [16.6500174, 45.0843522], [16.6502451, 45.08446], [16.650664, 45.0844889], [16.6506329, 45.0846122], [16.6514584, 45.0847067], [16.6516015, 45.0847361], [16.6520151, 45.0848211], [16.6521862, 45.0849139], [16.6524628, 45.084915], [16.6528078, 45.0848983], [16.6531228, 45.0848739], [16.6535578, 45.0848805], [16.6538944, 45.0848383], [16.6541039, 45.08467], [16.6542005, 45.0844372], [16.6541911, 45.0842783], [16.6541889, 45.0842189], [16.6542028, 45.0840645], [16.6542189, 45.083745], [16.6544416, 45.0833489], [16.654609, 45.0830661], [16.6547206, 45.0830339], [16.6549162, 45.0830402], [16.655144, 45.0829624], [16.655342, 45.082975], [16.6554905, 45.0830284], [16.6560388, 45.0832775], [16.6563771, 45.0832975], [16.6567409, 45.0832236], [16.6569504, 45.0831758], [16.6571948, 45.0831603], [16.6573859, 45.0831064], [16.6575537, 45.0829847], [16.657697, 45.0829369], [16.6578292, 45.0828831], [16.6585464, 45.0826941], [16.659673, 45.0823985], [16.6601685, 45.0822941], [16.6602619, 45.0822563], [16.6604085, 45.0821518], [16.6609807, 45.0816538], [16.6615507, 45.081343], [16.661664, 45.0813074], [16.6617529, 45.0812719], [16.661864, 45.0811719], [16.6619729, 45.0809563], [16.6619707, 45.0808897], [16.6619507, 45.0808008], [16.6619329, 45.0807475], [16.6618662, 45.0806608], [16.6617818, 45.0806164], [16.6616462, 45.0806119], [16.6614663, 45.0806119], [16.6613485, 45.0805586], [16.6613151, 45.0805097], [16.6612974, 45.0804608], [16.6612929, 45.0803875], [16.6613085, 45.0803141], [16.6613685, 45.0802408], [16.661484, 45.080163], [16.6615596, 45.080123], [16.6617196, 45.0800075], [16.6617885, 45.0799497], [16.6618551, 45.0798075], [16.6619151, 45.0796075], [16.6620618, 45.0791364], [16.6620973, 45.0790275], [16.6620907, 45.0788698], [16.6620551, 45.0787653], [16.6619885, 45.0786675], [16.6617574, 45.0784009], [16.6615285, 45.0779298], [16.6621396, 45.0777142], [16.6627129, 45.077712], [16.662824, 45.0776365], [16.6627529, 45.0772609], [16.6631751, 45.0772631], [16.663895, 45.0769476], [16.6643084, 45.0766521], [16.6647061, 45.0766698], [16.6656431, 45.0764802], [16.6664727, 45.0764165], [16.6670971, 45.0760343], [16.6674705, 45.0755343], [16.6673949, 45.0753232], [16.6669549, 45.0747766], [16.6668283, 45.0747966], [16.6667305, 45.0746655], [16.6666527, 45.0743988], [16.666495, 45.074261], [16.6664038, 45.0740922], [16.6663633, 45.0736691], [16.6667248, 45.0737775], [16.6671146, 45.0738895], [16.6680134, 45.0741104], [16.6683718, 45.0741809], [16.6683323, 45.0744037], [16.668458, 45.0744697], [16.6684329, 45.0746489], [16.6686246, 45.0749223], [16.6688461, 45.0755099], [16.6689561, 45.0759389], [16.6692201, 45.0760269], [16.6694385, 45.0763207], [16.6690991, 45.0763396], [16.6692767, 45.0770372], [16.6708448, 45.0772776], [16.6726612, 45.0783382], [16.6733966, 45.0785189], [16.6738916, 45.0786698], [16.6740738, 45.0787012], [16.6743142, 45.0787405], [16.6745569, 45.0787442], [16.6749749, 45.0786351], [16.6754125, 45.0786908], [16.6755658, 45.0784042], [16.6754213, 45.0784109], [16.6740081, 45.0777687], [16.6740347, 45.077182], [16.6743614, 45.0765687], [16.6753813, 45.0762776], [16.6762524, 45.0759154], [16.6769702, 45.0758398], [16.6772279, 45.0756598], [16.6772168, 45.0754487], [16.6775079, 45.0753776], [16.6774946, 45.0753332], [16.6779946, 45.0752532], [16.678119, 45.0749332], [16.6783368, 45.0748777], [16.6782857, 45.0746754], [16.6785546, 45.0746732], [16.678699, 45.0749665], [16.6795367, 45.0751399], [16.6797034, 45.0751776], [16.6798056, 45.0752443], [16.6798945, 45.0753776], [16.6799478, 45.0755287], [16.6799212, 45.0758354], [16.68045, 45.0756643], [16.6813745, 45.0749576], [16.6822366, 45.0749621], [16.68219, 45.0748777], [16.6821144, 45.0747777], [16.6820389, 45.074691], [16.6817411, 45.0745977], [16.6818033, 45.0744021], [16.6811834, 45.074211], [16.6811811, 45.0741777], [16.6812633, 45.0741599], [16.6814322, 45.0741599], [16.6817833, 45.0742755], [16.6822811, 45.0745443], [16.6825877, 45.074211], [16.6825322, 45.0741155], [16.6833338, 45.0728612], [16.683761, 45.0723877], [16.683666, 45.0720546], [16.6839464, 45.0718165], [16.6839723, 45.0716985], [16.6841493, 45.0718912], [16.6845929, 45.072], [16.6847179, 45.0720424], [16.6846903, 45.0721436], [16.6847939, 45.0723115], [16.6846527, 45.0724506], [16.6846445, 45.0726349], [16.6846794, 45.0727134], [16.6848804, 45.0729061], [16.6855232, 45.0735688], [16.6860165, 45.073671], [16.6873653, 45.0740843], [16.6883075, 45.0747888], [16.6888053, 45.0751821], [16.6894607, 45.0765601], [16.6893978, 45.0771273], [16.6894811, 45.077462], [16.689841, 45.0780355], [16.6901694, 45.0783419], [16.6903548, 45.0782272], [16.690515, 45.0782901], [16.6907602, 45.0782728], [16.690735, 45.0782414], [16.6907114, 45.0781769], [16.690713, 45.0781408], [16.690746, 45.0780811], [16.6908356, 45.0780512], [16.6909267, 45.0780559], [16.6910367, 45.0781157], [16.6915977, 45.0780371], [16.692212, 45.0778517], [16.6922937, 45.0778674], [16.6924006, 45.0778643], [16.6925797, 45.0777715], [16.6927478, 45.0776411], [16.6929018, 45.0774337], [16.6933308, 45.0771289], [16.6939954, 45.0768979], [16.6944385, 45.0765648], [16.6943317, 45.0764548], [16.6942924, 45.0763197], [16.6943773, 45.076194], [16.6942814, 45.0760431], [16.694503, 45.075776], [16.6943003, 45.0753628], [16.6944008, 45.0752386], [16.6943521, 45.0751035], [16.6945108, 45.0748882], [16.6946208, 45.0748584], [16.6948596, 45.074629], [16.6945171, 45.0741654], [16.6945847, 45.074079], [16.694646, 45.0740806], [16.6947669, 45.0739062], [16.6947434, 45.073815], [16.6950388, 45.0735322], [16.6952069, 45.0734914], [16.6952509, 45.0734254], [16.6952792, 45.0733531], [16.6952745, 45.0732415], [16.6952336, 45.0730797], [16.6953483, 45.0729524], [16.6954473, 45.0730105], [16.6955039, 45.072954], [16.6964686, 45.0723632], [16.6961717, 45.0719923], [16.696101, 45.0719122], [16.696068, 45.0718415], [16.696068, 45.0717771], [16.69609, 45.0716891], [16.6961167, 45.071598], [16.6961685, 45.0714235], [16.696255, 45.071488], [16.6963115, 45.0714393], [16.6964215, 45.0713214], [16.6966226, 45.0711548], [16.6966871, 45.071125], [16.6967986, 45.0710904], [16.6969495, 45.0710653], [16.6971553, 45.0710071], [16.6974968, 45.0709467], [16.6976675, 45.0709034], [16.6977351, 45.070905], [16.6977838, 45.0709333], [16.6978404, 45.0709773], [16.6979441, 45.0710197], [16.6980227, 45.0710339], [16.6981735, 45.0710307], [16.6983652, 45.0709364], [16.6989513, 45.0704556], [16.6990063, 45.0702451], [16.6995201, 45.0701068], [16.6997746, 45.0697643], [16.6999412, 45.0697438], [16.6997684, 45.0700015], [16.6995531, 45.0706002], [16.6996207, 45.0706159], [16.6997259, 45.0704321], [16.7000433, 45.0703362], [16.700455, 45.0702231], [16.7007583, 45.0700738], [16.7009468, 45.0698884], [16.7012014, 45.0700408], [16.7011574, 45.070498], [16.7013836, 45.0708013], [16.7012532, 45.0709742], [16.701679, 45.0712601], [16.7012312, 45.0718996], [16.7007033, 45.0726853], [16.7004974, 45.0730294], [16.7004864, 45.0731504], [16.700641, 45.0735718], [16.7005996, 45.0740743], [16.7005273, 45.0743713], [16.7003324, 45.0749102], [16.7001659, 45.0752842], [16.6996332, 45.0760777], [16.6994604, 45.0764124], [16.6995304, 45.076469], [16.6997359, 45.0765235], [16.699707, 45.0767001], [16.6997259, 45.0767368], [16.6998793, 45.0768213], [16.6999704, 45.0768601], [16.7000472, 45.076927], [16.7003159, 45.0774314], [16.7003615, 45.0776844], [16.700378, 45.0777684], [16.7003623, 45.0778336], [16.7003191, 45.0778784], [16.7002523, 45.0779216], [16.7002688, 45.0779552], [16.7003922, 45.0778863], [16.7004898, 45.0779311], [16.7011965, 45.0784567], [16.7015264, 45.0786029], [16.7026775, 45.0786029], [16.7027353, 45.0787252], [16.7033308, 45.0790763], [16.7040908, 45.0792563], [16.7046441, 45.0792896], [16.7057818, 45.0789096], [16.7064529, 45.0788385], [16.7069751, 45.0786629], [16.7078284, 45.0786629], [16.7081728, 45.0787807], [16.7084728, 45.0786629], [16.7093972, 45.0787563], [16.7098505, 45.0785229], [16.7105794, 45.0787474], [16.7107172, 45.0785252], [16.7109149, 45.0787585], [16.7111016, 45.079074], [16.7116349, 45.0793163], [16.7115238, 45.0793918], [16.7115683, 45.0794674], [16.7117905, 45.0794518], [16.7122727, 45.0794829], [16.7131349, 45.0796985], [16.7135926, 45.0798962], [16.7140793, 45.0808051], [16.7134237, 45.0810673], [16.7141126, 45.0816873], [16.7139126, 45.0818806], [16.7138104, 45.0822028], [16.7138882, 45.0825872], [16.7139793, 45.0825695], [16.7136393, 45.0828095], [16.7132171, 45.0830272], [16.7130038, 45.083285], [16.7128904, 45.083405], [16.7127149, 45.0836361], [16.7125527, 45.0840872], [16.7123727, 45.0843805], [16.7126482, 45.0845427], [16.7133149, 45.0845738], [16.7134704, 45.0844827], [16.7140882, 45.0856049], [16.7142282, 45.0857182], [16.7143081, 45.0859582], [16.7146237, 45.0867471], [16.7145615, 45.0872448], [16.7146148, 45.0873604], [16.7147326, 45.0874826], [16.7149592, 45.0875826], [16.7152326, 45.0876826], [16.7154214, 45.0876782], [16.7157859, 45.0877959], [16.7158792, 45.0879315], [16.7162881, 45.0882092], [16.7168125, 45.0883848], [16.7176414, 45.0885648], [16.7177925, 45.0885781], [16.7187346, 45.0884137], [16.7188591, 45.088467], [16.7189146, 45.0884181], [16.7199035, 45.0890114], [16.7200235, 45.0890425], [16.7201968, 45.0890403], [16.720539, 45.088927], [16.7211212, 45.0889003], [16.7214021, 45.0888263], [16.7216945, 45.0887492], [16.7219167, 45.0889181], [16.7219612, 45.0888981], [16.7220123, 45.0889337], [16.7222412, 45.0888537], [16.7227923, 45.088727], [16.7231234, 45.0887026], [16.7236878, 45.0887759], [16.7242367, 45.0889575], [16.724741, 45.0890674], [16.725291, 45.0891067], [16.7253114, 45.089047], [16.7253868, 45.089036], [16.7256068, 45.0890077], [16.7258205, 45.088948], [16.7260059, 45.088904], [16.7262762, 45.0888302], [16.72635, 45.0887893], [16.7264443, 45.088761], [16.7265465, 45.0887595], [16.7267664, 45.0887532], [16.7269471, 45.0887815], [16.727032, 45.0887878], [16.7271891, 45.0887328], [16.7273274, 45.0887296], [16.7274955, 45.0887595], [16.7276558, 45.0887296], [16.7278066, 45.0887595], [16.7279795, 45.0887532], [16.7281759, 45.0887579], [16.7283079, 45.0887736], [16.7284289, 45.088816], [16.7284901, 45.0888522], [16.7286033, 45.0888789], [16.72874, 45.0889009], [16.7288185, 45.0889606], [16.7289364, 45.0890093], [16.7290637, 45.0890187], [16.7291579, 45.0889716], [16.7293465, 45.0890392], [16.7298729, 45.0890313], [16.729964, 45.089014], [16.7300756, 45.0889685], [16.7302154, 45.0889355], [16.7303003, 45.0889402], [16.7303223, 45.088959], [16.7303631, 45.089003], [16.730393, 45.0890517], [16.7304432, 45.0890863], [16.7304888, 45.0890894], [16.7305375, 45.0890674], [16.730569, 45.0890454], [16.7306004, 45.0890407], [16.7306648, 45.0890753], [16.7307261, 45.0891114], [16.7308392, 45.0891429], [16.7309146, 45.089135], [16.7309696, 45.0891099], [16.7310026, 45.08908], [16.7310466, 45.0890627], [16.731111, 45.0890643], [16.7311645, 45.089091], [16.7312477, 45.089146], [16.7314609, 45.0892071], [16.7315198, 45.0892416], [16.7315809, 45.0892583], [16.7316898, 45.0892638], [16.731782, 45.0893027], [16.7318464, 45.0893505], [16.7319064, 45.0893927], [16.7319975, 45.0894216], [16.7320997, 45.0894438], [16.7321497, 45.0895016], [16.7321975, 45.0895305], [16.7322586, 45.0895516], [16.732462, 45.0896094], [16.7325631, 45.089656], [16.7325997, 45.0896871], [16.7326342, 45.0897171], [16.7326908, 45.0897549], [16.7327597, 45.0897616], [16.7328286, 45.0897771], [16.7328953, 45.089826], [16.7329519, 45.0898493], [16.7330175, 45.089846], [16.7330819, 45.0898438], [16.7331542, 45.0898571], [16.7331942, 45.0898893], [16.733223, 45.0899438], [16.7332753, 45.0899882], [16.7333486, 45.089986], [16.7334041, 45.0900216], [16.7334419, 45.0900504], [16.7335108, 45.0900982], [16.7335952, 45.0901104], [16.7337175, 45.0901649], [16.7337575, 45.0902316], [16.7338119, 45.0902904], [16.7338763, 45.0903271], [16.7339497, 45.0903627], [16.7340175, 45.0904515], [16.7341674, 45.0905727], [16.7342386, 45.0906049], [16.7343252, 45.0906738], [16.7343708, 45.0907304], [16.7344119, 45.0907693], [16.7344785, 45.0907949], [16.7345452, 45.0907815], [16.7345997, 45.0908271], [16.7346219, 45.090876], [16.7345963, 45.0909226], [16.7345974, 45.0909437], [16.7346352, 45.0909771], [16.7347419, 45.0909804], [16.7348152, 45.0910182], [16.7348608, 45.0910637], [16.7349485, 45.0911171], [16.734983, 45.0911615], [16.7350085, 45.091176], [16.7350285, 45.091206], [16.7350819, 45.0912415], [16.7351296, 45.0912882], [16.7351352, 45.091376], [16.7351652, 45.0914137], [16.7351896, 45.0914226], [16.7352407, 45.0914082], [16.7353196, 45.0913482], [16.7353541, 45.0913393], [16.7353963, 45.0913548], [16.7354263, 45.0913815], [16.735446, 45.0914356], [16.7354718, 45.0914582], [16.7355052, 45.0914626], [16.7355596, 45.0914382], [16.7356341, 45.0914282], [16.7356729, 45.091436], [16.7356907, 45.0914604], [16.7356274, 45.0915126], [16.7356118, 45.0915282], [16.7356163, 45.0915504], [16.7356452, 45.0915682], [16.7356863, 45.0915593], [16.7357352, 45.0915371], [16.7357785, 45.0915371], [16.7358152, 45.0915626], [16.7358529, 45.0915648], [16.735954, 45.0915193], [16.7360252, 45.0915071], [16.7360996, 45.0915148], [16.7361352, 45.0915382], [16.7361152, 45.0915815], [16.7360385, 45.0916259], [16.736024, 45.0916915], [16.736034, 45.0917104], [16.7360685, 45.0917259], [16.7361318, 45.0917159], [16.7361996, 45.0916882], [16.7362885, 45.0916893], [16.7362985, 45.0917271], [16.736314, 45.0917715], [16.736334, 45.0917948], [16.736364, 45.0918115], [16.7364118, 45.0918204], [16.7364818, 45.0918226], [16.7365429, 45.0918159], [16.7366196, 45.0917615], [16.7366618, 45.0917282], [16.7367174, 45.0916993], [16.7367862, 45.0916904], [16.736834, 45.0917271], [16.7368796, 45.0918182], [16.7369151, 45.091847], [16.7370196, 45.0918715], [16.7370862, 45.0918882], [16.7371951, 45.0918948], [16.7372707, 45.091897], [16.7373318, 45.0918904], [16.7374162, 45.091877], [16.7374651, 45.0918793], [16.7375151, 45.0918826], [16.7375895, 45.0918737], [16.7376762, 45.0918504], [16.7379706, 45.0918726], [16.7380595, 45.0918926], [16.738154, 45.0919593], [16.738194, 45.0920182], [16.7382173, 45.0921015], [16.7382517, 45.0921848], [16.7382695, 45.092207], [16.7383017, 45.0922259], [16.7383506, 45.0922393], [16.7384284, 45.0922537], [16.7384784, 45.0922759], [16.7385351, 45.0923226], [16.7385617, 45.0923692], [16.7385684, 45.0924048], [16.7385484, 45.0924637], [16.7384984, 45.0925137], [16.7384695, 45.0925792], [16.7384317, 45.0926315], [16.738404, 45.092687], [16.738414, 45.0927926], [16.7384702, 45.0928844], [16.7386477, 45.0931366], [16.7388473, 45.09341], [16.739215, 45.0937949], [16.7394287, 45.0938224], [16.7394255, 45.0939324], [16.7395984, 45.0940236], [16.7395622, 45.0940833], [16.7398828, 45.094352], [16.7398325, 45.0943865], [16.7401907, 45.0947935], [16.7402724, 45.0950119], [16.7403007, 45.0950795], [16.7402866, 45.0952193], [16.7402929, 45.095246], [16.740307, 45.095301], [16.7403667, 45.0953733], [16.7404516, 45.0954236], [16.7405898, 45.0954377], [16.7407768, 45.0954157], [16.7407705, 45.0958148], [16.7410534, 45.0958085], [16.7412702, 45.0957803], [16.7414638, 45.0957179], [16.7415271, 45.0956869], [16.7415638, 45.0956615], [16.7416019, 45.0956292], [16.7416517, 45.0955852], [16.7416953, 45.0955384], [16.7417349, 45.0954763], [16.7417565, 45.0954194], [16.7417763, 45.095348], [16.7417909, 45.0952798], [16.7418239, 45.0951905], [16.7418532, 45.0950925], [16.7418801, 45.0949805], [16.7419112, 45.0948269], [16.7419423, 45.094693], [16.7419827, 45.0945715], [16.7420076, 45.0944391], [16.7420231, 45.0943287], [16.7420501, 45.0942145], [16.7420791, 45.0941421], [16.7421029, 45.0940953], [16.7421319, 45.0940463], [16.7421951, 45.0939336], [16.7422418, 45.0938692], [16.7423205, 45.0937785], [16.7428356, 45.093205], [16.7428947, 45.0931559], [16.7429351, 45.0931267], [16.7429941, 45.0930894], [16.7430936, 45.093044], [16.7431745, 45.093014], [16.7432346, 45.0929965], [16.7433185, 45.0929818], [16.7433869, 45.0929767], [16.743561, 45.0929708], [16.7438864, 45.0929628], [16.7440574, 45.0929613], [16.7441517, 45.0929584], [16.7442284, 45.0929496], [16.7443103, 45.0929262], [16.7443631, 45.0929006], [16.7444129, 45.0928677], [16.744445, 45.0928165], [16.7444616, 45.0927733], [16.7444605, 45.0927236], [16.7444398, 45.0926811], [16.7444004, 45.0926219], [16.7443434, 45.0925604], [16.7442875, 45.0925238], [16.7442398, 45.0925041], [16.7442108, 45.0924843], [16.7441911, 45.0924595], [16.7441911, 45.0924236], [16.7442077, 45.0923739], [16.7442356, 45.092319], [16.7442968, 45.0922473], [16.7443932, 45.0921456], [16.7444989, 45.0920754], [16.7445797, 45.0920278], [16.7447061, 45.0919627], [16.7447849, 45.0919144], [16.7448346, 45.0918749], [16.7448719, 45.091831], [16.7449051, 45.0917879], [16.7449072, 45.0917601], [16.7449072, 45.0917344], [16.7448823, 45.0916635], [16.7448533, 45.0915881], [16.744846, 45.0915398], [16.744846, 45.0914974], [16.7448533, 45.0914352], [16.7448813, 45.0913833], [16.7449238, 45.091343], [16.7449776, 45.091313], [16.7450377, 45.0912904], [16.7451611, 45.0912589], [16.7452533, 45.0912465], [16.7453611, 45.091245], [16.7454906, 45.0912523], [16.7455393, 45.0912596], [16.7456056, 45.091264], [16.7456678, 45.0912596], [16.7457269, 45.0912391], [16.7457942, 45.0912084], [16.7458512, 45.0911711], [16.7459145, 45.0911287], [16.7460057, 45.0910899], [16.7460896, 45.091065], [16.746159, 45.0910475], [16.7462233, 45.0910299], [16.7463145, 45.090997], [16.7463653, 45.090967], [16.7463974, 45.090926], [16.7464171, 45.0908697], [16.7464202, 45.0908016], [16.7464129, 45.0906707], [16.7464067, 45.0904878], [16.7464046, 45.0903334], [16.7464026, 45.0902471], [16.7464088, 45.0902039], [16.7464233, 45.090171], [16.7464419, 45.0901351], [16.7464906, 45.0900781], [16.7465508, 45.09004], [16.7465891, 45.0900166], [16.7466689, 45.08998], [16.7467414, 45.0899544], [16.7468243, 45.089931], [16.7469041, 45.0899222], [16.7469694, 45.0899259], [16.7470689, 45.0899434], [16.7471715, 45.0899669], [16.7472575, 45.0899939], [16.7473249, 45.0900086], [16.7473705, 45.0900108], [16.7474057, 45.0900056], [16.747443, 45.089983], [16.74747, 45.089953], [16.7474855, 45.0899142], [16.7475011, 45.0898242], [16.7474979, 45.0897437], [16.7474731, 45.089661], [16.7474472, 45.0896179], [16.7474057, 45.0895813], [16.747327, 45.089525], [16.7472399, 45.089503], [16.7471694, 45.0894986], [16.747042, 45.0894898], [16.7469332, 45.0894759], [16.746872, 45.0894635], [16.7468161, 45.0894445], [16.7467715, 45.0894145], [16.7467352, 45.0893633], [16.7467197, 45.0893325], [16.7467031, 45.0892477], [16.7467, 45.0892074], [16.7466969, 45.0891445], [16.7467103, 45.089083], [16.7467383, 45.0890384], [16.7467622, 45.0890033], [16.7467736, 45.0889616], [16.7467787, 45.0888987], [16.7467725, 45.088854], [16.7467622, 45.0888204], [16.7467383, 45.0887531], [16.7467186, 45.0887194], [16.7467155, 45.0886799], [16.7467166, 45.0886543], [16.7467217, 45.0886119], [16.7467124, 45.0885745], [16.7466793, 45.0885248], [16.7466378, 45.0884692], [16.746586, 45.088407], [16.7465197, 45.0883163], [16.7464824, 45.0882782], [16.7464305, 45.0882497], [16.7463881, 45.0882416], [16.7463269, 45.0882438], [16.7462606, 45.0882592], [16.7462088, 45.0882782], [16.7461124, 45.0883148], [16.7459953, 45.0883551], [16.7459196, 45.0883924], [16.7458481, 45.0884209], [16.745788, 45.0884399], [16.7457238, 45.0884524], [16.7456699, 45.0884553], [16.7456336, 45.0884494], [16.7456046, 45.0884341], [16.7455714, 45.0884121], [16.7455404, 45.088377], [16.745503, 45.088298], [16.7454119, 45.0880887], [16.7453953, 45.0879922], [16.7453942, 45.0879585], [16.7454036, 45.0879212], [16.7454243, 45.0878817], [16.7454813, 45.0878041], [16.7455103, 45.0877653], [16.7455207, 45.0877339], [16.7455227, 45.087701], [16.7455134, 45.0876446], [16.7454979, 45.0875971], [16.7454657, 45.0875312], [16.7454295, 45.0874924], [16.7453973, 45.0874602], [16.7453797, 45.0874163], [16.7453808, 45.0873827], [16.7453973, 45.0873388], [16.7454512, 45.0873037], [16.745529, 45.0872788], [16.7456305, 45.0872612], [16.7457487, 45.0872568], [16.745845, 45.087251], [16.7459196, 45.0872364], [16.7459932, 45.0872071], [16.7460316, 45.0871742], [16.7461207, 45.0871142], [16.7461777, 45.0870498], [16.746214, 45.0869942], [16.7462399, 45.0869269], [16.746244, 45.0868705], [16.7462513, 45.0868281], [16.7462637, 45.0868061], [16.746273, 45.086782], [16.746273, 45.086763], [16.7462582, 45.0867217], [16.7457081, 45.0861801], [16.744781, 45.0853238], [16.7445202, 45.0851588], [16.7444892, 45.0850971], [16.7444714, 45.0850171], [16.7445047, 45.0849326], [16.7449292, 45.0846482], [16.7461536, 45.0845971], [16.7462513, 45.084526], [16.7463224, 45.0844526], [16.7464202, 45.0843237], [16.746518, 45.0841726], [16.7465869, 45.0838993], [16.7466113, 45.0837349], [16.746538, 45.0832349], [16.7466802, 45.0821061], [16.7467224, 45.0819616], [16.746818, 45.0818172], [16.747178, 45.0817105], [16.7472446, 45.081695], [16.7473446, 45.0817283], [16.7475468, 45.0816994], [16.7476713, 45.0816905], [16.7477713, 45.0816838], [16.747949, 45.0816727], [16.7482424, 45.081555], [16.7485557, 45.0813128], [16.7489468, 45.0808039], [16.7490308, 45.08069], [16.7491479, 45.0804205], [16.7493035, 45.0799593], [16.7494575, 45.0795107], [16.7495313, 45.0792837], [16.7495572, 45.0791045], [16.7495667, 45.07896], [16.7495046, 45.0786316], [16.7494072, 45.0784116], [16.749316, 45.0781476], [16.7492563, 45.0778491], [16.7492218, 45.077626], [16.7492218, 45.0774091], [16.7492658, 45.07723], [16.7493129, 45.077142], [16.7493852, 45.0770131], [16.7494543, 45.0768466], [16.74947, 45.0766895], [16.7494606, 45.0764506], [16.7494166, 45.0762338], [16.7494575, 45.0761552], [16.7496146, 45.0760044], [16.7498094, 45.0759164], [16.7501582, 45.0758473], [16.7502997, 45.0758033], [16.7504882, 45.0757215], [16.7506579, 45.075621], [16.7506925, 45.0755833], [16.7508559, 45.0753727], [16.7509785, 45.0751685], [16.7511293, 45.0750365], [16.751673, 45.0748542], [16.7520061, 45.0747505], [16.7524083, 45.0746876], [16.7529677, 45.0747631], [16.7531877, 45.0747536], [16.7534234, 45.0747222], [16.7536214, 45.0746814], [16.7538193, 45.0746939], [16.753967, 45.0746939], [16.7541902, 45.0746939], [16.7543819, 45.0746845], [16.7546647, 45.0746311], [16.7548155, 45.0745651], [16.7548721, 45.0744739], [16.7548973, 45.074386], [16.7548627, 45.0742665], [16.7547873, 45.0741125], [16.7548218, 45.073946], [16.7549381, 45.0737889], [16.7551141, 45.0736632], [16.7554189, 45.0735312], [16.7560066, 45.0734338], [16.7562328, 45.0734683], [16.7563648, 45.0734903], [16.7566854, 45.073506], [16.7568488, 45.0735029], [16.7570468, 45.0734777], [16.7570876, 45.0734526], [16.7571473, 45.0733803], [16.7571631, 45.0733081], [16.7571316, 45.0732106], [16.7570562, 45.0731195], [16.7569934, 45.0730158], [16.7569839, 45.0729372], [16.7569902, 45.0728649], [16.7570531, 45.0727487], [16.7572322, 45.0726324], [16.757361, 45.0725633], [16.7577099, 45.0724564], [16.758175, 45.0724218], [16.7586966, 45.0724533], [16.7590675, 45.0724281], [16.7593754, 45.072425], [16.7596048, 45.072403], [16.7598531, 45.0723307], [16.7600479, 45.0722333], [16.7602051, 45.0721296], [16.7602711, 45.0720196], [16.7602899, 45.0719033], [16.7601391, 45.0716173], [16.7600322, 45.0714791], [16.7598877, 45.0712497], [16.7598342, 45.0710894], [16.7598814, 45.0707154], [16.7599631, 45.0705394], [16.7600919, 45.0703572], [16.7602176, 45.0702503], [16.7602836, 45.0702126], [16.7603968, 45.0701372], [16.7605036, 45.0700241], [16.7605885, 45.0698858], [16.7607016, 45.0697884], [16.7610441, 45.0696501], [16.7612327, 45.0695621], [16.7614527, 45.0694835], [16.7616287, 45.069427], [16.7619209, 45.0693327], [16.76221, 45.0692416], [16.7623954, 45.0691818], [16.7625871, 45.069119], [16.7627348, 45.0691127], [16.7629862, 45.0691253], [16.7631968, 45.0691598], [16.7633948, 45.0693013], [16.7635456, 45.0693673], [16.7639416, 45.069537], [16.7643156, 45.0696564], [16.7646015, 45.0697412], [16.7648906, 45.0698135], [16.7652772, 45.0698386], [16.7653997, 45.0698292], [16.7656009, 45.0697601], [16.7657706, 45.0697098], [16.7659026, 45.0696972], [16.7660628, 45.0696972], [16.7662702, 45.0697695], [16.7665248, 45.0698669], [16.7666505, 45.0699298], [16.7667699, 45.0699706], [16.7669113, 45.0699958], [16.7670653, 45.0699769], [16.7671187, 45.0698952], [16.7671879, 45.0698292], [16.7673576, 45.0697067], [16.7675398, 45.0695872], [16.7676624, 45.0694207], [16.7677127, 45.0693767], [16.7678761, 45.0692918], [16.7680552, 45.0692541], [16.7682972, 45.0691787], [16.768448, 45.069097], [16.7685096, 45.0690027], [16.7686716, 45.0689366], [16.7687, 45.0688195], [16.7686544, 45.0686005], [16.7688743, 45.0684154], [16.7690806, 45.0682911], [16.7694461, 45.0682296], [16.7699296, 45.0684558], [16.7700369, 45.0684733], [16.7703105, 45.0683833], [16.7704184, 45.0682956], [16.7704876, 45.0682108], [16.7705787, 45.0681354], [16.7706918, 45.0680757], [16.7708333, 45.0680977], [16.7709213, 45.0681794], [16.7710438, 45.0683239], [16.7711821, 45.0683993], [16.7713801, 45.0684182], [16.7715372, 45.0683553], [16.7716126, 45.0682579], [16.7716535, 45.0681385], [16.7716315, 45.068016], [16.7715592, 45.0679248], [16.7714461, 45.0678525], [16.7713235, 45.0677645], [16.7712701, 45.0676294], [16.7713172, 45.0674283], [16.7716063, 45.0671329], [16.7719143, 45.0670575], [16.7724391, 45.0669726], [16.7728068, 45.0668878], [16.7732468, 45.0667495], [16.7737307, 45.0667432], [16.7739853, 45.0667998], [16.7743655, 45.0668312], [16.7746766, 45.0667432], [16.7746798, 45.0665735], [16.7747458, 45.0663661], [16.7749783, 45.0660016], [16.775346, 45.0657156], [16.7755817, 45.0656307], [16.7763548, 45.0656559], [16.7766236, 45.0655425], [16.7768525, 45.065527], [16.7770725, 45.0647381], [16.776777, 45.0644981], [16.7768636, 45.0639271], [16.7769503, 45.0637359], [16.7770881, 45.0635004], [16.7772058, 45.0633115], [16.7773836, 45.0631293], [16.7776058, 45.062936], [16.7780236, 45.0626271], [16.778148, 45.0624627], [16.778328, 45.0622093], [16.7787791, 45.0618916], [16.7799169, 45.0615316], [16.7804813, 45.0611383], [16.7809368, 45.0608716], [16.7812479, 45.0608338], [16.7814324, 45.0607272], [16.7815746, 45.0606161], [16.7819657, 45.0604161], [16.7821523, 45.0603361], [16.7823745, 45.0602783], [16.7827434, 45.060305], [16.783019, 45.060305], [16.7832589, 45.0602694], [16.7835212, 45.0602116], [16.7836678, 45.060105], [16.7838989, 45.0600161], [16.7840678, 45.0599761], [16.7842811, 45.0599539], [16.7843789, 45.0599094], [16.7844233, 45.0598517], [16.7844233, 45.0597983], [16.78441, 45.0597139], [16.7843745, 45.0596205], [16.7843389, 45.0595539], [16.7843122, 45.0593806], [16.78433, 45.0592695], [16.7843878, 45.0591272], [16.7844989, 45.0589806], [16.7846589, 45.0588517], [16.7848011, 45.0587717], [16.7849122, 45.0587628], [16.7851833, 45.058825], [16.7852855, 45.0588161], [16.78541, 45.058745], [16.7854455, 45.0586917], [16.78549, 45.0585628], [16.78553, 45.0582473], [16.7857877, 45.0576873], [16.7859077, 45.0574829], [16.7860722, 45.0572606], [16.7863211, 45.0570918], [16.786561, 45.0569984], [16.7869121, 45.0569095], [16.7872055, 45.0568918], [16.787561, 45.0569184], [16.7888454, 45.0569673], [16.789392, 45.0568607], [16.7897165, 45.0567318], [16.7898631, 45.0566162], [16.789992, 45.0564384], [16.7901321, 45.0562224], [16.7904952, 45.0559575], [16.7907451, 45.0558151], [16.7915144, 45.055548], [16.7919095, 45.0554651], [16.7924132, 45.0553991], [16.7930798, 45.0553565], [16.7937943, 45.0552325], [16.7941243, 45.0550889], [16.7944095, 45.054921], [16.7949134, 45.0547662], [16.7951181, 45.0548275], [16.7955716, 45.05532], [16.7956387, 45.0553624], [16.7958896, 45.0553778], [16.7961266, 45.0553188], [16.7966291, 45.055065], [16.7970549, 45.0550621], [16.7973914, 45.0550105], [16.7979958, 45.0547939], [16.798388, 45.0547117], [16.7987866, 45.0547778], [16.7990743, 45.0552647], [16.7990892, 45.0555559], [16.7990835, 45.0557235], [16.7991361, 45.0558026], [16.7993659, 45.0558838], [16.7996566, 45.0559185], [16.7999646, 45.0559024], [16.8001469, 45.0560223], [16.8002314, 45.0561802], [16.8003322, 45.0563686], [16.8003339, 45.0566207], [16.8004405, 45.0567762], [16.8007827, 45.0569362], [16.801236, 45.0570162], [16.8016182, 45.0570473], [16.8020538, 45.0570206], [16.8026004, 45.0569273], [16.8028138, 45.0569318], [16.8030715, 45.0569762], [16.8033026, 45.0569584], [16.8036804, 45.056674], [16.8037648, 45.0565362], [16.8039159, 45.0564296], [16.8040404, 45.0563851], [16.8041782, 45.0563807], [16.8043737, 45.0564162], [16.8045337, 45.0564873], [16.8046448, 45.0565629], [16.8047426, 45.0566562], [16.8048981, 45.0567451], [16.8051514, 45.0568073], [16.8055425, 45.0567895], [16.805947, 45.0567229], [16.8062092, 45.0566607], [16.806547, 45.056554], [16.8068047, 45.0563985], [16.8069958, 45.0562651], [16.8076469, 45.0560074], [16.8077491, 45.0559518], [16.808018, 45.0559274], [16.808258, 45.0559318], [16.8085069, 45.0559185], [16.8087224, 45.0558985], [16.808938, 45.0558185], [16.8090557, 45.0557696], [16.8098913, 45.0556785], [16.8101424, 45.0556518], [16.8103113, 45.0556607], [16.8105512, 45.0556896], [16.8107668, 45.055694], [16.8109712, 45.0556896], [16.8113668, 45.0556051], [16.8115401, 45.0555207], [16.8116579, 45.0554274], [16.811769, 45.0552963], [16.811889, 45.0551518], [16.8120801, 45.0550718], [16.8121934, 45.0550696], [16.8123601, 45.0551252], [16.8127956, 45.0552341], [16.8133267, 45.0552296], [16.8135111, 45.0552185], [16.8135867, 45.0552007], [16.8136733, 45.0551341], [16.8137289, 45.0550274], [16.8138356, 45.0547185], [16.8139089, 45.0546563], [16.8140467, 45.0545274], [16.8141778, 45.054443], [16.8148, 45.0543696], [16.81506, 45.0543363], [16.8153599, 45.0543185], [16.8157355, 45.0543563], [16.8160755, 45.0544096], [16.8163821, 45.0544407], [16.8167155, 45.0544563], [16.8168888, 45.0544363], [16.8170199, 45.054423], [16.8171799, 45.054423], [16.8172843, 45.0544407], [16.817411, 45.0545052], [16.8175643, 45.0546007], [16.817791, 45.0546696], [16.8178843, 45.0546718], [16.8180376, 45.0546652], [16.8182754, 45.054603], [16.8184798, 45.0545741], [16.8185443, 45.0545741], [16.8186998, 45.0546163], [16.818782, 45.0546607], [16.8188487, 45.0547096], [16.8189287, 45.0547785], [16.8189665, 45.0548652], [16.8190065, 45.0549341], [16.8190398, 45.0549585], [16.8190776, 45.0549629], [16.8191354, 45.0549496], [16.8191687, 45.0549252], [16.8191998, 45.0547452], [16.8192109, 45.0546163], [16.8192087, 45.0544963], [16.8192042, 45.0543985], [16.8192265, 45.0542919], [16.8192909, 45.0541985], [16.8193642, 45.0541696], [16.8194665, 45.0541808], [16.819582, 45.0542385], [16.8197687, 45.0543696], [16.8199931, 45.0545963], [16.820362, 45.0548541], [16.8207486, 45.0550163], [16.8213575, 45.0551585], [16.8215286, 45.0552341], [16.8218486, 45.0552896], [16.8219241, 45.0552785], [16.8220308, 45.0552674], [16.8221152, 45.0552563], [16.8222086, 45.0552274], [16.8222597, 45.0551518], [16.8222775, 45.0550941], [16.8222597, 45.0549874], [16.8221952, 45.0549007], [16.8221108, 45.0548474], [16.8220508, 45.054783], [16.8220152, 45.0546874], [16.8220308, 45.0545807], [16.8220597, 45.0545363], [16.8221308, 45.0545052], [16.8222686, 45.0544807], [16.8224397, 45.054503], [16.8225241, 45.0545407], [16.8225779, 45.0545544], [16.8226305, 45.0545591], [16.8227367, 45.054543], [16.8233949, 45.0545002], [16.8235093, 45.0543821], [16.8236274, 45.0541292], [16.8238988, 45.0541692], [16.8240471, 45.054122], [16.8244173, 45.054174], [16.8245478, 45.0541762], [16.8246258, 45.0542636], [16.8246545, 45.0544162], [16.8248253, 45.0544366], [16.8249796, 45.054423], [16.8250418, 45.054423], [16.8251751, 45.0545119], [16.8251929, 45.0546674], [16.8251751, 45.0547607], [16.8251618, 45.0548496], [16.8251751, 45.0549207], [16.8252285, 45.0549741], [16.8252996, 45.0549829], [16.8253929, 45.0549252], [16.8254151, 45.0548541], [16.8254329, 45.0547741], [16.8255351, 45.0547652], [16.8256329, 45.054783], [16.8259707, 45.0546052], [16.8261884, 45.0545341], [16.8263129, 45.0545474], [16.8263884, 45.0545874], [16.8264329, 45.0547296], [16.826464, 45.0548674], [16.826544, 45.0550141], [16.8266551, 45.0551252], [16.8268773, 45.0552185], [16.8270551, 45.0552407], [16.8272684, 45.0552718], [16.8274328, 45.055374], [16.827455, 45.0554985], [16.8276417, 45.055614], [16.8276817, 45.0557296], [16.8278995, 45.056014], [16.8280195, 45.0560807], [16.8281572, 45.0561207], [16.8283572, 45.0561296], [16.8288283, 45.0561207], [16.8291128, 45.0561696], [16.8294994, 45.056334], [16.8294905, 45.0564851], [16.829442, 45.0568298], [16.829585, 45.0569084], [16.8297359, 45.0569414], [16.8299386, 45.0569571], [16.8301161, 45.05691], [16.8303644, 45.0567937], [16.8307179, 45.0566036], [16.8309175, 45.0565282], [16.8312632, 45.0564684], [16.8314721, 45.05647], [16.8316214, 45.0564197], [16.8317581, 45.056349], [16.8319828, 45.0562548], [16.8322358, 45.0562312], [16.8324385, 45.0562767], [16.8326208, 45.0563757], [16.8328156, 45.0565219], [16.8329036, 45.0566161], [16.8329507, 45.0566963], [16.8329712, 45.0567921], [16.8330199, 45.0569194], [16.8330419, 45.0569493], [16.833078, 45.0569917], [16.8332226, 45.0570624], [16.8335902, 45.057152], [16.8339454, 45.0572242], [16.8343759, 45.0572824], [16.834555, 45.0572698], [16.8346949, 45.0572447], [16.8347876, 45.0572164], [16.8348708, 45.057163], [16.8350107, 45.0570373], [16.8352322, 45.0567764], [16.8353249, 45.0566931], [16.8354601, 45.0566334], [16.8356879, 45.0565879], [16.8359032, 45.0566209], [16.8364531, 45.0567246], [16.8366983, 45.0567403], [16.8370377, 45.0567387], [16.8372859, 45.0566947], [16.8376253, 45.0566209], [16.8379521, 45.0565329], [16.8381941, 45.0564622], [16.8383905, 45.0563757], [16.8386184, 45.0561982], [16.8389122, 45.0559751], [16.8391039, 45.0558651], [16.8392924, 45.0558101], [16.8393899, 45.0558054], [16.8394669, 45.0558069], [16.8395643, 45.0558258], [16.8397041, 45.0558462], [16.8398487, 45.0558682], [16.8399477, 45.0558666], [16.8401048, 45.0558509], [16.8403154, 45.0558446], [16.8406595, 45.0558462], [16.8410979, 45.0559201], [16.8412896, 45.0559703], [16.8418882, 45.0561196], [16.8425482, 45.0563302], [16.8432411, 45.0565863], [16.8433474, 45.0566406], [16.8434704, 45.0566829], [16.8436366, 45.0566995], [16.8437796, 45.0567393], [16.8438744, 45.0567757], [16.8439545, 45.0568283], [16.8440912, 45.0568817], [16.844242, 45.0569618], [16.8444148, 45.0570608], [16.8445138, 45.0570875], [16.844605, 45.0571017], [16.8447605, 45.0570938], [16.8450517, 45.0570215], [16.8454006, 45.0569971], [16.8457272, 45.0569971], [16.846106, 45.0570249], [16.8464768, 45.0570437], [16.8467188, 45.0570893], [16.8471054, 45.0572653], [16.847495, 45.0574586], [16.847726, 45.0576015], [16.8478926, 45.0578482], [16.8479916, 45.0579897], [16.8481031, 45.0580886], [16.848243, 45.0581452], [16.8483482, 45.0581578], [16.8484551, 45.0581594], [16.8485651, 45.0581389], [16.8486499, 45.0581122], [16.8487411, 45.0580619], [16.8488275, 45.0579802], [16.8488903, 45.0578938], [16.8489312, 45.057853], [16.8490836, 45.0577477], [16.8494079, 45.0576137], [16.8498857, 45.0575137], [16.850099, 45.0574537], [16.8503345, 45.0573603], [16.8508323, 45.0570781], [16.8510078, 45.056967], [16.8511878, 45.0568715], [16.8516167, 45.0568448], [16.8517389, 45.0568915], [16.8518411, 45.0569981], [16.8519811, 45.0571092], [16.8521189, 45.0571448], [16.8523456, 45.0571492], [16.85263, 45.0571114], [16.8536611, 45.0568115], [16.8542166, 45.0566426], [16.854481, 45.0565026], [16.8546544, 45.0563115], [16.8548099, 45.0561804], [16.8551232, 45.0560737], [16.8555654, 45.0560026], [16.8560632, 45.0559137], [16.8565076, 45.0559048], [16.8569632, 45.0558982], [16.8572743, 45.0558559], [16.8578698, 45.0557248], [16.8587098, 45.0554937], [16.8594097, 45.0553049], [16.8600164, 45.0551293], [16.860243, 45.0550649], [16.860463, 45.055036], [16.8607141, 45.0550471], [16.8610875, 45.055056], [16.8613008, 45.0550293], [16.8615674, 45.0549582], [16.8620919, 45.0547893], [16.8623363, 45.0547604], [16.8625457, 45.0547853], [16.8628724, 45.0548897], [16.8631101, 45.0549319], [16.863459, 45.0549208], [16.8637323, 45.0548741], [16.8640345, 45.0546897], [16.8643967, 45.0544675], [16.8647634, 45.0543742], [16.86543, 45.0542919], [16.8658478, 45.0542386], [16.8661678, 45.0542431], [16.8664567, 45.0542742], [16.8668678, 45.0544008], [16.8672655, 45.0545164], [16.86763, 45.0545719], [16.8679655, 45.0545653], [16.868401, 45.0544964], [16.8688655, 45.0544119], [16.8693032, 45.0542053], [16.8697077, 45.0538897], [16.8700965, 45.0535853], [16.8703543, 45.0534453], [16.8707521, 45.0533342], [16.8711765, 45.0532142], [16.8720676, 45.0529609], [16.8724453, 45.0528431], [16.8729498, 45.0527609], [16.8734986, 45.0526587], [16.8738231, 45.0525765], [16.8740319, 45.052492], [16.874203, 45.0522942], [16.8743275, 45.0518876], [16.8743941, 45.051672], [16.8744986, 45.0514098], [16.8746408, 45.0512032], [16.8748297, 45.0510765], [16.8751052, 45.050981], [16.8754785, 45.0509054], [16.8759385, 45.0508943], [16.8776762, 45.0510032], [16.8796606, 45.0512187], [16.880105, 45.0512987], [16.8803695, 45.0512965], [16.8806272, 45.0512876], [16.8808717, 45.0511876], [16.8811828, 45.0509454], [16.881745, 45.0502454], [16.8822183, 45.0498077], [16.8824383, 45.0496566], [16.8826827, 45.0495588], [16.882936, 45.0495055], [16.883136, 45.0494921], [16.8833294, 45.049521], [16.8834671, 45.0496277], [16.8835316, 45.0498121], [16.8835649, 45.0501477], [16.8835316, 45.0504121], [16.8834627, 45.0505988], [16.8833227, 45.0508076], [16.8831694, 45.0509721], [16.8831116, 45.0511787], [16.8831256, 45.0513793], [16.8831116, 45.0516187], [16.8829783, 45.0520143], [16.8829494, 45.0521809], [16.8829783, 45.0524342], [16.8830583, 45.0525765], [16.8833094, 45.0527898], [16.8835671, 45.0528987], [16.8838071, 45.0529476], [16.8839582, 45.0529364], [16.8840915, 45.0528987], [16.8842049, 45.0528098], [16.8842738, 45.0526987], [16.8844871, 45.0525498], [16.8847649, 45.052452], [16.8852048, 45.052352], [16.8853782, 45.0522831], [16.8856048, 45.0521565], [16.8857448, 45.0520654], [16.8859115, 45.0519209], [16.8861181, 45.0518343], [16.8864381, 45.0518565], [16.8865848, 45.0518876], [16.8868137, 45.0520854], [16.8868448, 45.0521676], [16.8868359, 45.0522787], [16.886807, 45.0523631], [16.8866937, 45.0524676], [16.8864226, 45.052652], [16.8857715, 45.0532187], [16.8848234, 45.0534703], [16.885036, 45.0538031], [16.8871781, 45.0534253], [16.8928049, 45.0538664], [16.8950833, 45.0539638], [16.8965823, 45.0543692], [16.898163, 45.0545735], [16.8989603, 45.0560159], [16.9017913, 45.0552293], [16.9022891, 45.053996], [16.9036997, 45.0528728], [16.9048491, 45.0522969], [16.9073863, 45.0505133], [16.9090776, 45.0495928], [16.9091141, 45.0497712], [16.9092739, 45.0499486], [16.9098171, 45.0503134], [16.9102946, 45.0506081], [16.9106532, 45.0508088], [16.9109548, 45.0510381], [16.9111772, 45.0511631], [16.9114392, 45.0512637], [16.9118485, 45.0513954], [16.9119518, 45.0518257], [16.9122028, 45.0522899], [16.9123254, 45.0523772], [16.9123678, 45.0524861], [16.9122685, 45.052676], [16.912314, 45.0528925], [16.9124481, 45.0531294], [16.9125683, 45.053319], [16.9128031, 45.0536468], [16.912968, 45.0537179], [16.9130463, 45.0539568], [16.9131413, 45.0541088], [16.9133789, 45.0542806], [16.9137563, 45.0543952], [16.9144942, 45.054873], [16.9149777, 45.0550389], [16.9154669, 45.0551573], [16.9155927, 45.0552245], [16.9162439, 45.055341], [16.9168952, 45.0554101], [16.9175521, 45.0554417], [16.917935, 45.0554831], [16.9181893, 45.0555325], [16.9183095, 45.0555345], [16.9184549, 45.0554812], [16.9185611, 45.0553864], [16.9186561, 45.0552679], [16.9187372, 45.0552185], [16.9188574, 45.0551988], [16.918972, 45.0552225], [16.9190614, 45.0552956], [16.9191453, 45.0555246], [16.91919, 45.0558247], [16.9191704, 45.056117], [16.9192906, 45.0564309], [16.9195897, 45.0567054], [16.9198832, 45.0569502], [16.9204115, 45.0572089], [16.920895, 45.0577064], [16.921046, 45.0579355], [16.9211103, 45.0585515], [16.9211969, 45.0587489], [16.9211913, 45.0589326], [16.921127, 45.0591636], [16.9211159, 45.0593985], [16.9213143, 45.0596216], [16.9214792, 45.0598566], [16.921619, 45.0602396], [16.9215072, 45.0606069], [16.9217532, 45.060676], [16.9219544, 45.0607569], [16.9220271, 45.0607905], [16.9231619, 45.0609307], [16.9235756, 45.0609247], [16.9241297, 45.0611147], [16.9243866, 45.0615224], [16.9247977, 45.0616369], [16.9257346, 45.0614973], [16.926537, 45.0612823], [16.9270865, 45.0612013], [16.9278454, 45.0613912], [16.9283079, 45.0616117], [16.9284937, 45.0621283], [16.9286874, 45.0624801], [16.9295373, 45.0632339], [16.9299444, 45.0636723], [16.9305532, 45.0638566], [16.9310433, 45.0639487], [16.9317746, 45.0647221], [16.9322767, 45.06518], [16.9327352, 45.0658109], [16.9330079, 45.0663554], [16.933336, 45.0666597], [16.934178, 45.0669863], [16.9349567, 45.0676005], [16.9353639, 45.0677792], [16.9358027, 45.0677681], [16.9362612, 45.0684493], [16.9363086, 45.0691053], [16.9365537, 45.0693566], [16.9371427, 45.0695827], [16.9373522, 45.0698144], [16.9375182, 45.0706045], [16.9378503, 45.0710316], [16.9387278, 45.0719166], [16.9391192, 45.0720199], [16.939807, 45.0722571], [16.9406687, 45.0727513], [16.9413368, 45.0726424], [16.9418981, 45.0726201], [16.9424752, 45.0724805], [16.9430919, 45.0718607], [16.9443291, 45.0715564], [16.9448707, 45.0716151], [16.9453174, 45.0718105], [16.94644, 45.0718719], [16.9469855, 45.0717016], [16.9474678, 45.0716653], [16.9484085, 45.0713889], [16.9494956, 45.071241], [16.9505115, 45.070906], [16.9509107, 45.0710065], [16.9513772, 45.0713303], [16.9517567, 45.0714169], [16.9524089, 45.0707776], [16.9527489, 45.070638], [16.9535039, 45.0707134], [16.9538992, 45.0708139], [16.9542549, 45.0708194], [16.9549704, 45.0706045], [16.9550455, 45.0706157], [16.9551654, 45.0710925], [16.9552273, 45.0713387], [16.9553578, 45.0714783], [16.9554764, 45.0715257], [16.955674, 45.0717574], [16.9558242, 45.0720924], [16.9559507, 45.0722544], [16.9563065, 45.0723465], [16.9566425, 45.0722934], [16.9568401, 45.0720617], [16.957018, 45.0720115], [16.9573263, 45.0720561], [16.9579153, 45.0722376], [16.958366, 45.0722879], [16.9586743, 45.0723744], [16.9588838, 45.0725419], [16.9592514, 45.0725363], [16.9594886, 45.0725866], [16.9597574, 45.0725921], [16.9602357, 45.0724721], [16.9603385, 45.0725168], [16.9606389, 45.0725363], [16.9613465, 45.0722041], [16.9615204, 45.0721008], [16.9616983, 45.0721176], [16.9617734, 45.072179], [16.961892, 45.0725028], [16.962062, 45.0726089], [16.9622952, 45.0726256], [16.9625244, 45.0724274], [16.9626351, 45.0724191], [16.9630779, 45.0724777], [16.9638447, 45.0727457], [16.9647737, 45.0728322], [16.9649713, 45.072969], [16.9654259, 45.0730109], [16.965619, 45.0729253], [16.9656134, 45.0729115], [16.9656665, 45.0729065], [16.9660145, 45.0727141], [16.9660037, 45.0724885], [16.9662567, 45.0723796], [16.9667943, 45.0723154], [16.9673991, 45.0722261], [16.9676995, 45.0721424], [16.9678655, 45.0720139], [16.9683439, 45.0721368], [16.9687945, 45.072321], [16.969004, 45.0724718], [16.9692174, 45.072469], [16.9694823, 45.0726532], [16.9698222, 45.0725695], [16.9698539, 45.0724774], [16.9704073, 45.0720307], [16.9703796, 45.0719637], [16.9710793, 45.0714668], [16.9713323, 45.0711904], [16.9718382, 45.0713021], [16.9719805, 45.0714109], [16.9726012, 45.071517], [16.9729372, 45.0715254], [16.9731308, 45.0715114], [16.9731467, 45.0715533], [16.9730755, 45.0718353], [16.9732969, 45.0721647], [16.9733404, 45.0723796], [16.9753208, 45.0741802], [16.9747674, 45.0746017], [16.9745776, 45.0748753], [16.9745855, 45.0750595], [16.9749136, 45.0754755], [16.9750282, 45.0757044], [16.9749808, 45.0760086], [16.9749097, 45.0762794], [16.9750045, 45.0766814], [16.9749452, 45.0770135], [16.9744827, 45.0774741], [16.9743325, 45.0778537], [16.9740598, 45.0781077], [16.9738463, 45.0781803], [16.9734787, 45.0781859], [16.9733127, 45.0782445], [16.9734945, 45.0786632], [16.9736368, 45.0789005], [16.9738859, 45.0791796], [16.9739412, 45.079442], [16.9738938, 45.0796625], [16.973708, 45.0798774], [16.9735854, 45.0799165], [16.9734352, 45.0800951], [16.9734906, 45.080123], [16.9733443, 45.0802933], [16.9732376, 45.080444], [16.9730597, 45.0805613], [16.9730083, 45.0807566], [16.9727395, 45.0810693], [16.9723916, 45.0811251], [16.9719647, 45.0812591], [16.9715734, 45.0814265], [16.97102, 45.0818536], [16.9707828, 45.0819987], [16.970601, 45.0822527], [16.9705654, 45.0824034], [16.9705496, 45.0825876], [16.9706682, 45.0826937], [16.9708461, 45.0827635], [16.9712769, 45.0829337], [16.9716208, 45.0831235], [16.9717908, 45.0833329], [16.9718224, 45.0834947], [16.9717908, 45.083785], [16.9718699, 45.0840278], [16.9720477, 45.0843655], [16.9723007, 45.0846223], [16.9727474, 45.0849684], [16.9730281, 45.0852028], [16.973119, 45.0854094], [16.9731585, 45.085775], [16.9731822, 45.0860848], [16.9733285, 45.086255], [16.9734827, 45.0863946], [16.9738068, 45.0865258], [16.9740163, 45.0867072], [16.9739965, 45.0868997], [16.9736605, 45.0874412], [16.9736882, 45.0877928], [16.9737356, 45.0881305], [16.9739096, 45.0883119], [16.9741309, 45.0884431], [16.9741665, 45.0885659], [16.974542, 45.0891185], [16.9746488, 45.0895287], [16.974633, 45.0898915], [16.9746606, 45.0901483], [16.9753959, 45.090179], [16.9755738, 45.0902264], [16.9757279, 45.0911194], [16.9758386, 45.0913873], [16.9759256, 45.0914962], [16.9758426, 45.0916915], [16.975633, 45.0919064], [16.975467, 45.0919817], [16.9755263, 45.0920766], [16.9756888, 45.0920871], [16.9757363, 45.092089], [16.9758257, 45.0921048], [16.9758676, 45.0921186], [16.9759124, 45.0921305], [16.9759599, 45.0921384], [16.9760018, 45.0921482], [16.9760465, 45.0921581], [16.9760885, 45.0921739], [16.9761304, 45.0921897], [16.9761667, 45.0922134], [16.9761807, 45.0922469], [16.9761891, 45.0922805], [16.9762003, 45.092314], [16.9762198, 45.0923436], [16.9762562, 45.0923673], [16.9762925, 45.092387], [16.9763316, 45.0924048], [16.9763624, 45.0924304], [16.9763847, 45.092462], [16.9764043, 45.0924936], [16.9764267, 45.0925212], [16.9764658, 45.092539], [16.9765161, 45.0925449], [16.9765636, 45.0925468], [16.9765972, 45.0925705], [16.9766, 45.0926416], [16.9766335, 45.0926652], [16.9766782, 45.0926731], [16.976723, 45.0926692], [16.9767593, 45.0926475], [16.97679, 45.0926218], [16.9768376, 45.0926218], [16.9768795, 45.0926356], [16.9769214, 45.0926554], [16.976955, 45.092681], [16.9769773, 45.0927087], [16.977022, 45.0927185], [16.9770668, 45.0927185], [16.9771059, 45.0926968], [16.977145, 45.0926771], [16.9771897, 45.092681], [16.9772261, 45.0927008], [16.9772596, 45.0927225], [16.9773071, 45.0927284], [16.9773519, 45.0927165], [16.9773575, 45.092685], [16.9773938, 45.0926652], [16.9774357, 45.092685], [16.9774469, 45.0927225], [16.9774665, 45.092754], [16.9774916, 45.0927817], [16.977528, 45.0928053], [16.9775755, 45.0928152], [16.9776258, 45.0928231], [16.9776454, 45.0928547], [16.9776845, 45.0928724], [16.9777292, 45.0928626], [16.9777628, 45.0928369], [16.9777683, 45.0928053], [16.9778047, 45.0927856], [16.9778494, 45.0927876], [16.9778941, 45.0928014], [16.9779333, 45.0928192], [16.9779668, 45.0928428], [16.9779836, 45.0928744], [16.9779836, 45.0929099], [16.9779892, 45.0929435], [16.9780255, 45.0929691], [16.9780674, 45.0929612], [16.9780926, 45.0929336], [16.9781401, 45.0929277], [16.9781848, 45.0929376], [16.9782323, 45.0929316], [16.9782715, 45.0929158], [16.9783162, 45.0929119], [16.9783581, 45.0929237], [16.9784028, 45.0929277], [16.9790709, 45.092906], [16.9793113, 45.0929533], [16.9794259, 45.0930382], [16.979465, 45.0930994], [16.9794762, 45.0931309], [16.9794818, 45.0931645], [16.9794957, 45.093196], [16.9795209, 45.0932237], [16.97956, 45.0932454], [16.979602, 45.0932612], [16.9796495, 45.0932691], [16.9797026, 45.0932592], [16.9797417, 45.0932454], [16.9797836, 45.0932276], [16.9798228, 45.0932099], [16.9798591, 45.0931901], [16.9798926, 45.0931625], [16.9799178, 45.0931309], [16.9799346, 45.0930974], [16.9799458, 45.0930658], [16.9799597, 45.0930283], [16.9799765, 45.0929967], [16.9799989, 45.0929632], [16.9800324, 45.0929297], [16.9800632, 45.092908], [16.9801107, 45.0928823], [16.980161, 45.0928626], [16.9802085, 45.0928468], [16.9802672, 45.0928349], [16.9803147, 45.092827], [16.980365, 45.0928211], [16.9804545, 45.0928231], [16.9804992, 45.0928389], [16.9805299, 45.0928665], [16.9805607, 45.0929001], [16.9805914, 45.0929277], [16.9806362, 45.0929514], [16.9806837, 45.0929612], [16.9807312, 45.0929612], [16.9808206, 45.0929553], [16.9812175, 45.0929119], [16.981307, 45.0929001], [16.9815138, 45.0928645], [16.9816089, 45.0928488], [16.9816983, 45.0928409], [16.9818325, 45.0928251], [16.9819163, 45.0928053], [16.981989, 45.0927698], [16.9820449, 45.0927146], [16.982084, 45.0926554], [16.982112, 45.0925922], [16.9821567, 45.0925094], [16.9822294, 45.092458], [16.9823132, 45.0924344], [16.9824083, 45.0924265], [16.9825313, 45.0924304], [16.9826207, 45.0924383], [16.9827102, 45.0924541], [16.9828108, 45.0924738], [16.9829114, 45.0924936], [16.9830064, 45.0925094], [16.9830959, 45.0925291], [16.9831853, 45.0925528], [16.9832748, 45.0925843], [16.9833866, 45.0926317], [16.9834704, 45.0926672], [16.9835543, 45.0927027], [16.9836325, 45.0927304], [16.9837444, 45.0927383], [16.983845, 45.0927146], [16.9840183, 45.0927146], [16.9841413, 45.0927501], [16.9842754, 45.0928132], [16.9843593, 45.0928488], [16.9844487, 45.0928645], [16.9845438, 45.0928764], [16.9847562, 45.0928764], [16.9848456, 45.0928843], [16.9849351, 45.0929001], [16.9850133, 45.0929435], [16.9850748, 45.0930066], [16.985086, 45.0930777], [16.9850916, 45.0931487], [16.9851475, 45.0932], [16.9852314, 45.0932316], [16.985332, 45.0932355], [16.9854158, 45.0932118], [16.9854773, 45.0931645], [16.9855053, 45.0931013], [16.985578, 45.0935197], [16.9855053, 45.093863], [16.9855947, 45.0940406], [16.9855947, 45.0941906], [16.9856227, 45.0943563], [16.9850972, 45.0947628], [16.9847059, 45.0949956], [16.9843537, 45.0951811], [16.9842866, 45.0952324], [16.9842363, 45.0952955], [16.9841804, 45.0953587], [16.9841469, 45.0954218], [16.9841245, 45.0954889], [16.9841077, 45.095556], [16.9840854, 45.0956231], [16.9840518, 45.0956902], [16.9839959, 45.0957533], [16.9839344, 45.0958165], [16.9838729, 45.0958757], [16.9837947, 45.095923], [16.9836493, 45.0961124], [16.98394, 45.0961401], [16.9840239, 45.0961598], [16.9841133, 45.0961795], [16.9841972, 45.096215], [16.9842475, 45.0962782], [16.9838617, 45.0967359], [16.9836869, 45.0968674], [16.98359, 45.0969282], [16.9835248, 45.0969681], [16.9834014, 45.0969871], [16.983188, 45.0970876], [16.983101, 45.0970876], [16.9829785, 45.0970318], [16.9828006, 45.0970262], [16.982176, 45.0971936], [16.9821207, 45.0972299], [16.9820574, 45.097255], [16.9820021, 45.0972829], [16.9819507, 45.0973164], [16.9819072, 45.0973527], [16.9818519, 45.0973862], [16.9817886, 45.0974057], [16.9817254, 45.0974197], [16.9816621, 45.0974364], [16.9815989, 45.0974559], [16.9815436, 45.0974838], [16.9815001, 45.0975229], [16.9814566, 45.0975648], [16.9814131, 45.0976038], [16.981006, 45.0975843], [16.980915, 45.0977154], [16.9807609, 45.0977991], [16.9807806, 45.0978717], [16.9807846, 45.0979191], [16.9807846, 45.0979721], [16.9807648, 45.0980196], [16.9807332, 45.0980614], [16.9806976, 45.0981005], [16.9806581, 45.0981424], [16.9806107, 45.0981786], [16.9806028, 45.0983209], [16.980413, 45.0982958], [16.9803458, 45.0982958], [16.9802984, 45.098307], [16.980334, 45.0982372], [16.9804881, 45.0981507], [16.9804051, 45.0980224], [16.9801798, 45.0980921], [16.979488, 45.0981089], [16.979239, 45.0981814], [16.9789307, 45.098201], [16.9788793, 45.0983628], [16.9786856, 45.0983768], [16.9784879, 45.0984381], [16.9782666, 45.0984605], [16.9781875, 45.0987786], [16.9782073, 45.0990241], [16.9781282, 45.0991692], [16.9781954, 45.0992557], [16.978318, 45.0992641], [16.9784879, 45.0994789], [16.9787093, 45.0996101], [16.9788595, 45.0995571], [16.9789346, 45.0996352], [16.9789623, 45.099677], [16.9789742, 45.0997245], [16.9789821, 45.0997719], [16.9789821, 45.0998193], [16.9789623, 45.0998668], [16.9789425, 45.099917], [16.9789781, 45.0999588], [16.9790295, 45.0999895], [16.9790453, 45.100037], [16.9790493, 45.1000844], [16.9790769, 45.1001291], [16.9791125, 45.1001681], [16.979156, 45.10021], [16.9792232, 45.1002546], [16.9792429, 45.1002993], [16.9792588, 45.1003467], [16.9792706, 45.1003997], [16.9792746, 45.1004471], [16.9792746, 45.1004974], [16.9792627, 45.1005504], [16.9792271, 45.1005922], [16.9791876, 45.1006313], [16.9791204, 45.1006648], [16.9790532, 45.1006843], [16.978986, 45.1007011], [16.9788516, 45.1007011], [16.9787765, 45.1006927], [16.9787172, 45.100662], [16.9786856, 45.1006201], [16.9786816, 45.1005727], [16.9786737, 45.1005253], [16.9786144, 45.1005002], [16.9785433, 45.1005002], [16.9784761, 45.1005169], [16.9784207, 45.1005504], [16.978401, 45.100595], [16.978401, 45.1006425], [16.9784168, 45.1006899], [16.9783891, 45.1007345], [16.9783377, 45.100768], [16.9783101, 45.1008155], [16.9783219, 45.1008657], [16.9783852, 45.1008852], [16.9784524, 45.1008908], [16.9785196, 45.1009047], [16.978563, 45.1009382], [16.9785828, 45.1009829], [16.978571, 45.1010303], [16.9785117, 45.1010666], [16.9784524, 45.1010945], [16.9783891, 45.1011084], [16.9783298, 45.1011391], [16.9784366, 45.1016134], [16.9784524, 45.101965], [16.9783773, 45.1019845], [16.9783101, 45.1020041], [16.9782468, 45.1020236], [16.9781915, 45.1020515], [16.9781598, 45.1020961], [16.9781598, 45.1021464], [16.9781678, 45.1021938], [16.9781401, 45.1022384], [16.9780847, 45.1022663], [16.9780215, 45.1022859], [16.9779662, 45.102311], [16.9779503, 45.1023584], [16.977978, 45.1024031], [16.9780373, 45.1024254], [16.9780926, 45.1024505], [16.9781361, 45.1024951], [16.9781361, 45.1025454], [16.9781006, 45.10259], [16.9780373, 45.1026123], [16.9779741, 45.1026319], [16.9779108, 45.1026542], [16.9778515, 45.1026877], [16.9777883, 45.1027183], [16.9777408, 45.1027518], [16.9776934, 45.1027881], [16.9776499, 45.10283], [16.9776143, 45.1028718], [16.9775827, 45.1029137], [16.9775551, 45.1029667], [16.9775471, 45.1030253], [16.9775471, 45.1030727], [16.977563, 45.1031173], [16.9775827, 45.103162], [16.9776183, 45.103201], [16.9776697, 45.1032373], [16.9777329, 45.1032624], [16.9778001, 45.103282], [16.9778673, 45.1032931], [16.9779266, 45.103321], [16.9779662, 45.1033573], [16.977982, 45.1034131], [16.9779859, 45.1034661], [16.977978, 45.1035191], [16.9779187, 45.1035526], [16.9778555, 45.1035665], [16.9777883, 45.103561], [16.9777448, 45.1035275], [16.9777132, 45.1034856], [16.9776776, 45.1034466], [16.9776302, 45.1034159], [16.9775709, 45.1033963], [16.9775037, 45.1034103], [16.9774523, 45.1034521], [16.9774167, 45.1035024], [16.9774286, 45.103561], [16.9774562, 45.1036056], [16.9774681, 45.103653], [16.9775037, 45.1036977], [16.9775313, 45.1037451], [16.9775471, 45.1037897], [16.9775234, 45.1038344], [16.9774523, 45.1038511], [16.9774167, 45.103893], [16.9774207, 45.1039432], [16.9774562, 45.1039878], [16.9775037, 45.1040185], [16.9775195, 45.104066], [16.9774958, 45.1041106], [16.9774444, 45.1041441], [16.9774167, 45.1041887], [16.9774088, 45.1042417], [16.9774167, 45.104292], [16.9774404, 45.1043366], [16.977476, 45.1043812], [16.9775155, 45.1044203], [16.9775669, 45.1044594], [16.9776183, 45.1044956], [16.9776736, 45.1045291], [16.9777092, 45.1045682], [16.9777329, 45.1046184], [16.9777408, 45.1046742], [16.9777408, 45.1047216], [16.9777053, 45.1047607], [16.977642, 45.1047942], [16.9775748, 45.1048165], [16.9775155, 45.1048472], [16.9774799, 45.104889], [16.9774562, 45.1049392], [16.9774562, 45.1049895], [16.9774602, 45.1050425], [16.9774602, 45.1050955], [16.9774127, 45.105129], [16.9773376, 45.105129], [16.9772783, 45.1051011], [16.9772309, 45.1050676], [16.9771716, 45.1050453], [16.9771005, 45.1050257], [16.9770254, 45.1050202], [16.9769582, 45.1050341], [16.9769068, 45.1050648], [16.9768751, 45.1051066], [16.9768514, 45.1051569], [16.9768238, 45.1052071], [16.9767882, 45.1052517], [16.9767447, 45.1052992], [16.9767052, 45.1053382], [16.9766656, 45.1053801], [16.9766182, 45.1054135], [16.976555, 45.1054414], [16.9764917, 45.1054638], [16.9763415, 45.1054638], [16.9762703, 45.1054554], [16.9761913, 45.1054387], [16.976132, 45.1054191], [16.9760648, 45.1053996], [16.9760016, 45.1053801], [16.9759264, 45.1053717], [16.9758553, 45.1053689], [16.9757723, 45.1053689], [16.9757051, 45.1053717], [16.9756339, 45.1053829], [16.9755865, 45.1054163], [16.9755628, 45.1054638], [16.9755509, 45.1055112], [16.9755232, 45.1055782], [16.9755074, 45.1056284], [16.9755074, 45.1056758], [16.9755351, 45.1057204], [16.9755588, 45.1057651], [16.9755509, 45.1058125], [16.9755035, 45.105846], [16.9754323, 45.1058572], [16.9753651, 45.1058572], [16.9753177, 45.1058906], [16.9753019, 45.1059381], [16.975294, 45.1059911], [16.9752703, 45.1060357], [16.975207, 45.1060636], [16.9751398, 45.1060692], [16.9750608, 45.1060692], [16.9749896, 45.106058], [16.9749264, 45.1060469], [16.9748552, 45.1060357], [16.9747801, 45.1060329], [16.9747129, 45.1060469], [16.9746536, 45.1060664], [16.9745943, 45.1060915], [16.9745429, 45.1061222], [16.9745113, 45.106164], [16.9745232, 45.1062143], [16.9746141, 45.1062896], [16.9746536, 45.1063342], [16.9746892, 45.1063789], [16.9747168, 45.1064207], [16.9747287, 45.1064709], [16.974705, 45.1065184], [16.9746536, 45.1065519], [16.9745825, 45.1065491], [16.9745192, 45.1065295], [16.974456, 45.1065156], [16.9744006, 45.1065491], [16.9744006, 45.1066467], [16.9743967, 45.1066941], [16.9743571, 45.106736], [16.9743018, 45.1067639], [16.9742346, 45.1067611], [16.9741674, 45.1067639], [16.9741239, 45.1068057], [16.9740962, 45.1068504], [16.9740804, 45.1069062], [16.9740804, 45.1069564], [16.974116, 45.1069982], [16.9741793, 45.107015], [16.9742504, 45.1070066], [16.9743137, 45.1069955], [16.9743848, 45.1069955], [16.9744441, 45.107015], [16.9745034, 45.1070457], [16.9745785, 45.1070652], [16.9746496, 45.1070708], [16.9747168, 45.1070624], [16.9747761, 45.1070401], [16.9748394, 45.1070345], [16.9749066, 45.1070345], [16.9749738, 45.1070429], [16.9750252, 45.1070736], [16.9750845, 45.1070903], [16.9752149, 45.1070903], [16.9752782, 45.1070931], [16.9753414, 45.1071126], [16.9754165, 45.1071405], [16.9754719, 45.1071684], [16.9755193, 45.1072019], [16.9755312, 45.1072493], [16.9754956, 45.1072884], [16.9754244, 45.1073079], [16.975377, 45.1073442], [16.975377, 45.1073916], [16.9753493, 45.1074335], [16.9752782, 45.1074446], [16.975207, 45.1074418], [16.9751596, 45.1074084], [16.9751121, 45.1073693], [16.9750449, 45.1073526], [16.9749738, 45.1073637], [16.9749501, 45.1074084], [16.9749777, 45.107453], [16.975037, 45.1074753], [16.9751161, 45.1074865], [16.9751754, 45.1075088], [16.975207, 45.1075479], [16.975211, 45.1075953], [16.9751793, 45.1076371], [16.97512, 45.1076678], [16.9750489, 45.1076818], [16.9749777, 45.1077152], [16.974954, 45.1077655], [16.974954, 45.1078157], [16.974958, 45.1078659], [16.9749896, 45.1079077], [16.975041, 45.1079384], [16.9750805, 45.1079775], [16.9751003, 45.1080305], [16.9751398, 45.1080696], [16.9752031, 45.1080863], [16.9752465, 45.1081226], [16.9752663, 45.1081672], [16.9752703, 45.1082174], [16.9753019, 45.1082565], [16.9753691, 45.1082593], [16.9754323, 45.1082453], [16.97546, 45.1082035], [16.975456, 45.108156], [16.9754956, 45.108117], [16.9755628, 45.108117], [16.9756142, 45.1081477], [16.9756537, 45.1081895], [16.9756576, 45.1082369], [16.9755588, 45.1083067], [16.9755391, 45.1083569], [16.9755786, 45.108396], [16.9756418, 45.1084099], [16.9757565, 45.108382], [16.9758197, 45.1083737], [16.9758909, 45.1083681], [16.9759581, 45.1083681], [16.9760134, 45.1083876], [16.9760648, 45.1083625], [16.9760648, 45.1083179], [16.9760608, 45.1082676], [16.9761241, 45.1082425], [16.9761834, 45.1082314], [16.9762308, 45.1082676], [16.9762466, 45.1083179], [16.9762466, 45.1083653], [16.9762348, 45.1084127], [16.9762941, 45.1084406], [16.9763573, 45.1084378], [16.9764127, 45.1084099], [16.9764601, 45.1083792], [16.9765273, 45.108382], [16.9765589, 45.1084267], [16.976551, 45.1084741], [16.9764957, 45.1085076], [16.9764324, 45.1085299], [16.976385, 45.1085689], [16.9764008, 45.1086192], [16.9764522, 45.1086526], [16.9765154, 45.1086666], [16.9765787, 45.1086638], [16.976638, 45.1086861], [16.9766735, 45.108728], [16.976638, 45.108767], [16.9765708, 45.1087838], [16.9764364, 45.1087838], [16.9763692, 45.1088144], [16.9763217, 45.1088535], [16.9762822, 45.1088954], [16.9762545, 45.1089428], [16.9762229, 45.1089846], [16.976128, 45.1090627], [16.9760846, 45.1091046], [16.9760648, 45.1091492], [16.9760648, 45.1091994], [16.9761004, 45.1092413], [16.9761399, 45.1092859], [16.9761636, 45.1093306], [16.9761518, 45.109378], [16.9760885, 45.1094003], [16.9760253, 45.1093808], [16.9760134, 45.1093361], [16.9759778, 45.1092943], [16.9759106, 45.1092943], [16.9758474, 45.109311], [16.9757802, 45.1093082], [16.9757525, 45.109258], [16.9757683, 45.1092106], [16.9758237, 45.1091827], [16.975879, 45.1091576], [16.9759185, 45.1091157], [16.9759502, 45.1090711], [16.9759541, 45.1090237], [16.9759462, 45.1089707], [16.9759146, 45.1089288], [16.9758711, 45.108887], [16.9758118, 45.1088563], [16.9757446, 45.1088368], [16.9756695, 45.1088284], [16.9755904, 45.108834], [16.9755312, 45.1088591], [16.9754995, 45.1089037], [16.9754956, 45.1089511], [16.9754758, 45.1089986], [16.9754007, 45.1090209], [16.9753375, 45.1090376], [16.9752544, 45.1090544], [16.975211, 45.1090934], [16.9750884, 45.1091576], [16.9750449, 45.1092022], [16.9749896, 45.1092441], [16.9749382, 45.1092859], [16.9748829, 45.1093222], [16.9748275, 45.1093473], [16.9747643, 45.109378], [16.974705, 45.1094115], [16.9746576, 45.1094477], [16.9746101, 45.1094868], [16.9745706, 45.1095286], [16.974539, 45.1095705], [16.9745153, 45.1096179], [16.9745153, 45.1096653], [16.9745271, 45.1098244], [16.9745429, 45.109922], [16.974539, 45.1099778], [16.9745232, 45.1100252], [16.9745271, 45.1100726], [16.9745508, 45.1101173], [16.9745785, 45.1101591], [16.9746101, 45.1102038], [16.9748117, 45.1104297], [16.9748354, 45.1104744], [16.9748671, 45.110519], [16.9748987, 45.1105609], [16.9749264, 45.1106027], [16.974954, 45.1106473], [16.9749856, 45.110692], [16.9750094, 45.1107394], [16.9750291, 45.1107868], [16.9750489, 45.110837], [16.9750726, 45.1108873], [16.9750963, 45.1109821], [16.9751003, 45.1110351], [16.9751003, 45.1110909], [16.9750331, 45.1111104], [16.9749738, 45.1110853], [16.9749145, 45.111063], [16.9748433, 45.1110602], [16.9747761, 45.1110742], [16.9747168, 45.1110993], [16.9746694, 45.1111439], [16.9746338, 45.111183], [16.9746338, 45.1112304], [16.9746378, 45.1112806], [16.9746813, 45.1113169], [16.9747327, 45.1113531], [16.9747564, 45.1113978], [16.9747564, 45.1114452], [16.9747366, 45.1114926], [16.9746813, 45.1115261], [16.9746022, 45.1115568], [16.9745232, 45.1115791], [16.974456, 45.1115958], [16.9743888, 45.1116154], [16.9743176, 45.1116349], [16.9742583, 45.1116572], [16.974203, 45.1116879], [16.9741595, 45.1118469], [16.9741555, 45.1118943], [16.9741555, 45.1119892], [16.9741713, 45.1120422], [16.974199, 45.112098], [16.9742465, 45.1121594], [16.9743176, 45.1121872], [16.9743848, 45.1121872], [16.9744243, 45.112151], [16.9744955, 45.112137], [16.9745627, 45.1121454], [16.9745904, 45.11219], [16.9745943, 45.1122403], [16.9745904, 45.1122877], [16.9746615, 45.1123044], [16.9747208, 45.1122821], [16.9747366, 45.1122375], [16.9747168, 45.11219], [16.9747168, 45.1121454], [16.9747524, 45.1121063], [16.9748196, 45.1120952], [16.9748789, 45.1121119], [16.9749224, 45.1121538], [16.9749382, 45.112204], [16.9749303, 45.1122598], [16.9749659, 45.1123016], [16.9750291, 45.1122933], [16.9750805, 45.1122681], [16.975128, 45.1122403], [16.9751912, 45.112257], [16.9752228, 45.112296], [16.9752228, 45.1123518], [16.9751912, 45.1123993], [16.9751517, 45.1124411], [16.975124, 45.1124913], [16.97512, 45.1125471], [16.9751121, 45.1125973], [16.9751556, 45.1126364], [16.9752189, 45.1126448], [16.9752782, 45.1126196], [16.9753098, 45.112575], [16.9753414, 45.1125332], [16.9753809, 45.1124969], [16.9754481, 45.1124913], [16.9754916, 45.1125332], [16.9754956, 45.1125834], [16.9754798, 45.1126336], [16.9754877, 45.112681], [16.9755272, 45.1127201], [16.975547, 45.1127675], [16.9754956, 45.112801], [16.9754244, 45.1127954], [16.9753533, 45.1128038], [16.9752821, 45.1128205], [16.9752149, 45.1128177], [16.9751477, 45.1128038], [16.9750766, 45.1127954], [16.9750094, 45.1128093], [16.9749817, 45.1128512], [16.9749738, 45.1129014], [16.9750133, 45.1129405], [16.9750805, 45.1129572], [16.9751438, 45.1129628], [16.9751991, 45.1129907], [16.9751477, 45.1130241], [16.9750805, 45.1130437], [16.9750647, 45.1130939], [16.9750647, 45.1131441], [16.9749896, 45.1131469], [16.9749501, 45.113105], [16.9749026, 45.1130688], [16.9748275, 45.1130716], [16.9747643, 45.1130939], [16.9747129, 45.1131274], [16.9746971, 45.1131804], [16.974705, 45.113278], [16.9747406, 45.1133198], [16.9747959, 45.1133505], [16.9748552, 45.1133756], [16.9749303, 45.113384], [16.9749936, 45.113384], [16.9750568, 45.1133924], [16.9751161, 45.1134119], [16.9751675, 45.1134398], [16.9751952, 45.1134816], [16.9751952, 45.1135318], [16.9751517, 45.1135709], [16.9750963, 45.1136072], [16.9750766, 45.1136602], [16.9750963, 45.1137076], [16.9751161, 45.1137578], [16.9750647, 45.1138024], [16.9750054, 45.1138275], [16.9750015, 45.1138778], [16.975041, 45.113914], [16.9750647, 45.1139587], [16.9750331, 45.1140033], [16.9749619, 45.1140089], [16.9748908, 45.1140284], [16.9748315, 45.1140619], [16.9747999, 45.1141065], [16.974792, 45.1141567], [16.9748078, 45.1142041], [16.9748671, 45.1142265], [16.9749343, 45.1142348], [16.9750608, 45.1142181], [16.9751359, 45.1142181], [16.9751991, 45.1142153], [16.9752624, 45.1142292], [16.9752624, 45.1142795], [16.9752031, 45.1143018], [16.9751398, 45.1143157], [16.9750647, 45.1143297], [16.9749936, 45.1143576], [16.9749343, 45.1143855], [16.9748829, 45.1144189], [16.9748631, 45.1144664], [16.9749145, 45.1145054], [16.9749777, 45.1145277], [16.9750449, 45.1145389], [16.97512, 45.1145417], [16.9751635, 45.1145779], [16.9751793, 45.1146254], [16.9751675, 45.1146756], [16.9751161, 45.1147118], [16.9750449, 45.1147369], [16.9749936, 45.1147704], [16.9749777, 45.1148178], [16.9749659, 45.1148653], [16.9749659, 45.1149155], [16.9749817, 45.1149601], [16.9750212, 45.1149992], [16.9750845, 45.1150131], [16.9751438, 45.1150298], [16.9751793, 45.1150717], [16.9751872, 45.1151247], [16.9751635, 45.1151721], [16.9751042, 45.1151972], [16.9750647, 45.1152418], [16.9750845, 45.1152893], [16.9751359, 45.11532], [16.9752307, 45.1153478], [16.9752861, 45.1153674], [16.975294, 45.1154148], [16.97529, 45.1154622], [16.9752584, 45.1155068], [16.9752228, 45.1155487], [16.9751793, 45.115585], [16.975128, 45.1156212], [16.9750766, 45.1156603], [16.9750252, 45.1156965], [16.9749698, 45.1157328], [16.9749264, 45.1157719], [16.9748908, 45.1158165], [16.974875, 45.1158667], [16.9748868, 45.1159253], [16.9749145, 45.1159727], [16.974958, 45.1160062], [16.9750173, 45.1160396], [16.9750884, 45.116062], [16.9751596, 45.1160759], [16.9752979, 45.1160926], [16.9753533, 45.1161261], [16.975377, 45.116168], [16.9753888, 45.116221], [16.9753968, 45.1162684], [16.9754284, 45.1163158], [16.9754442, 45.1163604], [16.9754402, 45.1164079], [16.9754323, 45.1164581], [16.9754284, 45.1165055], [16.9754284, 45.1165557], [16.9754402, 45.1166031], [16.975464, 45.1166505], [16.9754956, 45.1166896], [16.9755391, 45.1167314], [16.9755865, 45.1167621], [16.97563, 45.1167956], [16.9756616, 45.1168374], [16.9756735, 45.1168876], [16.9757051, 45.1170104], [16.9757288, 45.117055], [16.9757723, 45.1170913], [16.975796, 45.1171359], [16.9757881, 45.1171861], [16.9757762, 45.1172363], [16.975796, 45.1172837], [16.9758395, 45.1173228], [16.9758751, 45.1173674], [16.9759067, 45.117412], [16.9759185, 45.1174623], [16.9758869, 45.1175097], [16.9758276, 45.1175348], [16.9757644, 45.1175627], [16.9757486, 45.1176157], [16.9757604, 45.1176631], [16.9757841, 45.1177105], [16.9758118, 45.1177551], [16.9758474, 45.1177998], [16.9759502, 45.1178611], [16.9759936, 45.1178946], [16.9760213, 45.1179365], [16.9760885, 45.1179978], [16.9760885, 45.118048], [16.9760964, 45.1180954], [16.9760846, 45.1181484], [16.9760925, 45.1182014], [16.9761201, 45.1182461], [16.9761715, 45.1182795], [16.9762308, 45.1182963], [16.976298, 45.1183102], [16.9763573, 45.118327], [16.9764285, 45.1183493], [16.9764838, 45.1183828], [16.9765115, 45.1184302], [16.9765154, 45.1184804], [16.9765154, 45.118578], [16.9765352, 45.1186366], [16.9765668, 45.1186924], [16.9765905, 45.1187426], [16.9766261, 45.1187816], [16.9766815, 45.1188095], [16.9767407, 45.1188318], [16.976804, 45.1188597], [16.97697, 45.118935], [16.9770728, 45.1189964], [16.97714, 45.1190215], [16.9772625, 45.119094], [16.977306, 45.1191303], [16.9773495, 45.1191693], [16.9774048, 45.1192112], [16.9774562, 45.1192474], [16.9775076, 45.1192809], [16.9776183, 45.1193423], [16.9776855, 45.1193702], [16.9777487, 45.1193897], [16.9778199, 45.1193981], [16.977891, 45.1193953], [16.9779582, 45.1193869], [16.9780175, 45.119373], [16.9780808, 45.1193534], [16.978148, 45.1193451], [16.9782231, 45.1193423], [16.9782903, 45.1193423], [16.9783614, 45.1193451], [16.9784326, 45.119359], [16.9784998, 45.1193758], [16.9785591, 45.1193953], [16.9786184, 45.1194092], [16.9786816, 45.119426], [16.9787607, 45.1194399], [16.9788318, 45.1194539], [16.978899, 45.1194678], [16.9789662, 45.1194873], [16.9790255, 45.1195069], [16.9790809, 45.119532], [16.9791244, 45.1195682], [16.979152, 45.1196128], [16.9791678, 45.1196603], [16.9791757, 45.1197077], [16.9791757, 45.1197579], [16.9791837, 45.1198555], [16.9791995, 45.1199001], [16.9792429, 45.1199392], [16.9792943, 45.1199699], [16.9794129, 45.1199978], [16.9794801, 45.1200201], [16.9795276, 45.1200536], [16.9795355, 45.1201038], [16.9795236, 45.120154], [16.9795038, 45.1202042], [16.9794959, 45.1202572], [16.979492, 45.1203046], [16.979492, 45.1203576], [16.9795038, 45.1204217], [16.9795355, 45.1204664], [16.9795829, 45.1205054], [16.979658, 45.1205612], [16.9797173, 45.1205863], [16.9797726, 45.1206058], [16.9798754, 45.1206337], [16.9799426, 45.1206449], [16.9800019, 45.1206588], [16.9800652, 45.1206811], [16.9801086, 45.1207202], [16.9801956, 45.1208122], [16.9803379, 45.120974], [16.9803774, 45.1210298], [16.9804249, 45.1210828], [16.9804921, 45.121172], [16.9805277, 45.1212139], [16.9805632, 45.1212669], [16.9805948, 45.1213115], [16.9806107, 45.1213589], [16.9806107, 45.1214063], [16.9805909, 45.121451], [16.9805356, 45.1214816], [16.9804644, 45.1214984], [16.9803972, 45.1215123], [16.9806225, 45.1218777], [16.9806107, 45.1220227], [16.9807292, 45.1221371], [16.9808518, 45.1222013], [16.9809348, 45.1221985], [16.9810415, 45.1225611], [16.9810297, 45.1225917], [16.980998, 45.1226336], [16.980998, 45.1226838], [16.9810415, 45.1227256], [16.9811008, 45.1227396], [16.981172, 45.1227312], [16.9811996, 45.1226866], [16.9812589, 45.1226643], [16.9813261, 45.1226615], [16.9813775, 45.1226921], [16.9813973, 45.1227396], [16.9813973, 45.1227898], [16.9813775, 45.1228372], [16.9813499, 45.122879], [16.9813143, 45.1229292], [16.9812945, 45.1229766], [16.9812906, 45.1230268], [16.9813064, 45.1230743], [16.981342, 45.1231161], [16.9813894, 45.1231496], [16.9814526, 45.1231496], [16.9815554, 45.123752], [16.9819309, 45.1239919], [16.9822827, 45.1243935], [16.9822946, 45.1246724], [16.9822511, 45.1248593], [16.9823697, 45.1250796], [16.9822907, 45.125986], [16.9824527, 45.1264881], [16.9825753, 45.1265355], [16.9826267, 45.1265634], [16.982678, 45.1265968], [16.9826978, 45.1266414], [16.9826939, 45.1266889], [16.9826543, 45.1267279], [16.9826069, 45.1267614], [16.9825792, 45.1268088], [16.9825911, 45.126859], [16.9826543, 45.1269482], [16.9826741, 45.1269984], [16.9826899, 45.1270458], [16.9826939, 45.127096], [16.9826939, 45.1271964], [16.9826859, 45.1272439], [16.9826583, 45.1272885], [16.9826227, 45.1273303], [16.9825871, 45.1273694], [16.9825555, 45.127414], [16.9825318, 45.1274614], [16.9825199, 45.1275144], [16.982512, 45.1275702], [16.9825041, 45.1276204], [16.9824804, 45.127718], [16.9824409, 45.1278128], [16.9824132, 45.127863], [16.9823776, 45.1279132], [16.982346, 45.127955], [16.9823144, 45.1280024], [16.9822907, 45.1280499], [16.982263, 45.1280973], [16.9822432, 45.1281475], [16.9822314, 45.1281977], [16.9822274, 45.1282479], [16.9822195, 45.1282953], [16.9822076, 45.1283455], [16.9821918, 45.1283957], [16.9821286, 45.1285128], [16.9821049, 45.1285602], [16.9820772, 45.1286132], [16.9820495, 45.1286578], [16.9819586, 45.1287387], [16.981927, 45.1287861], [16.9819191, 45.1288391], [16.9819151, 45.1288921], [16.9819151, 45.1289395], [16.9819033, 45.1289869], [16.9818756, 45.1290343], [16.981844, 45.1290789], [16.9818124, 45.1291208], [16.9817768, 45.1291626], [16.98167, 45.1292323], [16.9816305, 45.1292742], [16.9816028, 45.1293188], [16.9815633, 45.1293578], [16.9815001, 45.1293801], [16.9814368, 45.1294052], [16.9813854, 45.1294387], [16.9813301, 45.1294722], [16.9812866, 45.1295084], [16.981251, 45.1295503], [16.9812352, 45.1296005], [16.9812313, 45.1296562], [16.9812313, 45.1297036], [16.9812352, 45.129751], [16.9812708, 45.1297929], [16.9812985, 45.1298431], [16.9813143, 45.1298877], [16.9813143, 45.1299853], [16.9812945, 45.1300327], [16.9812629, 45.1300745], [16.9812155, 45.1301247], [16.9811799, 45.1301666], [16.9811404, 45.1302084], [16.9811008, 45.130253], [16.9810652, 45.1303004], [16.9810178, 45.1303395], [16.9809704, 45.1303729], [16.9809348, 45.1304148], [16.980915, 45.130465], [16.9808755, 45.1306295], [16.9808676, 45.1306769], [16.9808202, 45.1307188], [16.9807609, 45.1307466], [16.9806976, 45.1307773], [16.9806502, 45.1308303], [16.9806344, 45.1308805], [16.9806265, 45.1309391], [16.9806186, 45.1309865], [16.9806067, 45.1310339], [16.9805711, 45.1310869], [16.9805, 45.131165], [16.9804446, 45.131204], [16.9803933, 45.1312375], [16.9803577, 45.1312821], [16.9803577, 45.1313351], [16.9803537, 45.1313881], [16.9803379, 45.1314382], [16.9803102, 45.1314857], [16.9802826, 45.1315386], [16.9802549, 45.1315833], [16.9802233, 45.1316279], [16.9801917, 45.1316697], [16.9801482, 45.1317115], [16.9801047, 45.1317478], [16.9800533, 45.1317868], [16.9800138, 45.1318315], [16.9799861, 45.1318761], [16.9799545, 45.1319207], [16.9799387, 45.1319737], [16.9799268, 45.1320239], [16.9799189, 45.1320713], [16.9799149, 45.1321243], [16.9798991, 45.1322247], [16.9799031, 45.1322721], [16.9799149, 45.1323278], [16.9798873, 45.1323753], [16.979828, 45.1324003], [16.979824, 45.1324533], [16.979824, 45.1325035], [16.9798122, 45.1326374], [16.9798043, 45.1326932], [16.9797924, 45.1327406], [16.9797726, 45.1327936], [16.9797489, 45.1328382], [16.9797173, 45.1328884], [16.9796659, 45.1329609], [16.9796303, 45.1330055], [16.9796066, 45.1330529], [16.9795869, 45.1331059], [16.9795789, 45.1331589], [16.979575, 45.1332174], [16.979575, 45.1333206], [16.9795908, 45.133368], [16.9795987, 45.1334182], [16.9796145, 45.1334712], [16.9796303, 45.133527], [16.9796422, 45.1335827], [16.9796541, 45.1336329], [16.9796541, 45.1336803], [16.979658, 45.1337277], [16.9796461, 45.1337807], [16.9796501, 45.1338309], [16.9796699, 45.1338755], [16.9797015, 45.1339229], [16.9797292, 45.1339676], [16.9798161, 45.1340624], [16.9798438, 45.1341042], [16.9798754, 45.1341544], [16.979907, 45.134199], [16.9799347, 45.1342464], [16.9799624, 45.1342882], [16.9799901, 45.1343329], [16.9800177, 45.1343858], [16.9800414, 45.1344416], [16.9800612, 45.1344918], [16.980077, 45.134542], [16.9801007, 45.1346396], [16.9801047, 45.1346898], [16.9801047, 45.1348906], [16.9800968, 45.1349408], [16.9800849, 45.134991], [16.980077, 45.1350384], [16.980081, 45.135189], [16.980081, 45.135267], [16.9800849, 45.1353172], [16.9801086, 45.1353646], [16.9801442, 45.1354092], [16.9801798, 45.1354511], [16.9800019, 45.1383594], [16.9802391, 45.1388725], [16.9802786, 45.1391095], [16.9804565, 45.1396002], [16.9804921, 45.1397536], [16.9806976, 45.1401551], [16.9808004, 45.1402639], [16.9810652, 45.1404256], [16.9813222, 45.1406431], [16.981761, 45.1408884], [16.9819349, 45.1409442], [16.9820377, 45.1409609], [16.9821049, 45.1409609], [16.9821681, 45.1409693], [16.9822393, 45.1409721], [16.9826425, 45.1409721], [16.9827097, 45.1409749], [16.9827729, 45.1409916], [16.9828994, 45.1410195], [16.9829508, 45.1410446], [16.9830022, 45.1410808], [16.9830457, 45.1411199], [16.9830773, 45.1411589], [16.9842711, 45.1425251], [16.9843066, 45.1425725], [16.9843264, 45.1426227], [16.9843383, 45.1426701], [16.9843343, 45.1427231], [16.9843225, 45.14279], [16.9843264, 45.1428402], [16.9843462, 45.1428876], [16.9845992, 45.1434201], [16.9845952, 45.1435177], [16.9845082, 45.1441395], [16.9845438, 45.14458], [16.9845794, 45.1448281], [16.984611, 45.1448783], [16.9846426, 45.1449173], [16.9846703, 45.1449619], [16.9847019, 45.1450093], [16.9847257, 45.1450512], [16.9847336, 45.1450986], [16.9847336, 45.1452017], [16.9847217, 45.1457649], [16.9847968, 45.1458569], [16.9846585, 45.1465846], [16.984532, 45.1466794], [16.9844964, 45.1467184], [16.9844569, 45.1467602], [16.9844173, 45.1468076], [16.9843818, 45.146855], [16.9843659, 45.1469024], [16.984358, 45.1469498], [16.9843501, 45.1470028], [16.9843541, 45.1470529], [16.9843738, 45.1470976], [16.9844055, 45.1471422], [16.984441, 45.147184], [16.9844727, 45.1472258], [16.9845082, 45.1472648], [16.9845399, 45.1473122], [16.9845557, 45.1473568], [16.9845636, 45.1474042], [16.9845675, 45.1474544], [16.9845675, 45.1476022], [16.9845794, 45.1476524], [16.9847375, 45.1480705], [16.9848008, 45.148341], [16.9848047, 45.148511], [16.9848047, 45.148564], [16.9847968, 45.1486142], [16.9847929, 45.1486616], [16.984777, 45.1487564], [16.984777, 45.1488038], [16.9847691, 45.1488539], [16.9847731, 45.1489041], [16.9847889, 45.1489487], [16.9848166, 45.1489933], [16.9848482, 45.1490352], [16.9848877, 45.1490714], [16.9849747, 45.149155], [16.9850182, 45.1491941], [16.9850537, 45.1492331], [16.9850854, 45.1492749], [16.985113, 45.1493195], [16.9851842, 45.1495147], [16.9851961, 45.149721], [16.985204, 45.1498213], [16.9852, 45.1498715], [16.9851763, 45.1499245], [16.9851565, 45.1499747], [16.9851249, 45.1500193], [16.9850893, 45.1500583], [16.9850379, 45.1500973], [16.9849826, 45.150128], [16.9849233, 45.1501503], [16.9848522, 45.1501726], [16.9847889, 45.1501977], [16.9846268, 45.1502729], [16.9845715, 45.1503036], [16.9845162, 45.1503371], [16.9844687, 45.1503761], [16.9844331, 45.1504151], [16.9843976, 45.1504625], [16.9843818, 45.1505099], [16.9843738, 45.1506103], [16.9843738, 45.150719], [16.9844134, 45.1509866], [16.9844529, 45.1512236], [16.984362, 45.1516167], [16.9842434, 45.1518954], [16.9840497, 45.1520683], [16.9837888, 45.1522049], [16.9832473, 45.1523052], [16.9829745, 45.152347], [16.9829113, 45.152361], [16.9825871, 45.1524558], [16.9821483, 45.1527596], [16.9817452, 45.1529297], [16.9809664, 45.1532028], [16.9804921, 45.1533171], [16.9800335, 45.1533199], [16.9796027, 45.1532698], [16.9795078, 45.153267], [16.9793655, 45.153267], [16.9792943, 45.1532753], [16.9792271, 45.1532921], [16.9791599, 45.1533116], [16.9790967, 45.153345], [16.9790493, 45.1533785], [16.9784721, 45.1537102], [16.9779859, 45.1540001], [16.9779227, 45.1540336], [16.9778673, 45.1540614], [16.9778001, 45.1540837], [16.9777329, 45.1541033], [16.9776618, 45.1541228], [16.9775076, 45.1541534], [16.9773653, 45.1541702], [16.9772981, 45.1541702], [16.9771558, 45.1541757], [16.9770135, 45.1541757], [16.9769384, 45.1541785], [16.9768672, 45.1541841], [16.9768, 45.1541925], [16.9767368, 45.154212], [16.9766854, 45.1542454], [16.976638, 45.1542872], [16.9765945, 45.1543291], [16.9764047, 45.1544935], [16.9759383, 45.1549117], [16.9757407, 45.155104], [16.9756932, 45.1551932], [16.9756774, 45.1552434], [16.9756695, 45.1553409], [16.9756656, 45.1560323], [16.9756814, 45.1562776], [16.9756576, 45.1563751], [16.9756379, 45.1564253], [16.975377, 45.1569911], [16.975373, 45.1570385], [16.9753651, 45.1570943], [16.9753651, 45.1571445], [16.9753691, 45.1571946], [16.9754798, 45.157373], [16.9755035, 45.1574148], [16.9755391, 45.1574539], [16.9756379, 45.1575291], [16.9756735, 45.1575682], [16.975709, 45.1576155], [16.9757248, 45.1576657], [16.9757248, 45.1577131], [16.9757169, 45.1577633], [16.9756932, 45.1578107], [16.9755746, 45.1581201], [16.9755588, 45.1581674], [16.9755509, 45.1582148], [16.9755509, 45.1582706], [16.9755549, 45.1583235], [16.9755746, 45.1583709], [16.9755984, 45.1584323], [16.9756102, 45.1584824], [16.9756537, 45.1587444], [16.9756735, 45.1587918], [16.9756893, 45.1588364], [16.975713, 45.158881], [16.9757486, 45.1589256], [16.9757841, 45.1589674], [16.9758276, 45.159012], [16.9758672, 45.1590483], [16.9759185, 45.1590817], [16.9759818, 45.1591012], [16.976049, 45.1591235], [16.9761755, 45.159157], [16.9762348, 45.1591709], [16.976302, 45.1591821], [16.9763652, 45.1591876], [16.9764364, 45.1591876], [16.9765154, 45.1591904], [16.9766498, 45.1591904], [16.9771716, 45.159143], [16.977306, 45.159143], [16.9773811, 45.1591375], [16.9774483, 45.1591319], [16.9775116, 45.1591291], [16.9775788, 45.1591291], [16.977646, 45.1591375], [16.9777171, 45.1591625], [16.9777685, 45.1591876], [16.9778792, 45.1592545], [16.9779266, 45.1592936], [16.9779701, 45.1593326], [16.9782389, 45.1596002], [16.9784879, 45.1598315], [16.9785038, 45.1598817], [16.9785314, 45.1599235], [16.9785749, 45.1599625], [16.9786342, 45.159996], [16.9789465, 45.1601493], [16.9789979, 45.1601799], [16.9790453, 45.1602106], [16.9791006, 45.160244], [16.979152, 45.1602803], [16.9792113, 45.1603193], [16.9792588, 45.1603527], [16.9793022, 45.1603945], [16.9793734, 45.1604726], [16.979405, 45.1605144], [16.9794366, 45.160559], [16.979824, 45.1610161], [16.9798675, 45.1610635], [16.979911, 45.1611053], [16.9799545, 45.1611499], [16.979998, 45.1611861], [16.9800454, 45.1612168], [16.9801719, 45.1612558], [16.9802351, 45.1612725], [16.9803616, 45.1613116], [16.9804249, 45.1613283], [16.9804921, 45.1613478], [16.980832, 45.1615039], [16.9808716, 45.1615457], [16.9809229, 45.1615847], [16.9809822, 45.1616126], [16.9810415, 45.1616377], [16.9811285, 45.16166], [16.9813261, 45.1616767], [16.9814526, 45.161699], [16.9815159, 45.1617129], [16.9816226, 45.161752], [16.9816819, 45.1617798], [16.9817412, 45.1618105], [16.9817926, 45.1618384], [16.9818479, 45.1618662], [16.9821523, 45.162014], [16.9826148, 45.1621004], [16.983524, 45.162563], [16.9841722, 45.162616], [16.9844648, 45.162825], [16.9848109, 45.1629109], [16.9849295, 45.1629722], [16.9849848, 45.1629945], [16.9850401, 45.1630196], [16.9850955, 45.1630391], [16.9851548, 45.1630587], [16.985222, 45.1630726], [16.9852852, 45.1630809], [16.9853524, 45.1630921], [16.9854196, 45.1631005], [16.9854829, 45.1631144], [16.9855461, 45.1631311], [16.9856054, 45.1631506], [16.9868387, 45.1636467], [16.987147, 45.1638335], [16.9871945, 45.1638641], [16.987238, 45.1638976], [16.9872894, 45.1639366], [16.9873368, 45.1639756], [16.9873842, 45.1640119], [16.9874356, 45.1640453], [16.9874949, 45.1640704], [16.9875582, 45.1640815], [16.9876293, 45.1640871], [16.9877005, 45.1640927], [16.9878981, 45.1641206], [16.9879653, 45.1641317], [16.9880839, 45.1641763], [16.9881392, 45.1642042], [16.9881985, 45.1642348], [16.9882499, 45.1642683], [16.9882894, 45.1643101], [16.9883171, 45.1643575], [16.9883211, 45.1644048], [16.9883211, 45.164455], [16.9883171, 45.1645024], [16.9883171, 45.1645498], [16.9883132, 45.1646055], [16.9883132, 45.1647003], [16.988325, 45.1647477], [16.9883408, 45.164795], [16.9883606, 45.1648452], [16.988408, 45.1649344], [16.9884436, 45.1649846], [16.9886136, 45.1651434], [16.9886808, 45.1651852], [16.9887836, 45.1652326], [16.9888666, 45.1652633], [16.9889417, 45.1652856], [16.9890484, 45.165319], [16.9891433, 45.1653441], [16.9892065, 45.1653636], [16.9892698, 45.1653803], [16.9901513, 45.1656953], [16.9903529, 45.1657538], [16.990424, 45.1657621], [16.9904873, 45.1657649], [16.9905505, 45.1657594], [16.9906138, 45.1657454], [16.9906691, 45.1657231], [16.9907244, 45.1656925], [16.9907758, 45.1656674], [16.9908154, 45.1656312], [16.9908628, 45.1656005], [16.9909181, 45.1655754], [16.9909774, 45.1655559], [16.9910407, 45.1655392], [16.9911039, 45.1655364], [16.9911711, 45.1655364], [16.9912344, 45.1655448], [16.9912858, 45.1655754], [16.9913292, 45.1656144], [16.9913964, 45.1657064], [16.991432, 45.1657482], [16.991515, 45.1658792], [16.9915388, 45.1659266], [16.9915625, 45.165974], [16.9915783, 45.1660241], [16.9915862, 45.1660771], [16.991602, 45.1661746], [16.9916099, 45.1662889], [16.9916099, 45.1663892], [16.9916257, 45.1664366], [16.9916494, 45.1664896], [16.9916771, 45.1665369], [16.9917048, 45.1665815], [16.9917403, 45.1666233], [16.9921475, 45.1671194], [16.9923689, 45.1672922], [16.9924321, 45.1673842], [16.9924519, 45.1674288], [16.9924637, 45.1674817], [16.9924835, 45.1675263], [16.992527, 45.1675653], [16.9925902, 45.1675821], [16.9926574, 45.1675793], [16.9927088, 45.1675542], [16.9927444, 45.167518], [16.99278, 45.1674817], [16.9928155, 45.1674427], [16.992859, 45.1674065], [16.9929025, 45.167373], [16.9929658, 45.1673368], [16.9930251, 45.1673117], [16.9931555, 45.167295], [16.9932227, 45.1672922], [16.9932899, 45.1673006], [16.9933492, 45.1673145], [16.9934124, 45.1673312], [16.9934678, 45.1673619], [16.9935706, 45.1674288], [16.9936259, 45.1674678], [16.9936733, 45.1674984], [16.9937326, 45.1675263], [16.9937959, 45.1675514], [16.9938591, 45.1675765], [16.9939224, 45.1675904], [16.9939817, 45.1676071], [16.9940489, 45.1676239], [16.9941121, 45.167635], [16.9941793, 45.1676573], [16.9942426, 45.1676768], [16.9942979, 45.1677019], [16.9943572, 45.1677298], [16.9944125, 45.1677632], [16.9944758, 45.1677994], [16.9945232, 45.1678357], [16.9945746, 45.1678691], [16.994622, 45.1679165], [16.9946576, 45.1679555], [16.9946892, 45.1679945], [16.9947248, 45.1680419], [16.9947525, 45.1680865], [16.9948434, 45.1682509], [16.9948553, 45.1682983], [16.9948632, 45.1683457], [16.9948632, 45.1683958], [16.9948592, 45.168446], [16.9948513, 45.1684962], [16.9948473, 45.1685463], [16.9948473, 45.1686467], [16.9948553, 45.1686968], [16.994879, 45.1687442], [16.9949106, 45.1687916], [16.9949501, 45.1688306], [16.9949976, 45.1688668], [16.9950489, 45.1689031], [16.9951043, 45.1689337], [16.9951636, 45.168956], [16.9952229, 45.1689755], [16.995294, 45.1689922], [16.9953573, 45.1690006], [16.9954284, 45.1690062], [16.9954956, 45.169009], [16.9955589, 45.1690201], [16.9956261, 45.1690368], [16.9956854, 45.1690591], [16.9957486, 45.169087], [16.9958, 45.1691204], [16.9958474, 45.1691511], [16.9958949, 45.1691873], [16.9959463, 45.1692124], [16.9960767, 45.1692458], [16.996132, 45.1692681], [16.9961913, 45.169296], [16.9962427, 45.1693239], [16.9962981, 45.1693517], [16.996468, 45.1694827], [16.9965155, 45.169519], [16.9965629, 45.1695608], [16.9966064, 45.169597], [16.9966617, 45.1696388], [16.9967171, 45.1696722], [16.9967685, 45.1696973], [16.9968199, 45.1697224], [16.9968752, 45.1697447], [16.9969384, 45.1697642], [16.9970136, 45.1697809], [16.9970808, 45.1697921], [16.997148, 45.1697976], [16.9972191, 45.169806], [16.9972824, 45.1698144], [16.9973535, 45.1698255], [16.9974168, 45.1698422], [16.997476, 45.1698562], [16.9975353, 45.1698757], [16.9976065, 45.1699008], [16.9977132, 45.1699537], [16.9977804, 45.1699621], [16.9978476, 45.1699593], [16.9979148, 45.1699593], [16.997982, 45.1699621], [16.9980492, 45.169976], [16.9981204, 45.1700011], [16.9981757, 45.1700234], [16.9982192, 45.1700568], [16.9982587, 45.1700986], [16.9982943, 45.1701376], [16.9983338, 45.1701822], [16.9983694, 45.1702212], [16.9984129, 45.1702603], [16.9984524, 45.1702993], [16.9984959, 45.1703355], [16.9985473, 45.1703689], [16.9985987, 45.1703968], [16.9987133, 45.1704414], [16.9987726, 45.1704637], [16.99882, 45.1704971], [16.9988732, 45.1706106], [16.9987753, 45.1706305], [16.9987868, 45.1708081], [16.9988108, 45.1709063], [16.9987723, 45.1711896], [16.9987278, 45.1714824], [16.9987001, 45.171626], [16.9987313, 45.1716655], [16.9988007, 45.1717948], [16.9987967, 45.1720372], [16.9989969, 45.1723709], [16.9991168, 45.1727824], [16.9994251, 45.1730835], [16.9996417, 45.1732396], [16.9997457, 45.1733655], [16.9998191, 45.1735726], [17.0001104, 45.1739978], [17.0002633, 45.174072], [17.0005765, 45.1743135], [17.0009852, 45.1745206], [17.0012214, 45.1746085], [17.0013719, 45.174687], [17.0014796, 45.1748406], [17.0016643, 45.1753374], [17.001761, 45.1755444], [17.0016986, 45.175867], [17.0016851, 45.1761465], [17.0016289, 45.1764268], [17.0015603, 45.1765528], [17.001531, 45.176633], [17.0015359, 45.1766934], [17.0013805, 45.1771393], [17.0013291, 45.1771816], [17.0011516, 45.177436], [17.0010073, 45.1775801], [17.0009094, 45.1777077], [17.0008384, 45.1779389], [17.0007907, 45.1781588], [17.0008629, 45.1783935], [17.0008922, 45.178553], [17.000951, 45.1787635], [17.0010281, 45.178967], [17.0010232, 45.1790973], [17.0010183, 45.1796631], [17.0010587, 45.1799158], [17.0011749, 45.1802824], [17.0012434, 45.1804273], [17.0013535, 45.1807826], [17.0014025, 45.1819651], [17.0013487, 45.182141], [17.0012728, 45.1822704], [17.0012189, 45.1825688], [17.0011627, 45.1826758], [17.0008837, 45.1829345], [17.0008519, 45.1829793], [17.00082, 45.1830846], [17.0008347, 45.1833536], [17.0007491, 45.1834554], [17.0005753, 45.1835451], [17.0004407, 45.1836245], [17.00001, 45.184035], [16.9998754, 45.1842161], [16.9997775, 45.1844524], [16.9996405, 45.1845662], [16.999359, 45.184718], [16.9986371, 45.1852424], [16.9983092, 45.1855201], [16.9982186, 45.1857409], [16.9976411, 45.1860824], [16.9972789, 45.1861997], [16.9969412, 45.186536], [16.9967943, 45.1867309], [16.9966965, 45.1869879], [16.9964493, 45.1873277], [16.9964052, 45.1874622], [16.9959868, 45.1881228], [16.9958203, 45.1883557], [16.99572, 45.1883936], [16.9956735, 45.1884229], [16.9956344, 45.1884747], [16.9951116, 45.1888746], [16.9945751, 45.1893771], [16.9939314, 45.1897064], [16.9937445, 45.1898491], [16.9936632, 45.1898918], [16.9933638, 45.1899613], [16.9928845, 45.1908454], [16.9927928, 45.1911064], [16.9926959, 45.1915015], [16.9925263, 45.1917101], [16.9924657, 45.1918406], [16.992445, 45.1919003], [16.9922044, 45.1922564], [16.9921041, 45.1923723], [16.9920418, 45.1925711], [16.9919898, 45.192632], [16.9918549, 45.1927113], [16.9914586, 45.1929064], [16.9913305, 45.1929515], [16.9910935, 45.1931271], [16.9908945, 45.1933052], [16.9907647, 45.1934552], [16.9906643, 45.193571], [16.9905864, 45.1936881], [16.9908512, 45.1938015], [16.9911281, 45.1939418], [16.991443, 45.1941418], [16.991777, 45.1943722], [16.9918981, 45.1945076], [16.9919691, 45.1946405], [16.9921715, 45.1948905], [16.9923619, 45.1950502], [16.9925471, 45.1952088], [16.9926491, 45.1952185], [16.992689, 45.1952941], [16.9928884, 45.1954205], [16.9934746, 45.1956478], [16.9940214, 45.1958697], [16.9945925, 45.1960855], [16.9948832, 45.1962111], [16.9943415, 45.1968135], [16.9939851, 45.1972281], [16.9939903, 45.1973111], [16.9949541, 45.1978854], [16.9953798, 45.1981476], [16.9955529, 45.1983634], [16.995603, 45.1982549], [16.9963575, 45.1976342], [16.9964077, 45.1974891], [16.9965548, 45.1979561], [16.9970791, 45.1986182], [16.997131, 45.1987621], [16.9970687, 45.1994376], [16.9969909, 45.1995474], [16.9970809, 45.1998278], [16.9971553, 45.1999876], [16.9971778, 45.2001753], [16.997311, 45.2005924], [16.9975325, 45.2012483], [16.9976294, 45.2016068], [16.9975463, 45.2017153], [16.9978111, 45.2022701], [16.9980101, 45.2027103], [16.9981087, 45.2029554], [16.9983579, 45.2034358], [16.9985102, 45.2037759], [16.998685, 45.2041466], [16.9991055, 45.2051415], [16.9994049, 45.2059559], [16.9994654, 45.2061303], [16.9995779, 45.2068581], [16.99959, 45.2070995], [16.9994585, 45.207119], [16.9994204, 45.2071215], [16.9994066, 45.2074104], [16.9992387, 45.2078652], [16.9989126, 45.2088306], [16.999635, 45.2090551], [17.0000867, 45.2094159], [16.9996194, 45.2108899], [16.9995641, 45.2112471], [16.9996956, 45.2116408], [16.9990051, 45.2119054], [16.9988563, 45.2120029], [16.9992976, 45.2124003], [16.9994516, 45.2126149], [16.9995779, 45.2129184], [16.9999378, 45.2128416], [17.0008584, 45.2131439], [17.0011561, 45.2132695], [17.0014745, 45.213495], [17.0003929, 45.2141106], [17.0005712, 45.2149481], [17.0008827, 45.2155613], [17.0010401, 45.2160403], [17.0011108, 45.2166922], [17.0011108, 45.216987], [17.0011671, 45.2173059], [17.0015212, 45.2188632], [17.0016527, 45.219575], [17.0017237, 45.2199419], [17.0017791, 45.2203344], [17.0018794, 45.2210377], [17.0018604, 45.2210791], [17.0018673, 45.2215435], [17.0018933, 45.2216532], [17.0015029, 45.2222442], [17.0011217, 45.2220702], [17.0008137, 45.2219508], [17.0004088, 45.2218069], [17.0001008, 45.221707], [16.9995678, 45.2215632], [16.9991698, 45.2214632], [16.9989137, 45.2214144], [16.9985503, 45.2213681], [16.9982111, 45.2213413], [16.9978408, 45.2213242], [16.9974635, 45.2213072], [16.9970136, 45.2213121], [16.9965429, 45.2213291], [16.9961034, 45.2213852], [16.995567, 45.2214632], [16.9951205, 45.2215168], [16.9945425, 45.2215973], [16.9939715, 45.221685], [16.9933451, 45.2218069], [16.9928675, 45.2218874], [16.9922756, 45.2220288], [16.9918603, 45.2221555], [16.9910332, 45.2224285], [16.9904206, 45.2226041], [16.9898876, 45.2227796], [16.9892785, 45.2230063], [16.9888712, 45.2231772], [16.9874463, 45.2239884], [16.9858892, 45.2250902], [16.985011, 45.2261428], [16.9840854, 45.2270905], [16.9833817, 45.2280747], [16.982414, 45.2298774], [16.9821794, 45.2309444], [16.9823261, 45.232229], [16.9828125, 45.2335089], [16.9837628, 45.2355335], [16.9847012, 45.2376881], [16.9850384, 45.2388586], [16.9850823, 45.2401016], [16.9848184, 45.2413549], [16.9844241, 45.2426179], [16.9841444, 45.2434243], [16.9833657, 45.2446742], [16.9828584, 45.2452556], [16.9827154, 45.2452998], [16.9823321, 45.2457969], [16.9814286, 45.2465933], [16.9806023, 45.2472258], [16.9805223, 45.2472876], [16.9780936, 45.2489661], [16.9773204, 45.2494312], [16.9765963, 45.2498379], [16.9756896, 45.2502476], [16.9748377, 45.2506296], [16.9742763, 45.2508222], [16.9736882, 45.2509702], [16.9730542, 45.251146], [16.9724022, 45.2512762], [16.9716381, 45.2513732], [16.9711613, 45.251425], [16.9706359, 45.2514241], [16.9697896, 45.2513095], [16.969031, 45.2511288], [16.9682192, 45.250857], [16.9671952, 45.2504053], [16.9661812, 45.2498305], [16.9652249, 45.2491095], [16.9636722, 45.2476725], [16.9624944, 45.2463762], [16.9619587, 45.2456453], [16.9615237, 45.2450369], [16.9613843, 45.2447523], [16.961334, 45.2444888], [16.961317, 45.244294], [16.9613189, 45.244124], [16.9614021, 45.2437647], [16.9616301, 45.2430424], [16.9618858, 45.2425849], [16.9623742, 45.2422251], [16.9633635, 45.241666], [16.9643101, 45.2413758], [16.9662913, 45.24112], [16.9682175, 45.240975], [16.9693525, 45.2407427], [16.9703374, 45.2404221], [16.9713272, 45.2401122], [16.9722129, 45.2397618], [16.9730704, 45.2393456], [16.9738498, 45.2388452], [16.9745583, 45.2382275], [16.9758847, 45.2368588], [16.9769082, 45.2350789], [16.9772507, 45.2339548], [16.9774659, 45.23311], [16.9775505, 45.2324061], [16.9775158, 45.2316726], [16.9773495, 45.2308514], [16.9771314, 45.2301261], [16.9767319, 45.2293539], [16.9760907, 45.2288086], [16.9750351, 45.2280827], [16.9732971, 45.2273248], [16.9724487, 45.2271318], [16.9715433, 45.2271318], [16.9708364, 45.2273087], [16.968631, 45.2280528], [16.9672689, 45.228731], [16.9650123, 45.230063], [16.9622769, 45.2314215], [16.9615518, 45.231706], [16.9604173, 45.2319999], [16.9588686, 45.2321888], [16.9570738, 45.2323202], [16.9552343, 45.2321882], [16.9542715, 45.2318937], [16.9532512, 45.2314469], [16.9516259, 45.2305032], [16.950421, 45.2299024], [16.9478751, 45.2285529], [16.9464211, 45.2281014], [16.9444162, 45.2276899], [16.9423724, 45.2272705], [16.9415315, 45.2272064], [16.9406634, 45.2271955], [16.9398017, 45.2272399], [16.9392016, 45.2272639], [16.9386587, 45.2274222], [16.938171, 45.22763], [16.9377825, 45.2278317], [16.9373763, 45.2281894], [16.9370519, 45.2286607], [16.9366672, 45.2295204], [16.9365065, 45.2302087], [16.9363701, 45.2310219], [16.936383, 45.2319586], [16.9364619, 45.233309], [16.9363479, 45.2343589], [16.9359407, 45.2363128], [16.935571, 45.2379738], [16.9353261, 45.2396976], [16.9352617, 45.2402782], [16.9353642, 45.2413927], [16.9354642, 45.2423259], [16.9356339, 45.2429303], [16.9363189, 45.2442765], [16.9367227, 45.2449285], [16.9370827, 45.2453806], [16.9375424, 45.2459288], [16.9384445, 45.2466323], [16.9390236, 45.2470103], [16.939685, 45.2473902], [16.9402102, 45.2476659], [16.9408088, 45.247951], [16.9422797, 45.2485096], [16.9468962, 45.2500024], [16.9491084, 45.2507238], [16.9503471, 45.2511492], [16.9512131, 45.2515362], [16.9520392, 45.2519953], [16.9524021, 45.2522283], [16.952757, 45.2524811], [16.9529269, 45.2526679], [16.9536005, 45.2535238], [16.953761, 45.2537065], [16.954026, 45.2541196], [16.9541188, 45.2543222], [16.9542666, 45.2549141], [16.9542832, 45.255204], [16.9542822, 45.2557071], [16.9542503, 45.256037], [16.9541998, 45.2562521], [16.9541443, 45.2564905], [16.9540735, 45.2566927], [16.953873, 45.2571029], [16.9536329, 45.2574806], [16.9534398, 45.2577212], [16.9532258, 45.2579661], [16.9528782, 45.258284], [16.9523985, 45.2586344], [16.9512926, 45.2593696], [16.9508178, 45.2596489], [16.9502688, 45.2599559], [16.9498652, 45.2601451], [16.9479595, 45.2609146], [16.9462293, 45.2615421], [16.9447467, 45.2620965], [16.9435729, 45.2626283], [16.942912, 45.2629555], [16.9425072, 45.263215], [16.9411597, 45.2642005], [16.9408169, 45.2644925], [16.9406338, 45.2647066], [16.940486, 45.2649251], [16.9405815, 45.2652522], [16.940089, 45.2656808], [16.9396559, 45.2664887], [16.9395482, 45.2667514], [16.9394709, 45.2670552], [16.9393807, 45.267615], [16.9393118, 45.2682438], [16.9393031, 45.2687424], [16.9393334, 45.269207], [16.9393732, 45.2707012], [16.939392, 45.2711291], [16.9393846, 45.2715544], [16.9393522, 45.2720359], [16.9392815, 45.2725077], [16.9391556, 45.2729773], [16.9389534, 45.2734213], [16.9388227, 45.2736153], [16.9385517, 45.2739459], [16.9381939, 45.274274], [16.9377777, 45.2745869], [16.9372615, 45.2749072], [16.9366904, 45.2751845], [16.9359062, 45.2755176], [16.93484, 45.2758355], [16.9336899, 45.2761092], [16.9328812, 45.2762399], [16.932068, 45.276334], [16.9311175, 45.2764001], [16.9302346, 45.2764141], [16.9277564, 45.2762374], [16.9260159, 45.2760262], [16.924876, 45.2758203], [16.9237665, 45.2755736], [16.9229918, 45.275322], [16.9217088, 45.274679], [16.9209294, 45.2741824], [16.9204885, 45.2738442], [16.920037, 45.2734604], [16.9192114, 45.2726513], [16.9184756, 45.2715195], [16.9180619, 45.270515], [16.9181203, 45.2701405], [16.9181242, 45.2694156], [16.9181955, 45.2686058], [16.9182118, 45.2682594], [16.9181829, 45.267921], [16.9181147, 45.2675523], [16.9180228, 45.2670998], [16.9178633, 45.2666235], [16.9175818, 45.26622], [16.9173362, 45.265965], [16.9169941, 45.265648], [16.9166159, 45.2653746], [16.9163416, 45.2652002], [16.9160419, 45.2650274], [16.9156998, 45.2648793], [16.9152652, 45.2646649], [16.9148382, 45.2643827], [16.9144019, 45.2640013], [16.9140704, 45.2636474], [16.9137963, 45.263285], [16.913475, 45.2626265], [16.913313, 45.262158], [16.9131774, 45.2613285], [16.913292, 45.2603886], [16.9134272, 45.2598653], [16.9136691, 45.259143], [16.9137555, 45.2584912], [16.9136687, 45.2576097], [16.9134705, 45.2568072], [16.9131335, 45.2560773], [16.9126348, 45.2552904], [16.9121967, 45.2546239], [16.9115473, 45.2540917], [16.9112982, 45.2539395], [16.9106424, 45.2535389], [16.9093521, 45.2530022], [16.9083308, 45.2524127], [16.9069401, 45.2516025], [16.9061433, 45.2512193], [16.9053434, 45.2509036], [16.9038873, 45.2505095], [16.9033181, 45.2503678], [16.9021214, 45.2502027], [16.9013951, 45.250152], [16.900358, 45.2501336], [16.8996873, 45.2501497], [16.8988596, 45.2502741], [16.8979893, 45.2504975], [16.8975084, 45.2506749], [16.8969751, 45.2509489], [16.8964811, 45.2512299], [16.8959119, 45.2516307], [16.8956501, 45.2519025], [16.8953557, 45.2522825], [16.8951496, 45.2526211], [16.8949762, 45.2530794], [16.894842, 45.2534939], [16.894613, 45.2542125], [16.8945116, 45.2546202], [16.8941812, 45.2553456], [16.8938835, 45.2557901], [16.8936872, 45.2560112], [16.8934745, 45.2562162], [16.8933011, 45.2564303], [16.8931801, 45.2566491], [16.8931441, 45.2567942], [16.8930917, 45.2569762], [16.8929478, 45.2571834], [16.8927155, 45.2574644], [16.892493, 45.2576901], [16.8922346, 45.2578835], [16.8919205, 45.2580516], [16.891469, 45.2581967], [16.8910437, 45.2582658], [16.8905693, 45.2582796], [16.8901244, 45.2582359], [16.8896271, 45.2581898], [16.8881254, 45.2581368], [16.8876543, 45.2581737], [16.8870196, 45.2582198], [16.886362, 45.2582451], [16.8858353, 45.2582198], [16.8854721, 45.258176], [16.8849487, 45.2580701], [16.8844907, 45.2579342], [16.8839508, 45.2577039], [16.8834732, 45.257446], [16.8830806, 45.257218], [16.882832, 45.2570406], [16.8825375, 45.2567459], [16.882406, 45.2565169], [16.8822546, 45.2562182], [16.8821587, 45.2557054], [16.8822945, 45.2552376], [16.8827573, 45.2548826], [16.8833317, 45.254674], [16.883938, 45.2545162], [16.8846244, 45.2544317], [16.8853346, 45.2544091], [16.8858453, 45.2544768], [16.8864436, 45.2545386], [16.8870181, 45.2545274], [16.8877044, 45.2544598], [16.8885501, 45.2543414], [16.890505, 45.2537212], [16.891263, 45.2534], [16.8917816, 45.2530843], [16.8925474, 45.252436], [16.8935287, 45.2515342], [16.894087, 45.2510495], [16.8944062, 45.2505366], [16.8946134, 45.2498998], [16.8945906, 45.2490924], [16.894192, 45.2485095], [16.8936671, 45.248012], [16.892983, 45.2475323], [16.892187, 45.2470254], [16.8915208, 45.2466808], [16.8909118, 45.2464484], [16.8898559, 45.2461684], [16.8884344, 45.2459753], [16.8872869, 45.2459943], [16.8861876, 45.2460467], [16.8858272, 45.246099], [16.8854825, 45.2461481], [16.8850881, 45.2462041], [16.8834507, 45.2464367], [16.882591, 45.2465157], [16.8816912, 45.246578], [16.8810131, 45.2465376], [16.8801354, 45.2464646], [16.8791768, 45.2463133], [16.8782894, 45.2461165], [16.8774333, 45.2458857], [16.8761151, 45.2452679], [16.8758934, 45.245164], [16.8757728, 45.2450826], [16.8753953, 45.2448278], [16.8749765, 45.244545], [16.8736261, 45.2436925], [16.8731743, 45.2432788], [16.8722611, 45.2423276], [16.871616, 45.2417631], [16.8714045, 45.2414436], [16.8712704, 45.240949], [16.8713687, 45.2405485], [16.8716629, 45.2401718], [16.8717167, 45.2401232], [16.8718163, 45.2400332], [16.8724605, 45.2399276], [16.8728687, 45.24006], [16.8734714, 45.2404333], [16.8740422, 45.2408011], [16.8744838, 45.2410573], [16.875237, 45.2413449], [16.8761315, 45.2414968], [16.8763831, 45.2415631], [16.8770273, 45.2417329], [16.8778207, 45.2420542], [16.8781957, 45.2423606], [16.8784975, 45.2426072], [16.8794252, 45.2428262], [16.8800162, 45.242918], [16.8804291, 45.2428139], [16.8808569, 45.242614], [16.8812918, 45.2423463], [16.8815412, 45.2419281], [16.8817493, 45.2414086], [16.8818246, 45.2410759], [16.8819444, 45.2409822], [16.8821006, 45.2408601], [16.8828154, 45.2406695], [16.8834864, 45.240476], [16.8839348, 45.2403467], [16.8834509, 45.2393307], [16.8821706, 45.2371602], [16.8815851, 45.2362857], [16.8813041, 45.2355499], [16.8808466, 45.2347084], [16.8809573, 45.233452], [16.8814119, 45.2328802], [16.8821553, 45.2318674], [16.8825132, 45.2312231], [16.8828371, 45.23041], [16.883186, 45.2291014], [16.883375, 45.2283457], [16.8833976, 45.2277371], [16.8833455, 45.2271601], [16.8832511, 45.2267686], [16.8829381, 45.2261523], [16.8822446, 45.2255433], [16.8817814, 45.2251354], [16.8813603, 45.2248435], [16.8810697, 45.2246783], [16.8803508, 45.2245424], [16.8795377, 45.224514], [16.8786549, 45.2246382], [16.8777744, 45.2249312], [16.8771181, 45.2253128], [16.8764477, 45.2258297], [16.8759801, 45.2263145], [16.8757907, 45.2267519], [16.8757105, 45.2273098], [16.8757892, 45.2278387], [16.875763, 45.2288636], [16.8757567, 45.2295844], [16.8759718, 45.230191], [16.8762519, 45.2308762], [16.876452, 45.2319101], [16.8745383, 45.2320474], [16.870002, 45.2323183], [16.8691265, 45.2323518], [16.8679869, 45.2323639], [16.8672717, 45.232258], [16.8668868, 45.2322171], [16.866152, 45.2321907], [16.8656852, 45.2321068], [16.8656098, 45.2320782], [16.8655207, 45.232075], [16.8653081, 45.2318492], [16.8651298, 45.231635], [16.8649384, 45.231385], [16.8648844, 45.2313274], [16.864801, 45.2312525], [16.8647552, 45.2312433], [16.8644525, 45.2313838], [16.8641401, 45.2311016], [16.8636674, 45.2306592], [16.8636314, 45.2305855], [16.8636297, 45.230559], [16.8632944, 45.230188], [16.8630785, 45.2298655], [16.862928, 45.229604], [16.8628151, 45.2293609], [16.8627578, 45.2291397], [16.8627219, 45.2288989], [16.862717, 45.2287952], [16.8627317, 45.2287284], [16.8627448, 45.2285694], [16.8629247, 45.228157], [16.8632061, 45.2278666], [16.8638015, 45.2275625], [16.8644724, 45.2272155], [16.8653399, 45.2268407], [16.8660293, 45.226435], [16.8662213, 45.2261906], [16.8663046, 45.2260733], [16.8663832, 45.2258941], [16.8663485, 45.2257865], [16.8662167, 45.2256855], [16.8662143, 45.2254118], [16.866256, 45.2252326], [16.8664434, 45.2250077], [16.8664619, 45.224778], [16.8665637, 45.2245238], [16.8666863, 45.2243103], [16.8668251, 45.2241164], [16.8670217, 45.2239225], [16.867334, 45.2236895], [16.8680789, 45.2233425], [16.868227, 45.2233425], [16.8684653, 45.2232903], [16.8687752, 45.2233457], [16.869807, 45.2237058], [16.8704339, 45.2238867], [16.8710331, 45.2240382], [16.8714541, 45.2241246], [16.871778, 45.2242109], [16.872331, 45.2242805], [16.8738207, 45.2244309], [16.8739583, 45.2244441], [16.8746952, 45.2244472], [16.8751208, 45.224382], [16.8753961, 45.2243136], [16.8758403, 45.2241621], [16.8764233, 45.2239828], [16.8767194, 45.2239372], [16.8768096, 45.2240415], [16.8776748, 45.2238818], [16.878075, 45.2237466], [16.8784243, 45.2235787], [16.8788986, 45.2233685], [16.8793798, 45.2229938], [16.8794873, 45.2228488], [16.8796572, 45.2227206], [16.8797245, 45.2226405], [16.8798504, 45.2224815], [16.8798946, 45.2223041], [16.8799142, 45.2219204], [16.8798164, 45.2215146], [16.8797053, 45.2212669], [16.8796336, 45.2211838], [16.8796915, 45.221029], [16.8796776, 45.2208253], [16.8796475, 45.220708], [16.8796313, 45.2206151], [16.8795712, 45.2204293], [16.8795932, 45.2202662], [16.8794069, 45.2200023], [16.8793298, 45.2199047], [16.8792797, 45.2198248], [16.8790206, 45.2196488], [16.878854, 45.2195755], [16.8785001, 45.2194565], [16.8781577, 45.2193213], [16.8778361, 45.2191876], [16.8774961, 45.2190638], [16.8772694, 45.2190507], [16.8770797, 45.2190589], [16.8769154, 45.2190752], [16.8767211, 45.2191795], [16.8765083, 45.2192186], [16.8763718, 45.2192316], [16.8762833, 45.2192291], [16.8762306, 45.2192512], [16.8757564, 45.21939], [16.8749282, 45.2196325], [16.8744632, 45.2197971], [16.8744193, 45.2199063], [16.8743499, 45.2200285], [16.8741579, 45.2201328], [16.873915, 45.2202077], [16.8736882, 45.2202533], [16.8734199, 45.2202142], [16.8731238, 45.220224], [16.8726657, 45.2202452], [16.8722239, 45.2202631], [16.8718722, 45.2202501], [16.8703292, 45.2204342], [16.8697555, 45.220488], [16.8693715, 45.2204554], [16.8682703, 45.2203283], [16.8678447, 45.2202599], [16.867456, 45.2199731], [16.8670049, 45.2198492], [16.866371, 45.2195657], [16.866216, 45.2196243], [16.8660495, 45.2196374], [16.8654087, 45.2194158], [16.8649483, 45.2193017], [16.8645967, 45.2190687], [16.8645435, 45.2189351], [16.8644093, 45.2187607], [16.8636783, 45.2181936], [16.8634307, 45.2179231], [16.8633128, 45.2176607], [16.8632827, 45.217475], [16.8632572, 45.2173723], [16.8632549, 45.217255], [16.8632457, 45.2171018], [16.8631994, 45.2169616], [16.8632827, 45.216727], [16.8632711, 45.2164239], [16.8632156, 45.2161224], [16.863167, 45.2160539], [16.8630556, 45.2157223], [16.862901, 45.2153956], [16.862846, 45.2151745], [16.8627807, 45.2148708], [16.862709, 45.2145775], [16.8626836, 45.2139498], [16.8626719, 45.21366], [16.8624406, 45.2130293], [16.8623758, 45.2127457], [16.8622856, 45.2125762], [16.8619039, 45.2120775], [16.861705, 45.2118575], [16.8614829, 45.2117271], [16.861277, 45.211587], [16.8610341, 45.2114745], [16.860893, 45.2114191], [16.8607148, 45.2113849], [16.8606477, 45.2114126], [16.8603701, 45.2114175], [16.8600139, 45.2112529], [16.8596044, 45.2109774], [16.8595373, 45.2108764], [16.8591787, 45.2106303], [16.8589682, 45.2103712], [16.8580957, 45.2091565], [16.8578699, 45.2088545], [16.8576147, 45.2086125], [16.8571011, 45.2081976], [16.8562603, 45.2075292], [16.8558513, 45.2069599], [16.855685, 45.2063446], [16.8556638, 45.2062682], [16.8555458, 45.2059764], [16.8550098, 45.2052594], [16.8549021, 45.2051725], [16.8547338, 45.2050539], [16.8542045, 45.204659], [16.8537551, 45.2045526], [16.853382, 45.2045211], [16.8529682, 45.2045596], [16.8519195, 45.2047166], [16.8515611, 45.2047894], [16.8513257, 45.2049372], [16.8511262, 45.2051242], [16.8508293, 45.205529], [16.8506623, 45.2057642], [16.8504622, 45.2060184], [16.8503702, 45.2063959], [16.8502843, 45.2066743], [16.8501941, 45.2068744], [16.8501831, 45.2070914], [16.850223, 45.207207], [16.8502628, 45.2073696], [16.8503331, 45.2076077], [16.8503888, 45.2077537], [16.8505466, 45.2079062], [16.8507872, 45.2081263], [16.8511323, 45.2083797], [16.8515506, 45.2086869], [16.8517658, 45.208889], [16.8524413, 45.2093845], [16.8527143, 45.2095475], [16.8529178, 45.2095638], [16.8531075, 45.2096664], [16.8534661, 45.2099272], [16.8538154, 45.21017], [16.8541208, 45.2104064], [16.8544053, 45.2105547], [16.8546506, 45.2107845], [16.8549143, 45.211055], [16.8550276, 45.2111919], [16.8551641, 45.2113842], [16.8552613, 45.2115619], [16.8553076, 45.2117509], [16.8552775, 45.2120101], [16.8553029, 45.2121893], [16.8553353, 45.2124713], [16.8553307, 45.2127369], [16.8552937, 45.2128754], [16.855222, 45.2130319], [16.8550623, 45.2131932], [16.8549744, 45.2133399], [16.8549212, 45.2135094], [16.854942, 45.2136479], [16.8549976, 45.2138272], [16.8550785, 45.2140227], [16.85511, 45.2141978], [16.8549358, 45.2144999], [16.8547537, 45.2146923], [16.854341, 45.2148078], [16.8536431, 45.2148591], [16.8529451, 45.214966], [16.8523807, 45.2151712], [16.8520469, 45.2153892], [16.8519134, 45.2156671], [16.8518952, 45.215945], [16.8518648, 45.2164452], [16.8512943, 45.2168428], [16.8503657, 45.217467], [16.8495767, 45.2178689], [16.8483265, 45.2181981], [16.84758, 45.2184076], [16.8471187, 45.2184033], [16.8463783, 45.2182665], [16.8460749, 45.218275], [16.8453648, 45.2186769], [16.8446972, 45.2190146], [16.8441206, 45.2191429], [16.8435744, 45.2191685], [16.8432466, 45.2192968], [16.8426458, 45.2198782], [16.8423837, 45.2201313], [16.8418977, 45.2201602], [16.8413453, 45.2200076], [16.8405778, 45.2199195], [16.8388961, 45.2196137], [16.8377018, 45.2193054], [16.8356789, 45.2184495], [16.8348917, 45.2181695], [16.8345887, 45.2173966], [16.8342998, 45.2165222], [16.8343893, 45.2160315], [16.8345166, 45.2153004], [16.8346815, 45.2144645], [16.8347798, 45.2138432], [16.8349287, 45.2134263], [16.8353759, 45.2129348], [16.8359136, 45.2123116], [16.836645, 45.2115229], [16.8372776, 45.2110855], [16.8378808, 45.2107247], [16.8388776, 45.2098686], [16.8403946, 45.2084822], [16.8410591, 45.207841], [16.841726, 45.2071094], [16.8429808, 45.2052582], [16.8432931, 45.2046704], [16.8435622, 45.2035979], [16.8438286, 45.202313], [16.8437702, 45.2021097], [16.8432045, 45.2016961], [16.8431711, 45.2010455], [16.8430266, 45.1994685], [16.8428436, 45.1987191], [16.8426895, 45.1978068], [16.8426987, 45.1968775], [16.8429338, 45.1961886], [16.8434993, 45.1954204], [16.8436523, 45.1947684], [16.8435599, 45.1942173], [16.8430888, 45.1937765], [16.8425582, 45.1935417], [16.842111, 45.1934442], [16.8415383, 45.1934514], [16.8408757, 45.1930078], [16.8396996, 45.1917687], [16.8394261, 45.1915217], [16.8385472, 45.1908118], [16.83763, 45.1899178], [16.8372523, 45.1896869], [16.8314098, 45.1874788], [16.8305838, 45.1872495], [16.8296404, 45.1870927], [16.8280743, 45.1869602], [16.8272742, 45.1868692], [16.8265372, 45.186749], [16.8254874, 45.1864943], [16.8235836, 45.1858156], [16.8208525, 45.1852009], [16.819388, 45.184979], [16.8155841, 45.1846208], [16.8124188, 45.1845298], [16.8099065, 45.1847603], [16.8086184, 45.1849973], [16.8085827, 45.1850059], [16.8067502, 45.1854463], [16.8059202, 45.1857091], [16.8042397, 45.1860724], [16.8036988, 45.1861564], [16.8030486, 45.1861955], [16.8027051, 45.1858559], [16.8000396, 45.1862885], [16.7988844, 45.1866381], [16.7969066, 45.1870745], [16.7961612, 45.1872996], [16.7945073, 45.1881685], [16.7939339, 45.1882534], [16.7931882, 45.1885208], [16.7891741, 45.1897919], [16.7873048, 45.1901849], [16.7854499, 45.1906797], [16.7807459, 45.1918145], [16.7782817, 45.1922984], [16.7759945, 45.192701], [16.7752226, 45.1929432], [16.7745084, 45.193277], [16.77343, 45.1937114], [16.7724671, 45.1942578], [16.7707712, 45.1948196], [16.7700901, 45.1950256], [16.7683968, 45.196158], [16.7677407, 45.1966876], [16.7662785, 45.1975752], [16.7645635, 45.1983842], [16.763504, 45.1989123], [16.7624116, 45.1994086], [16.7600848, 45.2003566], [16.7569155, 45.2017161], [16.7562168, 45.2020225], [16.7551712, 45.2024365], [16.7548242, 45.2025898], [16.7546391, 45.2026126], [16.7543106, 45.202681], [16.7532788, 45.2029125], [16.7528809, 45.2029484], [16.7513865, 45.2032613], [16.7503602, 45.2034638], [16.7493526, 45.2033854], [16.7485085, 45.2034638], [16.7482795, 45.2034361], [16.7474419, 45.2035652], [16.7454659, 45.2039064], [16.7441049, 45.2041323], [16.7424102, 45.2043536], [16.7413175, 45.2045795], [16.7400777, 45.2048329], [16.7390771, 45.2049946], [16.7381998, 45.2052872], [16.738102, 45.2053335], [16.736872, 45.2059155], [16.7356566, 45.2064055], [16.734414, 45.206896], [16.7331638, 45.2071927], [16.7321209, 45.2073661], [16.7315111, 45.207407], [16.7308595, 45.2073819], [16.7301325, 45.2073027], [16.7287328, 45.2070181], [16.7281073, 45.2067607], [16.7268544, 45.206173], [16.7257154, 45.2055191], [16.7253614, 45.2053174], [16.7246224, 45.2050678], [16.7236651, 45.204916], [16.7225117, 45.2048412], [16.7211513, 45.2048082], [16.7181936, 45.2047783], [16.7153, 45.2046005], [16.7127353, 45.2038256], [16.7101522, 45.2028093], [16.7046015, 45.1989696], [16.7023834, 45.1977225], [16.7014784, 45.1973687], [16.7002015, 45.1968696], [16.6973485, 45.1965442], [16.6957533, 45.1965508], [16.6942346, 45.1968595], [16.6882292, 45.1987439], [16.683791, 45.2002145], [16.6825651, 45.2006678], [16.6802102, 45.2015389], [16.6784584, 45.2017975], [16.6765938, 45.2018883], [16.6738534, 45.201523], [16.6709737, 45.201439], [16.6694677, 45.201616], [16.6685299, 45.2019677], [16.665649, 45.2031798], [16.6647079, 45.2038265], [16.6617239, 45.2058105], [16.6586691, 45.207176], [16.6566706, 45.2073924], [16.6540831, 45.2074957], [16.6522908, 45.2074045], [16.6501559, 45.2073099], [16.6481391, 45.2076849], [16.6447332, 45.2091806], [16.6422403, 45.2107621], [16.640216, 45.2119681], [16.6382393, 45.2131906], [16.6368234, 45.2138213], [16.6353714, 45.2139937], [16.6338243, 45.2140331], [16.6324557, 45.2139423], [16.6304386, 45.2136369], [16.6295988, 45.2137292], [16.6293985, 45.2137564], [16.629177, 45.2138005], [16.6288041, 45.2133744], [16.6287488, 45.2133914], [16.6286726, 45.213359], [16.6285504, 45.2133773], [16.6282939, 45.2132122], [16.6282298, 45.2131832], [16.6281827, 45.2132122], [16.6281236, 45.2132326], [16.6279503, 45.2131822], [16.6279238, 45.2131804], [16.6278816, 45.2131823], [16.6278305, 45.2131783], [16.6277795, 45.2131623], [16.6277342, 45.2131424], [16.6276917, 45.2131264], [16.6276435, 45.2131184], [16.6275925, 45.2131164], [16.6275387, 45.2131164], [16.6274905, 45.2131184], [16.6273262, 45.2131184], [16.6272723, 45.2131144], [16.6272213, 45.2131104], [16.6271703, 45.2131064], [16.6271193, 45.2131024], [16.6270655, 45.2130964], [16.6270145, 45.2130945], [16.6269635, 45.2130905], [16.6269125, 45.2130885], [16.6268105, 45.2130885], [16.6267566, 45.2130825], [16.6267113, 45.2130645], [16.6266603, 45.2130565], [16.6266121, 45.2130525], [16.6265611, 45.2130545], [16.6265073, 45.2130445], [16.6264648, 45.2130306], [16.6264279, 45.2130106], [16.6263939, 45.2129827], [16.6263571, 45.2129627], [16.6263174, 45.2129447], [16.6262721, 45.2129288], [16.6262353, 45.2129008], [16.6262211, 45.2128689], [16.6261899, 45.2128429], [16.6261389, 45.212833], [16.6260879, 45.212835], [16.6260341, 45.2128429], [16.6259859, 45.2128429], [16.6259349, 45.2128389], [16.6258924, 45.212825], [16.6253285, 45.2126673], [16.6250426, 45.2126424], [16.6249904, 45.2126415], [16.6248185, 45.2126273], [16.624764, 45.2126097], [16.624725, 45.2126034], [16.6246482, 45.2125967], [16.6245635, 45.2126094], [16.624521, 45.2126254], [16.6244756, 45.2126433], [16.6244303, 45.2126613], [16.6243793, 45.2126733], [16.6243283, 45.2126832], [16.6242801, 45.2126852], [16.6242291, 45.2126852], [16.6241809, 45.2126773], [16.6241328, 45.2126653], [16.6240903, 45.2126493], [16.6240421, 45.2126333], [16.6239939, 45.2126194], [16.6239457, 45.2126114], [16.6238947, 45.2126094], [16.6238437, 45.2126094], [16.6238012, 45.2126234], [16.6237559, 45.2126453], [16.6237134, 45.2126693], [16.6236681, 45.2126852], [16.6236227, 45.2127012], [16.6235774, 45.2127252], [16.6235349, 45.2127491], [16.6234952, 45.2127731], [16.6234584, 45.212797], [16.6234102, 45.212809], [16.6233564, 45.212811], [16.6233082, 45.212805], [16.6232714, 45.2127811], [16.6232629, 45.2127491], [16.6232629, 45.2127152], [16.6232657, 45.2126812], [16.6232657, 45.2126453], [16.6232572, 45.2126134], [16.6232062, 45.2125535], [16.6231325, 45.2125076], [16.6230928, 45.2124836], [16.6230503, 45.2124697], [16.6229993, 45.2124736], [16.6229781, 45.2124806], [16.6229526, 45.2124846], [16.6229242, 45.2124846], [16.6228987, 45.2124826], [16.6228775, 45.2124746], [16.6228577, 45.2124627], [16.6228449, 45.2124467], [16.6228378, 45.2124287], [16.6228378, 45.2124118], [16.6228364, 45.2123958], [16.6228293, 45.2123768], [16.6228222, 45.2123609], [16.6228152, 45.2123449], [16.6228052, 45.2123279], [16.6227911, 45.212313], [16.6227755, 45.212298], [16.6227599, 45.212285], [16.6227443, 45.212271], [16.62273, 45.2122562], [16.6227275, 45.2122522], [16.6227226, 45.2122447], [16.6227162, 45.2122372], [16.6227105, 45.2122297], [16.6227035, 45.2122222], [16.6226971, 45.2122153], [16.6226907, 45.2122083], [16.6226843, 45.2122008], [16.6226687, 45.2121878], [16.6226581, 45.2121818], [16.6226482, 45.2121758], [16.6226369, 45.2121698], [16.6226262, 45.2121648], [16.6226036, 45.2121574], [16.6225908, 45.2121544], [16.6225795, 45.2121519], [16.6225653, 45.2121489], [16.622554, 45.2121474], [16.6225405, 45.2121459], [16.6225143, 45.2121424], [16.622503, 45.2121404], [16.6224888, 45.2121399], [16.6224754, 45.2121384], [16.6224612, 45.2121379], [16.6224477, 45.2121369], [16.6224187, 45.2121369], [16.6224052, 45.2121374], [16.6223783, 45.2121374], [16.6223648, 45.2121384], [16.6223535, 45.2121399], [16.6223386, 45.2121419], [16.6223238, 45.2121429], [16.6223124, 45.2121439], [16.622299, 45.2121454], [16.6222869, 45.2121469], [16.6222742, 45.2121479], [16.6222565, 45.2121509], [16.6222451, 45.2121529], [16.6222324, 45.2121554], [16.6222196, 45.2121574], [16.6222069, 45.2121599], [16.6221934, 45.2121629], [16.6221807, 45.2121668], [16.6221693, 45.2121713], [16.6221559, 45.2121753], [16.6221452, 45.2121788], [16.6221353, 45.2121828], [16.6221233, 45.2121853], [16.6221112, 45.2121888], [16.6220957, 45.2121933], [16.622085, 45.2121963], [16.6220427, 45.2122135], [16.6220307, 45.212217], [16.6220094, 45.212223], [16.6219981, 45.212225], [16.6219847, 45.212227], [16.6219698, 45.212228], [16.6219577, 45.2122275], [16.6219421, 45.212226], [16.621928, 45.212223], [16.6219138, 45.2122195], [16.6219011, 45.212217], [16.6218869, 45.2122145], [16.6218756, 45.212213], [16.6218359, 45.212213], [16.6218231, 45.212214], [16.6217962, 45.212215], [16.6217821, 45.212216], [16.6217686, 45.212216], [16.6217388, 45.212215], [16.6217247, 45.212214], [16.6217119, 45.212212], [16.6216992, 45.212211], [16.6216864, 45.2122085], [16.6216723, 45.2122045], [16.6216609, 45.212201], [16.6216503, 45.2121966], [16.6216397, 45.2121916], [16.6216283, 45.2121861], [16.6216163, 45.2121816], [16.6216064, 45.2121766], [16.6215858, 45.2121666], [16.6215759, 45.2121626], [16.6215646, 45.2121586], [16.6215532, 45.2121556], [16.6215433, 45.2121516], [16.6215185, 45.2121437], [16.6215065, 45.2121412], [16.6214923, 45.2121397], [16.6214689, 45.2121397], [16.6214463, 45.2121427], [16.6214342, 45.2121446], [16.6214222, 45.2121476], [16.6214101, 45.2121496], [16.6213946, 45.2121516], [16.6213825, 45.2121536], [16.6213705, 45.2121551], [16.6213584, 45.2121556], [16.6213358, 45.2121556], [16.6213237, 45.2121546], [16.6213117, 45.2121531], [16.6213003, 45.2121501], [16.621289, 45.2121466], [16.6212763, 45.2121432], [16.6212649, 45.2121397], [16.6212437, 45.2121337], [16.6212316, 45.2121312], [16.6212203, 45.2121312], [16.6211976, 45.2121322], [16.6211856, 45.2121337], [16.621175, 45.2121367], [16.6211672, 45.2121437], [16.6211622, 45.2121511], [16.6211615, 45.2121601], [16.6211615, 45.2121691], [16.6211636, 45.2121771], [16.6211679, 45.2121851], [16.6211743, 45.2121916], [16.6211898, 45.2122045], [16.6211962, 45.2122115], [16.6212012, 45.212219], [16.6212047, 45.2122275], [16.6212068, 45.2122365], [16.6212068, 45.212246], [16.6212061, 45.2122544], [16.621204, 45.2122624], [16.6211998, 45.2122699], [16.621192, 45.2122769], [16.621182, 45.2122824], [16.6211714, 45.2122859], [16.6211594, 45.2122879], [16.6211473, 45.2122889], [16.6211346, 45.2122884], [16.6211218, 45.2122884], [16.6211091, 45.2122864], [16.621097, 45.2122839], [16.6210815, 45.2122829], [16.6210701, 45.2122809], [16.6210418, 45.2122764], [16.6210283, 45.2122739], [16.6210149, 45.2122719], [16.6210028, 45.2122689], [16.6209894, 45.2122664], [16.6209773, 45.2122634], [16.6209632, 45.2122604], [16.620949, 45.2122579], [16.6209369, 45.2122554], [16.6209242, 45.2122524], [16.6209122, 45.2122499], [16.6209001, 45.212248], [16.6208874, 45.212246], [16.620864, 45.212243], [16.6208519, 45.2122425], [16.6208271, 45.2122425], [16.6208158, 45.2122435], [16.6208038, 45.212245], [16.6207825, 45.2122499], [16.6207705, 45.2122529], [16.6207584, 45.2122564], [16.6207478, 45.2122599], [16.6207393, 45.2122654], [16.6207081, 45.2122764], [16.6206989, 45.2122819], [16.6206883, 45.2122889], [16.6206699, 45.2123018], [16.62066, 45.2123098], [16.6206536, 45.2123178], [16.6206515, 45.2123268], [16.6206515, 45.2123448], [16.6206529, 45.2123538], [16.6206564, 45.2123622], [16.6206614, 45.2123697], [16.6206692, 45.2123777], [16.6206784, 45.2123842], [16.6206883, 45.2123882], [16.6206989, 45.2123927], [16.6207088, 45.2123997], [16.6207131, 45.2124076], [16.6207138, 45.2124156], [16.6207124, 45.2124236], [16.6207096, 45.2124316], [16.6207039, 45.2124401], [16.6206982, 45.2124466], [16.6206897, 45.2124531], [16.6206798, 45.212459], [16.6206692, 45.212463], [16.6206578, 45.212466], [16.6206451, 45.212468], [16.620633, 45.212468], [16.6206097, 45.212471], [16.6205948, 45.212473], [16.6205828, 45.2124755], [16.6205594, 45.212481], [16.620548, 45.212484], [16.6205353, 45.2124875], [16.6205247, 45.21249], [16.620502, 45.212496], [16.62049, 45.212496], [16.6204652, 45.212493], [16.6204531, 45.21249], [16.6204425, 45.2124855], [16.620434, 45.2124795], [16.6204276, 45.2124725], [16.6204234, 45.212464], [16.6204227, 45.2124546], [16.6204241, 45.2124456], [16.620429, 45.2124381], [16.6204375, 45.2124311], [16.6204467, 45.2124246], [16.6204595, 45.2124206], [16.6204715, 45.2124171], [16.6204843, 45.2124126], [16.6204928, 45.2124057], [16.6204942, 45.2123972], [16.6204914, 45.2123882], [16.620485, 45.2123807], [16.620473, 45.2123792], [16.6204602, 45.2123802], [16.6204496, 45.2123827], [16.6204382, 45.2123862], [16.620429, 45.2123917], [16.6204198, 45.2123977], [16.620412, 45.2124042], [16.6204042, 45.2124101], [16.6203943, 45.2124146], [16.6203844, 45.2124196], [16.6203546, 45.2124336], [16.6203419, 45.2124386], [16.6203299, 45.2124406], [16.6203157, 45.2124406], [16.6203044, 45.2124401], [16.6202916, 45.2124386], [16.6202789, 45.2124376], [16.6202661, 45.2124376], [16.6202533, 45.2124401], [16.6202434, 45.2124441], [16.6202335, 45.2124491], [16.6202264, 45.2124561], [16.6202236, 45.212464], [16.6202236, 45.2124725], [16.620225, 45.2124895], [16.620225, 45.212498], [16.6202236, 45.2125164], [16.6202201, 45.2125244], [16.6202151, 45.2125319], [16.6202094, 45.2125394], [16.6202023, 45.2125474], [16.620191, 45.2125544], [16.6201683, 45.2125629], [16.6201475, 45.2125703], [16.6201291, 45.2125803], [16.6201107, 45.2125963], [16.6200965, 45.2126103], [16.6200894, 45.2126252], [16.6200852, 45.2126422], [16.6200809, 45.2126612], [16.6200781, 45.2126781], [16.620071, 45.2126931], [16.620054, 45.2127061], [16.6200356, 45.2127191], [16.6200172, 45.212731], [16.6199973, 45.212742], [16.6199789, 45.212751], [16.6199577, 45.21276], [16.6199364, 45.212767], [16.6199123, 45.212771], [16.6198897, 45.212772], [16.6198656, 45.212771], [16.6198401, 45.212767], [16.6198188, 45.212757], [16.6198032, 45.212743], [16.6197848, 45.212733], [16.619765, 45.212721], [16.6197466, 45.2127091], [16.6197253, 45.2126991], [16.6197069, 45.2126891], [16.6196941, 45.2126741], [16.6196786, 45.2126612], [16.6196601, 45.2126502], [16.6196403, 45.2126412], [16.619619, 45.2126332], [16.619595, 45.2126272], [16.6195709, 45.2126272], [16.6195468, 45.2126312], [16.619527, 45.2126422], [16.6195128, 45.2126562], [16.6195029, 45.2126721], [16.6194944, 45.2126871], [16.6194859, 45.2127011], [16.6194731, 45.2127161], [16.6194561, 45.212727], [16.6194349, 45.212735], [16.6194122, 45.212742], [16.6193853, 45.212746], [16.6193598, 45.212745], [16.6193371, 45.21274], [16.6193173, 45.212731], [16.619296, 45.212724], [16.6192748, 45.2127191], [16.6192507, 45.2127141], [16.619228, 45.2127141], [16.6192039, 45.2127131], [16.6191728, 45.2127101], [16.6191473, 45.2127041], [16.619126, 45.2126971], [16.6191005, 45.2126901], [16.6190778, 45.2126891], [16.6190183, 45.2126871], [16.6189942, 45.2126871], [16.6189631, 45.2126861], [16.6189305, 45.2126861], [16.6189022, 45.2126831], [16.6188781, 45.2126811], [16.6188242, 45.2126791], [16.6187945, 45.2126791], [16.6187647, 45.2126801], [16.6187421, 45.2126821], [16.618718, 45.2126841], [16.6186967, 45.2126881], [16.6186741, 45.2126931], [16.61865, 45.2127011], [16.6186287, 45.2127071], [16.6186117, 45.2127191], [16.6186018, 45.212735], [16.6185919, 45.21275], [16.6185777, 45.212762], [16.6185664, 45.2127749], [16.618548, 45.2127859], [16.6184927, 45.2128248], [16.6184729, 45.2128408], [16.6184559, 45.2128548], [16.6184375, 45.2128728], [16.6184233, 45.2128867], [16.6184105, 45.2129007], [16.6183992, 45.2129177], [16.6183879, 45.2129356], [16.618378, 45.2129526], [16.618361, 45.2129825], [16.6183496, 45.2129975], [16.6183411, 45.2130135], [16.6183312, 45.2130285], [16.618317, 45.2130434], [16.6183085, 45.2130584], [16.6182972, 45.2130724], [16.6182802, 45.2130844], [16.6182632, 45.2130943], [16.6182419, 45.2131073], [16.6182221, 45.2131173], [16.6181994, 45.2131293], [16.6181782, 45.2131382], [16.6181555, 45.2131442], [16.6181343, 45.2131502], [16.6181088, 45.2131542], [16.6180861, 45.2131592], [16.618062, 45.2131632], [16.6180379, 45.2131702], [16.6180167, 45.2131752], [16.6179912, 45.2131802], [16.6179699, 45.2131911], [16.6179444, 45.2132191], [16.6179288, 45.2132311], [16.6179062, 45.213241], [16.6178807, 45.213255], [16.617858, 45.213252], [16.6178424, 45.213266], [16.6178297, 45.213279], [16.6178311, 45.2132979], [16.6178311, 45.2133319], [16.6178226, 45.2133478], [16.6178127, 45.2133628], [16.6177985, 45.2133788], [16.6177829, 45.2133918], [16.6177631, 45.2134037], [16.6177532, 45.2134197], [16.6177546, 45.2134357], [16.6177574, 45.2134526], [16.6177617, 45.2134696], [16.6177617, 45.2135035], [16.6177602, 45.2135195], [16.617756, 45.2135385], [16.6177461, 45.2135554], [16.6177319, 45.2135694], [16.6177149, 45.2135824], [16.6176936, 45.2135874], [16.6176441, 45.2135874], [16.6176186, 45.2135904], [16.6175973, 45.2135964], [16.6175718, 45.2135994], [16.6175463, 45.2135954], [16.6175038, 45.2135804], [16.6174585, 45.2135804], [16.6174358, 45.2135854], [16.6174216, 45.2135984], [16.6174103, 45.2136133], [16.6173876, 45.2136223], [16.6173635, 45.2136213], [16.6173409, 45.2136153], [16.617321, 45.2136053], [16.6173055, 45.2135914], [16.6172913, 45.2135754], [16.6172799, 45.2135604], [16.61727, 45.2135445], [16.6172601, 45.2135295], [16.6172474, 45.2135155], [16.6172289, 45.2135025], [16.6172091, 45.2134926], [16.6171836, 45.2134916], [16.6171609, 45.2134956], [16.6171397, 45.2135025], [16.6171213, 45.2135145], [16.6171071, 45.2135285], [16.6170915, 45.2135425], [16.6170703, 45.2135505], [16.6170476, 45.2135524], [16.6170221, 45.2135554], [16.6169994, 45.2135594], [16.6169782, 45.2135644], [16.6169328, 45.2135794], [16.6169102, 45.2135864], [16.616879, 45.2136033], [16.6168592, 45.2136123], [16.6168365, 45.2136173], [16.6168138, 45.2136163], [16.6167897, 45.2136133], [16.6167685, 45.2136043], [16.6167487, 45.2135934], [16.6167359, 45.2135784], [16.6167246, 45.2135634], [16.6167104, 45.2135485], [16.6166906, 45.2135405], [16.6166665, 45.2135345], [16.616641, 45.2135365], [16.6166197, 45.2135455], [16.6166027, 45.2135564], [16.61659, 45.2135714], [16.6165758, 45.2135854], [16.6165631, 45.2136024], [16.6165531, 45.2136173], [16.6165404, 45.2136323], [16.6165248, 45.2136453], [16.6164965, 45.2136493], [16.6164738, 45.2136463], [16.6164483, 45.2136383], [16.6164285, 45.2136283], [16.6164143, 45.2136123], [16.6164058, 45.2135964], [16.6164015, 45.2135774], [16.616393, 45.2135604], [16.616386, 45.2135435], [16.6163746, 45.2135255], [16.6163619, 45.2135095], [16.6163463, 45.2134956], [16.6163236, 45.2134826], [16.6163038, 45.2134736], [16.616284, 45.2134666], [16.6162585, 45.2134546], [16.6162344, 45.2134467], [16.6162074, 45.2134337], [16.6161862, 45.2134267], [16.6161649, 45.2134177], [16.6161409, 45.2134097], [16.6161182, 45.2134017], [16.6160955, 45.2133948], [16.6160743, 45.2133868], [16.6160431, 45.2133808], [16.6160204, 45.2133748], [16.6159992, 45.2133688], [16.6159737, 45.2133628], [16.6159496, 45.2133568], [16.6159269, 45.2133508], [16.6158986, 45.2133439], [16.6158745, 45.2133389], [16.6158533, 45.2133299], [16.6158334, 45.2133189], [16.6158164, 45.2133079], [16.6157952, 45.2132939], [16.6157796, 45.213279], [16.615764, 45.213265], [16.6157456, 45.213255], [16.6157201, 45.213248], [16.615696, 45.2132401], [16.6156662, 45.2132311], [16.6156436, 45.2132251], [16.6156152, 45.2132181], [16.6155671, 45.2132041], [16.6155486, 45.2131951], [16.6155302, 45.2131832], [16.6155132, 45.2131692], [16.6154962, 45.2131572], [16.6154764, 45.2131462], [16.6154537, 45.2131392], [16.6154325, 45.2131343], [16.6154056, 45.2131323], [16.6153815, 45.2131333], [16.6153588, 45.2131382], [16.6153375, 45.2131432], [16.615312, 45.2131442], [16.6152851, 45.2131392], [16.6152653, 45.2131313], [16.6152455, 45.2131213], [16.6152327, 45.2131073], [16.6152242, 45.2130913], [16.6152214, 45.2130714], [16.61522, 45.2130544], [16.61522, 45.2130205], [16.6152171, 45.2130025], [16.6152129, 45.2129845], [16.6152058, 45.2129666], [16.6151888, 45.2129546], [16.6151661, 45.2129486], [16.6151449, 45.2129416], [16.6151321, 45.2129277], [16.6151279, 45.2129097], [16.6151222, 45.2128927], [16.6151094, 45.2128777], [16.615091, 45.2128658], [16.6150641, 45.2128648], [16.61504, 45.2128658], [16.6150174, 45.2128638], [16.6149947, 45.2128588], [16.6149692, 45.2128488], [16.6149494, 45.2128408], [16.6149253, 45.2128418], [16.6149026, 45.2128448], [16.6148813, 45.2128508], [16.6148558, 45.2128568], [16.6148332, 45.2128618], [16.6148077, 45.2128638], [16.6147836, 45.2128638], [16.6147595, 45.2128598], [16.6147397, 45.2128478], [16.6147241, 45.2128338], [16.6147113, 45.2128189], [16.6147, 45.2128049], [16.614683, 45.2127939], [16.6146632, 45.2127869], [16.6146377, 45.2127859], [16.6146136, 45.2127859], [16.6145923, 45.2127919], [16.6145697, 45.2128019], [16.6145527, 45.2128139], [16.6145385, 45.2128308], [16.6145215, 45.2128628], [16.6145144, 45.2128787], [16.6145116, 45.2129117], [16.6145116, 45.2129306], [16.6145087, 45.2129656], [16.6145016, 45.2129815], [16.6144875, 45.2129945], [16.6144676, 45.2130065], [16.6144464, 45.2130155], [16.614428, 45.2130235], [16.6144081, 45.2130315], [16.6143869, 45.2130384], [16.6143614, 45.2130414], [16.6143373, 45.2130404], [16.6143118, 45.2130374], [16.6142905, 45.2130315], [16.6142509, 45.2130115], [16.6142296, 45.2130035], [16.6142055, 45.2130015], [16.6141591, 45.2129978], [16.6141271, 45.2129922], [16.614103, 45.2129738], [16.614089, 45.2129526], [16.614075, 45.2129315], [16.6140509, 45.2129131], [16.6140269, 45.2128962], [16.6140008, 45.2128792], [16.6139728, 45.2128609], [16.6139548, 45.2128411], [16.6139427, 45.2128185], [16.6139387, 45.2127945], [16.6139307, 45.212772], [16.6139167, 45.2127494], [16.6138966, 45.212731], [16.6138706, 45.2127155], [16.6138446, 45.2126986], [16.6138245, 45.2126774], [16.6138225, 45.2126534], [16.6138205, 45.2126266], [16.6138145, 45.2126012], [16.6138005, 45.2125786], [16.6137764, 45.2125602], [16.6137484, 45.2125489], [16.6137163, 45.2125376], [16.6136843, 45.2125306], [16.6136482, 45.2125207], [16.6136121, 45.2125165], [16.6135801, 45.2125165], [16.613548, 45.2125179], [16.613516, 45.2125235], [16.6134879, 45.212532], [16.6134599, 45.2125475], [16.6134378, 45.2125673], [16.6134178, 45.2125871], [16.6133977, 45.2126068], [16.6133797, 45.2126266], [16.6133537, 45.2126393], [16.6133236, 45.212652], [16.6132855, 45.2126619], [16.6132535, 45.2126619], [16.6132214, 45.2126605], [16.6131874, 45.2126647], [16.6131593, 45.2126746], [16.6131333, 45.2126901], [16.6131052, 45.2127], [16.6130712, 45.2127014], [16.6130391, 45.2127], [16.612969, 45.2127], [16.6129349, 45.2127014], [16.6129028, 45.212707], [16.6128708, 45.2127169], [16.6128407, 45.2127226], [16.6128067, 45.212724], [16.6127726, 45.2127226], [16.6127005, 45.2127141], [16.6126704, 45.212707], [16.6126384, 45.2126972], [16.6126103, 45.2126844], [16.6125823, 45.2126717], [16.6125562, 45.212659], [16.6125322, 45.2126421], [16.6125121, 45.2126223], [16.6124981, 45.2125983], [16.6124663, 45.2125719], [16.6124522, 45.2125399], [16.6124437, 45.212504], [16.6124295, 45.21247], [16.6124012, 45.2124361], [16.6123643, 45.2124161], [16.6123218, 45.2124042], [16.6122737, 45.2124022], [16.6122255, 45.2124142], [16.6121943, 45.2124381], [16.6121631, 45.2124601], [16.612115, 45.212468], [16.6120696, 45.2124601], [16.6120215, 45.2124601], [16.6119648, 45.2124661], [16.6119081, 45.21247], [16.6118515, 45.21247], [16.6117976, 45.2124661], [16.6117466, 45.2124541], [16.6117013, 45.2124401], [16.6116588, 45.2124281], [16.6116106, 45.2124221], [16.6115624, 45.2124241], [16.6115086, 45.2124261], [16.6114604, 45.2124261], [16.6114123, 45.2124201], [16.6113669, 45.2124002], [16.6113216, 45.2123842], [16.6112366, 45.2123483], [16.6111827, 45.2123383], [16.6109957, 45.2123383], [16.6109532, 45.2123263], [16.6109164, 45.2123064], [16.6108909, 45.2122784], [16.6108682, 45.2122465], [16.6108399, 45.2122145], [16.6108087, 45.2121886], [16.610769, 45.2121686], [16.6107265, 45.2121507], [16.6106897, 45.2121327], [16.6106614, 45.2121027], [16.6106359, 45.2120748], [16.6106245, 45.2120409], [16.6106245, 45.2119969], [16.6106359, 45.211959], [16.6106529, 45.2119231], [16.6106642, 45.2118892], [16.6106642, 45.2118532], [16.6106614, 45.2118153], [16.6106444, 45.2117814], [16.6106217, 45.2117514], [16.6105849, 45.2117255], [16.6105055, 45.2116815], [16.6104687, 45.2116596], [16.610429, 45.2116336], [16.6103978, 45.2116097], [16.6103638, 45.2115797], [16.6103298, 45.2115478], [16.6103072, 45.2115199], [16.6102788, 45.2114879], [16.6102533, 45.211456], [16.6102335, 45.211424], [16.6102108, 45.2113921], [16.6101882, 45.2113642], [16.6101655, 45.2113342], [16.6101372, 45.2113043], [16.6101145, 45.2112763], [16.6100833, 45.2112484], [16.6100493, 45.2112224], [16.6100096, 45.2112005], [16.6099671, 45.2111825], [16.6099303, 45.2111645], [16.6098906, 45.2111466], [16.6098453, 45.2111266], [16.6098056, 45.2111046], [16.6097631, 45.2110847], [16.6097121, 45.2110587], [16.6096725, 45.2110408], [16.6096158, 45.2110168], [16.6095789, 45.2109988], [16.6095393, 45.2109789], [16.6094911, 45.2109609], [16.6094004, 45.210925], [16.6093523, 45.210909], [16.6092956, 45.210895], [16.6092531, 45.2108851], [16.6092049, 45.2108751], [16.6091567, 45.2108611], [16.6091114, 45.2108511], [16.6090632, 45.2108351], [16.6090207, 45.2108212], [16.6089697, 45.2108032], [16.6089272, 45.2107852], [16.6088847, 45.2107653], [16.6088422, 45.2107473], [16.6088026, 45.2107234], [16.6087572, 45.2106954], [16.6087204, 45.2106755], [16.6086835, 45.2106535], [16.6086524, 45.2106275], [16.6086212, 45.2105996], [16.6085305, 45.2105058], [16.607825, 45.2101265], [16.6069522, 45.2096873], [16.6069097, 45.2096673], [16.6068616, 45.2096434], [16.6068191, 45.2096234], [16.6067794, 45.2096035], [16.6067397, 45.2095875], [16.6066916, 45.2095655], [16.6063345, 45.2093899], [16.606292, 45.2093759], [16.6062524, 45.2093579], [16.606207, 45.2093399], [16.6061673, 45.209324], [16.6061305, 45.2093], [16.6060993, 45.2092681], [16.606071, 45.2092421], [16.6060483, 45.2092082], [16.6060257, 45.2091782], [16.6060058, 45.2091483], [16.6059747, 45.2091144], [16.6059435, 45.2090824], [16.6059095, 45.2090585], [16.6058698, 45.2090325], [16.6058302, 45.2090146], [16.6057933, 45.2089966], [16.605748, 45.2089766], [16.6057055, 45.2089626], [16.6056601, 45.2089447], [16.6056176, 45.2089307], [16.6055723, 45.2089207], [16.605527, 45.2089087], [16.6054816, 45.2088948], [16.6054391, 45.2088828], [16.6053966, 45.2088688], [16.6053541, 45.2088528], [16.6053088, 45.2088389], [16.6052606, 45.2088229], [16.6051246, 45.208781], [16.6050793, 45.208779], [16.6049829, 45.208787], [16.6049376, 45.208779], [16.6049092, 45.208751], [16.6048696, 45.2087351], [16.6048214, 45.2087371], [16.6047704, 45.2087411], [16.6047222, 45.2087371], [16.6046797, 45.2087231], [16.6046344, 45.2087131], [16.6045891, 45.2087111], [16.6045381, 45.2087091], [16.6044899, 45.2087091], [16.6044389, 45.2087071], [16.6043879, 45.2087011], [16.6043369, 45.2086911], [16.6042887, 45.2086732], [16.6042434, 45.2086532], [16.6042037, 45.2086353], [16.604164, 45.2086213], [16.6041215, 45.2086073], [16.6040734, 45.2085973], [16.6040252, 45.2085953], [16.6039742, 45.2085933], [16.6039288, 45.2085833], [16.6038863, 45.2085654], [16.6038552, 45.2085374], [16.6038438, 45.2085055], [16.603841, 45.2084716], [16.6038297, 45.2084376], [16.6037843, 45.2084256], [16.6037418, 45.2084137], [16.6036965, 45.2083997], [16.6036398, 45.2083857], [16.6035945, 45.2083657], [16.6035548, 45.2083438], [16.6035151, 45.2083198], [16.6034755, 45.2083019], [16.6034301, 45.2082819], [16.6033876, 45.2082639], [16.6033451, 45.208248], [16.6032715, 45.208202], [16.6032375, 45.2081761], [16.6032233, 45.2081422], [16.603212, 45.2081082], [16.6031893, 45.2080803], [16.6031411, 45.2080743], [16.6030986, 45.2080863], [16.6030674, 45.2081082], [16.6030278, 45.2081242], [16.6029768, 45.2081222], [16.6029314, 45.2081082], [16.6029003, 45.2080843], [16.6028861, 45.2080503], [16.6028634, 45.2080204], [16.6028181, 45.2080064], [16.6027727, 45.2080004], [16.6027302, 45.2079864], [16.6027104, 45.2079545], [16.6027047, 45.2079206], [16.6027047, 45.2078846], [16.6026537, 45.2077768], [16.6026282, 45.2077449], [16.6025942, 45.2077189], [16.6025546, 45.207695], [16.6025092, 45.207679], [16.6024667, 45.207665], [16.6024271, 45.2076451], [16.6023902, 45.2076211], [16.6023619, 45.2075952], [16.6023364, 45.2075652], [16.6023222, 45.2075293], [16.6023052, 45.2074953], [16.6022854, 45.2074654], [16.6022599, 45.2074374], [16.602223, 45.2074135], [16.6021834, 45.2073935], [16.6021437, 45.2073756], [16.6020955, 45.2073616], [16.602053, 45.2073456], [16.6020049, 45.2073316], [16.6019595, 45.2073177], [16.601917, 45.2072997], [16.601883, 45.2072737], [16.6018575, 45.2072398], [16.6018348, 45.2072059], [16.601815, 45.2071739], [16.6017952, 45.20714], [16.6017697, 45.20711], [16.6017385, 45.2070721], [16.6017102, 45.2070402], [16.6016762, 45.2070102], [16.6016393, 45.2069883], [16.6015997, 45.2069683], [16.60156, 45.2069503], [16.6015175, 45.2069364], [16.6014721, 45.2069164], [16.6014381, 45.2068884], [16.6014155, 45.2068565], [16.601407, 45.2068226], [16.6014172, 45.2067311], [16.6014372, 45.2066859], [16.6014452, 45.2066351], [16.6014412, 45.2065871], [16.6014372, 45.2065362], [16.6014252, 45.2064854], [16.6013931, 45.2064374], [16.6013451, 45.2064035], [16.601293, 45.2063584], [16.6012449, 45.2063132], [16.6012008, 45.2062737], [16.6011567, 45.2062313], [16.6011126, 45.2061946], [16.6010806, 45.2061494], [16.6010686, 45.2061014], [16.6010445, 45.2060563], [16.6010165, 45.2060111], [16.6009764, 45.2059688], [16.6009163, 45.2059433], [16.6008762, 45.2059038], [16.6008321, 45.2058643], [16.600784, 45.2058304], [16.6007319, 45.2057852], [16.6006879, 45.2057401], [16.6006678, 45.2056949], [16.6006678, 45.2055368], [16.6006598, 45.2054831], [16.6006358, 45.205438], [16.6005877, 45.2053984], [16.6005316, 45.2053758], [16.6004995, 45.2053307], [16.6004835, 45.2052855], [16.6004595, 45.2052403], [16.6004234, 45.2052008], [16.6003633, 45.2051669], [16.6003072, 45.2051387], [16.6002471, 45.2051133], [16.600183, 45.2050879], [16.6001589, 45.2050455], [16.6001509, 45.2049975], [16.6001309, 45.2049467], [16.6000908, 45.2049072], [16.6000307, 45.2048874], [16.5999786, 45.2048479], [16.5999545, 45.2048027], [16.5999345, 45.2047547], [16.5998562, 45.2046471], [16.5998194, 45.2046231], [16.5997939, 45.2045952], [16.5997627, 45.2045632], [16.5997287, 45.2045333], [16.5996947, 45.2045073], [16.5996607, 45.2044714], [16.5996295, 45.2044354], [16.5996069, 45.2044075], [16.5995814, 45.2043755], [16.5995559, 45.2043456], [16.5995219, 45.2043196], [16.5994822, 45.2042937], [16.599451, 45.2042677], [16.5994227, 45.2042358], [16.5994029, 45.2041999], [16.5993915, 45.2041639], [16.5993802, 45.20412], [16.5993745, 45.2040821], [16.5993745, 45.2039703], [16.5993773, 45.2039303], [16.5993802, 45.2038964], [16.5993802, 45.2038585], [16.5993688, 45.2038265], [16.5993292, 45.2038085], [16.5992782, 45.2038006], [16.5992413, 45.2037786], [16.5992158, 45.2037507], [16.5992158, 45.2037167], [16.59923, 45.2036828], [16.5992272, 45.2036488], [16.5992017, 45.2036189], [16.5991705, 45.2035909], [16.5991563, 45.203559], [16.5991563, 45.2035231], [16.5991535, 45.2034312], [16.5991393, 45.2033993], [16.599162, 45.2033673], [16.5991875, 45.2033294], [16.5991818, 45.2032935], [16.5991422, 45.2032775], [16.599094, 45.2032775], [16.5990458, 45.2032715], [16.5990288, 45.2032395], [16.5990458, 45.2031677], [16.5990628, 45.2031297], [16.5990827, 45.2030878], [16.5990883, 45.2030499], [16.5991167, 45.2030219], [16.5991592, 45.202998], [16.5991988, 45.202972], [16.5992243, 45.2029441], [16.5992555, 45.2029141], [16.599298, 45.2028902], [16.5993887, 45.2028582], [16.5994284, 45.2028363], [16.599451, 45.2028023], [16.5994709, 45.2027664], [16.5994794, 45.2027324], [16.599485, 45.2026945], [16.5994935, 45.2026586], [16.5995077, 45.2026226], [16.5995304, 45.2025927], [16.5995559, 45.2025647], [16.5996267, 45.2025148], [16.5996664, 45.2024928], [16.5997117, 45.2024789], [16.5997627, 45.2024709], [16.5997882, 45.2024429], [16.5998024, 45.202409], [16.599808, 45.2023731], [16.5998109, 45.2023371], [16.5998165, 45.2022992], [16.5998477, 45.2022672], [16.5998902, 45.2022433], [16.5999356, 45.2022233], [16.5999554, 45.2021914], [16.5999554, 45.2021574], [16.5999667, 45.2021235], [16.6000007, 45.2020955], [16.6000461, 45.2020816], [16.6000971, 45.2020856], [16.6001396, 45.2020696], [16.6001764, 45.2020476], [16.6001962, 45.2020137], [16.6002047, 45.2019777], [16.6002472, 45.2019598], [16.6002869, 45.2019398], [16.6003209, 45.2019079], [16.6003493, 45.201828], [16.6003804, 45.2017941], [16.6003988, 45.2017831], [16.6004229, 45.2017731], [16.6004498, 45.2017711], [16.6004711, 45.2017621], [16.6004796, 45.2017461], [16.6004853, 45.2017282], [16.6004924, 45.2017112], [16.6005065, 45.2016962], [16.6005221, 45.2016823], [16.6005391, 45.2016683], [16.6005547, 45.2016533], [16.6005674, 45.2016383], [16.6005929, 45.2016064], [16.6006085, 45.2015854], [16.6006199, 45.2015674], [16.6006312, 45.2015505], [16.6006411, 45.2015315], [16.6006496, 45.2015145], [16.6006609, 45.2014976], [16.6006737, 45.2014816], [16.600685, 45.2014666], [16.6007545, 45.2013918], [16.6007757, 45.2013848], [16.6008012, 45.2013748], [16.600821, 45.2013638], [16.6008295, 45.2013478], [16.6008352, 45.2013099], [16.6008409, 45.2012929], [16.6008579, 45.2012789], [16.6008777, 45.201265], [16.6008905, 45.201248], [16.6008933, 45.20123], [16.6008976, 45.2012111], [16.6009032, 45.2011931], [16.6009174, 45.2011791], [16.6009358, 45.2011671], [16.6009571, 45.2011512], [16.6009698, 45.2011362], [16.6009797, 45.2011192], [16.6009811, 45.2011012], [16.6009797, 45.2010843], [16.6009741, 45.2010673], [16.6009599, 45.2010533], [16.60095, 45.2010374], [16.60095, 45.2010194], [16.6009528, 45.2009994], [16.6009641, 45.2009835], [16.6009811, 45.2009685], [16.6010038, 45.2009565], [16.6010279, 45.2009445], [16.6010576, 45.2009345], [16.6010817, 45.2009275], [16.6011044, 45.2009196], [16.60112, 45.2009056], [16.6011299, 45.2008906], [16.601137, 45.2008746], [16.6011455, 45.2008547], [16.6011526, 45.2008347], [16.6011597, 45.2008187], [16.6011639, 45.2008018], [16.6011781, 45.2007678], [16.6011866, 45.2007508], [16.601222, 45.2007139], [16.6012333, 45.2006989], [16.6012404, 45.200683], [16.6012404, 45.200666], [16.6012376, 45.200647], [16.6012347, 45.2006291], [16.6012333, 45.2006091], [16.6012305, 45.2005891], [16.6012277, 45.2005712], [16.6012277, 45.2005153], [16.6012319, 45.2004983], [16.6012546, 45.2004663], [16.6012702, 45.2004534], [16.6012857, 45.2004384], [16.6012999, 45.2004244], [16.6013155, 45.2004104], [16.6013368, 45.2003984], [16.6013608, 45.2003905], [16.6013793, 45.2003765], [16.6013849, 45.2003585], [16.6013821, 45.2003415], [16.6013736, 45.2003266], [16.6013594, 45.2003136], [16.6013453, 45.2002986], [16.6013368, 45.2002816], [16.6013368, 45.2002637], [16.601341, 45.2002467], [16.6013552, 45.2002317], [16.6013736, 45.2002188], [16.6013963, 45.2002098], [16.6014189, 45.2002018], [16.601443, 45.2001968], [16.6014685, 45.2001948], [16.6014954, 45.2001948], [16.6015564, 45.2001698], [16.6015762, 45.2001589], [16.6015932, 45.2001459], [16.6016045, 45.2001309], [16.6016116, 45.2001129], [16.6016116, 45.200096], [16.6016088, 45.200078], [16.6016017, 45.200061], [16.6015904, 45.200046], [16.6015734, 45.2000331], [16.6015578, 45.2000181], [16.601545, 45.2000021], [16.6015394, 45.1999842], [16.6015394, 45.1999672], [16.6015422, 45.1999502], [16.6015464, 45.1999322], [16.6015564, 45.1999153], [16.6015663, 45.1998993], [16.601579, 45.1998843], [16.6015974, 45.1998693], [16.601613, 45.1998544], [16.60163, 45.1998394], [16.6016399, 45.1998224], [16.6016456, 45.1998045], [16.601647, 45.1997875], [16.6016541, 45.1997695], [16.6016626, 45.1997525], [16.6016768, 45.1997216], [16.6016909, 45.1997076], [16.6017108, 45.1996966], [16.6017278, 45.1996847], [16.6017419, 45.1996707], [16.6017519, 45.1996547], [16.6017519, 45.1996377], [16.6017434, 45.1996218], [16.6017264, 45.1996068], [16.6017094, 45.1995928], [16.6016938, 45.1995798], [16.6016796, 45.1995659], [16.6016683, 45.1995489], [16.6016286, 45.199508], [16.6016159, 45.199494], [16.6016074, 45.199478], [16.6016074, 45.19946], [16.601613, 45.1994431], [16.6016272, 45.1994281], [16.6016499, 45.1994201], [16.6016739, 45.1994121], [16.6016824, 45.1993951], [16.6016796, 45.1993782], [16.6016669, 45.1993642], [16.6016456, 45.1993582], [16.6016229, 45.1993522], [16.6016074, 45.1993402], [16.6016045, 45.1993233], [16.6016088, 45.1993063], [16.6016229, 45.1992913], [16.6016442, 45.1992803], [16.6016654, 45.1992724], [16.6016881, 45.1992654], [16.6017136, 45.1992594], [16.6017377, 45.1992504], [16.6017604, 45.1992424], [16.6017816, 45.1992324], [16.6018015, 45.1992204], [16.601817, 45.1992055], [16.6018326, 45.1991915], [16.601844, 45.1991755], [16.6018468, 45.1991585], [16.6018468, 45.1991396], [16.6018425, 45.1991216], [16.6018369, 45.1991036], [16.6018227, 45.1990897], [16.6018071, 45.1990767], [16.601793, 45.1990607], [16.6017816, 45.1990457], [16.6017717, 45.1990298], [16.6017717, 45.1990118], [16.6017695, 45.1989779], [16.6017736, 45.1989271], [16.6018056, 45.1988848], [16.6018497, 45.1988452], [16.6018978, 45.1988113], [16.6019378, 45.198769], [16.6019659, 45.1987238], [16.6019659, 45.1986758], [16.6019579, 45.198625], [16.6019579, 45.198577], [16.6019739, 45.1985262], [16.6019899, 45.1984725], [16.602006, 45.1984189], [16.60203, 45.1983708], [16.6020901, 45.1983398], [16.6021582, 45.1983257], [16.6022184, 45.1982974], [16.6022624, 45.1982579], [16.6022865, 45.1982099], [16.6022985, 45.1981619], [16.6022985, 45.198032], [16.6023065, 45.1979812], [16.6023306, 45.1979332], [16.6023706, 45.1978908], [16.6024307, 45.1978626], [16.6024949, 45.19784], [16.6025429, 45.1978005], [16.602563, 45.1977496], [16.602563, 45.1977016], [16.602547, 45.1976508], [16.6025269, 45.1976056], [16.6025029, 45.1975604], [16.6024989, 45.1975096], [16.6025109, 45.1974588], [16.6025349, 45.1974136], [16.602559, 45.1973628], [16.602559, 45.1973119], [16.602547, 45.1972611], [16.6025389, 45.1972131], [16.6025349, 45.1971623], [16.6025389, 45.1971115], [16.602555, 45.1970606], [16.602579, 45.1970126], [16.6026111, 45.1969674], [16.6026551, 45.1969194], [16.6026952, 45.1968771], [16.6027233, 45.1968319], [16.6027473, 45.1967867], [16.6027674, 45.1967359], [16.6027754, 45.1966851], [16.6027754, 45.196589], [16.6027674, 45.196541], [16.6027674, 45.196493], [16.6027754, 45.1964422], [16.6027994, 45.1963942], [16.6028275, 45.1963518], [16.6028715, 45.1963067], [16.6029036, 45.1962615], [16.6028996, 45.1962107], [16.6028956, 45.1961598], [16.6028996, 45.1961118], [16.6028996, 45.1960553], [16.6029156, 45.1960102], [16.6029477, 45.1959678], [16.6029717, 45.1959226], [16.6029757, 45.1958746], [16.6029797, 45.1958238], [16.6029918, 45.195773], [16.6030238, 45.1957306], [16.6030679, 45.1956882], [16.603104, 45.1956459], [16.603124, 45.1955951], [16.603124, 45.1955442], [16.6031, 45.1955019], [16.6030799, 45.1954567], [16.6030839, 45.1954087], [16.603104, 45.195355], [16.603152, 45.1953211], [16.6031961, 45.1952844], [16.6032242, 45.1952392], [16.6032242, 45.1951912], [16.6032081, 45.1951404], [16.6031881, 45.1950952], [16.6031881, 45.1950444], [16.6031961, 45.1949936], [16.6032202, 45.1949484], [16.6032482, 45.1949004], [16.6034045, 45.1946519], [16.6034606, 45.194618], [16.6035247, 45.194601], [16.6035568, 45.1945559], [16.6035688, 45.194505], [16.6036209, 45.1944711], [16.603677, 45.1944457], [16.6037131, 45.1943977], [16.603705, 45.1943017], [16.6037291, 45.1942565], [16.6037812, 45.1942255], [16.6037892, 45.1941746], [16.6038132, 45.1941266], [16.6038533, 45.1940871], [16.6038894, 45.1940419], [16.6038934, 45.1939911], [16.6038934, 45.1938922], [16.6038974, 45.1938442], [16.6039174, 45.1937934], [16.6039415, 45.1937454], [16.6039615, 45.1936974], [16.6039815, 45.1936522], [16.6039936, 45.1936014], [16.6039896, 45.1935505], [16.6039856, 45.1932823], [16.6039106, 45.1932664], [16.6038029, 45.1931915], [16.6036627, 45.1931276], [16.6036273, 45.1929928], [16.6036273, 45.1929169], [16.6038058, 45.1925784], [16.6038709, 45.1922789], [16.6038525, 45.1921531], [16.6037491, 45.1920023], [16.6036868, 45.1918246], [16.6035649, 45.1916998], [16.6029869, 45.1912425], [16.6030464, 45.1908042], [16.603103, 45.190249], [16.6031484, 45.1896939], [16.6036868, 45.1898167], [16.603572, 45.1896639], [16.6035649, 45.189601], [16.603521, 45.1894962], [16.603436, 45.1894143], [16.6032518, 45.1893963], [16.6029132, 45.1893744], [16.6028062, 45.1893821], [16.6029614, 45.1891667], [16.6031271, 45.188965], [16.6031895, 45.1889081], [16.6034048, 45.1886055], [16.6035734, 45.1883589], [16.6035379, 45.1882255], [16.603419, 45.1881971], [16.603232, 45.1881452], [16.6025576, 45.1879405], [16.6023153, 45.1878386], [16.6019002, 45.1877298], [16.6016253, 45.187615], [16.6009311, 45.1872335], [16.6007144, 45.1871287], [16.6005387, 45.18694], [16.6000456, 45.1867023], [16.5999422, 45.1864916], [16.599785, 45.1863179], [16.5994293, 45.1863428], [16.5990043, 45.1861371], [16.5989774, 45.1859624], [16.5990341, 45.1857427], [16.5991332, 45.185528], [16.5991177, 45.1853333], [16.5990525, 45.1852045], [16.5990057, 45.1850537], [16.5990071, 45.1847302], [16.5990185, 45.1845744], [16.5988839, 45.1842758], [16.5988215, 45.1840501], [16.598677, 45.1840451], [16.5986388, 45.1840112], [16.5985481, 45.1839802], [16.5983979, 45.1839503], [16.5980593, 45.1839113], [16.5976414, 45.1838904], [16.5974388, 45.1838814], [16.597341, 45.1838614], [16.5972022, 45.1837995], [16.5968126, 45.1837096], [16.5965845, 45.1836856], [16.5964881, 45.183414], [16.5963479, 45.1831813], [16.5961892, 45.1829636], [16.5961509, 45.1828808], [16.5961297, 45.1828189], [16.5960957, 45.1827799], [16.5960447, 45.182742], [16.5960617, 45.182719], [16.5961169, 45.182735], [16.5962317, 45.1823445], [16.5963323, 45.181964], [16.5964471, 45.1815786], [16.5965934, 45.1813046], [16.5967467, 45.1810468], [16.5969099, 45.180835], [16.5971414, 45.1804579], [16.5972045, 45.1803075], [16.5972205, 45.180138], [16.5971414, 45.1798556], [16.5971073, 45.1797369], [16.5971183, 45.1796105], [16.5971834, 45.1793662], [16.5972375, 45.1790357], [16.5972245, 45.1789036], [16.5971674, 45.1787681], [16.5970652, 45.1786141], [16.5968729, 45.1784241], [16.5965363, 45.1781283], [16.5964191, 45.1780478], [16.5962017, 45.1779079], [16.5962508, 45.177874], [16.5961055, 45.1777851], [16.5959692, 45.177456], [16.5959983, 45.1773006], [16.5959873, 45.1771488], [16.5959061, 45.1770097], [16.5959432, 45.1769574], [16.5958691, 45.1769178], [16.5959642, 45.1768275], [16.5963289, 45.1764885], [16.5967136, 45.1761594], [16.5968789, 45.1759786], [16.5971093, 45.1757173], [16.5973638, 45.175384], [16.5976132, 45.1750633], [16.5978036, 45.1748797], [16.5979098, 45.1748133], [16.598018, 45.1747809], [16.5981322, 45.1747667], [16.5982564, 45.174771], [16.5984187, 45.1747724], [16.5985259, 45.1747625], [16.5986491, 45.1746975], [16.5986872, 45.1747943], [16.5987673, 45.1747957], [16.5988975, 45.1748261], [16.599175, 45.174944], [16.5994215, 45.1750513], [16.5996188, 45.1751121], [16.5997431, 45.1751424], [16.5999274, 45.1751664], [16.6000119, 45.1751963], [16.6001398, 45.1751672], [16.6003712, 45.1751551], [16.6006637, 45.1751142], [16.6010234, 45.1750513], [16.6014792, 45.1749581], [16.6017116, 45.1748981], [16.6018419, 45.1748578], [16.601914, 45.1748239], [16.6020172, 45.174742], [16.6021114, 45.1746502], [16.6024941, 45.1743861], [16.6028848, 45.1741587], [16.603026, 45.174088], [16.6030981, 45.1740563], [16.6031502, 45.1740421], [16.6032033, 45.1740414], [16.6032554, 45.1740089], [16.6033065, 45.1740414], [16.6033716, 45.1740838], [16.6034448, 45.1741396], [16.6034979, 45.1741989], [16.6035666, 45.1743219], [16.6036218, 45.1744717], [16.6036813, 45.1746255], [16.6040653, 45.174211], [16.6043869, 45.1740982], [16.605254, 45.1739124], [16.6056918, 45.1740542], [16.6058178, 45.1740183], [16.6062925, 45.1737576], [16.607083, 45.1734889], [16.608402, 45.1728437], [16.6085565, 45.1728527], [16.6089546, 45.1728697], [16.6095029, 45.1728787], [16.6100767, 45.1729256], [16.6105896, 45.1730315], [16.610642, 45.1730385], [16.6107709, 45.1730485], [16.6108729, 45.1730225], [16.610931, 45.1729876], [16.6112328, 45.1727079], [16.6114807, 45.172594], [16.611604, 45.1724842], [16.6117881, 45.1723713], [16.6120247, 45.1721795], [16.6123492, 45.1721276], [16.6125957, 45.1721326], [16.612753, 45.1721016], [16.6131908, 45.1719428], [16.6132432, 45.1719468], [16.6133083, 45.1718669], [16.6134642, 45.1717421], [16.6136611, 45.1716382], [16.6138736, 45.1715673], [16.6139912, 45.1715413], [16.6141088, 45.1715403], [16.6142973, 45.1715463], [16.614514, 45.1715443], [16.6147053, 45.1715263], [16.6148682, 45.1715023], [16.6150566, 45.1714664], [16.6152848, 45.1713865], [16.6156092, 45.1712676], [16.6156234, 45.1712307], [16.6160427, 45.170938], [16.6163629, 45.1707333], [16.6166179, 45.1706853], [16.6178066, 45.1706074], [16.6181254, 45.1708661], [16.6183875, 45.17094], [16.6188196, 45.1710179], [16.6189046, 45.1708951], [16.6190151, 45.1708561], [16.6191951, 45.1707912], [16.6193282, 45.1707802], [16.619545, 45.1707902], [16.6197929, 45.1708501], [16.6201259, 45.170945], [16.6203426, 45.1708871], [16.6203228, 45.1708501], [16.6202817, 45.1702918], [16.6203639, 45.1696086], [16.620524, 45.1695327], [16.6204078, 45.1694428], [16.6212168, 45.1688744], [16.6215356, 45.1686557], [16.6216617, 45.168394], [16.6218104, 45.1682172], [16.6219734, 45.1681263], [16.622346, 45.1680444], [16.6225684, 45.1679495], [16.6228546, 45.1678276], [16.6230572, 45.1676888], [16.62306, 45.1676518], [16.6229849, 45.1675779], [16.6227894, 45.1673881], [16.6225472, 45.1672343], [16.6224678, 45.1671134], [16.6219493, 45.1667988], [16.6223318, 45.1664441], [16.6223332, 45.1661774], [16.6225061, 45.1661545], [16.6224933, 45.1660576], [16.6228617, 45.165672], [16.623213, 45.1652165], [16.6235403, 45.1648289], [16.6239186, 45.1644663], [16.6231535, 45.1641077], [16.6225316, 45.1639219], [16.622414, 45.1638639], [16.6222723, 45.163786], [16.6222893, 45.1636452], [16.6223176, 45.1635732], [16.6223885, 45.1634923], [16.6224126, 45.1634184], [16.6224381, 45.1633685], [16.6225401, 45.1633135], [16.6226322, 45.1632126], [16.6227568, 45.1631787], [16.6230224, 45.1631369], [16.6231924, 45.1629641], [16.6230365, 45.1629262], [16.6230677, 45.1627294], [16.6230762, 45.1623837], [16.6230252, 45.1622039], [16.6229203, 45.1620231], [16.6226781, 45.1617973], [16.6220618, 45.1612938], [16.6222403, 45.1611889], [16.6221525, 45.1608083], [16.6222179, 45.1603594], [16.6222587, 45.1603257], [16.6228198, 45.1600641], [16.6227914, 45.1600251], [16.6226469, 45.1599112], [16.6226611, 45.1598533], [16.6226597, 45.1597564], [16.6226469, 45.1596625], [16.6225747, 45.1594946], [16.6225534, 45.1593917], [16.6224982, 45.1592928], [16.6224925, 45.159148], [16.6224797, 45.1590291], [16.622399, 45.159066], [16.6219329, 45.1590581], [16.6216821, 45.15912], [16.6214639, 45.159125], [16.6213789, 45.1589841], [16.6209992, 45.1588592], [16.6206606, 45.1587933], [16.6202908, 45.1587663], [16.6202115, 45.1593328], [16.6197638, 45.1593478], [16.6195626, 45.1593927], [16.6193302, 45.1593917], [16.619292, 45.1593368], [16.6188981, 45.1593668], [16.6191531, 45.1586355], [16.6185595, 45.1585625], [16.6179591, 45.1585193], [16.6175489, 45.1584903], [16.6173648, 45.1584798], [16.617364, 45.1584933], [16.6172457, 45.1584918], [16.6168703, 45.1584813], [16.6164771, 45.158468], [16.6161946, 45.1585429], [16.615846, 45.1585739], [16.6154272, 45.1585725], [16.6152249, 45.1585542], [16.6150646, 45.1584948], [16.6149343, 45.1584863], [16.6146899, 45.1583889], [16.6145737, 45.158249], [16.6143633, 45.1581571], [16.6144655, 45.1579113], [16.6144555, 45.1578633], [16.6143913, 45.1578364], [16.6142872, 45.1576429], [16.6141064, 45.1574937], [16.613876, 45.157262], [16.6136556, 45.1569243], [16.6136867, 45.1567576], [16.6135434, 45.1566128], [16.6135234, 45.1564842], [16.6134993, 45.1564464], [16.6134377, 45.1563436], [16.6133851, 45.1562292], [16.6132694, 45.1560635], [16.6132779, 45.1559522], [16.6132504, 45.155889], [16.6132509, 45.1558226], [16.6132138, 45.1556495], [16.6131737, 45.1554602], [16.6132609, 45.1554287], [16.6131813, 45.1552807], [16.6131282, 45.1552708], [16.6131146, 45.1551673], [16.6131277, 45.1549936], [16.6131156, 45.154913], [16.6130836, 45.1548332], [16.6129934, 45.1546855], [16.6129023, 45.1545351], [16.6127991, 45.1545683], [16.6125416, 45.1547124], [16.6122125, 45.1549131], [16.6119518, 45.1548981], [16.6118215, 45.1549241], [16.6112165, 45.1551409], [16.6108893, 45.1553867], [16.6107915, 45.1556634], [16.6105478, 45.1559651], [16.6105403, 45.1560499], [16.610406, 45.155987], [16.6103059, 45.1559595], [16.609821, 45.1555187], [16.6095345, 45.1553293], [16.6091438, 45.155034], [16.6086088, 45.1546977], [16.6081129, 45.1544053], [16.6082682, 45.1539588], [16.6082692, 45.1536677], [16.6082091, 45.1534762], [16.6080378, 45.153111], [16.6080217, 45.1528757], [16.6078324, 45.1529351], [16.6076992, 45.1529605], [16.6075549, 45.1529669], [16.6073555, 45.1529683], [16.6071401, 45.1529994], [16.6069618, 45.1530432], [16.6067735, 45.1531265], [16.6060071, 45.1533145], [16.6058238, 45.1530813], [16.6054581, 45.1530149], [16.6053589, 45.1529902], [16.6053068, 45.1529605], [16.605145, 45.1527881], [16.6048348, 45.1525723], [16.6048178, 45.1524404], [16.6048943, 45.1524054], [16.60489, 45.1522855], [16.604839, 45.1522375], [16.604822, 45.1522495], [16.6048064, 45.1522605], [16.6047852, 45.1522655], [16.6047611, 45.1522675], [16.604737, 45.1522635], [16.6047186, 45.1522535], [16.6046945, 45.1522535], [16.604669, 45.1522565], [16.6046463, 45.1522665], [16.6046378, 45.1522825], [16.6046449, 45.1522995], [16.6046563, 45.1523145], [16.6046534, 45.1523305], [16.6046364, 45.1523425], [16.6046152, 45.1523484], [16.6045911, 45.1523484], [16.6045684, 45.1523445], [16.60455, 45.1523335], [16.6045358, 45.1523195], [16.6045132, 45.1523135], [16.6044891, 45.1523135], [16.6044664, 45.1523165], [16.6044466, 45.1523245], [16.6044282, 45.1523325], [16.6044182, 45.1523474], [16.6044197, 45.1523644], [16.6044154, 45.1523814], [16.6043998, 45.1523934], [16.6043772, 45.1523974], [16.6043545, 45.1523954], [16.6043361, 45.1523864], [16.6043205, 45.1523744], [16.6042992, 45.1523654], [16.6042525, 45.1523654], [16.6042284, 45.1523684], [16.6042057, 45.1523724], [16.6041831, 45.1523774], [16.6041632, 45.1523844], [16.6041434, 45.1523934], [16.6041235, 45.1524034], [16.6041037, 45.1524124], [16.6040853, 45.1524244], [16.6040796, 45.1524404], [16.6040839, 45.1524564], [16.6040867, 45.1524733], [16.6040853, 45.1524903], [16.6040796, 45.1525073], [16.6040683, 45.1525223], [16.6040527, 45.1525343], [16.6040315, 45.1525433], [16.604006, 45.1525453], [16.6039805, 45.1525493], [16.6039564, 45.1525543], [16.6039337, 45.1525583], [16.6039124, 45.1525633], [16.6038742, 45.1525782], [16.6038558, 45.1525882], [16.6038501, 45.1526042], [16.6038501, 45.1526212], [16.6038459, 45.1526372], [16.603826, 45.1526462], [16.6038034, 45.1526502], [16.6037764, 45.1526502], [16.6037509, 45.1526462], [16.6037254, 45.1526492], [16.6036999, 45.1526532], [16.6036773, 45.1526582], [16.6036574, 45.1526682], [16.6036503, 45.1526852], [16.603656, 45.1527031], [16.6036744, 45.1527141], [16.6036971, 45.1527221], [16.6037042, 45.1527371], [16.6036886, 45.1527491], [16.6036631, 45.1527491], [16.603639, 45.1527471], [16.6035923, 45.1527491], [16.6035781, 45.1527621], [16.6035738, 45.1527801], [16.6035781, 45.1527981], [16.603588, 45.152812], [16.6035923, 45.152829], [16.6035838, 45.152843], [16.6035639, 45.152853], [16.6035413, 45.152859], [16.6035158, 45.152864], [16.6034945, 45.152869], [16.6034761, 45.152879], [16.6034605, 45.152892], [16.6034506, 45.152906], [16.6034463, 45.152922], [16.6034492, 45.1529389], [16.6034591, 45.1529549], [16.6034662, 45.1529719], [16.603469, 45.1529899], [16.603469, 45.1530069], [16.6034605, 45.1530229], [16.6034435, 45.1530329], [16.6034237, 45.1530409], [16.6034038, 45.1530498], [16.6033854, 45.1530608], [16.603367, 45.1530728], [16.60335, 45.1530838], [16.603333, 45.1530968], [16.6033188, 45.1531118], [16.6033117, 45.1531288], [16.6033117, 45.1531458], [16.6033183, 45.1531894], [16.6033123, 45.1532135], [16.6032983, 45.1532346], [16.6032722, 45.1532502], [16.6032422, 45.1532558], [16.603174, 45.15327], [16.603138, 45.153277], [16.6031159, 45.153294], [16.6031059, 45.1533166], [16.6031039, 45.1533406], [16.6031039, 45.1533872], [16.6031019, 45.1534113], [16.6031019, 45.1534339], [16.6030979, 45.1534579], [16.6030919, 45.1534847], [16.6030839, 45.1535102], [16.6030698, 45.1535314], [16.6030578, 45.1535512], [16.6030378, 45.1535695], [16.6030157, 45.1535851], [16.6029897, 45.1536006], [16.6029596, 45.1536119], [16.6029296, 45.1536204], [16.6028935, 45.1536275], [16.6028214, 45.1536275], [16.6027853, 45.1536218], [16.6027513, 45.1536147], [16.6027172, 45.1536048], [16.6026892, 45.1535893], [16.6026691, 45.1535709], [16.602625, 45.1535427], [16.6025749, 45.1535074], [16.6024127, 45.1534678], [16.6022704, 45.1534494], [16.60203, 45.1534466], [16.6016553, 45.153465], [16.6014569, 45.1534466], [16.6013107, 45.1533929], [16.6010281, 45.1534226], [16.6006374, 45.1534296], [16.6002127, 45.153424], [16.6001405, 45.1533774], [16.6000484, 45.1532643], [16.6000183, 45.1530736], [16.6000223, 45.1528588], [16.6000364, 45.1527514], [16.6000243, 45.1525423], [16.5999622, 45.1523063], [16.5997819, 45.1522003], [16.5997378, 45.152035], [16.5996036, 45.1520449], [16.5994713, 45.151799], [16.5992149, 45.1515617], [16.5985777, 45.1514656], [16.5977442, 45.1513949], [16.5978624, 45.1513186], [16.5980207, 45.1512027], [16.5982191, 45.1510134], [16.5983794, 45.1507944], [16.5985216, 45.1505542], [16.5986338, 45.1503365], [16.5986999, 45.150126], [16.5987059, 45.1499677], [16.5987039, 45.1497572], [16.598742, 45.1495848], [16.5988282, 45.1493983], [16.5989504, 45.1491778], [16.5989965, 45.1490026], [16.5989804, 45.1488344], [16.5989384, 45.1486663], [16.5989043, 45.1485349], [16.5988843, 45.1483639], [16.5988642, 45.1481491], [16.5988141, 45.1480078], [16.598716, 45.1478693], [16.5986058, 45.1477506], [16.5983593, 45.1475358], [16.598197, 45.147403], [16.5980848, 45.1472546], [16.5979786, 45.1470652], [16.5977382, 45.1465296], [16.5974978, 45.1460803], [16.5973635, 45.145799], [16.5972914, 45.145563], [16.5972253, 45.1453087], [16.5972012, 45.1450868], [16.5972132, 45.1449045], [16.5972593, 45.1447123], [16.5973515, 45.144506], [16.5974537, 45.1443025], [16.597648, 45.1440651], [16.5979225, 45.1437754], [16.5980708, 45.1436015], [16.5983553, 45.1433966], [16.5986098, 45.1432412], [16.5988562, 45.1430956], [16.5990125, 45.1429825], [16.5991868, 45.1428101], [16.5994092, 45.1425133], [16.5995815, 45.1423367], [16.5997959, 45.1422024], [16.6000985, 45.1420399], [16.600391, 45.1418081], [16.6010161, 45.1412979], [16.6014409, 45.1409771], [16.6017735, 45.1407482], [16.6021662, 45.140498], [16.6023185, 45.1403652], [16.6024046, 45.1402479], [16.6024567, 45.1401376], [16.6024908, 45.1399355], [16.6024968, 45.1395864], [16.6024928, 45.1393094], [16.6024768, 45.1391356], [16.6024327, 45.1390027], [16.6023065, 45.1387893], [16.602062, 45.1384218], [16.6018917, 45.1381335], [16.6017454, 45.1379342], [16.6015972, 45.137783], [16.6013587, 45.1375738], [16.6011323, 45.1373788], [16.6009761, 45.1372233], [16.6008458, 45.1370396], [16.6007096, 45.136812], [16.6004932, 45.1364078], [16.6003409, 45.1361406], [16.6002107, 45.1359385], [16.5999762, 45.1356431], [16.599848, 45.1354891], [16.5997859, 45.1353647], [16.5997478, 45.135205], [16.5997558, 45.135099], [16.5997879, 45.1350071], [16.5998801, 45.134935], [16.599818, 45.1348968], [16.5997599, 45.1349293], [16.5997017, 45.1347838], [16.5996216, 45.1347046], [16.5994653, 45.1345816], [16.5991568, 45.1344007], [16.5989464, 45.1342523], [16.5987901, 45.1341166], [16.5986298, 45.1339767], [16.5985156, 45.1338848], [16.5984134, 45.1338198], [16.5982852, 45.1337717], [16.5981069, 45.1337336], [16.5979005, 45.1337223], [16.597606, 45.1337208], [16.5970199, 45.1337449], [16.5967234, 45.1337378], [16.5967364, 45.1336537], [16.5964879, 45.1335724], [16.5963296, 45.1334961], [16.5960802, 45.1333109], [16.5960371, 45.133207], [16.5958989, 45.13313], [16.5957766, 45.1330947], [16.5954771, 45.1330339], [16.5952357, 45.1329731], [16.5949632, 45.1328303], [16.5946596, 45.1325575], [16.594338, 45.1321681], [16.5940676, 45.1316918], [16.593772, 45.1312345], [16.5933843, 45.1306585], [16.5931228, 45.1303539], [16.5928644, 45.1300188], [16.5928263, 45.1296867], [16.592677, 45.1295658], [16.592633, 45.1295029], [16.5926069, 45.1293962], [16.5925979, 45.1292697], [16.5925328, 45.1289601], [16.5924226, 45.12863], [16.5922262, 45.128201], [16.5921942, 45.1281734], [16.5921391, 45.1281402], [16.5920369, 45.1281077], [16.5919006, 45.1280837], [16.5917604, 45.1280681], [16.5916692, 45.1280575], [16.5915951, 45.1280328], [16.5914158, 45.1279359], [16.5910852, 45.1277529], [16.5908207, 45.1275698], [16.5903478, 45.1272079], [16.5900543, 45.1269973], [16.589892, 45.1268383], [16.5897227, 45.1267018], [16.5896676, 45.1266877], [16.5896165, 45.1266432], [16.5892428, 45.1266354], [16.5887569, 45.1266488], [16.5883242, 45.1266835], [16.5879916, 45.1267548], [16.5878774, 45.1267563], [16.5877421, 45.126822], [16.5873905, 45.1269054], [16.5871801, 45.1268524], [16.5867022, 45.1268298], [16.5865667, 45.1268052], [16.58617, 45.1267607], [16.5854236, 45.126808], [16.5849788, 45.1269176], [16.5847464, 45.1269989], [16.5845921, 45.1270922], [16.5844268, 45.1271636], [16.5842345, 45.1272873], [16.5839269, 45.1274251], [16.5835632, 45.1277149], [16.5837185, 45.1279022], [16.5838748, 45.1281262], [16.5833018, 45.1283291], [16.5832236, 45.1283284], [16.5827758, 45.1286521], [16.5826376, 45.1287673], [16.5822543, 45.1291043], [16.5818661, 45.1287165], [16.5819143, 45.1286336], [16.5814652, 45.1283627], [16.5814482, 45.1283487], [16.5814213, 45.1283167], [16.5814071, 45.1283017], [16.5813915, 45.1282857], [16.5813731, 45.1282707], [16.5813377, 45.1282437], [16.5813193, 45.1282277], [16.5813037, 45.1282107], [16.5812923, 45.1281957], [16.581281, 45.1281788], [16.5812725, 45.1281598], [16.581264, 45.1281218], [16.581264, 45.1280858], [16.5812697, 45.1280678], [16.5812923, 45.1280308], [16.5813008, 45.1280138], [16.5813051, 45.1279958], [16.5813051, 45.1279788], [16.5813023, 45.1279608], [16.5812966, 45.1279439], [16.5812796, 45.1279119], [16.5812683, 45.1278979], [16.5812583, 45.1278829], [16.581247, 45.1278689], [16.58123, 45.1278529], [16.5812158, 45.1278379], [16.5812017, 45.1278249], [16.5811833, 45.1278089], [16.5811563, 45.1277909], [16.5811379, 45.1277799], [16.5811195, 45.1277659], [16.5811039, 45.1277529], [16.5810912, 45.1277379], [16.5810812, 45.127722], [16.5810742, 45.127704], [16.5810727, 45.127685], [16.5810671, 45.127668], [16.58106, 45.12765], [16.5810515, 45.127632], [16.5810416, 45.127616], [16.5810317, 45.127601], [16.5810189, 45.127585], [16.5810062, 45.12757], [16.5809892, 45.127555], [16.5809722, 45.127542], [16.5809509, 45.12753], [16.5809311, 45.127517], [16.5808914, 45.127493], [16.5808716, 45.1274821], [16.5807667, 45.1274401], [16.5807455, 45.1274291], [16.5807285, 45.1274181], [16.5807143, 45.1274031], [16.5807015, 45.1273881], [16.580693, 45.1273721], [16.5806831, 45.1273561], [16.580676, 45.1273401], [16.5806647, 45.1273231], [16.5806534, 45.1273091], [16.5806392, 45.1272921], [16.5806194, 45.1272771], [16.5806024, 45.1272661], [16.5805811, 45.1272511], [16.5805585, 45.1272402], [16.5805386, 45.1272312], [16.5805188, 45.1272232], [16.5804919, 45.1272152], [16.5804692, 45.1272072], [16.5804479, 45.1272012], [16.5804253, 45.1271942], [16.5804012, 45.1271892], [16.5803544, 45.1271832], [16.5803289, 45.1271812], [16.5802765, 45.1271812], [16.5802227, 45.1271832], [16.5801986, 45.1271832], [16.5801745, 45.1271862], [16.580149, 45.1271862], [16.5801235, 45.1271872], [16.5800768, 45.1271912], [16.5800527, 45.1271882], [16.5800286, 45.1271842], [16.5800031, 45.1271802], [16.5799776, 45.1271782], [16.5799549, 45.1271762], [16.5797868, 45.1271496], [16.5797698, 45.1271496], [16.5797357, 45.1271461], [16.5797177, 45.1271433], [16.5797036, 45.1271369], [16.5796896, 45.1271291], [16.5796796, 45.1271192], [16.5796455, 45.1270917], [16.5796325, 45.1270839], [16.5796175, 45.1270747], [16.5796035, 45.1270676], [16.5795854, 45.1270598], [16.5795694, 45.1270563], [16.5795544, 45.1270528], [16.5795373, 45.1270485], [16.5795213, 45.127045], [16.5795043, 45.1270415], [16.5794872, 45.1270379], [16.5794472, 45.1270323], [16.579341, 45.1270231], [16.5793239, 45.1270252], [16.5793049, 45.127028], [16.5792849, 45.1270309], [16.5792699, 45.1270344], [16.5792528, 45.1270379], [16.5792368, 45.1270386], [16.5792198, 45.1270408], [16.5792017, 45.1270408], [16.5791847, 45.1270365], [16.5791727, 45.1270287], [16.5791486, 45.1270104], [16.5791406, 45.1269984], [16.5791396, 45.1269856], [16.5791416, 45.1269722], [16.5791406, 45.1269595], [16.5791396, 45.1269468], [16.5791336, 45.1269347], [16.5791236, 45.1269256], [16.5791096, 45.1269178], [16.5790945, 45.1269142], [16.5790775, 45.1269107], [16.5790615, 45.1269079], [16.5790474, 45.1269015], [16.5790374, 45.1268916], [16.5790284, 45.126881], [16.5790174, 45.1268711], [16.5790054, 45.1268619], [16.5788501, 45.126792], [16.5789883, 45.1266485], [16.5793841, 45.1264202], [16.5796025, 45.1263431], [16.5798579, 45.1262823], [16.5801064, 45.1260413], [16.5801204, 45.1260307], [16.5801524, 45.1260095], [16.5801665, 45.1260017], [16.5802015, 45.1259897], [16.5802206, 45.1259841], [16.5802376, 45.1259805], [16.5802566, 45.1259777], [16.5802967, 45.1259777], [16.5803187, 45.1259784], [16.5803378, 45.1259805], [16.5803738, 45.1259848], [16.5803959, 45.1259876], [16.5804129, 45.1259911], [16.5804289, 45.1259947], [16.580445, 45.1259996], [16.580462, 45.126006], [16.5804951, 45.1260194], [16.5805091, 45.1260272], [16.5805231, 45.1260328], [16.5805391, 45.1260378], [16.5805572, 45.1260399], [16.5805742, 45.1260399], [16.5805922, 45.1260371], [16.5806083, 45.1260335], [16.5806213, 45.1260244], [16.5806313, 45.1260145], [16.5806393, 45.1260024], [16.5806453, 45.1259897], [16.5806503, 45.125977], [16.5806584, 45.1259515], [16.5806904, 45.1257946], [16.5806924, 45.1256285], [16.5806604, 45.1255048], [16.5806033, 45.125314], [16.5806133, 45.1251804], [16.5806133, 45.1251684], [16.5806223, 45.1251429], [16.5806293, 45.1251316], [16.5806383, 45.1251196], [16.5806473, 45.125109], [16.5806574, 45.1250991], [16.5806724, 45.1250906], [16.5806874, 45.1250836], [16.5807044, 45.1250765], [16.5807205, 45.1250722], [16.5807525, 45.1250602], [16.5807646, 45.1250503], [16.5807746, 45.1250404], [16.5807866, 45.1250291], [16.5807956, 45.1250178], [16.5808026, 45.1250051], [16.5808026, 45.1249924], [16.5808016, 45.1249804], [16.5807926, 45.124969], [16.5807826, 45.1249592], [16.5807706, 45.12495], [16.5807595, 45.1249401], [16.5807535, 45.1249288], [16.5807505, 45.1249167], [16.5807515, 45.1249047], [16.5807616, 45.1248948], [16.5807776, 45.1248892], [16.5807946, 45.1248871], [16.5808126, 45.1248878], [16.5808317, 45.1248899], [16.5808487, 45.1248962], [16.5808637, 45.1249026], [16.5808928, 45.1249189], [16.5809058, 45.1249288], [16.5809198, 45.1249365], [16.5809329, 45.124945], [16.5809459, 45.1249535], [16.5809719, 45.1249698], [16.5809889, 45.1249793], [16.5811983, 45.1250574], [16.5813206, 45.1251132], [16.5814638, 45.1251323], [16.5816652, 45.1250786], [16.582094, 45.1250419], [16.5823614, 45.1249867], [16.5824867, 45.1248807], [16.5825478, 45.1247542], [16.582685, 45.1245782], [16.5827712, 45.1244948], [16.5825889, 45.1244481], [16.5824185, 45.1244276], [16.5822853, 45.1244573], [16.5821661, 45.1244587], [16.5820749, 45.1244304], [16.5818836, 45.1242813], [16.5817343, 45.1241081], [16.581539, 45.1238013], [16.5813907, 45.1236416], [16.5811392, 45.1233652], [16.5809719, 45.1231772], [16.5809088, 45.1231277], [16.5807415, 45.1231743], [16.5803859, 45.1232175], [16.5797978, 45.1232698], [16.5795093, 45.1233115], [16.5792709, 45.1233595], [16.5790044, 45.1234854], [16.578823, 45.123578], [16.5786898, 45.1236861], [16.5785125, 45.1237589], [16.5783422, 45.1238063], [16.5781578, 45.1238437], [16.5779945, 45.1238473], [16.5777661, 45.123802], [16.5775638, 45.1238452], [16.5774285, 45.1238508], [16.577167, 45.1238692], [16.5770779, 45.1239003], [16.5770969, 45.1239328], [16.5770999, 45.1239667], [16.5766191, 45.1243916], [16.5759498, 45.1247188], [16.5759759, 45.1249627], [16.5763185, 45.1255706], [16.5754329, 45.1260434], [16.5751113, 45.1263764], [16.5746976, 45.1266252], [16.5740775, 45.1269941], [16.5729805, 45.126739], [16.5720097, 45.1265142], [16.5710089, 45.1262831], [16.5700642, 45.1260632], [16.5691445, 45.1258491], [16.56887, 45.1254843], [16.5686396, 45.1251754], [16.5681377, 45.1245032], [16.5678853, 45.1241654], [16.567772, 45.1237483], [16.5676146, 45.1231701], [16.5674332, 45.1224924], [16.5672788, 45.1219265], [16.567174, 45.1215267], [16.5670833, 45.1211938], [16.566994, 45.1208519], [16.5668805, 45.1204382], [16.5667195, 45.1198398], [16.5666861, 45.1197797]]]}}]}