{"type": "FeatureCollection", "features": [{"type": "Feature", "properties": {"name": "Opština Lopare, Република Српска / Republika Srpska, Bosna i Hercegovina / Босна и Херцеговина", "source": "OpenStreetMap relation 2528229", "licence": "ODbL 1.0"}, "geometry": {"type": "Polygon", "coordinates": [[[18.7317056, 44.6388324], [18.7326895, 44.6338679], [18.7364087, 44.6277621], [18.7368939, 44.6269655], [18.7444743, 44.6214271], [18.7467894, 44.6164273], [18.7476365, 44.6145976], [18.7487476, 44.6136826], [18.750032, 44.6126248], [18.7535573, 44.6097988], [18.7564231, 44.607571], [18.75883, 44.6056977], [18.7649094, 44.601974], [18.7719316, 44.6002263], [18.7723139, 44.6001311], [18.7764008, 44.5981534], [18.7815267, 44.5956728], [18.7868486, 44.5940885], [18.7924724, 44.5925837], [18.7933557, 44.5920662], [18.7910861, 44.5900677], [18.7887743, 44.5884532], [18.7870387, 44.5872411], [18.7857194, 44.5861741], [18.7857641, 44.5831004], [18.7857976, 44.5809184], [18.7860772, 44.5793098], [18.7901804, 44.5754632], [18.7908177, 44.573265], [18.7913097, 44.5723093], [18.7918575, 44.5715048], [18.7928638, 44.5707323], [18.7938476, 44.5701667], [18.7960949, 44.5699278], [18.8009361, 44.5698959], [18.8049388, 44.5701349], [18.8084718, 44.5702225], [18.8098596, 44.5701841], [18.810775, 44.5701588], [18.8152137, 44.5698242], [18.8197083, 44.5694897], [18.824024, 44.5692269], [18.8265284, 44.5691632], [18.82929, 44.5689879], [18.8307882, 44.5685339], [18.8325883, 44.5674028], [18.8363561, 44.5639299], [18.840247, 44.5591422], [18.8412129, 44.5588913], [18.8413203, 44.5588634], [18.843713, 44.5586881], [18.8469777, 44.5586085], [18.8483641, 44.5579393], [18.8488225, 44.5575409], [18.8490121, 44.556762], [18.8497807, 44.5536047], [18.8500851, 44.5502357], [18.8499349, 44.5496159], [18.8497886, 44.548675], [18.8503794, 44.5480347], [18.8513537, 44.547638], [18.8543826, 44.5464987], [18.8567985, 44.5461031], [18.8602526, 44.5462467], [18.8633943, 44.5462467], [18.8679672, 44.5453941], [18.8727665, 44.5424946], [18.8789103, 44.5411416], [18.883494, 44.5401963], [18.886819, 44.5395106], [18.8887466, 44.5395039], [18.8940215, 44.5396599], [18.8997928, 44.541001], [18.9015346, 44.5415948], [18.9050547, 44.5415132], [18.9051734, 44.5415098], [18.9064089, 44.5413461], [18.9115421, 44.5404372], [18.9146453, 44.5403706], [18.9173033, 44.5405465], [18.9200342, 44.5412558], [18.9216524, 44.5419266], [18.9236459, 44.5430075], [18.9245934, 44.5435212], [18.9255737, 44.5445523], [18.9259927, 44.5455553], [18.9263564, 44.5463328], [18.9276688, 44.5479386], [18.9302225, 44.550414], [18.9314239, 44.5521334], [18.9320814, 44.5589345], [18.932136, 44.5596797], [18.9326612, 44.5627036], [18.9330608, 44.5643762], [18.9327974, 44.5666963], [18.9332536, 44.5681511], [18.9341093, 44.5688733], [18.9350976, 44.5707008], [18.9359678, 44.5715211], [18.9365354, 44.5727297], [18.9372203, 44.5735494], [18.9375953, 44.5743813], [18.9387967, 44.5764658], [18.939821, 44.5780115], [18.9400033, 44.57865], [18.9407925, 44.5798468], [18.9420586, 44.5819751], [18.9422183, 44.5826759], [18.9427526, 44.5837289], [18.9433953, 44.5849412], [18.9434854, 44.5853999], [18.9439789, 44.5863753], [18.9442732, 44.5871858], [18.9447717, 44.5884141], [18.9448254, 44.5892181], [18.9452709, 44.5898282], [18.9454665, 44.5902219], [18.9458679, 44.5908084], [18.9458692, 44.5925191], [18.9452818, 44.5939266], [18.9440181, 44.5958853], [18.9437936, 44.5964673], [18.9461165, 44.5983761], [18.9467285, 44.5989529], [18.9475856, 44.5994789], [18.9484478, 44.600097], [18.9483181, 44.6005666], [18.9476273, 44.6013267], [18.9475837, 44.6013894], [18.9475705, 44.6014565], [18.9475972, 44.6015408], [18.947695, 44.6016218], [18.9478278, 44.6016658], [18.9479822, 44.601709], [18.9481079, 44.6016853], [18.9482412, 44.6016951], [18.9484998, 44.6016949], [18.9486739, 44.6016813], [18.9488085, 44.6016396], [18.9489441, 44.6015851], [18.9491151, 44.6014928], [18.9492031, 44.6014313], [18.949307, 44.6013123], [18.9494208, 44.6012347], [18.9495063, 44.6012007], [18.9496178, 44.601175], [18.9496815, 44.6011886], [18.9497391, 44.6011933], [18.949773, 44.6011698], [18.949796, 44.601144], [18.9499137, 44.6011409], [18.9500174, 44.6011711], [18.9500977, 44.6012692], [18.9504801, 44.6011272], [18.9505228, 44.6011302], [18.9506131, 44.6011205], [18.9509491, 44.6010906], [18.9511291, 44.6010876], [18.9513723, 44.6011002], [18.951541, 44.6011313], [18.9516921, 44.6011706], [18.9519282, 44.6012551], [18.9522382, 44.6013962], [18.9524702, 44.6015914], [18.9526097, 44.6017567], [18.9531239, 44.6022367], [18.953772, 44.602679], [18.9544902, 44.6031499], [18.9556221, 44.6039905], [18.9562048, 44.6044032], [18.957442, 44.6053874], [18.957523, 44.6054709], [18.957659, 44.605615], [18.9577663, 44.6058269], [18.9578584, 44.6061014], [18.9579879, 44.6063955], [18.9581014, 44.6069946], [18.9581277, 44.607477], [18.9580716, 44.6077757], [18.9579893, 44.6080507], [18.9578654, 44.6083035], [18.9572016, 44.6091452], [18.9561841, 44.6102835], [18.9556656, 44.6108975], [18.9552732, 44.6116356], [18.9552102, 44.6116132], [18.9549897, 44.6119461], [18.9549098, 44.6119271], [18.954401, 44.6126152], [18.9544325, 44.61266], [18.9540812, 44.6132119], [18.9540304, 44.613374], [18.953776, 44.6139069], [18.9537251, 44.6139052], [18.9536185, 44.6141363], [18.9535628, 44.6141915], [18.9532648, 44.6145536], [18.9532139, 44.6151107], [18.9532115, 44.6152607], [18.953432, 44.6152676], [18.9535943, 44.6153142], [18.9537275, 44.6153745], [18.9538438, 44.6154452], [18.9539649, 44.6155366], [18.9541442, 44.6154814], [18.9545488, 44.615528], [18.9550261, 44.6154056], [18.9552611, 44.6154659], [18.9556656, 44.6159108], [18.956029, 44.6160591], [18.9564118, 44.6167041], [18.9563585, 44.6169559], [18.9559467, 44.6174905], [18.9558643, 44.6177629], [18.9558837, 44.6179181], [18.9559951, 44.6181078], [18.956092, 44.6182389], [18.9562858, 44.6183975], [18.9565523, 44.618501], [18.9567025, 44.6185596], [18.9567704, 44.6186355], [18.9567897, 44.6187252], [18.9567607, 44.6187941], [18.9567122, 44.6188355], [18.9565959, 44.6189424], [18.9566589, 44.6194011], [18.9562568, 44.6197288], [18.9558837, 44.6197564], [18.9556463, 44.6199564], [18.9554912, 44.6202564], [18.9552247, 44.6202289], [18.9550358, 44.6207703], [18.955123, 44.6207806], [18.9549728, 44.6210876], [18.9550454, 44.6211255], [18.9550551, 44.6213773], [18.955152, 44.6214704], [18.9553216, 44.6215325], [18.9555494, 44.6215325], [18.9557771, 44.6214945], [18.956029, 44.6214221], [18.9564457, 44.621729], [18.9565233, 44.6219773], [18.9565136, 44.6221981], [18.95647, 44.6223395], [18.9563682, 44.6224533], [18.9561356, 44.6224567], [18.9559854, 44.6225705], [18.9558885, 44.6226602], [18.9557141, 44.6226567], [18.9555736, 44.6229499], [18.9552296, 44.6231568], [18.9551423, 44.6232775], [18.9551375, 44.6233361], [18.9551763, 44.6233706], [18.9552247, 44.6233844], [18.9553022, 44.6233982], [18.955559, 44.6240913], [18.9553701, 44.6243914], [18.9552974, 44.6246983], [18.9553265, 44.6251259], [18.9554573, 44.62535], [18.9556172, 44.6261915], [18.9556559, 44.6267018], [18.9557625, 44.6272777], [18.9559321, 44.6276846], [18.9557625, 44.6280674], [18.9557092, 44.6282191], [18.9556559, 44.6283881], [18.9556027, 44.6285053], [18.955593, 44.628626], [18.9556075, 44.6289398], [18.9556414, 44.6290915], [18.9557092, 44.6292156], [18.9558158, 44.6292432], [18.9560193, 44.6292536], [18.9562955, 44.6292639], [18.9563682, 44.6298156], [18.9562858, 44.6299018], [18.9558885, 44.6300087], [18.9554379, 44.6299846], [18.9551278, 44.6302087], [18.954934, 44.6303018], [18.9547838, 44.6303604], [18.9546433, 44.6303984], [18.9544689, 44.6304604], [18.9543526, 44.6305294], [18.9542072, 44.6306432], [18.9541442, 44.6307432], [18.9541103, 44.6308535], [18.9541152, 44.6309639], [18.9541539, 44.6310432], [18.954682, 44.6313432], [18.955559, 44.6315742], [18.956029, 44.631788], [18.9563004, 44.6318604], [18.9563488, 44.6319535], [18.9564215, 44.6321155], [18.9564651, 44.6321983], [18.9564506, 44.6322983], [18.9564312, 44.6323465], [18.9564021, 44.6324258], [18.9563827, 44.6324845], [18.9563294, 44.6325327], [18.9562422, 44.6325603], [18.9562132, 44.6326017], [18.9560974, 44.6326953], [18.956022, 44.6327196], [18.9558815, 44.6327221], [18.9557685, 44.6327026], [18.9556623, 44.6326733], [18.955556, 44.632627], [18.9555321, 44.6326026], [18.9548366, 44.6327684], [18.9543603, 44.6329634], [18.9540143, 44.6331975], [18.9538601, 44.6333901], [18.9538121, 44.6335754], [18.9538498, 44.6337363], [18.95398, 44.633946], [18.9541822, 44.6340923], [18.9543603, 44.6341947], [18.9540348, 44.6348139], [18.9536922, 44.6351967], [18.9531715, 44.6353479], [18.9525445, 44.6354381], [18.9520031, 44.6355015], [18.9519929, 44.635716], [18.9515166, 44.6357477], [18.9512768, 44.6358623], [18.9504374, 44.6358501], [18.9488854, 44.6357258], [18.9487072, 44.6357818], [18.9486216, 44.635855], [18.948553, 44.6359476], [18.9484979, 44.6360466], [18.9484821, 44.6362048], [18.9484742, 44.6362889], [18.9484802, 44.6367146], [18.9484893, 44.6370091], [18.9485263, 44.6372745], [18.9485936, 44.637572], [18.9486316, 44.6377983], [18.9486676, 44.6379497], [18.9488991, 44.6379809], [18.9489231, 44.6383953], [18.9490087, 44.6387122], [18.9490357, 44.6388787], [18.949019, 44.6390096], [18.949047, 44.6391708], [18.9490806, 44.639237], [18.9495089, 44.6393924], [18.9498187, 44.6396562], [18.9496528, 44.6400165], [18.9487723, 44.6406917], [18.9483406, 44.6407039], [18.9474498, 44.6409672], [18.947837, 44.6418521], [18.9478644, 44.6419496], [18.9478712, 44.6420374], [18.9478678, 44.6421276], [18.9478541, 44.6422665], [18.9478061, 44.6423835], [18.9477046, 44.6425757], [18.9480594, 44.6427621], [18.9480186, 44.6430027], [18.9480425, 44.6433245], [18.9481179, 44.6436316], [18.9481355, 44.6436733], [18.948159, 44.6437291], [18.9483714, 44.6438218], [18.9494198, 44.6436219], [18.949968, 44.6436853], [18.9506087, 44.643422], [18.9514927, 44.643344], [18.9520443, 44.6433708], [18.9524348, 44.643344], [18.9527124, 44.6433294], [18.9529008, 44.643305], [18.9531338, 44.6432611], [18.9534421, 44.643266], [18.9538087, 44.6433318], [18.9541411, 44.6434171], [18.9546447, 44.6436146], [18.9549462, 44.6437755], [18.9551312, 44.6439193], [18.9554464, 44.6441216], [18.9557034, 44.644224], [18.9560083, 44.6444263], [18.9563441, 44.6445506], [18.9565668, 44.6446091], [18.956971, 44.6446238], [18.9571081, 44.6446164], [18.9571595, 44.6446116], [18.9573034, 44.6447018], [18.9574644, 44.6447432], [18.957694, 44.6447554], [18.9577693, 44.64477], [18.9580845, 44.6448431], [18.9583175, 44.6449601], [18.9584271, 44.6450869], [18.9584408, 44.6451795], [18.9590301, 44.6453526], [18.9592528, 44.6454964], [18.9595479, 44.6455503], [18.9596589, 44.6456143], [18.9597431, 44.6456807], [18.959789, 44.6457304], [18.9598233, 44.6457767], [18.9598593, 44.6458048], [18.959924, 44.6458343], [18.9599838, 44.6458714], [18.9600335, 44.6459052], [18.9600634, 44.6459278], [18.9601353, 44.6459798], [18.9601882, 44.6460351], [18.9602601, 44.6460973], [18.9603629, 44.6461399], [18.9604633, 44.646156], [18.9605369, 44.6461716], [18.9606633, 44.6461803], [18.9607862, 44.6461672], [18.9609051, 44.6461619], [18.9610224, 44.6461923], [18.9611732, 44.6462789], [18.9612623, 44.6463435], [18.9613582, 44.6463971], [18.9614182, 44.6464349], [18.9614935, 44.6464678], [18.961576, 44.6464993], [18.9617174, 44.6465404], [18.9618199, 44.6465573], [18.961972, 44.6465704], [18.9621191, 44.6465715], [18.9622441, 44.6465595], [18.9624607, 44.6465476], [18.9627088, 44.6465624], [18.9631721, 44.6465966], [18.9636817, 44.6466076], [18.9638729, 44.6466298], [18.9640907, 44.646688], [18.9642584, 44.6467505], [18.9645257, 44.6469334], [18.9647484, 44.6472222], [18.9651783, 44.6474306], [18.965323, 44.6475731], [18.9657019, 44.6479462], [18.9660217, 44.6482702], [18.9663124, 44.6490045], [18.9662294, 44.6496692], [18.9662203, 44.6497421], [18.9661985, 44.6498214], [18.9661428, 44.6498938], [18.9660701, 44.6499541], [18.9660193, 44.6499852], [18.9659151, 44.6500334], [18.9657843, 44.6500903], [18.9657528, 44.6501299], [18.965731, 44.650192], [18.9657164, 44.6502575], [18.9657285, 44.6505436], [18.9657479, 44.6506091], [18.9657891, 44.6506487], [18.96584, 44.650678], [18.966201, 44.65084], [18.9662325, 44.650871], [18.966247, 44.650902], [18.9662567, 44.6509572], [18.9662494, 44.6509882], [18.966138, 44.6512571], [18.9661186, 44.6513863], [18.9659757, 44.6517086], [18.9659757, 44.6517793], [18.9654524, 44.652055], [18.9647716, 44.6529012], [18.964602, 44.6536182], [18.9640472, 44.653887], [18.9635966, 44.6541834], [18.9634828, 44.6543661], [18.9634513, 44.6546039], [18.96347, 44.6547583], [18.9636461, 44.6552341], [18.963642, 44.655326], [18.96362, 44.6554167], [18.9635912, 44.6555054], [18.9635435, 44.6555902], [18.9632211, 44.655812], [18.9628141, 44.656105], [18.9625113, 44.6562911], [18.9622351, 44.6564031], [18.9620243, 44.6564962], [18.9618814, 44.6566323], [18.9617966, 44.6568443], [18.9617609, 44.6569404], [18.9616733, 44.6570268], [18.961566, 44.6570948], [18.9611687, 44.6573295], [18.9610311, 44.6574267], [18.9607718, 44.6575336], [18.9604472, 44.6576473], [18.9603043, 44.6576887], [18.9601686, 44.6577369], [18.9600547, 44.6577697], [18.9599573, 44.6578009], [18.9598403, 44.6578336], [18.9597667, 44.6578582], [18.9596664, 44.6578831], [18.9596007, 44.6578842], [18.959287, 44.6579076], [18.9591102, 44.6579494], [18.9589628, 44.6580052], [18.9587029, 44.6580868], [18.9586475, 44.6581168], [18.9584783, 44.6582603], [18.9583594, 44.6583616], [18.9583084, 44.6584543], [18.958222, 44.6586297], [18.9581381, 44.6587166], [18.958033, 44.6587832], [18.9579372, 44.6588399], [18.9578478, 44.6588959], [18.9577097, 44.658973], [18.9575591, 44.6590598], [18.9574163, 44.6591262], [18.9572291, 44.6591801], [18.9570725, 44.6591982], [18.9569004, 44.6592637], [18.9568108, 44.6593189], [18.9567648, 44.6593895], [18.9567624, 44.6594309], [18.9567672, 44.659486], [18.9559504, 44.6595126], [18.9558684, 44.6595153], [18.9556819, 44.659555], [18.9552042, 44.6597506], [18.9550729, 44.6597672], [18.9548764, 44.6597947], [18.9546602, 44.6598247], [18.954344, 44.6598764], [18.9537486, 44.6599737], [18.9529879, 44.6601081], [18.9524573, 44.6602873], [18.9522151, 44.6603649], [18.9518759, 44.6604286], [18.9516683, 44.6604215], [18.9513419, 44.6604124], [18.9511969, 44.6604139], [18.9510753, 44.6604321], [18.9509936, 44.6604718], [18.9509222, 44.6605045], [18.9508528, 44.6605723], [18.9508021, 44.6606219], [18.9507323, 44.6606902], [18.9506161, 44.6607798], [18.9504852, 44.6608635], [18.9503327, 44.6608835], [18.950134, 44.6609507], [18.9500831, 44.6609611], [18.9498501, 44.6609879], [18.9496786, 44.6610076], [18.9495904, 44.6610057], [18.9495211, 44.6610042], [18.9490632, 44.6610972], [18.9488912, 44.6611351], [18.9487289, 44.661173], [18.9485763, 44.6611972], [18.9482492, 44.6612213], [18.9479851, 44.6611765], [18.9477162, 44.6611489], [18.9474013, 44.6611489], [18.9472535, 44.6611747], [18.947067, 44.6612058], [18.9469167, 44.6612488], [18.9466091, 44.6613729], [18.946408, 44.6615125], [18.9462869, 44.6616193], [18.9461197, 44.6617675], [18.9459719, 44.6619071], [18.9458653, 44.6619726], [18.9448623, 44.6625412], [18.9446492, 44.6626256], [18.9434525, 44.6630262], [18.9425124, 44.6637508], [18.9418292, 44.6643074], [18.9415918, 44.6645503], [18.9410176, 44.6647709], [18.940848, 44.6647588], [18.9406978, 44.6647416], [18.9404846, 44.6647502], [18.9392442, 44.664814], [18.9387888, 44.6648605], [18.9384908, 44.6648588], [18.9381807, 44.6648691], [18.9378367, 44.6648209], [18.9372795, 44.6646417], [18.9365842, 44.6642316], [18.9365018, 44.6641764], [18.9364897, 44.6641506], [18.9364776, 44.6641075], [18.9364849, 44.6640489], [18.9365042, 44.6639955], [18.9365721, 44.6638645], [18.9361941, 44.6635647], [18.9356999, 44.6633356], [18.9351742, 44.6631856], [18.9349053, 44.6631271], [18.9348496, 44.6631047], [18.9348375, 44.6630754], [18.9348375, 44.6630306], [18.934852, 44.6629944], [18.9348932, 44.6629496], [18.9353632, 44.6625291], [18.9336189, 44.6623551], [18.9335171, 44.6625136], [18.933035, 44.6626411], [18.9330084, 44.6625602], [18.9329745, 44.6624309], [18.932909, 44.6623413], [18.9328533, 44.6622896], [18.9328267, 44.662281], [18.9327152, 44.6622862], [18.9326426, 44.6620277], [18.932582, 44.6617382], [18.9325335, 44.6614746], [18.9325045, 44.6612178], [18.9324439, 44.660551], [18.9324172, 44.660246], [18.932175, 44.6602029], [18.9320272, 44.6598513], [18.9319473, 44.6597514], [18.9317534, 44.6596963], [18.9315911, 44.6596446], [18.931424, 44.6596428], [18.9313077, 44.659648], [18.9312083, 44.6596032], [18.931126, 44.6595791], [18.9310121, 44.6596049], [18.9308861, 44.6596101], [18.9307941, 44.6595911], [18.930702, 44.6595877], [18.930576, 44.6596239], [18.9305034, 44.659667], [18.9304186, 44.6597359], [18.9303532, 44.6597859], [18.9302659, 44.6597859], [18.9301739, 44.65976], [18.930123, 44.6597273], [18.9300673, 44.6597204], [18.9299631, 44.6597393], [18.9298589, 44.6597704], [18.9296894, 44.6597841], [18.9296021, 44.6597635], [18.9295513, 44.6597411], [18.9293817, 44.6598031], [18.9293332, 44.6596652], [18.9287978, 44.6595825], [18.9285168, 44.6596515], [18.9284393, 44.659779], [18.9281267, 44.6597273], [18.9272982, 44.6598686], [18.9269397, 44.6600409], [18.9267216, 44.6599513], [18.9262419, 44.6599771], [18.925646, 44.6601253], [18.9250863, 44.6603649], [18.9239138, 44.6611196], [18.9230489, 44.661721], [18.9228381, 44.6616452], [18.9216462, 44.6621793], [18.9213773, 44.6619467], [18.9208128, 44.6623637], [18.9205245, 44.6621621], [18.9193011, 44.6622069], [18.9184265, 44.6626084], [18.9174768, 44.661783], [18.917128, 44.6619071], [18.9161129, 44.662617], [18.9157034, 44.6629168], [18.9153715, 44.6631184], [18.9151293, 44.6632442], [18.9148894, 44.6634786], [18.9147489, 44.6637767], [18.914669, 44.6641523], [18.9146544, 44.6643608], [18.9145878, 44.6646395], [18.9145635, 44.6652357], [18.914297, 44.665825], [18.9139731, 44.6665496], [18.9139096, 44.6666493], [18.913821, 44.6667613], [18.9137131, 44.6668783], [18.9136178, 44.6669719], [18.9135444, 44.6670316], [18.9134854, 44.6670728], [18.913216, 44.6672411], [18.9129226, 44.6674414], [18.9126864, 44.6675941], [18.9126071, 44.6676371], [18.9125161, 44.6677283], [18.9123122, 44.6679085], [18.912274, 44.6679563], [18.9122321, 44.6680178], [18.9120808, 44.6681138], [18.9119732, 44.6681715], [18.9118436, 44.6682199], [18.9117406, 44.6682416], [18.9115655, 44.6682511], [18.9111956, 44.6682252], [18.9108705, 44.6682063], [18.9107243, 44.6682154], [18.9105994, 44.6682369], [18.9104336, 44.6682546], [18.9103459, 44.6682687], [18.910275, 44.6682966], [18.9102011, 44.6683256], [18.9100731, 44.6683922], [18.910002, 44.6684371], [18.9099326, 44.6684835], [18.9098801, 44.6685274], [18.9098068, 44.6685882], [18.909519, 44.6687898], [18.9094316, 44.6688325], [18.9094168, 44.6688816], [18.909757, 44.6697568], [18.9091368, 44.6699291], [18.9086814, 44.6699739], [18.908284, 44.6699601], [18.9079449, 44.6699463], [18.9075476, 44.6699774], [18.907252, 44.6700325], [18.9070291, 44.6700876], [18.9068401, 44.6701221], [18.9065982, 44.6701884], [18.9064006, 44.6702171], [18.9062075, 44.6702387], [18.9058626, 44.6702132], [18.9056577, 44.6702182], [18.9042237, 44.6704563], [18.9039548, 44.6704986], [18.9037475, 44.6705934], [18.903639, 44.6706246], [18.9035455, 44.6706515], [18.9034702, 44.6706732], [18.903407, 44.6706798], [18.9032757, 44.6707132], [18.9031927, 44.670746], [18.9030439, 44.670785], [18.9027945, 44.6708337], [18.9024439, 44.6709022], [18.9023339, 44.6709413], [18.9022561, 44.6709816], [18.9021426, 44.6710473], [18.9019165, 44.6711699], [18.901551, 44.6713954], [18.901431, 44.6714174], [18.9012263, 44.671457], [18.9008618, 44.6715274], [18.9006395, 44.6715704], [18.9005378, 44.6716011], [18.9003217, 44.671633], [18.8996658, 44.6718425], [18.8992641, 44.6720066], [18.8988146, 44.6721919], [18.8986981, 44.6722601], [18.898698, 44.6726829], [18.8986891, 44.6728245], [18.8986395, 44.6729917], [18.8986317, 44.6731757], [18.8987049, 44.6732733], [18.8987387, 44.6733614], [18.8987842, 44.6734799], [18.8988547, 44.6737045], [18.8989729, 44.6738552], [18.8990537, 44.6739286], [18.8991198, 44.6739887], [18.8991953, 44.6740572], [18.8992848, 44.6741493], [18.899335, 44.674222], [18.8993472, 44.6742531], [18.899364, 44.6743125], [18.899359, 44.674356], [18.8993045, 44.6744451], [18.8992586, 44.6745056], [18.899183, 44.6745844], [18.8991517, 44.6746805], [18.8991651, 44.6747382], [18.899194, 44.6747833], [18.8992537, 44.6748788], [18.8993524, 44.6749361], [18.8995604, 44.6749038], [18.8997455, 44.6748795], [18.8999819, 44.6748746], [18.9002799, 44.6749282], [18.9004341, 44.6750037], [18.9005437, 44.675089], [18.9007216, 44.6751912], [18.9007939, 44.6752327], [18.9009754, 44.6753131], [18.901133, 44.6753497], [18.9012427, 44.6753887], [18.9013626, 44.6755348], [18.9015613, 44.6755836], [18.9017395, 44.6756274], [18.9020033, 44.6757517], [18.9021198, 44.6758394], [18.9023836, 44.6760172], [18.9032504, 44.6764777], [18.903432, 44.676714], [18.9038602, 44.6770916], [18.9040692, 44.6773401], [18.9041378, 44.6776836], [18.9047545, 44.6784121], [18.9055596, 44.6794474], [18.9058131, 44.680188], [18.9057754, 44.6804584], [18.9058508, 44.6810358], [18.9059879, 44.68116], [18.9061763, 44.6812623], [18.9069301, 44.6814158], [18.9076562, 44.6820664], [18.9089172, 44.6833939], [18.9095408, 44.6838884], [18.9099326, 44.6843198], [18.9101198, 44.6846411], [18.9100478, 44.6851137], [18.9100376, 44.6854717], [18.9103181, 44.6860434], [18.9103856, 44.6861246], [18.9107478, 44.686482], [18.9111289, 44.6867393], [18.9113354, 44.6869633], [18.9114567, 44.687039], [18.9116122, 44.6871101], [18.9119452, 44.687234], [18.9123625, 44.6873493], [18.912616, 44.6874358], [18.9128508, 44.6875523], [18.9131263, 44.6876712], [18.9134439, 44.687825], [18.9138427, 44.6880568], [18.9142803, 44.6883067], [18.9143731, 44.6883701], [18.914995, 44.6887127], [18.9154614, 44.6890467], [18.91585, 44.689311], [18.9160427, 44.6895032], [18.9162233, 44.6896543], [18.9164213, 44.6897799], [18.9166895, 44.6899252], [18.9167681, 44.689974], [18.9168407, 44.6900191], [18.9169237, 44.6901053], [18.9171534, 44.6903299], [18.9172239, 44.6903944], [18.9173042, 44.6905108], [18.9173297, 44.6905641], [18.9173558, 44.6906283], [18.9174414, 44.6907403], [18.9175716, 44.6908719], [18.9177829, 44.6910574], [18.9179177, 44.6911447], [18.918017, 44.691208], [18.9181164, 44.6912567], [18.9182637, 44.691303], [18.9184179, 44.6913688], [18.9185241, 44.6914345], [18.91862, 44.6914832], [18.9187982, 44.6915733], [18.9189729, 44.6916537], [18.9191237, 44.6917], [18.9194012, 44.6917292], [18.9200076, 44.6917731], [18.9214295, 44.6919529], [18.9214902, 44.6919813], [18.9215371, 44.6919979], [18.9215874, 44.6920215], [18.9217025, 44.6920567], [18.9217973, 44.6920951], [18.9219035, 44.6921453], [18.9219596, 44.6921786], [18.9220693, 44.6922541], [18.9221701, 44.6923298], [18.9223941, 44.6925005], [18.9225613, 44.6926332], [18.9226601, 44.692708], [18.9227579, 44.6927852], [18.9228591, 44.6928534], [18.922908, 44.6928798], [18.9229443, 44.6928965], [18.9229834, 44.6929071], [18.9230398, 44.6929223], [18.9231138, 44.6929325], [18.9232077, 44.6929365], [18.9232749, 44.6929314], [18.9234105, 44.6929211], [18.9235035, 44.6929069], [18.9236779, 44.6928753], [18.9237619, 44.6928599], [18.9238782, 44.6928336], [18.9241749, 44.6927561], [18.9244436, 44.6926937], [18.9247245, 44.6926478], [18.9248633, 44.6926306], [18.9250704, 44.6926132], [18.925414, 44.6925917], [18.9256052, 44.6925928], [18.9257846, 44.6925979], [18.9258543, 44.6926043], [18.9259563, 44.6926175], [18.9260595, 44.6926399], [18.926128, 44.6926579], [18.9262243, 44.6926835], [18.9264015, 44.6927255], [18.9264642, 44.6927362], [18.9265472, 44.6927494], [18.9266127, 44.6927583], [18.9266783, 44.6927641], [18.9267591, 44.6927688], [18.9269108, 44.6927747], [18.9270047, 44.6927797], [18.9271014, 44.6927877], [18.9272043, 44.6927955], [18.9272772, 44.6928053], [18.9273326, 44.6928141], [18.9274125, 44.692832], [18.9274859, 44.6928546], [18.927571, 44.6928845], [18.9276605, 44.6929269], [18.9277058, 44.6929511], [18.9277446, 44.6929768], [18.9279328, 44.6930986], [18.9280338, 44.693169], [18.928035, 44.6933002], [18.9266269, 44.6933148], [18.9262774, 44.6932588], [18.9260102, 44.6941356], [18.9257532, 44.6942598], [18.9257087, 44.6946787], [18.9255682, 44.6948784], [18.92551, 44.6949807], [18.9254963, 44.6950635], [18.9255339, 44.6951561], [18.9255785, 44.6952705], [18.9255853, 44.6953168], [18.9255785, 44.6954483], [18.92551, 44.6955506], [18.9253832, 44.6955945], [18.9253078, 44.6955993], [18.9252736, 44.6957114], [18.9252085, 44.6958624], [18.9251502, 44.6959598], [18.9251502, 44.6960791], [18.9253078, 44.6964274], [18.9254517, 44.6966052], [18.9256127, 44.6968097], [18.9256436, 44.6969583], [18.9256127, 44.6971458], [18.9255202, 44.69727], [18.9253592, 44.6974016], [18.9253387, 44.6975014], [18.9254003, 44.6976548], [18.9254175, 44.6978326], [18.9253935, 44.6979714], [18.9254209, 44.6981078], [18.9254791, 44.6982271], [18.9255442, 44.6983173], [18.9256025, 44.6983903], [18.9256093, 44.6984853], [18.9255716, 44.69859], [18.9252256, 44.6992524], [18.9249652, 44.6995666], [18.9249104, 44.6997444], [18.9249138, 44.6998783], [18.9248967, 44.7001291], [18.9247528, 44.7003142], [18.9246401, 44.7004336], [18.9244197, 44.7006815], [18.9242622, 44.7008934], [18.9241532, 44.7009398], [18.9241168, 44.7009571], [18.9240805, 44.7009726], [18.9240417, 44.7009812], [18.9240005, 44.7009949], [18.9239618, 44.7010087], [18.9239303, 44.7010294], [18.9239085, 44.7010535], [18.9239036, 44.7010845], [18.9239109, 44.7011172], [18.9239254, 44.701143], [18.9239376, 44.7011706], [18.9239448, 44.7012016], [18.9239473, 44.7012326], [18.9239473, 44.7012636], [18.9239448, 44.7012929], [18.9239109, 44.7015236], [18.9238503, 44.7016682], [18.9236832, 44.7022175], [18.9236098, 44.7022866], [18.9235769, 44.7023348], [18.9235361, 44.7023699], [18.9234333, 44.7024308], [18.9233887, 44.7024649], [18.9233476, 44.7024966], [18.9233099, 44.7025307], [18.9232791, 44.7025647], [18.923238, 44.7025988], [18.9232003, 44.7026354], [18.9231626, 44.702667], [18.923077, 44.7027279], [18.9230256, 44.7027571], [18.9229708, 44.7027815], [18.9229125, 44.7028034], [18.9228577, 44.702818], [18.9227926, 44.7028277], [18.9227309, 44.7028302], [18.9226658, 44.7028302], [18.9226042, 44.7028277], [18.9225493, 44.7028131], [18.9225014, 44.7027937], [18.9224774, 44.7027596], [18.9224705, 44.7027182], [18.922474, 44.7026768], [18.9224911, 44.7026378], [18.9225151, 44.7026037], [18.9225356, 44.7025672], [18.9225562, 44.7025331], [18.9225802, 44.702499], [18.922611, 44.7024625], [18.9226384, 44.7024211], [18.9226658, 44.7023845], [18.9227138, 44.7023115], [18.9227343, 44.702275], [18.9227549, 44.7022384], [18.922772, 44.7021946], [18.9227789, 44.7021532], [18.9227926, 44.7021118], [18.9227994, 44.7020704], [18.922796, 44.7020314], [18.922772, 44.7019949], [18.9227275, 44.7019633], [18.9226693, 44.7019511], [18.9226042, 44.7019584], [18.9225459, 44.701973], [18.9224842, 44.7019949], [18.9224328, 44.702012], [18.9223849, 44.7020363], [18.9223301, 44.7020558], [18.9222718, 44.7020777], [18.922217, 44.7020996], [18.9221656, 44.702124], [18.9221108, 44.7021508], [18.9220594, 44.7021775], [18.9220046, 44.7022116], [18.9219635, 44.7022457], [18.9219258, 44.7022823], [18.9218881, 44.7023212], [18.9218538, 44.7023578], [18.9218059, 44.7023894], [18.9217476, 44.7023992], [18.921686, 44.7023967], [18.9216277, 44.7023845], [18.9215729, 44.7023675], [18.9215249, 44.7023456], [18.9215009, 44.702309], [18.9214975, 44.7022652], [18.9215078, 44.7022238], [18.9215215, 44.7021849], [18.9215283, 44.7021435], [18.9215318, 44.7021021], [18.9215146, 44.7020607], [18.9214838, 44.7020266], [18.921429, 44.7020022], [18.9213742, 44.7019852], [18.9213194, 44.7019754], [18.9212611, 44.7019706], [18.9211343, 44.7019633], [18.9210727, 44.7019633], [18.921011, 44.7019584], [18.9209459, 44.7019657], [18.9208877, 44.7019779], [18.9208774, 44.702046], [18.9207575, 44.702085], [18.9207061, 44.7021045], [18.9206547, 44.7021264], [18.9206033, 44.7021508], [18.9205622, 44.70218], [18.9205245, 44.7022141], [18.9204971, 44.702253], [18.9204868, 44.7022993], [18.9204834, 44.7023431], [18.9204834, 44.7023845], [18.9204868, 44.7024332], [18.92048, 44.7024746], [18.9204594, 44.7025185], [18.9204286, 44.7025526], [18.920384, 44.7025867], [18.9203361, 44.702611], [18.9202847, 44.7026305], [18.9202333, 44.7026573], [18.9201887, 44.7026841], [18.9201408, 44.7027109], [18.9201031, 44.7027449], [18.9200722, 44.702779], [18.9200414, 44.702818], [18.9200243, 44.702857], [18.920014, 44.7029008], [18.9200106, 44.7029446], [18.9200071, 44.702986], [18.9199969, 44.7031784], [18.9199969, 44.7032198], [18.9199832, 44.7032612], [18.919966, 44.703305], [18.9199523, 44.7033464], [18.9198975, 44.7034292], [18.9198701, 44.7034658], [18.9198461, 44.7035023], [18.9198153, 44.7035412], [18.9197742, 44.7035851], [18.9197365, 44.7036192], [18.9196954, 44.7036581], [18.9196611, 44.7036922], [18.9196337, 44.7037288], [18.9196234, 44.7037701], [18.9194923, 44.7042643], [18.9194874, 44.7042953], [18.9194874, 44.7043246], [18.9195092, 44.7043504], [18.9195407, 44.7043711], [18.9195819, 44.7043797], [18.9196207, 44.7043814], [18.9196618, 44.7043866], [18.9198508, 44.7044021], [18.9196885, 44.7052182], [18.9195819, 44.7053198], [18.919439, 44.7053543], [18.9184384, 44.7051631], [18.9180871, 44.7051511], [18.9167571, 44.7047551], [18.9161732, 44.7044451], [18.9157585, 44.7047669], [18.9149958, 44.7043935], [18.9149434, 44.7043721], [18.9149207, 44.7043711], [18.9148795, 44.7043642], [18.9148359, 44.704359], [18.9147003, 44.7043487], [18.9146567, 44.7043418], [18.9146155, 44.7043315], [18.9145767, 44.7043229], [18.9145355, 44.7043143], [18.9144943, 44.7043074], [18.914458, 44.7042936], [18.9144217, 44.7042781], [18.9139638, 44.7040009], [18.9138784, 44.70397], [18.9136101, 44.7038597], [18.9134599, 44.7037805], [18.9133875, 44.7037352], [18.9133289, 44.7037095], [18.9132187, 44.7036315], [18.9130787, 44.703568], [18.9128277, 44.7034723], [18.9126071, 44.7033621], [18.9123881, 44.7032623], [18.9122031, 44.7032329], [18.9121008, 44.7031813], [18.9119821, 44.7031967], [18.9118416, 44.703226], [18.9117471, 44.7032432], [18.9116381, 44.7032639], [18.9115944, 44.7032708], [18.9114321, 44.7033035], [18.9113909, 44.7033087], [18.9110954, 44.70335], [18.9107611, 44.7034085], [18.9105115, 44.7034154], [18.910308, 44.7034034], [18.9101118, 44.7033879], [18.9098332, 44.7033965], [18.9095594, 44.7034361], [18.909368, 44.703455], [18.9091185, 44.7034499], [18.9088133, 44.7034327], [18.9085468, 44.7034464], [18.9083287, 44.7035239], [18.9081567, 44.7036066], [18.907992, 44.7036909], [18.9077424, 44.7037512], [18.9075438, 44.7037994], [18.9075462, 44.7038631], [18.9073766, 44.7039131], [18.9073161, 44.7044572], [18.9072095, 44.7053818], [18.9075244, 44.7054318], [18.9078224, 44.7056039], [18.9076819, 44.7057451], [18.9076867, 44.7059173], [18.9073839, 44.7062513], [18.9073451, 44.7063908], [18.9073548, 44.7064235], [18.9073669, 44.7064511], [18.9073815, 44.7064803], [18.9074154, 44.7065354], [18.9074396, 44.7065596], [18.9074663, 44.7065819], [18.9074953, 44.7066026], [18.9075244, 44.706625], [18.9078418, 44.7068092], [18.9075971, 44.7071742], [18.9071974, 44.7076891], [18.9067467, 44.7082779], [18.9066933, 44.7083063], [18.9070127, 44.7087002], [18.9070935, 44.7087694], [18.9071507, 44.7088025], [18.9074271, 44.7089919], [18.9075801, 44.7090802], [18.907614, 44.7090957], [18.9076504, 44.7091112], [18.9076892, 44.7091267], [18.9077255, 44.7091388], [18.9077691, 44.7091526], [18.9078079, 44.7091629], [18.9078388, 44.7091763], [18.9078743, 44.709188], [18.9079006, 44.709197], [18.9079594, 44.7092228], [18.9096297, 44.7099876], [18.9092736, 44.7109345], [18.9098308, 44.711105], [18.9098623, 44.7111239], [18.9098938, 44.7111446], [18.9099204, 44.7111652], [18.9099737, 44.71121], [18.9099955, 44.7112341], [18.9100125, 44.7112634], [18.9100222, 44.7112926], [18.9100294, 44.7113236], [18.909981, 44.7118539], [18.9099834, 44.7118832], [18.9099907, 44.7119124], [18.9100052, 44.71194], [18.9100222, 44.7119658], [18.910044, 44.7119916], [18.9100682, 44.7120175], [18.9100948, 44.7120433], [18.9101239, 44.7120691], [18.9101506, 44.7120915], [18.910216, 44.7121276], [18.9102499, 44.7121449], [18.9102862, 44.7121586], [18.9100658, 44.7124789], [18.9097242, 44.7128042], [18.9097024, 44.7128318], [18.9096757, 44.7128559], [18.9096539, 44.71288], [18.9096273, 44.7129041], [18.9096079, 44.7129334], [18.9095909, 44.7129644], [18.9095837, 44.7129936], [18.9095837, 44.7130246], [18.9095812, 44.7130539], [18.9095812, 44.7130831], [18.9095715, 44.7132519], [18.9095764, 44.7132829], [18.9095764, 44.7133156], [18.9095667, 44.7133466], [18.9095449, 44.7133741], [18.909511, 44.7133948], [18.9094722, 44.7134103], [18.9094383, 44.7134275], [18.9092566, 44.7135239], [18.9092324, 44.7135497], [18.9092057, 44.7135738], [18.9086364, 44.7142039], [18.9094964, 44.7147342], [18.9098623, 44.714791], [18.9098283, 44.7148564], [18.9097968, 44.7148771], [18.9097557, 44.7148908], [18.9097193, 44.714908], [18.9096515, 44.7149425], [18.9096176, 44.7149631], [18.9093874, 44.7152455], [18.9091621, 44.7154744], [18.9091306, 44.7154968], [18.9090967, 44.7155157], [18.9090604, 44.7155295], [18.9088544, 44.7157602], [18.9090313, 44.7159771], [18.9089998, 44.7161097], [18.9093196, 44.7164574], [18.9094674, 44.7163989], [18.9099907, 44.7165383], [18.9100512, 44.7165676], [18.9101021, 44.7166141], [18.9101215, 44.7166416], [18.9101263, 44.7166743], [18.9101263, 44.7167656], [18.9101215, 44.7167966], [18.9101215, 44.7168276], [18.9101336, 44.7168603], [18.910153, 44.7168878], [18.9101748, 44.7169136], [18.910199, 44.7169377], [18.9102329, 44.716967], [18.910262, 44.7169911], [18.9102959, 44.7170135], [18.9103298, 44.7170324], [18.9103686, 44.7170496], [18.9104049, 44.7170651], [18.9105454, 44.7171064], [18.9105842, 44.7171219], [18.9106205, 44.7171357], [18.9106545, 44.7171512], [18.9106908, 44.7171667], [18.9107296, 44.7171822], [18.9107635, 44.7171994], [18.9108071, 44.7172183], [18.9108459, 44.717239], [18.9108919, 44.7172769], [18.9109161, 44.7173027], [18.9109379, 44.7173285], [18.9108192, 44.7175282], [18.9105745, 44.7177434], [18.9102402, 44.717919], [18.9103177, 44.7180257], [18.9103347, 44.7180515], [18.9103589, 44.7180791], [18.9103928, 44.7180946], [18.910434, 44.7181015], [18.9104679, 44.7181152], [18.9104946, 44.7181376], [18.9105139, 44.7181634], [18.9105382, 44.718191], [18.910606, 44.718222], [18.9106375, 44.7182443], [18.9106617, 44.7182667], [18.910686, 44.7182908], [18.9107126, 44.7183166], [18.9107368, 44.7183442], [18.9107611, 44.7183683], [18.9107877, 44.7183941], [18.9108095, 44.7184182], [18.9108531, 44.7184699], [18.9108773, 44.7184974], [18.9109016, 44.7185198], [18.9109331, 44.7185404], [18.9109694, 44.7185559], [18.9110106, 44.7185628], [18.9110494, 44.7185628], [18.9110881, 44.7185611], [18.9111899, 44.7185938], [18.9112214, 44.7186196], [18.9112698, 44.7186678], [18.9112989, 44.7186902], [18.9113401, 44.7187074], [18.911374, 44.7187212], [18.9114103, 44.7187298], [18.9114418, 44.7187522], [18.9114467, 44.7187832], [18.9114418, 44.7188176], [18.9114031, 44.7188761], [18.9113861, 44.7189054], [18.9113716, 44.7189329], [18.911357, 44.7189622], [18.9113473, 44.7189915], [18.9113425, 44.7190207], [18.9113473, 44.7190517], [18.9113546, 44.7190827], [18.9113667, 44.719112], [18.9113861, 44.7191378], [18.9114103, 44.7191619], [18.9114394, 44.719186], [18.9115048, 44.7192221], [18.9115363, 44.7192445], [18.9115533, 44.719272], [18.9115557, 44.7193013], [18.9115557, 44.7193323], [18.9115436, 44.7193616], [18.9115363, 44.7193925], [18.9115339, 44.7194218], [18.911546, 44.7194545], [18.911563, 44.7194821], [18.9115848, 44.7195079], [18.9116114, 44.7195303], [18.9116381, 44.7195544], [18.9116599, 44.7195853], [18.9116647, 44.7196146], [18.9116671, 44.7196439], [18.9116623, 44.7196749], [18.911655, 44.7197076], [18.9116671, 44.7197386], [18.9116841, 44.7197644], [18.9116986, 44.7197919], [18.911701, 44.7198281], [18.9117035, 44.7198573], [18.911701, 44.7198883], [18.9116889, 44.7199193], [18.9116792, 44.7199486], [18.9116744, 44.7199796], [18.9116744, 44.7200088], [18.9116914, 44.7200364], [18.9117132, 44.7200605], [18.9117374, 44.7200846], [18.9117665, 44.7201104], [18.9117883, 44.7201396], [18.9117955, 44.7201706], [18.9117955, 44.7202016], [18.9118076, 44.7202309], [18.9118561, 44.7202791], [18.9118852, 44.7202997], [18.9119142, 44.7203221], [18.9119457, 44.7203393], [18.9119748, 44.72036], [18.9120184, 44.7204082], [18.9120499, 44.7204271], [18.9120862, 44.7204426], [18.9121202, 44.7204581], [18.9121444, 44.7204822], [18.9121565, 44.7205115], [18.9121662, 44.7205425], [18.9121783, 44.7205717], [18.9121977, 44.7205993], [18.9122292, 44.7206234], [18.9122631, 44.720644], [18.9123309, 44.7206681], [18.9123818, 44.7206819], [18.9124036, 44.720706], [18.9124206, 44.7207335], [18.9124327, 44.7207628], [18.9124424, 44.720823], [18.9124448, 44.7208523], [18.9124545, 44.7208816], [18.9124739, 44.7209091], [18.9124981, 44.7209367], [18.912549, 44.7209831], [18.9125805, 44.721009], [18.912612, 44.7210331], [18.9126459, 44.7210537], [18.9126749, 44.7210744], [18.9127064, 44.7210985], [18.9127307, 44.7211226], [18.9127597, 44.7211467], [18.9127888, 44.7211725], [18.912813, 44.7211983], [18.9128324, 44.7212224], [18.9128542, 44.7212482], [18.9128712, 44.721274], [18.9128833, 44.7213033], [18.912893, 44.7213412], [18.912486, 44.7218008], [18.9106925, 44.7228142], [18.9110268, 44.7230844], [18.9111043, 44.7231619], [18.9111358, 44.7231877], [18.9111916, 44.7232376], [18.9112206, 44.7232617], [18.9112497, 44.7232893], [18.9112763, 44.7233117], [18.9118287, 44.72368], [18.9128157, 44.7243468], [18.9136505, 44.7247838], [18.9141372, 44.7251338], [18.9142971, 44.7253381], [18.914261, 44.7254374], [18.9142901, 44.725496], [18.9143071, 44.7255252], [18.9143483, 44.7255803], [18.9143676, 44.7256044], [18.9143894, 44.7256302], [18.9144137, 44.7256543], [18.9144379, 44.7256767], [18.9144694, 44.7257008], [18.9145009, 44.7257266], [18.9148764, 44.7260382], [18.915029, 44.7264667], [18.9152543, 44.7269177], [18.9156541, 44.7273119], [18.9159714, 44.7275597], [18.91625, 44.7278007], [18.9164487, 44.7279986], [18.9167975, 44.7281811], [18.9170931, 44.72841], [18.9174032, 44.7287525], [18.9180331, 44.729138], [18.9184304, 44.7294237], [18.9186969, 44.729675], [18.9197192, 44.7303858], [18.9199785, 44.7304977], [18.9202014, 44.7305579], [18.9202377, 44.7305717], [18.9203734, 44.7306406], [18.9205502, 44.730792], [18.9210057, 44.731267], [18.9212189, 44.7315665], [18.9213763, 44.7322136], [18.9215774, 44.7327454], [18.9219408, 44.7330707], [18.9238838, 44.7339192], [18.9246251, 44.734327], [18.9250636, 44.7346385], [18.9250975, 44.7346557], [18.9252647, 44.7347607], [18.9253059, 44.7347779], [18.9255008, 44.7348684], [18.9257322, 44.7349759], [18.9261053, 44.7351531], [18.9265002, 44.7352667], [18.9268709, 44.7354267], [18.9269835, 44.7354698], [18.9270005, 44.7354767], [18.9270187, 44.7354818], [18.9270368, 44.7354878], [18.9270574, 44.7354939], [18.927078, 44.735499], [18.9271192, 44.7355033], [18.9271531, 44.7355042], [18.9271749, 44.7355042], [18.9272197, 44.7355007], [18.9272415, 44.7354973], [18.9272646, 44.7354921], [18.9272852, 44.7354887], [18.9275977, 44.7354044], [18.927737, 44.7353794], [18.9277588, 44.7353768], [18.9277806, 44.7353743], [18.9278012, 44.7353717], [18.9278193, 44.7353682], [18.9278436, 44.7353674], [18.927863, 44.7353657], [18.9279272, 44.7353657], [18.9279502, 44.7353665], [18.9279926, 44.73537], [18.9280144, 44.7353743], [18.9280338, 44.7353794], [18.9280519, 44.7353863], [18.9280701, 44.7353923], [18.9280883, 44.7353966], [18.9281076, 44.7354018], [18.9284226, 44.7355369], [18.928826, 44.7357443], [18.929319, 44.7360308], [18.9294159, 44.7360738], [18.9294377, 44.7360807], [18.9294595, 44.7360859], [18.9294789, 44.736091], [18.9294982, 44.7360945], [18.9295873, 44.7361458], [18.9297042, 44.7361994], [18.9299537, 44.7363466], [18.9302335, 44.7365195], [18.9304346, 44.7366856], [18.9305993, 44.7368302], [18.9306187, 44.7368448], [18.9307411, 44.7369128], [18.9307568, 44.7369222], [18.9309518, 44.7370117], [18.9312995, 44.7371503], [18.9316944, 44.7372931], [18.9320505, 44.7374187], [18.9322067, 44.737442], [18.932357, 44.7374463], [18.9324635, 44.7374376], [18.9325047, 44.7374351], [18.9325617, 44.7374256], [18.9325229, 44.7373344], [18.9329008, 44.7374153], [18.9332739, 44.7376149], [18.93324, 44.7377182], [18.93324, 44.7377491], [18.9332449, 44.7377801], [18.9332521, 44.7378111], [18.9332715, 44.7378696], [18.933286, 44.7378971], [18.9333054, 44.7379264], [18.9333296, 44.7379556], [18.9333563, 44.7379814], [18.9333829, 44.7380038], [18.9334193, 44.7380228], [18.9334508, 44.7380382], [18.9334847, 44.7380537], [18.9336519, 44.7380881], [18.9336906, 44.7380967], [18.9337318, 44.7381088], [18.9337681, 44.7381226], [18.9337996, 44.7381415], [18.9338384, 44.7381501], [18.933882, 44.7381501], [18.9339668, 44.7381398], [18.9340104, 44.7381363], [18.934054, 44.7381294], [18.9341364, 44.7381122], [18.9341751, 44.7381054], [18.9342139, 44.7380967], [18.9342551, 44.7380881], [18.9342963, 44.7380847], [18.9343375, 44.738083], [18.9343762, 44.7380967], [18.9343932, 44.7381226], [18.9343932, 44.7381518], [18.9343738, 44.7381794], [18.9343423, 44.7382052], [18.9343108, 44.7382241], [18.9342502, 44.7382671], [18.9342212, 44.7382895], [18.9341945, 44.7383119], [18.9341679, 44.738336], [18.9341437, 44.7383618], [18.9341218, 44.7383876], [18.9341049, 44.7384186], [18.9340928, 44.7384461], [18.9340855, 44.7384771], [18.9340855, 44.738508], [18.9340516, 44.738644], [18.9340419, 44.738675], [18.9340419, 44.7387042], [18.9340467, 44.7387644], [18.9340516, 44.7387954], [18.934054, 44.7388264], [18.9340613, 44.7388574], [18.9340613, 44.7388883], [18.9340637, 44.738921], [18.9340637, 44.7389537], [18.9340685, 44.7389847], [18.9340685, 44.7390828], [18.934054, 44.7391103], [18.9340346, 44.7391413], [18.9340031, 44.7391671], [18.9339692, 44.7391895], [18.9338941, 44.7392635], [18.9338723, 44.739291], [18.9338481, 44.7393151], [18.9338287, 44.7393444], [18.9338093, 44.7393719], [18.9337996, 44.7394012], [18.9337996, 44.7394321], [18.9338142, 44.7394614], [18.9338311, 44.7394889], [18.9338554, 44.7395199], [18.9338796, 44.739544], [18.9339087, 44.7395664], [18.9339426, 44.7395801], [18.9339789, 44.7395922], [18.9340225, 44.7396008], [18.9340613, 44.7396094], [18.9341025, 44.7396128], [18.9341412, 44.739618], [18.93418, 44.7396214], [18.9342236, 44.7396266], [18.9343011, 44.7396438], [18.9343326, 44.7396593], [18.9343665, 44.7396782], [18.9343908, 44.7397023], [18.9344101, 44.7397298], [18.9344247, 44.7397591], [18.9344271, 44.7397883], [18.9344247, 44.7398193], [18.934415, 44.7398503], [18.9344029, 44.7398778], [18.934369, 44.7399639], [18.9343641, 44.7400241], [18.9343641, 44.7400534], [18.9343617, 44.7400878], [18.9343617, 44.7401824], [18.9343568, 44.7402117], [18.9343447, 44.7402426], [18.9343302, 44.7402771], [18.9342963, 44.7403321], [18.9342745, 44.7403597], [18.9342478, 44.7403838], [18.9342236, 44.7404096], [18.9342066, 44.7404354], [18.9341897, 44.7404663], [18.9341848, 44.7404973], [18.93418, 44.7405266], [18.9341727, 44.7405558], [18.934163, 44.7405868], [18.9341437, 44.7406161], [18.9341194, 44.7406402], [18.9340879, 44.7406625], [18.9339789, 44.7407279], [18.933945, 44.7407503], [18.9338965, 44.7407778], [18.9338699, 44.7408019], [18.9338481, 44.7408312], [18.9338311, 44.7408639], [18.9338142, 44.7408983], [18.9338021, 44.740931], [18.9337851, 44.7409585], [18.9337633, 44.7409843], [18.9337415, 44.7410118], [18.9337124, 44.7410377], [18.9336833, 44.7410617], [18.9336446, 44.7410824], [18.933601, 44.7410996], [18.9335574, 44.7411134], [18.9335138, 44.7411306], [18.9334798, 44.7411512], [18.9334459, 44.7411805], [18.9333975, 44.7412287], [18.9333733, 44.7412562], [18.9333514, 44.7412854], [18.9333272, 44.741313], [18.9333078, 44.7413405], [18.933286, 44.741368], [18.9332667, 44.7414007], [18.933257, 44.7414317], [18.9332424, 44.741461], [18.9332279, 44.7414885], [18.9332061, 44.741516], [18.9331819, 44.7415418], [18.9331528, 44.7415659], [18.9331213, 44.7415866], [18.9330922, 44.741609], [18.9330389, 44.7416554], [18.933005, 44.7416761], [18.9329784, 44.7416984], [18.9329541, 44.7417242], [18.9329396, 44.7417535], [18.9329323, 44.7417845], [18.9329299, 44.7418172], [18.9329251, 44.7418499], [18.9329202, 44.7418791], [18.9329057, 44.7419084], [18.9328887, 44.7419393], [18.9328669, 44.7419669], [18.9328378, 44.741991], [18.9328039, 44.7420082], [18.9327724, 44.7420305], [18.9327337, 44.7420426], [18.9326949, 44.7420581], [18.9326561, 44.7420753], [18.9326174, 44.742089], [18.9325423, 44.7421235], [18.9325011, 44.742139], [18.9324648, 44.7421527], [18.9324357, 44.7421751], [18.9324139, 44.7422009], [18.9324018, 44.7422302], [18.9323921, 44.7422611], [18.9323872, 44.7422921], [18.9323848, 44.7423231], [18.9323921, 44.742354], [18.9324042, 44.7423816], [18.9324187, 44.7424108], [18.9324405, 44.7424384], [18.9324623, 44.7424625], [18.9325374, 44.7425244], [18.9325641, 44.7425485], [18.9325883, 44.7425743], [18.932644, 44.7426586], [18.932661, 44.7426861], [18.9326755, 44.7427154], [18.9326876, 44.7427429], [18.9327167, 44.742798], [18.9327313, 44.7428238], [18.9327724, 44.7428789], [18.9327942, 44.7429098], [18.932816, 44.7429357], [18.9328451, 44.7429632], [18.9328693, 44.742989], [18.9329008, 44.7430165], [18.9329251, 44.7430423], [18.9329517, 44.7430664], [18.9329759, 44.7430922], [18.9330026, 44.7431163], [18.9330292, 44.7431456], [18.9330535, 44.7431714], [18.9330753, 44.7431989], [18.9330995, 44.7432265], [18.9331189, 44.7432523], [18.9331383, 44.7432798], [18.9331625, 44.7433073], [18.9331867, 44.7433314], [18.9332182, 44.7433572], [18.93332, 44.7434588], [18.9333442, 44.743488], [18.9333636, 44.7435138], [18.9333829, 44.7435448], [18.9333999, 44.7435706], [18.9334169, 44.7435981], [18.9334387, 44.7436239], [18.9334653, 44.7436446], [18.9334944, 44.7436652], [18.9335259, 44.7436842], [18.9335598, 44.7437014], [18.9335961, 44.7437134], [18.9336349, 44.7437237], [18.9336712, 44.7437324], [18.93371, 44.7437375], [18.9337488, 44.743741], [18.9337924, 44.743741], [18.9338311, 44.7437324], [18.9338699, 44.743722], [18.9339087, 44.7437065], [18.9339401, 44.7436911], [18.9339789, 44.7436756], [18.9340153, 44.743667], [18.934054, 44.7436601], [18.9341776, 44.7436549], [18.9342188, 44.7436549], [18.9342648, 44.7436566], [18.934306, 44.7436635], [18.9343447, 44.7436773], [18.9343811, 44.7436945], [18.934415, 44.74371], [18.9344465, 44.7437289], [18.9345337, 44.7438029], [18.934587, 44.7438511], [18.9346088, 44.7438769], [18.9346282, 44.7439061], [18.9346427, 44.7439337], [18.9346597, 44.7439629], [18.9346791, 44.7439905], [18.9346936, 44.7440163], [18.934713, 44.7440438], [18.9347324, 44.7440731], [18.9347517, 44.7440989], [18.9347808, 44.7441264], [18.9348123, 44.744147], [18.9348462, 44.744166], [18.9348826, 44.7441797], [18.9349189, 44.7441952], [18.9349552, 44.744209], [18.9349867, 44.7442279], [18.935011, 44.7442503], [18.9350376, 44.7442795], [18.9350497, 44.7443122], [18.935057, 44.7443415], [18.935057, 44.7443725], [18.9350521, 44.7444017], [18.9350279, 44.7444275], [18.9349916, 44.7444464], [18.9349552, 44.7444602], [18.9349165, 44.7444705], [18.9348753, 44.7444774], [18.9348317, 44.7444826], [18.9347445, 44.7444826], [18.9346984, 44.744486], [18.9346573, 44.7444946], [18.9346161, 44.7445049], [18.9345846, 44.7445273], [18.9345628, 44.7445514], [18.9345555, 44.7445824], [18.9345555, 44.7446133], [18.9345628, 44.7448284], [18.9345628, 44.7448611], [18.9345676, 44.7449248], [18.9345676, 44.7449558], [18.9345628, 44.7449902], [18.9345531, 44.7450194], [18.9345434, 44.7450504], [18.9345095, 44.745102], [18.9344998, 44.745133], [18.9344998, 44.7452001], [18.9345095, 44.7452293], [18.9345264, 44.7452569], [18.9345458, 44.7452844], [18.93457, 44.7453068], [18.934604, 44.7453274], [18.9346403, 44.7453412], [18.9346839, 44.7453498], [18.9347299, 44.7453567], [18.9347687, 44.7453584], [18.9348171, 44.7453618], [18.934948, 44.745367], [18.9349892, 44.7453704], [18.9350279, 44.7453756], [18.9350667, 44.7453859], [18.9351006, 44.7453997], [18.9351272, 44.7454255], [18.9351369, 44.745453], [18.9351418, 44.7454823], [18.9351442, 44.7455133], [18.9351442, 44.7455425], [18.9351369, 44.7456303], [18.9351418, 44.7456905], [18.9351466, 44.7457232], [18.9351466, 44.7457524], [18.9351442, 44.7457817], [18.9351394, 44.7458127], [18.9351224, 44.7458436], [18.9351079, 44.7458729], [18.9350715, 44.7459314], [18.9350546, 44.7459623], [18.9350425, 44.7459916], [18.9350425, 44.7460535], [18.9350497, 44.7460828], [18.9350715, 44.7461069], [18.9351079, 44.7461258], [18.935149, 44.7461344], [18.9351878, 44.7461361], [18.935229, 44.7461275], [18.9352678, 44.7461172], [18.9353017, 44.7461069], [18.935338, 44.7460931], [18.9353744, 44.7460776], [18.9354034, 44.7460553], [18.9354301, 44.7460312], [18.9354543, 44.7460071], [18.9354713, 44.7459796], [18.9354906, 44.7459537], [18.9355076, 44.7459228], [18.9355221, 44.7458952], [18.9355342, 44.7458643], [18.9355488, 44.7458058], [18.9355633, 44.7457748], [18.9355779, 44.7457473], [18.9356069, 44.7457249], [18.9356384, 44.7457094], [18.9356723, 44.7456974], [18.9357063, 44.7456819], [18.935745, 44.7456647], [18.9357814, 44.7456475], [18.9358128, 44.7456268], [18.9358419, 44.7456045], [18.9358637, 44.7455786], [18.9358831, 44.7455528], [18.9359049, 44.7455287], [18.9359558, 44.7454823], [18.9359897, 44.7454668], [18.9360333, 44.7454582], [18.9360793, 44.7454565], [18.9361157, 44.7454668], [18.9361448, 44.7454909], [18.9361593, 44.7455201], [18.9361666, 44.7455528], [18.9361714, 44.7455821], [18.9361714, 44.7456113], [18.9361738, 44.7456423], [18.9361738, 44.7456733], [18.9361762, 44.7457025], [18.9361762, 44.7457318], [18.9361738, 44.7457645], [18.9361617, 44.7457954], [18.9361278, 44.7458539], [18.9360987, 44.7458763], [18.9360624, 44.7458935], [18.9360236, 44.745909], [18.9359873, 44.7459228], [18.9359461, 44.7459348], [18.9359049, 44.7459486], [18.9358637, 44.7459606], [18.9358201, 44.7459744], [18.9357789, 44.7459864], [18.9357402, 44.7459985], [18.9357038, 44.7460105], [18.9356626, 44.7460277], [18.9356287, 44.7460467], [18.9355972, 44.746069], [18.9355754, 44.7460948], [18.9355536, 44.7461224], [18.935527, 44.7461551], [18.9355052, 44.7461809], [18.9354809, 44.7462067], [18.9354567, 44.7462342], [18.9354228, 44.7462566], [18.935384, 44.7462686], [18.9353453, 44.7462789], [18.9352992, 44.7462927], [18.9352605, 44.7463065], [18.9352169, 44.7463254], [18.9351757, 44.7463409], [18.9351418, 44.7463615], [18.9351176, 44.7463891], [18.9351054, 44.7464183], [18.935103, 44.7464476], [18.9351054, 44.7464889], [18.9351151, 44.7465216], [18.9351297, 44.7465525], [18.9351442, 44.7465801], [18.9351612, 44.7466059], [18.9351854, 44.7466282], [18.9352169, 44.7466454], [18.9352605, 44.7466558], [18.9353065, 44.7466592], [18.9353501, 44.7466575], [18.9353913, 44.7466489], [18.9354713, 44.7466265], [18.9355124, 44.7466162], [18.9355512, 44.7466093], [18.93559, 44.7466076], [18.9356287, 44.7466093], [18.9356675, 44.7466179], [18.9357038, 44.7466386], [18.9357208, 44.7466644], [18.9357281, 44.7466936], [18.9357305, 44.7467229], [18.9357281, 44.7467538], [18.9356966, 44.7467814], [18.9356142, 44.7468106], [18.935573, 44.7468192], [18.9354906, 44.7468192], [18.935447, 44.7468175], [18.9354034, 44.7468141], [18.935355, 44.7468123], [18.9353138, 44.7468123], [18.9352726, 44.7468244], [18.9352387, 44.746845], [18.9352096, 44.7468674], [18.9351878, 44.7468915], [18.935166, 44.746919], [18.9351442, 44.7469448], [18.9351079, 44.746962], [18.9350643, 44.7469655], [18.9350182, 44.746962], [18.934977, 44.7469483], [18.9349407, 44.7469328], [18.9349044, 44.7469139], [18.934868, 44.7468967], [18.9348268, 44.7468794], [18.9347881, 44.7468708], [18.9347469, 44.7468691], [18.9347033, 44.746876], [18.9346645, 44.7468915], [18.9346403, 44.7469173], [18.9346282, 44.7469448], [18.9346209, 44.7469792], [18.9346209, 44.7470102], [18.9346451, 44.7470653], [18.9346645, 44.7470911], [18.9346863, 44.7471152], [18.934713, 44.747141], [18.934742, 44.7471616], [18.9348486, 44.7472253], [18.9348729, 44.7472494], [18.9348947, 44.7472735], [18.9349165, 44.7472993], [18.9349359, 44.7473251], [18.9349528, 44.7473526], [18.9349625, 44.7473836], [18.9349649, 44.7474128], [18.9349601, 44.7474421], [18.9349455, 44.7474696], [18.9349165, 44.7474937], [18.9348777, 44.7475075], [18.9348414, 44.7475212], [18.9347953, 44.7475298], [18.9347517, 44.747535], [18.9347105, 44.7475453], [18.9346621, 44.7475539], [18.9346209, 44.7475642], [18.9345821, 44.7475763], [18.9345385, 44.7475883], [18.9344998, 44.7476004], [18.9344634, 44.7476124], [18.9344271, 44.7476279], [18.9343883, 44.7476417], [18.9343544, 44.7476623], [18.9343278, 44.7476881], [18.9343205, 44.7477208], [18.9343181, 44.7477535], [18.9343205, 44.7477828], [18.9343399, 44.7478086], [18.934369, 44.7478309], [18.9344005, 44.7478481], [18.9344368, 44.7478636], [18.9344731, 44.7478722], [18.9345119, 44.7478808], [18.9345555, 44.7478877], [18.9345967, 44.7478963], [18.9347105, 44.7479221], [18.9347542, 44.7479273], [18.9348268, 44.7479548], [18.934868, 44.7479651], [18.9349044, 44.7479772], [18.9349431, 44.7479892], [18.9349819, 44.7479978], [18.9350231, 44.7480013], [18.9350618, 44.7479978], [18.9351006, 44.7479858], [18.9351394, 44.7479755], [18.9351781, 44.7479583], [18.9352169, 44.7479462], [18.9352556, 44.7479428], [18.9352992, 44.7479479], [18.9353356, 44.7479617], [18.9353647, 44.7479841], [18.9353792, 44.7480116], [18.9353816, 44.7480408], [18.9353792, 44.7480701], [18.9353695, 44.7481028], [18.9353574, 44.7481338], [18.9353453, 44.748163], [18.935338, 44.748194], [18.935338, 44.7482886], [18.9353501, 44.7483161], [18.9353695, 44.7483437], [18.9353913, 44.7483678], [18.9354228, 44.7483884], [18.9354543, 44.7484073], [18.9354955, 44.7484194], [18.9355342, 44.7484245], [18.935573, 44.7484263], [18.9356142, 44.7484245], [18.9356505, 44.7484159], [18.9356893, 44.7484039], [18.9357256, 44.7483884], [18.9357644, 44.7483695], [18.935791, 44.7483454], [18.9358153, 44.7483247], [18.9358371, 44.7483007], [18.9358565, 44.7482766], [18.9358783, 44.7482525], [18.9358976, 44.7482215], [18.9359146, 44.7481957], [18.9359316, 44.7481716], [18.9359606, 44.74812], [18.9360018, 44.7480649], [18.9360285, 44.7480391], [18.93606, 44.7480185], [18.9360963, 44.7480082], [18.9361375, 44.7480064], [18.9361762, 44.7480082], [18.9362174, 44.7480202], [18.9362489, 44.7480357], [18.9362756, 44.7480598], [18.936295, 44.7480856], [18.9363119, 44.7481114], [18.936324, 44.7481389], [18.9363337, 44.7481682], [18.9363386, 44.7482009], [18.9363386, 44.7482301], [18.9363264, 44.7482645], [18.9363119, 44.7482921], [18.9362974, 44.7483213], [18.9362465, 44.7484073], [18.9362344, 44.7484383], [18.9362223, 44.7484676], [18.9362126, 44.7484985], [18.9362005, 44.7485312], [18.9361811, 44.7485897], [18.9361762, 44.7486241], [18.9361738, 44.7486534], [18.9361762, 44.7486843], [18.9361859, 44.7487188], [18.9362102, 44.7487773], [18.9362295, 44.7488048], [18.9362441, 44.7488306], [18.9362635, 44.7488564], [18.9362877, 44.7488839], [18.936341, 44.7489321], [18.9363652, 44.7489562], [18.9363919, 44.7489837], [18.9364112, 44.7490113], [18.9364306, 44.7490371], [18.9364476, 44.7490629], [18.9364621, 44.7490904], [18.9364718, 44.7491196], [18.9364767, 44.7491506], [18.9364791, 44.7491816], [18.9364791, 44.7492435], [18.9364767, 44.7493605], [18.9364742, 44.7493898], [18.9364742, 44.749419], [18.9364645, 44.74945], [18.9364573, 44.749481], [18.9364427, 44.7495102], [18.9364112, 44.7495343], [18.9363725, 44.7495481], [18.9363313, 44.7495618], [18.9362853, 44.7495704], [18.9362441, 44.749579], [18.9361569, 44.7495894], [18.9361157, 44.7495945], [18.9360745, 44.7496031], [18.9360357, 44.7496117], [18.9359994, 44.7496238], [18.9359606, 44.7496427], [18.9359316, 44.7496651], [18.9359073, 44.7496926], [18.9358928, 44.7497201], [18.9358783, 44.7497494], [18.9358661, 44.7497838], [18.9358637, 44.7498165], [18.9358637, 44.7498474], [18.9358976, 44.7500246], [18.9359025, 44.7500556], [18.9359122, 44.7500883], [18.9359194, 44.7501193], [18.9359316, 44.750152], [18.9359437, 44.7501881], [18.9359582, 44.7502173], [18.9359679, 44.7502466], [18.9359994, 44.7503034], [18.9360139, 44.7503326], [18.936026, 44.7503601], [18.936043, 44.7503894], [18.9360575, 44.7504238], [18.9360696, 44.7504513], [18.9360818, 44.7504823], [18.9361011, 44.7505442], [18.9361084, 44.7505787], [18.9361133, 44.7506131], [18.9361205, 44.750644], [18.9361326, 44.7506716], [18.9361472, 44.7506991], [18.936169, 44.7507249], [18.9361956, 44.7507507], [18.9362199, 44.7507748], [18.9362538, 44.7507989], [18.9362877, 44.7508161], [18.9363264, 44.7508281], [18.9363676, 44.7508333], [18.9364088, 44.7508333], [18.9364476, 44.7508247], [18.9364888, 44.7508178], [18.9365251, 44.7508092], [18.9365639, 44.7507972], [18.9365978, 44.7507834], [18.9366414, 44.7507713], [18.9366802, 44.750761], [18.9367238, 44.7507541], [18.9367674, 44.7507524], [18.9368061, 44.7507541], [18.9368449, 44.750761], [18.9368715, 44.7507834], [18.9368861, 44.7508109], [18.9368861, 44.7508419], [18.936874, 44.7508729], [18.9368546, 44.7509004], [18.9368182, 44.7509348], [18.9367892, 44.7509572], [18.9367577, 44.7509795], [18.9367238, 44.7510019], [18.9366947, 44.751026], [18.936668, 44.7510518], [18.9366535, 44.751081], [18.9366535, 44.7511413], [18.9366632, 44.7511705], [18.9366802, 44.751198], [18.9367044, 44.7512204], [18.936731, 44.7512428], [18.9367722, 44.75126], [18.9368086, 44.7512703], [18.9368473, 44.7512806], [18.9368933, 44.7512875], [18.9369321, 44.7512927], [18.9369733, 44.7512995], [18.9370145, 44.751303], [18.9370557, 44.7513081], [18.9370944, 44.751315], [18.9371308, 44.7513288], [18.9371647, 44.751346], [18.937201, 44.7513615], [18.9372664, 44.7513976], [18.9372955, 44.7514165], [18.9373415, 44.7514544], [18.9373755, 44.7514699], [18.9374094, 44.7514888], [18.9374409, 44.7515094], [18.9374675, 44.7515335], [18.9374917, 44.7515593], [18.9375063, 44.7515869], [18.9375184, 44.7516144], [18.9375257, 44.7516454], [18.9375257, 44.7516763], [18.9375184, 44.7517056], [18.9375039, 44.7517348], [18.937482, 44.7517623], [18.9374506, 44.751783], [18.9374142, 44.7518019], [18.9373755, 44.7518191], [18.9372882, 44.7518432], [18.9372519, 44.7518553], [18.9372131, 44.7518656], [18.937172, 44.7518759], [18.9371332, 44.7518914], [18.9370944, 44.7519051], [18.9370581, 44.7519224], [18.937029, 44.751943], [18.9370024, 44.7519671], [18.9369806, 44.7519912], [18.9369636, 44.7520221], [18.9369515, 44.7520514], [18.9369418, 44.7521116], [18.9369418, 44.7521409], [18.9369539, 44.7521701], [18.9369733, 44.7522011], [18.9369951, 44.7522303], [18.9370169, 44.7522561], [18.937046, 44.7522785], [18.937075, 44.7522991], [18.9371065, 44.7523181], [18.9371405, 44.7523353], [18.9371792, 44.7523542], [18.9372204, 44.7523662], [18.937264, 44.7523766], [18.9373052, 44.7523852], [18.937344, 44.7523886], [18.9374263, 44.752392], [18.9374651, 44.752392], [18.9375039, 44.7523852], [18.9375426, 44.7523766], [18.9375862, 44.7523645], [18.9376226, 44.7523507], [18.9376541, 44.7523353], [18.9376831, 44.7523163], [18.9377098, 44.7522974], [18.9377316, 44.7522699], [18.9377461, 44.7522441], [18.9377582, 44.7522131], [18.9377679, 44.7521839], [18.9377679, 44.752091], [18.9377728, 44.7520617], [18.9377849, 44.7520307], [18.9377994, 44.7520015], [18.9378164, 44.7519774], [18.9378382, 44.7519533], [18.9378721, 44.751931], [18.9379036, 44.751912], [18.9379472, 44.7519069], [18.937986, 44.7519086], [18.9380247, 44.7519172], [18.9380611, 44.7519344], [18.938095, 44.7519533], [18.9381265, 44.7519757], [18.938158, 44.7520015], [18.9381846, 44.7520256], [18.9382088, 44.7520514], [18.9382355, 44.7520858], [18.9382549, 44.7521116], [18.938267, 44.7521391], [18.9382791, 44.7521993], [18.9382815, 44.7522923], [18.9382839, 44.7523249], [18.9382839, 44.7524161], [18.9382815, 44.7524471], [18.938267, 44.7524763], [18.9382573, 44.7525073], [18.9382452, 44.7525417], [18.9382331, 44.7525744], [18.938221, 44.7526019], [18.938204, 44.7526312], [18.9381895, 44.7526604], [18.9381846, 44.7526914], [18.9381846, 44.7527206], [18.9381943, 44.7527516], [18.9382088, 44.7527774], [18.9382306, 44.7528049], [18.9382549, 44.7528308], [18.9382815, 44.7528566], [18.9383106, 44.7528789], [18.9383397, 44.7528978], [18.9383736, 44.7529133], [18.9381531, 44.7530579], [18.9378285, 44.753211], [18.9374772, 44.7533262], [18.9372785, 44.753383], [18.9371405, 44.7535206], [18.9373633, 44.7537787], [18.9373827, 44.7538045], [18.9374845, 44.7538957], [18.9375135, 44.7539181], [18.9376686, 44.7540161], [18.9369418, 44.754171], [18.9369878, 44.7543619], [18.9369806, 44.7543912], [18.9369806, 44.7544514], [18.9369757, 44.7545133], [18.9369757, 44.7545443], [18.936966, 44.754577], [18.9369563, 44.7546372], [18.9369612, 44.7546682], [18.937046, 44.7549348], [18.9370654, 44.7549606], [18.937092, 44.754983], [18.9371211, 44.7550019], [18.937155, 44.7550174], [18.9371889, 44.7550329], [18.9372252, 44.7550484], [18.9372616, 44.7550638], [18.9372955, 44.7550793], [18.9373318, 44.7551], [18.9371695, 44.7551413], [18.9370847, 44.7551481], [18.9369927, 44.7551481], [18.9369515, 44.7551499], [18.9369127, 44.7551653], [18.9362223, 44.7555748], [18.9355464, 44.7559653], [18.9352217, 44.7564418], [18.9357329, 44.7567377], [18.9348656, 44.7573811], [18.9344513, 44.7570818], [18.9342696, 44.7574052], [18.9340177, 44.7576461], [18.9335162, 44.7579609], [18.9330189, 44.7582077], [18.9329622, 44.7582399], [18.932918, 44.7582858], [18.9329124, 44.758316], [18.9323345, 44.7586635], [18.9321701, 44.7587805], [18.9320343, 44.758852], [18.9318745, 44.758908], [18.9317519, 44.758936], [18.9314848, 44.7589702], [18.9307537, 44.7590821], [18.9306179, 44.7591583], [18.930329, 44.7592733], [18.9300006, 44.7592779], [18.9296197, 44.7599604], [18.9293329, 44.7599215], [18.9289958, 44.759836], [18.9287068, 44.7597116], [18.9286499, 44.7596743], [18.9286214, 44.7596712], [18.9285667, 44.7596712], [18.9285076, 44.7596883], [18.92805, 44.7598205], [18.9284704, 44.760206], [18.9284594, 44.7605231], [18.9284769, 44.7606194], [18.9285141, 44.7607158], [18.9285316, 44.7607625], [18.9284244, 44.7607034], [18.9282996, 44.7606661], [18.9282011, 44.7606521], [18.928096, 44.7606381], [18.9280041, 44.7606179], [18.9278815, 44.7605977], [18.9277414, 44.7605884], [18.9276516, 44.7605915], [18.9275618, 44.7606008], [18.927483, 44.7606086], [18.9273911, 44.7606055], [18.9269467, 44.7605728], [18.9268022, 44.7605308], [18.9266818, 44.7604687], [18.9265329, 44.7603801], [18.9264235, 44.7603194], [18.9263819, 44.7602759], [18.9263381, 44.7602339], [18.9258565, 44.7603521], [18.9257864, 44.7603909], [18.9256638, 44.7605417], [18.9251997, 44.7612878], [18.9246677, 44.7612459], [18.9242978, 44.7616329], [18.9237833, 44.7613904], [18.9234922, 44.7615024], [18.923247, 44.7618366], [18.9231791, 44.7618195], [18.9230193, 44.7621863], [18.9229186, 44.7623277], [18.9228091, 44.7624365], [18.9226844, 44.7625236], [18.9226034, 44.7625625], [18.9222794, 44.762522], [18.921546, 44.7623915], [18.9216314, 44.7625236], [18.9216992, 44.7632837], [18.9217277, 44.7637267], [18.9216795, 44.7638821], [18.9215832, 44.7640142], [18.921465, 44.7642054], [18.9213358, 44.7644261], [18.9212811, 44.7646826], [18.921292, 44.7648722], [18.9222662, 44.7652437], [18.9225968, 44.7653183], [18.9228836, 44.7653727], [18.922993, 44.7654116], [18.9229405, 44.7655888], [18.9228945, 44.7659447], [18.9228332, 44.7663022], [18.92275, 44.7664545], [18.9223888, 44.7664343], [18.9220911, 44.7663441], [18.9218722, 44.7663675], [18.9221086, 44.7666534], [18.9223494, 44.7668508], [18.922483, 44.7671524], [18.9225421, 44.7671384], [18.9229164, 44.7675751], [18.9230105, 44.7676699], [18.9230697, 44.7678114], [18.9230806, 44.7678984], [18.923085, 44.7680072], [18.9230653, 44.7680725], [18.9230368, 44.7681471], [18.9230675, 44.7682108], [18.9233893, 44.7687688], [18.9235425, 44.7689195], [18.9236301, 44.7689739], [18.9236914, 44.7690143], [18.9237505, 44.7690408], [18.9234812, 44.7692894], [18.9233105, 44.7695739], [18.9231375, 44.7698179], [18.9229422, 44.7700398], [18.922857, 44.7700577], [18.9228515, 44.7699724], [18.9228414, 44.7699045], [18.9228275, 44.7698223], [18.9227781, 44.7697283], [18.9226674, 44.7696441], [18.922533, 44.7695893], [18.9223452, 44.769543], [18.9221456, 44.7695276], [18.9219163, 44.7695304], [18.9215705, 44.7695613], [18.9213293, 44.7696188], [18.9207068, 44.769724], [18.9182849, 44.7696401], [18.917491, 44.76979], [18.9172974, 44.76979], [18.9172341, 44.7697928], [18.9171669, 44.7697956], [18.9170799, 44.769804], [18.9170167, 44.7697956], [18.9159131, 44.7693747], [18.9157408, 44.7693341], [18.9156696, 44.7693216], [18.915537, 44.7693335], [18.9147, 44.7696159], [18.9145817, 44.7696272], [18.9138464, 44.7695879], [18.9137792, 44.7695907], [18.9136448, 44.7695907], [18.9135816, 44.7695964], [18.9131745, 44.7696609], [18.9131152, 44.7696749], [18.9130117, 44.7696785], [18.9128178, 44.7697043], [18.912659, 44.769689], [18.9125361, 44.7696605], [18.9123517, 44.7696288], [18.9121498, 44.7696141], [18.9120184, 44.7696239], [18.9114821, 44.7697642], [18.9110806, 44.7698314], [18.9107523, 44.7698307], [18.9103777, 44.7697751], [18.9100494, 44.769709], [18.9095822, 44.7696552], [18.9088886, 44.7695444], [18.9087598, 44.7695729], [18.9085497, 44.7695886], [18.9084519, 44.7696045], [18.9083108, 44.7696265], [18.9081156, 44.7697233], [18.9079599, 44.7698525], [18.9079236, 44.7698823], [18.9078985, 44.7699081], [18.9078705, 44.7699339], [18.9078481, 44.7699597], [18.9075431, 44.770634], [18.9068922, 44.7712614], [18.9067297, 44.7714462], [18.9064072, 44.7717029], [18.906213, 44.7718309], [18.9061878, 44.7718398], [18.9059992, 44.7720531], [18.9059209, 44.7721692], [18.9058734, 44.7722089], [18.9057195, 44.7721904], [18.9056749, 44.772194], [18.9056512, 44.7722], [18.9055888, 44.7722237], [18.905531, 44.7722665], [18.9054583, 44.7723339], [18.9052737, 44.7722875], [18.9052717, 44.7722637], [18.9052678, 44.7722384], [18.9052599, 44.7722132], [18.9052421, 44.7721907], [18.9052105, 44.7721837], [18.9051769, 44.7721837], [18.9051472, 44.7721907], [18.9051156, 44.7721991], [18.9050563, 44.7722188], [18.9050267, 44.7722314], [18.904995, 44.7722384], [18.9049614, 44.7722398], [18.9049278, 44.7722342], [18.9048962, 44.7722286], [18.9048606, 44.7722174], [18.9047775, 44.7721787], [18.9047401, 44.7721304], [18.9047282, 44.7721065], [18.9047223, 44.7720813], [18.9047282, 44.7720406], [18.9047342, 44.7720139], [18.90475, 44.7719901], [18.9047737, 44.7719704], [18.9048033, 44.771955], [18.904831, 44.7719396], [18.9048567, 44.7719213], [18.9048784, 44.7719003], [18.9048923, 44.7718792], [18.9049021, 44.7718554], [18.9049021, 44.7718077], [18.904914, 44.7715298], [18.904914, 44.7714751], [18.9049081, 44.7714442], [18.9048942, 44.771419], [18.9048725, 44.7713979], [18.9048409, 44.7713909], [18.9048073, 44.7713909], [18.9047757, 44.7713979], [18.904748, 44.7714078], [18.9047262, 44.7714274], [18.9047144, 44.7714485], [18.9046749, 44.771694], [18.9046709, 44.7717193], [18.9046472, 44.7717361], [18.9046136, 44.7717417], [18.904578, 44.7717403], [18.9045464, 44.7717305], [18.9045187, 44.7717137], [18.9045029, 44.771694], [18.904491, 44.7716716], [18.904491, 44.7716477], [18.904497, 44.771621], [18.904495, 44.7715958], [18.9044753, 44.7715616], [18.9044021, 44.7715284], [18.9043308, 44.7715152], [18.9042717, 44.7715256], [18.904244, 44.7715411], [18.9042183, 44.7715579], [18.9041886, 44.7715761], [18.904161, 44.7715902], [18.9040898, 44.7716407], [18.9040602, 44.7716491], [18.9040266, 44.7716463], [18.9039989, 44.7716282], [18.9039712, 44.7715369], [18.9040108, 44.7711201], [18.9040167, 44.7710949], [18.9040246, 44.771071], [18.9040325, 44.7710458], [18.9040404, 44.7710177], [18.9040641, 44.7709447], [18.904074, 44.7709195], [18.9040799, 44.7708956], [18.9040859, 44.7708676], [18.9040977, 44.7708409], [18.9041017, 44.7708156], [18.9041017, 44.7707904], [18.9040958, 44.7707651], [18.9040839, 44.7707427], [18.9040641, 44.770723], [18.9040365, 44.7707006], [18.9040088, 44.7706837], [18.9039712, 44.7706739], [18.9039337, 44.7706739], [18.9039001, 44.7706823], [18.9038744, 44.770695], [18.9038546, 44.770716], [18.9038606, 44.7707413], [18.9038764, 44.7707637], [18.9038942, 44.770782], [18.9039139, 44.7708044], [18.9039337, 44.7708255], [18.9039475, 44.7708465], [18.9039633, 44.7708676], [18.9039673, 44.7708956], [18.9039614, 44.7709181], [18.9039515, 44.7709405], [18.9039495, 44.770963], [18.9039495, 44.7709896], [18.9039614, 44.7710345], [18.9039614, 44.7710822], [18.9039434, 44.7711427], [18.9037973, 44.7712675], [18.9037696, 44.7712801], [18.903738, 44.7712913], [18.9037044, 44.7713025], [18.9036688, 44.7713081], [18.9036333, 44.7713124], [18.9035601, 44.7713124], [18.9035285, 44.771311], [18.9034929, 44.7713053], [18.9034613, 44.7712983], [18.9034317, 44.7712857], [18.9034158, 44.7712604], [18.9034139, 44.7712366], [18.9034178, 44.7712113], [18.9034277, 44.7711875], [18.9034396, 44.7711636], [18.9034415, 44.7711384], [18.9034415, 44.7711145], [18.9034336, 44.7710907], [18.9034198, 44.7710696], [18.9034, 44.7710486], [18.9033763, 44.7710303], [18.9033506, 44.7710149], [18.903323, 44.7710009], [18.9032913, 44.770991], [18.9030028, 44.7709489], [18.902896, 44.7708858], [18.9028644, 44.7708704], [18.9028348, 44.7708633], [18.9028012, 44.7708633], [18.9027695, 44.7708662], [18.9027399, 44.7708746], [18.9027122, 44.7708844], [18.9026786, 44.7708942], [18.902645, 44.7708956], [18.9026095, 44.7708942], [18.9025759, 44.7708844], [18.9025482, 44.770869], [18.9025245, 44.7708507], [18.9025048, 44.7708244], [18.9024671, 44.7707315], [18.902479, 44.7707076], [18.9025067, 44.7706922], [18.9025403, 44.7706823], [18.9025739, 44.7706767], [18.9026114, 44.7706711], [18.9026826, 44.7706599], [18.9027182, 44.7706487], [18.9027458, 44.770636], [18.9027715, 44.7706178], [18.9027854, 44.7705925], [18.9027794, 44.7705673], [18.9027656, 44.770542], [18.9027399, 44.7705238], [18.9027063, 44.7705154], [18.9026747, 44.7705084], [18.902315, 44.7704859], [18.9022754, 44.7704775], [18.9022458, 44.7704663], [18.9022201, 44.7704536], [18.9021944, 44.7704354], [18.9021727, 44.7704143], [18.9021588, 44.7703919], [18.9021509, 44.770368], [18.902145, 44.7703414], [18.902145, 44.770267], [18.9021489, 44.7702418], [18.9021588, 44.7702151], [18.9021825, 44.770166], [18.902226, 44.7701225], [18.9022576, 44.7701056], [18.9022932, 44.7700958], [18.9023624, 44.7700958], [18.902398, 44.7701014], [18.9024296, 44.770107], [18.9024592, 44.7701155], [18.9024928, 44.7701239], [18.9026569, 44.7701842], [18.9027952, 44.7702628], [18.9031095, 44.7704157], [18.9031411, 44.7704228], [18.9031767, 44.7704256], [18.9032143, 44.7704228], [18.9032518, 44.7704185], [18.9032894, 44.7704115], [18.903321, 44.7704031], [18.9033526, 44.7703919], [18.9033684, 44.7703708], [18.9033645, 44.770347], [18.9033467, 44.7703259], [18.903317, 44.7703175], [18.9032815, 44.7703105], [18.9032479, 44.7703063], [18.9032123, 44.7703035], [18.9031787, 44.7703021], [18.9031352, 44.7703021], [18.9031036, 44.7703007], [18.9030719, 44.7702937], [18.9030443, 44.7702782], [18.9030146, 44.7702628], [18.902985, 44.7702502], [18.9029553, 44.7702389], [18.9029237, 44.7702235], [18.902902, 44.7702025], [18.902898, 44.7701786], [18.9029039, 44.7701534], [18.9029138, 44.7701295], [18.9029316, 44.770107], [18.9029534, 44.7700888], [18.9029791, 44.770072], [18.9030087, 44.7700593], [18.903319, 44.7699611], [18.903317, 44.7699373], [18.9032913, 44.7699204], [18.9032241, 44.7699317], [18.9029771, 44.7695809], [18.9028862, 44.7695205], [18.9028031, 44.7695051], [18.9028348, 44.7695977], [18.9026594, 44.7697877], [18.9022233, 44.7699267], [18.9018991, 44.7698374], [18.9016364, 44.7700656], [18.9014016, 44.7702461], [18.9011304, 44.7703791], [18.9008765, 44.7704675], [18.9006558, 44.7705558], [18.9003869, 44.7708117], [18.900351, 44.7708371], [18.900275, 44.7708743], [18.8997496, 44.7709823], [18.8997105, 44.7709982], [18.8996853, 44.771026], [18.8996714, 44.7710577], [18.8996546, 44.7710895], [18.8996239, 44.7711252], [18.8995875, 44.7711431], [18.8995428, 44.771155], [18.8994981, 44.7711669], [18.899076, 44.7712185], [18.8990201, 44.7712304], [18.8989502, 44.7712463], [18.8989055, 44.7712542], [18.8988272, 44.771276], [18.8984918, 44.7714526], [18.8984527, 44.7714705], [18.8984108, 44.7714883], [18.8983716, 44.7715022], [18.8983241, 44.7715141], [18.8982794, 44.7715221], [18.8982347, 44.77153], [18.8981872, 44.771532], [18.8981396, 44.77153], [18.8980949, 44.77153], [18.8979691, 44.771528], [18.8966023, 44.7724051], [18.8966526, 44.7726571], [18.8962809, 44.7728853], [18.8962809, 44.772917], [18.8962697, 44.7729488], [18.8962306, 44.7729666], [18.8961858, 44.7729686], [18.8961411, 44.7729786], [18.8960908, 44.7729885], [18.8948777, 44.7737941], [18.8947994, 44.7738258], [18.8947212, 44.7738616], [18.8946317, 44.7738814], [18.8945367, 44.7738774], [18.8944361, 44.7738417], [18.8943746, 44.7737901], [18.8943019, 44.7737465], [18.8941957, 44.7736988], [18.8941118, 44.7736671], [18.8940503, 44.7736155], [18.893905, 44.7735123], [18.8938211, 44.7734766], [18.8937373, 44.7734528], [18.8936534, 44.773429], [18.8935584, 44.7734171], [18.8934745, 44.7734409], [18.8931503, 44.7737623], [18.8930888, 44.7738139], [18.8930106, 44.7738457], [18.8929267, 44.7738814], [18.8928484, 44.7739409], [18.8927534, 44.7740163], [18.8926975, 44.7740798], [18.8925466, 44.7742465], [18.8915627, 44.7747148], [18.8903707, 44.7758529], [18.8891724, 44.7751954], [18.8881358, 44.7760204], [18.8880855, 44.7760799], [18.8880352, 44.7761394], [18.8880073, 44.7762029], [18.8879849, 44.7762664], [18.8879681, 44.7763339], [18.8879569, 44.7764093], [18.8879569, 44.7765402], [18.8879402, 44.7766156], [18.8879066, 44.7766751], [18.8878507, 44.7767426], [18.8878116, 44.7767982], [18.8877669, 44.7768656], [18.8877277, 44.7769291], [18.8876886, 44.7769886], [18.8876551, 44.7770521], [18.8876215, 44.7771117], [18.887588, 44.7771712], [18.8875433, 44.7772347], [18.8874985, 44.7772863], [18.8874315, 44.7773339], [18.8873364, 44.7773736], [18.8872637, 44.7774132], [18.8871911, 44.7774609], [18.8871184, 44.7775164], [18.8870681, 44.777572], [18.8870066, 44.777695], [18.8869116, 44.7777029], [18.8868668, 44.7777585], [18.8868333, 44.777822], [18.8867662, 44.7778656], [18.8866991, 44.7779132], [18.8866768, 44.7779807], [18.8866824, 44.7780482], [18.8866991, 44.7781156], [18.8867215, 44.7781831], [18.8867494, 44.7782505], [18.886783, 44.778318], [18.8867886, 44.7783855], [18.8867886, 44.7784529], [18.886783, 44.7785164], [18.8867662, 44.7785839], [18.8867438, 44.7786434], [18.8867103, 44.7787069], [18.8866879, 44.7787743], [18.8866879, 44.7789093], [18.8866656, 44.7789727], [18.886632, 44.7790402], [18.8865873, 44.7790997], [18.8865342, 44.7792079], [18.8865077, 44.7792356], [18.8864951, 44.7792495], [18.8864853, 44.7792644], [18.8864811, 44.7792981], [18.8864783, 44.779316], [18.8864494, 44.7794535], [18.8864084, 44.7795134], [18.8863917, 44.7795263], [18.8863777, 44.7795392], [18.8863609, 44.7795511], [18.8863441, 44.779565], [18.8863288, 44.7795759], [18.8862184, 44.7796414], [18.886059, 44.7796949], [18.8859878, 44.7797148], [18.8859291, 44.7797267], [18.8859011, 44.7797356], [18.8858802, 44.7797475], [18.8858648, 44.7797604], [18.8858536, 44.7797753], [18.8858438, 44.7797922], [18.8858368, 44.779808], [18.8858298, 44.7798259], [18.8858298, 44.7798765], [18.8858368, 44.7798953], [18.8858494, 44.7799122], [18.8858634, 44.7799261], [18.885876, 44.779942], [18.8858843, 44.7799588], [18.8858913, 44.7799757], [18.8858955, 44.7799945], [18.8859011, 44.7800114], [18.8859067, 44.7800273], [18.8859165, 44.7800422], [18.8859263, 44.780057], [18.8859402, 44.7800729], [18.8859892, 44.780187], [18.8859878, 44.7802048], [18.8859836, 44.7802227], [18.8859822, 44.7802415], [18.8859822, 44.7802574], [18.8859556, 44.7802991], [18.8859458, 44.780315], [18.8859333, 44.7803308], [18.8859263, 44.7803477], [18.8859235, 44.7803646], [18.8859249, 44.7803834], [18.8859291, 44.7804023], [18.8859333, 44.7804201], [18.8859402, 44.780437], [18.8859514, 44.7804548], [18.8859654, 44.7804677], [18.8859822, 44.7804786], [18.8860017, 44.7804876], [18.8860241, 44.7804955], [18.8860521, 44.7805015], [18.8860758, 44.7805104], [18.8860926, 44.7805243], [18.8861597, 44.780563], [18.8860129, 44.7805778], [18.8859738, 44.780561], [18.8859514, 44.780552], [18.8859263, 44.7805441], [18.8859011, 44.7805362], [18.8858788, 44.7805302], [18.885855, 44.7805243], [18.8858103, 44.7805233], [18.8857851, 44.7805253], [18.8857642, 44.7805322], [18.8857446, 44.7805421], [18.8857278, 44.780555], [18.8857124, 44.7805858], [18.8856929, 44.7806165], [18.8856831, 44.7806344], [18.8856691, 44.7806483], [18.8856454, 44.780677], [18.88563, 44.7806909], [18.8856104, 44.7807098], [18.8855936, 44.7807207], [18.8855769, 44.7807316], [18.8855573, 44.7807415], [18.8855377, 44.7807514], [18.8855168, 44.7807594], [18.8854958, 44.7807653], [18.8854735, 44.7807693], [18.8854483, 44.7807733], [18.8854008, 44.7807733], [18.8853742, 44.7807703], [18.8853505, 44.7807643], [18.8853309, 44.7807534], [18.8853141, 44.7807385], [18.8852988, 44.7807257], [18.885282, 44.7807137], [18.8852624, 44.7807048], [18.8852401, 44.7806959], [18.8852163, 44.780688], [18.8851953, 44.780683], [18.8851464, 44.780683], [18.8851227, 44.780684], [18.8851003, 44.780687], [18.8850751, 44.7806919], [18.8850542, 44.7806999], [18.8850374, 44.7807108], [18.8850234, 44.7807247], [18.8850178, 44.7807415], [18.8850165, 44.7807574], [18.8850123, 44.7807733], [18.8850067, 44.7807881], [18.8849997, 44.780803], [18.8849927, 44.7808189], [18.8849829, 44.7808348], [18.884913, 44.7809092], [18.8848963, 44.7809211], [18.8848809, 44.780932], [18.8848641, 44.7809419], [18.8848418, 44.7809528], [18.8847355, 44.7810024], [18.8847132, 44.7810074], [18.8846838, 44.7810143], [18.8846587, 44.7810193], [18.8846363, 44.7810203], [18.8845594, 44.7810203], [18.8845063, 44.7810143], [18.8844798, 44.7810104], [18.8844588, 44.7810054], [18.8844379, 44.7809994], [18.8844141, 44.7809925], [18.8843708, 44.7809737], [18.8843512, 44.7809617], [18.8843344, 44.7809489], [18.8843219, 44.780935], [18.8843135, 44.7809191], [18.8843051, 44.7809032], [18.8842967, 44.7808873], [18.8842911, 44.7808715], [18.8842799, 44.7808377], [18.8842771, 44.7808199], [18.8842771, 44.780802], [18.8842813, 44.7807852], [18.8843302, 44.78068], [18.8843442, 44.7806651], [18.8843638, 44.7806532], [18.8843848, 44.7806393], [18.8845189, 44.7805977], [18.8845441, 44.7805897], [18.8845678, 44.7805778], [18.884607, 44.780558], [18.8846307, 44.7805461], [18.8846629, 44.7805213], [18.8846768, 44.7805074], [18.8846908, 44.7804915], [18.8846978, 44.7804727], [18.8846964, 44.7804558], [18.8846908, 44.780437], [18.884681, 44.7804211], [18.8846699, 44.7804052], [18.8846531, 44.7803923], [18.8846321, 44.7803854], [18.8846084, 44.7803854], [18.884586, 44.7803874], [18.884565, 44.7803923], [18.8845441, 44.7803993], [18.8845119, 44.7804132], [18.884491, 44.7804211], [18.8844686, 44.7804271], [18.8844476, 44.780432], [18.8844197, 44.780436], [18.8843736, 44.780436], [18.8843484, 44.780433], [18.8843247, 44.780428], [18.8843037, 44.7804221], [18.8842827, 44.7804142], [18.884224, 44.7803854], [18.8842017, 44.7803794], [18.8841793, 44.7803775], [18.8841262, 44.7803784], [18.8840996, 44.7803814], [18.8840563, 44.7803894], [18.884034, 44.7803943], [18.884013, 44.7803993], [18.883985, 44.7803983], [18.8839641, 44.7803904], [18.8839445, 44.7803814], [18.8839236, 44.7803735], [18.8839012, 44.7803656], [18.883876, 44.7803586], [18.8838523, 44.7803566], [18.8838271, 44.7803566], [18.8837796, 44.7803546], [18.8837572, 44.7803497], [18.8837377, 44.7803408], [18.8837195, 44.7803269], [18.8837055, 44.780312], [18.8836957, 44.7802961], [18.8836916, 44.7802773], [18.8836916, 44.7802594], [18.8836944, 44.7802425], [18.8837013, 44.7802257], [18.8837125, 44.7802098], [18.8837265, 44.7801949], [18.8837698, 44.7801612], [18.8837936, 44.7801533], [18.8838173, 44.7801513], [18.8838663, 44.7801503], [18.88389, 44.7801523], [18.8839152, 44.7801582], [18.8839375, 44.7801662], [18.8839613, 44.7801731], [18.8839836, 44.7801781], [18.8840088, 44.7801771], [18.884034, 44.7801721], [18.8840577, 44.7801662], [18.8840773, 44.7801543], [18.8842674, 44.7800352], [18.8842729, 44.7800183], [18.8842729, 44.7799479], [18.8842701, 44.7799301], [18.8842701, 44.7799132], [18.8842715, 44.7798953], [18.8842813, 44.7798785], [18.8842883, 44.7798626], [18.8842869, 44.7798457], [18.8842757, 44.7798309], [18.8842632, 44.779817], [18.8842436, 44.7797981], [18.8842254, 44.7797862], [18.884217, 44.7797703], [18.8842198, 44.7797525], [18.8842338, 44.7797376], [18.884252, 44.7797257], [18.8842688, 44.7797128], [18.8842855, 44.7796999], [18.8842967, 44.779685], [18.8842953, 44.7796662], [18.8842855, 44.7796513], [18.8842646, 44.7796414], [18.884238, 44.7796394], [18.8842156, 44.7796394], [18.8841933, 44.7796434], [18.8841737, 44.7796523], [18.8841555, 44.7796602], [18.884136, 44.7796682], [18.884115, 44.7796741], [18.8840913, 44.7796751], [18.8840661, 44.7796721], [18.8840437, 44.7796672], [18.8840228, 44.7796602], [18.8840046, 44.7796493], [18.8839878, 44.7796364], [18.8839753, 44.7796215], [18.8839669, 44.7796057], [18.8839627, 44.7795888], [18.8839627, 44.7795551], [18.8839697, 44.7795372], [18.8839781, 44.7795213], [18.8839864, 44.7795055], [18.8841849, 44.7792614], [18.8841514, 44.7790809], [18.8839892, 44.7786027], [18.8838299, 44.7782376], [18.8838607, 44.7782218], [18.883897, 44.7781999], [18.8839361, 44.7781781], [18.8839697, 44.7781503], [18.8839864, 44.7781186], [18.8839836, 44.7780829], [18.8839781, 44.7780492], [18.8839641, 44.7780154], [18.8839445, 44.7779837], [18.8839222, 44.7779519], [18.8838914, 44.7779182], [18.8838663, 44.7778884], [18.8838439, 44.7778567], [18.8838299, 44.777823], [18.8838243, 44.7777892], [18.8838243, 44.7777555], [18.8838187, 44.7777198], [18.8838103, 44.7776821], [18.8837964, 44.7776484], [18.8837796, 44.7776146], [18.8837489, 44.7775908], [18.8837461, 44.7774837], [18.8832429, 44.7771841], [18.8831535, 44.7770154], [18.8829047, 44.7767376], [18.8826028, 44.7765492], [18.8825553, 44.7765492], [18.8822339, 44.7764678], [18.8821976, 44.776448], [18.8821668, 44.7764222], [18.8821416, 44.7763944], [18.8821109, 44.7763626], [18.8820857, 44.7763309], [18.8820662, 44.7763011], [18.8820438, 44.7762734], [18.8820243, 44.7762436], [18.8819879, 44.7761841], [18.8819684, 44.7761503], [18.8819544, 44.7761146], [18.8819488, 44.7760789], [18.8818789, 44.7759579], [18.8818538, 44.7759281], [18.8817923, 44.7758726], [18.8817615, 44.7758428], [18.8817252, 44.775815], [18.8817028, 44.7757852], [18.8816832, 44.7757555], [18.8816665, 44.7757198], [18.8816469, 44.7756841], [18.8816273, 44.7756543], [18.8816078, 44.7756225], [18.8815994, 44.7755888], [18.8815994, 44.7754837], [18.8817475, 44.7750392], [18.8816832, 44.7750471], [18.8813366, 44.7747277], [18.8812752, 44.7747058], [18.8810012, 44.774692], [18.8805233, 44.7747078], [18.8800621, 44.7747237], [18.8796288, 44.7746404], [18.8791704, 44.7746225], [18.8788965, 44.7747475], [18.8787344, 44.7747376], [18.8786589, 44.774815], [18.8786589, 44.7749162], [18.8786142, 44.7750531], [18.8785778, 44.7751622], [18.8784353, 44.7753408], [18.8783123, 44.7754658], [18.8780719, 44.7756543], [18.8777253, 44.7758428], [18.8775492, 44.775946], [18.8774346, 44.776063], [18.8772893, 44.7762694], [18.8771607, 44.7764718], [18.8770461, 44.7765769], [18.8768421, 44.776688], [18.8767051, 44.7767654], [18.8765262, 44.776817], [18.876297, 44.7768468], [18.8761097, 44.7768468], [18.8758526, 44.7767972], [18.8756262, 44.7767238], [18.8754417, 44.7766861], [18.8752153, 44.7766642], [18.8750504, 44.7766801], [18.874824, 44.7767357], [18.8745836, 44.7768369], [18.8743013, 44.7769996], [18.8741448, 44.7771107], [18.8735134, 44.7778475], [18.8734743, 44.7779259], [18.8734477, 44.7779517], [18.8734519, 44.7780529], [18.8734337, 44.778041], [18.8734128, 44.778033], [18.8733876, 44.7780281], [18.8733639, 44.7780281], [18.8733401, 44.7780301], [18.8733177, 44.778035], [18.8732968, 44.7780449], [18.87328, 44.7780569], [18.8732618, 44.7780678], [18.8732451, 44.7780797], [18.8732255, 44.7780896], [18.8732073, 44.7780995], [18.8731878, 44.7781074], [18.8731668, 44.7781114], [18.8731444, 44.7781124], [18.8730955, 44.7781184], [18.8730291, 44.7781048], [18.8730212, 44.7780795], [18.8730173, 44.7780557], [18.8730114, 44.7780318], [18.8730074, 44.778008], [18.8729955, 44.7779855], [18.8729758, 44.7779617], [18.8729481, 44.7779476], [18.8729125, 44.777942], [18.872877, 44.777942], [18.8728453, 44.7779378], [18.8728137, 44.7779308], [18.872786, 44.7779168], [18.8727623, 44.7778985], [18.8727366, 44.7778817], [18.8727109, 44.7778663], [18.8726773, 44.7778691], [18.8726576, 44.7778859], [18.8726536, 44.7779111], [18.8726536, 44.777956], [18.8726497, 44.7780051], [18.8726457, 44.778029], [18.8726398, 44.7780528], [18.8726299, 44.7780753], [18.8726082, 44.7780921], [18.8725805, 44.778102], [18.8725489, 44.7780935], [18.8725192, 44.7780823], [18.8724935, 44.7780655], [18.8724659, 44.7780514], [18.8724382, 44.7780388], [18.872371, 44.7780304], [18.8723394, 44.7780374], [18.8723058, 44.7780486], [18.8722939, 44.7780711], [18.8722959, 44.7780949], [18.8722959, 44.7781412], [18.8722899, 44.7781665], [18.8722741, 44.7781875], [18.8722484, 44.7782058], [18.8722227, 44.7782198], [18.8721951, 44.7782338], [18.8721694, 44.7782493], [18.8721457, 44.7782675], [18.8721318, 44.7782871], [18.8721239, 44.7783082], [18.872116, 44.7783306], [18.872114, 44.7783531], [18.8721101, 44.7783783], [18.8721022, 44.7783994], [18.8720883, 44.7784204], [18.8720686, 44.7784401], [18.8720231, 44.7784723], [18.8720014, 44.7784906], [18.8719737, 44.7785046], [18.8719401, 44.778506], [18.8719184, 44.7784878], [18.8719026, 44.7784667], [18.8718947, 44.7784429], [18.8718828, 44.7784204], [18.8718729, 44.778398], [18.8718611, 44.7783769], [18.8718452, 44.7783573], [18.8718235, 44.7783376], [18.8717978, 44.7783208], [18.8717682, 44.778311], [18.8717346, 44.7783082], [18.8717089, 44.7783236], [18.8716911, 44.7783447], [18.8716733, 44.7783643], [18.8716515, 44.7783811], [18.8716318, 44.7783994], [18.8716041, 44.7784148], [18.8715764, 44.778426], [18.8715389, 44.7784373], [18.8715053, 44.7784387], [18.8714065, 44.7784387], [18.8713729, 44.7784359], [18.8713412, 44.7784316], [18.8713076, 44.7784246], [18.871278, 44.7784106], [18.871278, 44.7783868], [18.8712918, 44.7783629], [18.8713116, 44.7783391], [18.8713393, 44.7783236], [18.8713729, 44.778311], [18.8714025, 44.7783012], [18.8714361, 44.7782928], [18.8714559, 44.7782703], [18.871444, 44.7782479], [18.8714223, 44.7782296], [18.8710981, 44.7780542], [18.8710665, 44.7780122], [18.8710547, 44.7779841], [18.8710468, 44.7779574], [18.8710349, 44.7779322], [18.871023, 44.7779111], [18.8709973, 44.7778957], [18.8709598, 44.7778957], [18.8708946, 44.7779013], [18.8708728, 44.7779168], [18.870859, 44.7779378], [18.8708353, 44.7779546], [18.8707444, 44.7779673], [18.8707305, 44.7779518], [18.8707028, 44.7779378], [18.8706732, 44.7779266], [18.8706396, 44.7779252], [18.8705724, 44.7779252], [18.8705368, 44.7779266], [18.8705032, 44.7779294], [18.8704736, 44.7779364], [18.870442, 44.7779462], [18.8704163, 44.7779603], [18.8703925, 44.7779771], [18.8703767, 44.7779953], [18.8703609, 44.778015], [18.870353, 44.7780388], [18.870353, 44.7780613], [18.8703589, 44.7780851], [18.8703748, 44.7781076], [18.8703906, 44.7781286], [18.8704084, 44.7781482], [18.8704242, 44.7781693], [18.87044, 44.7781889], [18.8704479, 44.7782114], [18.8704459, 44.7782338], [18.8704064, 44.7782282], [18.8703728, 44.7782226], [18.8703392, 44.7782184], [18.8703016, 44.778217], [18.8702305, 44.778217], [18.8701949, 44.7782184], [18.8701593, 44.7782184], [18.8700625, 44.7782282], [18.8700486, 44.7782072], [18.8700328, 44.7781875], [18.8700131, 44.7781693], [18.8699874, 44.7781511], [18.8699577, 44.7781398], [18.8699241, 44.7781328], [18.8698945, 44.778123], [18.8698648, 44.7781146], [18.8698292, 44.7781104], [18.8697956, 44.7781104], [18.8697601, 44.7781188], [18.8697324, 44.7781314], [18.8697146, 44.7781497], [18.8697087, 44.7781749], [18.8697008, 44.7782002], [18.8696869, 44.7782212], [18.8696672, 44.7782394], [18.8696435, 44.7782549], [18.8696356, 44.7782759], [18.8696395, 44.7782998], [18.8696296, 44.7783208], [18.8694715, 44.7784415], [18.8694438, 44.7784541], [18.8694122, 44.7784611], [18.8693786, 44.7784681], [18.8693391, 44.7784709], [18.8693055, 44.7784695], [18.869266, 44.7784611], [18.8692363, 44.7784471], [18.8692165, 44.7784274], [18.8691988, 44.7784064], [18.8691869, 44.7783854], [18.869179, 44.7783601], [18.869177, 44.778311], [18.869177, 44.7782843], [18.8691671, 44.7782563], [18.8691513, 44.7782352], [18.8691177, 44.7782282], [18.8690841, 44.7782296], [18.8690525, 44.7782366], [18.8689023, 44.7782914], [18.8688707, 44.7782956], [18.8688371, 44.7782956], [18.8688114, 44.7782773], [18.8688054, 44.7782535], [18.8688074, 44.7782282], [18.8688213, 44.7782072], [18.8688232, 44.7781819], [18.8688173, 44.7781553], [18.8688035, 44.7781342], [18.8687877, 44.7781132], [18.8687679, 44.7780935], [18.8687185, 44.7780641], [18.8686928, 44.7780472], [18.868673, 44.778029], [18.8686691, 44.7780037], [18.8686789, 44.7779799], [18.8687027, 44.7779617], [18.8687224, 44.7779406], [18.8687284, 44.7779154], [18.8687303, 44.7778901], [18.8687264, 44.777862], [18.8687145, 44.7778396], [18.8687007, 44.7778185], [18.8686849, 44.7777961], [18.8686671, 44.7777737], [18.8686513, 44.7777526], [18.8686295, 44.777733], [18.8686078, 44.7777161], [18.8685781, 44.7777007], [18.8685505, 44.7776881], [18.8685029, 44.7776739], [18.8681433, 44.7776951], [18.8681137, 44.7777035], [18.8680623, 44.7777288], [18.8680366, 44.7777428], [18.868001, 44.7777484], [18.8679674, 44.7777484], [18.8679338, 44.7777512], [18.8679042, 44.7777596], [18.8678765, 44.7777723], [18.8678469, 44.7777877], [18.8678192, 44.7778003], [18.8677935, 44.7778185], [18.8677658, 44.777834], [18.8677362, 44.777848], [18.8677046, 44.7778578], [18.8676729, 44.7778592], [18.8676393, 44.7778536], [18.8676117, 44.7778396], [18.8675583, 44.7778101], [18.8675306, 44.7777975], [18.867501, 44.7777863], [18.8674713, 44.7777765], [18.8674377, 44.7777708], [18.8674061, 44.7777666], [18.8673745, 44.7777652], [18.8673389, 44.7777666], [18.8672855, 44.7777723], [18.8672579, 44.7777835], [18.8672282, 44.7777933], [18.8671946, 44.7777905], [18.867167, 44.7777765], [18.8671452, 44.7777596], [18.8671215, 44.7777428], [18.8670938, 44.7777274], [18.8670317, 44.7776943], [18.8668191, 44.777652], [18.866746, 44.7776558], [18.8666847, 44.7776516], [18.8666551, 44.7776418], [18.8666274, 44.7776277], [18.8666056, 44.7776095], [18.8665879, 44.7775871], [18.8665819, 44.7775632], [18.8665641, 44.7775436], [18.8665325, 44.7775394], [18.8665009, 44.7775492], [18.8664732, 44.7775632], [18.8664416, 44.7775716], [18.86641, 44.777573], [18.8663783, 44.7775716], [18.8663467, 44.7775632], [18.866325, 44.777545], [18.8663052, 44.7775253], [18.8662835, 44.7775071], [18.8662617, 44.7774903], [18.8662301, 44.7774832], [18.8661945, 44.7774832], [18.8661629, 44.7774776], [18.8661372, 44.7774636], [18.8661175, 44.777444], [18.8660937, 44.7774271], [18.8660601, 44.7774243], [18.8660226, 44.7774271], [18.865989, 44.7774327], [18.8659593, 44.7774425], [18.8659317, 44.7774538], [18.865902, 44.777465], [18.8658704, 44.7774678], [18.8658388, 44.7774748], [18.8658032, 44.7774706], [18.8657716, 44.7774622], [18.8657419, 44.777451], [18.8655601, 44.7773878], [18.8655127, 44.7773542], [18.8654534, 44.7773359], [18.8651884, 44.777189], [18.8651074, 44.7771245], [18.8649888, 44.7770501], [18.8647991, 44.7769898], [18.8642773, 44.7767891], [18.8639176, 44.7766306], [18.8631072, 44.776249], [18.8628542, 44.7760736], [18.8624906, 44.7758688], [18.8623512, 44.7757853], [18.8623374, 44.7757916], [18.8623226, 44.7757965], [18.8623077, 44.7758021], [18.8622909, 44.7758056], [18.8622771, 44.7758098], [18.8622465, 44.7758182], [18.8622287, 44.7758204], [18.8621931, 44.7758204], [18.8621763, 44.7758211], [18.8620884, 44.7758211], [18.8620182, 44.7758197], [18.8620024, 44.7758197], [18.8619866, 44.7758175], [18.8619698, 44.7758126], [18.861949, 44.775793], [18.8619411, 44.7757818], [18.8619312, 44.7757705], [18.8619253, 44.7757593], [18.8619223, 44.7757467], [18.8619164, 44.7757074], [18.8619154, 44.7756955], [18.8619085, 44.7756836], [18.8618986, 44.7756709], [18.8618887, 44.7756604], [18.8618749, 44.7756534], [18.8618581, 44.7756464], [18.8618275, 44.7756373], [18.8617909, 44.775638], [18.8617731, 44.7756394], [18.8617563, 44.7756415], [18.8617395, 44.7756443], [18.8617197, 44.7756471], [18.8617039, 44.7756506], [18.8616881, 44.7756541], [18.8616743, 44.7756583], [18.8616604, 44.7756639], [18.8616199, 44.775685], [18.8616081, 44.7756948], [18.8615992, 44.7757046], [18.8615923, 44.7757158], [18.8615863, 44.7757299], [18.8615804, 44.7757404], [18.8615715, 44.7757628], [18.8615685, 44.7757748], [18.8615646, 44.7757867], [18.8615587, 44.7757979], [18.8615508, 44.7758077], [18.8615389, 44.7758168], [18.8615241, 44.7758211], [18.8615073, 44.7758189], [18.8614934, 44.7758119], [18.8614826, 44.7758028], [18.8614756, 44.7757916], [18.8614717, 44.7757797], [18.8614668, 44.7757621], [18.8614668, 44.7757488], [18.8614658, 44.7757362], [18.8614608, 44.7757221], [18.8614519, 44.7757102], [18.861443, 44.775699], [18.8614282, 44.775685], [18.8614094, 44.7756709], [18.8613787, 44.7756511], [18.861334, 44.7756352], [18.8612921, 44.7756154], [18.8612446, 44.7755995], [18.8611998, 44.7755836], [18.8611579, 44.7755677], [18.8611076, 44.7755638], [18.8610629, 44.7755658], [18.8610181, 44.7755658], [18.8609734, 44.7755737], [18.8608812, 44.7755856], [18.8605206, 44.7758832], [18.8603836, 44.7759666], [18.8600566, 44.7761531], [18.8596513, 44.7762959], [18.8593746, 44.776417], [18.8591426, 44.776536], [18.8584662, 44.7769447], [18.8577534, 44.7773813], [18.8572866, 44.7777582], [18.8570518, 44.7778991], [18.8570574, 44.777919], [18.8570854, 44.7779447], [18.8571245, 44.7779666], [18.8572112, 44.7779963], [18.8572615, 44.7780043], [18.8574124, 44.7780043], [18.8574655, 44.7780063], [18.8575158, 44.7780082], [18.8575606, 44.7780162], [18.8575941, 44.778042], [18.8577478, 44.7781293], [18.8578932, 44.7782364], [18.8580022, 44.7783614], [18.8581336, 44.7785558], [18.8582426, 44.7787404], [18.8583488, 44.7788812], [18.8583292, 44.778913], [18.8583097, 44.7789408], [18.8582901, 44.7789705], [18.8582621, 44.7789963], [18.858237, 44.7790261], [18.8582034, 44.7790539], [18.8581671, 44.7790737], [18.8577953, 44.7792165], [18.8577534, 44.7792304], [18.8577115, 44.7792423], [18.857664, 44.7792483], [18.8576193, 44.7792523], [18.8575717, 44.7792562], [18.8575242, 44.7792642], [18.8574795, 44.7792741], [18.8574348, 44.779284], [18.8573873, 44.7792919], [18.8573397, 44.7792999], [18.8572922, 44.7793019], [18.8571525, 44.7793019], [18.8565571, 44.7791689], [18.8565152, 44.779157], [18.8564705, 44.7791471], [18.8564257, 44.7791431], [18.8561658, 44.7791233], [18.8561155, 44.7791253], [18.8560652, 44.7791352], [18.8560624, 44.7791074], [18.8560232, 44.7790876], [18.8557968, 44.7790221], [18.8557465, 44.7790181], [18.8556962, 44.7790102], [18.8556487, 44.7790102], [18.8555315, 44.7790048], [18.8554534, 44.7789907], [18.8551352, 44.7788946], [18.8540985, 44.7787845], [18.8539187, 44.7787417], [18.8537359, 44.7787073], [18.8535945, 44.7786716], [18.8535155, 44.7786631], [18.8534354, 44.7786765], [18.8533248, 44.7786982], [18.8532981, 44.7786821], [18.8531913, 44.7786716], [18.8530312, 44.7786414], [18.8527081, 44.77856], [18.8526389, 44.77856], [18.8524037, 44.7786274], [18.8519027, 44.7785144], [18.8517406, 44.7784204], [18.851621, 44.7783496], [18.8515143, 44.7783047], [18.8513997, 44.7782752], [18.8512623, 44.7782633], [18.851122, 44.7782612], [18.8508937, 44.7782486], [18.850615, 44.778231], [18.8504154, 44.7781861], [18.8503354, 44.778304], [18.8501377, 44.7783503], [18.8499628, 44.7783727], [18.8498412, 44.7783839], [18.8496683, 44.7783882], [18.8496594, 44.7783783], [18.8496475, 44.7783671], [18.8496367, 44.778358], [18.8496209, 44.7783524], [18.8496041, 44.7783475], [18.8495853, 44.778344], [18.8495675, 44.7783419], [18.8494993, 44.7783426], [18.8494825, 44.7783447], [18.8494667, 44.7783496], [18.8494538, 44.7783566], [18.849437, 44.7783587], [18.8494212, 44.778358], [18.8494054, 44.7783538], [18.8493698, 44.7783468], [18.8491307, 44.7784022], [18.8491159, 44.7784071], [18.8490289, 44.7784478], [18.8490002, 44.7784527], [18.8489844, 44.7784548], [18.8489686, 44.7784541], [18.8489528, 44.7784506], [18.848938, 44.7784457], [18.8489232, 44.7784408], [18.8489083, 44.7784323], [18.8488945, 44.7784246], [18.8488673, 44.7784127], [18.8488254, 44.7784246], [18.8487806, 44.7784286], [18.8487331, 44.7784266], [18.8486828, 44.7784286], [18.8486409, 44.7784385], [18.8483725, 44.7785556], [18.848121, 44.7786885], [18.8480092, 44.7787421], [18.8479672, 44.7787619], [18.8473355, 44.7791012], [18.8472377, 44.7791825], [18.8472293, 44.779248], [18.847075, 44.7793233], [18.8470225, 44.7793103], [18.8469538, 44.7792856], [18.84656, 44.7791532], [18.8462343, 44.779002], [18.8460543, 44.7788949], [18.8459603, 44.7788948], [18.8459059, 44.7788491], [18.8458761, 44.7788246], [18.8458396, 44.7788136], [18.8458178, 44.7787996], [18.8457731, 44.7787897], [18.8457255, 44.7787877], [18.8456752, 44.7787877], [18.8456249, 44.7787897], [18.8455802, 44.7787976], [18.8455383, 44.7788115], [18.8454963, 44.7788274], [18.8452867, 44.7789762], [18.844915, 44.779254], [18.8442218, 44.7797043], [18.8441659, 44.7797539], [18.8441379, 44.7797817], [18.8441155, 44.7798075], [18.8440988, 44.7798432], [18.8440848, 44.779873], [18.8440736, 44.7799047], [18.8440624, 44.7799345], [18.8440568, 44.7799682], [18.844054, 44.7800059], [18.844054, 44.7800734], [18.8440596, 44.7801051], [18.8440568, 44.7801408], [18.844054, 44.7801746], [18.8440485, 44.7802063], [18.8440345, 44.780238], [18.8440289, 44.780371], [18.8440149, 44.7804027], [18.8439898, 44.7804305], [18.8439618, 44.7804563], [18.8439199, 44.7805178], [18.8438807, 44.7805476], [18.8438668, 44.7805773], [18.8438528, 44.7806091], [18.8438444, 44.7806408], [18.843836, 44.7806745], [18.8438081, 44.780736], [18.8437969, 44.7807678], [18.8437885, 44.7808015], [18.8437857, 44.7808352], [18.8437857, 44.7809086], [18.8437885, 44.7809404], [18.8437885, 44.7810078], [18.8437941, 44.7810436], [18.8437969, 44.7810753], [18.8437997, 44.781109], [18.8438081, 44.7811428], [18.8438193, 44.7811745], [18.8438276, 44.7812082], [18.8438444, 44.78124], [18.8438696, 44.7812697], [18.8439171, 44.7813293], [18.843945, 44.781357], [18.8439702, 44.7813848], [18.8439981, 44.7814106], [18.8440317, 44.7814364], [18.844068, 44.7814582], [18.8441267, 44.7814939], [18.8441491, 44.7815197], [18.8441686, 44.7815475], [18.844191, 44.7815773], [18.8442134, 44.781605], [18.8442357, 44.7816348], [18.8442665, 44.7816626], [18.844301, 44.7816818], [18.8443273, 44.781705], [18.8443503, 44.7817816], [18.8443671, 44.7818153], [18.8443839, 44.7818471], [18.8443979, 44.7818788], [18.8444006, 44.7819106], [18.844409, 44.7819423], [18.8444286, 44.7819721], [18.8444426, 44.7820038], [18.844444, 44.7820564], [18.8444356, 44.7821129], [18.8443727, 44.7822091], [18.844314, 44.7823331], [18.8442986, 44.782353], [18.8442427, 44.7824958], [18.8441756, 44.7825702], [18.8441393, 44.7825742], [18.8441155, 44.7825811], [18.8440037, 44.7826079], [18.8439786, 44.7826109], [18.8439339, 44.7826149], [18.8438807, 44.7826099], [18.8438374, 44.782599], [18.8438137, 44.782595], [18.8437857, 44.782595], [18.843762, 44.782596], [18.8437396, 44.782599], [18.84372, 44.7826089], [18.8437005, 44.7826208], [18.8436809, 44.7826307], [18.8436571, 44.7826397], [18.8436334, 44.7826436], [18.8436096, 44.7826416], [18.8435845, 44.7826377], [18.8435607, 44.7826327], [18.8435383, 44.7826238], [18.843516, 44.7826139], [18.8434936, 44.7826059], [18.8434713, 44.7826079], [18.8434489, 44.7826139], [18.8434321, 44.7826248], [18.8434196, 44.7826387], [18.8434112, 44.7826545], [18.8434056, 44.7826714], [18.8433972, 44.7826873], [18.843386, 44.7827012], [18.8433762, 44.782716], [18.8433581, 44.782727], [18.8433371, 44.7827319], [18.8433119, 44.7827329], [18.8432896, 44.7827299], [18.84327, 44.782722], [18.843256, 44.7827071], [18.8432309, 44.7826764], [18.8432183, 44.7826595], [18.8432085, 44.7826426], [18.8432057, 44.7826258], [18.8432001, 44.7826099], [18.8431917, 44.782594], [18.8431834, 44.7825782], [18.8431652, 44.7825663], [18.8431386, 44.7825643], [18.8431163, 44.7825663], [18.8430897, 44.7825742], [18.8430702, 44.7825811], [18.8430534, 44.782592], [18.8430366, 44.7826059], [18.8430282, 44.7826218], [18.8430226, 44.7826377], [18.8430198, 44.7826536], [18.8430184, 44.7827448], [18.8430254, 44.7827775], [18.8430282, 44.7827944], [18.8430268, 44.7828113], [18.8430212, 44.7828271], [18.8430143, 44.782842], [18.8430045, 44.7828579], [18.8429905, 44.7828718], [18.8429709, 44.7828837], [18.8429486, 44.7828896], [18.8429262, 44.7828906], [18.8429024, 44.7828906], [18.8428801, 44.7828946], [18.8428605, 44.7829015], [18.8428438, 44.7829154], [18.8428354, 44.7829313], [18.8428298, 44.7829462], [18.8428214, 44.7829611], [18.842806, 44.7829749], [18.8427851, 44.7829839], [18.8427627, 44.7829878], [18.8427403, 44.7829878], [18.8427152, 44.7829849], [18.8426928, 44.7829829], [18.8426719, 44.7829749], [18.8426537, 44.782963], [18.8426411, 44.7829482], [18.8426327, 44.7829323], [18.8426299, 44.7829134], [18.8426299, 44.7828966], [18.8426355, 44.7828777], [18.8426439, 44.7828599], [18.8426537, 44.782842], [18.8426635, 44.7828252], [18.8426705, 44.7828083], [18.842676, 44.7827914], [18.8426788, 44.7827736], [18.8426774, 44.7827557], [18.8426705, 44.7827389], [18.8426565, 44.782725], [18.8426341, 44.782716], [18.8426118, 44.7827101], [18.8423881, 44.7826962], [18.8423616, 44.7827002], [18.8423406, 44.7827061], [18.8423183, 44.7827121], [18.8422973, 44.782721], [18.8422777, 44.7827309], [18.8422666, 44.7827458], [18.8422596, 44.7827617], [18.8422512, 44.7827775], [18.8422414, 44.7827924], [18.8422302, 44.7828063], [18.8422162, 44.7828202], [18.8421967, 44.7828301], [18.8421785, 44.782839], [18.8421561, 44.782849], [18.8421198, 44.7828708], [18.8421016, 44.7828847], [18.8420835, 44.7828956], [18.8420681, 44.7829095], [18.8420569, 44.7829244], [18.8420541, 44.7829422], [18.8420541, 44.7829591], [18.8420597, 44.7829759], [18.8420681, 44.7829918], [18.8420779, 44.7830057], [18.8420974, 44.7830365], [18.8421044, 44.7830533], [18.8421114, 44.7830702], [18.8421114, 44.783087], [18.8421058, 44.7831029], [18.8420933, 44.7831168], [18.8420737, 44.7831287], [18.8420527, 44.7831337], [18.8420066, 44.7831356], [18.8419856, 44.7831406], [18.8419619, 44.7831456], [18.8419395, 44.7831515], [18.8419172, 44.7831595], [18.8418948, 44.7831694], [18.8418543, 44.7831872], [18.8418305, 44.7831922], [18.8418068, 44.7831932], [18.8417816, 44.7831932], [18.8417564, 44.7831892], [18.8417131, 44.7831743], [18.8416936, 44.7831654], [18.8416754, 44.7831535], [18.8416586, 44.7831406], [18.8416418, 44.7831287], [18.8416251, 44.7831138], [18.8416125, 44.7830811], [18.8416125, 44.7830622], [18.8416153, 44.7830444], [18.8416279, 44.7830295], [18.8416432, 44.7830146], [18.8416838, 44.7829938], [18.8417075, 44.7829859], [18.8417327, 44.7829769], [18.8417788, 44.782963], [18.8418026, 44.7829531], [18.8418221, 44.7829442], [18.8418291, 44.7829273], [18.8418263, 44.7829085], [18.8418179, 44.7828926], [18.841804, 44.7828777], [18.841783, 44.7828688], [18.8417606, 44.7828688], [18.8417383, 44.7828748], [18.8414783, 44.7829769], [18.8414546, 44.7829809], [18.841407, 44.7829799], [18.8413819, 44.7829759], [18.8413623, 44.782969], [18.841347, 44.7829551], [18.8413358, 44.7829412], [18.8413274, 44.7829244], [18.8413218, 44.7829075], [18.8413176, 44.7828896], [18.8413176, 44.7828728], [18.841319, 44.7828539], [18.8413064, 44.7828083], [18.8412994, 44.7827924], [18.8412855, 44.7827785], [18.8412645, 44.7827686], [18.8412407, 44.7827686], [18.841217, 44.7827716], [18.8411974, 44.7827805], [18.8411625, 44.7828043], [18.8411471, 44.7828172], [18.8411317, 44.7828291], [18.8410996, 44.7828539], [18.8410646, 44.7828738], [18.8410451, 44.7828817], [18.8410227, 44.7828877], [18.8409948, 44.7828916], [18.8409724, 44.7828906], [18.84095, 44.7828857], [18.8409291, 44.7828787], [18.8409109, 44.7828688], [18.8408955, 44.7828559], [18.8408913, 44.7828371], [18.8409039, 44.7828222], [18.8409221, 44.7828113], [18.8409417, 44.7828004], [18.8409612, 44.7827895], [18.840971, 44.7827736], [18.8409752, 44.7827557], [18.8409822, 44.7827369], [18.8409878, 44.782719], [18.8409934, 44.7827022], [18.8409976, 44.7826843], [18.8410045, 44.7826674], [18.8410115, 44.7826516], [18.8410255, 44.7826357], [18.8410395, 44.7826218], [18.8410353, 44.7826049], [18.8410227, 44.7825901], [18.8410045, 44.7825792], [18.8409808, 44.7825742], [18.8409584, 44.7825742], [18.8409305, 44.7825772], [18.8409109, 44.7825831], [18.8408927, 44.782594], [18.8408746, 44.782603], [18.8406188, 44.7828172], [18.8406034, 44.7828291], [18.8405839, 44.782839], [18.8405629, 44.782847], [18.8405406, 44.7828529], [18.8405154, 44.7828529], [18.8404888, 44.782851], [18.8404651, 44.782845], [18.8404455, 44.7828371], [18.8404288, 44.7828232], [18.8404218, 44.7828073], [18.8404246, 44.7827904], [18.8404274, 44.7827736], [18.8404329, 44.7827557], [18.8404385, 44.7827389], [18.8404567, 44.7826883], [18.8404567, 44.7826714], [18.8404511, 44.7826545], [18.8404385, 44.7826407], [18.840419, 44.7826297], [18.840398, 44.7826208], [18.840377, 44.7826139], [18.8403547, 44.7826049], [18.8403435, 44.7825891], [18.8403449, 44.7825712], [18.8403533, 44.7825544], [18.8403645, 44.7825375], [18.8403728, 44.7825206], [18.8403784, 44.7825028], [18.8403798, 44.7824849], [18.8403784, 44.7824681], [18.8403701, 44.7824522], [18.8403533, 44.7824403], [18.8403128, 44.7824185], [18.8402918, 44.7824125], [18.8402694, 44.7824145], [18.8402513, 44.7824224], [18.8402499, 44.7824393], [18.8402499, 44.7824561], [18.8402485, 44.782473], [18.8402443, 44.7824899], [18.8402345, 44.7825057], [18.8402233, 44.7825196], [18.8402093, 44.7825335], [18.840194, 44.7825464], [18.8401772, 44.7825583], [18.8401618, 44.7825702], [18.8401436, 44.7825811], [18.8401045, 44.7826], [18.8400836, 44.7826079], [18.8400626, 44.7826139], [18.8400388, 44.7826198], [18.8400179, 44.7826248], [18.8399969, 44.7826297], [18.8399731, 44.7826337], [18.8399228, 44.7826337], [18.8399005, 44.7826327], [18.8398725, 44.7826297], [18.8398516, 44.7826208], [18.8398334, 44.7826099], [18.8397984, 44.7825841], [18.8397859, 44.7825672], [18.8397803, 44.7825494], [18.8397803, 44.7825305], [18.8397831, 44.7824958], [18.8397966, 44.7824416], [18.8398036, 44.782429], [18.8398134, 44.7824177], [18.8398273, 44.7824086], [18.8398421, 44.7824023], [18.8398599, 44.7823967], [18.8398777, 44.7823939], [18.839931, 44.7823939], [18.8399478, 44.7823925], [18.8400002, 44.7823798], [18.840017, 44.7823721], [18.840021, 44.7823595], [18.840016, 44.7823343], [18.8400121, 44.7823223], [18.8400071, 44.7823104], [18.8400022, 44.7822985], [18.8399864, 44.7822767], [18.8399735, 44.782269], [18.8399587, 44.7822634], [18.8399439, 44.7822585], [18.8399291, 44.7822536], [18.8399133, 44.7822494], [18.8398955, 44.7822445], [18.8398797, 44.7822417], [18.8398283, 44.7822375], [18.8398134, 44.7822311], [18.8397986, 44.7822255], [18.8397808, 44.7822234], [18.839764, 44.7822234], [18.8397482, 44.7822248], [18.8397324, 44.7822283], [18.8397176, 44.7822318], [18.8397047, 44.7822396], [18.8396879, 44.7822445], [18.8396771, 44.7822522], [18.8396672, 44.7822613], [18.8396613, 44.7822725], [18.8396603, 44.7822964], [18.8396553, 44.7823076], [18.8396464, 44.7823174], [18.8396306, 44.7823209], [18.839598, 44.7823244], [18.8395802, 44.7823272], [18.8395634, 44.78233], [18.8394982, 44.7823385], [18.8394478, 44.7823504], [18.8393974, 44.7823721], [18.8393262, 44.7824037], [18.8393134, 44.7824114], [18.8392887, 44.7824282], [18.8392808, 44.7824388], [18.8392709, 44.7824479], [18.8392571, 44.7824535], [18.8392383, 44.7824563], [18.8392215, 44.7824591], [18.8392047, 44.7824598], [18.8391879, 44.7824598], [18.8391721, 44.7824591], [18.8391563, 44.7824549], [18.8391414, 44.7824493], [18.839095, 44.782429], [18.8390663, 44.7824128], [18.8390555, 44.782403], [18.8390426, 44.7823777], [18.8390357, 44.7823279], [18.8390367, 44.7822873], [18.8390387, 44.7822739], [18.8390436, 44.782262], [18.8390555, 44.7822522], [18.8390703, 44.7822473], [18.8390881, 44.7822438], [18.8391059, 44.7822431], [18.8391237, 44.7822438], [18.839178, 44.7822522], [18.8391948, 44.7822543], [18.8392106, 44.7822578], [18.8392452, 44.7822585], [18.839261, 44.782255], [18.8392669, 44.7822438], [18.839266, 44.7822311], [18.8392314, 44.7820817], [18.8392254, 44.7820698], [18.8392136, 44.7820614], [18.8391988, 44.7820544], [18.839182, 44.7820509], [18.8391661, 44.7820502], [18.8389695, 44.7820249], [18.8390268, 44.7818966], [18.8390258, 44.7818832], [18.8390238, 44.7818706], [18.839013, 44.7818615], [18.8389991, 44.7818545], [18.8389833, 44.7818503], [18.8389675, 44.7818489], [18.8387343, 44.7818601], [18.8387975, 44.7811951], [18.838756, 44.7811727], [18.8387284, 44.78116], [18.8387066, 44.7811418], [18.8386908, 44.7811208], [18.838671, 44.7811025], [18.8386414, 44.7810871], [18.8386098, 44.7810857], [18.8385446, 44.7810885], [18.838511, 44.7810885], [18.8384754, 44.7810857], [18.8384438, 44.7810801], [18.8384141, 44.7810703], [18.8383884, 44.7810562], [18.838337, 44.7810254], [18.8383074, 44.7810099], [18.8382777, 44.7809987], [18.8382481, 44.7809917], [18.8382165, 44.7809903], [18.8381829, 44.7809903], [18.8381493, 44.7809931], [18.8381157, 44.7809945], [18.8380504, 44.7809945], [18.8380149, 44.7809903], [18.8379832, 44.7809847], [18.837831, 44.7809699], [18.8378192, 44.7809187], [18.8376561, 44.7808009], [18.8376453, 44.7807911], [18.8376393, 44.7807799], [18.8376344, 44.7807679], [18.8376136, 44.780514], [18.8377144, 44.7803856], [18.8377144, 44.7803702], [18.8376245, 44.7802222], [18.837747, 44.7801514], [18.8377599, 44.7801415], [18.8377708, 44.7801303], [18.8377797, 44.7801191], [18.8377856, 44.7801072], [18.8377905, 44.7800945], [18.8377935, 44.7800826], [18.8377925, 44.7800707], [18.8377876, 44.7800588], [18.8377806, 44.7800468], [18.8377727, 44.7800356], [18.8377589, 44.7800272], [18.8377421, 44.7800237], [18.8377253, 44.7800244], [18.8376947, 44.7800307], [18.8376798, 44.7800349], [18.837664, 44.7800384], [18.8376482, 44.7800447], [18.8376334, 44.780051], [18.8376166, 44.7800553], [18.8376008, 44.7800574], [18.837585, 44.7800538], [18.8375761, 44.780044], [18.8375751, 44.7800314], [18.837581, 44.7800202], [18.8375889, 44.780009], [18.8375889, 44.7799956], [18.8375957, 44.779975], [18.8374741, 44.7796575], [18.837284, 44.7795424], [18.8371918, 44.7794452], [18.837175, 44.7794333], [18.837154, 44.7794204], [18.8371317, 44.7794115], [18.8371093, 44.7794065], [18.8370856, 44.7794026], [18.8370618, 44.7794016], [18.8366132, 44.7794125], [18.8365852, 44.7794115], [18.8365335, 44.7794035], [18.8365125, 44.7793966], [18.836493, 44.7793877], [18.836472, 44.7793758], [18.8364566, 44.7793619], [18.8364455, 44.779348], [18.8364413, 44.7793301], [18.8364427, 44.7793133], [18.8364511, 44.7792964], [18.8364636, 44.7792825], [18.8364832, 44.7792716], [18.836507, 44.7792637], [18.8365279, 44.7792567], [18.8365503, 44.7792518], [18.8365726, 44.7792468], [18.8365978, 44.7792428], [18.8366244, 44.7792379], [18.8366453, 44.779227], [18.8366579, 44.7792111], [18.8366579, 44.7791774], [18.8366525, 44.7791624], [18.836468, 44.7791252], [18.8364596, 44.779087], [18.8364617, 44.7790444], [18.8364275, 44.7790136], [18.8364242, 44.7789394], [18.8364934, 44.7787549], [18.8364934, 44.7786181], [18.8363886, 44.7786216], [18.8362206, 44.7785645], [18.8362206, 44.7785168], [18.8362266, 44.7784915], [18.8362384, 44.7784677], [18.8362483, 44.7784438], [18.8362483, 44.77842], [18.8362424, 44.7783961], [18.8362147, 44.7783513], [18.8362009, 44.7783302], [18.8361791, 44.778312], [18.8361495, 44.7782979], [18.8361218, 44.7782881], [18.8360876, 44.7782744], [18.836068, 44.7782635], [18.8360498, 44.7782526], [18.8360359, 44.7782377], [18.8360275, 44.7782208], [18.8360247, 44.778204], [18.8360275, 44.7781861], [18.83604, 44.7781712], [18.8360582, 44.7781593], [18.8360694, 44.7781444], [18.8360722, 44.7781276], [18.8360708, 44.7781107], [18.8360666, 44.7780938], [18.836061, 44.778077], [18.836054, 44.7780611], [18.8360456, 44.7780452], [18.8360456, 44.7780284], [18.8360498, 44.7780115], [18.8360778, 44.7779827], [18.8360904, 44.7779688], [18.8360973, 44.777953], [18.8360959, 44.7779361], [18.8360792, 44.7778806], [18.836041, 44.7778186], [18.8360117, 44.7777908], [18.8359628, 44.7777522], [18.8359292, 44.7777224], [18.8359236, 44.7776708], [18.8359502, 44.777644], [18.8359586, 44.7775924], [18.8359502, 44.7775131], [18.8359195, 44.7774347], [18.8358733, 44.7773067], [18.8358635, 44.7772274], [18.8358608, 44.77714], [18.8358524, 44.7770904], [18.8358118, 44.7770438], [18.8357154, 44.7769664], [18.8356609, 44.7769089], [18.8356777, 44.7768861], [18.835693, 44.7768623], [18.8356972, 44.7768395], [18.8356861, 44.7768027], [18.8356497, 44.776768], [18.8356078, 44.7767512], [18.835577, 44.7767323], [18.8355379, 44.7766906], [18.8355016, 44.7766182], [18.8354485, 44.7765448], [18.8353283, 44.776395], [18.8353192, 44.7763593], [18.8353157, 44.7763221], [18.8353031, 44.7763008], [18.8352801, 44.7762779], [18.8352311, 44.7762457], [18.835185, 44.7762194], [18.8351145, 44.7761986], [18.8350662, 44.7761916], [18.8350005, 44.7761926], [18.8349523, 44.7761971], [18.8349202, 44.7761966], [18.8348943, 44.7761882], [18.8348734, 44.7761634], [18.834865, 44.7761381], [18.8348685, 44.7761063], [18.834888, 44.776082], [18.8349195, 44.7760512], [18.8349558, 44.7760359], [18.8349607, 44.7759922], [18.8349377, 44.775954], [18.8349041, 44.7759203], [18.8347923, 44.7758697], [18.8347727, 44.7758707], [18.8347245, 44.7758821], [18.8346735, 44.775899], [18.8346463, 44.7759019], [18.8345442, 44.7758895], [18.8345638, 44.7758201], [18.8344597, 44.7758206], [18.834387, 44.7758821], [18.8343619, 44.7758985], [18.8343269, 44.775899], [18.8342612, 44.7758781], [18.8341976, 44.7758399], [18.8341494, 44.7757759], [18.8341019, 44.775707], [18.8340816, 44.7757035], [18.8340202, 44.7756891], [18.8339705, 44.7756822], [18.8339314, 44.7756827], [18.8338902, 44.7756876], [18.833835, 44.7756876], [18.833784, 44.7756663], [18.833749, 44.7756237], [18.8337316, 44.7755542], [18.8337295, 44.7755096], [18.8337399, 44.7754431], [18.8337256, 44.7754114], [18.8335398, 44.7753455], [18.8334983, 44.7752894], [18.833439, 44.7752038], [18.8333619, 44.775128], [18.8332927, 44.7750859], [18.8332354, 44.7750677], [18.8331445, 44.7750677], [18.8330872, 44.7750509], [18.8330457, 44.7750242], [18.8329211, 44.7750046], [18.8327927, 44.7749863], [18.8326247, 44.7749849], [18.8325081, 44.7749975], [18.8323084, 44.7750635], [18.8322057, 44.7750972], [18.8321029, 44.7751547], [18.8319804, 44.7752122], [18.8318677, 44.7752431], [18.831757, 44.7752782], [18.8316582, 44.7753146], [18.8315396, 44.7753455], [18.8314151, 44.775389], [18.8313479, 44.7753904], [18.8312629, 44.7753848], [18.8311463, 44.7753693], [18.8310237, 44.7753413], [18.8308241, 44.7752753], [18.830668, 44.775222], [18.8304486, 44.7751224], [18.8303498, 44.7750565], [18.8301976, 44.7749751], [18.8300968, 44.7749456], [18.829909, 44.7749358], [18.82983, 44.7749316], [18.8297726, 44.7749134], [18.8297074, 44.7748783], [18.829662, 44.774853], [18.8295888, 44.7748558], [18.8295473, 44.774853], [18.8295038, 44.7748306], [18.8294525, 44.774818], [18.829405, 44.7748194], [18.8293378, 44.7748067], [18.8292766, 44.7747745], [18.8292094, 44.7747366], [18.8291184, 44.7747127], [18.828986, 44.7747057], [18.8288971, 44.7747632], [18.8288654, 44.7746299], [18.828818, 44.7743718], [18.8288002, 44.774268], [18.8287409, 44.7741276], [18.8286816, 44.7739901], [18.8286382, 44.7738526], [18.8283259, 44.773471], [18.8282626, 44.773377], [18.8282409, 44.7733307], [18.8281361, 44.7731511], [18.828144, 44.7729673], [18.828148, 44.7728368], [18.8280926, 44.7724678], [18.8280116, 44.7721703], [18.8279266, 44.7718378], [18.8279148, 44.7716231], [18.8280946, 44.7715081], [18.8281697, 44.7714014], [18.828229, 44.7712723], [18.8283022, 44.771198], [18.8283694, 44.7711306], [18.8284622, 44.7710268], [18.8285275, 44.7709187], [18.8285512, 44.7708331], [18.8285294, 44.7707447], [18.8284385, 44.7706157], [18.8283397, 44.7704936], [18.8282231, 44.7704122], [18.8280472, 44.7703336], [18.8279741, 44.7702424], [18.8279088, 44.7701947], [18.8277883, 44.7699898], [18.8277428, 44.7698467], [18.8278614, 44.7697962], [18.8279681, 44.769691], [18.8281045, 44.7694328], [18.8281559, 44.769357], [18.8282922, 44.7691872], [18.828324, 44.7691222], [18.827476, 44.7690107], [18.8272867, 44.7689668], [18.827153, 44.768921], [18.8268349, 44.7688213], [18.8266534, 44.7687669], [18.8265311, 44.7687135], [18.8264769, 44.7686934], [18.8264011, 44.7686546], [18.8263069, 44.7686062], [18.8262417, 44.7685641], [18.8261352, 44.7684862], [18.8260071, 44.7684049], [18.8259105, 44.7683364], [18.8258382, 44.7682865], [18.8257961, 44.7682615], [18.825726, 44.7682162], [18.8255452, 44.7681352], [18.8254563, 44.7680969], [18.825359, 44.7680578], [18.8251727, 44.7679772], [18.8251177, 44.7679544], [18.825067, 44.767934], [18.8249619, 44.7678977], [18.8248555, 44.767866], [18.8246816, 44.7678258], [18.8244906, 44.7678011], [18.8242432, 44.7677859], [18.8240306, 44.7677804], [18.8238774, 44.7677716], [18.8236185, 44.7677937], [18.8235572, 44.767803], [18.823494, 44.7678118], [18.8233924, 44.7678371], [18.8232479, 44.767893], [18.8231429, 44.76793], [18.8230233, 44.7679721], [18.8228516, 44.7680183], [18.8226753, 44.7680533], [18.8225057, 44.7680842], [18.8223306, 44.7680883], [18.8221753, 44.7680812], [18.8220429, 44.768075], [18.8219842, 44.7680708], [18.8218729, 44.7680644], [18.8217878, 44.7680514], [18.8216494, 44.7680282], [18.8215229, 44.7680113], [18.8213021, 44.7679493], [18.8210661, 44.7678644], [18.8207217, 44.7677382], [18.820463, 44.7676422], [18.8203921, 44.767618], [18.8202911, 44.7675912], [18.8202164, 44.7675707], [18.8201651, 44.7675553], [18.8200346, 44.7675146], [18.8198587, 44.7674655], [18.8197283, 44.7674094], [18.8196675, 44.7673777], [18.819614, 44.7673487], [18.8194895, 44.7672757], [18.8193141, 44.7671759], [18.8192683, 44.7671502], [18.8192158, 44.7671251], [18.8191324, 44.7670799], [18.8190167, 44.7670628], [18.8189179, 44.76706], [18.8188151, 44.7670347], [18.8187479, 44.7669631], [18.8186254, 44.7669028], [18.818661, 44.7668074], [18.8186965, 44.7667035], [18.8187461, 44.76661], [18.8187934, 44.7664973], [18.818914, 44.7662699], [18.8189831, 44.7660454], [18.8192011, 44.7649864], [18.819366, 44.7647443], [18.8195281, 44.7646689], [18.8197937, 44.7644288], [18.8200005, 44.7642839], [18.8200201, 44.7642502], [18.8200229, 44.7642045], [18.820157, 44.764006], [18.8203611, 44.7637897], [18.8206797, 44.7633571], [18.8207524, 44.7632975], [18.8207878, 44.7631906], [18.8210017, 44.7630601], [18.8211248, 44.7629511], [18.8214926, 44.7624411], [18.8217208, 44.7619021], [18.8217369, 44.7616097], [18.8218528, 44.7612759], [18.8219927, 44.7610864], [18.8220198, 44.7607026], [18.8220515, 44.7602037], [18.8224112, 44.758789], [18.8224873, 44.7583764], [18.8224666, 44.7583764], [18.8224073, 44.7583947], [18.8223242, 44.7584227], [18.8222195, 44.7584389], [18.8221276, 44.7584396], [18.8220634, 44.7584396], [18.8220139, 44.7584452], [18.8219586, 44.7584697], [18.8219171, 44.7584915], [18.8218677, 44.7585076], [18.8218163, 44.7585055], [18.8217619, 44.7584964], [18.8217046, 44.7584578], [18.8216611, 44.7584185], [18.8216335, 44.7583687], [18.8216078, 44.7583301], [18.8215979, 44.7583006], [18.8216147, 44.7582712], [18.8217076, 44.7582115], [18.8217847, 44.7581813], [18.8217985, 44.7581806], [18.8218212, 44.7581848], [18.8218519, 44.7582024], [18.8218954, 44.7582171], [18.8219458, 44.7582241], [18.8219734, 44.7582143], [18.8219932, 44.7581869], [18.8219882, 44.7581687], [18.8219398, 44.7581441], [18.8219141, 44.7580971], [18.8218756, 44.7580031], [18.8218371, 44.7578796], [18.8218094, 44.7578719], [18.8217738, 44.7578712], [18.8217432, 44.7578817], [18.8217372, 44.7579084], [18.8217382, 44.7579582], [18.8217106, 44.7580164], [18.821677, 44.7580501], [18.8216325, 44.7580698], [18.8215791, 44.7580684], [18.8215811, 44.7580936], [18.8215939, 44.7581168], [18.8216157, 44.7581343], [18.8216325, 44.7581603], [18.8216345, 44.7581855], [18.8216196, 44.7582066], [18.821593, 44.7582143], [18.8215406, 44.7582101], [18.8214941, 44.7582066], [18.8214289, 44.7581785], [18.8213558, 44.7581287], [18.8213271, 44.758095], [18.8213212, 44.7580592], [18.8213331, 44.7580122], [18.8213597, 44.7579603], [18.8213884, 44.7579091], [18.8214091, 44.7578529], [18.8214062, 44.7578024], [18.8213835, 44.7577596], [18.8213568, 44.7577442], [18.8213212, 44.7577456], [18.8212767, 44.7577659], [18.8212323, 44.7578059], [18.8211987, 44.7578768], [18.82117, 44.7579287], [18.8211443, 44.7579863], [18.8211403, 44.7580171], [18.8211344, 44.7580361], [18.8211077, 44.7580522], [18.8210475, 44.7580726], [18.8209891, 44.7580971], [18.8209684, 44.7581168], [18.8209476, 44.7581147], [18.8209032, 44.7581091], [18.8208607, 44.7580957], [18.8208162, 44.7580824], [18.8207707, 44.7580845], [18.8206887, 44.7581098], [18.8205909, 44.7581617], [18.8205217, 44.7582094], [18.8204644, 44.7582719], [18.8204268, 44.758295], [18.820334, 44.7583357], [18.8202895, 44.7583406], [18.8202411, 44.7583364], [18.8202025, 44.7583182], [18.8201857, 44.7583006], [18.8201877, 44.7582726], [18.8201926, 44.7582487], [18.8201837, 44.7582319], [18.8201571, 44.7582255], [18.8201235, 44.7582248], [18.8200918, 44.758234], [18.8200533, 44.7582641], [18.8200118, 44.7582901], [18.8199624, 44.758302], [18.8199219, 44.7582964], [18.8198892, 44.7582803], [18.8198586, 44.7582452], [18.8198487, 44.7581912], [18.8198527, 44.758121], [18.8198398, 44.7580375], [18.819823, 44.7580143], [18.8197914, 44.7579848], [18.8197578, 44.7579308], [18.8197371, 44.7578873], [18.8197203, 44.7578515], [18.8197035, 44.7578347], [18.8196788, 44.7578291], [18.819658, 44.7578361], [18.8196481, 44.7578473], [18.8196402, 44.7578747], [18.8196461, 44.7579109], [18.8196461, 44.7579506], [18.8196364, 44.7579903], [18.8195707, 44.7580389], [18.8194924, 44.7580657], [18.8194113, 44.7580657], [18.8193485, 44.7580538], [18.8192744, 44.7580151], [18.8192492, 44.7579625], [18.819245, 44.7579238], [18.8192436, 44.7578513], [18.8192381, 44.7577829], [18.8191891, 44.7576628], [18.8191235, 44.7575546], [18.8190564, 44.757498], [18.8190088, 44.7574574], [18.8189725, 44.7574454], [18.8189236, 44.7574554], [18.8188915, 44.7574881], [18.8188747, 44.7575219], [18.8188719, 44.7575804], [18.8188845, 44.7576519], [18.8188873, 44.7577342], [18.81883, 44.7578503], [18.818788, 44.7578861], [18.818236, 44.7578126], [18.8182136, 44.7581322], [18.8181787, 44.7583049], [18.8180934, 44.7585351], [18.8180557, 44.7586443], [18.8179193, 44.7586452], [18.8177464, 44.7586372], [18.8174112, 44.7584834], [18.8172899, 44.7584392], [18.8171412, 44.7583776], [18.8169446, 44.7583108], [18.8165729, 44.7582245], [18.8163083, 44.7581703], [18.8161066, 44.7581277], [18.8158951, 44.7580607], [18.8154815, 44.7579061], [18.8151819, 44.7577902], [18.8149248, 44.7576463], [18.8147966, 44.7575705], [18.8146582, 44.7574663], [18.8144556, 44.7573194], [18.8141441, 44.7571467], [18.8139213, 44.7570299], [18.8136771, 44.756915], [18.8134669, 44.7568565], [18.8133495, 44.7568632], [18.8131574, 44.7568877], [18.8130517, 44.7568902], [18.8128947, 44.7569032], [18.8128414, 44.7568897], [18.8127561, 44.7568669], [18.812615, 44.7568133], [18.8125353, 44.7567746], [18.8124514, 44.7566952], [18.8123257, 44.7565126], [18.8122296, 44.7563777], [18.8120335, 44.7561457], [18.8118393, 44.7560144], [18.8115151, 44.7558338], [18.8112272, 44.7556789], [18.8110483, 44.7555856], [18.8106569, 44.7554417], [18.8105285, 44.755422], [18.8104375, 44.7554105], [18.8103613, 44.7553976], [18.8102167, 44.7553777], [18.8133027, 44.7528901], [18.8161186, 44.7506559], [18.8163683, 44.7504577], [18.8204574, 44.7501216], [18.8217692, 44.7499775], [18.8255172, 44.7495657], [18.8306243, 44.7479655], [18.8332922, 44.7470379], [18.834375, 44.7452429], [18.8354257, 44.7440473], [18.8369976, 44.7426814], [18.8376052, 44.7410352], [18.8371421, 44.7384379], [18.8348785, 44.7356068], [18.8340769, 44.7324009], [18.8338686, 44.7315679], [18.829938, 44.7176022], [18.8289318, 44.7122949], [18.8267851, 44.7097682], [18.8205911, 44.7080995], [18.8144417, 44.7068758], [18.8051172, 44.705223], [18.7922747, 44.7033994], [18.7838517, 44.7022033], [18.7770952, 44.699881], [18.7600371, 44.6940175], [18.7522778, 44.6907269], [18.7458825, 44.6867685], [18.7445856, 44.6834457], [18.7424166, 44.6803772], [18.7419693, 44.677706], [18.7419235, 44.675092], [18.7418799, 44.6726017], [18.7411196, 44.6709956], [18.7407395, 44.6651433], [18.7385481, 44.6579384], [18.7334498, 44.6472646], [18.731728, 44.6439873], [18.7317056, 44.6388324]]]}}]}