{"type": "FeatureCollection", "features": [{"type": "Feature", "properties": {"name": "Општина Мркоњић Град / Opština Mrkonjić Grad, Република Српска / Republika Srpska, Bosna i Hercegovina / Босна и Херцеговина", "source": "OpenStreetMap relation 2528235", "licence": "ODbL 1.0"}, "geometry": {"type": "Polygon", "coordinates": [[[16.7877603, 44.2735491], [16.7953398, 44.2702894], [16.7975761, 44.2693276], [16.8014559, 44.2677401], [16.8091204, 44.264615], [16.813058, 44.2628782], [16.8128051, 44.2624203], [16.8161263, 44.2616395], [16.8182549, 44.2611421], [16.8203288, 44.2600669], [16.8237833, 44.2585147], [16.8251294, 44.2578701], [16.8280086, 44.2564878], [16.8285086, 44.2562663], [16.8286218, 44.2562302], [16.8288675, 44.2560205], [16.8290581, 44.2557896], [16.8292492, 44.2556168], [16.8293652, 44.2555183], [16.8295264, 44.255393], [16.8297366, 44.2551621], [16.8300629, 44.254775], [16.8302457, 44.2545146], [16.8302869, 44.254464], [16.8303296, 44.2544217], [16.830366, 44.2543929], [16.8304092, 44.2543654], [16.8304534, 44.2543373], [16.8305232, 44.2543063], [16.8306106, 44.2542676], [16.8306725, 44.2542225], [16.8307158, 44.2541613], [16.8307384, 44.2540959], [16.8307561, 44.2540205], [16.8307669, 44.2539389], [16.8307698, 44.2538671], [16.830774, 44.2537838], [16.8308191, 44.2537379], [16.8308887, 44.2537172], [16.8309275, 44.2536867], [16.8309188, 44.2536524], [16.8307103, 44.2534961], [16.8308879, 44.2534359], [16.8316129, 44.2532174], [16.8318114, 44.2531611], [16.8320887, 44.2530735], [16.8321268, 44.2529522], [16.8321866, 44.252904], [16.8322491, 44.2528666], [16.8323276, 44.2528537], [16.8323929, 44.2528607], [16.8324784, 44.2529005], [16.8325764, 44.2529602], [16.8326243, 44.2529637], [16.8326875, 44.2529269], [16.8329696, 44.2526432], [16.833019, 44.2526108], [16.8330815, 44.2525974], [16.8331322, 44.2526183], [16.8331857, 44.2526581], [16.8332775, 44.2527532], [16.8333296, 44.2527721], [16.8333782, 44.2527646], [16.8334005, 44.2527238], [16.8334102, 44.2525521], [16.8334303, 44.2525123], [16.8334519, 44.2524814], [16.8335026, 44.2524859], [16.8335533, 44.2525033], [16.8336089, 44.2524988], [16.8336589, 44.252466], [16.8337076, 44.252456], [16.8337562, 44.2524754], [16.8337889, 44.2525466], [16.8338299, 44.2526019], [16.8338771, 44.2525994], [16.8339605, 44.2525655], [16.8340362, 44.2525695], [16.8340849, 44.2525476], [16.8340904, 44.2525317], [16.8340932, 44.2525168], [16.8340925, 44.2524535], [16.8341259, 44.2524147], [16.834228, 44.2524073], [16.8342961, 44.2523879], [16.8343309, 44.252353], [16.8343482, 44.2523067], [16.8343788, 44.2522704], [16.8344921, 44.2522306], [16.8345595, 44.2521868], [16.8347033, 44.2520429], [16.8347325, 44.2519912], [16.8347443, 44.2518827], [16.8347443, 44.2518528], [16.8348172, 44.2518334], [16.8349833, 44.2518439], [16.8350667, 44.2518185], [16.8352272, 44.2517344], [16.8344885, 44.2506595], [16.8349012, 44.2505244], [16.835251, 44.2504399], [16.8355026, 44.2503892], [16.8353768, 44.2501921], [16.8353021, 44.2499979], [16.8353139, 44.2497867], [16.8354082, 44.2496572], [16.8354987, 44.2496009], [16.8361551, 44.2495164], [16.8362455, 44.2494939], [16.8365717, 44.2496544], [16.8369805, 44.2498036], [16.8373264, 44.2499641], [16.8376173, 44.2499697], [16.8376699, 44.2499472], [16.8377897, 44.2498501], [16.8379018, 44.2498233], [16.8380256, 44.2498134], [16.8381553, 44.2498163], [16.8382418, 44.2498078], [16.8383106, 44.2497909], [16.8383597, 44.2497684], [16.8386741, 44.2493813], [16.8387292, 44.2494094], [16.8387901, 44.2494108], [16.8388392, 44.24937], [16.8388707, 44.249294], [16.8389139, 44.2492447], [16.8390181, 44.2491799], [16.8391321, 44.2491419], [16.8392244, 44.2491265], [16.8392598, 44.2491152], [16.839476, 44.2489871], [16.8396588, 44.2489265], [16.8397846, 44.2488702], [16.8398671, 44.2488167], [16.8399064, 44.2487576], [16.839932, 44.2486985], [16.8399516, 44.2486225], [16.8400027, 44.248569], [16.8400597, 44.2485112], [16.8401874, 44.2484141], [16.8403172, 44.2483339], [16.84038, 44.2482635], [16.8403938, 44.2482072], [16.8403997, 44.2481396], [16.840437, 44.2480537], [16.8404862, 44.2480101], [16.8405176, 44.2479538], [16.8404901, 44.2479087], [16.8404233, 44.2479017], [16.8403565, 44.2479087], [16.8443652, 44.2450353], [16.8446543, 44.2453897], [16.844771, 44.2454256], [16.8445042, 44.2455968], [16.8443819, 44.245784], [16.8443819, 44.2459273], [16.844482, 44.2460826], [16.8448933, 44.2468631], [16.8450045, 44.2471379], [16.8450379, 44.2473768], [16.845049, 44.2475958], [16.8450879, 44.2478546], [16.8452102, 44.2481094], [16.8455104, 44.2484599], [16.845666, 44.2486351], [16.8458439, 44.2488899], [16.8460774, 44.2491169], [16.8463608, 44.2492562], [16.8464387, 44.2493836], [16.8464776, 44.2494911], [16.8465554, 44.2496265], [16.8467611, 44.2497141], [16.8469556, 44.2497181], [16.8470335, 44.2497101], [16.8482842, 44.2490173], [16.8602739, 44.2426668], [16.8719558, 44.2385892], [16.8722152, 44.2385218], [16.8729815, 44.2383227], [16.8864363, 44.2348268], [16.8953353, 44.2336665], [16.8887004, 44.2260958], [16.8865464, 44.2241804], [16.8864553, 44.2233659], [16.8865069, 44.2233362], [16.8867133, 44.2230636], [16.8869993, 44.2226862], [16.8912997, 44.2210758], [16.8965302, 44.2191051], [16.8979271, 44.2186154], [16.8993249, 44.2181357], [16.8984913, 44.2145575], [16.8989472, 44.2138204], [16.8993585, 44.2137726], [16.8988249, 44.2121669], [16.8989638, 44.2119438], [16.899075, 44.2118402], [16.8992473, 44.2117725], [16.8994363, 44.2117247], [16.8996031, 44.2116769], [16.8998366, 44.2116012], [16.9001622, 44.2114912], [16.9008972, 44.2112545], [16.901365, 44.2111193], [16.9017698, 44.2110235], [16.9021118, 44.2109925], [16.9023752, 44.2109897], [16.9025913, 44.2110235], [16.9033185, 44.2110263], [16.9035937, 44.210953], [16.9038727, 44.2109192], [16.9041557, 44.2109389], [16.9043994, 44.2110066], [16.904537, 44.2110995], [16.9046038, 44.2112094], [16.9046667, 44.2113249], [16.9047414, 44.2114123], [16.9048436, 44.2114461], [16.9050126, 44.211432], [16.9051502, 44.2113785], [16.9052131, 44.2113531], [16.9053074, 44.2113559], [16.9054214, 44.2113982], [16.9055393, 44.2114292], [16.9056376, 44.2114461], [16.9058263, 44.2114573], [16.9060228, 44.2114545], [16.9061997, 44.211401], [16.9063884, 44.211308], [16.9066203, 44.2111587], [16.9069386, 44.2108882], [16.9070345, 44.2108118], [16.9072165, 44.2107142], [16.9074125, 44.2106265], [16.9075362, 44.2105807], [16.9076084, 44.2105459], [16.907639, 44.210514], [16.9076376, 44.2104901], [16.9076265, 44.2104712], [16.9077502, 44.2104144], [16.9081977, 44.210244], [16.9085423, 44.2101544], [16.9090384, 44.2100508], [16.9092316, 44.2100368], [16.9094664, 44.2100349], [16.9096207, 44.2100438], [16.9097221, 44.2099661], [16.90985, 44.2099362], [16.9099153, 44.2101275], [16.9100293, 44.2103735], [16.9101232, 44.2104833], [16.910201, 44.2105729], [16.9103316, 44.2106446], [16.9105179, 44.2107323], [16.9107041, 44.210822], [16.9108709, 44.2109355], [16.9109931, 44.211055], [16.9110487, 44.2111108], [16.9111127, 44.2111407], [16.9111877, 44.2111347], [16.9112405, 44.2110451], [16.9113406, 44.2109335], [16.911449, 44.210812], [16.9115212, 44.2107124], [16.9115907, 44.2106427], [16.911713, 44.2105689], [16.9119993, 44.2104634], [16.912166, 44.2104235], [16.9124356, 44.2104135], [16.9130499, 44.2104135], [16.9133834, 44.2103518], [16.9136808, 44.2104554], [16.9138698, 44.2102741], [16.91422, 44.2101067], [16.9144785, 44.2099553], [16.9146397, 44.2098936], [16.914876, 44.2098079], [16.9150788, 44.2097481], [16.915354, 44.2097043], [16.9155263, 44.2096884], [16.915782, 44.2096685], [16.9159655, 44.2096685], [16.9159349, 44.2098657], [16.9159544, 44.2100649], [16.9159988, 44.2101984], [16.9160905, 44.2103438], [16.9162879, 44.2105132], [16.9164352, 44.2105829], [16.9166325, 44.2106187], [16.9168716, 44.2106247], [16.9170967, 44.2106466], [16.9173552, 44.2107223], [16.9174663, 44.2108239], [16.9175303, 44.2109654], [16.9174997, 44.2111009], [16.9174719, 44.2112383], [16.9174135, 44.2113459], [16.9173163, 44.2114336], [16.9171523, 44.211579], [16.9170661, 44.2117045], [16.917005, 44.211826], [16.9169526, 44.2118882], [16.9168827, 44.2119714], [16.916816, 44.2120432], [16.9167832, 44.2120667], [16.9166798, 44.2121408], [16.9165408, 44.2122364], [16.9164352, 44.2123739], [16.9164265, 44.212406], [16.9163796, 44.2125791], [16.916361, 44.2126495], [16.916349, 44.2126946], [16.9163546, 44.2127962], [16.9164018, 44.2128341], [16.9164713, 44.212838], [16.9166603, 44.2127942], [16.9168743, 44.2127444], [16.9170717, 44.2127066], [16.9172607, 44.2126986], [16.9174441, 44.2127265], [16.9176526, 44.212836], [16.9178638, 44.2130233], [16.9179722, 44.2131309], [16.918, 44.2132604], [16.9179972, 44.213354], [16.9180194, 44.2134556], [16.9181362, 44.2135592], [16.9183224, 44.2136448], [16.9184919, 44.2136927], [16.9190617, 44.2128022], [16.9215955, 44.2112318], [16.9234507, 44.2101837], [16.9240482, 44.2100316], [16.9248186, 44.2098062], [16.9252903, 44.2098231], [16.9267997, 44.2095695], [16.9270198, 44.2095357], [16.9282854, 44.2093159], [16.9296297, 44.2088877], [16.9305495, 44.2087186], [16.9312413, 44.2085383], [16.9320274, 44.2082453], [16.9328214, 44.2078959], [16.9336626, 44.2074564], [16.9351484, 44.2064928], [16.936021, 44.2058109], [16.9364219, 44.2054446], [16.9366342, 44.2054671], [16.9372552, 44.2050839], [16.937381, 44.2049881], [16.937326, 44.2045317], [16.9373967, 44.2043739], [16.9376404, 44.204233], [16.9382064, 44.2040414], [16.9395428, 44.2036187], [16.9397787, 44.2034666], [16.9405727, 44.2030044], [16.9418776, 44.2023845], [16.9432927, 44.2017533], [16.9437015, 44.2017082], [16.9446999, 44.2014152], [16.9448414, 44.2010714], [16.946052, 44.2004627], [16.9464765, 44.1999386], [16.9469875, 44.1997752], [16.947923, 44.1993018], [16.9481667, 44.199127], [16.9486777, 44.198958], [16.9490707, 44.1987213], [16.9493302, 44.198648], [16.9498254, 44.1985578], [16.9501477, 44.1984845], [16.9504465, 44.198276], [16.9509103, 44.198028], [16.9513348, 44.1978928], [16.9516571, 44.1979153], [16.9519165, 44.1978082], [16.9524825, 44.197363], [16.9529306, 44.1970981], [16.9533552, 44.196743], [16.9535517, 44.1963823], [16.9544715, 44.1962921], [16.9546208, 44.1964668], [16.9549667, 44.1964725], [16.9560123, 44.1967824], [16.9561695, 44.1969572], [16.956932, 44.1969121], [16.9573801, 44.1971488], [16.9577496, 44.1975264], [16.9580248, 44.1977068], [16.9581034, 44.1979717], [16.9581348, 44.1982591], [16.9580719, 44.1984564], [16.9579304, 44.1986423], [16.9576867, 44.1987945], [16.957726, 44.1992567], [16.9575216, 44.1994427], [16.9572937, 44.1992229], [16.9570736, 44.1992567], [16.9569792, 44.1998541], [16.9575845, 44.2003782], [16.9587952, 44.2006375], [16.9625529, 44.2003218], [16.9631032, 44.200181], [16.9659332, 44.1995046], [16.9716956, 44.1978195], [16.9710038, 44.2029594], [16.9707994, 44.2030495], [16.9699504, 44.2149844], [16.9705164, 44.2152774], [16.9691014, 44.2229622], [16.9647305, 44.2279647], [16.9624793, 44.2315021], [16.9622805, 44.2315477], [16.9623194, 44.2316353], [16.9619692, 44.2318066], [16.9618803, 44.2318942], [16.9618469, 44.231958], [16.961808, 44.2320416], [16.9617691, 44.2321014], [16.9613967, 44.2325076], [16.9614912, 44.2342242], [16.9621026, 44.2352319], [16.9622639, 44.2358293], [16.9624028, 44.23612], [16.9620582, 44.2365542], [16.9620304, 44.2366179], [16.9619915, 44.2366856], [16.9619581, 44.2367533], [16.9619248, 44.236817], [16.9619025, 44.2368847], [16.961897, 44.2369524], [16.9619025, 44.2370241], [16.9619025, 44.2372392], [16.9619303, 44.2373069], [16.9620193, 44.2374264], [16.9620693, 44.2374861], [16.9620971, 44.2375538], [16.962136, 44.2376175], [16.9622083, 44.2376613], [16.9622805, 44.2376972], [16.9623639, 44.237737], [16.9624417, 44.2377808], [16.9624973, 44.2378326], [16.9625307, 44.2378963], [16.9625418, 44.237964], [16.9638203, 44.2381711], [16.9638036, 44.2383981], [16.9636813, 44.2384977], [16.9636091, 44.2385494], [16.9635702, 44.2386092], [16.9635479, 44.2386809], [16.9635368, 44.2387525], [16.9635368, 44.2388919], [16.9635479, 44.2389636], [16.9635757, 44.2390353], [16.9636369, 44.2390911], [16.9637258, 44.239111], [16.9638759, 44.2393898], [16.963887, 44.2394575], [16.9639093, 44.2395212], [16.9639482, 44.2395929], [16.963976, 44.2396606], [16.9640593, 44.239788], [16.9641038, 44.2398517], [16.9641538, 44.2399115], [16.964215, 44.2399712], [16.9642706, 44.2400269], [16.9644651, 44.2401902], [16.9645485, 44.2402539], [16.9646208, 44.2402938], [16.964693, 44.2403376], [16.9648431, 44.2404212], [16.9649321, 44.240461], [16.9650099, 44.2405009], [16.9651211, 44.2405486], [16.96521, 44.2405885], [16.9652934, 44.2406243], [16.9653823, 44.2406601], [16.9654991, 44.2407119], [16.965588, 44.2407557], [16.9657548, 44.2408194], [16.9658548, 44.2408553], [16.9659549, 44.2408832], [16.9663384, 44.2410464], [16.9664719, 44.2411341], [16.9666164, 44.2412217], [16.9667831, 44.2413172], [16.9669277, 44.2414049], [16.9670722, 44.2415084], [16.9672723, 44.2416597], [16.9673946, 44.2417633], [16.9675169, 44.2418748], [16.9676392, 44.2419783], [16.9677837, 44.242058], [16.9679283, 44.2421456], [16.9680839, 44.2422172], [16.9682507, 44.242281], [16.9684285, 44.2423208], [16.9686287, 44.2423447], [16.9688177, 44.2423606], [16.9690067, 44.2423686], [16.9692068, 44.2423845], [16.9693847, 44.2423925], [16.9695737, 44.2424084], [16.9697738, 44.2424243], [16.9701295, 44.2424562], [16.9703185, 44.2424721], [16.9705075, 44.2425199], [16.9752436, 44.2453472], [16.9804133, 44.250022], [16.9805245, 44.2499742], [16.9807135, 44.2499504], [16.9810915, 44.2499504], [16.9812916, 44.2499583], [16.9814806, 44.2500061], [16.9816362, 44.2500618], [16.981803, 44.2501256], [16.9819586, 44.2502052], [16.9821032, 44.2502928], [16.9822588, 44.2503724], [16.9824144, 44.2504282], [16.9826257, 44.250468], [16.9828147, 44.2504919], [16.9830037, 44.2505317], [16.9831704, 44.2506034], [16.9833261, 44.250675], [16.9834261, 44.2507945], [16.9834484, 44.2509378], [16.9834039, 44.2512086], [16.9834261, 44.251344], [16.9835818, 44.2514236], [16.9875174, 44.2565358], [16.9920617, 44.2589863], [16.9920867, 44.2590361], [16.9958377, 44.2616182], [16.9986835, 44.2644106], [17.0027556, 44.2677883], [17.0055385, 44.2696798], [17.0061298, 44.2701963], [17.008683, 44.2724268], [17.010271, 44.2741942], [17.0127238, 44.2775376], [17.0155969, 44.2808616], [17.015424, 44.2809854], [17.0151881, 44.2811205], [17.0150466, 44.2813006], [17.0149051, 44.2814806], [17.014685, 44.2816045], [17.014402, 44.2816607], [17.0141347, 44.2817283], [17.0138831, 44.2818183], [17.013836, 44.2820209], [17.0138203, 44.2822235], [17.0136316, 44.2823586], [17.0133957, 44.2824712], [17.0131599, 44.2825725], [17.0129398, 44.282685], [17.0127354, 44.2828314], [17.0125624, 44.2830002], [17.0124524, 44.283169], [17.0122952, 44.2833266], [17.0121537, 44.2834955], [17.0121065, 44.2836981], [17.012248, 44.2838669], [17.0124209, 44.284002], [17.0123109, 44.2841821], [17.0120279, 44.2842158], [17.0117606, 44.2842721], [17.0114933, 44.2843396], [17.0112575, 44.2844747], [17.0110374, 44.2845873], [17.010833, 44.2847448], [17.0105657, 44.2849812], [17.0104399, 44.2851613], [17.0102512, 44.2853189], [17.0100625, 44.2854989], [17.0098896, 44.2856565], [17.0097167, 44.2858028], [17.0095594, 44.2859717], [17.009528, 44.286163], [17.0095123, 44.2863543], [17.009528, 44.2865457], [17.0095751, 44.2871647], [17.009528, 44.2873673], [17.0094336, 44.2875474], [17.0092764, 44.2877275], [17.0091035, 44.2878738], [17.0092607, 44.2879526], [17.0094651, 44.2885659], [17.0096852, 44.2895141], [17.0098975, 44.2895986], [17.0099525, 44.2896295], [17.0100075, 44.2896548], [17.0100625, 44.2896858], [17.010153, 44.2897617], [17.0102001, 44.289804], [17.0102905, 44.2898771], [17.0103495, 44.2899052], [17.0104124, 44.2899193], [17.0104753, 44.2899362], [17.0104871, 44.2902091], [17.0103416, 44.2904033], [17.0108015, 44.2905889], [17.01191, 44.2913374], [17.0120711, 44.2912417], [17.0120947, 44.2911995], [17.0121026, 44.2911517], [17.0121183, 44.2911038], [17.0121615, 44.2910729], [17.0122244, 44.2910616], [17.0122912, 44.2910616], [17.0123581, 44.2910729], [17.0124209, 44.2910701], [17.012472, 44.2910391], [17.0130223, 44.2915315], [17.0133329, 44.2913486], [17.0132582, 44.2912614], [17.0136552, 44.2910616], [17.0139618, 44.2913177], [17.0145828, 44.2921758], [17.015137, 44.2925584], [17.0175151, 44.2951355], [17.0178061, 44.295474], [17.0215972, 44.2959315], [17.0247601, 44.2959673], [17.024838, 44.2959932], [17.0248852, 44.2959991], [17.0249769, 44.2959991], [17.0250325, 44.2959892], [17.025077, 44.2959792], [17.0251103, 44.2959574], [17.0251131, 44.2959216], [17.0251048, 44.2958877], [17.0250742, 44.2958619], [17.0250325, 44.295846], [17.0249936, 44.2958281], [17.0249603, 44.2958022], [17.024938, 44.2957724], [17.0249269, 44.2957346], [17.0249158, 44.2956649], [17.0249186, 44.2956331], [17.0249325, 44.2955993], [17.0249519, 44.2955694], [17.0249825, 44.2955436], [17.0257378, 44.2957949], [17.0258878, 44.295759], [17.0277278, 44.2962723], [17.029689, 44.29706], [17.0303179, 44.2974145], [17.0313949, 44.2979603], [17.0318037, 44.2982753], [17.0341228, 44.2992037], [17.0332659, 44.3011054], [17.0335961, 44.3016961], [17.0337297, 44.3023037], [17.033486, 44.3026469], [17.0348932, 44.3052123], [17.0349089, 44.3054036], [17.0347989, 44.3058368], [17.0348539, 44.3066244], [17.0349585, 44.3067772], [17.0349669, 44.306813], [17.0349724, 44.3068567], [17.0349752, 44.3069025], [17.0349558, 44.3069423], [17.0349224, 44.3070059], [17.0349113, 44.3070516], [17.0349113, 44.3071352], [17.0349196, 44.307171], [17.0349752, 44.3071471], [17.0350197, 44.3071491], [17.0350669, 44.3071531], [17.0351086, 44.307163], [17.0351475, 44.3071789], [17.0351837, 44.3072048], [17.0352115, 44.3072307], [17.0352337, 44.3072585], [17.0352476, 44.3072943], [17.0352643, 44.3073261], [17.0352782, 44.3073619], [17.0352976, 44.3074733], [17.0353032, 44.3075071], [17.0353171, 44.3075469], [17.0353338, 44.3075807], [17.035356, 44.3076125], [17.0353754, 44.3076424], [17.0353921, 44.3076762], [17.0354032, 44.30771], [17.0354171, 44.3077458], [17.0355839, 44.3083524], [17.03562, 44.3084001], [17.0356478, 44.3084359], [17.0356728, 44.3084638], [17.0356979, 44.3084936], [17.0357173, 44.3085254], [17.0357395, 44.3085533], [17.035759, 44.3085831], [17.035809, 44.3086547], [17.035834, 44.3086865], [17.0358591, 44.3087144], [17.0358896, 44.3087462], [17.0359146, 44.308778], [17.0359508, 44.3088099], [17.0359786, 44.3088377], [17.0360481, 44.3089352], [17.0360647, 44.308969], [17.0360814, 44.3090008], [17.0361535, 44.309166], [17.0361771, 44.309211], [17.0361928, 44.3092617], [17.0362203, 44.3093067], [17.0362478, 44.3093517], [17.0364404, 44.3093939], [17.0365033, 44.3094136], [17.0366369, 44.3094304], [17.0366998, 44.3094389], [17.0367627, 44.3094417], [17.0368295, 44.3094529], [17.0369042, 44.3094726], [17.0369711, 44.3094895], [17.0370339, 44.3095176], [17.037089, 44.3095542], [17.0371361, 44.3095908], [17.0372305, 44.3096639], [17.0372776, 44.3097061], [17.0373287, 44.3097426], [17.0373916, 44.3097764], [17.0374506, 44.3098045], [17.0375174, 44.309813], [17.0375842, 44.3098186], [17.0376668, 44.3098242], [17.0377336, 44.3098298], [17.0378122, 44.3098355], [17.0378987, 44.3098467], [17.0379655, 44.309858], [17.0380284, 44.309872], [17.0380913, 44.3098889], [17.0381542, 44.3099086], [17.0382092, 44.3099311], [17.0382603, 44.309962], [17.0383075, 44.3099958], [17.0383546, 44.3100295], [17.0384057, 44.3100661], [17.0385079, 44.3101336], [17.038559, 44.3101702], [17.0387359, 44.3102461], [17.0386042, 44.3104273], [17.0385542, 44.310487], [17.0384931, 44.3105466], [17.0384542, 44.3106182], [17.0384208, 44.3106858], [17.0383986, 44.3107574], [17.0383708, 44.3108251], [17.0383319, 44.3108966], [17.0383041, 44.3109643], [17.038293, 44.3110319], [17.0382874, 44.3111035], [17.0382874, 44.3112427], [17.038293, 44.3113103], [17.0383096, 44.3113819], [17.0383652, 44.3115251], [17.0383986, 44.3115888], [17.0384264, 44.3116564], [17.0384931, 44.3117001], [17.0385765, 44.3117319], [17.0386654, 44.3117598], [17.0387599, 44.3117677], [17.0388544, 44.3117797], [17.0389489, 44.3117876], [17.0390434, 44.3118075], [17.0391212, 44.3118393], [17.039199, 44.3118871], [17.0392769, 44.3119149], [17.0393714, 44.3119109], [17.0394881, 44.3118911], [17.0395826, 44.3118831], [17.0396771, 44.3118592], [17.0397271, 44.3118035], [17.039766, 44.3117439], [17.0397994, 44.3116842], [17.0398383, 44.3116246], [17.0399272, 44.3114973], [17.039955, 44.3114376], [17.0399828, 44.31137], [17.0399606, 44.3113024], [17.0398772, 44.3112626], [17.0397827, 44.3112507], [17.0396827, 44.3112069], [17.0397382, 44.3111512], [17.0398161, 44.3111114], [17.0398883, 44.3110717], [17.0399773, 44.3110438], [17.0400662, 44.3110279], [17.0401663, 44.311016], [17.0402663, 44.3109961], [17.0403386, 44.3109603], [17.0403997, 44.3109165], [17.0404386, 44.3108529], [17.0405276, 44.3108449], [17.0406221, 44.310841], [17.0407166, 44.3108251], [17.0408111, 44.3108012], [17.040989, 44.3107455], [17.0410723, 44.3107177], [17.0411502, 44.3106938], [17.0412336, 44.3106699], [17.0413225, 44.3106421], [17.0413948, 44.3106063], [17.0414281, 44.3105426], [17.0414559, 44.310479], [17.0414893, 44.3104233], [17.0415504, 44.3103756], [17.0416393, 44.3103636], [17.0417338, 44.3103477], [17.0418283, 44.3103398], [17.0419173, 44.3103159], [17.0420007, 44.310292], [17.0421063, 44.3102881], [17.0421952, 44.3102761], [17.0422953, 44.3102403], [17.0423787, 44.3102165], [17.0424676, 44.3102085], [17.0425677, 44.3102045], [17.0426566, 44.3101846], [17.0427455, 44.3101528], [17.0428456, 44.3101369], [17.0429401, 44.3101528], [17.0430012, 44.3102085], [17.0430735, 44.3102443], [17.043168, 44.3102602], [17.0432681, 44.3102443], [17.0434571, 44.3103298], [17.0435154, 44.3103537], [17.043571, 44.3103597], [17.0436238, 44.3103676], [17.0436683, 44.3103736], [17.04371, 44.3104034], [17.043735, 44.3104352], [17.0437572, 44.3104651], [17.0437823, 44.3104929], [17.0438267, 44.3105108], [17.0438768, 44.3105267], [17.0439129, 44.3105466], [17.043949, 44.3105685], [17.0440018, 44.3106242], [17.0440324, 44.31065], [17.0440685, 44.3106858], [17.0441047, 44.3107196], [17.0441325, 44.3107455], [17.0441575, 44.3107773], [17.0441741, 44.3108091], [17.0441853, 44.3108489], [17.0442047, 44.3108887], [17.0442325, 44.3109145], [17.0442742, 44.3109324], [17.0443159, 44.3109503], [17.0443493, 44.3109762], [17.0443798, 44.3110021], [17.0444048, 44.3110299], [17.0444688, 44.3110677], [17.0444938, 44.3110975], [17.0445299, 44.3111254], [17.044566, 44.3111472], [17.0446022, 44.3111731], [17.0446216, 44.3112029], [17.0446355, 44.3112387], [17.0446494, 44.3112705], [17.0446578, 44.3113083], [17.0446605, 44.3113441], [17.0446633, 44.3113819], [17.0446661, 44.3114933], [17.0446717, 44.3115271], [17.04468, 44.3115609], [17.0447134, 44.3116246], [17.0447356, 44.3116524], [17.0447689, 44.3116783], [17.0448134, 44.3116942], [17.044919, 44.311724], [17.0449607, 44.3117459], [17.0450385, 44.3118095], [17.0450858, 44.3118115], [17.0451219, 44.3118334], [17.0451386, 44.3118672], [17.0451469, 44.311903], [17.0451692, 44.3119328], [17.0451997, 44.3119587], [17.0452387, 44.3119805], [17.0452776, 44.3119945], [17.0453248, 44.3119984], [17.0453721, 44.3119925], [17.0454165, 44.3119786], [17.0454666, 44.3119706], [17.0455138, 44.3119686], [17.0455583, 44.3119786], [17.0455916, 44.3120024], [17.0456278, 44.3120303], [17.0456695, 44.3120422], [17.0457195, 44.3120442], [17.0456695, 44.3121297], [17.04565, 44.3121615], [17.0456444, 44.3121953], [17.0456444, 44.3122291], [17.0456472, 44.3122669], [17.0456583, 44.3123007], [17.0456695, 44.3123385], [17.0456778, 44.3123743], [17.045675, 44.3124459], [17.0456583, 44.3124797], [17.0456278, 44.3125096], [17.0455083, 44.3125712], [17.0454749, 44.3125951], [17.0454471, 44.3126249], [17.0454054, 44.3126905], [17.0453887, 44.3127263], [17.0453804, 44.3127601], [17.0453693, 44.3127959], [17.0453526, 44.3128298], [17.0453332, 44.3128655], [17.0453081, 44.3128974], [17.0452192, 44.3129511], [17.0450524, 44.3130445], [17.0450135, 44.3130684], [17.0449552, 44.3130982], [17.0449135, 44.3131261], [17.0448718, 44.3131519], [17.0448245, 44.3131997], [17.0447828, 44.3132613], [17.0447634, 44.3132931], [17.0447384, 44.313323], [17.0446995, 44.3133488], [17.044655, 44.3133667], [17.0446022, 44.3133826], [17.0444827, 44.3134264], [17.0444382, 44.3134443], [17.0444021, 44.3134681], [17.0443743, 44.313496], [17.0443409, 44.3135338], [17.0443159, 44.3135795], [17.044302, 44.3136133], [17.0442853, 44.3136451], [17.0442409, 44.3137068], [17.0442019, 44.3137287], [17.0441519, 44.3137426], [17.0441019, 44.3137525], [17.0440519, 44.3137625], [17.0440018, 44.3137704], [17.0439462, 44.3137784], [17.0438795, 44.3137863], [17.0437155, 44.3138003], [17.04366, 44.3138082], [17.0436072, 44.3138142], [17.0434543, 44.3138281], [17.043407, 44.3138341], [17.0433042, 44.313844], [17.0432542, 44.31385], [17.0432097, 44.3138619], [17.043168, 44.3138818], [17.0430457, 44.3139534], [17.0429901, 44.3139832], [17.0429484, 44.3140031], [17.0428928, 44.3140349], [17.0428122, 44.3140747], [17.0427761, 44.3140986], [17.0427483, 44.3141304], [17.0427289, 44.3141622], [17.0426983, 44.314202], [17.0426733, 44.3142318], [17.0426344, 44.3142557], [17.0425927, 44.3142756], [17.0425426, 44.3142915], [17.042501, 44.3143133], [17.0424704, 44.3143432], [17.0424398, 44.314377], [17.0424092, 44.3144088], [17.0423703, 44.3144406], [17.0423259, 44.3144645], [17.0422814, 44.3144784], [17.0422314, 44.3144923], [17.0421869, 44.3145062], [17.0421424, 44.3145162], [17.0420924, 44.3145361], [17.0420535, 44.314554], [17.0420173, 44.3145778], [17.0419784, 44.3146037], [17.0419367, 44.3146256], [17.0418867, 44.3146256], [17.0418367, 44.3146236], [17.0417894, 44.3146136], [17.0417366, 44.3145997], [17.0416894, 44.3145858], [17.0416393, 44.3145798], [17.0415893, 44.3145798], [17.0415393, 44.3145938], [17.0414948, 44.3146077], [17.0414531, 44.3146295], [17.0414087, 44.3146514], [17.0413169, 44.3146813], [17.0412058, 44.3146912], [17.0411113, 44.3146972], [17.0410612, 44.3147051], [17.041014, 44.3147171], [17.0409723, 44.3147369], [17.0409417, 44.3147628], [17.0408861, 44.3148642], [17.0408389, 44.3149219], [17.0408194, 44.3149517], [17.0408027, 44.3149875], [17.0407889, 44.3150193], [17.0407722, 44.3150591], [17.0407555, 44.3150949], [17.0407416, 44.3151287], [17.0407194, 44.3151605], [17.040686, 44.3151923], [17.0406554, 44.3152222], [17.040611, 44.315248], [17.0405331, 44.3153017], [17.040497, 44.3153355], [17.0404664, 44.3153673], [17.0404359, 44.3153972], [17.0403886, 44.3154131], [17.0402802, 44.315431], [17.0402302, 44.315431], [17.0401274, 44.3154449], [17.0400106, 44.3154608], [17.0399439, 44.3154668], [17.0398689, 44.3154727], [17.0398077, 44.3154827], [17.0397549, 44.3154867], [17.0397021, 44.3155006], [17.0396465, 44.3155245], [17.0395965, 44.3155424], [17.039552, 44.3155622], [17.0394714, 44.31561], [17.0394269, 44.3156438], [17.0393297, 44.3157293], [17.0392963, 44.3157531], [17.0392518, 44.3157889], [17.0392129, 44.3158128], [17.0391601, 44.3158625], [17.0391462, 44.3159023], [17.0391407, 44.3159441], [17.0391379, 44.3160176], [17.0391268, 44.3160514], [17.0391018, 44.3160833], [17.0390656, 44.3161071], [17.0390156, 44.316129], [17.0389155, 44.3161549], [17.0388711, 44.3161648], [17.0388266, 44.3161807], [17.0387877, 44.3162006], [17.0387432, 44.3162225], [17.0387043, 44.3162463], [17.038671, 44.3162702], [17.038607, 44.3163239], [17.0385403, 44.3163736], [17.038507, 44.3164034], [17.0384736, 44.3164333], [17.038443, 44.3164631], [17.0384041, 44.3164949], [17.0383736, 44.3165287], [17.0383485, 44.3165625], [17.0383263, 44.3165924], [17.0383069, 44.3166321], [17.0382874, 44.3166699], [17.0382707, 44.3167037], [17.0382429, 44.3167316], [17.0382096, 44.3167574], [17.0381679, 44.3167833], [17.0381262, 44.3168051], [17.0380817, 44.316821], [17.0380317, 44.3168389], [17.0379733, 44.3168549], [17.037915, 44.3168688], [17.0377677, 44.3169264], [17.0377232, 44.3169424], [17.0376815, 44.3169563], [17.0376342, 44.3169642], [17.037587, 44.3169781], [17.0375397, 44.316998], [17.0374397, 44.3170318], [17.0373813, 44.3170497], [17.0373313, 44.3170637], [17.0372729, 44.3170776], [17.0371201, 44.3170995], [17.0370144, 44.3170995], [17.0369116, 44.3170935], [17.0368588, 44.3170855], [17.0368115, 44.3170835], [17.0367115, 44.3170696], [17.0366503, 44.3170617], [17.0366003, 44.3170537], [17.0365058, 44.3170458], [17.0364419, 44.3170497], [17.0363919, 44.3170617], [17.0363529, 44.3170816], [17.036314, 44.3171094], [17.0362723, 44.3171293], [17.0362251, 44.3171372], [17.0361306, 44.3171352], [17.0360806, 44.3171313], [17.0360278, 44.3171313], [17.0359777, 44.3171392], [17.0359305, 44.3171492], [17.0358832, 44.3171671], [17.0358332, 44.317183], [17.0357554, 44.3172247], [17.035722, 44.3172486], [17.0356859, 44.3172745], [17.035647, 44.3172923], [17.0356053, 44.3173083], [17.0355553, 44.3173162], [17.0354663, 44.3173301], [17.0354163, 44.3173421], [17.0353635, 44.317346], [17.0353079, 44.3173441], [17.0352579, 44.3173341], [17.0352106, 44.3173242], [17.0351217, 44.3172923], [17.0350689, 44.3172725], [17.03503, 44.3172466], [17.034991, 44.3172188], [17.0349493, 44.3172009], [17.0349049, 44.317187], [17.0348548, 44.317181], [17.034802, 44.317185], [17.0347576, 44.3172029], [17.0347187, 44.3172247], [17.0346825, 44.3172506], [17.0346381, 44.3172665], [17.0345324, 44.3172745], [17.0343879, 44.3172764], [17.0343434, 44.3172884], [17.0342962, 44.3173043], [17.0342545, 44.3173281], [17.0342239, 44.317356], [17.0341767, 44.3173997], [17.0341294, 44.3174276], [17.0340822, 44.3174435], [17.0340349, 44.3174554], [17.0339849, 44.3174733], [17.033946, 44.3174952], [17.0339126, 44.317523], [17.0338876, 44.3175548], [17.0338682, 44.3175867], [17.0338487, 44.3176205], [17.0338265, 44.3176523], [17.0337931, 44.3176821], [17.0337542, 44.31771], [17.0337209, 44.3177378], [17.0336847, 44.3177617], [17.0336458, 44.3177835], [17.0335986, 44.3178014], [17.0335569, 44.3178154], [17.033404, 44.3178392], [17.0333623, 44.3178551], [17.0333262, 44.317881], [17.0332901, 44.3179068], [17.0332428, 44.3179307], [17.0331983, 44.3179466], [17.0331539, 44.3179565], [17.0331094, 44.3179665], [17.033051, 44.3179764], [17.0328481, 44.3180182], [17.0327481, 44.3180341], [17.0326841, 44.3180361], [17.0326313, 44.318042], [17.0325841, 44.318052], [17.0325313, 44.3180659], [17.0324812, 44.3180838], [17.032434, 44.3181037], [17.0324006, 44.3181315], [17.0323701, 44.3181653], [17.0323506, 44.3182051], [17.0323367, 44.3182369], [17.0323256, 44.3182707], [17.0323117, 44.3183085], [17.0322978, 44.3183443], [17.0322839, 44.3183801], [17.0322645, 44.3184199], [17.0322533, 44.3184537], [17.0322367, 44.3184915], [17.0322005, 44.3185631], [17.0321727, 44.3185949], [17.0321561, 44.3186287], [17.0321227, 44.3186565], [17.032081, 44.3186744], [17.0320338, 44.3186844], [17.0319865, 44.3186963], [17.0319337, 44.3187023], [17.0318837, 44.3187082], [17.0318281, 44.3187241], [17.0317836, 44.3187361], [17.0317392, 44.3187559], [17.0316808, 44.3188037], [17.0316391, 44.3188236], [17.0315863, 44.3188335], [17.0315335, 44.3188494], [17.0314862, 44.3188693], [17.0314445, 44.3188951], [17.0314195, 44.318927], [17.0314028, 44.3189608], [17.0313695, 44.3190244], [17.0313473, 44.3190602], [17.0313139, 44.319088], [17.0312694, 44.3191039], [17.0312194, 44.3191159], [17.0311193, 44.3191258], [17.0310721, 44.3191358], [17.0310332, 44.3191556], [17.0310193, 44.3191875], [17.0310193, 44.3192213], [17.0310387, 44.3192551], [17.031061, 44.3192829], [17.0310943, 44.3193048], [17.0311305, 44.3193267], [17.0311638, 44.3193545], [17.0311888, 44.3193823], [17.0312166, 44.3194659], [17.0312166, 44.3195016], [17.0312222, 44.3195355], [17.0312222, 44.3195712], [17.0312166, 44.3196051], [17.0312166, 44.3196408], [17.0312111, 44.3196746], [17.0311666, 44.3197383], [17.0311332, 44.3197701], [17.0310971, 44.3197959], [17.0310554, 44.3198138], [17.0310082, 44.3198298], [17.0309581, 44.3198397], [17.0309109, 44.3198437], [17.0308108, 44.3198437], [17.0307552, 44.3198357], [17.0307052, 44.3198317], [17.030658, 44.3198417], [17.0306163, 44.3198556], [17.0305746, 44.3198755], [17.0305301, 44.3198934], [17.0304773, 44.3199053], [17.0304245, 44.3199113], [17.0303217, 44.3199133], [17.0302689, 44.3199153], [17.0302216, 44.3199172], [17.0301188, 44.3199252], [17.030066, 44.3199332], [17.0300187, 44.3199431], [17.0299715, 44.319953], [17.0299242, 44.319961], [17.0298797, 44.3199729], [17.029838, 44.3199948], [17.0298047, 44.3200226], [17.0297769, 44.3200525], [17.0297602, 44.3200863], [17.0297435, 44.3201201], [17.029713, 44.3201499], [17.0296768, 44.3201738], [17.0296268, 44.3201857], [17.0295684, 44.3202036], [17.0295212, 44.3202096], [17.0294712, 44.3202096], [17.0294211, 44.3202076], [17.0293739, 44.3201996], [17.0293294, 44.3201877], [17.0292877, 44.3201718], [17.0292405, 44.3201559], [17.029196, 44.320138], [17.0291488, 44.320126], [17.0290932, 44.3201141], [17.0289931, 44.3201002], [17.0288903, 44.3200902], [17.0288291, 44.3200902], [17.0287791, 44.3200962], [17.0287291, 44.3201101], [17.0286846, 44.3201221], [17.0286346, 44.32014], [17.0286318, 44.3202593], [17.0285651, 44.320313], [17.0285401, 44.3203408], [17.0285345, 44.3203786], [17.0285345, 44.3204124], [17.0285401, 44.3204462], [17.0285401, 44.32048], [17.0285178, 44.3205138], [17.0284761, 44.3205377], [17.0284317, 44.3205536], [17.02839, 44.3205735], [17.0283177, 44.3206132], [17.0282455, 44.3206649], [17.0282093, 44.3206908], [17.0281732, 44.3207166], [17.0281371, 44.3207465], [17.0281065, 44.3207763], [17.0280787, 44.3208041], [17.0280565, 44.3208359], [17.028037, 44.3208678], [17.0280064, 44.3209393], [17.0279953, 44.3209751], [17.0279925, 44.3210885], [17.0279647, 44.3215041], [17.0280787, 44.3215717], [17.0281037, 44.3216015], [17.0281287, 44.3216313], [17.0281398, 44.3216631], [17.0281426, 44.3216989], [17.0281426, 44.3217367], [17.0281259, 44.3217705], [17.0281065, 44.3218043], [17.0280759, 44.3218361], [17.0280426, 44.32186], [17.0280036, 44.3218839], [17.0280036, 44.3220648], [17.0279925, 44.3220986], [17.0279786, 44.3221324], [17.0279647, 44.3221682], [17.0279481, 44.322202], [17.0278841, 44.3222577], [17.0278508, 44.3222895], [17.027823, 44.3223213], [17.0278008, 44.3223531], [17.0277896, 44.3223909], [17.0277841, 44.3224267], [17.0277813, 44.3224645], [17.0277869, 44.3225003], [17.0278063, 44.3225341], [17.0278313, 44.3225619], [17.0279647, 44.3228681], [17.0279786, 44.3228999], [17.0279925, 44.3229337], [17.0280064, 44.3229656], [17.0280203, 44.3229994], [17.028037, 44.3230332], [17.0280648, 44.323063], [17.0280815, 44.3230988], [17.0280231, 44.3232062], [17.028012, 44.32324], [17.0280092, 44.3233115], [17.0280148, 44.3233453], [17.028037, 44.3233772], [17.0280648, 44.323407], [17.0280981, 44.3234289], [17.0281343, 44.3234547], [17.0281732, 44.3234706], [17.0282204, 44.3234825], [17.0283094, 44.3235104], [17.0283511, 44.3235283], [17.0283928, 44.3235482], [17.0284289, 44.323568], [17.0284706, 44.3235919], [17.0285039, 44.3236178], [17.0285317, 44.3236456], [17.0285595, 44.3236714], [17.0284539, 44.3239617], [17.0284567, 44.3240353], [17.0284734, 44.3241487], [17.0284873, 44.3241864], [17.0285012, 44.3242202], [17.0285484, 44.3243137], [17.0287485, 44.3242978], [17.0288653, 44.324425], [17.0288875, 44.3244628], [17.0289153, 44.3244907], [17.0289514, 44.3245165], [17.0289959, 44.3245324], [17.0290348, 44.3245463], [17.0291126, 44.3245941], [17.0291376, 44.3246239], [17.0291627, 44.3246537], [17.0291821, 44.3246895], [17.0291988, 44.3247193], [17.0292321, 44.3247432], [17.0292766, 44.3247571], [17.0293155, 44.324777], [17.0293489, 44.3248008], [17.0293794, 44.3248247], [17.0294072, 44.3248505], [17.0294489, 44.3248665], [17.0294934, 44.3248684], [17.0295379, 44.3248704], [17.0296629, 44.3248983], [17.029713, 44.3249003], [17.0297602, 44.3249082], [17.0297991, 44.3249241], [17.029838, 44.324946], [17.0298742, 44.3249738], [17.0298936, 44.3250056], [17.0299131, 44.3250414], [17.0299187, 44.3250772], [17.0299159, 44.3251528], [17.0299103, 44.3251866], [17.0298992, 44.3252244], [17.0298964, 44.3252621], [17.0298964, 44.3252999], [17.0299909, 44.3253735], [17.030066, 44.3254132], [17.0301104, 44.3254351], [17.030191, 44.3254669], [17.0302383, 44.325463], [17.0302883, 44.3254749], [17.0303217, 44.3254987], [17.0303467, 44.3255345], [17.0303661, 44.3255663], [17.0303828, 44.3255982], [17.0304023, 44.325628], [17.0304217, 44.3256678], [17.0304384, 44.3257035], [17.0304523, 44.3257354], [17.0305635, 44.325974], [17.0305885, 44.3260058], [17.0306135, 44.3260376], [17.0306413, 44.3260694], [17.0306802, 44.3261012], [17.0307191, 44.326129], [17.030758, 44.3261589], [17.0307914, 44.3261847], [17.0308331, 44.3262126], [17.0308664, 44.3262424], [17.0309026, 44.3262722], [17.0309359, 44.326314], [17.0309609, 44.3263418], [17.0309887, 44.3263756], [17.0310054, 44.3264074], [17.0310276, 44.3264392], [17.0310526, 44.3264671], [17.0310832, 44.3265028], [17.0311138, 44.3265327], [17.0311416, 44.3265625], [17.0311805, 44.3265943], [17.031275, 44.3266718], [17.0313528, 44.3267196], [17.0313889, 44.3267414], [17.031464, 44.3267852], [17.0316447, 44.3268727], [17.0316752, 44.3268985], [17.0316947, 44.3269303], [17.0317225, 44.326982], [17.0317364, 44.3270397], [17.0317392, 44.3270814], [17.0317419, 44.3272027], [17.0317614, 44.3272385], [17.0317892, 44.3272743], [17.0318198, 44.3273021], [17.0318531, 44.32733], [17.031892, 44.3273538], [17.0319365, 44.3273697], [17.0319893, 44.3273817], [17.0320365, 44.3273896], [17.032081, 44.3273916], [17.0321255, 44.3273996], [17.0321727, 44.3274095], [17.0322255, 44.3274254], [17.0322672, 44.3274413], [17.0323145, 44.3274612], [17.0323562, 44.3274771], [17.0323951, 44.327493], [17.0324479, 44.3275149], [17.0324924, 44.3275328], [17.0326702, 44.3276222], [17.0327092, 44.3276401], [17.0327509, 44.327668], [17.0327814, 44.3276958], [17.032812, 44.3277197], [17.0328398, 44.3277495], [17.032862, 44.3277793], [17.0328759, 44.3278509], [17.0328982, 44.3278827], [17.0329315, 44.3279085], [17.0329593, 44.3279384], [17.0329899, 44.3280457], [17.0330343, 44.3281074], [17.0330621, 44.3281352], [17.0330788, 44.3281571], [17.0329176, 44.3282306], [17.0328759, 44.3282565], [17.0328287, 44.3282903], [17.0327981, 44.3283161], [17.0327675, 44.328344], [17.0327342, 44.3283718], [17.0327036, 44.3284056], [17.0326702, 44.3284295], [17.0326258, 44.3284434], [17.0325757, 44.3284653], [17.0325368, 44.3284891], [17.0325063, 44.328515], [17.0324785, 44.3285428], [17.0324562, 44.3285726], [17.0324451, 44.3286084], [17.0324479, 44.3286422], [17.0324757, 44.328674], [17.0325118, 44.3286979], [17.0325507, 44.3287178], [17.0325896, 44.3287317], [17.0326286, 44.3287456], [17.0326675, 44.3287655], [17.0327036, 44.3287834], [17.0327453, 44.3288033], [17.0327814, 44.3288251], [17.0328565, 44.3288808], [17.032887, 44.3289046], [17.0330872, 44.3290319], [17.0331233, 44.3290558], [17.0332511, 44.3291472], [17.0333151, 44.329187], [17.033354, 44.3292168], [17.0333929, 44.3292446], [17.0334262, 44.3292745], [17.0334624, 44.3293003], [17.0335096, 44.3293301], [17.0335402, 44.329356], [17.0336958, 44.3294773], [17.033732, 44.3295031], [17.0337625, 44.329527], [17.0338015, 44.3295627], [17.0338348, 44.3296025], [17.0338654, 44.3296383], [17.0338904, 44.3296781], [17.0339099, 44.3297218], [17.0340016, 44.3300498], [17.0340016, 44.3301214], [17.0340238, 44.330193], [17.0340794, 44.3302526], [17.0342128, 44.330356], [17.0342573, 44.3304157], [17.0342906, 44.3304793], [17.034235, 44.3305747], [17.034185, 44.3306304], [17.0341239, 44.3306861], [17.0340572, 44.3307338], [17.0339849, 44.3307815], [17.0339182, 44.3308292], [17.0338404, 44.3308809], [17.033757, 44.3309246], [17.0336736, 44.3309644], [17.0335958, 44.3310002], [17.0335124, 44.331036], [17.033429, 44.3310757], [17.0333512, 44.3311195], [17.0332901, 44.3311712], [17.0332511, 44.3312348], [17.0332734, 44.3313064], [17.0333568, 44.3313421], [17.0332567, 44.3314389], [17.0332252, 44.3314572], [17.0331368, 44.3315092], [17.0331073, 44.3315345], [17.0330326, 44.3315991], [17.033009, 44.3316188], [17.0329599, 44.3316638], [17.0329383, 44.3316835], [17.0328813, 44.331751], [17.0328479, 44.3317903], [17.0328066, 44.3318452], [17.0327869, 44.3318691], [17.0327693, 44.3318901], [17.0327339, 44.3319351], [17.0326631, 44.3319998], [17.0326356, 44.3320167], [17.0326061, 44.3320293], [17.0325727, 44.3320392], [17.032557, 44.3320438], [17.0325737, 44.3320676], [17.0333477, 44.3316961], [17.0339328, 44.3314715], [17.0340515, 44.3314429], [17.0341144, 44.3314317], [17.0341733, 44.3314148], [17.0342402, 44.3313979], [17.0345703, 44.3313951], [17.0346372, 44.3313867], [17.0347079, 44.3313754], [17.0348455, 44.3313754], [17.0349044, 44.3313642], [17.0350892, 44.3317213], [17.0346607, 44.3318534], [17.0349437, 44.3325985], [17.0345585, 44.3328403], [17.0343424, 44.3330568], [17.0351481, 44.334142], [17.0356788, 44.3348674], [17.0367636, 44.3357164], [17.0382337, 44.3372458], [17.0379507, 44.3374384], [17.0378269, 44.337624], [17.0374024, 44.337787], [17.037367, 44.3378334], [17.0371862, 44.3379276], [17.0373277, 44.3380147], [17.0368501, 44.3383113], [17.0370565, 44.3385194], [17.0373906, 44.3388005], [17.0376539, 44.3390901], [17.0377522, 44.3391758], [17.0377679, 44.3391969], [17.0377836, 44.3392208], [17.0377974, 44.3392419], [17.0378112, 44.3392686], [17.037819, 44.3392925], [17.0378249, 44.3393178], [17.0378269, 44.3393923], [17.0378151, 44.3394401], [17.0378072, 44.3394668], [17.0377954, 44.3394893], [17.0377836, 44.3395089], [17.0369739, 44.3394738], [17.0368482, 44.3395146], [17.0367945, 44.3395862], [17.0366889, 44.3398566], [17.0366889, 44.3398943], [17.0365861, 44.3401329], [17.0362609, 44.3405185], [17.0358718, 44.3407213], [17.0358745, 44.3411347], [17.0359992, 44.3413876], [17.0360542, 44.3414832], [17.0361014, 44.3415732], [17.0361093, 44.3416687], [17.0360857, 44.3417699], [17.0360071, 44.3418543], [17.035897, 44.3419161], [17.0357712, 44.341978], [17.035669, 44.3420398], [17.035559, 44.342096], [17.0354646, 44.3421691], [17.0353939, 44.3422647], [17.0353389, 44.3423546], [17.0352838, 44.3424446], [17.0352052, 44.3425289], [17.035103, 44.3426189], [17.0350008, 44.342692], [17.0349222, 44.3427763], [17.0349458, 44.3428719], [17.0350323, 44.3429506], [17.0351659, 44.3430124], [17.035276, 44.343063], [17.0354096, 44.3430912], [17.0355354, 44.343108], [17.0356297, 44.3431755], [17.0356848, 44.3432654], [17.0357319, 44.343361], [17.0357712, 44.3434566], [17.0358734, 44.3435241], [17.0359992, 44.3435578], [17.0361407, 44.3435803], [17.036408, 44.3435915], [17.0365416, 44.3435971], [17.0368089, 44.3435971], [17.036919, 44.3435465], [17.037029, 44.3434959], [17.0371784, 44.3434791], [17.0373042, 44.3434847], [17.0374378, 44.3435016], [17.0376422, 44.3434959], [17.0377523, 44.3435465], [17.0378938, 44.3436028], [17.0380038, 44.343659], [17.0380903, 44.3437321], [17.0381925, 44.3437995], [17.0383183, 44.3438333], [17.0384205, 44.3439007], [17.0384991, 44.3439851], [17.0385699, 44.3440694], [17.0386406, 44.3441537], [17.0387114, 44.3442493], [17.0387664, 44.3443393], [17.0388293, 44.3444236], [17.0388843, 44.3445135], [17.0389315, 44.3445979], [17.0390808, 44.3447834], [17.0391594, 44.3448677], [17.0392223, 44.3449464], [17.0392931, 44.3450476], [17.0393481, 44.3451544], [17.0394031, 44.34525], [17.0395525, 44.3457391], [17.0395918, 44.3458291], [17.0396547, 44.3459246], [17.0397176, 44.3460146], [17.0397884, 44.3461158], [17.0398591, 44.3462001], [17.039922, 44.3462844], [17.0400163, 44.34638], [17.0401028, 44.3464531], [17.0402286, 44.3465262], [17.0403386, 44.3465712], [17.0404566, 44.3466274], [17.0405823, 44.3466724], [17.0407081, 44.346723], [17.040826, 44.3467623], [17.0409125, 44.346841], [17.0409282, 44.3469422], [17.040925, 44.3470763], [17.0409194, 44.34712], [17.0409083, 44.3471558], [17.0409055, 44.3471916], [17.0409, 44.3472194], [17.0409778, 44.3472174], [17.0410362, 44.3474261], [17.0410417, 44.3474599], [17.0410223, 44.3474957], [17.0409889, 44.3475215], [17.0409472, 44.3475434], [17.0409083, 44.3475632], [17.040875, 44.347593], [17.0408416, 44.3476229], [17.0407527, 44.3476527], [17.0407138, 44.3476745], [17.0406999, 44.3477083], [17.0406776, 44.3477421], [17.0406387, 44.347766], [17.0405387, 44.3477819], [17.0404858, 44.3477958], [17.0403524, 44.3478872], [17.0403191, 44.347919], [17.0402774, 44.3480005], [17.0402663, 44.3480383], [17.0402468, 44.3480701], [17.0402107, 44.3481019], [17.0401829, 44.3481376], [17.0401746, 44.3481754], [17.0401662, 44.3482112], [17.0401468, 44.3482827], [17.0401329, 44.3483245], [17.0401162, 44.3483563], [17.0400717, 44.3484199], [17.0400356, 44.3484457], [17.0399994, 44.3484755], [17.0399717, 44.3485113], [17.0399494, 44.3485431], [17.0399133, 44.3486405], [17.0399022, 44.3486743], [17.0399022, 44.3487101], [17.0399049, 44.3487478], [17.0399022, 44.3487836], [17.0398799, 44.3488134], [17.039841, 44.3488432], [17.039816, 44.348877], [17.0397993, 44.3489128], [17.0397938, 44.3489466], [17.039791, 44.3489843], [17.039791, 44.3490221], [17.0398021, 44.3490599], [17.039816, 44.3490996], [17.0398327, 44.3491354], [17.0398438, 44.349205], [17.0398438, 44.3493759], [17.0398327, 44.3494554], [17.0398105, 44.3494872], [17.0397549, 44.3495488], [17.039741, 44.3495866], [17.0397298, 44.3496203], [17.0397048, 44.3496859], [17.0396548, 44.3497475], [17.0396353, 44.3497793], [17.039627, 44.3498131], [17.0396353, 44.3498469], [17.0396715, 44.3498708], [17.0397187, 44.3498847], [17.0397604, 44.3498986], [17.0397966, 44.3499244], [17.0398188, 44.3499542], [17.0398299, 44.349988], [17.0398299, 44.3500636], [17.0398174, 44.3501281], [17.039816, 44.350153], [17.0398063, 44.3501709], [17.039791, 44.3501838], [17.0397701, 44.3501927], [17.0397465, 44.3501967], [17.0397285, 44.3502116], [17.0397229, 44.3502295], [17.0397229, 44.3502474], [17.039734, 44.3502613], [17.0397535, 44.3502911], [17.0397507, 44.3503289], [17.0397424, 44.3503448], [17.0397326, 44.3503607], [17.0397146, 44.3503746], [17.0396951, 44.3503865], [17.0396798, 44.3504024], [17.0396743, 44.3504193], [17.0396729, 44.3504571], [17.0396756, 44.350475], [17.039677, 44.3504929], [17.0396729, 44.3505097], [17.0396576, 44.3505555], [17.0396492, 44.3505743], [17.0396451, 44.3505922], [17.0396437, 44.3506608], [17.0396479, 44.3506787], [17.0396492, 44.3506966], [17.0396409, 44.3507125], [17.0396159, 44.3507174], [17.0395909, 44.3507194], [17.0395631, 44.3507234], [17.0395395, 44.3507284], [17.03952, 44.3507393], [17.0395144, 44.3507572], [17.0395186, 44.3507949], [17.0395228, 44.3508118], [17.0394867, 44.3509132], [17.0394686, 44.3509281], [17.0394477, 44.3509371], [17.0394269, 44.350947], [17.0393949, 44.3509728], [17.0393852, 44.3509877], [17.0393699, 44.3510006], [17.0393463, 44.3510086], [17.0393241, 44.3510165], [17.0392949, 44.3510235], [17.0392699, 44.3510324], [17.0392448, 44.3510424], [17.0392226, 44.3510553], [17.0391879, 44.3510801], [17.0391698, 44.351099], [17.0391573, 44.3511129], [17.0391434, 44.3511497], [17.0391434, 44.3512064], [17.0391337, 44.351265], [17.0391226, 44.3513008], [17.0391003, 44.3513326], [17.0390642, 44.3514061], [17.0390558, 44.3514419], [17.0390392, 44.3514737], [17.039003, 44.3515015], [17.0389586, 44.3515273], [17.0389252, 44.3515512], [17.0388835, 44.351573], [17.0388557, 44.3516028], [17.0388446, 44.3516386], [17.0388418, 44.3516764], [17.0388529, 44.3517082], [17.0388752, 44.35174], [17.0388919, 44.3517698], [17.0389113, 44.3518056], [17.0389419, 44.3519109], [17.0389447, 44.3519447], [17.0389725, 44.3519725], [17.0391559, 44.3520719], [17.0391948, 44.3520898], [17.0392699, 44.3521295], [17.0393088, 44.3521514], [17.0393532, 44.3521752], [17.0393922, 44.3521991], [17.0394978, 44.3522746], [17.0395283, 44.3522984], [17.0395978, 44.3523521], [17.0396534, 44.3524078], [17.0396729, 44.3524396], [17.0396923, 44.3524733], [17.0397118, 44.3525051], [17.0397479, 44.352527], [17.039784, 44.3525449], [17.0398285, 44.3525628], [17.0398646, 44.3525826], [17.0398563, 44.3526164], [17.0401454, 44.3526085], [17.0406123, 44.352684], [17.0411515, 44.3527158], [17.0417991, 44.3528013], [17.0425356, 44.3529801], [17.0427441, 44.3530855], [17.0427802, 44.3531053], [17.0429109, 44.3532186], [17.042972, 44.3533597], [17.0430915, 44.3537294], [17.0434862, 44.3548105], [17.0437336, 44.3553073], [17.0440059, 44.3555736], [17.0443951, 44.3561499], [17.0447258, 44.3567898], [17.0449148, 44.3570979], [17.0450176, 44.3571913], [17.0450538, 44.3572211], [17.0450732, 44.3572509], [17.0450732, 44.3572847], [17.0450677, 44.3573184], [17.045051, 44.3573522], [17.0450371, 44.357386], [17.0450288, 44.3574218], [17.0450288, 44.3574576], [17.0450371, 44.3574933], [17.0450566, 44.3575251], [17.0452511, 44.3578153], [17.0462211, 44.3583916], [17.0465463, 44.3586201], [17.0467659, 44.3588546], [17.046827, 44.3590771], [17.0469021, 44.3594249], [17.0471689, 44.3601721], [17.047419, 44.3604721], [17.047697, 44.3607165], [17.0477331, 44.3607404], [17.0480194, 44.3609113], [17.04805, 44.3609371], [17.0482028, 44.3611279], [17.0482195, 44.3611577], [17.0484335, 44.3614061], [17.0484613, 44.3614319], [17.0487031, 44.3616624], [17.0489255, 44.3620678], [17.048881, 44.3627414], [17.0488532, 44.362956], [17.0488671, 44.3629938], [17.048881, 44.3630255], [17.048906, 44.3630633], [17.048931, 44.3630931], [17.0489838, 44.3631587], [17.0490394, 44.3632123], [17.0491061, 44.36327], [17.0491506, 44.3633077], [17.0491839, 44.3633355], [17.0492673, 44.3634051], [17.0493035, 44.3634329], [17.0493396, 44.3634647], [17.0493702, 44.3634905], [17.0494063, 44.3635223], [17.0494397, 44.3635501], [17.0494702, 44.363576], [17.0498118, 44.3637742], [17.049859, 44.3638107], [17.0499061, 44.3638473], [17.0499651, 44.3638754], [17.0500241, 44.3639007], [17.050083, 44.3639231], [17.050142, 44.3639428], [17.0502009, 44.3639625], [17.0502678, 44.3639765], [17.0503346, 44.363985], [17.0503975, 44.3639962], [17.0504564, 44.3640159], [17.0505154, 44.364044], [17.0505704, 44.3640749], [17.0506215, 44.3641086], [17.0506648, 44.3641479], [17.0507041, 44.3641901], [17.0507394, 44.3642322], [17.0507827, 44.3642772], [17.0508181, 44.3643194], [17.0508495, 44.3643643], [17.0508809, 44.3644093], [17.0509006, 44.364457], [17.0509242, 44.3645076], [17.0509399, 44.3645582], [17.0509556, 44.3646088], [17.0514077, 44.3645161], [17.0514745, 44.3645217], [17.0518597, 44.3645189], [17.052009, 44.3645132], [17.0521388, 44.3645132], [17.0522056, 44.3645161], [17.0522803, 44.3645245], [17.0523471, 44.3645414], [17.052406, 44.3645582], [17.0524729, 44.3645919], [17.0525397, 44.3646172], [17.0525986, 44.3646397], [17.0526615, 44.3646622], [17.0527244, 44.3646762], [17.052803, 44.3646875], [17.0528934, 44.3646987], [17.0530389, 44.3647156], [17.0531018, 44.3647352], [17.0531568, 44.3647605], [17.0532275, 44.3647943], [17.0532904, 44.364828], [17.0533494, 44.3648701], [17.0534005, 44.3649038], [17.0537307, 44.3651596], [17.05377, 44.3652045], [17.0538171, 44.365241], [17.0538682, 44.365272], [17.0539233, 44.3653001], [17.0540451, 44.3653422], [17.054108, 44.3653591], [17.0541866, 44.3653675], [17.0542731, 44.3653731], [17.0543399, 44.3653759], [17.0544146, 44.3653815], [17.0544814, 44.3653815], [17.0546819, 44.3653956], [17.0547487, 44.3654068], [17.0548116, 44.3654153], [17.0548784, 44.3654293], [17.0549531, 44.365449], [17.0550199, 44.3654715], [17.0550789, 44.3654939], [17.0551339, 44.3655164], [17.0551889, 44.3655361], [17.0552479, 44.3655642], [17.0553029, 44.3655839], [17.0553658, 44.3656035], [17.0554326, 44.3656148], [17.0554995, 44.3656204], [17.0556331, 44.3656204], [17.0557039, 44.3656092], [17.0557668, 44.3655951], [17.0558296, 44.3655811], [17.0558729, 44.3655445], [17.0559279, 44.3655164], [17.0560026, 44.3655024], [17.0560694, 44.3654939], [17.0561362, 44.3654996], [17.0562109, 44.3655164], [17.0562817, 44.3655361], [17.0566551, 44.3656794], [17.056718, 44.3657075], [17.0567769, 44.3657328], [17.0569106, 44.3657778], [17.0569813, 44.3657918], [17.057056, 44.3658002], [17.0571582, 44.365803], [17.0573744, 44.3658059], [17.0574609, 44.3657918], [17.0575906, 44.3657778], [17.0576613, 44.3657665], [17.0577281, 44.3657525], [17.0578146, 44.3657272], [17.0578736, 44.3656991], [17.0579915, 44.3656485], [17.0580505, 44.3656092], [17.0580976, 44.3655614], [17.0581369, 44.365522], [17.0581762, 44.3654799], [17.0582077, 44.3654377], [17.0582431, 44.36539], [17.0582706, 44.3653506], [17.058302, 44.3653001], [17.0583138, 44.3652523], [17.0583413, 44.3652101], [17.0583767, 44.3651652], [17.0584278, 44.3651343], [17.0585379, 44.3650837], [17.0612579, 44.3673232], [17.062213, 44.3680847], [17.062496, 44.3678009], [17.0625314, 44.3677588], [17.0625589, 44.3677166], [17.0625746, 44.3676717], [17.0625825, 44.3676239], [17.0625825, 44.3675227], [17.0625628, 44.367475], [17.0625432, 44.3674244], [17.0625235, 44.367371], [17.0625039, 44.3672783], [17.0625039, 44.3671687], [17.0625235, 44.3671237], [17.0625746, 44.3670169], [17.0626022, 44.3669692], [17.0626415, 44.3669298], [17.0628026, 44.3668034], [17.0628616, 44.3667753], [17.0629166, 44.3667556], [17.0630542, 44.3667135], [17.0631171, 44.3666994], [17.0631878, 44.3666741], [17.0632468, 44.3666545], [17.0633136, 44.366632], [17.0633686, 44.3666039], [17.0634158, 44.3665702], [17.0634512, 44.3665336], [17.0635141, 44.3664521], [17.0644692, 44.3652832], [17.0646736, 44.3649544], [17.064709, 44.3648617], [17.0647404, 44.3647774], [17.0647483, 44.3647296], [17.0647522, 44.3646538], [17.0647522, 44.3645442], [17.0647404, 44.3644964], [17.0647208, 44.3643896], [17.064709, 44.3642913], [17.064709, 44.3642379], [17.0647129, 44.3641789], [17.0647286, 44.3641367], [17.0647483, 44.3640721], [17.0647719, 44.3640271], [17.0647955, 44.3639765], [17.064823, 44.3639203], [17.0648505, 44.3638613], [17.0648859, 44.3638023], [17.0649094, 44.3637573], [17.0649409, 44.3637124], [17.0649684, 44.3636674], [17.0650313, 44.3635691], [17.0650549, 44.3635269], [17.0650863, 44.3634763], [17.0651099, 44.3634342], [17.0651414, 44.3633948], [17.0651767, 44.363333], [17.0652082, 44.3632881], [17.0652357, 44.3632375], [17.0652986, 44.3631504], [17.0654165, 44.3630295], [17.0654715, 44.3629902], [17.0655266, 44.3629565], [17.0655816, 44.3629256], [17.0656523, 44.3629031], [17.0657074, 44.3628862], [17.0657663, 44.3628609], [17.0675312, 44.3619167], [17.0679243, 44.3615767], [17.0681365, 44.3611046], [17.0683448, 44.3600311], [17.0683959, 44.3598905], [17.0684824, 44.3593172], [17.0689069, 44.3586652], [17.0693314, 44.3582971], [17.0695911, 44.3578736], [17.0696133, 44.3577464], [17.0697134, 44.3576271], [17.0698357, 44.3575238], [17.0699468, 44.3574205], [17.0700802, 44.3573251], [17.0702359, 44.3572376], [17.0704249, 44.3571979], [17.0706139, 44.3571741], [17.0707806, 44.3571264], [17.0710808, 44.3567289], [17.071192, 44.3566256], [17.0713032, 44.3565143], [17.0714588, 44.3564348], [17.0716478, 44.3564586], [17.0717701, 44.3565699], [17.0718035, 44.3567051], [17.0719591, 44.3567845], [17.0721592, 44.3567766], [17.0723371, 44.3567607], [17.0725595, 44.3567607], [17.0727485, 44.3567369], [17.0729041, 44.3566812], [17.0730153, 44.356562], [17.0730264, 44.3564268], [17.0729263, 44.3563156], [17.0727596, 44.356244], [17.0726818, 44.3561327], [17.0727485, 44.3559976], [17.0728152, 44.3558783], [17.0729263, 44.3557671], [17.0730153, 44.3556558], [17.0731153, 44.3555286], [17.0732265, 44.3554173], [17.0733488, 44.3552901], [17.0735489, 44.3550675], [17.0736267, 44.3549403], [17.073749, 44.354837], [17.073938, 44.3547734], [17.0740714, 44.3546462], [17.0741604, 44.3545349], [17.0743383, 44.3542805], [17.0746829, 44.3537161], [17.0748052, 44.3536207], [17.0749053, 44.3534856], [17.074972, 44.3533425], [17.0750164, 44.3532153], [17.0750164, 44.3530881], [17.0750276, 44.352953], [17.0750498, 44.3528178], [17.0750943, 44.3526986], [17.075161, 44.3525634], [17.0752277, 44.3524362], [17.0753055, 44.3523091], [17.0753833, 44.3521898], [17.0754834, 44.3520785], [17.0755946, 44.3519672], [17.0756946, 44.3518639], [17.0757947, 44.3517526], [17.0758947, 44.3516254], [17.0759614, 44.3514902], [17.0760281, 44.351371], [17.0761171, 44.3512438], [17.0761949, 44.3511086], [17.0762394, 44.3509894], [17.0762505, 44.3508463], [17.0762505, 44.3507032], [17.0762283, 44.3505601], [17.0762394, 44.350425], [17.0763283, 44.3503057], [17.0764951, 44.3502024], [17.0766396, 44.3501229], [17.0768175, 44.3500593], [17.0769843, 44.3500195], [17.0771732, 44.3499639], [17.0773511, 44.3499162], [17.0775624, 44.3498764], [17.0777291, 44.3498287], [17.0779181, 44.349781], [17.0780849, 44.3497333], [17.0782628, 44.3496856], [17.0784295, 44.3496459], [17.0786296, 44.3496141], [17.0788186, 44.34963], [17.0790188, 44.3496618], [17.0792189, 44.3496618], [17.0794301, 44.3496538], [17.0798637, 44.3496538], [17.0800972, 44.3496618], [17.0802973, 44.3496777], [17.0804863, 44.3497095], [17.0807086, 44.3497333], [17.0809088, 44.349781], [17.0810866, 44.3498208], [17.0812867, 44.3498605], [17.0814757, 44.3499003], [17.0816759, 44.3499162], [17.0818649, 44.34994], [17.082065, 44.3499718], [17.0822429, 44.3499718], [17.0826542, 44.3500195], [17.0828543, 44.3500275], [17.0830544, 44.3500275], [17.0832323, 44.3500434], [17.0834213, 44.3500593], [17.0836103, 44.3500911], [17.0837882, 44.3501308], [17.0839772, 44.3501626], [17.0841662, 44.3501706], [17.0843441, 44.3501308], [17.0844219, 44.3500195], [17.0844886, 44.3498923], [17.0845775, 44.3497731], [17.0846887, 44.3496697], [17.084811, 44.3495664], [17.0849555, 44.3494869], [17.0851334, 44.349463], [17.0853224, 44.3494471], [17.0855003, 44.349463], [17.0857004, 44.3495028], [17.0858783, 44.3495584], [17.0860451, 44.34963], [17.0862118, 44.3496777], [17.0868011, 44.3496777], [17.0869789, 44.3496856], [17.0871568, 44.3497413], [17.0873236, 44.349789], [17.0875015, 44.3498208], [17.0876905, 44.3498367], [17.0878683, 44.3498446], [17.0880462, 44.3498844], [17.0882241, 44.349948], [17.0883798, 44.3500195], [17.0885465, 44.3501149], [17.0887133, 44.3501785], [17.0888912, 44.3502024], [17.0890802, 44.3502103], [17.0892803, 44.3502342], [17.0894582, 44.3502819], [17.089636, 44.3503137], [17.0896916, 44.3505283], [17.0897806, 44.3506476], [17.0899473, 44.350727], [17.0901252, 44.3507668], [17.0903031, 44.3507986], [17.0904587, 44.3508781], [17.0905588, 44.3509894], [17.0906033, 44.3511245], [17.0906144, 44.3512597], [17.0906366, 44.3514028], [17.0906366, 44.3515459], [17.0906255, 44.351681], [17.0905588, 44.3518082], [17.0905115, 44.3518758], [17.0908256, 44.3518996], [17.0907867, 44.351997], [17.0906867, 44.3520825], [17.0906255, 44.3521302], [17.0905755, 44.3521858], [17.0905338, 44.3522355], [17.0904865, 44.352313], [17.0904393, 44.3523925], [17.0904004, 44.352468], [17.0902053, 44.3526494], [17.0901699, 44.3526916], [17.0901228, 44.3527281], [17.0900638, 44.3527618], [17.0900127, 44.3527928], [17.0899537, 44.3528209], [17.0898948, 44.3528518], [17.0900952, 44.3530879], [17.0902053, 44.3532874], [17.0904097, 44.353768], [17.0905551, 44.3539591], [17.0906141, 44.3539872], [17.0909207, 44.3540322], [17.0910504, 44.353917], [17.0910897, 44.3538776], [17.0911526, 44.3538804], [17.0912116, 44.3539057], [17.091585, 44.3540322], [17.0920527, 44.354229], [17.0917225, 44.3544566], [17.091298, 44.354614], [17.0907477, 44.3549456], [17.0912155, 44.3553475], [17.0914277, 44.3551227], [17.0916439, 44.3550862], [17.0921588, 44.354822], [17.0923043, 44.3545831], [17.0925519, 44.3543863], [17.0928978, 44.3539844], [17.0929528, 44.3540097], [17.0931218, 44.3537652], [17.0931651, 44.3537202], [17.0932044, 44.3536697], [17.0932358, 44.3536275], [17.0932751, 44.353591], [17.0933655, 44.3535207], [17.0934166, 44.3534842], [17.0934638, 44.3534561], [17.093511, 44.3534251], [17.0935582, 44.353397], [17.0936132, 44.3533745], [17.0936643, 44.353338], [17.0938294, 44.3532312], [17.0938765, 44.3531947], [17.0939198, 44.3531553], [17.0939591, 44.3531216], [17.0940416, 44.3530485], [17.0940927, 44.353012], [17.0941399, 44.3529726], [17.094191, 44.3529417], [17.0942421, 44.3529136], [17.0942971, 44.3528883], [17.0943561, 44.3528686], [17.094419, 44.3528518], [17.0944858, 44.3528462], [17.0945487, 44.3528546], [17.0946076, 44.3528771], [17.0946627, 44.3529108], [17.0947098, 44.3529417], [17.0947609, 44.3529698], [17.0948199, 44.3529895], [17.0948789, 44.3530092], [17.0949417, 44.3530288], [17.0950086, 44.3530457], [17.0950715, 44.3530626], [17.0951304, 44.3530851], [17.0951933, 44.3531075], [17.0952523, 44.35313], [17.0953112, 44.3531581], [17.0954409, 44.3532143], [17.0954999, 44.3532537], [17.0955549, 44.3532846], [17.0956178, 44.3533099], [17.0956768, 44.3533296], [17.0957868, 44.3533858], [17.0960109, 44.3534476], [17.0961524, 44.3534476], [17.0962153, 44.3534504], [17.0962821, 44.3534448], [17.0963371, 44.3534251], [17.0963843, 44.3533942], [17.0964275, 44.3533577], [17.096455, 44.3533155], [17.0964943, 44.3532762], [17.0965297, 44.3532368], [17.0965612, 44.3531919], [17.0965887, 44.3531497], [17.0966083, 44.3531075], [17.0966319, 44.3530682], [17.0966516, 44.353026], [17.0966791, 44.3529839], [17.0967027, 44.3529417], [17.0967184, 44.3528883], [17.0967459, 44.3528405], [17.0967695, 44.3527956], [17.0967931, 44.3527506], [17.0968206, 44.3527084], [17.0968638, 44.3526775], [17.0969189, 44.3526522], [17.0969778, 44.3526297], [17.0970328, 44.3526072], [17.0970879, 44.3525876], [17.0971429, 44.3525679], [17.0971979, 44.3525398], [17.097253, 44.3525145], [17.0973119, 44.3525004], [17.0973905, 44.3524948], [17.0974495, 44.3525089], [17.0974888, 44.3525482], [17.0975085, 44.3525988], [17.0975085, 44.3526466], [17.0975203, 44.3526944], [17.0975596, 44.3527393], [17.0976107, 44.3527675], [17.0976735, 44.3527984], [17.0977364, 44.3528237], [17.0978033, 44.3528462], [17.0978661, 44.3528658], [17.0979251, 44.3528799], [17.097988, 44.3528799], [17.098047, 44.3528602], [17.0981806, 44.3528349], [17.0983732, 44.3528377], [17.098444, 44.352849], [17.0985186, 44.3528714], [17.0985815, 44.3528883], [17.0986405, 44.3529024], [17.0986994, 44.3529164], [17.0987663, 44.352922], [17.098837, 44.3529164], [17.0990689, 44.3529108], [17.0991279, 44.3528855], [17.0991868, 44.3528658], [17.0992458, 44.3528462], [17.0992969, 44.3528237], [17.0993598, 44.3528012], [17.0994227, 44.3527843], [17.0994895, 44.3527731], [17.0995563, 44.3527703], [17.0996192, 44.3527928], [17.0996664, 44.3528293], [17.0997136, 44.3528658], [17.0997529, 44.352908], [17.0997922, 44.3529473], [17.0998354, 44.3529839], [17.0998786, 44.353026], [17.0999258, 44.3530569], [17.0999769, 44.3530851], [17.1000555, 44.3531075], [17.1001184, 44.3531244], [17.1001892, 44.3531356], [17.100256, 44.3531469], [17.1003228, 44.3531497], [17.1003857, 44.3531497], [17.1004486, 44.3531356], [17.1007355, 44.3534026], [17.100822, 44.3534392], [17.1007041, 44.3535263], [17.1006608, 44.3535657], [17.1006176, 44.353605], [17.1005744, 44.3536472], [17.100539, 44.3536921], [17.1005272, 44.3537399], [17.1005272, 44.3538945], [17.100539, 44.3539479], [17.1005508, 44.3539957], [17.1005783, 44.3540491], [17.100598, 44.354094], [17.1007355, 44.354302], [17.1008692, 44.3544201], [17.1009203, 44.3544566], [17.1010185, 44.3545212], [17.1010775, 44.3545465], [17.1011365, 44.3545718], [17.1011954, 44.3545915], [17.1012622, 44.3546084], [17.1013291, 44.3546168], [17.1014116, 44.3546168], [17.1014784, 44.3546224], [17.1015452, 44.3546365], [17.1016042, 44.3546533], [17.1016632, 44.3546786], [17.1017182, 44.3547039], [17.1017889, 44.3547124], [17.1020798, 44.3547124], [17.1021466, 44.3547067], [17.1022095, 44.3546983], [17.1022842, 44.3546814], [17.102351, 44.3546674], [17.1024178, 44.3546477], [17.1024886, 44.3546252], [17.1025476, 44.3546084], [17.1026144, 44.3545915], [17.1026733, 44.3545662], [17.1027244, 44.3545353], [17.1027519, 44.3544931], [17.1027519, 44.3543442], [17.1027402, 44.3542936], [17.1027205, 44.3542486], [17.1026891, 44.3541503], [17.1026733, 44.3541025], [17.1026576, 44.3540547], [17.102638, 44.3540013], [17.1026262, 44.3539563], [17.1026144, 44.3539057], [17.1026026, 44.3538608], [17.1025869, 44.3538074], [17.1025751, 44.3537596], [17.1025554, 44.3537006], [17.1025436, 44.3536556], [17.1025436, 44.353605], [17.1025476, 44.3535572], [17.1025633, 44.3535095], [17.1025829, 44.3534645], [17.1026065, 44.3534251], [17.1026301, 44.353324], [17.102634, 44.353279], [17.102634, 44.353234], [17.1026262, 44.3531862], [17.1026262, 44.3530907], [17.1026537, 44.3530485], [17.102693, 44.353012], [17.1027519, 44.3529923], [17.1028148, 44.3529754], [17.1028856, 44.3529642], [17.1029524, 44.3529558], [17.1030232, 44.352953], [17.10309, 44.3529501], [17.1031568, 44.3529445], [17.1032944, 44.3529445], [17.1034359, 44.352967], [17.1035066, 44.3529839], [17.1035735, 44.3530007], [17.1036363, 44.353012], [17.1037739, 44.3530204], [17.1039036, 44.3530204], [17.103994, 44.353012], [17.1040648, 44.3529979], [17.1041277, 44.3529895], [17.1043203, 44.352908], [17.1043753, 44.3528911], [17.1044382, 44.3528686], [17.1044854, 44.3528377], [17.1045247, 44.3528012], [17.104564, 44.352759], [17.1046111, 44.3527197], [17.1046465, 44.3526775], [17.1046819, 44.352641], [17.1047133, 44.352596], [17.1047644, 44.3525651], [17.1048155, 44.352537], [17.1048784, 44.3525257], [17.1049413, 44.3525117], [17.1051339, 44.352745], [17.1052007, 44.3527534], [17.1052794, 44.3527562], [17.1053462, 44.3527562], [17.1054012, 44.3527337], [17.1054562, 44.3527056], [17.1055073, 44.3526747], [17.1055466, 44.3526382], [17.105586, 44.3525988], [17.1056174, 44.3525595], [17.1056528, 44.3525145], [17.1057117, 44.352433], [17.1057353, 44.3523936], [17.1057903, 44.3523093], [17.1060026, 44.3519749], [17.1060065, 44.3519271], [17.1060223, 44.3518793], [17.1060655, 44.3517809], [17.1060851, 44.351736], [17.1061087, 44.351691], [17.1061362, 44.3516432], [17.1061598, 44.3515926], [17.1061795, 44.3515476], [17.1062306, 44.3514605], [17.106266, 44.3514183], [17.1062974, 44.351379], [17.1063446, 44.3513284], [17.1063878, 44.3512891], [17.1064428, 44.3512666], [17.1065057, 44.3512497], [17.1065804, 44.3512497], [17.1066472, 44.3512525], [17.1067023, 44.3512188], [17.106714, 44.351171], [17.1067258, 44.3511232], [17.1067612, 44.3510867], [17.1068123, 44.3510558], [17.1068713, 44.3510333], [17.1069263, 44.3510052], [17.1069853, 44.3509152], [17.1070324, 44.3508787], [17.1070875, 44.3508618], [17.1071504, 44.3508478], [17.1072132, 44.3508309], [17.107343, 44.3507944], [17.107398, 44.3507663], [17.1074491, 44.3507325], [17.1074838, 44.3506956], [17.1075172, 44.3506738], [17.1075561, 44.3506519], [17.1075922, 44.350632], [17.1076312, 44.3506161], [17.1077062, 44.3505823], [17.1077507, 44.3505625], [17.1077951, 44.3505486], [17.1078424, 44.3505446], [17.1078869, 44.3505426], [17.1079341, 44.3505426], [17.1079786, 44.3505565], [17.1080119, 44.3505804], [17.1080119, 44.3506141], [17.107998, 44.3506479], [17.1079702, 44.3506777], [17.1079424, 44.3507056], [17.1079147, 44.3507374], [17.1078869, 44.3507712], [17.1078646, 44.350801], [17.1078479, 44.3508348], [17.1078591, 44.3508745], [17.1078924, 44.3509023], [17.1079397, 44.3509083], [17.1079925, 44.3509143], [17.1080397, 44.3509162], [17.1080814, 44.3509361], [17.1081231, 44.350962], [17.1081509, 44.3509878], [17.1081731, 44.3510196], [17.108187, 44.3510514], [17.1081926, 44.3510872], [17.1081898, 44.351121], [17.1081843, 44.3511567], [17.1081759, 44.3511945], [17.1081731, 44.3512621], [17.1081954, 44.3512939], [17.1082315, 44.3513217], [17.1082704, 44.3513396], [17.1083149, 44.3513475], [17.1083649, 44.3513495], [17.1084205, 44.3513396], [17.1084566, 44.3513237], [17.1084789, 44.3512939], [17.1084983, 44.3512621], [17.1085178, 44.3511985], [17.1085317, 44.3511686], [17.1085511, 44.3511388], [17.1085845, 44.351115], [17.1086317, 44.3510931], [17.1086762, 44.3510752], [17.1087207, 44.3510534], [17.1087596, 44.3510335], [17.1088041, 44.3510196], [17.1088458, 44.3510057], [17.1088874, 44.3509858], [17.1089375, 44.35096], [17.108968, 44.3509381], [17.1090042, 44.3509103], [17.1090347, 44.3508765], [17.1090542, 44.3508427], [17.1090764, 44.3508089], [17.1091015, 44.3507374], [17.1091042, 44.3507016], [17.1091042, 44.3506678], [17.1090987, 44.350634], [17.1090792, 44.3506022], [17.109057, 44.3505744], [17.1090264, 44.3505466], [17.1089875, 44.3505247], [17.1089514, 44.3505048], [17.1089097, 44.3504889], [17.1088207, 44.3504591], [17.1087763, 44.3504472], [17.1087151, 44.3504313], [17.1086234, 44.3504074], [17.1085789, 44.3503876], [17.10854, 44.3503657], [17.1084983, 44.3503478], [17.1084566, 44.350322], [17.1084177, 44.3502981], [17.108351, 44.3502504], [17.1082676, 44.3501769], [17.1082232, 44.3501411], [17.1081787, 44.3501093], [17.1081398, 44.3500795], [17.1081009, 44.3500517], [17.1080647, 44.3500278], [17.1080203, 44.3500139], [17.1079786, 44.35], [17.1079341, 44.3499881], [17.1078896, 44.3499742], [17.1078507, 44.3499563], [17.1078118, 44.3499364], [17.1077785, 44.3499106], [17.1077618, 44.3498887], [17.108779, 44.3491891], [17.1090764, 44.3490858], [17.1098741, 44.3489188], [17.1111082, 44.3489228], [17.1117836, 44.3489745], [17.1118419, 44.3487956], [17.1119225, 44.3487121], [17.1130565, 44.3487737], [17.1138042, 44.3486326], [17.1138487, 44.3486227], [17.1145991, 44.3485471], [17.115394, 44.3485273], [17.1163514, 44.3484159], [17.1168261, 44.3484031], [17.1171113, 44.3483359], [17.1171617, 44.3483333], [17.117906, 44.348162], [17.1183174, 44.3480358], [17.1185977, 44.3480358], [17.1186792, 44.3480468], [17.1187608, 44.3480614], [17.1188424, 44.3480723], [17.118929, 44.3480978], [17.1190106, 44.348116], [17.1196889, 44.3483796], [17.1198923, 44.3484587], [17.1204071, 44.349286], [17.1203154, 44.3499129], [17.120504, 44.3505143], [17.1202491, 44.3506054], [17.1204887, 44.3508278], [17.1208149, 44.351072], [17.1210697, 44.3512287], [17.121396, 44.3513526], [17.1217476, 44.3512834], [17.1224612, 44.3513563], [17.1230219, 44.3512396], [17.1228282, 44.3513599], [17.1225479, 44.351451], [17.1224612, 44.3514765], [17.1224001, 44.3515203], [17.1224205, 44.3515822], [17.1224918, 44.3516187], [17.1225581, 44.3516515], [17.1229149, 44.3519139], [17.1228556, 44.3519295], [17.1227421, 44.3519463], [17.1227096, 44.3519476], [17.1226844, 44.3519605], [17.1226682, 44.3519798], [17.122679, 44.352012], [17.1226988, 44.3520313], [17.1229781, 44.3521821], [17.1230574, 44.3524321], [17.1229781, 44.3525107], [17.1227871, 44.3525751], [17.1227529, 44.3525738], [17.1224844, 44.3525751], [17.1224375, 44.3525751], [17.1224141, 44.3525906], [17.1224123, 44.3526125], [17.1224249, 44.3526357], [17.122707, 44.352991], [17.1228853, 44.3533299], [17.1229363, 44.3535267], [17.1230892, 44.3538146], [17.123209, 44.3541281], [17.1232702, 44.3542775], [17.1233643, 44.3545697], [17.1233643, 44.3546599], [17.1233499, 44.3547063], [17.1233067, 44.3547372], [17.1232454, 44.354745], [17.1231805, 44.3547398], [17.1231228, 44.3547218], [17.123058, 44.3547166], [17.1229967, 44.3547321], [17.1231841, 44.3551418], [17.1231985, 44.3553377], [17.123231, 44.3557577], [17.1232346, 44.3559355], [17.1233643, 44.3561649], [17.1234004, 44.3563762], [17.1233535, 44.3568607], [17.1233571, 44.3572008], [17.1234184, 44.3576234], [17.1235625, 44.3580435], [17.1237824, 44.3584042], [17.1239121, 44.3585434], [17.1239914, 44.3588011], [17.1239338, 44.3589376], [17.1241212, 44.3595638], [17.124114, 44.3598885], [17.1241428, 44.3603111], [17.124168, 44.3604245], [17.124168, 44.360744], [17.1242653, 44.3608574], [17.1243843, 44.3610249], [17.1245717, 44.3611382], [17.124842, 44.3613521], [17.1249826, 44.3615325], [17.1250979, 44.3616974], [17.1252853, 44.3618855], [17.1254403, 44.3625116], [17.1255592, 44.3630321], [17.1255881, 44.3632692], [17.1256782, 44.363465], [17.1257358, 44.3638], [17.126053, 44.3640267], [17.1261431, 44.3642921], [17.1261611, 44.3643411], [17.1261791, 44.3643875], [17.1262008, 44.3644287], [17.126226, 44.3644699], [17.126262, 44.3645086], [17.1263053, 44.3645395], [17.1263593, 44.3645575], [17.1264134, 44.3645704], [17.1264711, 44.3645755], [17.1265396, 44.3645859], [17.1266008, 44.3645936], [17.1266621, 44.3646039], [17.1267198, 44.3646142], [17.1268747, 44.3646631], [17.1269216, 44.3646915], [17.1269757, 44.3647224], [17.1270261, 44.3647456], [17.1270658, 44.3647791], [17.1270982, 44.3648152], [17.1271234, 44.3648564], [17.1271487, 44.3648976], [17.1271739, 44.3649363], [17.1271955, 44.3649775], [17.1272171, 44.3650213], [17.1272388, 44.3650599], [17.1272568, 44.3651037], [17.1272784, 44.365145], [17.1273072, 44.3651888], [17.1273361, 44.3652326], [17.1273577, 44.3652738], [17.1273865, 44.3653666], [17.1274009, 44.3654129], [17.127419, 44.3654542], [17.1274442, 44.3654928], [17.127473, 44.365534], [17.1275019, 44.3655701], [17.1275739, 44.3656757], [17.1275992, 44.3657324], [17.1276172, 44.3657737], [17.1276352, 44.3658175], [17.1276532, 44.3658638], [17.1276676, 44.3659102], [17.1276857, 44.365954], [17.1276965, 44.3660004], [17.1277145, 44.3660416], [17.1277397, 44.366088], [17.1277686, 44.3661292], [17.1278046, 44.3661679], [17.127837, 44.3662091], [17.1278767, 44.3662503], [17.1279127, 44.366289], [17.1279488, 44.366325], [17.1279848, 44.3663611], [17.1280281, 44.3663946], [17.1280749, 44.3664255], [17.1284389, 44.3665956], [17.1285362, 44.3666574], [17.1285687, 44.3666935], [17.1286011, 44.3667321], [17.1286336, 44.3667708], [17.1286588, 44.3668146], [17.1286732, 44.3668558], [17.128684, 44.3669022], [17.1287056, 44.3669486], [17.1287309, 44.3669898], [17.1287633, 44.3670336], [17.1287993, 44.3670697], [17.1288354, 44.3671057], [17.1288642, 44.3671418], [17.1289759, 44.3672629], [17.1290624, 44.3673299], [17.1291309, 44.3673711], [17.129185, 44.3674072], [17.1292318, 44.3674407], [17.1292751, 44.3674767], [17.1293255, 44.3675154], [17.1293724, 44.3675566], [17.129412, 44.3675927], [17.1294481, 44.3676339], [17.1294769, 44.3676725], [17.1295021, 44.3677163], [17.1295238, 44.3677601], [17.1295454, 44.3678065], [17.1295706, 44.3678529], [17.1295923, 44.3678915], [17.1296211, 44.3679328], [17.1296499, 44.3679688], [17.129686, 44.3680049], [17.1297292, 44.3680616], [17.1297544, 44.3681054], [17.1297761, 44.3681466], [17.1298013, 44.3681878], [17.1298373, 44.3682316], [17.129877, 44.3682729], [17.129913, 44.3683089], [17.1299491, 44.3683424], [17.1299923, 44.3683759], [17.130032, 44.3684068], [17.1300752, 44.3684403], [17.1301076, 44.3684764], [17.1301365, 44.368515], [17.1301689, 44.3685537], [17.1301977, 44.3685923], [17.1302266, 44.3686284], [17.1302518, 44.3686722], [17.1302734, 44.3687109], [17.1303816, 44.3689273], [17.1304068, 44.3689711], [17.130432, 44.3690097], [17.1304608, 44.3690458], [17.1304861, 44.369087], [17.1305113, 44.3691257], [17.1305329, 44.3691695], [17.1305546, 44.3692184], [17.1305726, 44.3692648], [17.1305798, 44.3693112], [17.1306122, 44.3695327], [17.130623, 44.3695765], [17.1306555, 44.3696409], [17.1306807, 44.3696847], [17.1307059, 44.369726], [17.1307239, 44.3697698], [17.1307312, 44.3698161], [17.1307312, 44.3698651], [17.130742, 44.3700094], [17.1307492, 44.3700557], [17.1307492, 44.3701459], [17.1307348, 44.3701923], [17.1307095, 44.3702361], [17.1306915, 44.3702799], [17.1306879, 44.3703237], [17.1306915, 44.3703701], [17.1307023, 44.3704164], [17.1307095, 44.3704705], [17.1307095, 44.3705143], [17.1312646, 44.3709369], [17.131333, 44.3710992], [17.1313583, 44.3711378], [17.1313871, 44.3711764], [17.1314159, 44.3712151], [17.131452, 44.3712589], [17.1314916, 44.3712924], [17.1315349, 44.3713362], [17.1315709, 44.3713722], [17.1316142, 44.3714083], [17.1316682, 44.3714289], [17.1317295, 44.3714341], [17.1317908, 44.3714289], [17.1318556, 44.3714212], [17.1319169, 44.3714367], [17.131971, 44.3714495], [17.1320286, 44.3714573], [17.1320935, 44.3714573], [17.1321512, 44.3714547], [17.1322089, 44.3714367], [17.1322665, 44.3714057], [17.132317, 44.37138], [17.1323602, 44.3713491], [17.1324035, 44.3713156], [17.1324431, 44.3712821], [17.1324864, 44.3712537], [17.1325296, 44.3712254], [17.1325873, 44.3712125], [17.1326486, 44.3712099], [17.1327134, 44.3712125], [17.1327819, 44.3712202], [17.132836, 44.3712409], [17.1328972, 44.3712589], [17.1329513, 44.3712718], [17.1330198, 44.3712821], [17.1330883, 44.3712847], [17.1331531, 44.3712821], [17.1332108, 44.3712692], [17.1332685, 44.3712589], [17.1333297, 44.3712486], [17.1333802, 44.3712331], [17.1334379, 44.3712177], [17.1335063, 44.3712048], [17.1335784, 44.3711996], [17.1336397, 44.3711971], [17.1337622, 44.3711971], [17.1338271, 44.3712099], [17.1338848, 44.3712254], [17.133946, 44.3712383], [17.1340037, 44.3712563], [17.1340614, 44.3712795], [17.1341118, 44.3713104], [17.1341587, 44.3713336], [17.1342019, 44.3713671], [17.134238, 44.3714032], [17.1344074, 44.3715655], [17.1345119, 44.3716814], [17.1345407, 44.3717175], [17.134584, 44.3717561], [17.1346308, 44.3717896], [17.1346813, 44.3718128], [17.1347353, 44.3718334], [17.1348327, 44.3718489], [17.1349011, 44.3718489], [17.134966, 44.3718463], [17.1350237, 44.3718566], [17.1350777, 44.3718824], [17.1351282, 44.3719107], [17.1351714, 44.3719442], [17.1352111, 44.3719803], [17.1352543, 44.3720215], [17.1353048, 44.372055], [17.1353553, 44.372073], [17.1354201, 44.3720833], [17.135485, 44.3720833], [17.1355535, 44.3720782], [17.1356111, 44.3720807], [17.1356724, 44.372091], [17.1357337, 44.3721091], [17.1357914, 44.3721245], [17.1358454, 44.3721374], [17.1359067, 44.3721477], [17.1359644, 44.3721529], [17.1360869, 44.3721529], [17.1361482, 44.3721503], [17.1362058, 44.3721503], [17.1362671, 44.3721606], [17.1363176, 44.3721786], [17.1363752, 44.3721992], [17.1364833, 44.3722379], [17.1365446, 44.3722508], [17.1366095, 44.3722611], [17.1366744, 44.3722662], [17.1367356, 44.3722791], [17.1367933, 44.3722946], [17.136851, 44.3723152], [17.1369122, 44.3723332], [17.1369699, 44.3723461], [17.1370276, 44.3723538], [17.1372438, 44.3724053], [17.1373195, 44.3724208], [17.137388, 44.3724337], [17.1374493, 44.3724491], [17.1375069, 44.3724646], [17.137561, 44.3724852], [17.1376259, 44.3725032], [17.1376835, 44.3725213], [17.1377484, 44.3725445], [17.1378025, 44.3725599], [17.1378529, 44.3725805], [17.1379106, 44.3726114], [17.1379574, 44.3726372], [17.1380115, 44.3726733], [17.138062, 44.3727042], [17.1381557, 44.3727609], [17.1382422, 44.3728227], [17.138289, 44.3728485], [17.1384656, 44.3728562], [17.1385918, 44.3728562], [17.1386566, 44.3728588], [17.1387179, 44.3728639], [17.1387756, 44.3728691], [17.1388332, 44.3728639], [17.1388765, 44.3728356], [17.1389233, 44.3727995], [17.1389486, 44.3727609], [17.1389594, 44.3727145], [17.1389594, 44.3726707], [17.138945, 44.3725831], [17.1389414, 44.3725419], [17.1389414, 44.3724981], [17.1389594, 44.3724543], [17.1389882, 44.3724182], [17.1390243, 44.3723822], [17.1390711, 44.3723538], [17.139118, 44.3723332], [17.1391756, 44.3723177], [17.1392297, 44.372292], [17.1392693, 44.3722585], [17.1395757, 44.37172], [17.139709, 44.3715243], [17.1397307, 44.3714856], [17.1397451, 44.371447], [17.1397559, 44.3714057], [17.1397595, 44.3713594], [17.1397595, 44.3713181], [17.1397559, 44.3712769], [17.1397523, 44.3712331], [17.1397667, 44.3711893], [17.1397955, 44.3711481], [17.1398316, 44.371112], [17.1398676, 44.3710734], [17.1399109, 44.3710399], [17.1399505, 44.3710038], [17.1399974, 44.3709729], [17.1400406, 44.370942], [17.1400767, 44.3709111], [17.1400983, 44.3708699], [17.1401199, 44.3708312], [17.1401596, 44.3707977], [17.14021, 44.3707745], [17.1402641, 44.3707617], [17.1403181, 44.3707488], [17.1403758, 44.3707359], [17.1404299, 44.3707204], [17.1404803, 44.3707024], [17.1405308, 44.3706792], [17.140574, 44.3706509], [17.1406173, 44.3706225], [17.1406677, 44.3705994], [17.1407326, 44.3705787], [17.1408011, 44.3705736], [17.1408624, 44.370571], [17.1409308, 44.3705736], [17.1409921, 44.3705787], [17.1410534, 44.3705813], [17.141111, 44.3705813], [17.1411687, 44.3705787], [17.1412192, 44.3705581], [17.1412588, 44.3705272], [17.1412985, 44.3704937], [17.1413453, 44.3704654], [17.1413958, 44.3704345], [17.1414462, 44.3704087], [17.1415003, 44.3703855], [17.141558, 44.3703701], [17.1416156, 44.3703572], [17.1416733, 44.3703469], [17.1417382, 44.3703366], [17.1417994, 44.3703237], [17.1418643, 44.3703185], [17.1419256, 44.3703108], [17.1419869, 44.3703082], [17.1420589, 44.3703082], [17.1421166, 44.3703108], [17.1421779, 44.3703237], [17.1422355, 44.3703366], [17.1423004, 44.3703572], [17.1423581, 44.3703726], [17.1424193, 44.3703804], [17.1424806, 44.3703752], [17.1425419, 44.3703597], [17.1425996, 44.3703469], [17.1426536, 44.370334], [17.1427149, 44.3703237], [17.1427762, 44.3703185], [17.1429383, 44.3703314], [17.1430176, 44.3703314], [17.1430861, 44.3703263], [17.1431474, 44.3703134], [17.1432159, 44.3702979], [17.143306, 44.3702799], [17.1434213, 44.3702515], [17.143479, 44.3702258], [17.1435294, 44.370182], [17.1435727, 44.3701459], [17.1436411, 44.3701279], [17.1436952, 44.3701124], [17.1437529, 44.3700944], [17.1438033, 44.3700686], [17.1438574, 44.3700326], [17.1439042, 44.3700016], [17.1439475, 44.3699707], [17.1439871, 44.3699321], [17.1440232, 44.369896], [17.1440664, 44.3698625], [17.1441565, 44.3697981], [17.144207, 44.3697801], [17.1442683, 44.3697698], [17.1444301, 44.3697901], [17.1444938, 44.3697136], [17.1445397, 44.3697099], [17.1448506, 44.3693893], [17.1450927, 44.3691616], [17.1450545, 44.3691361], [17.1451997, 44.3690213], [17.1452303, 44.3689958], [17.1452584, 44.3689685], [17.1452838, 44.3689448], [17.1453068, 44.3689211], [17.1453297, 44.3688901], [17.1453501, 44.3688646], [17.1453883, 44.36881], [17.1454036, 44.3687826], [17.1454342, 44.3687243], [17.1454571, 44.368697], [17.1454775, 44.3686697], [17.1455285, 44.3686187], [17.1457298, 44.3684656], [17.1460102, 44.3682816], [17.1463364, 44.3681231], [17.1466549, 44.3680157], [17.1466957, 44.3680047], [17.1470423, 44.367941], [17.1474118, 44.3679209], [17.1478145, 44.3679227], [17.1482962, 44.3679318], [17.1486351, 44.3679173], [17.148681, 44.3679173], [17.1490913, 44.3678936], [17.1496061, 44.3676367], [17.1503069, 44.3672323], [17.1509823, 44.3668588], [17.1516602, 44.3665509], [17.1524069, 44.3662648], [17.1532071, 44.3660043], [17.1536684, 44.365915], [17.1542087, 44.3660298], [17.1546165, 44.3659387], [17.1546419, 44.3658385], [17.1546827, 44.365864], [17.1548637, 44.3658713], [17.1550242, 44.3657984], [17.1554269, 44.3656928], [17.1555645, 44.3656454], [17.1556027, 44.3656308], [17.155641, 44.3656181], [17.1556817, 44.3656035], [17.1557251, 44.3656053], [17.1557684, 44.3656035], [17.1558015, 44.3655889], [17.1558346, 44.3655707], [17.1558703, 44.3655525], [17.1559035, 44.3655361], [17.1559417, 44.3655252], [17.155985, 44.3655233], [17.1560691, 44.3655233], [17.1561073, 44.3655343], [17.156143, 44.3655525], [17.1561787, 44.365578], [17.1562093, 44.3656035], [17.1562424, 44.3656254], [17.1562857, 44.3656326], [17.1563265, 44.3656235], [17.1563928, 44.3655907], [17.156431, 44.3655743], [17.1564667, 44.365558], [17.1565075, 44.3655488], [17.1565482, 44.365547], [17.156589, 44.3655561], [17.1566349, 44.3655598], [17.1566757, 44.3655598], [17.156719, 44.3655561], [17.1567649, 44.3655525], [17.1569305, 44.3655088], [17.1569713, 44.3654978], [17.157007, 44.3654851], [17.1570452, 44.3654705], [17.1570783, 44.3654541], [17.157114, 44.3654341], [17.157142, 44.3654086], [17.1571624, 44.3653849], [17.1571854, 44.3653539], [17.1571981, 44.3653266], [17.1572108, 44.3652956], [17.1572261, 44.3652683], [17.1572465, 44.3652391], [17.1572746, 44.36521], [17.1573077, 44.3651863], [17.1573434, 44.3651699], [17.1573841, 44.3651571], [17.1574249, 44.3651498], [17.1574682, 44.3651498], [17.1575116, 44.3651608], [17.1575523, 44.3651717], [17.1575957, 44.3651826], [17.157639, 44.3651881], [17.1576798, 44.3651881], [17.1577231, 44.3651826], [17.157769, 44.3651699], [17.1578021, 44.3651517], [17.1578301, 44.3651316], [17.1578607, 44.3651116], [17.157927, 44.3651462], [17.1580011, 44.3651524], [17.1581895, 44.3651681], [17.1585972, 44.365159], [17.1593898, 44.3651316], [17.1595606, 44.3651407], [17.1596039, 44.3651353], [17.1596498, 44.3651353], [17.1596931, 44.3651334], [17.1597364, 44.3651371], [17.1598231, 44.3651407], [17.1598638, 44.3651444], [17.1599046, 44.3651517], [17.1599479, 44.3651608], [17.1599887, 44.3651753], [17.1600193, 44.365199], [17.1601467, 44.3653575], [17.1602308, 44.3654432], [17.160292, 44.3654669], [17.1603608, 44.3654851], [17.160952, 44.3660644], [17.1610846, 44.3662321], [17.161161, 44.3662849], [17.1611967, 44.3662885], [17.1611534, 44.3663341], [17.1613012, 44.3665381], [17.1613012, 44.3666347], [17.1613827, 44.3667895], [17.1614261, 44.3670155], [17.1615153, 44.3672432], [17.1616529, 44.3674345], [17.1618415, 44.3676987], [17.1619179, 44.3678736], [17.1619179, 44.3679082], [17.1619714, 44.3681067], [17.162081, 44.3682907], [17.1622136, 44.3686314], [17.1622722, 44.3687626], [17.1623206, 44.3690104], [17.1623231, 44.3690222], [17.1623251, 44.3690304], [17.1623327, 44.3690454], [17.1623454, 44.3690577], [17.1623544, 44.3690627], [17.1623646, 44.3690655], [17.1623747, 44.3690659], [17.1623869, 44.3690664], [17.1623977, 44.3690668], [17.1624092, 44.3690673], [17.16242, 44.3690682], [17.1624404, 44.3690746], [17.1624506, 44.3690782], [17.1624582, 44.3690837], [17.1624646, 44.3690905], [17.162469, 44.3690974], [17.1624722, 44.3691051], [17.1624754, 44.3691206], [17.1624754, 44.3691456], [17.1624735, 44.3691547], [17.1624703, 44.3691625], [17.1624665, 44.3691725], [17.1624639, 44.3691807], [17.1623951, 44.3693419], [17.1623658, 44.3693747], [17.162311, 44.3694157], [17.1623008, 44.3694294], [17.1622932, 44.369444], [17.1622881, 44.3694613], [17.1622855, 44.3694767], [17.1622537, 44.3695997], [17.1622435, 44.3697026], [17.1622257, 44.36976], [17.1622167, 44.3697983], [17.1622295, 44.3698557], [17.1622639, 44.3699322], [17.1622741, 44.3700051], [17.1622677, 44.3700734], [17.1622754, 44.3701772], [17.1623136, 44.3703339], [17.1623442, 44.3704605], [17.1623403, 44.3705215], [17.1623442, 44.3705671], [17.1623607, 44.3706181], [17.1624474, 44.3707611], [17.1624588, 44.3708412], [17.1624576, 44.3709442], [17.1624244, 44.3710589], [17.1624041, 44.3712302], [17.1623951, 44.3712939], [17.1624092, 44.3713395], [17.16265, 44.3717266], [17.1627952, 44.371907], [17.1630157, 44.3721328], [17.1631571, 44.3722886], [17.1633432, 44.3724999], [17.1633916, 44.3725837], [17.1634158, 44.3726475], [17.1634222, 44.3727112], [17.1634184, 44.3727604], [17.1634043, 44.372785], [17.1634298, 44.3728114], [17.163175, 44.3728597], [17.1629176, 44.3729262], [17.1626984, 44.372989], [17.1625493, 44.3730419], [17.162204, 44.3731712], [17.1619568, 44.3732823], [17.1617312, 44.3734062], [17.1615248, 44.3735428], [17.1614904, 44.373623], [17.1614789, 44.3737022], [17.1613732, 44.3738443], [17.1613031, 44.3739017], [17.1613018, 44.3739645], [17.1612853, 44.3740001], [17.1612916, 44.3740492], [17.1613095, 44.374103], [17.1613311, 44.3742715], [17.1613362, 44.3742897], [17.1613464, 44.37447], [17.1612776, 44.3746039], [17.1612254, 44.3746631], [17.1611374, 44.3747087], [17.1610878, 44.3747652], [17.1610381, 44.3747979], [17.160954, 44.3749582], [17.1609412, 44.3750539], [17.1609387, 44.3752297], [17.1609361, 44.3754273], [17.1609196, 44.3754847], [17.1609132, 44.3755521], [17.1608877, 44.3756495], [17.1608342, 44.3757342], [17.1607386, 44.3758344], [17.1606469, 44.3759082], [17.1605182, 44.3760321], [17.1604137, 44.3761559], [17.160364, 44.376258], [17.1603538, 44.3763499], [17.1603538, 44.3763663], [17.1603551, 44.3763827], [17.1603602, 44.3763973], [17.1603665, 44.3764128], [17.1603754, 44.3764274], [17.1603882, 44.376441], [17.1604035, 44.3764529], [17.1604188, 44.3764629], [17.1604379, 44.3764702], [17.1604595, 44.3764738], [17.1604799, 44.3764775], [17.1605003, 44.376482], [17.160522, 44.3764866], [17.1605424, 44.376492], [17.1606252, 44.3765321], [17.1607004, 44.3765813], [17.1607756, 44.3764492], [17.1609043, 44.3763017], [17.1610737, 44.3762142], [17.1612725, 44.3761386], [17.1613452, 44.376135], [17.1613681, 44.3761323], [17.1615783, 44.3761113], [17.1620753, 44.3758654], [17.1621492, 44.3757916], [17.1626347, 44.3756641], [17.1629431, 44.375645], [17.1631202, 44.375441], [17.1644951, 44.3754783], [17.1655078, 44.3756098], [17.1656447, 44.3757386], [17.1658322, 44.3757901], [17.1662358, 44.375955], [17.1666323, 44.375852], [17.1677207, 44.3759911], [17.1683623, 44.3760477], [17.1692345, 44.376362], [17.1697246, 44.3763672], [17.1706977, 44.3768669], [17.1708924, 44.3774697], [17.1716636, 44.3778613], [17.1722331, 44.3779901], [17.1717934, 44.3788556], [17.1721178, 44.3789329], [17.1723484, 44.379175], [17.1725575, 44.3795202], [17.172471, 44.3798499], [17.172716, 44.3802106], [17.1729611, 44.3808494], [17.1728674, 44.380937], [17.1730765, 44.3814058], [17.1730188, 44.3816531], [17.1727593, 44.3819364], [17.1755633, 44.3828534], [17.1758444, 44.3829152], [17.1759742, 44.3828998], [17.1761039, 44.3828895], [17.1762193, 44.382874], [17.1763346, 44.3828431], [17.1764355, 44.382807], [17.1765508, 44.3827607], [17.1775888, 44.3824155], [17.1781871, 44.3822455], [17.1784394, 44.3825379], [17.1784628, 44.3825623], [17.1784844, 44.3825765], [17.1785097, 44.3825855], [17.1785403, 44.3825881], [17.1785728, 44.3825855], [17.178607, 44.3825739], [17.1786376, 44.3825662], [17.1786647, 44.3825598], [17.1786989, 44.3825508], [17.1787313, 44.3825456], [17.178762, 44.3825533], [17.1787872, 44.3825662], [17.178807, 44.3825817], [17.178825, 44.3825984], [17.1788431, 44.3826177], [17.1788593, 44.3826358], [17.1788701, 44.3826551], [17.1789386, 44.3827826], [17.178971, 44.3828225], [17.179126, 44.3830968], [17.1794298, 44.3833576], [17.1794766, 44.3834272], [17.1795703, 44.3834787], [17.1796532, 44.3835972], [17.1799488, 44.3837775], [17.1813075, 44.3842978], [17.181385, 44.3843441], [17.1814283, 44.3843586], [17.1814869, 44.3843696], [17.1815328, 44.3843714], [17.1816679, 44.3843714], [17.1815557, 44.3844588], [17.1815149, 44.3844789], [17.1814767, 44.3845062], [17.1814589, 44.3845353], [17.1814334, 44.3846009], [17.1814283, 44.3846318], [17.1814232, 44.3846938], [17.1814105, 44.3847266], [17.1813901, 44.3847575], [17.1813595, 44.384783], [17.1813289, 44.3848067], [17.1813009, 44.3848322], [17.1812677, 44.384865], [17.1812423, 44.3848941], [17.1812244, 44.3849214], [17.1812015, 44.3849506], [17.1811734, 44.3849743], [17.1811378, 44.3849979], [17.1811174, 44.3850271], [17.1810893, 44.38514], [17.1810792, 44.3851746], [17.1810792, 44.3852092], [17.1810766, 44.3852402], [17.1810792, 44.3852729], [17.1810893, 44.3853039], [17.1810995, 44.3853658], [17.181097, 44.3854023], [17.1810868, 44.3854369], [17.1810766, 44.3854733], [17.1810639, 44.3855024], [17.1810409, 44.3855316], [17.1810333, 44.3855644], [17.1810282, 44.3856008], [17.1810256, 44.3856372], [17.1810231, 44.3856682], [17.1810409, 44.3860488], [17.1810435, 44.3860816], [17.1810511, 44.3861144], [17.1810562, 44.3861453], [17.1810639, 44.3861781], [17.1810715, 44.38622], [17.1810817, 44.3862546], [17.1810944, 44.3862892], [17.1811072, 44.3863256], [17.1811199, 44.3863566], [17.181148, 44.3863912], [17.1811709, 44.3864185], [17.181204, 44.3864422], [17.1812397, 44.3864586], [17.1813213, 44.3864896], [17.1813569, 44.3865059], [17.1813926, 44.386526], [17.1814232, 44.3865478], [17.1814487, 44.3865715], [17.1815838, 44.3867336], [17.1816118, 44.3867627], [17.1816322, 44.3867901], [17.1816551, 44.3868156], [17.1816755, 44.3868465], [17.1816882, 44.3868757], [17.1817086, 44.3869339], [17.1817163, 44.3869685], [17.1817265, 44.3870013], [17.1817392, 44.3870341], [17.1817494, 44.3870669], [17.1817596, 44.3871033], [17.1817749, 44.3871416], [17.1817876, 44.3871762], [17.1818055, 44.3872071], [17.1818233, 44.3872363], [17.1818463, 44.3872618], [17.1818717, 44.3872891], [17.1819074, 44.3873109], [17.1819431, 44.3873237], [17.1819864, 44.3873273], [17.1820272, 44.3873383], [17.1820629, 44.3873528], [17.1820884, 44.3873765], [17.1821087, 44.3874075], [17.1821266, 44.3874402], [17.1821393, 44.3874767], [17.1821495, 44.3875095], [17.1821648, 44.3876151], [17.1821878, 44.3876406], [17.1822234, 44.387657], [17.182254, 44.3876788], [17.1822795, 44.3877517], [17.1822999, 44.3877808], [17.1823177, 44.38781], [17.1823254, 44.3878446], [17.1823305, 44.387881], [17.1823305, 44.3879138], [17.1823356, 44.3879465], [17.1823534, 44.3879811], [17.1823712, 44.3880103], [17.1824222, 44.3880649], [17.1824375, 44.3880922], [17.1824553, 44.3881268], [17.1824655, 44.3881596], [17.1824706, 44.3881906], [17.1824808, 44.3882234], [17.182491, 44.388258], [17.1825038, 44.3882926], [17.1825191, 44.3883308], [17.1825318, 44.38836], [17.1825394, 44.3883909], [17.1825522, 44.3884201], [17.1825649, 44.3884583], [17.1825828, 44.3884893], [17.1825955, 44.3885184], [17.1826363, 44.3885767], [17.1826516, 44.388604], [17.1826618, 44.388635], [17.1826669, 44.3886677], [17.1826771, 44.388726], [17.1826975, 44.3887515], [17.1827178, 44.3887825], [17.1827357, 44.3888134], [17.1827357, 44.3888462], [17.1827331, 44.3888808], [17.1827229, 44.3889118], [17.1827102, 44.3889409], [17.1826745, 44.3889937], [17.1826567, 44.389021], [17.1826286, 44.3890484], [17.1826057, 44.3890739], [17.1825751, 44.3891048], [17.1825496, 44.3891321], [17.1825165, 44.3891649], [17.1824961, 44.3891922], [17.1824757, 44.3892214], [17.1824401, 44.3892797], [17.1824197, 44.3893106], [17.1823942, 44.3893434], [17.1823534, 44.389398], [17.1823152, 44.3894563], [17.1822846, 44.3894854], [17.1822158, 44.389531], [17.1821928, 44.3895601], [17.182175, 44.3895874], [17.1821597, 44.3896184], [17.1821444, 44.3896512], [17.1821342, 44.389684], [17.1821266, 44.3897204], [17.1821189, 44.3897532], [17.1820935, 44.3898224], [17.1820782, 44.3898879], [17.1820629, 44.3899207], [17.1820476, 44.3899517], [17.1820246, 44.3899826], [17.1819966, 44.3900118], [17.1819686, 44.3900427], [17.1819405, 44.3900682], [17.1819125, 44.3900974], [17.1818819, 44.3901283], [17.1818463, 44.3901611], [17.1818182, 44.3901884], [17.1817825, 44.3902212], [17.1817214, 44.3902831], [17.1816882, 44.3903177], [17.1816679, 44.3903487], [17.1816067, 44.3904361], [17.1815914, 44.390467], [17.181571, 44.3905035], [17.1815455, 44.3905417], [17.1815251, 44.3905781], [17.1815099, 44.3906164], [17.1814946, 44.3906528], [17.1814767, 44.3906838], [17.1814207, 44.3907857], [17.1814003, 44.3908276], [17.1813824, 44.3908549], [17.181362, 44.3908877], [17.1813416, 44.390915], [17.1813264, 44.3909442], [17.181306, 44.3909806], [17.1812881, 44.391017], [17.1812754, 44.3910498], [17.1812601, 44.3910808], [17.1812448, 44.3911154], [17.1812295, 44.3911554], [17.1812091, 44.3911919], [17.1811964, 44.3912228], [17.1811734, 44.3912975], [17.1811633, 44.3913284], [17.1811607, 44.391363], [17.181148, 44.3913976], [17.1811378, 44.3914359], [17.1811276, 44.3914668], [17.1811123, 44.3915288], [17.1811046, 44.3915615], [17.1810944, 44.3915943], [17.1810817, 44.3916253], [17.1809849, 44.3918238], [17.1807504, 44.3921388], [17.1808039, 44.3922007], [17.1806994, 44.39229], [17.1805185, 44.3924174], [17.1802968, 44.3925904], [17.1801566, 44.392758], [17.1800521, 44.3928563], [17.1799119, 44.3928982], [17.1797488, 44.3929219], [17.1796214, 44.3929711], [17.1793895, 44.3931568], [17.1793717, 44.3932205], [17.1793615, 44.3933881], [17.1792324, 44.393379], [17.1791711, 44.3933944], [17.1790341, 44.393433], [17.1789873, 44.393464], [17.1789476, 44.3935], [17.1789224, 44.3935386], [17.1789188, 44.3935824], [17.1789224, 44.3936262], [17.1789476, 44.39367], [17.1789729, 44.3937086], [17.1790053, 44.3937447], [17.1790738, 44.3938039], [17.1788972, 44.3939661], [17.1786521, 44.3939018], [17.178371, 44.3944632], [17.1784034, 44.3946512], [17.1784719, 44.3947104], [17.1784395, 44.3950581], [17.1783457, 44.395313], [17.1782556, 44.3953825], [17.1781007, 44.3957148], [17.1779493, 44.3958718], [17.1777439, 44.3961062], [17.177351, 44.3967062], [17.1771312, 44.3978316], [17.1765725, 44.3981689], [17.1764824, 44.3985964], [17.177208, 44.3988606], [17.1774231, 44.3989389], [17.1774952, 44.3990032], [17.1776141, 44.3989955], [17.1777475, 44.3990676], [17.1779601, 44.3991088], [17.1782304, 44.3992685], [17.1785296, 44.3994153], [17.1786016, 44.3995389], [17.1787818, 44.3995878], [17.1790846, 44.3996779], [17.1793549, 44.3998298], [17.1795063, 44.3998968], [17.1796216, 44.3999946], [17.1799496, 44.4000333], [17.1800901, 44.4000771], [17.1801983, 44.4001595], [17.1802631, 44.4002444], [17.1804614, 44.4003938], [17.1806524, 44.4005019], [17.1809047, 44.4006307], [17.1810128, 44.400677], [17.1811714, 44.4007105], [17.1813732, 44.4007775], [17.1814922, 44.4008805], [17.1816219, 44.4008908], [17.1816435, 44.4009577], [17.1817661, 44.4009577], [17.1816904, 44.4010556], [17.181667, 44.4010774], [17.181667, 44.4011006], [17.1816706, 44.4011238], [17.1816922, 44.4011431], [17.181721, 44.401147], [17.1817516, 44.4011495], [17.1817841, 44.4011547], [17.1818129, 44.4011624], [17.1818345, 44.4011766], [17.181849, 44.4011972], [17.1818598, 44.4012178], [17.1818652, 44.401241], [17.181867, 44.4012654], [17.1818562, 44.4012873], [17.1818345, 44.4013066], [17.1818075, 44.4013246], [17.1817787, 44.4013414], [17.1817553, 44.4013594], [17.1817462, 44.4013839], [17.1817444, 44.4014058], [17.1817498, 44.4014276], [17.1817607, 44.4014482], [17.1817769, 44.4014663], [17.1817913, 44.4014856], [17.1817967, 44.40151], [17.1817787, 44.4015409], [17.1817679, 44.4015615], [17.1817679, 44.4015847], [17.1817715, 44.4016079], [17.1817805, 44.4016285], [17.1817931, 44.4016478], [17.1818219, 44.4016581], [17.1818508, 44.4016594], [17.1818832, 44.4016607], [17.1819156, 44.4016684], [17.1819445, 44.40168], [17.1819679, 44.4016929], [17.1819877, 44.4017135], [17.1820039, 44.4017328], [17.1820147, 44.4017572], [17.182058, 44.401886], [17.1820652, 44.4019092], [17.1820742, 44.4019414], [17.1820814, 44.4019645], [17.1820994, 44.4020135], [17.1821103, 44.4020341], [17.1821211, 44.4020572], [17.1821355, 44.4020778], [17.1821499, 44.402101], [17.1821661, 44.4021203], [17.1821823, 44.4021383], [17.1822004, 44.4021551], [17.1822202, 44.4021731], [17.18224, 44.4021898], [17.1822634, 44.4022053], [17.1822887, 44.4022195], [17.1823139, 44.4022349], [17.1823337, 44.4022529], [17.1823481, 44.402271], [17.1823589, 44.4022941], [17.1823625, 44.402316], [17.1823625, 44.4023392], [17.1823644, 44.4023611], [17.1823644, 44.402383], [17.1823625, 44.4024074], [17.1823625, 44.4024306], [17.1823662, 44.4024538], [17.1823716, 44.4024757], [17.1823788, 44.4024963], [17.182386, 44.4025181], [17.1823896, 44.40254], [17.182413, 44.4026173], [17.1824202, 44.4026636], [17.182422, 44.4026855], [17.182422, 44.4027332], [17.1824148, 44.4027576], [17.1824094, 44.4027834], [17.1824094, 44.4028053], [17.1824112, 44.402831], [17.182422, 44.4028542], [17.1824382, 44.4028748], [17.1824617, 44.4028889], [17.1824923, 44.4028941], [17.1825211, 44.4028928], [17.1825482, 44.4028851], [17.1825788, 44.4028838], [17.1826076, 44.4028941], [17.1826311, 44.4029108], [17.1826473, 44.4029288], [17.1826599, 44.4029533], [17.1826671, 44.4029739], [17.1826725, 44.4029984], [17.1826743, 44.4030203], [17.1826743, 44.4030421], [17.1826725, 44.403064], [17.18267, 44.4031655], [17.1826725, 44.4032019], [17.1826801, 44.4032346], [17.1826903, 44.4032674], [17.1826903, 44.403333], [17.1826725, 44.4033639], [17.1826547, 44.4033931], [17.1826394, 44.403424], [17.1826317, 44.4034568], [17.1826266, 44.4034877], [17.1826266, 44.4035606], [17.1826292, 44.403597], [17.1826292, 44.4036625], [17.1826317, 44.4037008], [17.1826445, 44.4037317], [17.1826649, 44.4037608], [17.1826878, 44.4037863], [17.1827133, 44.4038155], [17.1827337, 44.4038446], [17.1827413, 44.4038755], [17.1827413, 44.4039083], [17.1827209, 44.4039702], [17.1827082, 44.4040012], [17.1827056, 44.4040339], [17.1827133, 44.4040704], [17.1827286, 44.4041068], [17.1827439, 44.4041341], [17.1827744, 44.4041578], [17.1828713, 44.404216], [17.1829044, 44.4042379], [17.1829401, 44.4042561], [17.1829834, 44.4042688], [17.1830191, 44.4042816], [17.1830854, 44.4042961], [17.1831287, 44.4043071], [17.1831746, 44.4043234], [17.1832153, 44.4043344], [17.183251, 44.4043489], [17.1832918, 44.4043653], [17.18333, 44.4043817], [17.1833657, 44.4043981], [17.1834014, 44.4044199], [17.1834294, 44.4044454], [17.1834549, 44.4044727], [17.1834727, 44.4045], [17.1834804, 44.4045328], [17.1834804, 44.4045984], [17.1834702, 44.4046293], [17.1834523, 44.4046584], [17.1834345, 44.4046858], [17.1834192, 44.4047149], [17.1836894, 44.4045456], [17.1838678, 44.4045747], [17.1839468, 44.4046457], [17.1844004, 44.4046712], [17.1847215, 44.404602], [17.1847674, 44.404602], [17.1848132, 44.4046038], [17.1848591, 44.4046075], [17.1849024, 44.4046111], [17.1849585, 44.4046184], [17.1850069, 44.4046257], [17.1850477, 44.4046348], [17.1850859, 44.404653], [17.1851191, 44.404673], [17.1851446, 44.4047003], [17.1853204, 44.4048951], [17.1856721, 44.404957], [17.1861538, 44.4050645], [17.1863729, 44.4051209], [17.1867399, 44.4051318], [17.1870024, 44.4052229], [17.1872063, 44.4052975], [17.1868724, 44.4054741], [17.1868368, 44.4055014], [17.1868087, 44.4055251], [17.1867909, 44.405556], [17.1867832, 44.4055888], [17.1867832, 44.4056198], [17.1867883, 44.4056562], [17.1867985, 44.4056889], [17.1868113, 44.4057199], [17.1869158, 44.4059566], [17.1870075, 44.4060494], [17.1872394, 44.4062078], [17.187349, 44.406328], [17.1876192, 44.4064536], [17.1878969, 44.4066484], [17.1883047, 44.4068888], [17.1884092, 44.4069725], [17.1888271, 44.4072474], [17.1890794, 44.4073639], [17.1893114, 44.4074677], [17.1894464, 44.4075569], [17.1894796, 44.4076188], [17.1894999, 44.4077444], [17.1894133, 44.407952], [17.1893853, 44.4080521], [17.1893776, 44.4081577], [17.1893955, 44.4083015], [17.1891406, 44.4083252], [17.1890208, 44.4083744], [17.1888246, 44.4084162], [17.1886411, 44.4084399], [17.1884653, 44.4084891], [17.1883378, 44.4085382], [17.1882435, 44.4086311], [17.1881492, 44.4087312], [17.1883327, 44.4089751], [17.1888271, 44.4094194], [17.1890387, 44.4096032], [17.1894158, 44.4098781], [17.1895637, 44.410022], [17.1897497, 44.4102295], [17.1899052, 44.4104662], [17.1902951, 44.4109541], [17.1903308, 44.4111907], [17.1903129, 44.4112981], [17.1903511, 44.4113764], [17.1903639, 44.4115366], [17.1903945, 44.4116276], [17.1904709, 44.4117441], [17.1905244, 44.4117587], [17.1907181, 44.411888], [17.1915438, 44.4124924], [17.1915515, 44.4126435], [17.1915489, 44.4126744], [17.1915413, 44.4127072], [17.1915286, 44.4127399], [17.1915158, 44.4127691], [17.1914903, 44.4127946], [17.1914546, 44.4128182], [17.1914113, 44.412831], [17.1913655, 44.4128437], [17.1913196, 44.4128546], [17.1912788, 44.4128674], [17.1912023, 44.4129038], [17.1911667, 44.4129238], [17.1911437, 44.4129511], [17.1911386, 44.4129839], [17.1911386, 44.4130148], [17.1911692, 44.4131204], [17.1911845, 44.4131495], [17.1911998, 44.4131768], [17.1912202, 44.4132023], [17.1912406, 44.4132278], [17.1912712, 44.4132551], [17.1913017, 44.4132861], [17.1913323, 44.4133097], [17.1913604, 44.4133352], [17.1913884, 44.4133589], [17.191419, 44.4133807], [17.1914521, 44.4134008], [17.1914827, 44.4134208], [17.1915184, 44.4134408], [17.191554, 44.4134663], [17.1915846, 44.4134936], [17.1916152, 44.4135191], [17.1916432, 44.4135427], [17.1916713, 44.4135701], [17.1916968, 44.4135955], [17.1917222, 44.4136228], [17.1917426, 44.4136483], [17.191763, 44.4136756], [17.1917783, 44.4137048], [17.1917911, 44.4137339], [17.1918038, 44.4137648], [17.1918216, 44.4138267], [17.1918369, 44.413854], [17.1918522, 44.413885], [17.1918752, 44.4139123], [17.1919083, 44.4139414], [17.1919414, 44.4139633], [17.1919745, 44.4139851], [17.1920077, 44.4140088], [17.1920383, 44.4140324], [17.1920663, 44.4140579], [17.1920892, 44.414087], [17.1921071, 44.4141144], [17.1921224, 44.4141453], [17.1921376, 44.4141744], [17.1921631, 44.4142072], [17.1921886, 44.4142327], [17.1922243, 44.4142491], [17.1922676, 44.4142636], [17.1923033, 44.4142764], [17.1923466, 44.4142946], [17.1923874, 44.4143055], [17.1924231, 44.4143237], [17.1924588, 44.4143401], [17.1924944, 44.4143619], [17.1925174, 44.4143874], [17.1925505, 44.4144093], [17.1925938, 44.4144184], [17.1926372, 44.4144256], [17.1926856, 44.4144311], [17.1927289, 44.4144384], [17.1927722, 44.4144457], [17.1928156, 44.4144548], [17.1929685, 44.4144766], [17.1930194, 44.4144821], [17.1930577, 44.4144948], [17.1930933, 44.4145112], [17.1931265, 44.414533], [17.1931698, 44.4145512], [17.1932131, 44.4145604], [17.1932539, 44.4145676], [17.1932972, 44.4145731], [17.193338, 44.414584], [17.1933762, 44.4146022], [17.1934068, 44.4146313], [17.1934425, 44.4146532], [17.1934807, 44.4146769], [17.1935215, 44.4146896], [17.1935597, 44.4147023], [17.1935979, 44.4147224], [17.1936209, 44.4147478], [17.1936438, 44.4147752], [17.1936642, 44.4148989], [17.193682, 44.4149299], [17.1937152, 44.4149608], [17.1937458, 44.4149845], [17.1937814, 44.4150045], [17.1938197, 44.4150191], [17.1938579, 44.41503], [17.1939063, 44.4150427], [17.1939471, 44.4150482], [17.1939904, 44.4150482], [17.1940363, 44.4150464], [17.1940796, 44.4150427], [17.1942147, 44.4150427], [17.194258, 44.4150446], [17.1943498, 44.4150482], [17.1943931, 44.4150519], [17.194444, 44.4150537], [17.1945332, 44.4150537], [17.1945893, 44.4150519], [17.1946428, 44.4150446], [17.1946836, 44.4150391], [17.1947244, 44.41503], [17.1947652, 44.4150209], [17.1948238, 44.4150082], [17.1948645, 44.4149972], [17.1949028, 44.4149881], [17.1949436, 44.4149809], [17.1949869, 44.4149736], [17.1950302, 44.4149772], [17.195071, 44.41499], [17.1951041, 44.4150063], [17.1951449, 44.4150227], [17.1951882, 44.4150282], [17.195229, 44.4150245], [17.1952672, 44.4150136], [17.1953156, 44.41501], [17.195359, 44.4150136], [17.1954074, 44.4150191], [17.1954583, 44.4150209], [17.1955068, 44.4150191], [17.1955475, 44.4150118], [17.1955858, 44.4149991], [17.1956189, 44.4149827], [17.1957591, 44.4148698], [17.1957897, 44.4148498], [17.1958253, 44.4148316], [17.1958636, 44.414817], [17.1959094, 44.4147988], [17.1959451, 44.4147824], [17.1959884, 44.4147661], [17.1960776, 44.4147278], [17.196121, 44.4147096], [17.1961668, 44.4146932], [17.1962025, 44.4146787], [17.1962764, 44.4146386], [17.1963121, 44.4146222], [17.1963529, 44.4146113], [17.1963937, 44.4146022], [17.196437, 44.4145968], [17.1964879, 44.4145949], [17.1965899, 44.4145949], [17.1966409, 44.4145931], [17.1966842, 44.4145931], [17.1967301, 44.4145986], [17.1967708, 44.4146022], [17.1968142, 44.414604], [17.1969059, 44.414604], [17.1969569, 44.4146004], [17.1970435, 44.4145913], [17.1970588, 44.4148917], [17.1973264, 44.4148698], [17.1974462, 44.4146259], [17.197464, 44.4145931], [17.1974819, 44.4145676], [17.1975048, 44.4145421], [17.1975226, 44.4145167], [17.1975507, 44.4144894], [17.1975787, 44.414462], [17.1975991, 44.4144347], [17.197622, 44.4144093], [17.1976424, 44.414382], [17.1976654, 44.4143546], [17.1976883, 44.414331], [17.1977061, 44.4143055], [17.1977342, 44.41428], [17.1977622, 44.41426], [17.1977979, 44.41424], [17.1978387, 44.4142272], [17.1978794, 44.4142254], [17.1979228, 44.4142327], [17.1979686, 44.4142236], [17.1980043, 44.414209], [17.1980349, 44.4141908], [17.1980706, 44.4141744], [17.1981062, 44.414158], [17.1981496, 44.4141435], [17.1981903, 44.4141289], [17.1982311, 44.4141198], [17.1982719, 44.4141089], [17.1983152, 44.4141034], [17.1983636, 44.4141034], [17.198407, 44.4141089], [17.1984477, 44.4141125], [17.1984987, 44.4141071], [17.1985395, 44.4140998], [17.1986159, 44.4140688], [17.1986593, 44.4140561], [17.1987051, 44.4140379], [17.1987408, 44.4140252], [17.1987816, 44.414007], [17.1988224, 44.4139942], [17.1988606, 44.4139851], [17.1989014, 44.413976], [17.1989422, 44.4139724], [17.1989931, 44.4139742], [17.1990364, 44.4139851], [17.1990721, 44.4139997], [17.1990951, 44.414027], [17.1991053, 44.4140597], [17.1991104, 44.4140943], [17.1991104, 44.4141617], [17.1991078, 44.4141999], [17.1991078, 44.41424], [17.1991155, 44.4142709], [17.1991206, 44.4143019], [17.1991333, 44.4143346], [17.1991639, 44.4143965], [17.1991715, 44.4144311], [17.1991741, 44.4144639], [17.1991741, 44.4144966], [17.1991766, 44.4145349], [17.1991868, 44.4145695], [17.1991945, 44.4146004], [17.1992072, 44.4146295], [17.1992199, 44.4146587], [17.1994366, 44.4150282], [17.1994544, 44.4150555], [17.1999768, 44.415425], [17.2006802, 44.4158965], [17.201376, 44.4163825], [17.2019468, 44.4167521], [17.202166, 44.4169323], [17.2023444, 44.4170742], [17.2024362, 44.4171926], [17.2024158, 44.4173072], [17.202612, 44.4175311], [17.2026451, 44.4175566], [17.2026757, 44.4175803], [17.202719, 44.4176021], [17.2027598, 44.4176167], [17.2028057, 44.4176349], [17.2028439, 44.4176513], [17.2028796, 44.4176749], [17.2029076, 44.4177004], [17.2029204, 44.4177296], [17.2029331, 44.4177623], [17.2029408, 44.4177933], [17.2030554, 44.417766], [17.2030988, 44.4177641], [17.2031421, 44.4177587], [17.2032772, 44.4177587], [17.2033179, 44.4177623], [17.2033638, 44.4177714], [17.2034479, 44.4177933], [17.2034861, 44.4178096], [17.2035269, 44.4178297], [17.2035651, 44.4178442], [17.2036034, 44.417857], [17.2036441, 44.4178697], [17.2036875, 44.4178788], [17.2037333, 44.4178916], [17.2037716, 44.4179007], [17.2038633, 44.4178697], [17.2041411, 44.4180263], [17.2043195, 44.4181628], [17.2045081, 44.4183757], [17.2047273, 44.4186961], [17.20487, 44.4188654], [17.205079, 44.4190565], [17.2051962, 44.4191621], [17.2053695, 44.4193077], [17.2054765, 44.4194934], [17.2056957, 44.4197246], [17.2057492, 44.4197118], [17.205767, 44.4196426], [17.2063914, 44.4192349], [17.2064118, 44.4192076], [17.2064475, 44.4191494], [17.2064628, 44.4191202], [17.2064832, 44.4190929], [17.2065061, 44.4190674], [17.206524, 44.419042], [17.2065443, 44.4190183], [17.2065698, 44.418991], [17.206603, 44.4189655], [17.2066335, 44.4189418], [17.2066616, 44.4189182], [17.2066973, 44.4188927], [17.2067278, 44.4188709], [17.2067941, 44.4188217], [17.206817, 44.4187944], [17.2068298, 44.4187635], [17.2068349, 44.4187325], [17.207026, 44.4184158], [17.2071305, 44.4183321], [17.2076147, 44.4177887], [17.2077218, 44.4176886], [17.207812, 44.417632], [17.208484, 44.4221553], [17.2087697, 44.4228505], [17.20891, 44.4292769], [17.2083015, 44.4337347], [17.2084946, 44.4390812], [17.2096113, 44.441443], [17.2111727, 44.4449966], [17.2223038, 44.4488934], [17.2288729, 44.4520375], [17.233978, 44.4552454], [17.2365108, 44.4581769], [17.2353127, 44.4589014], [17.2337214, 44.459614], [17.2315282, 44.461387], [17.2311229, 44.4618692], [17.230098, 44.4624457], [17.2314487, 44.4642091], [17.2336607, 44.4677155], [17.2360403, 44.4714238], [17.2370132, 44.4727655], [17.2374045, 44.4729865], [17.2376733, 44.473325], [17.2378393, 44.4734378], [17.2381397, 44.4735619], [17.2384401, 44.4737029], [17.2384718, 44.4739117], [17.2387564, 44.4740583], [17.2390805, 44.4745943], [17.2390805, 44.4748199], [17.2392149, 44.4750456], [17.2392149, 44.4754348], [17.2390568, 44.4758128], [17.2387406, 44.4762246], [17.2385034, 44.4766533], [17.2385192, 44.4770313], [17.2386062, 44.47724], [17.2389619, 44.4776349], [17.2394205, 44.4779225], [17.239626, 44.4781143], [17.2397367, 44.4783005], [17.2403692, 44.4782384], [17.2408119, 44.478182], [17.2413258, 44.4782497], [17.2416736, 44.4783964], [17.2417922, 44.4784754], [17.241808, 44.4785769], [17.2417132, 44.4787066], [17.2414997, 44.4788646], [17.2414681, 44.4790282], [17.2415392, 44.4794512], [17.2416558, 44.4797121], [17.2417112, 44.4798602], [17.2417171, 44.4800336], [17.2416796, 44.4802706], [17.2416361, 44.4803566], [17.2416934, 44.4803622], [17.2417705, 44.48031], [17.2418238, 44.4803622], [17.2419642, 44.4806993], [17.2419938, 44.480829], [17.2420729, 44.4809432], [17.2422073, 44.4810377], [17.242735, 44.4813211], [17.2433556, 44.4818457], [17.2437746, 44.4822547], [17.2439248, 44.4825169], [17.2440355, 44.4829146], [17.2442252, 44.483394], [17.2443399, 44.4837776], [17.2443399, 44.4839045], [17.2443004, 44.4840258], [17.2447312, 44.4842288], [17.2451226, 44.4845306], [17.2453676, 44.4848662], [17.2454862, 44.4851933], [17.2455969, 44.4854274], [17.245842, 44.4857291], [17.2460317, 44.4859266], [17.2461622, 44.4860591], [17.2462847, 44.4861352], [17.2464349, 44.4861916], [17.2465179, 44.486217], [17.2467274, 44.4861691], [17.2468658, 44.4861832], [17.2470595, 44.4862283], [17.247352, 44.4863411], [17.2474904, 44.4864116], [17.2476564, 44.4864567], [17.2479015, 44.4864511], [17.2480635, 44.4864567], [17.2481307, 44.4864849], [17.24819, 44.4865554], [17.2482296, 44.4867105], [17.2483402, 44.4871025], [17.2484074, 44.4874409], [17.2485814, 44.4876722], [17.248783, 44.4878329], [17.2490676, 44.4879542], [17.2493364, 44.4880642], [17.2495854, 44.4881065], [17.249708, 44.4881572], [17.2498858, 44.4882898], [17.2499847, 44.4884336], [17.2499926, 44.4886056], [17.2499372, 44.4887889], [17.2498107, 44.4891555], [17.2498068, 44.4893585], [17.2498542, 44.4896546], [17.2499807, 44.4898802], [17.2501586, 44.4902694], [17.2502851, 44.4906077], [17.2503246, 44.4908756], [17.250293, 44.4912873], [17.2500716, 44.4918485], [17.2499016, 44.4921502], [17.2496842, 44.4924096], [17.2496091, 44.4925873], [17.2496052, 44.4927311], [17.2496408, 44.4928805], [17.2496684, 44.49303], [17.2495933, 44.4933232], [17.2495736, 44.493515], [17.2496131, 44.4936842], [17.2497514, 44.4938336], [17.2499886, 44.4940676], [17.250123, 44.4942791], [17.2502376, 44.4944173], [17.2503365, 44.4944765], [17.2504076, 44.4945075], [17.250459, 44.4946429], [17.2502416, 44.4947613], [17.2499768, 44.494953], [17.2496329, 44.4950602], [17.2492969, 44.4952011], [17.2487237, 44.4954465], [17.2478422, 44.4958102], [17.2473204, 44.4961598], [17.2465891, 44.4964925], [17.2461029, 44.4967407], [17.2458578, 44.4968788], [17.2456246, 44.4970959], [17.2453163, 44.4976373], [17.2453083, 44.4979362], [17.2452649, 44.4980856], [17.245083, 44.4982153], [17.2449012, 44.4982801], [17.2446838, 44.4983619], [17.2445138, 44.4984719], [17.2444189, 44.4985846], [17.2443004, 44.4987256], [17.2442094, 44.4987905], [17.244079, 44.4988384], [17.2438932, 44.4988581], [17.2437193, 44.4988779], [17.2435572, 44.4989089], [17.2433793, 44.4989878], [17.243158, 44.4991429], [17.2426717, 44.4995658], [17.2421539, 44.4998816], [17.24181, 44.5001917], [17.2414819, 44.5005188], [17.2412685, 44.5007415], [17.2411657, 44.5008938], [17.2411143, 44.5011109], [17.2410629, 44.5012828], [17.2409918, 44.5014351], [17.2409325, 44.5015309], [17.2408929, 44.501655], [17.2409166, 44.5017678], [17.2410431, 44.5019708], [17.2412052, 44.5021794], [17.2412487, 44.5022837], [17.2412526, 44.5024867], [17.2412131, 44.5026248], [17.2411736, 44.502794], [17.2411617, 44.5029011], [17.2411973, 44.5029491], [17.2412606, 44.5029632], [17.2415847, 44.5029434], [17.2419523, 44.5029885], [17.2424029, 44.5031323], [17.2427745, 44.5033635], [17.2429722, 44.5035552], [17.2430236, 44.5037215], [17.2429919, 44.5038681], [17.2428733, 44.5039978], [17.2425729, 44.5041952], [17.2422804, 44.5043305], [17.2419009, 44.5044094], [17.2416638, 44.5044207], [17.2413594, 44.5044292], [17.2414226, 44.5045955], [17.2415807, 44.5048182], [17.2416084, 44.504962], [17.241976, 44.5054272], [17.2424109, 44.5059684], [17.2426757, 44.5065661], [17.2429247, 44.507268], [17.2433833, 44.5084238], [17.2435928, 44.5084746], [17.2437588, 44.5085704], [17.2438339, 44.5086776], [17.2439683, 44.5088833], [17.2441343, 44.5090074], [17.244332, 44.5090356], [17.2446087, 44.509013], [17.2449052, 44.5089425], [17.2451147, 44.5088072], [17.2452174, 44.5086635], [17.245336, 44.5085451], [17.2454507, 44.5084915], [17.2456068, 44.5085613], [17.2485181, 44.5113264], [17.2405537, 44.5099933], [17.2291179, 44.5080117], [17.223209, 44.5053284], [17.2149731, 44.5000715], [17.2142774, 44.4996457], [17.213807, 44.4993694], [17.2137122, 44.499251], [17.2136687, 44.4991143], [17.2135086, 44.4988986], [17.2134671, 44.4988845], [17.2134078, 44.4988845], [17.213224, 44.4989127], [17.2130718, 44.4989691], [17.2130599, 44.4990283], [17.2130283, 44.4990593], [17.2130105, 44.499096], [17.2128129, 44.4991312], [17.2127022, 44.4991411], [17.212631, 44.4991382], [17.2126113, 44.4991862], [17.2125757, 44.4991791], [17.2124729, 44.4990424], [17.2124472, 44.4989606], [17.2124413, 44.4988732], [17.2124452, 44.4987929], [17.2124294, 44.4987351], [17.2123385, 44.4986321], [17.2122199, 44.4984785], [17.2121923, 44.4984193], [17.2121547, 44.4983883], [17.2120915, 44.4983685], [17.212042, 44.4981824], [17.2120124, 44.498143], [17.2120065, 44.498064], [17.2119571, 44.4980429], [17.2119155, 44.4980076], [17.2118622, 44.4979794], [17.2117495, 44.4979682], [17.211712, 44.4979794], [17.2116626, 44.4980189], [17.2115519, 44.4980147], [17.2114926, 44.4980401], [17.2113977, 44.4980654], [17.2106308, 44.4979555], [17.2106941, 44.4978892], [17.2107257, 44.4978568], [17.2107652, 44.4977623], [17.2107732, 44.4977158], [17.2107277, 44.4974917], [17.2106783, 44.4974522], [17.210617, 44.4974409], [17.2105795, 44.4974], [17.2105913, 44.4973239], [17.2105834, 44.4972844], [17.2104747, 44.4971815], [17.2103443, 44.4970814], [17.2102276, 44.4970786], [17.2101091, 44.4971011], [17.2098758, 44.4972097], [17.2098284, 44.4972111], [17.2097256, 44.4972534], [17.2096663, 44.4972562], [17.2095517, 44.4973027], [17.2093185, 44.4973211], [17.2091742, 44.4973197], [17.2089845, 44.4973027], [17.2087433, 44.4972055], [17.2084765, 44.4970504], [17.2082314, 44.4968699], [17.2080338, 44.4966444], [17.207935, 44.4964371], [17.2078678, 44.4963469], [17.2077551, 44.4960833], [17.2077373, 44.4960255], [17.2076859, 44.4959733], [17.2076622, 44.4958788], [17.2075733, 44.4957844], [17.2074962, 44.4957632], [17.2074843, 44.4958253], [17.2074606, 44.4958535], [17.2074151, 44.4958478], [17.2073677, 44.4958098], [17.2072966, 44.4957576], [17.2071582, 44.4957139], [17.2070772, 44.4956744], [17.2069724, 44.4956321], [17.206838, 44.4956251], [17.2067293, 44.4955927], [17.2066384, 44.4955912], [17.206585, 44.4955983], [17.2064803, 44.4956857], [17.2063498, 44.4957717], [17.2062431, 44.4958366], [17.2061344, 44.4959352], [17.2059605, 44.4961918], [17.2058656, 44.4963159], [17.2057806, 44.4965062], [17.2057193, 44.4965415], [17.2056917, 44.4965838], [17.2056502, 44.496588], [17.2055138, 44.4966641], [17.2052074, 44.4968107], [17.2051363, 44.4966937], [17.2050632, 44.4964935], [17.2050039, 44.4963864], [17.2048932, 44.4962609], [17.2046204, 44.4961763], [17.204407, 44.4961298], [17.204239, 44.4960706], [17.204156, 44.496072], [17.2040433, 44.4960805], [17.2039642, 44.4961622], [17.2029009, 44.4962341], [17.2016478, 44.4961326], [17.2014561, 44.4959282], [17.2013237, 44.4958492], [17.2011992, 44.4957463], [17.2011102, 44.4956406], [17.2010924, 44.495587], [17.2010845, 44.4955461], [17.2010648, 44.4955024], [17.200962, 44.4952642], [17.2009482, 44.4951824], [17.2009225, 44.4951387], [17.2008671, 44.4950767], [17.2007861, 44.4950033], [17.2005963, 44.4947538], [17.2004163, 44.4945379], [17.2003136, 44.4944223], [17.2001673, 44.4943575], [17.2000448, 44.4942165], [17.199859, 44.4939796], [17.1997246, 44.4939458], [17.1995111, 44.493864], [17.19927, 44.4937456], [17.1990368, 44.4936131], [17.1989933, 44.4935736], [17.198851, 44.4935651], [17.1987877, 44.4935369], [17.1983134, 44.4935736], [17.1979141, 44.4936243], [17.1975979, 44.4937061], [17.197507, 44.4937371], [17.1974082, 44.4937202], [17.1971236, 44.4938161], [17.1970366, 44.493895], [17.197001, 44.4939345], [17.1968548, 44.493974], [17.1966769, 44.4938809], [17.1966571, 44.4938302], [17.1964713, 44.493661], [17.1963527, 44.4935285], [17.1960879, 44.4933226], [17.1957519, 44.4931055], [17.1953487, 44.4928658], [17.1951076, 44.4927643], [17.1951866, 44.4926854], [17.1949692, 44.4925528], [17.1948822, 44.4925556], [17.1945739, 44.4924682], [17.1944079, 44.4923695], [17.1942775, 44.4923131], [17.1941193, 44.4922821], [17.1939691, 44.4921863], [17.1938663, 44.4921129], [17.1937557, 44.4920678], [17.1936331, 44.4919973], [17.1935343, 44.4919516], [17.1934784, 44.4919555], [17.1934393, 44.4919675], [17.1934183, 44.4919934], [17.1934155, 44.4920323], [17.1934211, 44.4920931], [17.1931654, 44.4920183], [17.1930536, 44.4919705], [17.1929683, 44.4919496], [17.1928998, 44.4919565], [17.1928537, 44.4919655], [17.1927838, 44.4919565], [17.192672, 44.4919306], [17.1926133, 44.4919157], [17.1925337, 44.4919047], [17.192454, 44.4919157], [17.1923702, 44.4919456], [17.1923716, 44.4919017], [17.1923338, 44.4918698], [17.1923087, 44.4918369], [17.1922961, 44.491807], [17.1922849, 44.4917731], [17.1922709, 44.4917571], [17.1922458, 44.4917392], [17.1922402, 44.4917193], [17.1922374, 44.4916913], [17.1922318, 44.4916694], [17.1921885, 44.4916345], [17.1921018, 44.4915917], [17.192004, 44.4915528], [17.1919523, 44.4915378], [17.191916, 44.4915139], [17.1918489, 44.4914939], [17.1918139, 44.491489], [17.1917664, 44.491472], [17.1917175, 44.491462], [17.191663, 44.491462], [17.1916057, 44.4914491], [17.1915428, 44.4914461], [17.1914436, 44.4914431], [17.1913793, 44.4914381], [17.1912829, 44.4914291], [17.1912046, 44.4914471], [17.1911515, 44.4914591], [17.1910984, 44.491482], [17.1910788, 44.4915169], [17.1910453, 44.4915458], [17.1910271, 44.4915877], [17.1910229, 44.4916525], [17.1910229, 44.4916824], [17.1910551, 44.4917472], [17.1910648, 44.491792], [17.1910648, 44.4918638], [17.1910606, 44.4919077], [17.1910383, 44.4919456], [17.1910383, 44.4919775], [17.1910103, 44.4920104], [17.190974, 44.4920542], [17.1909265, 44.492143], [17.1909167, 44.4921809], [17.1909279, 44.4922128], [17.1909446, 44.4922277], [17.1909628, 44.4922357], [17.1909642, 44.4923055], [17.1910005, 44.4923792], [17.1905869, 44.4923862], [17.1905198, 44.4923533], [17.1902556, 44.4922407], [17.1901285, 44.4922078], [17.1899719, 44.4921988], [17.1898643, 44.4921888], [17.1897567, 44.4921649], [17.189684, 44.492143], [17.1896058, 44.492136], [17.1894087, 44.4921619], [17.1892424, 44.4921878], [17.1891376, 44.4922177], [17.1891012, 44.4922546], [17.1890887, 44.4923065], [17.1891166, 44.4923862], [17.1891823, 44.49246], [17.1892452, 44.4925338], [17.1892913, 44.4926305], [17.1893291, 44.4927142], [17.189364, 44.492777], [17.1893794, 44.4928129], [17.1892871, 44.4928498], [17.1888623, 44.4926614], [17.1886862, 44.4925736], [17.1885352, 44.4925258], [17.1883619, 44.492448], [17.1881761, 44.4923164], [17.1879413, 44.4921509], [17.1877903, 44.4920253], [17.1875961, 44.4918838], [17.1874619, 44.49182], [17.1873766, 44.4917731], [17.1871614, 44.4916425], [17.1869476, 44.4915548], [17.1868721, 44.4915328], [17.1865521, 44.4914989], [17.1862851, 44.4915677], [17.1861636, 44.4916056], [17.1860629, 44.4916525], [17.1859791, 44.4916953], [17.1858743, 44.4917203], [17.1857834, 44.4917601], [17.1856898, 44.4917943], [17.1856087, 44.491799], [17.1855752, 44.491804], [17.1855423, 44.491813], [17.1854075, 44.491812], [17.1853107, 44.4918129], [17.1852573, 44.4918196], [17.1852178, 44.4918279], [17.1851172, 44.491848], [17.1850399, 44.4918666], [17.1848654, 44.4919022], [17.1825245, 44.4908777], [17.1803425, 44.4899951], [17.1800777, 44.4900092], [17.1799709, 44.4907987], [17.1799077, 44.4913994], [17.1798721, 44.4920197], [17.1798049, 44.4925893], [17.179797, 44.4929503], [17.1797917, 44.4934601], [17.1798531, 44.4937671], [17.1799873, 44.4942456], [17.1806639, 44.4962721], [17.1807034, 44.4965654], [17.1806402, 44.4968925], [17.180316, 44.4978624], [17.1801342, 44.4980597], [17.1796124, 44.4983135], [17.179225, 44.4984263], [17.178893, 44.498477], [17.1784581, 44.4984827], [17.1778652, 44.4983812], [17.1772802, 44.4982007], [17.1767347, 44.49793], [17.1758966, 44.4974169], [17.1748531, 44.4965767], [17.1744736, 44.4963793], [17.1742443, 44.4961481], [17.1739597, 44.4958492], [17.1736751, 44.4955954], [17.1728687, 44.4950653], [17.1719991, 44.4945578], [17.1712164, 44.4941574], [17.1707499, 44.4939769], [17.1701649, 44.4938754], [17.1687181, 44.4937626], [17.1678643, 44.4937852], [17.1671053, 44.4939375], [17.1665598, 44.4941405], [17.1658246, 44.4945916], [17.1651842, 44.4951668], [17.164528, 44.495821], [17.1641011, 44.4964131], [17.1636821, 44.4968417], [17.1632868, 44.4970334], [17.1627887, 44.4970729], [17.1623223, 44.4969883], [17.1619191, 44.4967853], [17.1614685, 44.4964413], [17.1610574, 44.4959733], [17.1607965, 44.4955052], [17.1606225, 44.4949695], [17.1603933, 44.4944676], [17.1601324, 44.4939431], [17.1596659, 44.4936329], [17.1590651, 44.4934356], [17.1583931, 44.4933058], [17.1578555, 44.4932494], [17.1572942, 44.4932946], [17.1567091, 44.493413], [17.1561953, 44.4936386], [17.1555075, 44.4941236], [17.1551043, 44.4945578], [17.1547169, 44.4952514], [17.1544797, 44.4959], [17.1544481, 44.496306], [17.1545588, 44.4966218], [17.1549066, 44.4972759], [17.1551991, 44.4981782], [17.1553572, 44.4990127], [17.1554047, 44.499695], [17.155294, 44.5002646], [17.1550331, 44.5009751], [17.1548276, 44.501663], [17.1547959, 44.5023171], [17.154875, 44.50327], [17.1551438, 44.5041947], [17.155381, 44.5047924], [17.1557288, 44.5053111], [17.1562348, 44.5057114], [17.1567091, 44.5058693], [17.1575234, 44.5059708], [17.15916, 44.5059539], [17.1601877, 44.5060384], [17.1609862, 44.5063091], [17.1622572, 44.5067196], [17.1628258, 44.5071717], [17.1626404, 44.5078865], [17.1621574, 44.5085011], [17.161674, 44.5089534], [17.1611206, 44.5096806], [17.1602272, 44.5102557], [17.1587409, 44.5110732], [17.1585388, 44.5111846], [17.1573258, 44.5119301], [17.1564799, 44.5124714], [17.1554995, 44.5132719], [17.1548671, 44.5139146], [17.1540765, 44.5149349], [17.1533904, 44.5157423], [17.1532385, 44.5159046], [17.1528827, 44.5163668], [17.1525428, 44.5169926], [17.1523925, 44.5176521], [17.1524716, 44.51812], [17.1527641, 44.5191967], [17.1530329, 44.5197435], [17.1537445, 44.5209554], [17.1545508, 44.5218291], [17.1556814, 44.5227422], [17.1563613, 44.5231143], [17.1571598, 44.5235708], [17.1576895, 44.5240499], [17.1581085, 44.5248165], [17.1582113, 44.5254083], [17.1582666, 44.5264623], [17.1583773, 44.5278319], [17.1582795, 44.5283366], [17.1580895, 44.5288149], [17.1579777, 44.5291696], [17.1579441, 44.5293808], [17.1574857, 44.5299188], [17.1569043, 44.5304289], [17.1562614, 44.5308633], [17.1557695, 44.5311582], [17.1552496, 44.5313694], [17.15478, 44.5315208], [17.1540701, 44.5317281], [17.1536396, 44.5319472], [17.153198, 44.5322182], [17.152611, 44.5326845], [17.1524433, 44.5329634], [17.1522923, 44.5333181], [17.1520072, 44.533621], [17.1516439, 44.53388], [17.1512358, 44.534127], [17.1510178, 44.5342506], [17.1507997, 44.534402], [17.1506712, 44.5346132], [17.1505314, 44.5349519], [17.1503805, 44.5354699], [17.1502407, 44.5357808], [17.1499444, 44.5365698], [17.1497935, 44.5369882], [17.1497488, 44.5373348], [17.1498382, 44.5377971], [17.1499668, 44.5384864], [17.1501457, 44.5390283], [17.1503749, 44.5393511], [17.1504755, 44.5395583], [17.1504531, 44.5397774], [17.1503246, 44.5399647], [17.150101, 44.5400922], [17.1498103, 44.5401958], [17.1490779, 44.540407], [17.1484462, 44.5405902], [17.1477922, 44.5408851], [17.1474288, 44.5411003], [17.1470095, 44.5414071], [17.1466741, 44.5417696], [17.1465399, 44.5420525], [17.1465511, 44.5423832], [17.1465455, 44.5425745], [17.1464617, 44.5427379], [17.1462716, 44.5428893], [17.1460592, 44.5429968], [17.1458579, 44.5431203], [17.1456008, 44.5433634], [17.1452933, 44.5436821], [17.1449355, 44.5442519], [17.1447343, 44.5446463], [17.1445554, 44.5450846], [17.1444324, 44.5455149], [17.1442759, 44.5461603], [17.1441641, 44.546491], [17.1440131, 44.5468774], [17.1439572, 44.5471563], [17.1439125, 44.5475428], [17.143851, 44.5478336], [17.1437728, 44.5481722], [17.1437448, 44.5485388], [17.1437783, 44.5487738], [17.1438846, 44.5490089], [17.1440579, 44.5492758], [17.1441697, 44.5496543], [17.1444268, 44.5502479], [17.1446001, 44.5508096], [17.1447007, 44.5513354], [17.1447231, 44.5518135], [17.1447175, 44.5520485], [17.1447678, 44.5525943], [17.1447175, 44.5530086], [17.1445945, 44.5533193], [17.1443541, 44.5536858], [17.1441138, 44.5539647], [17.1439069, 44.5542077], [17.1438342, 44.5544347], [17.1437895, 44.5547335], [17.1438454, 44.5549446], [17.1439013, 44.5551358], [17.1439013, 44.5554186], [17.1437672, 44.5557493], [17.1434932, 44.556064], [17.1431355, 44.5563707], [17.1427497, 44.55653], [17.1422131, 44.5567491], [17.1418832, 44.5568686], [17.1416429, 44.5570399], [17.1413298, 44.5573904], [17.1411956, 44.5576892], [17.1411062, 44.55796], [17.1409944, 44.5581672], [17.1408267, 44.5583026], [17.140413, 44.5586253], [17.1402062, 44.5588802], [17.139703, 44.5595573], [17.1392223, 44.5600034], [17.1387135, 44.5602624], [17.1381881, 44.5604496], [17.1377744, 44.5604814], [17.1375508, 44.5604695], [17.1373831, 44.5604097], [17.1372377, 44.5603301], [17.1370644, 44.5603301], [17.1368688, 44.5604018], [17.1365669, 44.5606089], [17.1364104, 44.5608399], [17.1363824, 44.5610709], [17.1363321, 44.5613298], [17.1361308, 44.5615369], [17.1357898, 44.5617122], [17.1355215, 44.5618476], [17.1352643, 44.5620388], [17.1351022, 44.5622459], [17.1349904, 44.5624291], [17.1346662, 44.5629868], [17.1346494, 44.5631142], [17.1344482, 44.5635802], [17.134286, 44.5639666], [17.1340792, 44.5646237], [17.133945, 44.5651415], [17.1338556, 44.5655876], [17.133859, 44.5656826], [17.1338724, 44.5660575], [17.1338891, 44.5664518], [17.13385, 44.5669019], [17.1337885, 44.5673041], [17.1335929, 44.5679334], [17.1335705, 44.5683277], [17.1334028, 44.5687857], [17.1332798, 44.5692237], [17.1331792, 44.5695264], [17.1329835, 44.5700561], [17.1327599, 44.5706694], [17.1325419, 44.5713464], [17.132268, 44.5720752], [17.1318319, 44.5731185], [17.1316754, 44.5736999], [17.1315859, 44.5739667], [17.1314462, 44.5742057], [17.1313959, 44.5744088], [17.1313791, 44.5746676], [17.131435, 44.5749026], [17.1315915, 44.5753963], [17.131804, 44.5761131], [17.1321841, 44.5769454], [17.1325698, 44.5777656], [17.1326286, 44.5779843], [17.1326428, 44.5780948], [17.1326385, 44.578118], [17.132656, 44.5782194], [17.1327944, 44.5785622], [17.1329458, 44.5789669], [17.1329782, 44.5790478], [17.1329844, 44.5790908], [17.1330295, 44.5792101], [17.1325854, 44.579262], [17.1324961, 44.5792781], [17.1324543, 44.5792795], [17.1323418, 44.5793292], [17.1322915, 44.5793371], [17.1322232, 44.5793532], [17.1321918, 44.5793506], [17.1321641, 44.5793393], [17.1321256, 44.5793365], [17.132093, 44.5793471], [17.1320623, 44.5793789], [17.1320259, 44.5794068], [17.1319784, 44.5794227], [17.1319337, 44.5794347], [17.1318862, 44.5794426], [17.1318331, 44.5794506], [17.1317856, 44.5794625], [17.1316933, 44.5794884], [17.1316402, 44.5794904], [17.1315843, 44.5794805], [17.131534, 44.5794745], [17.1314865, 44.5794705], [17.1314362, 44.5794745], [17.1313886, 44.5794844], [17.1312964, 44.5795063], [17.1311958, 44.5795521], [17.1311371, 44.5796119], [17.1311007, 44.5796358], [17.131056, 44.5796497], [17.1309498, 44.5796497], [17.1309107, 44.5796318], [17.130866, 44.5796497], [17.130824, 44.5796716], [17.1307653, 44.5796855], [17.1306312, 44.5796815], [17.1305808, 44.5796756], [17.1302063, 44.5796756], [17.1301644, 44.5796537], [17.1299603, 44.5796537], [17.129938, 44.5796835], [17.1299128, 44.5797154], [17.1298709, 44.5797353], [17.1298234, 44.5797333], [17.129787, 44.5797094], [17.1297703, 44.5796796], [17.1297199, 44.5796716], [17.1296417, 44.5797174], [17.1296109, 44.5797453], [17.1295606, 44.5797572], [17.1294852, 44.5797134], [17.1294376, 44.5797134], [17.1293454, 44.5797413], [17.1292951, 44.5797313], [17.1292028, 44.5797512], [17.1291581, 44.5797393], [17.1290212, 44.5797393], [17.1288786, 44.5797672], [17.1288283, 44.5797672], [17.1287892, 44.5797472], [17.1287472, 44.5797253], [17.1286997, 44.5797194], [17.1286522, 44.5797253], [17.1286131, 44.5797472], [17.1285572, 44.5797592], [17.1285069, 44.5797652], [17.128451, 44.5797731], [17.128205, 44.5798289], [17.1281547, 44.5798408], [17.1281127, 44.5798548], [17.1280932, 44.5798886], [17.1280652, 44.5799165], [17.1280233, 44.5799005], [17.1279842, 44.5798786], [17.1279534, 44.5799065], [17.1279143, 44.5799304], [17.1278668, 44.5799384], [17.1275481, 44.5800598], [17.12695, 44.5802888], [17.1265307, 44.5805117], [17.1257704, 44.5809179], [17.1255133, 44.5810493], [17.1237355, 44.5803186], [17.1236461, 44.5802828], [17.1235567, 44.5802549], [17.1234616, 44.580243], [17.1233554, 44.5802629], [17.1232827, 44.5803067], [17.1232212, 44.5803664], [17.1231821, 44.5804341], [17.1231486, 44.5804978], [17.1230983, 44.5805575], [17.1230312, 44.5806093], [17.1229138, 44.5806372], [17.1227069, 44.5806611], [17.1226119, 44.5806611], [17.1225057, 44.5806531], [17.1224107, 44.5806332], [17.1223212, 44.5806093], [17.1222262, 44.5805934], [17.1221311, 44.5805774], [17.1218181, 44.5805695], [17.121723, 44.5805934], [17.1215442, 44.580665], [17.1214603, 44.5806969], [17.1208901, 44.5812026], [17.1208454, 44.5812663], [17.1208062, 44.58133], [17.1207783, 44.5814017], [17.1207671, 44.5814733], [17.1207615, 44.581764], [17.1207392, 44.5818357], [17.1207056, 44.5819034], [17.1206609, 44.5819671], [17.1205267, 44.5819312], [17.1201745, 44.5819312], [17.1199062, 44.5816167], [17.1198671, 44.5814096], [17.1197161, 44.5810911], [17.1195596, 44.5808681], [17.1194981, 44.5807447], [17.1186596, 44.5802828], [17.1185198, 44.5801673], [17.1184136, 44.5799762], [17.1183912, 44.5799085], [17.1183521, 44.5798408], [17.1183186, 44.5797811], [17.1182794, 44.5797214], [17.118162, 44.5796139], [17.118095, 44.5795661], [17.117944, 44.5794705], [17.1178769, 44.5794227], [17.1178154, 44.579371], [17.1177428, 44.5793192], [17.1176813, 44.5792674], [17.1175918, 44.579148], [17.1175247, 44.5790126], [17.11748, 44.5789449], [17.1174129, 44.5788971], [17.1173179, 44.5788772], [17.117262, 44.5788215], [17.1172117, 44.5787617], [17.117139, 44.5787179], [17.117044, 44.578706], [17.1169489, 44.578698], [17.1167477, 44.5786781], [17.1166527, 44.5786901], [17.1165576, 44.5786702], [17.1165073, 44.5786104], [17.1164291, 44.5785666], [17.1163508, 44.5785348], [17.1162613, 44.5785109], [17.1161663, 44.5785029], [17.1160601, 44.578495], [17.1159427, 44.578479], [17.115188, 44.5783556], [17.115174, 44.5782812], [17.1151305, 44.5782418], [17.1150791, 44.5782108], [17.1150238, 44.5781827], [17.1149724, 44.5781545], [17.1146641, 44.5780335], [17.1145969, 44.5780081], [17.1145495, 44.5779743], [17.1145139, 44.5779349], [17.1144902, 44.5778927], [17.1144585, 44.5778532], [17.1144072, 44.5778223], [17.1143755, 44.57778], [17.1143518, 44.5777322], [17.1143241, 44.5776843], [17.1143044, 44.5776393], [17.1142846, 44.5775914], [17.1142372, 44.5775576], [17.1141779, 44.5775407], [17.1141186, 44.5775154], [17.1140593, 44.5774872], [17.113917, 44.5773802], [17.1138221, 44.5772986], [17.1137826, 44.5772591], [17.1137431, 44.5772225], [17.113668, 44.5770705], [17.11366, 44.5770226], [17.1136403, 44.5769719], [17.1136205, 44.5769241], [17.1136087, 44.5768762], [17.1136008, 44.5768255], [17.1135928, 44.576727], [17.1135889, 44.5766819], [17.113581, 44.5765327], [17.1135375, 44.5763919], [17.1134664, 44.5763046], [17.1134229, 44.5762708], [17.1133794, 44.5762286], [17.1132331, 44.5761272], [17.1131778, 44.5761019], [17.1131106, 44.5760991], [17.1130434, 44.5760822], [17.1130039, 44.5760428], [17.112909, 44.5760118], [17.1128378, 44.5760005], [17.1126244, 44.5759639], [17.1125611, 44.575947], [17.1124979, 44.5759273], [17.1124386, 44.575902], [17.1123714, 44.5758907], [17.1122291, 44.5758907], [17.1121579, 44.5758991], [17.1120907, 44.575902], [17.1120235, 44.5759076], [17.1119524, 44.575916], [17.1118812, 44.575902], [17.111814, 44.5758851], [17.1117508, 44.5758654], [17.1117073, 44.5758288], [17.1117943, 44.5757499], [17.1115729, 44.5756823], [17.111395, 44.575519], [17.1113476, 44.5754852], [17.1112843, 44.5754627], [17.1112132, 44.5754458], [17.111142, 44.5754514], [17.1110867, 44.5754261], [17.1110195, 44.5754402], [17.1109483, 44.5754289], [17.1108811, 44.5754092], [17.1108179, 44.5753923], [17.1107705, 44.5753585], [17.1107072, 44.5753388], [17.110644, 44.5753219], [17.1105847, 44.575305], [17.1105214, 44.5752881], [17.1104424, 44.5752797], [17.110308, 44.5752572], [17.1102368, 44.5752487], [17.1101578, 44.5752403], [17.1100194, 44.5752262], [17.1099522, 44.5752234], [17.109885, 44.5752065], [17.1098178, 44.5751896], [17.1097546, 44.5751727], [17.1096755, 44.5751558], [17.1096083, 44.5751389], [17.1093672, 44.5750544], [17.1093118, 44.5750319], [17.1092565, 44.5750037], [17.1092011, 44.5749728], [17.1091458, 44.5749502], [17.1090747, 44.5749221], [17.1072405, 44.5733368], [17.106944, 44.5733058], [17.1067582, 44.5732213], [17.1066713, 44.57321], [17.1063471, 44.573103], [17.1062483, 44.5729679], [17.1062365, 44.5728637], [17.1060744, 44.5726356], [17.1059281, 44.5723794], [17.1058609, 44.5723287], [17.1041098, 44.5713572], [17.1038291, 44.5713543], [17.1036236, 44.5713093], [17.1034734, 44.5714078], [17.1032559, 44.5714585], [17.1028725, 44.571512], [17.1027144, 44.5715599], [17.1003229, 44.5717796], [17.0998722, 44.5718471], [17.0945951, 44.569983], [17.0938836, 44.5691916], [17.0988682, 44.5623397], [17.0942828, 44.5620355], [17.0885669, 44.5599119], [17.0885313, 44.5598725], [17.0872426, 44.5562334], [17.0819734, 44.5541687], [17.0743917, 44.5530983], [17.0722611, 44.5527631], [17.0750716, 44.5491771], [17.0740478, 44.5479686], [17.0739964, 44.5478841], [17.0739727, 44.5478109], [17.0739529, 44.5477207], [17.0739252, 44.5476418], [17.0738501, 44.5475517], [17.0737236, 44.5474475], [17.0736248, 44.5473404], [17.0735576, 44.5472643], [17.0732532, 44.5466756], [17.0723006, 44.5468812], [17.0718334, 44.5462517], [17.0715962, 44.5460939], [17.0712659, 44.5456115], [17.0709655, 44.545234], [17.0706809, 44.5448621], [17.0702777, 44.5441916], [17.069843, 44.5437234], [17.069582, 44.5434422], [17.0691235, 44.5433407], [17.0683566, 44.5431492], [17.0678743, 44.5429745], [17.0673921, 44.5422758], [17.0669731, 44.5413629], [17.0669652, 44.5412559], [17.0670047, 44.5411319], [17.0670126, 44.5410305], [17.0669414, 44.540884], [17.0667438, 44.5408051], [17.0663485, 44.540698], [17.0661034, 44.5405797], [17.0659611, 44.5404275], [17.0657793, 44.5403149], [17.0629727, 44.5394752], [17.0624667, 44.5401458], [17.0619687, 44.5406135], [17.06068, 44.540281], [17.0604903, 44.5401796], [17.0601582, 44.5400669], [17.0597234, 44.54005], [17.0593202, 44.5400669], [17.0588933, 44.539819], [17.0581818, 44.5392949], [17.0571303, 44.539109], [17.0555491, 44.5388103], [17.0544581, 44.5384835], [17.0545451, 44.5382806], [17.055051, 44.5378298], [17.0544107, 44.5371367], [17.0535805, 44.5366238], [17.0536596, 44.5364999], [17.0537149, 44.5364491], [17.0537308, 44.536297], [17.053707, 44.5361167], [17.053541, 44.5359138], [17.0532406, 44.5357278], [17.0530667, 44.5355419], [17.0529876, 44.5353559], [17.0529639, 44.5351192], [17.0529165, 44.5349276], [17.0528611, 44.5347585], [17.0528216, 44.5345387], [17.0528453, 44.534364], [17.0530034, 44.5340879], [17.0522998, 44.5339865], [17.0521496, 44.5338963], [17.0518966, 44.5338174], [17.0514855, 44.533592], [17.0510349, 44.5335412], [17.0507265, 44.5334454], [17.0498095, 44.5332087], [17.0490031, 44.5330622], [17.0487738, 44.5326226], [17.0487026, 44.5324085], [17.0487026, 44.5322507], [17.0486078, 44.5321267], [17.0484417, 44.5320816], [17.0482678, 44.5319689], [17.0479911, 44.5318956], [17.0477144, 44.5317716], [17.0473745, 44.5314842], [17.0472084, 44.5312137], [17.0472322, 44.5310559], [17.047248, 44.5309601], [17.0472322, 44.5308417], [17.0471847, 44.5307572], [17.0471373, 44.5305599], [17.0471215, 44.5304923], [17.0470661, 44.5302443], [17.047074, 44.5301372], [17.0470978, 44.5299963], [17.0470661, 44.5298667], [17.0469554, 44.5297991], [17.046742, 44.5297089], [17.0464574, 44.529692], [17.0460937, 44.5296695], [17.0459435, 44.5295511], [17.0458249, 44.5293482], [17.0457933, 44.5291566], [17.0457696, 44.5289368], [17.0456589, 44.5287902], [17.0372233, 44.5230186], [17.037168, 44.517145], [17.0348806, 44.5137284], [17.0344749, 44.5131223], [17.0343642, 44.5130321], [17.034214, 44.5129955], [17.0340519, 44.5129927], [17.0333918, 44.5131646], [17.032953, 44.513252], [17.0322968, 44.5132858], [17.0312137, 44.5133817], [17.03085, 44.5133422], [17.0303045, 44.5132717], [17.0300002, 44.5132436], [17.0297511, 44.5132915], [17.0295693, 44.5134296], [17.0294705, 44.5136438], [17.0296009, 44.5138947], [17.0297709, 44.5142188], [17.0298697, 44.5144725], [17.0298341, 44.5146952], [17.0297432, 44.5147967], [17.0295693, 44.5148728], [17.0294151, 44.5148897], [17.0293123, 44.5148559], [17.0291582, 44.5147403], [17.0288182, 44.5144359], [17.0284071, 44.5140356], [17.0280435, 44.5138101], [17.0276837, 44.5136636], [17.0273675, 44.5135564], [17.0271343, 44.5134381], [17.0268378, 44.5131364], [17.0266757, 44.512894], [17.0265334, 44.5125981], [17.0262844, 44.5122908], [17.0261698, 44.5120343], [17.0261935, 44.5119441], [17.0261342, 44.5116199], [17.026063, 44.5116199], [17.0224161, 44.5141097], [17.0161411, 44.5161929], [17.0159008, 44.5161231], [17.0156436, 44.5160275], [17.0154619, 44.5159816], [17.0152523, 44.5158919], [17.015051, 44.51587], [17.0147939, 44.515876], [17.0146429, 44.5160255], [17.0143439, 44.5162866], [17.013947, 44.5165337], [17.0137233, 44.5168287], [17.0136171, 44.5168805], [17.0135165, 44.5168765], [17.0132817, 44.5169642], [17.012569, 44.517321], [17.0116298, 44.5174186], [17.0110204, 44.517596], [17.0107325, 44.5176638], [17.0105481, 44.5177634], [17.0099136, 44.5178651], [17.0094328, 44.5179209], [17.0093266, 44.5178053], [17.0092539, 44.5176897], [17.0091673, 44.5176179], [17.0089101, 44.51759], [17.0086306, 44.517592], [17.0079989, 44.5173329], [17.0073979, 44.5169861], [17.0072135, 44.5169204], [17.0068836, 44.5168865], [17.0067607, 44.5168127], [17.0066125, 44.5167868], [17.0062911, 44.5168227], [17.0060758, 44.5168984], [17.0060004, 44.5169941], [17.0059892, 44.517034], [17.0058075, 44.5173289], [17.0057348, 44.5173887], [17.0056202, 44.5176259], [17.0056202, 44.5177634], [17.005623, 44.5179308], [17.0055895, 44.5180903], [17.0054134, 44.5183613], [17.0051367, 44.5186503], [17.0050836, 44.5188915], [17.0049214, 44.5191226], [17.0049829, 44.5192761], [17.0049941, 44.5194395], [17.004846, 44.5197783], [17.0047342, 44.5199178], [17.0045189, 44.5200434], [17.0042171, 44.5200514], [17.0039963, 44.5200852], [17.0038565, 44.520143], [17.003809, 44.5201251], [17.0037978, 44.5200573], [17.0036804, 44.5199677], [17.0034372, 44.5198182], [17.0031633, 44.5195452], [17.0030543, 44.5193857], [17.0028111, 44.5192243], [17.0027608, 44.5191206], [17.002853, 44.5190589], [17.0030152, 44.5188516], [17.0031214, 44.5186822], [17.0032164, 44.5186144], [17.00344, 44.5182876], [17.0035239, 44.5180285], [17.0035742, 44.517891], [17.0035966, 44.5176837], [17.0037112, 44.5176558], [17.0037782, 44.5174924], [17.0038621, 44.5172253], [17.0039739, 44.5169881], [17.0039376, 44.5168526], [17.0037894, 44.5168087], [17.0038481, 44.5167071], [17.0038984, 44.516438], [17.0032164, 44.5163683], [17.0031521, 44.5165377], [17.0031941, 44.5166234], [17.0031689, 44.516729], [17.0030543, 44.5166971], [17.002895, 44.5166553], [17.0025987, 44.5166214], [17.0024561, 44.5165756], [17.002308, 44.5165337], [17.0021962, 44.5164759], [17.0021319, 44.5164301], [17.0019977, 44.5163723], [17.0018105, 44.5163165], [17.0018244, 44.5161749], [17.0018999, 44.5160912], [17.0019446, 44.5160833], [17.0019418, 44.5160275], [17.0018859, 44.5159278], [17.0019139, 44.51587], [17.0018915, 44.5158022], [17.0013381, 44.5157903], [17.000807, 44.5156169], [17.0004632, 44.5156348], [16.9999293, 44.5156129], [16.9997728, 44.5157564], [16.9997057, 44.5157963], [16.9996414, 44.5157963], [16.999538, 44.5158022], [16.9994234, 44.5158202], [16.9993703, 44.515864], [16.9992809, 44.5159816], [16.9988811, 44.5158361], [16.998624, 44.5157145], [16.9984647, 44.5157265], [16.9984116, 44.5156787], [16.9983473, 44.5156229], [16.9982187, 44.5155571], [16.9980342, 44.5155332], [16.9979532, 44.5155013], [16.9977966, 44.5154833], [16.9976597, 44.5155033], [16.9975227, 44.5155551], [16.9974444, 44.5156448], [16.9973913, 44.5157424], [16.9973243, 44.5157983], [16.9972432, 44.5159438], [16.9970699, 44.5165935], [16.9970699, 44.5166772], [16.9966898, 44.5166134], [16.9964354, 44.5165198], [16.9962621, 44.5164819], [16.9959407, 44.5163882], [16.9957618, 44.5163882], [16.9955633, 44.5164639], [16.9953928, 44.5163743], [16.9950043, 44.5165377], [16.9949484, 44.5165277], [16.9944369, 44.516739], [16.9940763, 44.5168327], [16.9940819, 44.5169463], [16.9938303, 44.5170001], [16.9937716, 44.5171436], [16.9931623, 44.5169782], [16.9923098, 44.5168068], [16.9919185, 44.5166971], [16.9917647, 44.5168984], [16.9917619, 44.5169562], [16.9917172, 44.5170878], [16.991597, 44.5172811], [16.9915215, 44.5173329], [16.9914405, 44.5173509], [16.9913147, 44.5173509], [16.991038, 44.5173648], [16.9904119, 44.5174525], [16.9892798, 44.5176299], [16.9881366, 44.5179408], [16.9874239, 44.5181062], [16.9868676, 44.5182577], [16.9870353, 44.5185726], [16.9866217, 44.5187699], [16.9862108, 44.519009], [16.9855399, 44.5195053], [16.9853555, 44.5198301], [16.984106, 44.5193877], [16.9839299, 44.5193], [16.9837007, 44.5191525], [16.9835079, 44.5189652], [16.9833486, 44.5188795], [16.9829936, 44.5189313], [16.9828957, 44.5189951], [16.9828566, 44.5191366], [16.982837, 44.5191625], [16.9827979, 44.5191944], [16.9827672, 44.5192622], [16.9827644, 44.519318], [16.9827867, 44.5193817], [16.9827728, 44.5194475], [16.9827951, 44.5195352], [16.9828594, 44.5196488], [16.9828203, 44.5197086], [16.9828287, 44.5197504], [16.9828287, 44.5198042], [16.9828119, 44.5198441], [16.9827224, 44.519882], [16.9826274, 44.5198939], [16.9826106, 44.5199776], [16.9825296, 44.5200593], [16.9824541, 44.5200892], [16.9823703, 44.5201191], [16.9822836, 44.5201331], [16.9821746, 44.5201391], [16.9820292, 44.5202666], [16.9819761, 44.5203563], [16.9819146, 44.5203902], [16.9818504, 44.5204519], [16.9818084, 44.5205077], [16.9817805, 44.5205934], [16.9817302, 44.520709], [16.981473, 44.5207648], [16.9812103, 44.5209243], [16.981118, 44.5209462], [16.980995, 44.521008], [16.9809028, 44.5210199], [16.9806093, 44.5211455], [16.9805171, 44.5211455], [16.9796897, 44.521271], [16.9795695, 44.5213109], [16.9794354, 44.5213806], [16.9793012, 44.5214185], [16.9792257, 44.5214265], [16.9791419, 44.5214046], [16.979086, 44.5214504], [16.9789881, 44.5214903], [16.9788959, 44.5215042], [16.9787561, 44.5215281], [16.9786527, 44.5215838], [16.9785025, 44.5215753], [16.9782139, 44.5216768], [16.9781151, 44.5217783], [16.9778028, 44.5219727], [16.9776882, 44.5221052], [16.9775854, 44.5221306], [16.9775617, 44.5222067], [16.9776091, 44.5222123], [16.9776368, 44.5222461], [16.9776407, 44.5222997], [16.9776052, 44.522387], [16.9775973, 44.522466], [16.9776447, 44.5225702], [16.9777277, 44.5226632], [16.9777435, 44.5227337], [16.9777237, 44.5228013], [16.9776763, 44.5228436], [16.9775933, 44.5228521], [16.977364, 44.5228802], [16.9771822, 44.522931], [16.9769648, 44.5230324], [16.9768146, 44.5230606], [16.9766683, 44.5231762], [16.9766604, 44.5232184], [16.9765181, 44.5232184], [16.9763639, 44.523179], [16.9762374, 44.5232494], [16.9761347, 44.5232494], [16.9759845, 44.5233143], [16.9754745, 44.5233622], [16.9754785, 44.5234016], [16.9747749, 44.5248333], [16.9608052, 44.5381366], [16.9607341, 44.5382212], [16.9606471, 44.5383395], [16.960572, 44.5383733], [16.960406, 44.5384353], [16.9602439, 44.5385452], [16.9601332, 44.53861], [16.9597854, 44.5387678], [16.9596312, 44.5388805], [16.9594098, 44.5390129], [16.9592201, 44.5390721], [16.9590185, 44.5391397], [16.9589078, 44.5391876], [16.9588485, 44.5392749], [16.9588209, 44.5393566], [16.9588288, 44.5394665], [16.9588485, 44.5395736], [16.9588446, 44.539644], [16.9587971, 44.5397454], [16.9587062, 44.539861], [16.9586193, 44.5399596], [16.9585955, 44.5400469], [16.9584295, 44.5401878], [16.958307, 44.5403287], [16.9582042, 44.5404611], [16.9581844, 44.5405456], [16.9581923, 44.5406696], [16.9581647, 44.5408217], [16.9581251, 44.5408978], [16.9579868, 44.540971], [16.9578761, 44.5410866], [16.9577891, 44.5412612], [16.9577575, 44.5414049], [16.957635, 44.5415514], [16.9574531, 44.5417261], [16.9573148, 44.5418895], [16.9572397, 44.5420219], [16.957046, 44.5421628], [16.9567614, 44.5422868], [16.9564096, 44.5424248], [16.9560973, 44.5425122], [16.9558759, 44.5425291], [16.9556546, 44.5425319], [16.9555399, 44.5425544], [16.9553146, 44.5426333], [16.9550034, 44.5427539], [16.9549014, 44.5427688], [16.9547658, 44.5427937], [16.954661, 44.5428067], [16.9545086, 44.5428096], [16.9542138, 44.5427788], [16.954102, 44.5427887], [16.9540516, 44.5427947], [16.9535527, 44.5430399], [16.9556081, 44.5353179], [16.9579174, 44.5266407], [16.9535254, 44.5080664], [16.9533591, 44.5078144], [16.9549598, 44.506747], [16.9548351, 44.5065246], [16.9545856, 44.506317], [16.9544817, 44.5060798], [16.9542322, 44.5059019], [16.9540867, 44.5056499], [16.953962, 44.505294], [16.9675364, 44.4921583], [16.9747765, 44.4857034], [16.9799654, 44.4810627], [16.9804431, 44.4808739], [16.9806121, 44.4806642], [16.9804872, 44.4805331], [16.9817786, 44.4791108], [16.9821424, 44.4790403], [16.982449, 44.4788772], [16.9827281, 44.4782795], [16.9828677, 44.4782192], [16.9829339, 44.4780042], [16.9836468, 44.47743], [16.9836027, 44.4774221], [16.9836027, 44.4773749], [16.9836394, 44.4773382], [16.9837019, 44.477333], [16.9837644, 44.4773199], [16.9838158, 44.4772936], [16.9838158, 44.4772491], [16.9837938, 44.4772045], [16.9837607, 44.4771625], [16.9837129, 44.4771258], [16.9836578, 44.4771101], [16.9836027, 44.4770865], [16.9835512, 44.4770576], [16.9835182, 44.4770209], [16.9835071, 44.4769764], [16.9834851, 44.4768767], [16.9834667, 44.4768321], [16.9834373, 44.4767928], [16.9833969, 44.4767561], [16.9833455, 44.4767246], [16.9832867, 44.4766984], [16.9832315, 44.4766801], [16.9831691, 44.4766617], [16.9830992, 44.4766565], [16.9830404, 44.4766591], [16.9829853, 44.4766748], [16.9829302, 44.4766932], [16.9828677, 44.4766853], [16.9828089, 44.4766801], [16.9827501, 44.4766827], [16.9827024, 44.4767037], [16.9826913, 44.4767482], [16.9826252, 44.4767535], [16.9825627, 44.476743], [16.9824966, 44.4767273], [16.9823863, 44.4766853], [16.9823422, 44.4766538], [16.9822908, 44.4765988], [16.982254, 44.4765463], [16.9822246, 44.4765018], [16.9821805, 44.4764519], [16.9821052, 44.4764034], [16.9820758, 44.4763956], [16.982039, 44.4763864], [16.982006, 44.4763811], [16.9819766, 44.4763746], [16.9819453, 44.4763733], [16.9819159, 44.4763733], [16.9818884, 44.4763785], [16.981859, 44.4763877], [16.9818277, 44.4763995], [16.9817965, 44.4764126], [16.9817634, 44.4764244], [16.9817285, 44.4764362], [16.9817028, 44.476448], [16.9816752, 44.4764572], [16.9816495, 44.4764677], [16.9816164, 44.4764782], [16.981587, 44.4764873], [16.9815595, 44.4764939], [16.9815301, 44.4764965], [16.9815007, 44.4764952], [16.9814713, 44.4764873], [16.98144, 44.4764795], [16.9813776, 44.4764572], [16.9813427, 44.4764428], [16.9813133, 44.4764296], [16.9812839, 44.4764152], [16.9812545, 44.4764047], [16.9812251, 44.4763969], [16.9811938, 44.4763903], [16.9811314, 44.4763877], [16.981102, 44.4763811], [16.9810983, 44.4763588], [16.9811093, 44.4763366], [16.981135, 44.4763208], [16.9811626, 44.4763038], [16.9811755, 44.4762841], [16.9811865, 44.4762631], [16.9811865, 44.4762382], [16.981181, 44.4762133], [16.9811552, 44.4761202], [16.9811405, 44.4760993], [16.9811167, 44.4760822], [16.9810909, 44.476073], [16.9810634, 44.4760652], [16.9810285, 44.4760573], [16.9809991, 44.4760534], [16.980966, 44.4760521], [16.9809311, 44.4760507], [16.9808925, 44.4760468], [16.9808631, 44.4760429], [16.9808319, 44.4760363], [16.9807878, 44.4760258], [16.9807528, 44.4760193], [16.9807198, 44.4760127], [16.9806904, 44.4760022], [16.9806628, 44.4759917], [16.9806334, 44.475976], [16.9806114, 44.4759577], [16.9805967, 44.4759367], [16.9805838, 44.475917], [16.9805691, 44.475896], [16.9805489, 44.4758777], [16.9805287, 44.4758606], [16.9804827, 44.4758279], [16.9804607, 44.4758108], [16.980435, 44.4757938], [16.9804184, 44.4757741], [16.9804148, 44.4757518], [16.9804184, 44.4757295], [16.9804295, 44.4757072], [16.9804442, 44.4756876], [16.9804662, 44.4756653], [16.9804846, 44.4756456], [16.9805085, 44.4756299], [16.9805287, 44.4756128], [16.9805526, 44.4755945], [16.9805709, 44.4755761], [16.9805875, 44.4755578], [16.9805911, 44.4755329], [16.9805838, 44.4755093], [16.9805746, 44.475487], [16.9805636, 44.475466], [16.9805075, 44.4754319], [16.9804956, 44.4754234], [16.9804791, 44.4754149], [16.9804662, 44.4754077], [16.9804533, 44.4754011], [16.9804414, 44.4753919], [16.9804295, 44.4753834], [16.9804203, 44.4753736], [16.9804129, 44.4753637], [16.9804074, 44.4753532], [16.9804028, 44.4753401], [16.9804001, 44.4753283], [16.9803982, 44.4753159], [16.9804019, 44.4752936], [16.9804083, 44.4752831], [16.9804221, 44.4752772], [16.9804396, 44.4752726], [16.9804552, 44.47527], [16.9804763, 44.4752661], [16.9804938, 44.4752647], [16.9805305, 44.4752647], [16.9805654, 44.4752661], [16.9805829, 44.475268], [16.9806022, 44.47527], [16.9806215, 44.4752713], [16.980638, 44.4752733], [16.9806555, 44.4752739], [16.9807069, 44.4752739], [16.9807271, 44.4752726], [16.9807657, 44.4752726], [16.9807832, 44.47527], [16.9807979, 44.4752641], [16.9808089, 44.4752556], [16.9808172, 44.4752464], [16.9808273, 44.4752366], [16.9808392, 44.4752261], [16.980853, 44.4752189], [16.9808677, 44.4752149], [16.9808851, 44.4752116], [16.9809017, 44.4752123], [16.9809164, 44.4752156], [16.9809311, 44.4752221], [16.9809412, 44.4752307], [16.9809467, 44.4752418], [16.9809467, 44.4752523], [16.9809421, 44.4752628], [16.9809283, 44.4752693], [16.9809118, 44.4752687], [16.980898, 44.4752641], [16.9808833, 44.4752641], [16.9808686, 44.4752693], [16.9808603, 44.4752779], [16.9808557, 44.4752877], [16.980853, 44.4752995], [16.9808557, 44.4753106], [16.9808613, 44.4753218], [16.9808677, 44.4753316], [16.9808723, 44.4753421], [16.9808741, 44.4753539], [16.9808769, 44.4753657], [16.9808824, 44.4753755], [16.9808888, 44.4753854], [16.9809008, 44.4753959], [16.9809118, 44.4754037], [16.9809265, 44.4754096], [16.9809421, 44.4754129], [16.9809752, 44.4754129], [16.9809908, 44.4754109], [16.9810073, 44.4754083], [16.9810229, 44.4754057], [16.9810376, 44.4754004], [16.9810533, 44.4753978], [16.9810698, 44.4753978], [16.9810863, 44.4754004], [16.981102, 44.4754044], [16.9811185, 44.4754103], [16.9811332, 44.4754149], [16.9811488, 44.4754188], [16.981169, 44.4754221], [16.9811874, 44.4754254], [16.9812186, 44.4754319], [16.9812361, 44.4754352], [16.9812526, 44.4754378], [16.9812682, 44.4754404], [16.9812839, 44.4754417], [16.9813013, 44.4754437], [16.9813215, 44.4754437], [16.9813381, 44.4754424], [16.9813537, 44.4754391], [16.9813684, 44.4754352], [16.9813822, 44.4754299], [16.9813959, 44.4754214], [16.9814088, 44.4754136], [16.9814171, 44.4754037], [16.9814299, 44.4753814], [16.9814327, 44.4753683], [16.9814336, 44.4753565], [16.9814327, 44.4753441], [16.9814318, 44.4753329], [16.9814299, 44.4753218], [16.9814226, 44.4753015], [16.981406, 44.4752831], [16.9813877, 44.4752647], [16.9813767, 44.4752451], [16.9813785, 44.4752215], [16.9813895, 44.4751979], [16.9814171, 44.4751848], [16.981452, 44.4751861], [16.9814887, 44.47519], [16.9815145, 44.4752031], [16.9815347, 44.4752202], [16.9815549, 44.4752385], [16.9815843, 44.4752569], [16.9816118, 44.4752687], [16.9816394, 44.4752779], [16.9816706, 44.4752844], [16.9817074, 44.475291], [16.981746, 44.475291], [16.9817772, 44.4752805], [16.9818011, 44.4752634], [16.9818305, 44.4752503], [16.9818617, 44.4752425], [16.9818911, 44.4752333], [16.9819205, 44.4752228], [16.9819499, 44.4752136], [16.9819757, 44.4751992], [16.9819885, 44.4751782], [16.9820014, 44.4751546], [16.9820216, 44.4751349], [16.9820455, 44.4751166], [16.9820712, 44.4750995], [16.9820914, 44.4750799], [16.9820988, 44.475055], [16.9820988, 44.4750327], [16.9820932, 44.4750104], [16.9820841, 44.4749881], [16.9820694, 44.4749684], [16.9820473, 44.4749475], [16.9820253, 44.474933], [16.9820014, 44.4749199], [16.9819499, 44.4748937], [16.9819132, 44.4748806], [16.9818801, 44.4748675], [16.9818342, 44.4748517], [16.9818029, 44.4748439], [16.9817717, 44.4748373], [16.9817258, 44.4748242], [16.9816798, 44.4748137], [16.9816486, 44.4748045], [16.9816192, 44.4747927], [16.9815971, 44.4747783], [16.9815659, 44.4747613], [16.9815457, 44.4747455], [16.981531, 44.4747193], [16.9815163, 44.4746813], [16.9815163, 44.4746485], [16.9815273, 44.4746039], [16.9815494, 44.4745672], [16.9815714, 44.4745397], [16.9816027, 44.4745161], [16.9816265, 44.4744964], [16.9816559, 44.4744794], [16.9816725, 44.474461], [16.9816872, 44.4744401], [16.981689, 44.4744178], [16.9816872, 44.4743955], [16.9816798, 44.4743732], [16.9816706, 44.4743522], [16.9816596, 44.4743312], [16.9815895, 44.4742471], [16.981522, 44.4741989], [16.981496, 44.4741359], [16.9814544, 44.4740803], [16.981392, 44.4740395], [16.9813089, 44.4740432], [16.9812361, 44.4740728], [16.9812569, 44.4741322], [16.9812777, 44.4741952], [16.9812257, 44.4742471], [16.9811426, 44.4742657], [16.981075, 44.4743102], [16.9809867, 44.4743102], [16.9809139, 44.4742768], [16.9808671, 44.4742212], [16.9808567, 44.4741507], [16.9808723, 44.4740877], [16.9808983, 44.4740246], [16.9809087, 44.4739579], [16.9808827, 44.4738985], [16.980836, 44.4738429], [16.9807788, 44.473791], [16.9806593, 44.4736983], [16.9805813, 44.4736723], [16.9804878, 44.4736649], [16.9803994, 44.4736723], [16.9803526, 44.4737205], [16.9803474, 44.4737836], [16.9803734, 44.4738466], [16.9803994, 44.4739097], [16.980389, 44.4739727], [16.9803267, 44.4740172], [16.9802383, 44.4740024], [16.9801603, 44.4739727], [16.980098, 44.4739208], [16.9800616, 44.4738615], [16.9800616, 44.4737984], [16.980072, 44.4737279], [16.9801032, 44.4736649], [16.9801292, 44.4736019], [16.9801344, 44.4735351], [16.9801396, 44.473346], [16.9801032, 44.4732904], [16.9800512, 44.4732347], [16.979994, 44.4731865], [16.9799109, 44.4731643], [16.9798173, 44.4731717], [16.9797342, 44.4731902], [16.979651, 44.4732013], [16.9795679, 44.4731828], [16.9795055, 44.4731383], [16.9794587, 44.4730827], [16.9794276, 44.4730233], [16.9794172, 44.4729603], [16.9794068, 44.4728861], [16.9794068, 44.4727526], [16.9794224, 44.4726859], [16.9795523, 44.4722408], [16.9795835, 44.4721741], [16.9796043, 44.4720962], [16.9796147, 44.4720332], [16.9796147, 44.4717365], [16.9796199, 44.4716734], [16.9796614, 44.4715399], [16.9796666, 44.4714769], [16.9796614, 44.4714138], [16.979651, 44.4713471], [16.9795315, 44.4710318], [16.9794535, 44.4709762], [16.9792041, 44.4707129], [16.9789702, 44.4706832], [16.9786896, 44.4705794], [16.978383, 44.4705238], [16.9782946, 44.4703272], [16.9782167, 44.4702048], [16.9781595, 44.4701714], [16.9781595, 44.4700157], [16.9780711, 44.4699155], [16.9775878, 44.4701566], [16.9777333, 44.4703161], [16.9769694, 44.4705238], [16.9760287, 44.470813], [16.9756077, 44.4710059], [16.9757429, 44.4711653], [16.9754674, 44.471339], [16.9751764, 44.4714874], [16.9748646, 44.4716357], [16.9745527, 44.4717692], [16.9742617, 44.4719472], [16.9740123, 44.4720956], [16.973742, 44.4722587], [16.9734718, 44.4723923], [16.9731599, 44.4725109], [16.9728897, 44.4726593], [16.9726402, 44.4728521], [16.9724324, 44.473045], [16.9723076, 44.4732823], [16.9722453, 44.4735345], [16.9722453, 44.4738015], [16.9723076, 44.4740685], [16.9724324, 44.474291], [16.9726402, 44.4745135], [16.9729105, 44.4747063], [16.9731392, 44.474914], [16.9731807, 44.4751513], [16.9731599, 44.4754035], [16.9731599, 44.4756557], [16.9729417, 44.4760117], [16.9727858, 44.4761155], [16.9720686, 44.4765086], [16.9714241, 44.4769017], [16.9707901, 44.4778287], [16.9694804, 44.4788893], [16.9688137, 44.4793837], [16.9687108, 44.4794361], [16.9686006, 44.4794886], [16.9684977, 44.479541], [16.9683875, 44.479583], [16.9682846, 44.4796302], [16.9681449, 44.4796983], [16.968042, 44.4797508], [16.9679391, 44.4798137], [16.9678142, 44.4798819], [16.9677113, 44.4799343], [16.9676157, 44.4799815], [16.9675202, 44.4800392], [16.9660796, 44.4806055], [16.9659694, 44.480637], [16.9658592, 44.4806789], [16.9648449, 44.4810041], [16.9647346, 44.4810565], [16.9640658, 44.4812348], [16.9639409, 44.4812872], [16.9634631, 44.4814288], [16.9633602, 44.4814865], [16.9628531, 44.4817487], [16.9627723, 44.4818326], [16.9620152, 44.4822678], [16.9619197, 44.482336], [16.9612141, 44.4826349], [16.9611259, 44.4826926], [16.9600602, 44.4831173], [16.9599426, 44.4831645], [16.9585682, 44.4835054], [16.9568631, 44.4838777], [16.9567529, 44.4837046], [16.9564295, 44.483799], [16.95518, 44.4842919], [16.9542245, 44.4847219], [16.954129, 44.4847638], [16.9533867, 44.4853039], [16.9532985, 44.4853878], [16.9524974, 44.4861901], [16.9524216, 44.4862712], [16.9511597, 44.4876215], [16.9496457, 44.4890529], [16.9483595, 44.490091], [16.9482933, 44.4901644], [16.9470586, 44.4911292], [16.9463751, 44.4915565], [16.9455923, 44.4919969], [16.9455409, 44.4920309], [16.9446211, 44.4924431], [16.9435094, 44.4928638], [16.9434855, 44.492852], [16.9434616, 44.4928363], [16.9434396, 44.4928218], [16.9434212, 44.4928048], [16.9434029, 44.4927851], [16.9433882, 44.4927642], [16.9433808, 44.4927419], [16.9433808, 44.4926947], [16.9433826, 44.4926698], [16.9433845, 44.4926462], [16.9433918, 44.4926239], [16.943401, 44.492599], [16.9434139, 44.4925754], [16.9434267, 44.4925545], [16.9434414, 44.4925348], [16.9434598, 44.4925138], [16.9434819, 44.4924981], [16.9435094, 44.4924876], [16.9435407, 44.4924784], [16.9435719, 44.492468], [16.9435995, 44.4924535], [16.9436252, 44.4924352], [16.9436436, 44.4924142], [16.9436491, 44.4923906], [16.9436491, 44.4923657], [16.9436436, 44.4923421], [16.9436142, 44.4923028], [16.9435921, 44.4922858], [16.9435701, 44.49227], [16.9435462, 44.4922556], [16.9435131, 44.4922517], [16.9434837, 44.4922517], [16.9434525, 44.4922556], [16.9434231, 44.4922661], [16.943401, 44.4922818], [16.9433826, 44.4922989], [16.9433588, 44.492312], [16.9433349, 44.4923238], [16.9433036, 44.492329], [16.9432724, 44.4923316], [16.9432412, 44.4923316], [16.9432081, 44.492333], [16.9431787, 44.4923395], [16.9431658, 44.4923579], [16.9431658, 44.4923801], [16.9431548, 44.4923985], [16.9431346, 44.4924142], [16.943107, 44.4924221], [16.9430776, 44.4924234], [16.9430482, 44.4924221], [16.9428498, 44.4924221], [16.9428167, 44.4924195], [16.9427873, 44.4924181], [16.9427579, 44.4924142], [16.9427267, 44.4924103], [16.9426973, 44.4924064], [16.942666, 44.4924024], [16.9426366, 44.4923985], [16.9426054, 44.4923959], [16.9425742, 44.4923906], [16.9425117, 44.4923749], [16.9424841, 44.4923644], [16.9424547, 44.4923526], [16.942429, 44.4923382], [16.9424088, 44.4923212], [16.9423978, 44.4923015], [16.9423886, 44.4922792], [16.9423812, 44.4922582], [16.9423757, 44.4922346], [16.9423665, 44.4922111], [16.9423592, 44.4921888], [16.9423445, 44.4921678], [16.942328, 44.4921495], [16.9423022, 44.4921363], [16.9422765, 44.4921259], [16.9422453, 44.4921259], [16.9422159, 44.4921298], [16.9421846, 44.4921377], [16.9421607, 44.4921534], [16.9421479, 44.492173], [16.9421314, 44.4921914], [16.9421093, 44.4922071], [16.9420817, 44.4922229], [16.942056, 44.492232], [16.9420248, 44.4922412], [16.9419954, 44.4922425], [16.9419623, 44.4922399], [16.9419347, 44.4922281], [16.941909, 44.492215], [16.9418851, 44.4922006], [16.9418612, 44.4921835], [16.941841, 44.4921652], [16.9418153, 44.4921468], [16.9417933, 44.4921285], [16.9417731, 44.4921128], [16.941751, 44.4920931], [16.9417271, 44.492076], [16.9417014, 44.492059], [16.9416793, 44.4920446], [16.9416555, 44.4920302], [16.9416261, 44.4920144], [16.9416022, 44.4920026], [16.9415764, 44.4919895], [16.9415489, 44.4919764], [16.9415213, 44.4919646], [16.9414901, 44.4919528], [16.9414607, 44.491945], [16.9414313, 44.4919384], [16.9413982, 44.4919371], [16.9413651, 44.491941], [16.9413339, 44.4919489], [16.9413063, 44.4919568], [16.9412806, 44.4919673], [16.9412622, 44.491983], [16.9412475, 44.4920026], [16.9412439, 44.4920249], [16.9412475, 44.4920472], [16.9412641, 44.4920656], [16.9412861, 44.4920839], [16.9413137, 44.4920957], [16.9413394, 44.4921075], [16.9413633, 44.4921259], [16.9413817, 44.4921442], [16.9413945, 44.4921626], [16.9414019, 44.4921835], [16.9414019, 44.4922071], [16.9414001, 44.4922281], [16.9413927, 44.4922491], [16.9413835, 44.4922687], [16.9413615, 44.4922831], [16.9413321, 44.4922871], [16.9412696, 44.4922871], [16.9412384, 44.4922845], [16.9412108, 44.4922766], [16.9411814, 44.4922687], [16.9411502, 44.4922674], [16.9411208, 44.4922687], [16.9410932, 44.4922779], [16.9410767, 44.4922963], [16.9410656, 44.4923185], [16.9410601, 44.4923408], [16.9410491, 44.4923618], [16.9410344, 44.4923801], [16.9410087, 44.4923932], [16.9409719, 44.4924116], [16.9409444, 44.4924208], [16.9409186, 44.4924326], [16.9408911, 44.492447], [16.9408709, 44.492464], [16.9408598, 44.4924863], [16.9408507, 44.4925073], [16.9408396, 44.4925296], [16.9408286, 44.4925479], [16.9408176, 44.4925702], [16.9408084, 44.4925899], [16.9407955, 44.4926108], [16.9407845, 44.4926305], [16.9407717, 44.4926541], [16.9407625, 44.4926737], [16.9407533, 44.492696], [16.9407459, 44.492717], [16.9407257, 44.492734], [16.9407018, 44.4927458], [16.9406706, 44.4927511], [16.9406412, 44.4927511], [16.9406081, 44.4927524], [16.9405787, 44.4927576], [16.940553, 44.492772], [16.9405346, 44.4927917], [16.9405163, 44.4928101], [16.9405016, 44.4928284], [16.9404813, 44.4928441], [16.9404501, 44.4928507], [16.940417, 44.4928468], [16.9403876, 44.4928402], [16.9403582, 44.4928323], [16.9403307, 44.4928258], [16.9402976, 44.4928192], [16.9402645, 44.4928192], [16.9402314, 44.4928179], [16.9401414, 44.4928179], [16.9401102, 44.492814], [16.9400808, 44.4928074], [16.9400587, 44.4927917], [16.9400514, 44.4927694], [16.9400551, 44.4927458], [16.9400753, 44.4927275], [16.940101, 44.4927157], [16.9401598, 44.4927], [16.940191, 44.4926908], [16.9402186, 44.4926764], [16.9402333, 44.4926554], [16.9402406, 44.4926331], [16.9402406, 44.4925872], [16.9402461, 44.492561], [16.9402682, 44.4925217], [16.9402774, 44.4924994], [16.9402902, 44.4924798], [16.9403031, 44.4924588], [16.940316, 44.4924391], [16.940327, 44.4924116], [16.9403325, 44.4923867], [16.9403325, 44.4923644], [16.940327, 44.4923408], [16.9403196, 44.4923159], [16.9403086, 44.4922949], [16.9402921, 44.492274], [16.9402719, 44.4922556], [16.940248, 44.4922425], [16.9402204, 44.4922346], [16.940191, 44.492236], [16.9401598, 44.4922399], [16.9401322, 44.4922491], [16.9401102, 44.4922674], [16.9400973, 44.4922858], [16.9400973, 44.492308], [16.9401083, 44.4923277], [16.9401212, 44.4923474], [16.9401194, 44.4923697], [16.9401047, 44.4923893], [16.9400789, 44.4924064], [16.9400477, 44.4924129], [16.9400183, 44.4924129], [16.9399889, 44.4924116], [16.9399577, 44.4924064], [16.9399283, 44.4923946], [16.9399081, 44.4923788], [16.9398952, 44.4923579], [16.9398823, 44.4923343], [16.9398658, 44.4923146], [16.9398382, 44.4923015], [16.9398052, 44.4922976], [16.9397739, 44.4923015], [16.9397464, 44.4923146], [16.9397225, 44.492329], [16.9397115, 44.4923474], [16.9396986, 44.4923657], [16.9396784, 44.492388], [16.9396545, 44.492405], [16.9396306, 44.4924181], [16.939603, 44.4924286], [16.9395736, 44.4924339], [16.9395443, 44.4924352], [16.9395075, 44.4924313], [16.9394726, 44.4924273], [16.9394414, 44.4924208], [16.939412, 44.4924116], [16.9393862, 44.4923985], [16.9393642, 44.4923814], [16.9393513, 44.4923618], [16.939344, 44.4923382], [16.9393458, 44.4923146], [16.9393568, 44.492291], [16.939366, 44.4922674], [16.9393752, 44.4922451], [16.9393844, 44.4922215], [16.9393899, 44.4921966], [16.9394046, 44.4921495], [16.9394101, 44.4921245], [16.939412, 44.492101], [16.9394101, 44.4920734], [16.9394064, 44.4920498], [16.9394009, 44.4920276], [16.9393862, 44.4920092], [16.9393697, 44.4919909], [16.939344, 44.4919764], [16.9393127, 44.4919712], [16.9392778, 44.4919712], [16.9392484, 44.4919817], [16.9392411, 44.492004], [16.9392392, 44.4920262], [16.9392337, 44.4920525], [16.9392135, 44.4920721], [16.9391896, 44.4920865], [16.9391621, 44.492097], [16.939129, 44.4921062], [16.9391014, 44.4921128], [16.9390647, 44.4921193], [16.9390316, 44.4921232], [16.9389985, 44.4921245], [16.9389691, 44.4921245], [16.9389397, 44.4921219], [16.9389048, 44.4921154], [16.9388754, 44.4921062], [16.9388313, 44.4920774], [16.9388093, 44.4920603], [16.9387891, 44.4920433], [16.938767, 44.4920223], [16.9387468, 44.4920013], [16.9387064, 44.4919646], [16.938688, 44.4919463], [16.9386678, 44.4919279], [16.9386476, 44.4919083], [16.938631, 44.4918899], [16.9386127, 44.491869], [16.9386053, 44.4918467], [16.938609, 44.4918244], [16.9386237, 44.4918034], [16.938666, 44.4917733], [16.938688, 44.4917549], [16.9387027, 44.4917353], [16.9387045, 44.4917117], [16.9386954, 44.4916894], [16.9386751, 44.4916619], [16.9386549, 44.4916435], [16.9386274, 44.491633], [16.9385961, 44.4916238], [16.9385649, 44.4916199], [16.9385263, 44.4916199], [16.9384914, 44.4916252], [16.9384602, 44.4916317], [16.9384326, 44.491637], [16.9383922, 44.4916396], [16.9383628, 44.4916278], [16.9383389, 44.4916107], [16.9383205, 44.4915937], [16.9383003, 44.4915754], [16.9382746, 44.4915649], [16.9382434, 44.4915649], [16.938214, 44.4915662], [16.9381846, 44.4915714], [16.9381533, 44.4915727], [16.9381276, 44.4915583], [16.9381184, 44.4915373], [16.9381202, 44.4915151], [16.9381368, 44.4914954], [16.9381588, 44.491477], [16.9381625, 44.4914548], [16.938157, 44.4914312], [16.9381368, 44.4914141], [16.9381074, 44.4914076], [16.9380761, 44.4914089], [16.9380449, 44.4914115], [16.9380137, 44.4914194], [16.9379879, 44.4914325], [16.9379585, 44.491439], [16.9379273, 44.491439], [16.9378924, 44.4914377], [16.9378648, 44.4914285], [16.9378391, 44.4914141], [16.9378189, 44.4913971], [16.9378097, 44.4913761], [16.9378024, 44.4913551], [16.9377987, 44.4913316], [16.9377969, 44.4913066], [16.9377987, 44.4912817], [16.937806, 44.4912582], [16.9378097, 44.4912346], [16.9378097, 44.4911638], [16.9378079, 44.4911389], [16.937806, 44.4911166], [16.9378005, 44.491093], [16.9377877, 44.4910733], [16.9377693, 44.4910511], [16.9377509, 44.491034], [16.9377252, 44.4910196], [16.9376976, 44.4910104], [16.9376664, 44.4910091], [16.9376352, 44.4910144], [16.9376113, 44.4910248], [16.9375947, 44.4910419], [16.93758, 44.4910602], [16.9375543, 44.4911022], [16.9375433, 44.4911205], [16.9375231, 44.4911415], [16.9375121, 44.4911612], [16.9374974, 44.4911821], [16.9374827, 44.4912005], [16.9374661, 44.4912175], [16.9374459, 44.4912319], [16.9374147, 44.4912385], [16.9373834, 44.4912398], [16.937354, 44.4912411], [16.937321, 44.491245], [16.9372916, 44.4912516], [16.9372677, 44.491266], [16.9372475, 44.4912831], [16.9372291, 44.4913014], [16.9372034, 44.4913132], [16.937174, 44.4913119], [16.9371427, 44.491308], [16.9371133, 44.4913093], [16.9370803, 44.4913106], [16.9370509, 44.4913027], [16.9370233, 44.4912922], [16.9370012, 44.4912752], [16.9369847, 44.4912542], [16.9369737, 44.4912306], [16.9369718, 44.491207], [16.9369774, 44.4911834], [16.9369829, 44.4911612], [16.936981, 44.4911389], [16.9369755, 44.4911166], [16.9369627, 44.4910943], [16.936948, 44.4910746], [16.9369241, 44.4910563], [16.9368947, 44.4910497], [16.9368653, 44.491055], [16.9368487, 44.491072], [16.9368432, 44.4910943], [16.9368432, 44.4911153], [16.9368414, 44.4911363], [16.9368322, 44.4911572], [16.936801, 44.4911585], [16.9367697, 44.4911572], [16.9367385, 44.4911533], [16.9367054, 44.4911467], [16.9366742, 44.4911402], [16.9366448, 44.491131], [16.9366191, 44.4911192], [16.9365989, 44.4911022], [16.9365878, 44.4910799], [16.936586, 44.4910563], [16.936586, 44.491034], [16.9365786, 44.4910117], [16.9365695, 44.4909908], [16.9365566, 44.4909685], [16.9365474, 44.4909462], [16.9365382, 44.4909213], [16.9365254, 44.4909003], [16.9365051, 44.490882], [16.9364776, 44.4908675], [16.9364463, 44.4908492], [16.9364169, 44.4908413], [16.9363912, 44.4908282], [16.9363765, 44.4908099], [16.936371, 44.490785], [16.936371, 44.4907627], [16.9363802, 44.4907404], [16.9364041, 44.4907181], [16.9364666, 44.4906919], [16.936496, 44.4906827], [16.9365272, 44.4906722], [16.9365401, 44.49065], [16.9365401, 44.4906277], [16.9365382, 44.4906015], [16.9365382, 44.4905241], [16.9365401, 44.4904979], [16.9365401, 44.490473], [16.9365419, 44.4904507], [16.9365419, 44.4904271], [16.9365401, 44.4904049], [16.9365327, 44.4903826], [16.9365125, 44.4903642], [16.9364813, 44.4903616], [16.9364519, 44.4903708], [16.9364427, 44.4903931], [16.9364408, 44.490414], [16.9364298, 44.4904337], [16.9363986, 44.4904402], [16.9363655, 44.490435], [16.9363398, 44.4904219], [16.9363159, 44.4904022], [16.9363049, 44.4903813], [16.9363104, 44.4903577], [16.9363306, 44.4903406], [16.9363508, 44.4903223], [16.9363508, 44.4902961], [16.9363361, 44.4902751], [16.936292, 44.4902646], [16.9362442, 44.4902331], [16.9361965, 44.4901886], [16.9361707, 44.4901755], [16.9361671, 44.4901532], [16.9361726, 44.4901296], [16.9361689, 44.490106], [16.9361432, 44.4900916], [16.9361083, 44.4900876], [16.936077, 44.4900745], [16.9360586, 44.4900549], [16.9360384, 44.4900365], [16.9360127, 44.490026], [16.9359796, 44.4900195], [16.9359484, 44.4900195], [16.935919, 44.4900116], [16.935897, 44.4899946], [16.9358878, 44.4899723], [16.9358951, 44.4899487], [16.9359135, 44.4899304], [16.9359429, 44.4899225], [16.935976, 44.4899172], [16.9360072, 44.4899054], [16.9360256, 44.4898858], [16.9360256, 44.4898635], [16.9360384, 44.4898425], [16.9360697, 44.4898373], [16.9361027, 44.489836], [16.9361248, 44.4898163], [16.9361377, 44.4897888], [16.9361413, 44.4897573], [16.9361524, 44.4897246], [16.9361707, 44.4896931], [16.9362056, 44.4896905], [16.9362314, 44.4897023], [16.9362644, 44.489701], [16.9362883, 44.4896852], [16.9362994, 44.4896643], [16.9362994, 44.489638], [16.9362975, 44.4896013], [16.9362938, 44.4895764], [16.9362793, 44.4895006], [16.9362536, 44.4894613], [16.9362169, 44.4894167], [16.9361691, 44.4893932], [16.9361103, 44.4893984], [16.9360478, 44.4893932], [16.9360037, 44.4893591], [16.9359413, 44.4893433], [16.9358788, 44.4893486], [16.9358237, 44.4893329], [16.9357575, 44.4893407], [16.9357208, 44.4893774], [16.9356509, 44.4893932], [16.9355995, 44.4893617], [16.9355627, 44.4893197], [16.9354525, 44.489283], [16.9353974, 44.4892621], [16.9353606, 44.489228], [16.9353423, 44.4891834], [16.9353606, 44.4891362], [16.9353864, 44.4890969], [16.9354194, 44.489055], [16.9354194, 44.4890025], [16.9354011, 44.4889553], [16.935357, 44.4889213], [16.9352982, 44.4889186], [16.9352724, 44.488958], [16.935243, 44.4889947], [16.9352063, 44.4890314], [16.9351475, 44.4890471], [16.9350813, 44.4890392], [16.9350189, 44.4890471], [16.9349858, 44.4890812], [16.9349674, 44.4891284], [16.9349454, 44.4891729], [16.9349196, 44.4892096], [16.9348829, 44.4892463], [16.9348241, 44.4892595], [16.934758, 44.4892726], [16.9346955, 44.4892962], [16.9346698, 44.4893381], [16.9346514, 44.48938], [16.9345926, 44.4893932], [16.9345485, 44.4893643], [16.9345485, 44.4892673], [16.9345264, 44.4892254], [16.934475, 44.4892044], [16.9344309, 44.4891703], [16.9344493, 44.4891205], [16.9345007, 44.4890917], [16.9345558, 44.4890681], [16.9346073, 44.4890366], [16.9346514, 44.4889947], [16.9346808, 44.4889553], [16.9346992, 44.4889108], [16.9347065, 44.4888636], [16.9347065, 44.4887692], [16.9346955, 44.488722], [16.9346771, 44.4886775], [16.934633, 44.4886486], [16.9345742, 44.4886408], [16.9345117, 44.4886486], [16.934464, 44.4886696], [16.9344235, 44.4887037], [16.9343794, 44.4887456], [16.9343427, 44.4887823], [16.9343133, 44.4888243], [16.9342949, 44.4888715], [16.9342692, 44.4889239], [16.9342214, 44.4889763], [16.9341553, 44.4889973], [16.9340818, 44.4890314], [16.934012, 44.4890681], [16.9339421, 44.4891022], [16.9338797, 44.4891074], [16.9338282, 44.4890864], [16.9337915, 44.4890445], [16.933729, 44.4890366], [16.9336665, 44.4890261], [16.9336077, 44.489013], [16.9335489, 44.4889973], [16.9334865, 44.4889973], [16.933446, 44.4890288], [16.9333946, 44.4890497], [16.9333358, 44.4890366], [16.9333027, 44.4889999], [16.9332476, 44.4889868], [16.9331851, 44.4889763], [16.933152, 44.488937], [16.9331447, 44.4888924], [16.9331447, 44.4888452], [16.933152, 44.4888007], [16.9331557, 44.4887561], [16.933152, 44.4887063], [16.9331226, 44.4886644], [16.9330969, 44.488625], [16.9330712, 44.4885831], [16.9330381, 44.4885438], [16.9329903, 44.4885175], [16.9329315, 44.4885044], [16.9328654, 44.4884966], [16.9328029, 44.4884966], [16.9327478, 44.4885071], [16.9326964, 44.488528], [16.9326927, 44.4885726], [16.9326927, 44.4886172], [16.932678, 44.4886644], [16.9326376, 44.4886958], [16.9325824, 44.4887168], [16.9325163, 44.4887351], [16.9324575, 44.488743], [16.9323987, 44.4887535], [16.9323325, 44.4887561], [16.9322701, 44.4887535], [16.9322113, 44.4887456], [16.9321525, 44.4887404], [16.9320974, 44.4887273], [16.9320386, 44.4887168], [16.9319761, 44.4887142], [16.9319173, 44.4887246], [16.9318658, 44.4887482], [16.931807, 44.4887561], [16.9317519, 44.4887692], [16.9316931, 44.4887902], [16.931649, 44.488819], [16.9316527, 44.488861], [16.93166, 44.4889029], [16.9316858, 44.4889422], [16.9317262, 44.4889737], [16.9317666, 44.4890104], [16.931785, 44.4890523], [16.9318254, 44.4890838], [16.9318842, 44.4891074], [16.9319393, 44.489131], [16.9319945, 44.489152], [16.9320459, 44.4891808], [16.9320533, 44.4892227], [16.9320202, 44.4892595], [16.9319504, 44.4892726], [16.9318879, 44.4892699], [16.9318181, 44.4892673], [16.9317482, 44.4892595], [16.9316821, 44.4892568], [16.9316233, 44.4892568], [16.9315682, 44.4892673], [16.931502, 44.4892647], [16.9314469, 44.4892463], [16.9314138, 44.4892044], [16.9314175, 44.4891546], [16.9314359, 44.4891048], [16.931469, 44.4890759], [16.9314873, 44.4890288], [16.9314947, 44.4889842], [16.9314837, 44.488937], [16.931469, 44.4888924], [16.9314396, 44.4888505], [16.9313918, 44.4888243], [16.931333, 44.4888269], [16.9312668, 44.4888348], [16.9311823, 44.48884], [16.9311235, 44.4888505], [16.9310574, 44.4888662], [16.9310096, 44.4888924], [16.9309618, 44.4889239], [16.9309251, 44.488958], [16.9308957, 44.488992], [16.9308589, 44.4890235], [16.9308259, 44.4890602], [16.9307818, 44.4890864], [16.9307156, 44.489089], [16.9306568, 44.4890864], [16.9305943, 44.4890707], [16.9305319, 44.4890576], [16.9304657, 44.4890445], [16.9304032, 44.489034], [16.9303444, 44.4890288], [16.9302857, 44.4890392], [16.9302269, 44.4890576], [16.9301828, 44.4890864], [16.9300872, 44.4891389], [16.9300284, 44.4891415], [16.9299659, 44.4891336], [16.9299108, 44.4891153], [16.9298594, 44.4890838], [16.9298153, 44.4890497], [16.9297712, 44.4890183], [16.9297271, 44.4889894], [16.9296683, 44.4889763], [16.9296058, 44.4889789], [16.9295617, 44.4890052], [16.9295029, 44.489013], [16.9294515, 44.4889947], [16.9294074, 44.488958], [16.9293596, 44.4889265], [16.9292971, 44.4889108], [16.9292383, 44.4888977], [16.9291869, 44.4888715], [16.9291354, 44.48884], [16.929084, 44.4888007], [16.9290509, 44.4887587], [16.9290068, 44.4886748], [16.9289701, 44.4886355], [16.9289186, 44.4886119], [16.9288561, 44.4885883], [16.9288157, 44.4885542], [16.928779, 44.4885123], [16.9287385, 44.4884153], [16.9287202, 44.4883707], [16.9286761, 44.4883366], [16.9286209, 44.4883209], [16.9285695, 44.4882973], [16.9285217, 44.4882737], [16.9284629, 44.4882606], [16.9284041, 44.4882606], [16.9283453, 44.488258], [16.9282829, 44.4882423], [16.9282388, 44.4882108], [16.928202, 44.4881689], [16.9281983, 44.4881191], [16.9282204, 44.4880719], [16.9282571, 44.4880352], [16.9283049, 44.4880063], [16.92836, 44.4879827], [16.9283894, 44.4879434], [16.9283821, 44.4878988], [16.928327, 44.4878831], [16.9282682, 44.4878857], [16.928213, 44.4879015], [16.9281616, 44.4879198], [16.9280991, 44.4879251], [16.9280403, 44.4879119], [16.9279925, 44.4878857], [16.9279558, 44.4878516], [16.9279227, 44.4878097], [16.9279154, 44.4877651], [16.9279154, 44.4877153], [16.9279227, 44.4876681], [16.9279374, 44.4876236], [16.9279448, 44.487579], [16.9279448, 44.4874846], [16.9279301, 44.4874427], [16.9278896, 44.487406], [16.9278308, 44.4873955], [16.927772, 44.4873929], [16.9277059, 44.4873824], [16.9276655, 44.4873483], [16.9276508, 44.4873037], [16.9276434, 44.4872592], [16.9276287, 44.4872093], [16.9276177, 44.4871569], [16.9276067, 44.4870861], [16.9275479, 44.4870861], [16.9274854, 44.4870756], [16.9274156, 44.4870678], [16.9273531, 44.4870547], [16.9273053, 44.4870206], [16.9272686, 44.4869865], [16.9272355, 44.4869498], [16.9272098, 44.4869052], [16.9271988, 44.4868607], [16.9271804, 44.4868161], [16.9271473, 44.4867741], [16.9270738, 44.4867007], [16.9270444, 44.4866614], [16.9270224, 44.4866195], [16.9270187, 44.4865749], [16.9270261, 44.4865303], [16.9270665, 44.4864936], [16.9271106, 44.4864622], [16.9271142, 44.486415], [16.9269893, 44.4862157], [16.9269268, 44.4862157], [16.926868, 44.4862026], [16.9268092, 44.4861947], [16.9267431, 44.4862026], [16.9266843, 44.4862079], [16.9266108, 44.4862236], [16.9265557, 44.4862367], [16.9264748, 44.4862524], [16.9263866, 44.4862708], [16.9263352, 44.4862891], [16.9262727, 44.4863127], [16.9261698, 44.4863599], [16.9261073, 44.4863756], [16.9260485, 44.4863888], [16.9259861, 44.486394], [16.9258942, 44.486394], [16.9258244, 44.4863914], [16.9256921, 44.4863914], [16.9256333, 44.4863966], [16.9255671, 44.4864071], [16.9255083, 44.4864071], [16.9254495, 44.4863966], [16.9253944, 44.4863809], [16.9253356, 44.4863599], [16.9252695, 44.4863547], [16.925207, 44.4863573], [16.9251482, 44.4863678], [16.9250894, 44.486352], [16.9250306, 44.4863311], [16.9249681, 44.4863232], [16.9249057, 44.4863258], [16.9247807, 44.4863468], [16.9247219, 44.4863573], [16.9246631, 44.4863704], [16.924608, 44.4863835], [16.9245492, 44.4864019], [16.9245014, 44.4864307], [16.9244463, 44.4864595], [16.9243985, 44.4864884], [16.9243508, 44.4865146], [16.9243103, 44.4865487], [16.9242773, 44.4865828], [16.9242368, 44.4866195], [16.9242001, 44.4866535], [16.9241266, 44.486727], [16.9240862, 44.486761], [16.9240127, 44.4868344], [16.9239796, 44.4868738], [16.9239539, 44.4869131], [16.9239208, 44.4869498], [16.9238693, 44.4870284], [16.9236268, 44.4873326], [16.9235901, 44.4873666], [16.9235386, 44.4873902], [16.9234798, 44.4873902], [16.9234173, 44.487385], [16.9233549, 44.4873745], [16.9232924, 44.4873614], [16.9232336, 44.487343], [16.9231748, 44.4873273], [16.9231197, 44.487309], [16.9230609, 44.4872959], [16.9229984, 44.4872906], [16.9228808, 44.4872854], [16.9228183, 44.4872723], [16.9227522, 44.4872513], [16.9226971, 44.4872303], [16.9226383, 44.4872041], [16.9225868, 44.4871857], [16.9225317, 44.4871674], [16.9224692, 44.4871464], [16.9223994, 44.4871307], [16.9223333, 44.4871176], [16.9222745, 44.4871071], [16.922212, 44.4870992], [16.9221422, 44.4870914], [16.9220135, 44.4870914], [16.9219437, 44.4870835], [16.9218849, 44.4870678], [16.9218078, 44.4870494], [16.9217379, 44.4870284], [16.9216865, 44.4870101], [16.9216314, 44.4869917], [16.9215615, 44.4869681], [16.9215027, 44.4869472], [16.9214366, 44.4869314], [16.9213778, 44.4869288], [16.9213116, 44.4869262], [16.9212528, 44.4869236], [16.9211941, 44.4869157], [16.9211389, 44.4869], [16.9210875, 44.4868764], [16.9210213, 44.4868528], [16.9209662, 44.4868344], [16.9209074, 44.4868187], [16.9208449, 44.4868056], [16.9207273, 44.4867794], [16.9203635, 44.4867217], [16.9203011, 44.4867138], [16.9202533, 44.4866876], [16.9202276, 44.4866457], [16.9201798, 44.4866116], [16.9201283, 44.486588], [16.9200659, 44.486588], [16.9200254, 44.4866221], [16.9199887, 44.4866588], [16.9199336, 44.4866378], [16.9198674, 44.4866195], [16.919805, 44.4866404], [16.9197609, 44.4866719], [16.9196984, 44.4866719], [16.9196433, 44.4866457], [16.9195881, 44.4866247], [16.9194595, 44.4866247], [16.9194007, 44.4866064], [16.9193456, 44.4865854], [16.9192831, 44.4865775], [16.9192207, 44.4865749], [16.9191692, 44.4865539], [16.9190737, 44.486491], [16.9190185, 44.4864622], [16.9189634, 44.4864438], [16.9189083, 44.4864228], [16.9188605, 44.4863888], [16.9188201, 44.4863547], [16.918798, 44.4863101], [16.9187797, 44.4862682], [16.9187539, 44.4862262], [16.9187319, 44.4861869], [16.9187025, 44.4861502], [16.9186694, 44.4861109], [16.9186327, 44.4860741], [16.9185812, 44.4860532], [16.9185298, 44.4860348], [16.9184122, 44.4860191], [16.9183497, 44.4860138], [16.9182836, 44.4860034], [16.9181742, 44.4859986], [16.91813, 44.4859949], [16.9180858, 44.4859931], [16.9180364, 44.4859857], [16.9179117, 44.4859356], [16.9177298, 44.4860691], [16.916745, 44.48588], [16.9162954, 44.4857929], [16.9160668, 44.4857076], [16.9157965, 44.4856038], [16.9157523, 44.4855889], [16.9155133, 44.4854962], [16.9152612, 44.4853757], [16.9150585, 44.4851922], [16.9146012, 44.4847195], [16.9144375, 44.4846917], [16.9144323, 44.4846286], [16.9144245, 44.4845934], [16.9144115, 44.4845637], [16.9143933, 44.4845359], [16.9143647, 44.4845118], [16.9143309, 44.4844914], [16.9142946, 44.4844692], [16.9142582, 44.484447], [16.9142218, 44.4844247], [16.9141906, 44.4844043], [16.9141594, 44.4843784], [16.9141309, 44.4843505], [16.9141153, 44.4843227], [16.9141049, 44.4842894], [16.9141049, 44.484256], [16.9141127, 44.4842226], [16.9141231, 44.4841262], [16.9141231, 44.4840947], [16.9141101, 44.4840595], [16.9140945, 44.4840298], [16.9140737, 44.4840002], [16.9140529, 44.4839686], [16.9140425, 44.4839353], [16.9140347, 44.4838963], [16.9140321, 44.483863], [16.9140321, 44.4838315], [16.9140295, 44.4837999], [16.9140165, 44.4837684], [16.9139983, 44.4837406], [16.9139801, 44.483711], [16.9139542, 44.4836757], [16.913923, 44.4836498], [16.9139048, 44.4836201], [16.9138814, 44.4835923], [16.913858, 44.4835626], [16.913832, 44.4835385], [16.9138086, 44.4835126], [16.9137827, 44.4834866], [16.9137567, 44.4834625], [16.9137229, 44.4834384], [16.9136891, 44.4834143], [16.9136553, 44.4833921], [16.9136241, 44.4833698], [16.913593, 44.4833402], [16.9135722, 44.4833105], [16.913554, 44.4832716], [16.9135332, 44.4832382], [16.9135124, 44.4832122], [16.913489, 44.4831826], [16.9134526, 44.4831418], [16.9134033, 44.483114], [16.9133643, 44.4830973], [16.9133201, 44.4830788], [16.9132785, 44.4830676], [16.9132344, 44.4830602], [16.9131902, 44.4830584], [16.9131434, 44.4830584], [16.9130992, 44.4830602], [16.9130551, 44.4830658], [16.9130057, 44.4830732], [16.9129511, 44.4830806], [16.9129044, 44.4830899], [16.9128628, 44.4830992], [16.9128212, 44.4831103], [16.9126815, 44.48313], [16.9118143, 44.4818243], [16.9111087, 44.4807545], [16.9108441, 44.4801252], [16.9107112, 44.4794642], [16.9103547, 44.4783997], [16.9100938, 44.4776734], [16.9095691, 44.4764417], [16.9094547, 44.4761172], [16.9094885, 44.4759986], [16.909013, 44.4763434], [16.908197, 44.4754201], [16.908948, 44.4750344], [16.9084595, 44.4745208], [16.9083971, 44.4745467], [16.9084855, 44.4746394], [16.9082386, 44.4748193], [16.9078592, 44.4750103], [16.9075786, 44.4746988], [16.9073655, 44.4744151], [16.9076903, 44.4742964], [16.9080515, 44.4742315], [16.9078307, 44.4739237], [16.9081581, 44.4734991], [16.9084855, 44.4733118], [16.9084465, 44.4732988], [16.9083971, 44.4732859], [16.9083478, 44.4732784], [16.9083036, 44.4732747], [16.9082568, 44.4732729], [16.90821, 44.4732766], [16.9081633, 44.4732784], [16.9081191, 44.4732822], [16.9080723, 44.4732877], [16.9080229, 44.4732914], [16.9079788, 44.473297], [16.907932, 44.4733044], [16.9078904, 44.47331], [16.9078488, 44.4733192], [16.9078099, 44.4733322], [16.9077709, 44.4733471], [16.9077345, 44.47336], [16.9076903, 44.4733804], [16.9076566, 44.4734045], [16.9076332, 44.4734305], [16.9074721, 44.473577], [16.9072018, 44.4735473], [16.9070511, 44.4735751], [16.9070615, 44.4736549], [16.9070165, 44.4736549], [16.9069577, 44.4736496], [16.9069026, 44.473626], [16.9068585, 44.4735972], [16.9068364, 44.4735578], [16.9068217, 44.4735106], [16.9068107, 44.4734634], [16.9068144, 44.4734188], [16.9068144, 44.4733244], [16.9068217, 44.4732772], [16.9068217, 44.4732327], [16.9068254, 44.4731881], [16.9068401, 44.4731435], [16.9068585, 44.4730989], [16.9068805, 44.473057], [16.9068989, 44.4730124], [16.9069026, 44.4729678], [16.9069577, 44.4726846], [16.9068989, 44.4726007], [16.9067997, 44.4725325], [16.9067446, 44.4723778], [16.9067372, 44.4721628], [16.9066674, 44.4719661], [16.9067409, 44.4717065], [16.9066711, 44.4717012], [16.9064396, 44.4712607], [16.906344, 44.4711479], [16.9061272, 44.4708883], [16.90605, 44.470765], [16.9057083, 44.4704058], [16.9051276, 44.4702851], [16.9048226, 44.4700255], [16.9047565, 44.4697528], [16.9046646, 44.4697842], [16.9045176, 44.4697816], [16.9040472, 44.4696925], [16.9039884, 44.469682], [16.9037496, 44.4696767], [16.9034372, 44.4696636], [16.9033637, 44.469661], [16.9030697, 44.4696662], [16.9028639, 44.4697187], [16.9027243, 44.4698472], [16.9025479, 44.4700098], [16.9023053, 44.4701829], [16.9022576, 44.4702038], [16.9018974, 44.470272], [16.9014564, 44.470293], [16.9011367, 44.470293], [16.9008611, 44.4702799], [16.9007986, 44.4702982], [16.9004716, 44.4703979], [16.8999351, 44.4704739], [16.8993618, 44.4704346], [16.8990935, 44.4703795], [16.8987664, 44.470314], [16.8972598, 44.4724696], [16.8973259, 44.472543], [16.8973994, 44.4726164], [16.8974655, 44.4726846], [16.8975243, 44.472758], [16.897539, 44.4728472], [16.8975023, 44.4729311], [16.8974288, 44.4730045], [16.8973259, 44.473057], [16.8972377, 44.4731199], [16.8971936, 44.4731933], [16.8971716, 44.4732772], [16.8971422, 44.4733559], [16.8971054, 44.4734451], [16.8970393, 44.4735237], [16.8969805, 44.4735919], [16.8969143, 44.4736653], [16.8968408, 44.4737388], [16.8967747, 44.4738069], [16.8966791, 44.4738909], [16.8965689, 44.4739433], [16.8964439, 44.47398], [16.8962381, 44.4740744], [16.8961499, 44.4741321], [16.8960471, 44.474195], [16.8959589, 44.474258], [16.8959001, 44.4743314], [16.8958413, 44.4744101], [16.8957898, 44.4744887], [16.8957016, 44.4745622], [16.8955987, 44.4746041], [16.8954811, 44.4746356], [16.8952459, 44.474709], [16.8951357, 44.4747562], [16.8950328, 44.4748191], [16.8949372, 44.4748821], [16.8948417, 44.4749502], [16.8947462, 44.4750079], [16.8946506, 44.4750551], [16.894533, 44.4750709], [16.8944081, 44.4750866], [16.8942905, 44.4751181], [16.8941582, 44.4751758], [16.8940553, 44.475223], [16.8939671, 44.4752806], [16.8938715, 44.4753593], [16.8938054, 44.4754327], [16.8937613, 44.4755166], [16.8936951, 44.4755901], [16.8935091, 44.4757721], [16.8934363, 44.4758092], [16.8933532, 44.4758648], [16.8933064, 44.4759205], [16.8932648, 44.4759872], [16.8932233, 44.4760428], [16.8931817, 44.4760948], [16.8931453, 44.4761467], [16.8930933, 44.4761949], [16.893031, 44.4762431], [16.8929738, 44.4762987], [16.8929218, 44.4763506], [16.8928751, 44.4764025], [16.8928439, 44.4764619], [16.8928127, 44.4765323], [16.8927659, 44.4765917], [16.8926984, 44.4766325], [16.8926256, 44.4766658], [16.8925476, 44.4766955], [16.8924697, 44.4767215], [16.8923865, 44.4767622], [16.8923138, 44.4767993], [16.892241, 44.4768401], [16.8922046, 44.4768957], [16.8921942, 44.4769551], [16.892215, 44.4770923], [16.8922306, 44.4771553], [16.8922566, 44.4772332], [16.8922722, 44.4772962], [16.8922982, 44.4773556], [16.892319, 44.4774186], [16.8923346, 44.4774854], [16.8923346, 44.4775558], [16.8923294, 44.4776226], [16.8923242, 44.4776856], [16.8922722, 44.4779081], [16.892267, 44.4779674], [16.8921942, 44.4779971], [16.8921267, 44.4780379], [16.8920747, 44.4780898], [16.8920903, 44.4781565], [16.8921527, 44.478201], [16.892215, 44.4782492], [16.892241, 44.4783086], [16.8922358, 44.4783716], [16.892215, 44.4784309], [16.892189, 44.478494], [16.8921527, 44.4785496], [16.8921111, 44.4786052], [16.8920643, 44.4786646], [16.8920175, 44.4787313], [16.8919864, 44.4787832], [16.89195, 44.4788351], [16.8919396, 44.4788945], [16.8919136, 44.4789575], [16.8918512, 44.479002], [16.8917681, 44.4790317], [16.8917421, 44.4790873], [16.8916901, 44.4791392], [16.8916018, 44.4791429], [16.8915342, 44.47918], [16.8914978, 44.4792356], [16.8914667, 44.4792875], [16.8913887, 44.4793172], [16.8912952, 44.4793209], [16.8912016, 44.4793172], [16.8911133, 44.4793098], [16.8910249, 44.4793061], [16.8909418, 44.4793024], [16.8907651, 44.4793024], [16.8906715, 44.4793061], [16.8905728, 44.4793135], [16.890474, 44.4793283], [16.8903857, 44.4793431], [16.8902973, 44.4793617], [16.890209, 44.4793876], [16.8901362, 44.479421], [16.8900687, 44.4794618], [16.8899959, 44.4794841], [16.8899076, 44.4794655], [16.8898192, 44.4794618], [16.8897516, 44.4795026], [16.8896737, 44.4795211], [16.8896009, 44.4795545], [16.8895438, 44.4795953], [16.8894814, 44.4796435], [16.8893982, 44.4796361], [16.8893151, 44.4796398], [16.8892735, 44.4796917], [16.8891904, 44.479714], [16.889102, 44.4797288], [16.8890137, 44.4797325], [16.8889565, 44.4797733], [16.8889565, 44.4798326], [16.8889097, 44.4798808], [16.8888162, 44.4798845], [16.8887226, 44.4798771], [16.8886655, 44.4798289], [16.8886135, 44.479777], [16.8885407, 44.4797325], [16.8884524, 44.4797177], [16.888364, 44.4797065], [16.8882913, 44.4796695], [16.8882445, 44.4796175], [16.8881717, 44.4795916], [16.8880886, 44.4796064], [16.8880106, 44.4796213], [16.8879379, 44.4795842], [16.8878911, 44.4795323], [16.8878131, 44.4794989], [16.8877404, 44.4795285], [16.887704, 44.4795879], [16.8876676, 44.4796435], [16.8876209, 44.4796917], [16.8874182, 44.4797362], [16.8874182, 44.4796806], [16.8874909, 44.4796361], [16.8875377, 44.479573], [16.8875429, 44.4794989], [16.8875429, 44.4794358], [16.8875325, 44.4793617], [16.8875169, 44.4792912], [16.8875169, 44.4791652], [16.8875221, 44.4790984], [16.8875325, 44.4790354], [16.8875481, 44.4789723], [16.8875845, 44.4789019], [16.8876312, 44.47885], [16.8876832, 44.4787906], [16.88773, 44.478735], [16.8877924, 44.4786831], [16.8878495, 44.4786275], [16.8878859, 44.4785719], [16.8879171, 44.4785125], [16.8879327, 44.4784495], [16.8879431, 44.4783827], [16.887995, 44.4780527], [16.888021, 44.477986], [16.8880522, 44.4779081], [16.8880678, 44.4778413], [16.8880678, 44.4777783], [16.8880522, 44.4777116], [16.8880522, 44.4776448], [16.8880574, 44.4775781], [16.888073, 44.4775113], [16.8880886, 44.4774409], [16.8881094, 44.4773778], [16.888125, 44.4773037], [16.888125, 44.4772332], [16.8881094, 44.4771627], [16.8880886, 44.4770997], [16.8880626, 44.4770404], [16.8880158, 44.4769773], [16.8879795, 44.4769143], [16.8879691, 44.4768512], [16.8879795, 44.4767882], [16.8880002, 44.476714], [16.888021, 44.4766436], [16.8880314, 44.4765805], [16.8880314, 44.4764508], [16.8880054, 44.4763877], [16.8879535, 44.4763284], [16.8879067, 44.4762728], [16.8878599, 44.4762171], [16.8878599, 44.4761393], [16.8878859, 44.4760762], [16.8878391, 44.4759575], [16.8878183, 44.4758945], [16.8878028, 44.4758315], [16.8877716, 44.4757684], [16.8877144, 44.4757091], [16.8876676, 44.4756535], [16.8876261, 44.4755941], [16.8875949, 44.4755311], [16.8875585, 44.4754718], [16.8875117, 44.4754124], [16.8874546, 44.4753679], [16.887387, 44.4753234], [16.8873038, 44.47529], [16.8872311, 44.4752493], [16.8872103, 44.4751899], [16.8871791, 44.4751195], [16.8871531, 44.4750564], [16.8871271, 44.4749934], [16.8871012, 44.4749303], [16.8870648, 44.4748673], [16.887018, 44.4748117], [16.8869608, 44.4747598], [16.8869245, 44.4747041], [16.8869348, 44.4746411], [16.886966, 44.4745706], [16.886966, 44.4745039], [16.8869245, 44.4744445], [16.8868933, 44.4743852], [16.8868985, 44.4743222], [16.88694, 44.4742628], [16.8869556, 44.4741961], [16.8869556, 44.474133], [16.8869245, 44.47407], [16.8869245, 44.4738586], [16.8869089, 44.4737881], [16.8868829, 44.4737251], [16.8868881, 44.4736621], [16.8869193, 44.473536], [16.8869245, 44.4734729], [16.8869193, 44.4734062], [16.8868933, 44.4733394], [16.8868881, 44.4732653], [16.8869037, 44.4731985], [16.8869297, 44.4731317], [16.88694, 44.473065], [16.88694, 44.4728499], [16.8869452, 44.4727794], [16.8869816, 44.4725273], [16.886992, 44.4724605], [16.887018, 44.47239], [16.8870596, 44.472327], [16.8871115, 44.4722677], [16.8871583, 44.4722046], [16.8871895, 44.4721416], [16.8872155, 44.4720822], [16.8872415, 44.4720155], [16.8872779, 44.4719524], [16.8873142, 44.4718968], [16.8873766, 44.4718338], [16.8874286, 44.4717707], [16.8874909, 44.4717114], [16.8875221, 44.471652], [16.8875585, 44.4715927], [16.8876001, 44.4715334], [16.8876364, 44.4714666], [16.8876832, 44.4713924], [16.8877196, 44.4713294], [16.887756, 44.4712701], [16.8878079, 44.4712144], [16.8878599, 44.4711477], [16.8879119, 44.4710957], [16.8879639, 44.4710364], [16.8880054, 44.4709771], [16.8880418, 44.4709103], [16.8880418, 44.4708436], [16.8880158, 44.4707805], [16.8879898, 44.4707212], [16.8879898, 44.4706581], [16.888021, 44.4705988], [16.8880782, 44.4705469], [16.8881406, 44.4704912], [16.8881717, 44.4704208], [16.888151, 44.4703577], [16.8881977, 44.4703058], [16.8882653, 44.470265], [16.8883173, 44.4702131], [16.8883277, 44.4701463], [16.8883069, 44.4700202], [16.888338, 44.4699498], [16.88839, 44.4698904], [16.888442, 44.4698385], [16.8884992, 44.4697866], [16.8885563, 44.469731], [16.8885979, 44.4696679], [16.8886187, 44.4696049], [16.8886187, 44.4694713], [16.8886343, 44.4694009], [16.8886551, 44.4693378], [16.8886811, 44.4692748], [16.888707, 44.4692006], [16.888733, 44.4691376], [16.8887382, 44.4690708], [16.888733, 44.4690078], [16.8887018, 44.4689447], [16.8886551, 44.4688817], [16.8886083, 44.468826], [16.8885979, 44.4687593], [16.8886135, 44.4686925], [16.8886655, 44.4686257], [16.8887226, 44.4685775], [16.8887746, 44.4685219], [16.888811, 44.4684663], [16.8888318, 44.4683958], [16.8888318, 44.468266], [16.8888526, 44.4681918], [16.8888837, 44.4681251], [16.8889097, 44.468062], [16.8889305, 44.4679878], [16.8889409, 44.4679174], [16.8889929, 44.4676652], [16.8890137, 44.4675984], [16.8890241, 44.4675354], [16.8890241, 44.4674686], [16.8890085, 44.4674018], [16.8889981, 44.4673388], [16.8889929, 44.467272], [16.8889981, 44.4672053], [16.8890085, 44.4671385], [16.8890293, 44.467068], [16.8890293, 44.4670013], [16.8890189, 44.4669345], [16.8890085, 44.4668603], [16.8890085, 44.4667973], [16.8890189, 44.4667342], [16.88905, 44.4666564], [16.8890812, 44.4665896], [16.8891072, 44.4665303], [16.889128, 44.4664672], [16.8891436, 44.466393], [16.8891384, 44.4663188], [16.8891228, 44.4662484], [16.8891228, 44.4661779], [16.8891436, 44.4661149], [16.8891852, 44.4660481], [16.8892215, 44.4659813], [16.8892475, 44.4659034], [16.8892787, 44.4658404], [16.8892839, 44.4657736], [16.8892943, 44.4657106], [16.8893411, 44.4656512], [16.8894034, 44.4655956], [16.8894502, 44.4655325], [16.8894554, 44.4654658], [16.8894554, 44.4654027], [16.889471, 44.4653397], [16.8895126, 44.4652803], [16.8895542, 44.4652173], [16.8895801, 44.4651542], [16.8895282, 44.4650392], [16.889523, 44.4649688], [16.8895697, 44.4649131], [16.8896373, 44.4648686], [16.8897205, 44.4648278], [16.8897828, 44.4647722], [16.8898192, 44.4647091], [16.88984, 44.4646424], [16.8898556, 44.4645682], [16.8898764, 44.4645051], [16.8899076, 44.4644458], [16.8899491, 44.4643827], [16.8899959, 44.4643308], [16.8900583, 44.4642752], [16.8901206, 44.4642158], [16.8901622, 44.4641602], [16.8902038, 44.4640972], [16.8902246, 44.4640267], [16.8902402, 44.4639562], [16.8902661, 44.4638932], [16.8902817, 44.4638301], [16.8903285, 44.4637596], [16.8903753, 44.463704], [16.8904325, 44.4636484], [16.8904896, 44.4635964], [16.8905832, 44.4634592], [16.8906351, 44.4634073], [16.8906923, 44.463359], [16.8907599, 44.4633145], [16.8908274, 44.4632552], [16.8908794, 44.4631996], [16.8909002, 44.4631365], [16.8908898, 44.4630734], [16.8908846, 44.4630067], [16.8909106, 44.4629362], [16.8909106, 44.4628731], [16.8908898, 44.4628138], [16.8908638, 44.4627507], [16.8908586, 44.462684], [16.8908794, 44.4626209], [16.8908794, 44.4625542], [16.8908638, 44.4624911], [16.8909158, 44.4624318], [16.8909781, 44.4624837], [16.8910457, 44.4625282], [16.8911289, 44.4625504], [16.8912172, 44.4625393], [16.8913056, 44.4625134], [16.8914043, 44.4624837], [16.891503, 44.462454], [16.8918201, 44.4623464], [16.8918928, 44.4623094], [16.8919708, 44.462276], [16.8920487, 44.4622389], [16.8921423, 44.4621981], [16.8922254, 44.4621647], [16.892293, 44.4621239], [16.8923709, 44.4620794], [16.8924489, 44.462046], [16.8925373, 44.4620163], [16.8926204, 44.4619904], [16.8927088, 44.4619718], [16.8928023, 44.4619718], [16.8928958, 44.4619755], [16.8929842, 44.4619978], [16.8930414, 44.4620126], [16.8931817, 44.4619162], [16.8929114, 44.4617864], [16.8934571, 44.4613746], [16.8934571, 44.4612448], [16.8934467, 44.4611743], [16.8933896, 44.4611224], [16.8933168, 44.461089], [16.8932389, 44.4610482], [16.8931661, 44.4610111], [16.8930933, 44.4609703], [16.8929998, 44.4609295], [16.8929114, 44.4609147], [16.8928283, 44.4609147], [16.8927399, 44.4609073], [16.8926672, 44.4608813], [16.8925788, 44.4607292], [16.8937638, 44.4603694], [16.8949591, 44.4602656], [16.8954632, 44.4599985], [16.8956243, 44.4602322], [16.8957958, 44.4603583], [16.8958478, 44.4603064], [16.8958893, 44.460247], [16.8959309, 44.4601914], [16.8960452, 44.4600727], [16.8965026, 44.4598316], [16.8965701, 44.4597871], [16.8966533, 44.4597314], [16.8966689, 44.4596646], [16.8966689, 44.4594532], [16.8967105, 44.4593939], [16.8967936, 44.4593679], [16.896882, 44.4593419], [16.8970015, 44.4593197], [16.897095, 44.4593011], [16.8971678, 44.4592603], [16.8972042, 44.459201], [16.8972406, 44.4591379], [16.8972769, 44.4590786], [16.8973081, 44.4590118], [16.8973497, 44.4589487], [16.8974121, 44.4588968], [16.89749, 44.4588634], [16.8975784, 44.4588449], [16.8976615, 44.4588152], [16.8977135, 44.4587596], [16.8977447, 44.4586965], [16.8977447, 44.4586334], [16.8977343, 44.458563], [16.8977031, 44.4585036], [16.8976615, 44.458448], [16.8976096, 44.4583997], [16.8975628, 44.4583478], [16.8975316, 44.4582848], [16.8975264, 44.458218], [16.8975264, 44.4581549], [16.8975368, 44.4580844], [16.8975732, 44.4580288], [16.8982124, 44.4573722], [16.9001613, 44.4551168], [16.9001925, 44.4550537], [16.9002237, 44.4549833], [16.9002548, 44.4549239], [16.9002652, 44.4548608], [16.9002756, 44.4547904], [16.9002808, 44.4547273], [16.9003016, 44.4546531], [16.9003328, 44.45459], [16.9003692, 44.4545196], [16.90039, 44.4544491], [16.900416, 44.4543749], [16.9004315, 44.4543081], [16.9004575, 44.4542339], [16.9004835, 44.4541597], [16.9005043, 44.4540892], [16.9005459, 44.4540187], [16.9005927, 44.4539445], [16.9006238, 44.4538741], [16.900655, 44.4538147], [16.9006862, 44.4537516], [16.9007278, 44.4536923], [16.9007797, 44.4536329], [16.9008421, 44.4535773], [16.9009668, 44.4534697], [16.901024, 44.4534215], [16.9010656, 44.4533658], [16.9011072, 44.4533102], [16.9011228, 44.4532471], [16.9011228, 44.4531803], [16.9011124, 44.4531173], [16.9011072, 44.4530505], [16.9011072, 44.4529874], [16.9011539, 44.4529355], [16.9012215, 44.4528761], [16.9012839, 44.4528279], [16.9013514, 44.4527723], [16.9013878, 44.4527018], [16.9013878, 44.4525608], [16.901393, 44.452494], [16.9014086, 44.4524273], [16.9014502, 44.4523716], [16.9015073, 44.452316], [16.9015697, 44.4522603], [16.9016269, 44.4521676], [16.9016528, 44.4520822], [16.901684, 44.4519969], [16.901736, 44.4519116], [16.9017672, 44.4518485], [16.9017776, 44.4517817], [16.9018347, 44.4514553], [16.9018815, 44.4514033], [16.9019387, 44.4513551], [16.9020011, 44.4512995], [16.9020582, 44.4512401], [16.902105, 44.451177], [16.9021466, 44.451114], [16.9021933, 44.451062], [16.9022297, 44.4510027], [16.9022765, 44.4509433], [16.9023337, 44.450884], [16.9023752, 44.4508246], [16.9024116, 44.4507541], [16.9024428, 44.450691], [16.902474, 44.4506205], [16.9024948, 44.4505501], [16.902526, 44.4504722], [16.9025571, 44.4504017], [16.9026039, 44.4503275], [16.9026975, 44.4502087], [16.9028222, 44.4500937], [16.9028845, 44.4500344], [16.9029521, 44.4499824], [16.9037005, 44.4494668], [16.9051764, 44.44812], [16.9052336, 44.4480569], [16.9061223, 44.4474559], [16.9082271, 44.4462575], [16.9082063, 44.4461944], [16.9090586, 44.4456119], [16.9101448, 44.4447029], [16.9102124, 44.4446584], [16.9102851, 44.4446139], [16.9103683, 44.4445731], [16.9104462, 44.4445322], [16.9105346, 44.4444877], [16.9106281, 44.4444321], [16.9107321, 44.4443764], [16.9108308, 44.4443208], [16.9109036, 44.4442799], [16.9109815, 44.4442354], [16.9110543, 44.4441909], [16.911127, 44.4441427], [16.9111946, 44.444087], [16.9112466, 44.4440351], [16.9112933, 44.443972], [16.9113349, 44.4439163], [16.9113713, 44.4438607], [16.9114077, 44.4438013], [16.9114389, 44.4436752], [16.9114441, 44.4436121], [16.9114337, 44.4434748], [16.9108256, 44.4428403], [16.9115688, 44.4426548], [16.9119066, 44.4420685], [16.911969, 44.4417717], [16.9118182, 44.4411261], [16.9120469, 44.440614], [16.9118527, 44.4400363], [16.9118894, 44.4400232], [16.9119207, 44.4400153], [16.9119519, 44.4400048], [16.9119795, 44.4399904], [16.9120089, 44.4399746], [16.9120364, 44.4399589], [16.9120677, 44.4399418], [16.9120952, 44.4399287], [16.9121283, 44.4399143], [16.9121559, 44.4398985], [16.9121853, 44.4398815], [16.9122477, 44.4398421], [16.9122771, 44.4398264], [16.912312, 44.439812], [16.912347, 44.4397923], [16.9123763, 44.4397765], [16.9124168, 44.439745], [16.912437, 44.439728], [16.9124554, 44.4397031], [16.9124701, 44.4396795], [16.9124884, 44.4396401], [16.9124958, 44.4396152], [16.9125068, 44.4395929], [16.912516, 44.4395706], [16.9125289, 44.439547], [16.9125472, 44.4395273], [16.9125693, 44.4395089], [16.912595, 44.4394971], [16.9126262, 44.4394853], [16.9126575, 44.4394774], [16.9126906, 44.4394761], [16.9127328, 44.4394761], [16.9127787, 44.43948], [16.9128173, 44.439484], [16.9128706, 44.439484], [16.9129166, 44.4394748], [16.9126076, 44.4392339], [16.9124413, 44.4391819], [16.9123373, 44.439078], [16.9122957, 44.4389444], [16.9122853, 44.4388109], [16.9122749, 44.4386847], [16.9119216, 44.4384175], [16.9098843, 44.4338977], [16.9083772, 44.4313816], [16.9089177, 44.4303796], [16.9090216, 44.4302683], [16.9091567, 44.4301643], [16.9092815, 44.430053], [16.9094062, 44.4299565], [16.9094997, 44.4298526], [16.9095829, 44.4297413], [16.9096453, 44.4296151], [16.9096868, 44.4294815], [16.9096972, 44.4293553], [16.9096972, 44.4292291], [16.9096868, 44.4290881], [16.9096349, 44.4289619], [16.9095621, 44.4288431], [16.9094893, 44.4287244], [16.9094166, 44.428613], [16.9093542, 44.4284868], [16.9093334, 44.4283458], [16.9093438, 44.4282122], [16.9094478, 44.4281009], [16.9095933, 44.4279969], [16.9097596, 44.4279153], [16.9099363, 44.4278262], [16.9100922, 44.4277594], [16.9102377, 44.4276778], [16.9103936, 44.427611], [16.9104872, 44.4274922], [16.9105599, 44.4273512], [16.9104976, 44.4269355], [16.910456, 44.4268167], [16.910456, 44.4266905], [16.9105703, 44.4265866], [16.9107262, 44.4264901], [16.9108925, 44.4264159], [16.9110588, 44.4263565], [16.9112355, 44.4263045], [16.9114122, 44.4262229], [16.9115785, 44.4261561], [16.9117137, 44.4260744], [16.9119423, 44.4258814], [16.9120463, 44.4257775], [16.912119, 44.4256587], [16.9121814, 44.42554], [16.9122542, 44.4254212], [16.9123997, 44.4253395], [16.912566, 44.4252802], [16.9127323, 44.4252208], [16.9128986, 44.4251465], [16.9130337, 44.42505], [16.9131584, 44.4249535], [16.913252, 44.4248496], [16.9133455, 44.4247383], [16.9134391, 44.4246269], [16.9135638, 44.4245156], [16.9136989, 44.4244042], [16.9138548, 44.4243226], [16.9140315, 44.4242483], [16.9143642, 44.4241296], [16.9145201, 44.4240702], [16.914676, 44.4239885], [16.9148111, 44.4239069], [16.9149358, 44.4238178], [16.9150606, 44.4237213], [16.9151853, 44.4236248], [16.9153204, 44.4235209], [16.9154659, 44.4234466], [16.9156426, 44.4234169], [16.9158297, 44.4234021], [16.9161311, 44.4234169], [16.9160168, 44.4233279], [16.9159441, 44.4232165], [16.9159441, 44.4230829], [16.9160376, 44.4229641], [16.9161727, 44.422875], [16.9163494, 44.4228231], [16.9165261, 44.4227785], [16.9167132, 44.4227414], [16.9169211, 44.4227191], [16.9172745, 44.4227191], [16.9174616, 44.4227043], [16.9180229, 44.4227043], [16.91821, 44.4226746], [16.9183867, 44.4226301], [16.9185426, 44.4225633], [16.9186673, 44.4224668], [16.9187712, 44.4223628], [16.9188856, 44.4222663], [16.9189791, 44.4221624], [16.9191039, 44.4220585], [16.919239, 44.4219694], [16.9193845, 44.4218951], [16.9195612, 44.421858], [16.9196651, 44.4218951], [16.9196547, 44.4217689], [16.9196028, 44.4216427], [16.9193949, 44.4215091], [16.9170874, 44.4205737], [16.9171082, 44.4204401], [16.9170874, 44.4203139], [16.9170354, 44.4201877], [16.9169419, 44.4200764], [16.9168276, 44.4199724], [16.9167028, 44.4198833], [16.9165885, 44.4197943], [16.9164534, 44.4197052], [16.9163078, 44.4196161], [16.9162039, 44.4195196], [16.9161104, 44.4194082], [16.9160688, 44.4192746], [16.9160688, 44.419141], [16.9160792, 44.4190073], [16.9160896, 44.4188663], [16.9160272, 44.4187475], [16.915996, 44.418599], [16.915996, 44.4184654], [16.9160168, 44.4183318], [16.9160584, 44.4181981], [16.9161415, 44.4180868], [16.9162871, 44.4180125], [16.9164638, 44.4179977], [16.9166509, 44.4179828], [16.9168379, 44.4179903], [16.917025, 44.4180125], [16.9171913, 44.4180422], [16.9173784, 44.4180942], [16.9175655, 44.4181239], [16.9177734, 44.4181536], [16.9179605, 44.4181536], [16.9181476, 44.4181387], [16.9183243, 44.4181016], [16.9184906, 44.41802], [16.918501, 44.4178937], [16.9184594, 44.4177601], [16.9183763, 44.4176488], [16.9182827, 44.4175448], [16.9181788, 44.417426], [16.9180748, 44.4173147], [16.9178462, 44.4171068], [16.9177318, 44.4170103], [16.9176071, 44.4169286], [16.9173369, 44.4167653], [16.9171913, 44.4166836], [16.9170562, 44.4165871], [16.9169107, 44.416498], [16.916443, 44.4163421], [16.9162663, 44.4162901], [16.9161104, 44.4162456], [16.9159441, 44.416201], [16.9156322, 44.416112], [16.9154347, 44.4160748], [16.9152477, 44.4160451], [16.9150813, 44.4159857], [16.9150439, 44.4159707], [16.914915, 44.4159189], [16.9147799, 44.4158224], [16.9146344, 44.415711], [16.9145305, 44.4155997], [16.9144473, 44.4154735], [16.9143642, 44.4153398], [16.9142914, 44.4152062], [16.9142186, 44.4150948], [16.9141563, 44.414976], [16.9140835, 44.4148275], [16.9140212, 44.4147162], [16.9139692, 44.4145751], [16.9139172, 44.4144415], [16.9138756, 44.4143004], [16.9138548, 44.4141742], [16.9138445, 44.414048], [16.9138341, 44.4139143], [16.9138341, 44.4136545], [16.9138237, 44.4135283], [16.9138029, 44.413402], [16.9137821, 44.4132684], [16.9137509, 44.4131348], [16.9137093, 44.4130085], [16.9136781, 44.4128823], [16.9136054, 44.4127413], [16.9135534, 44.4126225], [16.9135014, 44.4124814], [16.9134391, 44.4123477], [16.9133871, 44.4122067], [16.9133248, 44.4120656], [16.9132728, 44.4119468], [16.9132312, 44.4118132], [16.9132, 44.4116869], [16.9131584, 44.4115607], [16.9131169, 44.4114419], [16.9130649, 44.4113157], [16.9130337, 44.4111821], [16.9130129, 44.4110558], [16.9129817, 44.4109222], [16.9129714, 44.410796], [16.9130753, 44.4103505], [16.9131896, 44.4102465], [16.913304, 44.4101351], [16.9132936, 44.4100089], [16.9132624, 44.4098753], [16.9131377, 44.4097787], [16.9129921, 44.4097193], [16.9128154, 44.4096525], [16.9126595, 44.4095634], [16.9125452, 44.4094669], [16.9124413, 44.4093555], [16.9123269, 44.4092516], [16.9122334, 44.4091476], [16.912119, 44.4090362], [16.9120047, 44.4089323], [16.9118696, 44.4088061], [16.911776, 44.4087021], [16.9116929, 44.4085981], [16.9116097, 44.4084868], [16.9115162, 44.4083457], [16.9114434, 44.4082343], [16.9113811, 44.4081081], [16.9113395, 44.4079819], [16.9112875, 44.4078556], [16.9112355, 44.4077294], [16.9111732, 44.4076106], [16.91109, 44.4074844], [16.9110069, 44.407373], [16.9108925, 44.4072542], [16.9107782, 44.4071576], [16.9106535, 44.4070611], [16.9105911, 44.4069349], [16.9105495, 44.4068012], [16.910508, 44.406675], [16.9104352, 44.4065636], [16.9103728, 44.4064374], [16.9103417, 44.4063037], [16.910352, 44.4061626], [16.9103936, 44.406029], [16.9104352, 44.4058953], [16.9104976, 44.4057691], [16.9105807, 44.4056354], [16.9106535, 44.4055092], [16.9107366, 44.4053978], [16.9108302, 44.405279], [16.9109341, 44.4051602], [16.9110173, 44.4050339], [16.911142, 44.40493], [16.9112563, 44.4048186], [16.9113291, 44.4046849], [16.9115058, 44.4044696], [16.911537, 44.4043359], [16.9115162, 44.4042023], [16.9114434, 44.4040909], [16.9114122, 44.4039572], [16.9113915, 44.4038236], [16.9112979, 44.4037196], [16.911142, 44.4036528], [16.9109861, 44.4035934], [16.9108302, 44.4035488], [16.9106847, 44.403482], [16.9105495, 44.4033854], [16.9104664, 44.4032592], [16.9104248, 44.4031404], [16.9104144, 44.4030067], [16.9104144, 44.4028805], [16.9104456, 44.4027394], [16.9104664, 44.4026057], [16.9105287, 44.402472], [16.9106119, 44.4023532], [16.9106847, 44.4022196], [16.9107366, 44.4021007], [16.910799, 44.4019745], [16.910851, 44.4018483], [16.9109133, 44.4017146], [16.9109965, 44.4016032], [16.9111316, 44.4015141], [16.9112979, 44.4014324], [16.9114434, 44.4013507], [16.9115474, 44.4012468], [16.9115578, 44.4011205], [16.9114954, 44.4010091], [16.9113603, 44.40092], [16.9112459, 44.4008309], [16.9111836, 44.4007046], [16.9111212, 44.4005784], [16.9110588, 44.4004447], [16.9109861, 44.4002962], [16.9108718, 44.4000363], [16.9107262, 44.3998135], [16.9106327, 44.3997095], [16.9105391, 44.3995981], [16.9104248, 44.3994942], [16.9102793, 44.3994273], [16.9101026, 44.3993679], [16.9099467, 44.3993011], [16.9098531, 44.3991971], [16.9097804, 44.3990857], [16.9096764, 44.3989817], [16.9095621, 44.3988778], [16.9094478, 44.3987812], [16.9093022, 44.3987218], [16.9091463, 44.3986698], [16.9089696, 44.398603], [16.9088241, 44.3985436], [16.9086786, 44.3984842], [16.9085123, 44.3984322], [16.908346, 44.3983876], [16.9081901, 44.3983356], [16.9080446, 44.3982465], [16.908055, 44.3981203], [16.9081277, 44.3980014], [16.9082732, 44.3979198], [16.9084499, 44.3978678], [16.9086266, 44.3978306], [16.9088137, 44.3977861], [16.9089904, 44.3977341], [16.9091463, 44.3976673], [16.9093022, 44.3975781], [16.909427, 44.3974816], [16.9095725, 44.3973925], [16.9097076, 44.3973108], [16.9098012, 44.3972068], [16.9102689, 44.3966944], [16.91109, 44.3960408], [16.9110692, 44.3937385], [16.9110055, 44.3935901], [16.9111198, 44.3926098], [16.9111302, 44.3916591], [16.9107353, 44.3913657], [16.9107249, 44.3911763], [16.9104702, 44.3906155], [16.9112498, 44.3905895], [16.9111666, 44.3896611], [16.9111198, 44.3892043], [16.9112913, 44.3886249], [16.911203, 44.3886101], [16.911125, 44.3885915], [16.9110263, 44.3885729], [16.9109379, 44.3885469], [16.9108548, 44.3885246], [16.9107664, 44.3884986], [16.9106833, 44.3884615], [16.9106157, 44.3884244], [16.9105534, 44.3883649], [16.9105118, 44.3883055], [16.9104806, 44.3882424], [16.910465, 44.3881793], [16.9104546, 44.3881161], [16.9104598, 44.3880493], [16.9104754, 44.3879824], [16.9104962, 44.3879119], [16.9105222, 44.387845], [16.9105638, 44.3877744], [16.9107872, 44.3874253], [16.9110471, 44.3867717], [16.9112706, 44.3864374], [16.9115044, 44.386144], [16.9115772, 44.3858877], [16.911598, 44.3855312], [16.9116967, 44.3848924], [16.9117435, 44.3842907], [16.9116292, 44.3834736], [16.911572, 44.3827939], [16.9114109, 44.3824744], [16.9106677, 44.3819916], [16.9096699, 44.3817093], [16.9092593, 44.3813416], [16.909147, 44.3812045], [16.9091294, 44.3810147], [16.9089787, 44.3808624], [16.9084486, 44.3806767], [16.9081731, 44.3806433], [16.9078821, 44.3804836], [16.907808, 44.3803746], [16.9077427, 44.3803132], [16.907525, 44.3802768], [16.9072898, 44.3802348], [16.9070546, 44.3802138], [16.9068048, 44.3801928], [16.9065402, 44.3801823], [16.906305, 44.3801718], [16.9060551, 44.3801193], [16.9057184, 44.379986], [16.905447, 44.3798864], [16.9052319, 44.3797515], [16.9050408, 44.3796255], [16.904835, 44.3794994], [16.9044528, 44.3792473], [16.9041295, 44.3789951], [16.9039531, 44.378869], [16.903762, 44.3787745], [16.9034533, 44.3787219], [16.9030417, 44.3786904], [16.9023508, 44.3786379], [16.9020862, 44.3786274], [16.9018216, 44.3785959], [16.9016159, 44.3785118], [16.9013807, 44.3784908], [16.9011455, 44.3785223], [16.9008956, 44.3785538], [16.9006457, 44.3785959], [16.9004105, 44.3785959], [16.9001753, 44.3785749], [16.8999254, 44.3785223], [16.8996755, 44.3784383], [16.8994991, 44.3783017], [16.8993374, 44.3781546], [16.8992051, 44.3780075], [16.8990876, 44.3778604], [16.8989553, 44.3777028], [16.8988083, 44.3775558], [16.8986025, 44.3774297], [16.8984114, 44.3773141], [16.898235, 44.377167], [16.8980733, 44.3770199], [16.8979263, 44.3768623], [16.897794, 44.3767047], [16.8977058, 44.3765471], [16.8976617, 44.3763685], [16.8976029, 44.3762004], [16.8975147, 44.3760428], [16.8973971, 44.3758747], [16.8972795, 44.3757171], [16.8971472, 44.37557], [16.8970296, 44.3754229], [16.8969267, 44.3752653], [16.8968532, 44.3750867], [16.8968238, 44.3748661], [16.8967356, 44.3746349], [16.896618, 44.3744353], [16.8964858, 44.3742777], [16.8963535, 44.3741096], [16.8962212, 44.373952], [16.8960301, 44.3737523], [16.8946112, 44.3725183], [16.8936704, 44.371704], [16.8931082, 44.3713021], [16.8926084, 44.3709737], [16.8919543, 44.3706453], [16.8919102, 44.3706453], [16.8917558, 44.370514], [16.8912381, 44.3702184], [16.8905391, 44.3700624], [16.8901337, 44.3699454], [16.8898738, 44.3698971], [16.889666, 44.3698135], [16.8892216, 44.3697745], [16.888824, 44.3696649], [16.8884784, 44.3697726], [16.8883285, 44.3697909], [16.8880653, 44.3697986], [16.8879197, 44.3697243], [16.8877534, 44.3696946], [16.8875975, 44.3696575], [16.8873863, 44.3696247], [16.8868803, 44.369546], [16.8866976, 44.3698569], [16.8865789, 44.3698432], [16.8863918, 44.3698209], [16.8861943, 44.3698209], [16.886028, 44.3698135], [16.8858617, 44.3697986], [16.8856954, 44.3697689], [16.8855083, 44.369754], [16.8853316, 44.3697466], [16.8851341, 44.3697318], [16.8849366, 44.3697318], [16.8847703, 44.3697243], [16.8842506, 44.3697243], [16.8840635, 44.3697169], [16.8838661, 44.3696946], [16.8836894, 44.3696649], [16.8835335, 44.3696203], [16.8833671, 44.3695832], [16.8831904, 44.3695386], [16.8830137, 44.3695014], [16.8828474, 44.3694791], [16.8826811, 44.3694643], [16.8825044, 44.3694568], [16.882307, 44.3694643], [16.8821303, 44.3694643], [16.8819639, 44.3694791], [16.8817769, 44.3694866], [16.8816105, 44.369494], [16.8814442, 44.3695163], [16.8812364, 44.3695237], [16.8810701, 44.3695386], [16.8809038, 44.3695609], [16.8807271, 44.3695757], [16.8805504, 44.3696054], [16.8803529, 44.3696277], [16.8801866, 44.3696723], [16.8799787, 44.3697095], [16.8798124, 44.3697318], [16.8796253, 44.3697615], [16.8794694, 44.3698061], [16.8793031, 44.3698655], [16.8791368, 44.3699026], [16.8789705, 44.3699324], [16.8788041, 44.3699324], [16.8786378, 44.3699249], [16.8784611, 44.3698878], [16.8783156, 44.3698283], [16.8781805, 44.3697392], [16.878035, 44.3696797], [16.8778583, 44.3696797], [16.877692, 44.3697169], [16.8775569, 44.3697986], [16.8775049, 44.3699175], [16.8774945, 44.3700364], [16.8774945, 44.3701627], [16.8774841, 44.370289], [16.8774217, 44.3704005], [16.8773282, 44.3704971], [16.8772243, 44.3706234], [16.8771619, 44.3707497], [16.8771307, 44.3708834], [16.877006, 44.3709726], [16.8768709, 44.3710543], [16.8767461, 44.3711435], [16.8766734, 44.3712549], [16.876663, 44.3713812], [16.8765902, 44.3714852], [16.8764135, 44.3715075], [16.8762264, 44.3715075], [16.8760393, 44.3714778], [16.8758522, 44.3714481], [16.8756651, 44.3714184], [16.875478, 44.3713812], [16.8750935, 44.3713812], [16.8749272, 44.3713886], [16.8747297, 44.3714332], [16.8745634, 44.3714332], [16.8743659, 44.3714184], [16.8741892, 44.3713961], [16.8738462, 44.3713961], [16.8736695, 44.3714109], [16.873472, 44.3714258], [16.8732745, 44.3714407], [16.8727548, 44.3715075], [16.8725885, 44.371515], [16.8723806, 44.3715075], [16.8722039, 44.3714704], [16.8720792, 44.3713664], [16.8720584, 44.3712326], [16.8719337, 44.371136], [16.871757, 44.3711658], [16.8715907, 44.3712029], [16.8714244, 44.3712475], [16.8712373, 44.3712921], [16.8710814, 44.3713441], [16.8709047, 44.3713886], [16.8707487, 44.3714258], [16.870572, 44.3714258], [16.8703953, 44.3713886], [16.870229, 44.3714035], [16.8700627, 44.3714407], [16.869886, 44.3714927], [16.8697301, 44.3715372], [16.8695638, 44.371567], [16.8693871, 44.3715595], [16.8690545, 44.3715595], [16.8688986, 44.3715893], [16.8687323, 44.3716264], [16.8685556, 44.3716933], [16.8684205, 44.371775], [16.868275, 44.3718567], [16.8681606, 44.3719459], [16.8680359, 44.372035], [16.8679216, 44.3721465], [16.8678384, 44.3722505], [16.8677345, 44.372362], [16.8676305, 44.3724511], [16.8675058, 44.3725477], [16.8673811, 44.3726443], [16.8671732, 44.3729118], [16.8670692, 44.3728672], [16.8609575, 44.3766562], [16.8607808, 44.3766339], [16.8602403, 44.3766339], [16.8600636, 44.3766711], [16.8598869, 44.3767231], [16.859731, 44.3767751], [16.8595751, 44.3768419], [16.85944, 44.3769014], [16.8593049, 44.3769757], [16.8591698, 44.3770425], [16.8590554, 44.3771243], [16.8589203, 44.3771986], [16.8587956, 44.3772728], [16.8586397, 44.3773174], [16.858463, 44.3773174], [16.8582759, 44.3772877], [16.8578397, 44.3771934], [16.8570312, 44.3774455], [16.856818, 44.3777029], [16.8564873, 44.3779236], [16.8562742, 44.3780076], [16.8560169, 44.3782492], [16.854863, 44.3789269], [16.8546205, 44.3792841], [16.8542603, 44.379468], [16.8530623, 44.3803242], [16.8528639, 44.3819788], [16.8526434, 44.3821102], [16.8525773, 44.3820366], [16.8524964, 44.3819473], [16.8524156, 44.381879], [16.8523347, 44.3818055], [16.8522318, 44.3817477], [16.8521363, 44.3816952], [16.8520113, 44.3816374], [16.8518937, 44.3816006], [16.8517394, 44.3815481], [16.8515924, 44.3815113], [16.8514675, 44.3814798], [16.8512617, 44.3814063], [16.8511588, 44.3813538], [16.8509162, 44.3812329], [16.8506516, 44.3810333], [16.8505634, 44.3809703], [16.8504017, 44.380839], [16.8502768, 44.3807182], [16.8502106, 44.3806394], [16.8498211, 44.3804503], [16.8497182, 44.3803925], [16.8496227, 44.38034], [16.8495198, 44.3802822], [16.8494095, 44.3802191], [16.849314, 44.3801561], [16.8492184, 44.3800878], [16.8491376, 44.3800195], [16.8490347, 44.379946], [16.8489538, 44.3798672], [16.8488803, 44.3797936], [16.8488363, 44.3797096], [16.8487922, 44.3796045], [16.8487481, 44.3795152], [16.8487187, 44.3794259], [16.8486599, 44.3792578], [16.8485937, 44.3791843], [16.848557, 44.379095], [16.848557, 44.3790004], [16.8485643, 44.3789111], [16.8485937, 44.3788218], [16.8486231, 44.3787273], [16.8486305, 44.3786327], [16.8486305, 44.3784331], [16.8486378, 44.378328], [16.8486893, 44.3782335], [16.8487775, 44.3780654], [16.8487995, 44.3779761], [16.8488216, 44.3778815], [16.848851, 44.3777029], [16.848895, 44.3776136], [16.8489244, 44.3775243], [16.8489612, 44.3774403], [16.8489832, 44.377351], [16.8490053, 44.3772459], [16.8490273, 44.3770988], [16.8491964, 44.3767784], [16.8492184, 44.3766838], [16.8492184, 44.3765892], [16.8492037, 44.3764999], [16.8491964, 44.3764001], [16.8492184, 44.3763056], [16.8492331, 44.376211], [16.8492037, 44.3761217], [16.8492037, 44.3760271], [16.8492331, 44.3759326], [16.8492478, 44.375838], [16.8492552, 44.3757487], [16.8492846, 44.3756489], [16.8493213, 44.3755543], [16.8493287, 44.375465], [16.8493654, 44.375381], [16.8493875, 44.3752759], [16.8494316, 44.3751813], [16.8494757, 44.3750973], [16.8494757, 44.375008], [16.8494463, 44.3749187], [16.8494463, 44.3747348], [16.8494757, 44.3746402], [16.8495565, 44.3745614], [16.8496447, 44.3744879], [16.8497476, 44.3744406], [16.8498432, 44.3743723], [16.8499314, 44.3742883], [16.8500269, 44.37422], [16.8501225, 44.3741569], [16.8502474, 44.3740939], [16.8506149, 44.3738995], [16.8507104, 44.3738312], [16.8507913, 44.3737524], [16.8508795, 44.3736736], [16.8509824, 44.3735948], [16.8510706, 44.3735318], [16.8511882, 44.3734845], [16.8513058, 44.3734424], [16.8515703, 44.3733584], [16.8516953, 44.3733216], [16.8518055, 44.3732796], [16.8519231, 44.3732376], [16.8520481, 44.3731798], [16.8521436, 44.373122], [16.8522612, 44.3730694], [16.8523641, 44.3730064], [16.8524744, 44.3729486], [16.8525699, 44.3728908], [16.8526875, 44.372833], [16.8527904, 44.3727805], [16.8529374, 44.3727174], [16.8530697, 44.3726754], [16.8531946, 44.3726334], [16.8532975, 44.3725756], [16.8534151, 44.3725178], [16.8535254, 44.3724653], [16.8536283, 44.3724075], [16.8537312, 44.3723549], [16.8538561, 44.3722919], [16.8539811, 44.3722499], [16.854106, 44.3721973], [16.8542162, 44.3721395], [16.8543338, 44.372087], [16.8544367, 44.372024], [16.8545323, 44.3719557], [16.8545984, 44.3718769], [16.8546793, 44.3717981], [16.8547454, 44.3717193], [16.8548189, 44.3716404], [16.8548851, 44.3715616], [16.8549439, 44.3714671], [16.8550027, 44.371383], [16.8550468, 44.371299], [16.8550835, 44.3712149], [16.8551129, 44.3711098], [16.8551423, 44.3709417], [16.8552011, 44.3708051], [16.8552746, 44.3705634], [16.8553187, 44.3701746], [16.8553187, 44.3698804], [16.8553481, 44.3697911], [16.8553848, 44.3696965], [16.8554142, 44.369602], [16.8554363, 44.3695021], [16.8554583, 44.3694076], [16.8554657, 44.3693183], [16.8554657, 44.3692184], [16.8554583, 44.3691239], [16.8554363, 44.3690293], [16.8554142, 44.36894], [16.8553701, 44.3688401], [16.8553334, 44.3687561], [16.855282, 44.368672], [16.8552158, 44.3685827], [16.855157, 44.3684986], [16.8550909, 44.3684146], [16.8549733, 44.3682464], [16.8549292, 44.3681571], [16.8548557, 44.3679785], [16.8548189, 44.3678787], [16.8547601, 44.3677368], [16.854716, 44.367637], [16.8546646, 44.3675529], [16.854569, 44.3674216], [16.8543779, 44.3670328], [16.8543191, 44.3669539], [16.854253, 44.3668699], [16.8541721, 44.3667858], [16.854106, 44.3667123], [16.8540252, 44.3666439], [16.8539664, 44.3665599], [16.8539296, 44.3664653], [16.8538561, 44.3663865], [16.8537606, 44.3663234], [16.8537091, 44.3662394], [16.8536283, 44.3661711], [16.8535254, 44.3661185], [16.8534298, 44.3660712], [16.853349, 44.3660029], [16.8532681, 44.3659294], [16.8532167, 44.3658401], [16.8531799, 44.3657402], [16.8531505, 44.3656509], [16.8531358, 44.3655458], [16.8531358, 44.3653672], [16.8531432, 44.3652726], [16.8531432, 44.3650887], [16.8531358, 44.3649889], [16.8530917, 44.3647839], [16.8530476, 44.3646736], [16.8529594, 44.3644056], [16.8527298, 44.3640099], [16.8526986, 44.3639505], [16.8526519, 44.3638873], [16.8526103, 44.3638204], [16.8525687, 44.3637535], [16.8525323, 44.3636978], [16.8524856, 44.3636346], [16.8524388, 44.3635678], [16.8524024, 44.363512], [16.852366, 44.3634563], [16.8523296, 44.3633969], [16.8522829, 44.3633411], [16.8522465, 44.3632854], [16.8521893, 44.3632222], [16.8521322, 44.3631665], [16.8520698, 44.3631071], [16.8520178, 44.3630587], [16.8519555, 44.3630104], [16.8518983, 44.3629584], [16.8518359, 44.3628953], [16.8514877, 44.3625349], [16.851441, 44.3624791], [16.8513838, 44.3624123], [16.851337, 44.3623602], [16.8512902, 44.3623045], [16.8512487, 44.3622451], [16.8512019, 44.362193], [16.8511551, 44.362141], [16.8511135, 44.3620853], [16.8510616, 44.3620258], [16.8510148, 44.3619701], [16.8509732, 44.3619144], [16.8509264, 44.3618586], [16.8508849, 44.3617992], [16.8508329, 44.3617435], [16.8507861, 44.361684], [16.8507342, 44.361632], [16.8506926, 44.36158], [16.8506562, 44.3615205], [16.850625, 44.3614574], [16.8506094, 44.3613905], [16.8505938, 44.3613199], [16.850573, 44.3612456], [16.8505523, 44.361175], [16.8505159, 44.3611118], [16.8504743, 44.3610338], [16.8504431, 44.3609669], [16.8504067, 44.3609112], [16.85036, 44.3608517], [16.8503236, 44.360796], [16.850282, 44.3607402], [16.8502352, 44.3606845], [16.8501781, 44.3606362], [16.8501209, 44.3605805], [16.8500637, 44.3605322], [16.849991, 44.3604653], [16.8499286, 44.3604207], [16.8498559, 44.3603798], [16.8497779, 44.360339], [16.8497103, 44.3603018], [16.8496064, 44.3602572], [16.8495181, 44.3602163], [16.8494401, 44.3601792], [16.8493569, 44.360142], [16.8492686, 44.3601049], [16.8491802, 44.3600714], [16.8490919, 44.3600343], [16.8489776, 44.3599822], [16.8489048, 44.3599451], [16.8488216, 44.3598968], [16.8487385, 44.3598522], [16.8486813, 44.3598039], [16.8486242, 44.3597519], [16.8480757, 44.3595285], [16.8480169, 44.3595048], [16.8479581, 44.3594786], [16.8478993, 44.3594497], [16.8478442, 44.3594234], [16.8477854, 44.3593945], [16.8477303, 44.3593682], [16.8476678, 44.3593341], [16.8476163, 44.3593025], [16.8475649, 44.3592684], [16.8475171, 44.3592395], [16.8474693, 44.3592053], [16.8474289, 44.3591659], [16.8473848, 44.3591317], [16.8473407, 44.359095], [16.8472929, 44.3590555], [16.8472488, 44.3590135], [16.8472084, 44.3589794], [16.8471717, 44.3589426], [16.8471386, 44.3589058], [16.8470982, 44.3588637], [16.8470651, 44.3588191], [16.8469945, 44.3586978], [16.8469789, 44.3586681], [16.8469607, 44.3586328], [16.8469426, 44.3586031], [16.8469166, 44.3585697], [16.846888, 44.3585455], [16.846849, 44.3585251], [16.8468074, 44.3585102], [16.8467243, 44.3584823], [16.8466801, 44.3584638], [16.8466463, 44.3584433], [16.8466125, 44.3584247], [16.8465736, 44.3584043], [16.8465346, 44.3583876], [16.8464956, 44.3583634], [16.846467, 44.3583393], [16.8464462, 44.3583114], [16.8464281, 44.3582817], [16.8464099, 44.3582464], [16.8463917, 44.3582148], [16.8463683, 44.3581869], [16.8463449, 44.3581572], [16.8463267, 44.3581293], [16.8462981, 44.3580996], [16.8462747, 44.3580699], [16.8462462, 44.3580383], [16.8462202, 44.3580141], [16.8461942, 44.3579807], [16.8461682, 44.3579528], [16.8461448, 44.3579212], [16.8461292, 44.3578915], [16.8460669, 44.3577838], [16.8460357, 44.3577206], [16.8460253, 44.357689], [16.8460201, 44.3576574], [16.8460201, 44.357624], [16.8460227, 44.3575887], [16.8460201, 44.3575515], [16.8460201, 44.3574456], [16.8460149, 44.3574122], [16.8460097, 44.3573806], [16.8460019, 44.3573453], [16.8459941, 44.3573119], [16.8459941, 44.3572784], [16.8459915, 44.357245], [16.8459863, 44.3572078], [16.8459785, 44.3571706], [16.8459733, 44.3571372], [16.8459655, 44.3571019], [16.8459577, 44.3570703], [16.8459577, 44.357035], [16.8459187, 44.3568864], [16.8458876, 44.3568641], [16.8458538, 44.3568418], [16.8458382, 44.3568102], [16.845833, 44.3567786], [16.8458148, 44.3567489], [16.8457888, 44.356721], [16.8457758, 44.3566913], [16.8457706, 44.3566579], [16.8457784, 44.3565204], [16.8457914, 44.3563792], [16.8458044, 44.3562844], [16.845755, 44.3561822], [16.8456979, 44.356093], [16.8453731, 44.3557605], [16.8452925, 44.3556992], [16.845134, 44.3556453], [16.8449625, 44.3555319], [16.8449261, 44.3554892], [16.8448508, 44.3554743], [16.8446741, 44.3551157], [16.8445935, 44.3549021], [16.8444896, 44.3547609], [16.8444272, 44.3546289], [16.844422, 44.3545825], [16.8443752, 44.3543261], [16.8442947, 44.3540678], [16.8441985, 44.3539173], [16.8439984, 44.353594], [16.8438035, 44.3532447], [16.843788, 44.3532131], [16.8437646, 44.3531853], [16.8437334, 44.3531592], [16.8436918, 44.3531425], [16.8436528, 44.3531332], [16.8436061, 44.3531239], [16.8435645, 44.3531147], [16.8435229, 44.3531128], [16.8434787, 44.3531147], [16.8434372, 44.3531184], [16.8433748, 44.3531221], [16.8433306, 44.3531221], [16.8432838, 44.3531202], [16.8432423, 44.3531202], [16.8432033, 44.3531091], [16.8431669, 44.3530924], [16.8431253, 44.3530793], [16.8430344, 44.3530793], [16.8429824, 44.3530775], [16.8429382, 44.3530682], [16.8428993, 44.3530515], [16.8428551, 44.3530329], [16.8428213, 44.3530125], [16.8427797, 44.3529995], [16.8427382, 44.3529883], [16.842694, 44.3529864], [16.8426498, 44.3529864], [16.8426056, 44.3529902], [16.8425589, 44.3529976], [16.8425147, 44.353005], [16.8424705, 44.3530143], [16.8424263, 44.3530199], [16.842338, 44.3530199], [16.8422912, 44.353018], [16.8422496, 44.3530125], [16.8422055, 44.3530032], [16.8421639, 44.3529902], [16.8421223, 44.3529753], [16.8420807, 44.3529604], [16.8420392, 44.3529456], [16.8419924, 44.3529326], [16.8419508, 44.3529196], [16.8418625, 44.3528843], [16.8418183, 44.3528731], [16.8417819, 44.3528582], [16.8417585, 44.3528304], [16.8417351, 44.3528006], [16.8417117, 44.3527728], [16.841678, 44.3527486], [16.841639, 44.3527245], [16.8416052, 44.3526984], [16.8415818, 44.3526724], [16.8415688, 44.3526408], [16.8415558, 44.3526111], [16.8415272, 44.3525832], [16.8414961, 44.3525609], [16.8414597, 44.3525424], [16.8414207, 44.3525275], [16.8413791, 44.3525182], [16.8413376, 44.3525145], [16.8412934, 44.3525108], [16.841257, 44.3524978], [16.8412284, 44.3524755], [16.8412128, 44.3524457], [16.841205, 44.3524104], [16.841205, 44.352377], [16.8412128, 44.3523454], [16.8412284, 44.3523157], [16.8412362, 44.3522804], [16.8412388, 44.3522451], [16.8412934, 44.3521503], [16.8413038, 44.3521187], [16.8413142, 44.3520853], [16.8413142, 44.3520518], [16.8412986, 44.352024], [16.8412622, 44.3519608], [16.8412362, 44.3519199], [16.8412154, 44.3518846], [16.8411894, 44.3518586], [16.8411609, 44.3518307], [16.8411401, 44.3518047], [16.8411245, 44.351775], [16.8411219, 44.3517434], [16.8411115, 44.3517137], [16.8410933, 44.3516839], [16.8410465, 44.3516282], [16.8410231, 44.3515985], [16.8410049, 44.3515669], [16.8409868, 44.351539], [16.840979, 44.3515074], [16.8409738, 44.351474], [16.8409582, 44.3514424], [16.8409348, 44.3514145], [16.8409088, 44.3513885], [16.8408802, 44.3513643], [16.8408464, 44.351342], [16.8408153, 44.351316], [16.8407867, 44.35129], [16.8407685, 44.3512621], [16.8407555, 44.3512306], [16.8407399, 44.3512008], [16.8407243, 44.3511692], [16.8407087, 44.3511395], [16.8406983, 44.3511079], [16.8406983, 44.3510745], [16.8407139, 44.3510447], [16.8407555, 44.3510094], [16.8407867, 44.3509834], [16.8408101, 44.3509555], [16.8408906, 44.350911], [16.8409374, 44.3508942], [16.8409738, 44.3508756], [16.8410179, 44.3508478], [16.8410569, 44.3508218], [16.8410907, 44.3507976], [16.8411271, 44.350779], [16.8411661, 44.3507623], [16.841205, 44.3507419], [16.8412544, 44.3507214], [16.841296, 44.3507028], [16.8413791, 44.3506713], [16.8414181, 44.3506545], [16.8414597, 44.3506415], [16.8415013, 44.3506285], [16.8415428, 44.3506174], [16.8415896, 44.3506062], [16.8416416, 44.3505951], [16.8416884, 44.3505876], [16.8417299, 44.3505746], [16.8417715, 44.3505616], [16.8418131, 44.350543], [16.8418521, 44.3505245], [16.8418858, 44.3505022], [16.8419508, 44.3504483], [16.8419794, 44.3504185], [16.842008, 44.3503925], [16.8420314, 44.3503665], [16.8420599, 44.3503386], [16.8420807, 44.3503108], [16.8421041, 44.3502829], [16.8421249, 44.350255], [16.8421431, 44.3502234], [16.8421587, 44.3501863], [16.8421873, 44.3501584], [16.8422185, 44.3501343], [16.8422314, 44.3501008], [16.8422237, 44.3500674], [16.8422133, 44.3500321], [16.8422003, 44.3500005], [16.8421873, 44.3499707], [16.8421717, 44.3499391], [16.8421561, 44.3499113], [16.8421509, 44.3498797], [16.8421561, 44.3498481], [16.8421639, 44.3498146], [16.8421743, 44.3497812], [16.8421795, 44.3497478], [16.8421795, 44.3497162], [16.8421743, 44.3496846], [16.8421535, 44.3496586], [16.8421197, 44.3496363], [16.8420807, 44.3496195], [16.8420444, 44.3496028], [16.8419796, 44.3495786], [16.8417536, 44.3495313], [16.8413751, 44.3495116], [16.841241, 44.3494314], [16.8409745, 44.3493106], [16.8406475, 44.3491108], [16.8402892, 44.3485629], [16.8404472, 44.3484289], [16.8405281, 44.3483304], [16.8406015, 44.3482253], [16.8406806, 44.3479874], [16.8407247, 44.3476892], [16.8407504, 44.3473856], [16.8406162, 44.3466275], [16.8406034, 44.3466038], [16.8405979, 44.3465802], [16.8405979, 44.3465565], [16.8405997, 44.3465342], [16.840596, 44.3465105], [16.840563, 44.3464685], [16.8405483, 44.3464474], [16.8405372, 44.3464251], [16.8405225, 44.3464041], [16.840517, 44.3463778], [16.8405316, 44.3462761], [16.8405316, 44.3462436], [16.8405251, 44.3462259], [16.8405147, 44.3462129], [16.8405004, 44.3461999], [16.8404861, 44.3461878], [16.8404705, 44.3461767], [16.8404536, 44.3461618], [16.8404393, 44.3461488], [16.8404263, 44.3461349], [16.8404211, 44.3461191], [16.8404198, 44.3461005], [16.8404211, 44.3460838], [16.8404289, 44.346068], [16.840438, 44.3460522], [16.8404484, 44.3460364], [16.8404562, 44.3460215], [16.8404614, 44.3460057], [16.8404614, 44.3459881], [16.8404601, 44.3459704], [16.8404523, 44.3459463], [16.8404393, 44.3459323], [16.8404237, 44.3459156], [16.8404094, 44.3458952], [16.8403917, 44.3458645], [16.8403908, 44.3458533], [16.8404009, 44.3458441], [16.8404156, 44.3458401], [16.8404266, 44.3458316], [16.8404266, 44.3458198], [16.8404184, 44.3458093], [16.8404064, 44.345802], [16.8404018, 44.3457909], [16.8404046, 44.345779], [16.8404156, 44.3457705], [16.8404285, 44.3457639], [16.8404358, 44.3457534], [16.8404266, 44.3457436], [16.8404101, 44.3457416], [16.8404, 44.3457324], [16.8404027, 44.3457212], [16.8404193, 44.3457114], [16.8404303, 44.3456667], [16.8404413, 44.3456194], [16.840445, 44.3455747], [16.840445, 44.3455274], [16.8404413, 44.3454775], [16.840434, 44.3454328], [16.8404046, 44.3453435], [16.8403789, 44.3453014], [16.8403495, 44.3452488], [16.8402539, 44.3451463], [16.8402061, 44.3451174], [16.8401694, 44.345078], [16.8401547, 44.345036], [16.840162, 44.3449913], [16.8401951, 44.3449519], [16.8402135, 44.3449019], [16.8402061, 44.3448573], [16.8401878, 44.3448152], [16.8401584, 44.3447705], [16.84014, 44.3447232], [16.84014, 44.3446786], [16.8401547, 44.3446313], [16.8401584, 44.3445839], [16.8401547, 44.3445209], [16.8401326, 44.3444736], [16.8400959, 44.3444184], [16.8400481, 44.3443711], [16.8399856, 44.3443343], [16.8399379, 44.3443027], [16.8398607, 44.3442738], [16.8397982, 44.3442476], [16.8397468, 44.3442108], [16.8397137, 44.3441687], [16.839677, 44.3440741], [16.8398084, 44.344086], [16.8400578, 44.3440711], [16.8402449, 44.344034], [16.8404008, 44.3439522], [16.8405048, 44.3438333], [16.8406191, 44.3437218], [16.8407334, 44.3436103], [16.8408478, 44.3435062], [16.8409725, 44.3433947], [16.8410868, 44.3432906], [16.8412012, 44.343194], [16.8413051, 44.3430899], [16.8414402, 44.3429636], [16.8415858, 44.3428372], [16.8416897, 44.3427331], [16.8417936, 44.3426142], [16.8419391, 44.3424804], [16.8420327, 44.3423689], [16.8421366, 44.3422648], [16.842251, 44.3421682], [16.8423445, 44.3420492], [16.8426875, 44.3417296], [16.8428019, 44.3416329], [16.8429058, 44.341514], [16.8429993, 44.3413951], [16.8430825, 44.3412613], [16.8431553, 44.3411498], [16.8432072, 44.3410308], [16.8432696, 44.3409044], [16.8433423, 44.3407855], [16.8434255, 44.340674], [16.8435087, 44.3405402], [16.843571, 44.3404064], [16.8437165, 44.3401685], [16.8437893, 44.3400495], [16.8438932, 44.3399232], [16.8439972, 44.3398042], [16.8441115, 44.3397002], [16.8442466, 44.3395886], [16.8443194, 44.3394697], [16.844361, 44.3393433], [16.8443818, 44.3391946], [16.8444025, 44.3390608], [16.8444649, 44.3389345], [16.8445481, 44.3388006], [16.8445896, 44.3386743], [16.8445688, 44.3385479], [16.8445065, 44.3384215], [16.8443714, 44.3383249], [16.8442258, 44.3382505], [16.8440699, 44.3381836], [16.8439556, 44.338087], [16.8438517, 44.3379755], [16.8437477, 44.3378565], [16.843675, 44.3377376], [16.8436022, 44.3376112], [16.8435294, 44.3374922], [16.8434151, 44.3373584], [16.8433112, 44.3372543], [16.8430201, 44.3368455], [16.8429266, 44.3367265], [16.8428226, 44.3366076], [16.8427395, 44.336496], [16.8426459, 44.336392], [16.8425524, 44.336273], [16.8424381, 44.3361541], [16.8423445, 44.33605], [16.8422614, 44.3359385], [16.8422198, 44.3358121], [16.8421782, 44.3356857], [16.842147, 44.3355593], [16.8421055, 44.3354404], [16.8420431, 44.335314], [16.8419807, 44.3352025], [16.8419184, 44.3350835], [16.841856, 44.3349497], [16.8417832, 44.3348233], [16.8417105, 44.3346969], [16.8416377, 44.3345482], [16.8415858, 44.3344218], [16.8415338, 44.3342806], [16.8414818, 44.3341542], [16.8414402, 44.3340278], [16.8413987, 44.3338717], [16.8413571, 44.3337155], [16.8413363, 44.3335817], [16.8413051, 44.333433], [16.8412947, 44.3332769], [16.8412947, 44.3331505], [16.8412739, 44.3324888], [16.8412531, 44.332355], [16.8412531, 44.3320724], [16.8412739, 44.3319461], [16.8413259, 44.3318122], [16.8413883, 44.3316784], [16.8414506, 44.331552], [16.8414714, 44.3314107], [16.8414506, 44.3312843], [16.8413883, 44.3311654], [16.8413155, 44.3310539], [16.841222, 44.33092], [16.8411492, 44.3308011], [16.841066, 44.3306821], [16.8410037, 44.3305631], [16.8409621, 44.3304442], [16.8409309, 44.3302955], [16.8409205, 44.3301616], [16.8409205, 44.3296189], [16.8409413, 44.329485], [16.8409517, 44.3293586], [16.8409725, 44.3292099], [16.8409933, 44.3290761], [16.8410037, 44.3289497], [16.8410037, 44.328682], [16.8409933, 44.3285482], [16.8409725, 44.3284069], [16.8409725, 44.3282582], [16.8408893, 44.3279088], [16.8408686, 44.3277824], [16.8408374, 44.327656], [16.8407854, 44.3275221], [16.840723, 44.3274106], [16.8406399, 44.3272842], [16.8405567, 44.3271726], [16.8404736, 44.3270611], [16.8404008, 44.3269496], [16.8403177, 44.3268083], [16.8402657, 44.3266819], [16.8402241, 44.3265629], [16.8401722, 44.326444], [16.8401202, 44.3263176], [16.8400786, 44.3261986], [16.8400162, 44.3260722], [16.8399539, 44.3259458], [16.8398915, 44.3258119], [16.8398499, 44.3256855], [16.8398292, 44.3255517], [16.8398188, 44.3254253], [16.8398188, 44.3251576], [16.8398084, 44.3250163], [16.8397772, 44.3248899], [16.8397252, 44.3247709], [16.8396525, 44.324652], [16.8395693, 44.324533], [16.8394965, 44.324414], [16.8391951, 44.3241091], [16.8390912, 44.3239976], [16.8389976, 44.3238861], [16.8388937, 44.3237522], [16.8388001, 44.3236332], [16.838717, 44.3235143], [16.8386234, 44.3233804], [16.8385507, 44.3232317], [16.8385195, 44.3231053], [16.8384779, 44.3229566], [16.8384675, 44.3228301], [16.8384675, 44.322674], [16.8384883, 44.3225253], [16.8385091, 44.3223989], [16.8385507, 44.3222724], [16.8386234, 44.322146], [16.8387066, 44.3220345], [16.8388001, 44.3219304], [16.8389145, 44.3218114], [16.8389872, 44.3216775], [16.8390392, 44.3215511], [16.83906, 44.3214173], [16.83906, 44.3212909], [16.8390184, 44.3211644], [16.8389561, 44.3210529], [16.8388625, 44.3209414], [16.838769, 44.3208372], [16.8384571, 44.320577], [16.8383636, 44.3204654], [16.8382493, 44.320339], [16.8381557, 44.3202349], [16.838031, 44.3201234], [16.8378855, 44.320049], [16.8377503, 44.3199672], [16.8376048, 44.3199003], [16.8374697, 44.3198259], [16.8373346, 44.3197292], [16.8372098, 44.3196325], [16.8370747, 44.3195359], [16.8369292, 44.3194392], [16.8367733, 44.3193871], [16.8365758, 44.3193648], [16.8363991, 44.3193648], [16.8362224, 44.3193871], [16.8360769, 44.3194392], [16.8359626, 44.3195284], [16.835869, 44.3196325], [16.8357859, 44.3197441], [16.8356715, 44.3198408], [16.8355364, 44.31993], [16.8353909, 44.3199969], [16.8352246, 44.3200341], [16.8350375, 44.3200341], [16.8348504, 44.3200192], [16.8346945, 44.3199523], [16.8345801, 44.3198631], [16.834497, 44.3197441], [16.8344242, 44.3196251], [16.8343931, 44.3194913], [16.8343723, 44.3193574], [16.8342475, 44.3192682], [16.8340708, 44.3192533], [16.8339045, 44.3192905], [16.8337694, 44.3193648], [16.8336239, 44.3194466], [16.8334368, 44.3194689], [16.8333329, 44.3193723], [16.8333121, 44.3192384], [16.8333121, 44.3191046], [16.8333289, 44.3189551], [16.8333185, 44.3188064], [16.8333549, 44.3186576], [16.8334744, 44.3185424], [16.8335992, 44.318349], [16.8336667, 44.3180739], [16.8336823, 44.3178842], [16.8337811, 44.3176388], [16.8338486, 44.3174083], [16.8339318, 44.3173153], [16.8338795, 44.31725], [16.8233548, 44.309046], [16.8175044, 44.3005674], [16.8108014, 44.2945074], [16.8100265, 44.293663], [16.806862, 44.2902146], [16.7989831, 44.282533], [16.7930556, 44.2777671], [16.7883405, 44.274007], [16.7877603, 44.2735491]]]}}]}