{"type": "FeatureCollection", "features": [{"type": "Feature", "properties": {"name": "Општина Нови Град / Opština Novi Grad, Република Српска / Republika Srpska, Bosna i Hercegovina / Босна и Херцеговина", "source": "OpenStreetMap relation 2528167", "licence": "ODbL 1.0"}, "geometry": {"type": "Polygon", "coordinates": [[[16.2303184, 44.9599782], [16.2303385, 44.9596488], [16.2304959, 44.9593952], [16.230521, 44.9593833], [16.2305462, 44.9593727], [16.2305729, 44.9593656], [16.2305997, 44.9593644], [16.2306265, 44.9593644], [16.2306567, 44.9593656], [16.2306852, 44.959362], [16.2307036, 44.959343], [16.2307287, 44.9593347], [16.2307555, 44.959343], [16.2307856, 44.9593501], [16.2308124, 44.9593501], [16.2308309, 44.9593371], [16.2308392, 44.9593181], [16.230861, 44.9593004], [16.2308861, 44.9592933], [16.2309096, 44.9592826], [16.230918, 44.9592624], [16.2309196, 44.9592423], [16.230918, 44.9592222], [16.2309129, 44.9591996], [16.2309096, 44.9591795], [16.2309096, 44.9591593], [16.230918, 44.9591404], [16.2309314, 44.9591214], [16.2309531, 44.9591084], [16.2309782, 44.9590989], [16.2310067, 44.9590942], [16.2310385, 44.9590918], [16.231072, 44.9590871], [16.2311039, 44.9590811], [16.231129, 44.9590728], [16.2311508, 44.9590598], [16.2311692, 44.9590456], [16.231196, 44.9590337], [16.2312278, 44.9590278], [16.2312596, 44.9590254], [16.2312898, 44.9590266], [16.2313132, 44.9590396], [16.2313166, 44.9590598], [16.2313132, 44.9590799], [16.2313032, 44.9590989], [16.2312948, 44.9591202], [16.2313216, 44.9591285], [16.2313467, 44.9591202], [16.2313702, 44.9591072], [16.2313785, 44.9590882], [16.2313953, 44.959074], [16.2314237, 44.9590693], [16.2314522, 44.959074], [16.2314706, 44.9590894], [16.2314974, 44.9590811], [16.2315175, 44.9590681], [16.2315443, 44.9590669], [16.2315678, 44.9590788], [16.2315695, 44.9591013], [16.2315778, 44.9591214], [16.2316096, 44.9591262], [16.2316364, 44.9591214], [16.2316582, 44.9591072], [16.2316515, 44.9590871], [16.2316733, 44.9590752], [16.2317001, 44.9590752], [16.2317269, 44.9590847], [16.2317453, 44.9590705], [16.2317353, 44.9590515], [16.2317386, 44.9590456], [16.2317688, 44.9590444], [16.2317972, 44.9590479], [16.2318173, 44.9590633], [16.2318357, 44.9590468], [16.2318374, 44.9590278], [16.2318542, 44.9590112], [16.231881, 44.9590053], [16.2319145, 44.9590005], [16.2319446, 44.9590005], [16.2319547, 44.9589828], [16.231948, 44.9589626], [16.2319329, 44.9589448], [16.2319396, 44.9589259], [16.2319614, 44.9589093], [16.2319848, 44.9588962], [16.2320099, 44.9588832], [16.2320116, 44.9588607], [16.2319949, 44.9588441], [16.2319898, 44.958824], [16.2320133, 44.9588133], [16.2320434, 44.9588109], [16.2320702, 44.9588074], [16.2320987, 44.9588026], [16.2321087, 44.9587813], [16.2321121, 44.9587623], [16.2320987, 44.9587446], [16.2320786, 44.9587315], [16.2320736, 44.9587126], [16.232092, 44.9586983], [16.2321121, 44.9586865], [16.232097, 44.9586687], [16.2320819, 44.9586521], [16.2320903, 44.9586332], [16.2321171, 44.9586296], [16.2321439, 44.9586332], [16.2321724, 44.9586355], [16.2321925, 44.9586213], [16.2321875, 44.9586012], [16.2322025, 44.9585846], [16.232231, 44.9585786], [16.2322427, 44.9585597], [16.2322444, 44.9585407], [16.2322561, 44.9585229], [16.2322745, 44.9585087], [16.2322997, 44.9585004], [16.2323248, 44.9584945], [16.2323549, 44.9584945], [16.2323834, 44.958498], [16.2323951, 44.958517], [16.2324136, 44.9585312], [16.2324437, 44.9585289], [16.2324805, 44.958517], [16.2325073, 44.9585087], [16.2325308, 44.9584992], [16.2325509, 44.958485], [16.2325526, 44.9584649], [16.2325459, 44.9584447], [16.232566, 44.9584305], [16.2325928, 44.9584246], [16.2326196, 44.9584234], [16.2326765, 44.9584234], [16.2327033, 44.9584269], [16.2327184, 44.9584435], [16.2327133, 44.9584649], [16.2326983, 44.9584815], [16.2326983, 44.9585016], [16.2327234, 44.9585099], [16.2327519, 44.9585087], [16.2327753, 44.9584992], [16.2327904, 44.9584803], [16.2327954, 44.9584589], [16.2327954, 44.9584388], [16.2328189, 44.9584317], [16.2328473, 44.9584269], [16.2328741, 44.9584246], [16.2329026, 44.9584317], [16.2329227, 44.9584483], [16.2329311, 44.9584684], [16.2329277, 44.9584909], [16.2329059, 44.9585075], [16.2328791, 44.9585158], [16.2328557, 44.95853], [16.2328724, 44.9585466], [16.2328992, 44.9585478], [16.232926, 44.9585395], [16.2329478, 44.95853], [16.2329746, 44.9585241], [16.2330031, 44.9585265], [16.2330282, 44.9585407], [16.2330383, 44.9585597], [16.2330249, 44.9585786], [16.2330014, 44.9585905], [16.2329713, 44.9585976], [16.2329411, 44.9586], [16.2329126, 44.9586047], [16.2328842, 44.9586106], [16.2328574, 44.9586189], [16.2328339, 44.9586332], [16.2328323, 44.9586557], [16.2328457, 44.9586734], [16.2328724, 44.9586841], [16.2328992, 44.9586865], [16.2329277, 44.9586865], [16.2329579, 44.9586841], [16.2329863, 44.958677], [16.2330148, 44.9586663], [16.233065, 44.9586462], [16.2330902, 44.9586332], [16.2331253, 44.9586177], [16.2331505, 44.9586047], [16.2331773, 44.9585881], [16.2332041, 44.9585727], [16.2332242, 44.9585585], [16.233251, 44.9585407], [16.2333213, 44.9584874], [16.2333364, 44.958472], [16.2333548, 44.9584566], [16.2333799, 44.9584341], [16.2334184, 44.9584044], [16.233472, 44.9583748], [16.2334955, 44.9583629], [16.2335206, 44.9583535], [16.233544, 44.9583452], [16.2335909, 44.958325], [16.2336161, 44.9583096], [16.2336328, 44.958293], [16.2336348, 44.9582479], [16.2345254, 44.9570981], [16.2357049, 44.9567294], [16.2369602, 44.956478], [16.2369128, 44.9563037], [16.2366997, 44.9557774], [16.2367186, 44.9557371], [16.2370929, 44.9553315], [16.2371135, 44.9552682], [16.237204, 44.9552611], [16.2372308, 44.9552611], [16.2372844, 44.9552539], [16.2373095, 44.955248], [16.2373379, 44.9552409], [16.2373647, 44.9552314], [16.2373882, 44.9552196], [16.23741, 44.9552089], [16.2374535, 44.9551828], [16.2374736, 44.9551674], [16.2375104, 44.9551342], [16.2375322, 44.9551188], [16.2375624, 44.955088], [16.2375808, 44.9550726], [16.2376009, 44.9550572], [16.237626, 44.955043], [16.2376461, 44.9550264], [16.2376679, 44.9550122], [16.2376913, 44.9549979], [16.2377098, 44.9549837], [16.2377315, 44.9549707], [16.2377533, 44.9549588], [16.2377751, 44.9549458], [16.2378019, 44.9549316], [16.2378236, 44.9549209], [16.2378488, 44.9549079], [16.2378739, 44.954896], [16.2378957, 44.9548865], [16.2379174, 44.9548759], [16.2379425, 44.9548628], [16.237966, 44.954851], [16.2380112, 44.9548261], [16.238033, 44.9548119], [16.2380548, 44.9547988], [16.2380782, 44.9547834], [16.2381017, 44.9547716], [16.2381201, 44.9547562], [16.2381402, 44.9547408], [16.2381787, 44.9547088], [16.2381971, 44.9546922], [16.2382122, 44.9546756], [16.2382256, 44.954659], [16.2382725, 44.9546116], [16.2382859, 44.9545938], [16.238301, 44.9545772], [16.2383093, 44.9545594], [16.2383194, 44.9545428], [16.2383244, 44.9545227], [16.2383278, 44.9545025], [16.2383345, 44.9544824], [16.2383445, 44.9544421], [16.2383562, 44.9544243], [16.2383679, 44.954403], [16.238383, 44.954384], [16.2383998, 44.9543674], [16.2384199, 44.9543532], [16.2384383, 44.9543378], [16.2384567, 44.9543212], [16.2384768, 44.954307], [16.2384986, 44.9542939], [16.2385271, 44.9542762], [16.2385472, 44.9542631], [16.2385639, 44.9542489], [16.238589, 44.9542347], [16.2386125, 44.954224], [16.2386342, 44.9542122], [16.2386594, 44.9541991], [16.2386828, 44.9541861], [16.238713, 44.9541707], [16.2387364, 44.9541565], [16.2387615, 44.9541399], [16.2388821, 44.9540913], [16.2389056, 44.9540806], [16.238929, 44.9540711], [16.2389558, 44.9540593], [16.2389843, 44.9540474], [16.2390094, 44.9540344], [16.2390345, 44.954019], [16.2390563, 44.9540071], [16.2390831, 44.9539941], [16.2391049, 44.9539822], [16.2391333, 44.953968], [16.2391601, 44.9539526], [16.2391819, 44.9539407], [16.2392003, 44.9539265], [16.2392204, 44.9539135], [16.2392422, 44.9538981], [16.239264, 44.9538839], [16.2392874, 44.9538696], [16.2393125, 44.953859], [16.239336, 44.9538483], [16.2393611, 44.95384], [16.2393846, 44.9538305], [16.2394448, 44.9538092], [16.2394716, 44.9538009], [16.2394984, 44.9537938], [16.2395269, 44.9537831], [16.2395554, 44.9537748], [16.2395822, 44.9537641], [16.2396358, 44.953744], [16.2396642, 44.9537298], [16.2396894, 44.9537144], [16.2397095, 44.9537013], [16.2397329, 44.9536883], [16.2397564, 44.9536764], [16.2397798, 44.9536634], [16.2399171, 44.9536101], [16.2399372, 44.953597], [16.239959, 44.9535864], [16.2399841, 44.9535745], [16.240026, 44.9535425], [16.2400427, 44.9535271], [16.2400561, 44.9535117], [16.2400712, 44.9534951], [16.2401047, 44.9534619], [16.2401349, 44.9534287], [16.2401483, 44.9534086], [16.2401566, 44.9533896], [16.2401633, 44.9533707], [16.24017, 44.9533481], [16.2401767, 44.9533078], [16.240227, 44.9529132], [16.2402588, 44.9526714], [16.2403308, 44.952381], [16.2403375, 44.952298], [16.2403375, 44.9522577], [16.2403409, 44.952215], [16.2403442, 44.9521771], [16.2403509, 44.9521344], [16.2403543, 44.9520965], [16.2403543, 44.9519211], [16.240361, 44.9518808], [16.2403643, 44.9518381], [16.2403744, 44.9517931], [16.2403844, 44.9517552], [16.2403945, 44.9517149], [16.2404079, 44.9516746], [16.2404213, 44.9516366], [16.2404547, 44.9515608], [16.2404681, 44.9515205], [16.2404815, 44.9514826], [16.241473, 44.9514589], [16.2414931, 44.9512882], [16.2418147, 44.9509113], [16.2419788, 44.9512147], [16.2422099, 44.9511459], [16.2423339, 44.9512668], [16.2428732, 44.9508188], [16.2437843, 44.9510559], [16.2438295, 44.950948], [16.2438412, 44.9509302], [16.2438563, 44.9509124], [16.2438747, 44.9508958], [16.2438931, 44.9508804], [16.2439199, 44.9508662], [16.2439651, 44.950839], [16.2439953, 44.9508235], [16.2440237, 44.9508117], [16.2440505, 44.9507998], [16.2440757, 44.9507927], [16.2441025, 44.9507856], [16.2441309, 44.9507797], [16.2441577, 44.9507749], [16.2441862, 44.9507702], [16.244218, 44.9507655], [16.2442482, 44.9507607], [16.2442884, 44.9507548], [16.2443235, 44.9507501], [16.2443503, 44.9507477], [16.2443872, 44.9507453], [16.2444173, 44.9507441], [16.2445078, 44.9507441], [16.244563, 44.9507489], [16.2446183, 44.9510523], [16.2448143, 44.9510997], [16.2454591, 44.9504514], [16.2460486, 44.9508129], [16.246608, 44.9509397], [16.2465979, 44.9509101], [16.2465879, 44.9508899], [16.2465711, 44.950852], [16.2465611, 44.9508318], [16.246541, 44.9507939], [16.2465309, 44.9507761], [16.2465242, 44.950756], [16.2465159, 44.950737], [16.2465058, 44.9507181], [16.2464974, 44.9506979], [16.2464907, 44.9506766], [16.2464874, 44.950654], [16.2464857, 44.9506327], [16.2464857, 44.9506114], [16.2464891, 44.9505912], [16.2464907, 44.9505723], [16.2464941, 44.9505521], [16.2464991, 44.950532], [16.2465058, 44.950513], [16.2465125, 44.9504952], [16.2465209, 44.9504763], [16.246541, 44.950436], [16.2465527, 44.9504182], [16.2465678, 44.9504016], [16.2465946, 44.9503684], [16.2466096, 44.950353], [16.2466264, 44.9503364], [16.2466649, 44.9503044], [16.24668, 44.9502878], [16.2466967, 44.9502688], [16.2467118, 44.9502511], [16.2467269, 44.9502345], [16.2467403, 44.9502167], [16.2467553, 44.9502001], [16.2467671, 44.9501823], [16.2467939, 44.9501515], [16.2468089, 44.9501325], [16.2468408, 44.9500733], [16.2468558, 44.9500555], [16.2468692, 44.9500389], [16.246886, 44.9500223], [16.2469078, 44.9500093], [16.2469496, 44.949982], [16.2469915, 44.9499452], [16.2470133, 44.9499275], [16.24703, 44.9499121], [16.2470434, 44.9498931], [16.2470568, 44.9498753], [16.2470669, 44.9498575], [16.2470786, 44.9498398], [16.2470886, 44.9498208], [16.2470953, 44.9498006], [16.247097, 44.9497805], [16.247097, 44.949758], [16.247092, 44.9497378], [16.2470853, 44.9497177], [16.2470786, 44.9496987], [16.2470736, 44.9496786], [16.2470669, 44.9496537], [16.2470602, 44.9496335], [16.2470551, 44.9496098], [16.2470484, 44.9495885], [16.2470082, 44.9495292], [16.2469999, 44.9495079], [16.2469898, 44.9494889], [16.2469781, 44.9494699], [16.2469697, 44.949451], [16.2469597, 44.9494308], [16.2469546, 44.9494107], [16.2469496, 44.9493526], [16.2469496, 44.9493324], [16.2469563, 44.9493111], [16.246963, 44.949291], [16.2469731, 44.949272], [16.2470166, 44.9492175], [16.24703, 44.9491985], [16.2470417, 44.9491795], [16.2470836, 44.9491238], [16.2470987, 44.9491072], [16.2471221, 44.949074], [16.2471339, 44.9490563], [16.2471439, 44.9490385], [16.2471606, 44.9490207], [16.2471757, 44.9490029], [16.2471941, 44.9489851], [16.2473281, 44.9488204], [16.2473432, 44.9488014], [16.24736, 44.9487836], [16.247375, 44.9487647], [16.2473901, 44.9487481], [16.2474052, 44.9487279], [16.2474202, 44.9487113], [16.2474437, 44.9486924], [16.2474671, 44.948677], [16.2474923, 44.9486616], [16.2475207, 44.9486461], [16.2475442, 44.9486355], [16.2475676, 44.9486236], [16.2475927, 44.948613], [16.2476162, 44.9486011], [16.2476346, 44.9485869], [16.247648, 44.9485691], [16.2476581, 44.9485489], [16.2476715, 44.94853], [16.2476882, 44.9485134], [16.2477033, 44.9484968], [16.2477234, 44.9484838], [16.2477535, 44.9484755], [16.2477837, 44.9484707], [16.2478138, 44.9484707], [16.2478406, 44.9484683], [16.2480131, 44.9484755], [16.2480433, 44.9484707], [16.2480701, 44.9484672], [16.2481002, 44.9484648], [16.2481639, 44.9484553], [16.248199, 44.9484506], [16.2482292, 44.948447], [16.2482627, 44.9484423], [16.2482945, 44.9484399], [16.2483246, 44.9484387], [16.2483581, 44.9484363], [16.2483883, 44.9484352], [16.2484486, 44.9484304], [16.248477, 44.9484257], [16.2485055, 44.9484233], [16.2485357, 44.9484221], [16.2485625, 44.9484186], [16.2485993, 44.9484162], [16.2486278, 44.9484126], [16.2486529, 44.9484079], [16.2486797, 44.9484043], [16.2487082, 44.9483984], [16.248745, 44.9483937], [16.2487718, 44.9483889], [16.2488087, 44.9483806], [16.2488388, 44.9483747], [16.248879, 44.9483676], [16.2489091, 44.9483629], [16.248941, 44.9483581], [16.2489678, 44.9483534], [16.2489962, 44.9483486], [16.249023, 44.9483415], [16.2490867, 44.9483273], [16.2491235, 44.9483178], [16.2491553, 44.9483071], [16.249219, 44.9482905], [16.2492458, 44.9482846], [16.2494267, 44.9482277], [16.2494501, 44.9482194], [16.2494752, 44.9482123], [16.2495037, 44.9482052], [16.2495573, 44.948191], [16.2495858, 44.9481851], [16.2496394, 44.9481732], [16.2496678, 44.9481685], [16.2496996, 44.9481625], [16.2497298, 44.9481578], [16.2497583, 44.9481542], [16.2498487, 44.9481507], [16.2498789, 44.9481507], [16.2499676, 44.9481578], [16.2501435, 44.9481578], [16.2501753, 44.9481542], [16.2502054, 44.9481495], [16.2502339, 44.9481448], [16.2502657, 44.94814], [16.2503009, 44.9481317], [16.2503277, 44.948127], [16.2503562, 44.9481199], [16.250383, 44.9481151], [16.2504098, 44.9481092], [16.2504818, 44.9480879], [16.2505102, 44.9480855], [16.250537, 44.9480796], [16.2505622, 44.9480748], [16.250594, 44.9480713], [16.2506225, 44.9480689], [16.250656, 44.9480677], [16.2507213, 44.9480677], [16.2507514, 44.9480665], [16.2508067, 44.9480665], [16.2505431, 44.9472514], [16.2505573, 44.9466881], [16.2504957, 44.946544], [16.2504483, 44.9465272], [16.2504104, 44.9461517], [16.2504625, 44.945974], [16.2503631, 44.9457293], [16.2504436, 44.9450319], [16.2505336, 44.9449983], [16.2506872, 44.9447901], [16.2511704, 44.9444782], [16.2513935, 44.9444031], [16.2515258, 44.9443841], [16.2516431, 44.9443094], [16.2516665, 44.9442478], [16.2517385, 44.9442739], [16.2518038, 44.944211], [16.2519295, 44.9441755], [16.2520333, 44.9440771], [16.2521271, 44.9440747], [16.2522225, 44.9440451], [16.2522192, 44.9439799], [16.2524084, 44.9439028], [16.252462, 44.9438151], [16.2525625, 44.9438175], [16.2526061, 44.9437795], [16.2526061, 44.9437297], [16.25272, 44.9437179], [16.2527501, 44.9436539], [16.2529963, 44.9436219], [16.2531537, 44.9436065], [16.2533882, 44.9435306], [16.253487, 44.9434796], [16.2535557, 44.9434701], [16.2536394, 44.9434251], [16.2537466, 44.9433386], [16.2536461, 44.9431916], [16.2536394, 44.9431347], [16.2535909, 44.9430908], [16.2535976, 44.9430339], [16.2535289, 44.9429533], [16.2534753, 44.9428703], [16.253482, 44.9427755], [16.2534585, 44.9427162], [16.2535322, 44.9426676], [16.253616, 44.9426273], [16.2536562, 44.9425894], [16.2536779, 44.9425206], [16.2538052, 44.9424281], [16.2538404, 44.9422847], [16.2539962, 44.9422254], [16.254234, 44.9420855], [16.254316, 44.9421235], [16.2543663, 44.9421614], [16.2544517, 44.9421697], [16.2545656, 44.9421519], [16.2546292, 44.9420666], [16.2546008, 44.9418947], [16.2545371, 44.9418283], [16.2544634, 44.9417761], [16.2544818, 44.9417169], [16.2545706, 44.9416931], [16.2546041, 44.9416884], [16.2546962, 44.9416374], [16.2546962, 44.9415995], [16.2546644, 44.941545], [16.2546426, 44.9414833], [16.2546426, 44.9414229], [16.2547113, 44.9413944], [16.2547682, 44.9413482], [16.2548118, 44.9413067], [16.2548486, 44.9412237], [16.254919, 44.9411597], [16.2552439, 44.9409261], [16.2553343, 44.9407934], [16.2554013, 44.9406653], [16.255413, 44.9405859], [16.2553896, 44.9405468], [16.2553142, 44.9402682], [16.255274, 44.940171], [16.2552874, 44.9400809], [16.2554499, 44.9400216], [16.2555386, 44.9400275], [16.2558652, 44.9399434], [16.2561556, 44.939779], [16.2562307, 44.9397155], [16.2563442, 44.9396612], [16.2564832, 44.9396458], [16.2565687, 44.9396506], [16.2566289, 44.939666], [16.2566892, 44.9397169], [16.2567797, 44.9397241], [16.2568852, 44.9396837], [16.2569421, 44.9396328], [16.2570007, 44.939596], [16.2571867, 44.9395249], [16.2572704, 44.9395249], [16.2573508, 44.9395059], [16.2574881, 44.9394822], [16.257597, 44.9394704], [16.2577209, 44.9394561], [16.257803, 44.9394549], [16.2579118, 44.9394206], [16.2580308, 44.9393589], [16.2582736, 44.9392771], [16.2583188, 44.9392226], [16.2583523, 44.9391111], [16.2584461, 44.9390697], [16.2585918, 44.9390424], [16.2587208, 44.9390033], [16.258776, 44.9389381], [16.2588414, 44.9388408], [16.2588146, 44.9387602], [16.2587191, 44.9387187], [16.2587626, 44.9386666], [16.2589502, 44.9386263], [16.2590256, 44.938586], [16.2590507, 44.9384579], [16.2591579, 44.9382836], [16.2591545, 44.9382291], [16.259111, 44.9381485], [16.2591596, 44.938107], [16.2593354, 44.9380252], [16.2594795, 44.9379944], [16.2595967, 44.9379529], [16.2596821, 44.9378865], [16.2597273, 44.9378047], [16.2597424, 44.9377561], [16.2599199, 44.9376458], [16.2599769, 44.9376055], [16.2600891, 44.937564], [16.2602264, 44.9374407], [16.2601929, 44.937372], [16.2598211, 44.9371218], [16.2595749, 44.9369807], [16.259518, 44.9369357], [16.2593957, 44.9368882], [16.2592969, 44.9368112], [16.25925, 44.9367626], [16.2592199, 44.9366737], [16.2592182, 44.9366108], [16.2592115, 44.9364852], [16.2592433, 44.9363891], [16.2592952, 44.9361828], [16.2593488, 44.9360904], [16.2594242, 44.936018], [16.2595113, 44.9359161], [16.2595984, 44.9358722], [16.2596938, 44.9358461], [16.2598714, 44.935826], [16.2600455, 44.9358461], [16.2602214, 44.9358663], [16.2602667, 44.9358614], [16.2603022, 44.9358513], [16.2603306, 44.9358329], [16.2603567, 44.9358094], [16.2603756, 44.9357843], [16.2603899, 44.9357557], [16.2603922, 44.9357272], [16.2604135, 44.9357038], [16.2604372, 44.9356803], [16.2604656, 44.9356602], [16.2604917, 44.9356417], [16.2605225, 44.9356233], [16.260558, 44.9356015], [16.2605864, 44.9355814], [16.2606243, 44.9355562], [16.2606575, 44.9355378], [16.2606883, 44.9355177], [16.2607191, 44.9354975], [16.2607475, 44.9354774], [16.2607736, 44.9354556], [16.2607949, 44.9354321], [16.2608067, 44.9354053], [16.2608138, 44.9353751], [16.2608138, 44.935345], [16.2608067, 44.9353165], [16.2608043, 44.9352896], [16.2608067, 44.9352611], [16.2608138, 44.9352293], [16.2608375, 44.9351656], [16.2608493, 44.9351354], [16.2608612, 44.9351102], [16.260873, 44.9350851], [16.260873, 44.9350549], [16.2608707, 44.9350247], [16.2608612, 44.9349979], [16.2608446, 44.9349694], [16.2608186, 44.9349476], [16.2608043, 44.9349224], [16.2608872, 44.9348369], [16.2609133, 44.9348168], [16.260937, 44.9347933], [16.2609607, 44.9347699], [16.2609867, 44.9347497], [16.2610151, 44.9347296], [16.2610483, 44.9347112], [16.2610909, 44.9347011], [16.2611288, 44.9346944], [16.2611667, 44.9346843], [16.2611975, 44.9346676], [16.2612236, 44.9346475], [16.2612425, 44.9346257], [16.2612591, 44.9346005], [16.2612615, 44.934572], [16.2612709, 44.9345435], [16.2612946, 44.9345167], [16.2613231, 44.9344965], [16.2613562, 44.9344781], [16.2613752, 44.934453], [16.2613894, 44.9344245], [16.2614036, 44.934401], [16.261432, 44.9343456], [16.2614438, 44.9343155], [16.2614557, 44.9342903], [16.2614675, 44.9342585], [16.2614794, 44.9342316], [16.2614983, 44.9342082], [16.261522, 44.9341847], [16.2615575, 44.9341696], [16.2615883, 44.9341511], [16.261612, 44.934131], [16.2616286, 44.9341008], [16.2616689, 44.934064], [16.2616878, 44.9340388], [16.2617044, 44.934012], [16.261721, 44.9339851], [16.2617399, 44.9339634], [16.261766, 44.9339399], [16.2617991, 44.9339214], [16.2618323, 44.9339047], [16.2618678, 44.9338913], [16.261901, 44.9338778], [16.2619412, 44.9338678], [16.2619815, 44.9338611], [16.2620194, 44.933851], [16.2620549, 44.9338409], [16.2620928, 44.9338326], [16.2621307, 44.9338208], [16.2621686, 44.9338108], [16.2622018, 44.9337974], [16.2622302, 44.9337789], [16.2622491, 44.9337538], [16.2622539, 44.9337236], [16.2622586, 44.9336666], [16.2622705, 44.9336381], [16.2622847, 44.9336112], [16.2622989, 44.9335861], [16.2623178, 44.9335643], [16.2623463, 44.9335425], [16.2623818, 44.9335257], [16.2624149, 44.9335123], [16.2624528, 44.9334955], [16.2624836, 44.9334788], [16.2625073, 44.9334536], [16.2625286, 44.9334285], [16.2625452, 44.933405], [16.2625665, 44.9333782], [16.2625926, 44.9333547], [16.2626186, 44.9333329], [16.2626542, 44.9333128], [16.262685, 44.9332943], [16.2627963, 44.9331803], [16.2628602, 44.9331367], [16.2628815, 44.9331116], [16.2628934, 44.9330831], [16.2628958, 44.9330546], [16.262891, 44.9330244], [16.2628815, 44.9329942], [16.2628697, 44.9329657], [16.2628579, 44.9329389], [16.2628508, 44.932912], [16.2628602, 44.9328819], [16.2628839, 44.9328584], [16.26291, 44.9328383], [16.2629431, 44.9328232], [16.2630165, 44.932798], [16.2630544, 44.9327896], [16.2630971, 44.9327896], [16.2631373, 44.932793], [16.2631752, 44.932803], [16.2632155, 44.9328097], [16.2632534, 44.9328114], [16.2632937, 44.9328081], [16.2633387, 44.932803], [16.2633789, 44.9327997], [16.2634168, 44.9328047], [16.2634547, 44.9328198], [16.2634879, 44.9328383], [16.2635139, 44.9328617], [16.2635376, 44.9328869], [16.2635589, 44.932912], [16.263585, 44.9329355], [16.2636182, 44.9329472], [16.2636608, 44.9329489], [16.2637389, 44.9329489], [16.2637768, 44.9329422], [16.2638147, 44.9329322], [16.2638503, 44.9329154], [16.2638811, 44.9329003], [16.2639119, 44.9328802], [16.2639403, 44.9328584], [16.2639734, 44.9328399], [16.264009, 44.9328299], [16.2640445, 44.9328215], [16.2640824, 44.9328148], [16.2637863, 44.932684], [16.2636892, 44.9325532], [16.2636182, 44.9323453], [16.2635684, 44.9320636], [16.2635803, 44.9318255], [16.263585, 44.9316041], [16.2635329, 44.9314298], [16.2633979, 44.9311665], [16.2632108, 44.9308647], [16.2629763, 44.9306567], [16.2627536, 44.9304404], [16.2626565, 44.9302644], [16.2626873, 44.9300145], [16.2628342, 44.9294511], [16.262955, 44.9289179], [16.262981, 44.9285758], [16.2629858, 44.9281297], [16.2629644, 44.9277004], [16.2629692, 44.9276568], [16.2629668, 44.927625], [16.2629431, 44.927573], [16.2629289, 44.9275461], [16.2629123, 44.9275193], [16.2628839, 44.9274623], [16.2628792, 44.9274321], [16.2628792, 44.9273499], [16.2628863, 44.9272795], [16.2628839, 44.927251], [16.2628721, 44.9272175], [16.2628365, 44.9271672], [16.2628176, 44.9271437], [16.2628034, 44.9271185], [16.2627986, 44.92709], [16.2627986, 44.9270598], [16.2627939, 44.9270313], [16.2627773, 44.9270045], [16.2627631, 44.9269777], [16.2627489, 44.9269508], [16.2627418, 44.9269223], [16.2627418, 44.9268603], [16.2627394, 44.9268335], [16.2627229, 44.9268083], [16.2627015, 44.9267848], [16.2626826, 44.9267613], [16.2626684, 44.9267345], [16.2626518, 44.9267077], [16.2626471, 44.9266792], [16.2626471, 44.9266507], [16.2626589, 44.9266255], [16.2626778, 44.9265987], [16.2626944, 44.9265702], [16.2627039, 44.9265417], [16.2627134, 44.9265115], [16.2627134, 44.9264528], [16.262711, 44.9264243], [16.2627086, 44.9263974], [16.2627134, 44.9263706], [16.2627347, 44.9263471], [16.2627679, 44.926332], [16.2628057, 44.926327], [16.2628365, 44.9263253], [16.2628744, 44.9263119], [16.2629029, 44.9262918], [16.2629218, 44.9262666], [16.2629313, 44.9262398], [16.2629313, 44.9262113], [16.2629242, 44.9261811], [16.2629194, 44.9261543], [16.2629194, 44.9261258], [16.2629242, 44.9260956], [16.2629336, 44.9260654], [16.2629479, 44.9260386], [16.2629573, 44.9260117], [16.2629573, 44.9259832], [16.2629408, 44.9259547], [16.2629218, 44.9259279], [16.2629005, 44.9259027], [16.2628839, 44.9258759], [16.2628697, 44.9258491], [16.2628579, 44.9258223], [16.262846, 44.9257954], [16.2628152, 44.925777], [16.2627773, 44.9257619], [16.2628389, 44.925626], [16.262846, 44.9255975], [16.2628484, 44.925569], [16.2628508, 44.9255405], [16.2628531, 44.925512], [16.2628531, 44.9254533], [16.2628484, 44.9254198], [16.2628413, 44.9253896], [16.2628365, 44.9253628], [16.2628318, 44.9253309], [16.2628294, 44.9253024], [16.2628294, 44.9251598], [16.2628365, 44.9251313], [16.2628413, 44.9251028], [16.2628508, 44.9250777], [16.2628579, 44.9250492], [16.262865, 44.9250223], [16.2628744, 44.9249955], [16.2628839, 44.9249653], [16.2628958, 44.9249351], [16.2629076, 44.9249049], [16.2629408, 44.924858], [16.2629597, 44.9248328], [16.262981, 44.9248077], [16.2630023, 44.9247808], [16.2630237, 44.9247557], [16.2630355, 44.9247289], [16.263045, 44.9247037], [16.2630521, 44.9246618], [16.2630592, 44.9246316], [16.2630568, 44.9246031], [16.263026, 44.9245293], [16.2630165, 44.9244974], [16.2630047, 44.9244689], [16.2629952, 44.9244404], [16.2629834, 44.9244119], [16.2629668, 44.9243868], [16.2629431, 44.9243616], [16.2629076, 44.9243415], [16.2628721, 44.924323], [16.2628389, 44.9243063], [16.2628081, 44.9242828], [16.2627797, 44.9242593], [16.2627607, 44.9242325], [16.262756, 44.9242056], [16.262756, 44.9241771], [16.2627631, 44.9241486], [16.2627773, 44.9240849], [16.2627773, 44.9240513], [16.2627821, 44.9240228], [16.2627821, 44.9239625], [16.2627797, 44.923934], [16.2627773, 44.9239071], [16.2627702, 44.9238686], [16.2627631, 44.9238384], [16.2627584, 44.9238082], [16.262756, 44.9237763], [16.262756, 44.9237478], [16.26273, 44.9236891], [16.2627157, 44.9236354], [16.2627015, 44.9235751], [16.2626921, 44.9235181], [16.2626826, 44.9234644], [16.2626684, 44.9234074], [16.2626494, 44.9233503], [16.2626352, 44.9232967], [16.262621, 44.923243], [16.2626068, 44.923186], [16.2625926, 44.9231256], [16.2625784, 44.9230653], [16.2625547, 44.9230082], [16.2625168, 44.9228942], [16.2624978, 44.9228405], [16.2624884, 44.9227835], [16.2624694, 44.9226695], [16.2624505, 44.9226124], [16.2624363, 44.9225554], [16.262422, 44.9225018], [16.2623936, 44.9224514], [16.2623747, 44.9223944], [16.262351, 44.9223408], [16.2623226, 44.9222871], [16.2622894, 44.9222334], [16.262261, 44.9221798], [16.2622231, 44.9221194], [16.2621947, 44.9220691], [16.262152, 44.9220121], [16.2621189, 44.9219651], [16.2620715, 44.9219148], [16.2620194, 44.9218745], [16.2619626, 44.9218343], [16.2619104, 44.9217907], [16.2618631, 44.9217471], [16.2618157, 44.9216968], [16.2617778, 44.9216431], [16.2617446, 44.9215928], [16.2616689, 44.9214855], [16.261631, 44.9214318], [16.2615883, 44.9213815], [16.2615504, 44.9213345], [16.2614983, 44.9212876], [16.2614367, 44.9212305], [16.2613846, 44.9211769], [16.2613373, 44.9211299], [16.2612709, 44.921093], [16.2611999, 44.9210595], [16.2611336, 44.9210192], [16.2610767, 44.9209756], [16.2610294, 44.9209287], [16.260982, 44.9208817], [16.2609441, 44.9208213], [16.2609109, 44.9207677], [16.260873, 44.9207207], [16.2608399, 44.9206704], [16.2608067, 44.9206167], [16.2608304, 44.9205597], [16.2608683, 44.9205127], [16.2609015, 44.9204624], [16.2609204, 44.9204087], [16.2609204, 44.9202913], [16.2609251, 44.9202343], [16.2609536, 44.9201807], [16.2609678, 44.9201236], [16.2609725, 44.9200666], [16.2609772, 44.9200129], [16.2610009, 44.9199593], [16.2610388, 44.919909], [16.2611146, 44.9198285], [16.2611573, 44.9197815], [16.2612094, 44.9197412], [16.261233, 44.9196876], [16.2612236, 44.9196339], [16.261162, 44.919597], [16.2611051, 44.9195534], [16.2610815, 44.9194964], [16.2610767, 44.919436], [16.2610767, 44.9193186], [16.2610815, 44.9192549], [16.2610815, 44.9191978], [16.2610862, 44.9191442], [16.2611004, 44.9190771], [16.2611146, 44.9190201], [16.2611336, 44.9189698], [16.261162, 44.9189194], [16.2611999, 44.9188725], [16.261233, 44.9188222], [16.2612615, 44.9187685], [16.2612804, 44.9187148], [16.2612899, 44.9186612], [16.2613136, 44.9186075], [16.261342, 44.9185605], [16.2613752, 44.9185102], [16.2614036, 44.9184632], [16.2614131, 44.9184062], [16.261432, 44.9183526], [16.261451, 44.9182989], [16.2614604, 44.9181848], [16.2614604, 44.9180674], [16.261451, 44.9180104], [16.2614415, 44.9178997], [16.2614273, 44.917836], [16.2614036, 44.917779], [16.2613846, 44.9177253], [16.2613704, 44.9176683], [16.2613562, 44.9176146], [16.2613515, 44.9175542], [16.2613515, 44.9175005], [16.2613562, 44.9174435], [16.2613704, 44.9173798], [16.2613941, 44.9173261], [16.2614083, 44.9172691], [16.2614273, 44.9172154], [16.2614367, 44.9171584], [16.2614888, 44.9169571], [16.2614888, 44.916776], [16.2614936, 44.916719], [16.2614983, 44.9166552], [16.2615078, 44.9165948], [16.261522, 44.9165345], [16.2615267, 44.9164741], [16.2615315, 44.9164137], [16.2615031, 44.9163567], [16.261432, 44.9163265], [16.2613609, 44.9162996], [16.2612852, 44.9162728], [16.2612046, 44.9162795], [16.261143, 44.9163198], [16.2611004, 44.9163667], [16.2610483, 44.916417], [16.2609867, 44.9164539], [16.2609062, 44.9164741], [16.2608257, 44.916464], [16.2607783, 44.916417], [16.2607546, 44.91636], [16.2607404, 44.916303], [16.2607167, 44.916246], [16.2606883, 44.9161957], [16.2606314, 44.9161554], [16.2605509, 44.9161386], [16.2603851, 44.9161319], [16.2602998, 44.9161252], [16.2602146, 44.9161185], [16.2601293, 44.9161118], [16.260044, 44.9161118], [16.2599588, 44.9161084], [16.2598688, 44.9161017], [16.2596982, 44.9162258], [16.2596319, 44.916256], [16.2594851, 44.916303], [16.2593998, 44.9163198], [16.2593193, 44.9163332], [16.259234, 44.9163399], [16.2591393, 44.9163399], [16.259054, 44.9163332], [16.2589782, 44.9163064], [16.2589119, 44.9162728], [16.2588503, 44.9162326], [16.2587982, 44.9161889], [16.2587603, 44.916142], [16.2587177, 44.9160984], [16.2586656, 44.9160514], [16.2588124, 44.915565], [16.2588219, 44.9155113], [16.2588266, 44.915451], [16.2587793, 44.9154006], [16.2587224, 44.9153537], [16.2587082, 44.9152966], [16.2587224, 44.915243], [16.2587508, 44.9151926], [16.2587745, 44.915139], [16.2588029, 44.915092], [16.2588361, 44.9150383], [16.2588645, 44.9149847], [16.2588929, 44.9149276], [16.2589119, 44.9148706], [16.2589261, 44.9148102], [16.2589356, 44.9147566], [16.2589451, 44.9146995], [16.2586466, 44.9146593], [16.2587887, 44.9143607], [16.2588124, 44.9143037], [16.2588598, 44.9142534], [16.2589308, 44.9142299], [16.2590114, 44.9142165], [16.2590872, 44.9141997], [16.2591582, 44.9141762], [16.259234, 44.9141527], [16.2592956, 44.9141125], [16.2593477, 44.9140689], [16.2593903, 44.9140185], [16.259433, 44.9139716], [16.2594709, 44.9139246], [16.2595182, 44.9138743], [16.2595609, 44.9138273], [16.2596082, 44.9137837], [16.2599825, 44.9130423], [16.2603614, 44.9122171], [16.2604656, 44.9118984], [16.2604799, 44.9118414], [16.2605035, 44.9117877], [16.260532, 44.911734], [16.2605509, 44.9116837], [16.2605793, 44.9116334], [16.260603, 44.9115797], [16.2606314, 44.9115294], [16.2606646, 44.9114824], [16.2607072, 44.9114321], [16.2607783, 44.9113952], [16.2608541, 44.9113683], [16.2609299, 44.9113448], [16.2610104, 44.9113314], [16.2610862, 44.9113247], [16.2613373, 44.9110899], [16.2613941, 44.9110496], [16.2614462, 44.9110027], [16.2614983, 44.9109624], [16.2615552, 44.9109188], [16.2616215, 44.9108852], [16.2616925, 44.9108584], [16.2617731, 44.9108316], [16.2618441, 44.9108081], [16.2619152, 44.9107913], [16.261991, 44.9107712], [16.2620715, 44.9107578], [16.2621331, 44.9107175], [16.2621852, 44.9106739], [16.2622326, 44.9106236], [16.2622752, 44.9105732], [16.2623226, 44.9105263], [16.2623652, 44.9104793], [16.262422, 44.910429], [16.2624742, 44.9103921], [16.2625357, 44.9103552], [16.2626068, 44.9103317], [16.2626873, 44.9103283], [16.2629194, 44.9103283], [16.262981, 44.9102948], [16.2630663, 44.9102881], [16.2631421, 44.9102914], [16.2632037, 44.9102612], [16.263251, 44.910221], [16.2632984, 44.9101774], [16.2633505, 44.9101371], [16.2635116, 44.9101237], [16.2635826, 44.9101069], [16.2636442, 44.9100633], [16.2637058, 44.9100264], [16.2637484, 44.9099761], [16.26381, 44.9099459], [16.2638811, 44.9099258], [16.2639569, 44.9099224], [16.2640421, 44.909909], [16.2641226, 44.9098956], [16.2641842, 44.9098587], [16.2642316, 44.9098117], [16.2642553, 44.909758], [16.2642742, 44.9096976], [16.2642932, 44.9096406], [16.2643311, 44.909597], [16.2644069, 44.9095802], [16.2644827, 44.9095668], [16.2645585, 44.9095467], [16.264639, 44.9095198], [16.2647006, 44.9094896], [16.2647574, 44.9094527], [16.2648095, 44.9094125], [16.2648616, 44.9093688], [16.2649137, 44.9093252], [16.2649753, 44.909295], [16.265063, 44.9092363], [16.2650961, 44.9092196], [16.2651293, 44.9092045], [16.2651577, 44.9091793], [16.2651506, 44.9091491], [16.2651174, 44.9091306], [16.2650795, 44.9091172], [16.2650558, 44.9090921], [16.2650558, 44.9090602], [16.2650795, 44.90903], [16.2651103, 44.9090099], [16.2651506, 44.9090015], [16.265198, 44.9089965], [16.2652785, 44.9089965], [16.2653188, 44.9089981], [16.265359, 44.9089948], [16.2653922, 44.908983], [16.2653874, 44.9089545], [16.2653661, 44.9089294], [16.2653353, 44.9089092], [16.265333, 44.908879], [16.2653685, 44.9088623], [16.2654088, 44.9088589], [16.2654561, 44.9088589], [16.2654964, 44.9088606], [16.265539, 44.9088639], [16.265584, 44.9088673], [16.2656267, 44.9088673], [16.2656622, 44.9088589], [16.2657025, 44.9088472], [16.2657356, 44.9088287], [16.265764, 44.9088103], [16.2657948, 44.9087935], [16.2658256, 44.908775], [16.2659085, 44.9087348], [16.2659369, 44.9087146], [16.2659642, 44.9086903], [16.2659713, 44.9086836], [16.2659772, 44.9086777], [16.2659802, 44.908671], [16.2659808, 44.9086631], [16.265979, 44.9086559], [16.2659766, 44.9086488], [16.2659707, 44.9086421], [16.2659636, 44.9086362], [16.2659565, 44.9086312], [16.2659423, 44.9086199], [16.2659363, 44.9086144], [16.2659298, 44.9086085], [16.2659221, 44.9086014], [16.2659162, 44.9085951], [16.2659115, 44.9085884], [16.2659073, 44.9085813], [16.2659032, 44.9085595], [16.2659026, 44.9085523], [16.2659044, 44.9085444], [16.2659144, 44.9085322], [16.2659221, 44.908528], [16.2659334, 44.9085247], [16.265944, 44.9085221], [16.2659535, 44.9085213], [16.2659636, 44.9085209], [16.265976, 44.9085221], [16.2659849, 44.9085242], [16.2660039, 44.9085318], [16.2660127, 44.9085364], [16.2660269, 44.9085461], [16.2660429, 44.9085553], [16.2660506, 44.9085591], [16.2660589, 44.9085628], [16.2660684, 44.9085662], [16.2660796, 44.9085691], [16.2660933, 44.9085725], [16.2661039, 44.908575], [16.2661134, 44.9085762], [16.2661827, 44.9085767], [16.2661993, 44.9085758], [16.2662164, 44.908575], [16.266233, 44.9085746], [16.2662591, 44.9085737], [16.2662739, 44.9085733], [16.266297, 44.9085733], [16.2663076, 44.9085742], [16.2663171, 44.9085746], [16.2663277, 44.908575], [16.2663378, 44.9085754], [16.2663467, 44.9085725], [16.2663538, 44.9085662], [16.2663692, 44.9085549], [16.2663799, 44.9085431], [16.2663893, 44.9085351], [16.2663964, 44.9085284], [16.2664095, 44.9085159], [16.2664213, 44.9085037], [16.2664308, 44.9084978], [16.2664403, 44.9084936], [16.2664491, 44.9084911], [16.2664592, 44.9084882], [16.2664734, 44.9084848], [16.2664835, 44.9084836], [16.2664965, 44.9084819], [16.2665066, 44.9084811], [16.2665593, 44.9084806], [16.2665693, 44.908479], [16.2665806, 44.9084769], [16.2665901, 44.9084735], [16.2665984, 44.9084697], [16.2666084, 44.9084651], [16.2666167, 44.9084618], [16.266625, 44.908458], [16.2666357, 44.908453], [16.2666434, 44.9084483], [16.266654, 44.9084425], [16.2666617, 44.9084374], [16.2666706, 44.908432], [16.2666771, 44.908427], [16.2666972, 44.9084089], [16.2667073, 44.9084001], [16.2667138, 44.9083942], [16.266731, 44.9083812], [16.2667488, 44.9083733], [16.2667588, 44.9083699], [16.2667713, 44.9083678], [16.2668056, 44.9083645], [16.2668269, 44.9083645], [16.266837, 44.9083649], [16.2668506, 44.908367], [16.2668707, 44.9083716], [16.2668802, 44.9083745], [16.2668897, 44.9083783], [16.2668992, 44.9083838], [16.266908, 44.9083888], [16.2669169, 44.9083942], [16.2669258, 44.908398], [16.2669353, 44.9084005], [16.2669572, 44.908403], [16.2670069, 44.9084035], [16.267032, 44.9084075], [16.2670605, 44.9084087], [16.2670907, 44.9084135], [16.2671158, 44.9084206], [16.2671392, 44.9084289], [16.267161, 44.9084396], [16.2671861, 44.9084502], [16.2672163, 44.9084502], [16.2672414, 44.9084419], [16.2672648, 44.9084313], [16.2672849, 44.9084147], [16.2673017, 44.9084004], [16.2673218, 44.9083826], [16.2673419, 44.9083696], [16.2673703, 44.9083625], [16.2673988, 44.9083601], [16.2674273, 44.9083589], [16.2674608, 44.9083589], [16.2674893, 44.9083637], [16.2675144, 44.9083696], [16.2675395, 44.9083779], [16.2675646, 44.9083886], [16.2675864, 44.9084004], [16.2676098, 44.9084111], [16.267635, 44.9084241], [16.2676601, 44.9084313], [16.2676886, 44.9084336], [16.2677204, 44.9084336], [16.2677522, 44.9084313], [16.2677823, 44.9084277], [16.2678125, 44.9084253], [16.2678694, 44.908423], [16.2679549, 44.908423], [16.2679833, 44.9084277], [16.268047, 44.9084396], [16.2681056, 44.9084467], [16.2681341, 44.9084538], [16.2681609, 44.9084609], [16.268191, 44.9084704], [16.2682195, 44.9084846], [16.2682463, 44.9084977], [16.2682697, 44.9085155], [16.2682915, 44.9085309], [16.2683099, 44.9085451], [16.2683334, 44.9085617], [16.2683535, 44.9085772], [16.2683752, 44.9085902], [16.268397, 44.908608], [16.2684204, 44.9086234], [16.2684439, 44.9086377], [16.2684673, 44.9086495], [16.2684908, 44.9086638], [16.2685159, 44.908678], [16.268541, 44.9086875], [16.2685645, 44.9086958], [16.2685946, 44.9087053], [16.2686214, 44.9087124], [16.2686482, 44.9087219], [16.26868, 44.9087314], [16.2687119, 44.9087397], [16.268742, 44.9087468], [16.2687872, 44.9087492], [16.2688509, 44.9087539], [16.2688793, 44.9087563], [16.2689447, 44.9087563], [16.2690117, 44.9087646], [16.2690435, 44.9087705], [16.2690887, 44.9087812], [16.2691255, 44.9087895], [16.2691825, 44.908812], [16.2692059, 44.9088239], [16.2692311, 44.9088369], [16.2692612, 44.9088547], [16.2692897, 44.908869], [16.2693148, 44.9088796], [16.2693433, 44.9088879], [16.2693734, 44.9088927], [16.2694304, 44.9089093], [16.2694605, 44.9089164], [16.2694873, 44.9089247], [16.2695107, 44.9089342], [16.2695359, 44.9089437], [16.269566, 44.9089579], [16.2695928, 44.9089698], [16.2696163, 44.9089828], [16.2696431, 44.9089959], [16.2696665, 44.9090054], [16.2696899, 44.9090172], [16.2697117, 44.9090303], [16.2697335, 44.9090481], [16.2697536, 44.9090659], [16.2697737, 44.9090813], [16.2697938, 44.9090979], [16.2698139, 44.9091121], [16.2698373, 44.9091252], [16.2698625, 44.9091406], [16.2698876, 44.9091524], [16.2699378, 44.9091702], [16.2699663, 44.9091785], [16.2700266, 44.9091999], [16.2701019, 44.9092355], [16.2701304, 44.9092521], [16.2701555, 44.9092663], [16.2701756, 44.9092794], [16.2702142, 44.9093114], [16.2702359, 44.909328], [16.2702577, 44.909347], [16.2702778, 44.9093612], [16.2702979, 44.9093778], [16.2703213, 44.9093909], [16.2703481, 44.9094075], [16.27038, 44.9094241], [16.2704001, 44.9094383], [16.2704252, 44.9094525], [16.2704486, 44.9094632], [16.2704738, 44.9094727], [16.2704989, 44.9094786], [16.2705273, 44.9094846], [16.2705541, 44.9094905], [16.2705843, 44.9094964], [16.2706178, 44.9095012], [16.2706479, 44.9095071], [16.2706831, 44.9095107], [16.2707132, 44.9095118], [16.2707417, 44.9095118], [16.2708154, 44.9095201], [16.2708992, 44.9095462], [16.270946, 44.9095664], [16.2709728, 44.9095771], [16.2710264, 44.9095972], [16.2710616, 44.9096127], [16.2710901, 44.9096233], [16.2711152, 44.9096352], [16.2711721, 44.9096565], [16.2711973, 44.9096637], [16.2712341, 44.9096684], [16.2712944, 44.9096684], [16.2713246, 44.9096672], [16.271353, 44.9096672], [16.2713815, 44.9096684], [16.2714468, 44.9096838], [16.2714719, 44.9096933], [16.2715038, 44.909704], [16.2715406, 44.9097242], [16.2716009, 44.9097503], [16.2716243, 44.9097609], [16.2717299, 44.9098107], [16.2717516, 44.9098226], [16.2717767, 44.9098368], [16.271827, 44.9098701], [16.2718521, 44.9098855], [16.2719292, 44.909927], [16.2719576, 44.90994], [16.2719827, 44.9099531], [16.2720062, 44.9099685], [16.2720347, 44.9099827], [16.2720849, 44.9100029], [16.2721218, 44.9100183], [16.272172, 44.9100361], [16.2722088, 44.9100468], [16.2722356, 44.9100527], [16.2722658, 44.9100598], [16.2722976, 44.9100646], [16.2723311, 44.9100693], [16.2723864, 44.9100741], [16.2724148, 44.9100776], [16.2724467, 44.9100812], [16.2724751, 44.9100859], [16.2725019, 44.9100919], [16.2725304, 44.9101013], [16.2725539, 44.9101144], [16.2725807, 44.9101286], [16.2726058, 44.9101429], [16.2726292, 44.9101583], [16.2726527, 44.9101713], [16.2726828, 44.9101867], [16.2727079, 44.9101962], [16.2727347, 44.9102069], [16.2727649, 44.9102128], [16.2727934, 44.91022], [16.2728268, 44.9102603], [16.2728453, 44.9102745], [16.2728687, 44.9102852], [16.2728955, 44.9102864], [16.2729223, 44.910284], [16.2729508, 44.9102769], [16.2729809, 44.9102698], [16.2730077, 44.9102674], [16.2730345, 44.9102674], [16.273063, 44.9102686], [16.2730898, 44.9102733], [16.2731216, 44.9102804], [16.2731518, 44.9102888], [16.2731769, 44.9102971], [16.2732003, 44.9103101], [16.2732254, 44.910322], [16.2732472, 44.9103338], [16.2732707, 44.9103492], [16.2732908, 44.9103647], [16.2733159, 44.9103753], [16.2733444, 44.9103825], [16.2733745, 44.9103884], [16.2734415, 44.9103967], [16.2734716, 44.9103991], [16.2734984, 44.9104026], [16.2735939, 44.9104026], [16.2736257, 44.910405], [16.2736592, 44.9104097], [16.2736877, 44.9104169], [16.2737245, 44.9104275], [16.2737748, 44.9104441], [16.2738284, 44.9104667], [16.2738602, 44.9104809], [16.2738853, 44.9104904], [16.2739188, 44.9105023], [16.2739456, 44.9105129], [16.2739741, 44.9105236], [16.2740042, 44.9105367], [16.2740344, 44.9105485], [16.2740662, 44.9105616], [16.2741198, 44.9105817], [16.274155, 44.9105983], [16.2741818, 44.9106078], [16.2742136, 44.9106209], [16.2742354, 44.9106351], [16.2742571, 44.9106481], [16.2742772, 44.9106636], [16.2742956, 44.9106814], [16.2743124, 44.9107003], [16.2743258, 44.9107193], [16.2743358, 44.9107407], [16.2743425, 44.9107596], [16.2743509, 44.910781], [16.2743593, 44.9108], [16.274366, 44.9108237], [16.2743727, 44.9108439], [16.2743827, 44.9108676], [16.2743945, 44.9108925], [16.2744062, 44.9109103], [16.2744296, 44.9109482], [16.2744464, 44.9109708], [16.2745033, 44.9110419], [16.2745184, 44.9110597], [16.2745368, 44.9110799], [16.2745502, 44.9110977], [16.2745837, 44.9111309], [16.2746055, 44.9111511], [16.2746239, 44.9111712], [16.2746423, 44.9111866], [16.2746624, 44.9112021], [16.2746842, 44.9112175], [16.2747127, 44.9112388], [16.2747361, 44.9112542], [16.2747612, 44.9112697], [16.2747847, 44.9112827], [16.2748065, 44.9112958], [16.2748282, 44.9113064], [16.274912, 44.9113586], [16.2749354, 44.9113729], [16.2749706, 44.911393], [16.274994, 44.9114049], [16.2750192, 44.9114191], [16.2750711, 44.9114476], [16.2751046, 44.9114642], [16.2751263, 44.911476], [16.2751515, 44.9114891], [16.2751984, 44.9115104], [16.2752235, 44.9115247], [16.2752704, 44.9115484], [16.2752955, 44.9115614], [16.2753307, 44.911578], [16.2753541, 44.9115899], [16.2754027, 44.9116172], [16.2754596, 44.9116457], [16.2754881, 44.9116575], [16.2755183, 44.9116741], [16.2755484, 44.9116848], [16.2755718, 44.9116943], [16.2756053, 44.911705], [16.2756338, 44.9117109], [16.2756606, 44.9117168], [16.2756958, 44.9117227], [16.2757259, 44.9117275], [16.2757527, 44.9117322], [16.2758197, 44.9117417], [16.275875, 44.9117465], [16.2759051, 44.9117465], [16.275957, 44.9116848], [16.2759688, 44.9116658], [16.2759872, 44.9116492], [16.2760023, 44.9116326], [16.2760207, 44.911616], [16.2760358, 44.911597], [16.2760508, 44.9115792], [16.2760726, 44.9115401], [16.2760843, 44.9115235], [16.2761011, 44.9115069], [16.2761245, 44.9114938], [16.2761497, 44.9114867], [16.2761764, 44.9114843], [16.2762032, 44.9114879], [16.27622, 44.9115057], [16.2762351, 44.9115235], [16.2762518, 44.9115425], [16.2762715, 44.9115493], [16.276282, 44.9115631], [16.2764226, 44.9116345], [16.2766471, 44.9117846], [16.2766002, 44.9120572], [16.276565, 44.9120987], [16.2765416, 44.9121118], [16.2765164, 44.9121248], [16.2764896, 44.9121367], [16.2764645, 44.9121486], [16.2764427, 44.9121628], [16.2764243, 44.9121794], [16.2764059, 44.9121972], [16.2763908, 44.912215], [16.2763808, 44.9122375], [16.2763724, 44.9122577], [16.2763473, 44.9123205], [16.2763372, 44.9123419], [16.2762753, 44.912464], [16.2762619, 44.9125044], [16.2762602, 44.9125269], [16.2762619, 44.9125483], [16.2762702, 44.9125672], [16.2762836, 44.912585], [16.2763004, 44.9126016], [16.2763138, 44.9126218], [16.2763238, 44.9126408], [16.2763305, 44.9126609], [16.2763372, 44.9127024], [16.2763372, 44.9127451], [16.2763423, 44.9127653], [16.2763506, 44.9127867], [16.2763573, 44.912808], [16.2763657, 44.912827], [16.2763741, 44.9128471], [16.2763841, 44.9128661], [16.2763942, 44.9128839], [16.2764009, 44.9129041], [16.2764059, 44.9129278], [16.2764076, 44.912948], [16.2764076, 44.9129705], [16.2764092, 44.9129918], [16.2764092, 44.9130156], [16.2764076, 44.9130381], [16.2764009, 44.9130595], [16.2763841, 44.9130784], [16.2763624, 44.913095], [16.2763339, 44.9131081], [16.2763071, 44.9131211], [16.2762652, 44.9131875], [16.2762451, 44.9132042], [16.27622, 44.9132184], [16.2761982, 44.9132338], [16.2761815, 44.9132516], [16.2761681, 44.9132706], [16.276158, 44.9132907], [16.2761513, 44.9133109], [16.2761446, 44.9133334], [16.2761413, 44.9133536], [16.2761379, 44.9133749], [16.2761379, 44.9134176], [16.2761413, 44.9134402], [16.2761446, 44.9134603], [16.276158, 44.913503], [16.2761647, 44.9135232], [16.2761731, 44.9135457], [16.2761915, 44.913592], [16.2762016, 44.9136133], [16.2762116, 44.9136382], [16.2762217, 44.9136608], [16.2762317, 44.9136809], [16.2762418, 44.9137023], [16.2762686, 44.9137545], [16.2762836, 44.9137723], [16.276297, 44.9137936], [16.2763088, 44.913815], [16.2763155, 44.9138351], [16.2763171, 44.9138553], [16.2763138, 44.9138755], [16.2763088, 44.9138968], [16.2763054, 44.9139193], [16.2763054, 44.9139407], [16.2763188, 44.9139608], [16.2763406, 44.9139739], [16.2763657, 44.913981], [16.2763942, 44.9139881], [16.2764176, 44.9139964], [16.2764394, 44.9140107], [16.2764528, 44.9140273], [16.2764645, 44.9140474], [16.2764746, 44.9140676], [16.276488, 44.9140854], [16.276503, 44.9141032], [16.2765231, 44.9141162], [16.2765483, 44.9141257], [16.2765734, 44.9141316], [16.2765968, 44.9141399], [16.2766219, 44.9141494], [16.2766521, 44.9141589], [16.2767057, 44.9141815], [16.2767275, 44.9141921], [16.2767492, 44.9142064], [16.2767643, 44.914223], [16.2767811, 44.9142408], [16.2767928, 44.9142585], [16.2768078, 44.9142846], [16.2768196, 44.9143107], [16.2768296, 44.9143356], [16.2768363, 44.914357], [16.2768397, 44.9143771], [16.2768413, 44.9143997], [16.2768413, 44.9144222], [16.276843, 44.9144424], [16.276843, 44.9144625], [16.2768547, 44.9145266], [16.2768648, 44.9145491], [16.2768782, 44.9145669], [16.2768983, 44.9145871], [16.2769452, 44.914631], [16.2769636, 44.9146464], [16.2769854, 44.9146665], [16.2770071, 44.9146903], [16.2770256, 44.914714], [16.277039, 44.9147377], [16.2770473, 44.9147579], [16.277054, 44.9147804], [16.277054, 44.9148207], [16.277049, 44.9148409], [16.2770457, 44.9148658], [16.277049, 44.9148895], [16.2770574, 44.9149109], [16.2770741, 44.914931], [16.2770892, 44.9149476], [16.277106, 44.914963], [16.2771227, 44.914982], [16.2771361, 44.915001], [16.2771462, 44.91502], [16.2771545, 44.9150413], [16.2771596, 44.9150639], [16.2771612, 44.915084], [16.2771612, 44.9151255], [16.2771797, 44.9152133], [16.2771864, 44.915237], [16.2771947, 44.9152584], [16.2771981, 44.9152785], [16.2772031, 44.9153011], [16.2772064, 44.9153224], [16.2772115, 44.9153461], [16.2772131, 44.9153722], [16.2772198, 44.9153948], [16.2772299, 44.915422], [16.2772383, 44.9154434], [16.27725, 44.9154683], [16.2772651, 44.9154944], [16.2772751, 44.9155145], [16.2772902, 44.9155335], [16.2773103, 44.9155537], [16.2773287, 44.9155703], [16.2773471, 44.9155845], [16.2773689, 44.9155999], [16.2773924, 44.9156177], [16.2774125, 44.915632], [16.2774275, 44.9156509], [16.2774409, 44.9156687], [16.2774526, 44.9156865], [16.2774711, 44.9157079], [16.2774912, 44.9157233], [16.277518, 44.915734], [16.2775515, 44.9157423], [16.2775799, 44.915747], [16.2776084, 44.9157506], [16.277672, 44.9157672], [16.2777022, 44.9157766], [16.2777256, 44.9157885], [16.2777508, 44.9158016], [16.2777843, 44.915817], [16.2778094, 44.9158288], [16.2778328, 44.9158395], [16.2778563, 44.915849], [16.2778881, 44.9158632], [16.2779132, 44.9158727], [16.2779383, 44.915881], [16.2779685, 44.9158881], [16.278007, 44.9158964], [16.2780388, 44.9159012], [16.278069, 44.9159047], [16.2781041, 44.9159024], [16.2781343, 44.9158976], [16.2781628, 44.9158905], [16.2781879, 44.9158822], [16.2782097, 44.9158727], [16.2782632, 44.9158502], [16.2783152, 44.9158253], [16.2783436, 44.9158146], [16.2783654, 44.9158027], [16.2783905, 44.9157885], [16.2784123, 44.9157755], [16.2784324, 44.9157577], [16.2784542, 44.9157399], [16.2784726, 44.9157197], [16.2784843, 44.9157031], [16.2785044, 44.9156652], [16.2785128, 44.9156462], [16.2785262, 44.9156237], [16.2785362, 44.9156047], [16.2785748, 44.9155454], [16.2785865, 44.9155264], [16.2785999, 44.9155062], [16.278615, 44.9154801], [16.2787087, 44.9153449], [16.2787188, 44.915326], [16.2787355, 44.9153046], [16.2787473, 44.9152868], [16.2787657, 44.9152643], [16.2787808, 44.9152477], [16.2787975, 44.9152311], [16.2788143, 44.9152133], [16.2788327, 44.9151955], [16.2788478, 44.9151801], [16.2788695, 44.9151599], [16.2788896, 44.9151445], [16.2789097, 44.9151267], [16.2789298, 44.9151125], [16.2789533, 44.9150994], [16.2789784, 44.9150876], [16.2790069, 44.9150781], [16.279032, 44.915071], [16.2790605, 44.9150662], [16.2791157, 44.9150591], [16.2791459, 44.9150579], [16.2791794, 44.9150591], [16.2792078, 44.9150627], [16.2792363, 44.9150698], [16.2792681, 44.9150769], [16.2792966, 44.9150864], [16.2793234, 44.9150935], [16.2793485, 44.9151018], [16.279377, 44.9151077], [16.2794105, 44.915116], [16.279439, 44.915122], [16.2794658, 44.9151291], [16.2794926, 44.915135], [16.2795193, 44.9151421], [16.2795445, 44.9151481], [16.2795763, 44.9151528], [16.2796349, 44.9151599], [16.2796701, 44.9151647], [16.2797002, 44.915167], [16.279732, 44.9151706], [16.2797588, 44.915173], [16.2798191, 44.9151753], [16.2800084, 44.9151753], [16.2800369, 44.9151742], [16.2800637, 44.9151742], [16.2801206, 44.9151718], [16.2801491, 44.9151718], [16.2801792, 44.9151706], [16.2802328, 44.9151706], [16.2802663, 44.915173], [16.2802931, 44.9151789], [16.2803249, 44.9151872], [16.2803551, 44.9151979], [16.2803785, 44.9152133], [16.2804221, 44.9152489], [16.2804371, 44.9152655], [16.2804623, 44.9153034], [16.2804706, 44.9153224], [16.280479, 44.9153449], [16.2804874, 44.9153663], [16.2804941, 44.9153876], [16.2804991, 44.9154125], [16.2805041, 44.9154351], [16.2805108, 44.9154564], [16.2805142, 44.9154778], [16.2805159, 44.9154979], [16.2805192, 44.9155181], [16.2805125, 44.9156237], [16.2805108, 44.9156438], [16.2805108, 44.9156889], [16.2805075, 44.9157102], [16.2805008, 44.9157304], [16.2804891, 44.9157517], [16.2804757, 44.9157695], [16.2804589, 44.9157885], [16.2804388, 44.9158099], [16.2804221, 44.9158288], [16.2804087, 44.9158478], [16.2804003, 44.915868], [16.2803986, 44.9158917], [16.2803986, 44.915913], [16.2804003, 44.9159332], [16.2804053, 44.9159545], [16.2804137, 44.9159771], [16.2804254, 44.9159972], [16.2804405, 44.9160162], [16.2804572, 44.9160316], [16.2804757, 44.9160459], [16.2805025, 44.9160613], [16.2805276, 44.9160755], [16.2805527, 44.9160874], [16.2805812, 44.9160957], [16.2806163, 44.9161004], [16.2806448, 44.916104], [16.2807101, 44.916104], [16.2807487, 44.9161016], [16.2807838, 44.9160981], [16.2808123, 44.9160933], [16.2808374, 44.9160874], [16.2808625, 44.9160803], [16.2808893, 44.916072], [16.2809429, 44.9160601], [16.2809697, 44.9160577], [16.2809982, 44.9160565], [16.2810283, 44.9160565], [16.2811623, 44.9161075], [16.2811858, 44.916123], [16.2812092, 44.9161431], [16.281231, 44.9161609], [16.2812695, 44.9161953], [16.281293, 44.9162167], [16.2813265, 44.9162522], [16.2813449, 44.9162688], [16.281365, 44.9162854], [16.2813868, 44.916302], [16.2814102, 44.9163151], [16.2814353, 44.9163269], [16.2814621, 44.91634], [16.2814872, 44.9163483], [16.2815191, 44.9163578], [16.281576, 44.9163756], [16.2815995, 44.9163851], [16.2816262, 44.9163981], [16.2816547, 44.9164135], [16.2816782, 44.9164254], [16.2817033, 44.9164408], [16.2817251, 44.9164586], [16.2817401, 44.9164764], [16.2817602, 44.9164965], [16.281772, 44.9165155], [16.2817854, 44.9165345], [16.2817988, 44.9165558], [16.2818105, 44.9165748], [16.2818523, 44.9166377], [16.2818724, 44.9166638], [16.2818842, 44.9166839], [16.2819043, 44.9167053], [16.2819177, 44.9167231], [16.2819361, 44.916742], [16.2819545, 44.9167622], [16.2819746, 44.9167776], [16.281993, 44.9167954], [16.2820182, 44.916812], [16.2820449, 44.9168227], [16.2820684, 44.9168357], [16.2820918, 44.9168452], [16.2821153, 44.9168559], [16.2821471, 44.9168678], [16.2821689, 44.9168784], [16.2822409, 44.9168998], [16.2822677, 44.9169105], [16.2822911, 44.9169235], [16.2823196, 44.9169342], [16.2823431, 44.9169448], [16.2823732, 44.9169567], [16.2823967, 44.9169662], [16.2824235, 44.9169816], [16.2824586, 44.9170018], [16.2824938, 44.9170243], [16.2825273, 44.917048], [16.2825474, 44.9170646], [16.2825775, 44.9170824], [16.282596, 44.9170967], [16.2826496, 44.9171322], [16.282673, 44.9171453], [16.2826998, 44.9171619], [16.2827249, 44.9171726], [16.2827634, 44.917182], [16.2827986, 44.9171903], [16.2828321, 44.9171951], [16.2828706, 44.9172022], [16.2829175, 44.9172093], [16.2829477, 44.9172141], [16.2829745, 44.91722], [16.283013, 44.9172271], [16.2830465, 44.9172342], [16.2830716, 44.9172437], [16.2830917, 44.9172591], [16.2831135, 44.9172793], [16.2831336, 44.9172971], [16.2831453, 44.9173149], [16.2831553, 44.9173327], [16.283162, 44.9173516], [16.2831704, 44.9173706], [16.2831771, 44.9173931], [16.2831838, 44.9174181], [16.2831872, 44.9174382], [16.2831922, 44.9174584], [16.2832039, 44.9174773], [16.283224, 44.9174963], [16.2832441, 44.9175141], [16.2832609, 44.9175307], [16.2832843, 44.9175533], [16.283301, 44.917571], [16.2833195, 44.9175912], [16.2833345, 44.917609], [16.2833496, 44.917628], [16.2833714, 44.9176434], [16.2834015, 44.9176588], [16.2834283, 44.9176742], [16.2834836, 44.9176979], [16.2835121, 44.9177086], [16.2835389, 44.9177157], [16.2835657, 44.9177145], [16.2835891, 44.9177062], [16.2836075, 44.917692], [16.2836209, 44.9176742], [16.283631, 44.9176564], [16.2836394, 44.9176386], [16.2836477, 44.9176161], [16.2836544, 44.9175936], [16.2836662, 44.9175734], [16.2836762, 44.9175533], [16.2836896, 44.9175355], [16.2837047, 44.9175189], [16.2837231, 44.9175046], [16.2837449, 44.9174928], [16.28377, 44.917488], [16.2838052, 44.9174857], [16.2838336, 44.9174857], [16.2839006, 44.9175082], [16.2839191, 44.9175236], [16.2839425, 44.9175343], [16.2839676, 44.9175449], [16.2839911, 44.9175533], [16.2840229, 44.9175568], [16.284053, 44.917558], [16.2840849, 44.9175568], [16.2841133, 44.9175509], [16.2841418, 44.9175378], [16.2841636, 44.9175236], [16.2841954, 44.9175094], [16.2842188, 44.9174999], [16.2842473, 44.917494], [16.2842758, 44.9174916], [16.2843026, 44.9174928], [16.2843311, 44.9174975], [16.2843629, 44.9175058], [16.2843897, 44.9175153], [16.2844131, 44.917526], [16.2844382, 44.9175378], [16.2844835, 44.9175627], [16.2845103, 44.9175782], [16.2845371, 44.9175924], [16.2845588, 44.9176042], [16.2845856, 44.9176161], [16.2846124, 44.9176268], [16.284666, 44.9176529], [16.2846945, 44.9176659], [16.2847179, 44.9176778], [16.2847431, 44.9176885], [16.2847715, 44.9177051], [16.2848, 44.9177205], [16.2848218, 44.9177335], [16.284867, 44.9177584], [16.2848904, 44.9177727], [16.2849122, 44.9177893], [16.2849306, 44.9178059], [16.2849491, 44.9178272], [16.2849625, 44.9178438], [16.2849742, 44.9178628], [16.2849825, 44.9178841], [16.2849892, 44.9179055], [16.2849993, 44.9179541], [16.2850026, 44.9179968], [16.2850026, 44.9180181], [16.285001, 44.9180419], [16.2849909, 44.9180857], [16.2849474, 44.9182292], [16.2849457, 44.9182494], [16.2849457, 44.918298], [16.2849507, 44.9183253], [16.2849658, 44.9183716], [16.2849742, 44.9183941], [16.2849909, 44.9184178], [16.2850026, 44.9184368], [16.2850144, 44.9184546], [16.285068, 44.9185186], [16.2850864, 44.918534], [16.2851048, 44.9185518], [16.2851249, 44.9185684], [16.28515, 44.9185838], [16.2851735, 44.9185957], [16.2852019, 44.9186088], [16.2852287, 44.9186194], [16.2852555, 44.9186277], [16.2852807, 44.918636], [16.2853091, 44.9186372], [16.2853376, 44.9186372], [16.2853661, 44.9186396], [16.2853929, 44.9186396], [16.2854297, 44.9186384], [16.2854582, 44.9186348], [16.285485, 44.9186301], [16.2855151, 44.9186277], [16.2855453, 44.9186277], [16.2855805, 44.9186313], [16.285619, 44.9186348], [16.2856525, 44.9186372], [16.2856809, 44.918642], [16.2857044, 44.9186503], [16.2857329, 44.9186609], [16.285758, 44.9186728], [16.2857814, 44.9186894], [16.2858015, 44.918706], [16.2858199, 44.9187202], [16.2858384, 44.9187428], [16.2858501, 44.9187665], [16.2858618, 44.9187855], [16.2858752, 44.9188127], [16.2858836, 44.9188388], [16.285892, 44.918859], [16.2859221, 44.9189159], [16.2859372, 44.9189349], [16.2859573, 44.9189527], [16.2859824, 44.9189633], [16.2860092, 44.918974], [16.2860343, 44.9189847], [16.2860561, 44.9190001], [16.2860779, 44.9190226], [16.2860829, 44.9190428], [16.2860846, 44.919063], [16.2860795, 44.9190831], [16.2860695, 44.9191021], [16.2860578, 44.9191211], [16.2860427, 44.9191436], [16.2860293, 44.9191626], [16.2860176, 44.9191816], [16.2860159, 44.9192053], [16.2860192, 44.9192266], [16.2860276, 44.9192492], [16.2860527, 44.9192919], [16.2860695, 44.9193096], [16.2860862, 44.9193298], [16.2861214, 44.9193618], [16.2861365, 44.9193784], [16.2861549, 44.9193998], [16.2861666, 44.9194199], [16.2861767, 44.9194401], [16.2861817, 44.9194603], [16.2861817, 44.9194816], [16.2861767, 44.9195018], [16.2861532, 44.919516], [16.2861248, 44.9195255], [16.2860946, 44.9195326], [16.2860645, 44.9195385], [16.2860393, 44.9195468], [16.2860126, 44.9195611], [16.2859925, 44.9195765], [16.2859774, 44.9195966], [16.2859673, 44.9196156], [16.2859606, 44.919637], [16.2859573, 44.9196796], [16.2859171, 44.9197437], [16.2859137, 44.9197876], [16.2859037, 44.9198101], [16.2858903, 44.9198291], [16.2858769, 44.9198492], [16.2858668, 44.9198694], [16.2858601, 44.9198896], [16.2858551, 44.9199121], [16.2858551, 44.9199334], [16.2858568, 44.9199595], [16.2858685, 44.9199785], [16.2858853, 44.9199987], [16.285907, 44.9200105], [16.2859338, 44.9200164], [16.2859623, 44.9200176], [16.2859925, 44.9200153], [16.2860192, 44.9200105], [16.2860477, 44.9200046], [16.2860728, 44.9199963], [16.2860996, 44.9199915], [16.2861281, 44.9199904], [16.2861549, 44.9199987], [16.2861767, 44.9200153], [16.2861851, 44.920039], [16.2861884, 44.9200615], [16.2861884, 44.9200817], [16.28618, 44.9201042], [16.2861683, 44.9201267], [16.2861566, 44.9201457], [16.2861365, 44.920186], [16.2861298, 44.9202086], [16.2861264, 44.9202299], [16.2861181, 44.9202489], [16.2861114, 44.9202702], [16.2861013, 44.9202928], [16.2860862, 44.9203117], [16.2860611, 44.9203283], [16.286036, 44.9203414], [16.2860109, 44.9203568], [16.2859992, 44.9203746], [16.2859958, 44.9204019], [16.2859992, 44.9204256], [16.2860142, 44.9204422], [16.286036, 44.9204564], [16.2860628, 44.9204635], [16.2860929, 44.9204671], [16.2861231, 44.9204718], [16.2861499, 44.9204754], [16.2862102, 44.9204754], [16.2862403, 44.9204813], [16.2862654, 44.920492], [16.2862872, 44.9205039], [16.2862989, 44.9205216], [16.2863626, 44.920556], [16.2863626, 44.9206011], [16.2863592, 44.9206236], [16.2863592, 44.9206687], [16.2863693, 44.9207126], [16.2863726, 44.9207351], [16.2863643, 44.9207576], [16.2863458, 44.9208015], [16.2863291, 44.9208288], [16.286319, 44.9208478], [16.2863073, 44.9208739], [16.2863006, 44.9208964], [16.2862956, 44.9209225], [16.2862939, 44.9209426], [16.2862939, 44.9209664], [16.2862989, 44.9209889], [16.2863023, 44.9210091], [16.2863056, 44.9210328], [16.2863107, 44.9210553], [16.286319, 44.9210778], [16.2863291, 44.9211016], [16.2863408, 44.9211229], [16.2863525, 44.9211431], [16.2863726, 44.921168], [16.2863894, 44.9211857], [16.2864078, 44.9212047], [16.2864229, 44.9212213], [16.2864463, 44.9212427], [16.2864698, 44.9212593], [16.2864949, 44.9212699], [16.286525, 44.9212771], [16.2865535, 44.9212818], [16.2865853, 44.9212877], [16.2866205, 44.9212865], [16.2866473, 44.9212806], [16.2866774, 44.9212735], [16.2867059, 44.9212664], [16.2867344, 44.9212581], [16.2867612, 44.9212474], [16.286788, 44.9212379], [16.2868114, 44.9212284], [16.2868366, 44.9212154], [16.28687, 44.9212024], [16.2869236, 44.9211822], [16.2869504, 44.9211739], [16.2869839, 44.9211656], [16.2870107, 44.9211597], [16.2870409, 44.9211561], [16.2870693, 44.9211549], [16.2870978, 44.9211549], [16.2871246, 44.9211561], [16.2871564, 44.921162], [16.2872167, 44.9211798], [16.2872419, 44.9211905], [16.2872653, 44.9212047], [16.2872871, 44.9212213], [16.2873005, 44.9212391], [16.2873122, 44.9212593], [16.2873088, 44.921283], [16.2873088, 44.9213067], [16.2873072, 44.9213304], [16.2872971, 44.9213553], [16.2872887, 44.9213779], [16.2872837, 44.9214004], [16.2872871, 44.9214206], [16.2873021, 44.9214478], [16.2873172, 44.9214692], [16.2873306, 44.9214905], [16.287339, 44.9215154], [16.2873407, 44.9215368], [16.287334, 44.9215605], [16.2873222, 44.9215795], [16.2873072, 44.9215961], [16.2872887, 44.921615], [16.287262, 44.9216554], [16.2872553, 44.9216767], [16.2872502, 44.9216981], [16.2872486, 44.9217206], [16.2872486, 44.9217917], [16.2872452, 44.9218143], [16.2872368, 44.9218404], [16.2872301, 44.9218676], [16.2872251, 44.9218913], [16.2872184, 44.9219174], [16.2872134, 44.92194], [16.2872067, 44.9219672], [16.2871983, 44.9219921], [16.2871916, 44.9220147], [16.2871832, 44.9220337], [16.2871715, 44.9220562], [16.2871581, 44.9220787], [16.2871246, 44.9221167], [16.2871095, 44.9221368], [16.2870928, 44.9221546], [16.2870811, 44.9221748], [16.2870677, 44.9221985], [16.2870593, 44.922221], [16.2870526, 44.9222424], [16.2870493, 44.9222661], [16.2870476, 44.922291], [16.2870476, 44.9223123], [16.287061, 44.9223325], [16.2870693, 44.9223538], [16.2870794, 44.922374], [16.2870844, 44.9223953], [16.2870861, 44.9224179], [16.2870844, 44.922438], [16.2870744, 44.9224594], [16.287061, 44.9224784], [16.2870426, 44.9224985], [16.2869739, 44.9225436], [16.2869672, 44.9225637], [16.2869622, 44.9225851], [16.2869622, 44.9226266], [16.2869655, 44.9226491], [16.2869722, 44.9226717], [16.2869772, 44.9226918], [16.2869806, 44.9227132], [16.2869823, 44.9227345], [16.2869806, 44.922757], [16.2869705, 44.9227784], [16.2869588, 44.9227997], [16.2869387, 44.9228175], [16.2869186, 44.9228341], [16.2868952, 44.9228495], [16.2868382, 44.9228815], [16.2868064, 44.9228958], [16.2867746, 44.9229088], [16.2867495, 44.9229195], [16.286731, 44.9229373], [16.2867176, 44.9229563], [16.2867042, 44.9229764], [16.2866925, 44.9229954], [16.2866875, 44.9230167], [16.2866858, 44.9230381], [16.2866892, 44.9230594], [16.2866992, 44.9230808], [16.2867059, 44.9231009], [16.2867143, 44.9231211], [16.286721, 44.9231424], [16.286726, 44.923165], [16.2867277, 44.9231863], [16.2867243, 44.92321], [16.2867193, 44.9232302], [16.286716, 44.9232503], [16.2867176, 44.9232741], [16.2867243, 44.9232942], [16.2867361, 44.9233132], [16.2867511, 44.9233334], [16.2867679, 44.92335], [16.2867846, 44.9233689], [16.2868131, 44.923395], [16.2868215, 44.9234152], [16.2868248, 44.9234389], [16.2868282, 44.9234804], [16.2868282, 44.9235029], [16.2868232, 44.9235231], [16.2868215, 44.9235456], [16.2868215, 44.9235705], [16.2868232, 44.9235966], [16.2868265, 44.923618], [16.2868332, 44.9236381], [16.2868433, 44.923663], [16.286855, 44.9236844], [16.2868633, 44.9237045], [16.2868885, 44.9237425], [16.2869052, 44.9237686], [16.2869169, 44.9237887], [16.286932, 44.9238124], [16.2869471, 44.9238385], [16.2869722, 44.9238765], [16.2869873, 44.9239026], [16.2869973, 44.9239239], [16.2870124, 44.92395], [16.2870225, 44.9239915], [16.2870308, 44.9240176], [16.2870359, 44.9240437], [16.2870359, 44.9240852], [16.2870325, 44.9241065], [16.2870225, 44.9241279], [16.2870158, 44.9241504], [16.2870074, 44.9241753], [16.2869689, 44.9242358], [16.2869638, 44.9242571], [16.2869605, 44.9242773], [16.2869571, 44.9242998], [16.2869555, 44.9243212], [16.2869521, 44.9243425], [16.2869521, 44.9243627], [16.2869504, 44.924384], [16.2869504, 44.9244054], [16.2869521, 44.9244255], [16.2869555, 44.9244504], [16.2869638, 44.9244729], [16.2869722, 44.9244931], [16.2869823, 44.9245133], [16.2869906, 44.924537], [16.2870007, 44.9245583], [16.2870107, 44.9245809], [16.2870191, 44.9246022], [16.2870275, 44.9246212], [16.2870375, 44.9246532], [16.2870426, 44.9246816], [16.2870476, 44.9247077], [16.2870476, 44.9247718], [16.2870426, 44.9247955], [16.2870409, 44.9248216], [16.2870308, 44.9248927], [16.2870292, 44.9249164], [16.2870258, 44.924939], [16.2870241, 44.9249627], [16.2870241, 44.9250089], [16.2870258, 44.9250303], [16.2870292, 44.9250931], [16.2870325, 44.9251133], [16.2870292, 44.9251334], [16.2870091, 44.9251749], [16.2870057, 44.9251963], [16.287004, 44.9252176], [16.2870057, 44.9252449], [16.2870091, 44.9252686], [16.2870191, 44.9253196], [16.2870241, 44.925341], [16.2870241, 44.9253836], [16.2870225, 44.925405], [16.2870158, 44.9254263], [16.2870074, 44.9254477], [16.2869923, 44.9254678], [16.2869538, 44.9255022], [16.286937, 44.92552], [16.2869169, 44.9255366], [16.2869019, 44.9255544], [16.2868918, 44.9255757], [16.2868885, 44.9256007], [16.2868851, 44.925622], [16.2868834, 44.9256433], [16.2868734, 44.9256635], [16.2868516, 44.9256813], [16.2868248, 44.9256943], [16.2867997, 44.925705], [16.2867729, 44.925718], [16.2867528, 44.9257358], [16.2867461, 44.9257572], [16.2867478, 44.9257797], [16.2867578, 44.9257975], [16.2867729, 44.9258177], [16.286788, 44.9258366], [16.2867997, 44.9258544], [16.2868165, 44.9258758], [16.2868399, 44.9259137], [16.2868483, 44.9259647], [16.2868583, 44.925986], [16.286865, 44.9260074], [16.286865, 44.9260489], [16.2868717, 44.9260702], [16.2868968, 44.9260833], [16.286927, 44.9260856], [16.2869555, 44.9260868], [16.286989, 44.9260928], [16.2870141, 44.9260999], [16.2870409, 44.926107], [16.287071, 44.9261153], [16.287128, 44.9261295], [16.2871631, 44.9261366], [16.2871916, 44.9261437], [16.2872201, 44.926152], [16.2872435, 44.9261627], [16.2872687, 44.9261698], [16.2873189, 44.9261817], [16.2873474, 44.9261864], [16.2873742, 44.9261935], [16.2873993, 44.9261995], [16.2874261, 44.9262054], [16.2874529, 44.9262125], [16.287478, 44.9262208], [16.2874998, 44.9262327], [16.2875199, 44.9262517], [16.2875349, 44.9262694], [16.2875467, 44.9262884], [16.2875584, 44.9263086], [16.2875684, 44.9263275], [16.2875751, 44.9263489], [16.2875768, 44.9263702], [16.2875768, 44.9263916], [16.2875735, 44.9264153], [16.2875668, 44.9264366], [16.2875651, 44.926458], [16.2875684, 44.9264793], [16.2875768, 44.9264995], [16.2875852, 44.9265185], [16.287612, 44.926554], [16.2876254, 44.9265706], [16.2876388, 44.9265896], [16.2876472, 44.9266098], [16.2876522, 44.9266299], [16.2876572, 44.9266536], [16.2876622, 44.9266738], [16.2876673, 44.9266987], [16.2876706, 44.9267188], [16.2876706, 44.9267639], [16.2876622, 44.9268303], [16.2876539, 44.9268493], [16.2876388, 44.9268671], [16.2876137, 44.9268789], [16.2875902, 44.9268932], [16.2875835, 44.9269145], [16.2875936, 44.9269347], [16.2876204, 44.9269453], [16.2876505, 44.9269477], [16.2876807, 44.9269477], [16.2877091, 44.9269465], [16.2877426, 44.9269465], [16.2877694, 44.9269524], [16.2877929, 44.9269679], [16.2878063, 44.9269904], [16.2878096, 44.9270117], [16.2878079, 44.9270331], [16.2877962, 44.9270509], [16.2877761, 44.9270698], [16.2877527, 44.9270829], [16.2877259, 44.9270924], [16.2876991, 44.9271007], [16.2876689, 44.927109], [16.2876405, 44.9271161], [16.287612, 44.9271279], [16.2875919, 44.9271445], [16.2875818, 44.9271647], [16.2875735, 44.9271849], [16.2875701, 44.9272086], [16.2875701, 44.9272311], [16.2875768, 44.9272513], [16.2875885, 44.9272702], [16.2876053, 44.9272904], [16.2876237, 44.9273058], [16.2876488, 44.9273224], [16.2876723, 44.9273343], [16.2877041, 44.9273461], [16.2877326, 44.9273544], [16.2877644, 44.9273615], [16.2878213, 44.9273734], [16.2878498, 44.9273758], [16.2878766, 44.927377], [16.2879034, 44.927377], [16.2879319, 44.9273758], [16.287962, 44.927371], [16.2879922, 44.9273639], [16.288019, 44.9273568], [16.2880441, 44.9273509], [16.2880709, 44.9273437], [16.2880977, 44.927339], [16.2881295, 44.9273331], [16.2881563, 44.9273295], [16.2881864, 44.9273271], [16.2882216, 44.9273248], [16.2882484, 44.9273248], [16.2882752, 44.927326], [16.288302, 44.9273295], [16.2883321, 44.9273343], [16.2883606, 44.9273402], [16.2883874, 44.9273473], [16.2884209, 44.9273532], [16.2884544, 44.9273568], [16.2884829, 44.927358], [16.2885448, 44.927358], [16.2885716, 44.927352], [16.2886587, 44.9273354], [16.2886872, 44.9273343], [16.2887174, 44.9273319], [16.2887609, 44.9273295], [16.288791, 44.927326], [16.2888195, 44.9273236], [16.2888915, 44.9273236], [16.2889535, 44.927339], [16.2890356, 44.9273651], [16.289059, 44.9273746], [16.2890892, 44.9273841], [16.2891143, 44.9273936], [16.2891428, 44.9273983], [16.2891746, 44.9273983], [16.2892047, 44.92739], [16.2892315, 44.9273805], [16.2892583, 44.9273734], [16.2892868, 44.9273663], [16.2893169, 44.9273592], [16.2893471, 44.927358], [16.2893789, 44.9273592], [16.289409, 44.9273639], [16.2894392, 44.927371], [16.289471, 44.9273746], [16.2894978, 44.9273758], [16.2895246, 44.9273734], [16.2895514, 44.9273675], [16.2895782, 44.9273603], [16.2896351, 44.9273437], [16.2896619, 44.9273343], [16.2896971, 44.9273248], [16.2897206, 44.9273165], [16.2897474, 44.9273094], [16.2897809, 44.9273022], [16.2898227, 44.9272987], [16.2898562, 44.9272963], [16.2898914, 44.9272951], [16.2899182, 44.9272951], [16.2899517, 44.9272999], [16.2900086, 44.927307], [16.2900421, 44.9273117], [16.2900706, 44.9273165], [16.2901007, 44.9273153], [16.2901275, 44.9273105], [16.2901594, 44.9273046], [16.2901862, 44.9272987], [16.290218, 44.9272904], [16.2902448, 44.9272762], [16.290295, 44.9272501], [16.2903201, 44.9272382], [16.2903419, 44.9272264], [16.290367, 44.9272074], [16.2903888, 44.9271943], [16.2904156, 44.9271813], [16.2904558, 44.9271671], [16.2904893, 44.92716], [16.2905194, 44.9271576], [16.2905496, 44.9271576], [16.2905797, 44.9271623], [16.2906116, 44.9271718], [16.2906367, 44.9271801], [16.2906635, 44.9271943], [16.2906852, 44.9272074], [16.2907037, 44.9272228], [16.2907238, 44.9272382], [16.2907472, 44.9272513], [16.2907707, 44.9272619], [16.2908008, 44.9272631], [16.2908326, 44.9272584], [16.2908661, 44.9272489], [16.2908912, 44.927243], [16.2909281, 44.9272287], [16.2909767, 44.927205], [16.2910018, 44.9271955], [16.2910303, 44.9271825], [16.2910604, 44.9271706], [16.2910905, 44.9271635], [16.2911207, 44.9271576], [16.2911475, 44.927154], [16.2911743, 44.9271493], [16.2911944, 44.9271351], [16.2912162, 44.9271208], [16.2912363, 44.9271066], [16.2912731, 44.9270758], [16.2912932, 44.927058], [16.2913083, 44.9270414], [16.291325, 44.9270271], [16.2913485, 44.9270117], [16.2913753, 44.9269999], [16.2914037, 44.9269939], [16.2914305, 44.926988], [16.2914607, 44.9269833], [16.2914891, 44.9269856], [16.2915226, 44.9269916], [16.2915545, 44.9270011], [16.2915846, 44.9270129], [16.2916131, 44.9270236], [16.2916365, 44.9270343], [16.29166, 44.9270461], [16.2916834, 44.9270604], [16.2917035, 44.927077], [16.2917236, 44.9270959], [16.291742, 44.9271137], [16.2917605, 44.9271327], [16.2917806, 44.9271493], [16.2918057, 44.9271623], [16.2918325, 44.9271706], [16.2919547, 44.9271706], [16.2919832, 44.927173], [16.2920067, 44.9271813], [16.2920268, 44.9271955], [16.2920435, 44.9272169], [16.2920603, 44.9272358], [16.2920737, 44.9272572], [16.2920904, 44.9272738], [16.2921172, 44.9272762], [16.2922646, 44.9272762], [16.2922931, 44.9272773], [16.2923232, 44.9272833], [16.29235, 44.9272916], [16.2923785, 44.9273046], [16.2923986, 44.9273188], [16.292412, 44.9273378], [16.2924237, 44.9273603], [16.2924304, 44.9273853], [16.2924522, 44.9274268], [16.2924488, 44.9274505], [16.2924488, 44.927473], [16.2924538, 44.9274932], [16.2924672, 44.9275121], [16.2924857, 44.9275275], [16.2925091, 44.9275406], [16.2925325, 44.9275524], [16.292561, 44.9275619], [16.2925845, 44.9275702], [16.2926079, 44.9275856], [16.2926263, 44.9276011], [16.2926397, 44.92762], [16.2926481, 44.9276402], [16.2926498, 44.9276603], [16.2926414, 44.9276793], [16.2926196, 44.9276971], [16.2925912, 44.9277078], [16.2925644, 44.9277173], [16.2925376, 44.9277279], [16.2925275, 44.9277469], [16.2925242, 44.927773], [16.2925242, 44.9277932], [16.2925342, 44.9278121], [16.2925493, 44.9278287], [16.2925727, 44.9278418], [16.2926012, 44.9278477], [16.2926314, 44.9278548], [16.2926598, 44.9278584], [16.2926866, 44.9278584], [16.2927185, 44.9278572], [16.2928139, 44.9278572], [16.2928407, 44.9278584], [16.2928725, 44.9278607], [16.292901, 44.9278655], [16.2929312, 44.9278738], [16.292968, 44.9278856], [16.2930249, 44.927907], [16.2930484, 44.9279188], [16.2930735, 44.9279319], [16.293097, 44.9279461], [16.2931706, 44.9279947], [16.2931924, 44.9280066], [16.293241, 44.9280386], [16.2932644, 44.9280576], [16.2932829, 44.9280742], [16.2933046, 44.9280943], [16.2933214, 44.9281109], [16.2933398, 44.9281275], [16.2933549, 44.9281441], [16.2933699, 44.9281678], [16.2933833, 44.9281868], [16.2933967, 44.928207], [16.2934068, 44.9282271], [16.2934168, 44.928252], [16.2934286, 44.928271], [16.2934554, 44.9283267], [16.2934537, 44.9283493], [16.2934487, 44.9283706], [16.2934403, 44.9283908], [16.2934319, 44.9284097], [16.2934168, 44.9284358], [16.2934018, 44.9284595], [16.2933884, 44.9284821], [16.2933699, 44.9285034], [16.2933549, 44.92852], [16.2933398, 44.9285414], [16.2933247, 44.9285603], [16.2932963, 44.928603], [16.2932845, 44.9286232], [16.2932762, 44.9286445], [16.2932728, 44.9286659], [16.2932728, 44.9287074], [16.2932778, 44.9287287], [16.2932896, 44.92875], [16.293313, 44.9287643], [16.2933365, 44.9287749], [16.2933632, 44.9287809], [16.2934269, 44.9287809], [16.2934554, 44.9287797], [16.2934822, 44.9287749], [16.2935307, 44.9287583], [16.2935592, 44.92875], [16.2935843, 44.9287417], [16.2936094, 44.9287346], [16.2936463, 44.9287287], [16.2936764, 44.9287228], [16.2937166, 44.928718], [16.2937434, 44.9287168], [16.2938054, 44.9287168], [16.2938355, 44.928718], [16.293869, 44.9287216], [16.2938992, 44.9287275], [16.2939293, 44.9287334], [16.2939545, 44.9287429], [16.2939746, 44.928756], [16.2939946, 44.9287714], [16.2940231, 44.9288093], [16.2940332, 44.9288295], [16.2940516, 44.9288698], [16.2940583, 44.9288911], [16.2940633, 44.9289149], [16.2940667, 44.9289386], [16.29407, 44.9289825], [16.29407, 44.9290038], [16.2940667, 44.9290251], [16.2940616, 44.9290465], [16.2940549, 44.929069], [16.2940499, 44.9290915], [16.2940365, 44.9291342], [16.2940332, 44.9291556], [16.2940332, 44.9291769], [16.2940399, 44.9291971], [16.2940516, 44.9292149], [16.294075, 44.9292338], [16.2941002, 44.9292469], [16.2941253, 44.9292552], [16.2941571, 44.9292611], [16.2941906, 44.9292635], [16.2942258, 44.9292635], [16.2942626, 44.9292647], [16.2942944, 44.9292647], [16.2943212, 44.929267], [16.2943799, 44.9292753], [16.2944133, 44.9292824], [16.2944669, 44.9293002], [16.2945004, 44.9293145], [16.2945256, 44.9293263], [16.294554, 44.9293429], [16.2945892, 44.9293654], [16.2946512, 44.9294129], [16.2946662, 44.9294295], [16.294678, 44.9294473], [16.2946964, 44.9294674], [16.2947131, 44.9294852], [16.2947299, 44.9295042], [16.2947567, 44.9295137], [16.2947835, 44.929516], [16.2948136, 44.9295125], [16.2948421, 44.9295077], [16.2948689, 44.9295018], [16.2949024, 44.9294947], [16.2949309, 44.9294864], [16.2949627, 44.9294816], [16.2949912, 44.9294805], [16.2950213, 44.9294805], [16.2950531, 44.9294852], [16.2950782, 44.9294923], [16.295105, 44.9295018], [16.2951385, 44.929516], [16.2951603, 44.9295279], [16.2951854, 44.9295421], [16.2952072, 44.9295552], [16.2952374, 44.9295729], [16.2952574, 44.9295884], [16.2953194, 44.9296121], [16.2953496, 44.9296263], [16.2953747, 44.9296358], [16.2954065, 44.9296441], [16.2954383, 44.92965], [16.2954685, 44.9296548], [16.2954969, 44.9296583], [16.2955639, 44.9296583], [16.2956025, 44.9296548], [16.295636, 44.9296536], [16.2956745, 44.9296524], [16.2957113, 44.9296524], [16.2957716, 44.9296571], [16.2957984, 44.9296631], [16.2958302, 44.9296725], [16.295857, 44.9296832], [16.2958855, 44.9296974], [16.2959106, 44.9297129], [16.2959324, 44.9297247], [16.2959575, 44.9297389], [16.2959944, 44.9297627], [16.2960128, 44.9297793], [16.2960346, 44.9298006], [16.2960563, 44.9298243], [16.2960697, 44.9298433], [16.2960798, 44.9298623], [16.2960848, 44.9298824], [16.2960865, 44.9299049], [16.2960798, 44.9299263], [16.2960681, 44.9299464], [16.2960547, 44.9299642], [16.2960379, 44.9299808], [16.2960195, 44.9299974], [16.2959977, 44.930014], [16.2959793, 44.930033], [16.2959625, 44.9300543], [16.2959475, 44.9300781], [16.2959391, 44.9300994], [16.2959307, 44.9301207], [16.295929, 44.9301421], [16.2959357, 44.9301634], [16.2959508, 44.93018], [16.2959726, 44.9301954], [16.295996, 44.9302073], [16.2960212, 44.9302168], [16.2960513, 44.9302203], [16.2960815, 44.930218], [16.2961099, 44.9302132], [16.2961384, 44.9302073], [16.2961635, 44.9302026], [16.2961903, 44.9301966], [16.2962205, 44.9301931], [16.2962489, 44.9301919], [16.2963075, 44.9301919], [16.2963343, 44.9301931], [16.2963628, 44.9302002], [16.2963879, 44.9302109], [16.2964114, 44.9302251], [16.2964281, 44.9302429], [16.2964449, 44.9302867], [16.2964516, 44.9303057], [16.2964566, 44.9303318], [16.2964566, 44.9303543], [16.2964533, 44.930378], [16.2964382, 44.9303994], [16.2964315, 44.9304207], [16.2964265, 44.9304444], [16.2964248, 44.9304705], [16.2964248, 44.9304942], [16.2964198, 44.9305168], [16.2964064, 44.9305393], [16.296393, 44.9305606], [16.2963779, 44.9305855], [16.2963695, 44.9306057], [16.2963561, 44.9306424], [16.2963544, 44.9306626], [16.2963611, 44.9306816], [16.2963779, 44.9307017], [16.296398, 44.9307171], [16.2964214, 44.930729], [16.2964516, 44.9307373], [16.2964817, 44.9307492], [16.2965085, 44.9307646], [16.2965253, 44.9307812], [16.2965403, 44.9308025], [16.2965504, 44.9308239], [16.2965571, 44.9308488], [16.2965604, 44.9308701], [16.2965604, 44.9309116], [16.2965554, 44.9309353], [16.296542, 44.9309602], [16.2965269, 44.9309827], [16.2965102, 44.9310029], [16.2964968, 44.9310231], [16.2964784, 44.9310408], [16.2964583, 44.9310646], [16.2964415, 44.9310859], [16.2964248, 44.9311037], [16.2964131, 44.9311274], [16.2964047, 44.9311464], [16.2963963, 44.9311736], [16.296393, 44.9311962], [16.296393, 44.9312175], [16.2963863, 44.9312436], [16.2963796, 44.9312637], [16.2963678, 44.9312863], [16.2963477, 44.9313005], [16.2963226, 44.9313135], [16.2962975, 44.931323], [16.2962707, 44.9313349], [16.2962456, 44.9313467], [16.2962221, 44.9313598], [16.2961953, 44.9313776], [16.2961769, 44.9313989], [16.2961669, 44.9314191], [16.296135, 44.9314712], [16.2961183, 44.9314938], [16.2961116, 44.9315151], [16.2961116, 44.9315353], [16.2961233, 44.9315566], [16.2961417, 44.9315756], [16.2961836, 44.9316064], [16.2962004, 44.9316242], [16.2962087, 44.9316432], [16.2962121, 44.9316657], [16.2962138, 44.931687], [16.2962171, 44.9317096], [16.2962322, 44.9317297], [16.296254, 44.9317499], [16.2962757, 44.9317641], [16.2962975, 44.931776], [16.2963193, 44.9317866], [16.2963427, 44.9318009], [16.2963628, 44.931821], [16.2963729, 44.9318424], [16.2963779, 44.9318649], [16.2963846, 44.931891], [16.2963896, 44.9319111], [16.2963946, 44.9319313], [16.2963946, 44.9319514], [16.2963963, 44.9319728], [16.2963829, 44.9319929], [16.2963595, 44.9320143], [16.2963461, 44.9320344], [16.2963327, 44.9320558], [16.2963293, 44.9320759], [16.2963377, 44.9320985], [16.2963494, 44.9321174], [16.2963729, 44.932134], [16.2963997, 44.9321435], [16.2964265, 44.9321459], [16.2964533, 44.9321471], [16.2964817, 44.9321506], [16.2965085, 44.9321589], [16.2965353, 44.9321708], [16.2965537, 44.9321874], [16.2965705, 44.9322099], [16.2965839, 44.9322324], [16.2965939, 44.9322514], [16.296599, 44.9322728], [16.296599, 44.9322941], [16.2965939, 44.932319], [16.2965856, 44.9323392], [16.2965705, 44.9323605], [16.2965504, 44.9323759], [16.2965253, 44.932389], [16.2964968, 44.9323949], [16.2964365, 44.9324067], [16.2964064, 44.9324091], [16.2963796, 44.9323996], [16.2963628, 44.932383], [16.2963477, 44.9323629], [16.296336, 44.9323451], [16.2963209, 44.9323226], [16.2963075, 44.9323024], [16.2962925, 44.9322834], [16.2962741, 44.932268], [16.296254, 44.9322538], [16.2962322, 44.9322407], [16.2962054, 44.9322289], [16.2961769, 44.932223], [16.2961484, 44.932217], [16.2961166, 44.9322158], [16.2960848, 44.9322218], [16.296058, 44.9322348], [16.2960362, 44.9322538], [16.2960178, 44.9322716], [16.2960027, 44.9322917], [16.2959944, 44.9323119], [16.2959893, 44.9323332], [16.295986, 44.9323534], [16.2959843, 44.9323747], [16.2959843, 44.9323973], [16.2959893, 44.9324198], [16.2960178, 44.932517], [16.2960178, 44.9325621], [16.2960195, 44.9325881], [16.2960212, 44.9326083], [16.2960245, 44.932632], [16.2960295, 44.9326545], [16.2960362, 44.9326854], [16.2960396, 44.9327079], [16.2960463, 44.9327328], [16.2960547, 44.9327541], [16.2960664, 44.9327767], [16.2960748, 44.9327968], [16.2960881, 44.9328217], [16.2960982, 44.9328395], [16.2961116, 44.9328573], [16.2961267, 44.9328751], [16.2961484, 44.9329012], [16.2961702, 44.9329225], [16.2961987, 44.9329403], [16.2962221, 44.9329521], [16.2962573, 44.9329593], [16.2962841, 44.932964], [16.2963142, 44.9329687], [16.296341, 44.9329735], [16.2963678, 44.9329806], [16.2964214, 44.9329972], [16.2964466, 44.9330079], [16.29647, 44.9330197], [16.2965018, 44.9330375], [16.2965219, 44.9330529], [16.2965403, 44.9330683], [16.2965571, 44.9330861], [16.2965671, 44.9331063], [16.2965772, 44.9331288], [16.2965805, 44.9331525], [16.2965805, 44.9332011], [16.2965738, 44.9332426], [16.2965521, 44.9332568], [16.2965253, 44.933264], [16.2965002, 44.9332746], [16.2964817, 44.9332924], [16.2964734, 44.9333138], [16.2964734, 44.9333363], [16.2964801, 44.9333576], [16.2964918, 44.9333766], [16.2965152, 44.9333908], [16.2965437, 44.9333956], [16.2965755, 44.9334003], [16.2966057, 44.9334015], [16.2966676, 44.9334015], [16.2966944, 44.9334027], [16.2967715, 44.9333932], [16.2967983, 44.9333991], [16.2968301, 44.9334039], [16.2968552, 44.9334098], [16.296887, 44.9334181], [16.2969172, 44.9334288], [16.2969406, 44.9334371], [16.2969657, 44.9334465], [16.2969858, 44.9334608], [16.2970043, 44.9334786], [16.2970177, 44.9334975], [16.2970244, 44.9335189], [16.2970378, 44.933539], [16.2970562, 44.9335544], [16.2970796, 44.9335651], [16.2971064, 44.9335758], [16.2971249, 44.9335924], [16.2971382, 44.9336114], [16.297155, 44.9336434], [16.2971768, 44.9336849], [16.2971969, 44.9337003], [16.2972186, 44.9337109], [16.2972505, 44.9337264], [16.2972756, 44.9337347], [16.2973024, 44.9337394], [16.2973342, 44.9337441], [16.2973627, 44.9337513], [16.2974146, 44.9337702], [16.2974431, 44.9337845], [16.2974749, 44.9338011], [16.2975184, 44.9338236], [16.2975419, 44.933839], [16.297562, 44.9338544], [16.297577, 44.9338722], [16.2975888, 44.9338912], [16.2975955, 44.9339125], [16.2975988, 44.9339362], [16.2976022, 44.9339564], [16.2976072, 44.9339789], [16.2976206, 44.9339979], [16.2976407, 44.9340145], [16.2976641, 44.934024], [16.2976893, 44.9340334], [16.2977177, 44.9340382], [16.2977479, 44.9340358], [16.2977797, 44.9340299], [16.2978082, 44.9340251], [16.297835, 44.9340204], [16.2978618, 44.9340204], [16.2978902, 44.9340216], [16.2979187, 44.9340263], [16.2979472, 44.9340334], [16.2979723, 44.9340417], [16.2979974, 44.9340536], [16.2980276, 44.9340654], [16.2980544, 44.9340773], [16.2980795, 44.9340868], [16.2981207, 44.9340927], [16.2981585, 44.9340994], [16.2982012, 44.9341044], [16.2982391, 44.9341095], [16.2982793, 44.9341111], [16.2983646, 44.9341111], [16.2984049, 44.9341095], [16.2984451, 44.9341061], [16.2984878, 44.9341011], [16.2985257, 44.934096], [16.2985612, 44.9340877], [16.2986015, 44.9340793], [16.2986394, 44.9340759], [16.2986796, 44.9340743], [16.2987199, 44.9340743], [16.2987578, 44.9340759], [16.2988099, 44.9340826], [16.2988502, 44.934086], [16.2988904, 44.934091], [16.2989331, 44.9340977], [16.2989781, 44.9341061], [16.2990136, 44.9341145], [16.2990491, 44.9341296], [16.2990752, 44.9341547], [16.2990917, 44.9341799], [16.2990799, 44.9342101], [16.2990562, 44.9342335], [16.2990207, 44.9342503], [16.2989828, 44.9342671], [16.2989473, 44.9342805], [16.2989117, 44.9342956], [16.2988809, 44.9343157], [16.2988596, 44.9343425], [16.2988549, 44.934371], [16.2988525, 44.9343995], [16.298862, 44.9344297], [16.2988762, 44.9344549], [16.2988999, 44.9344783], [16.2989307, 44.9344985], [16.2989662, 44.9345152], [16.2990017, 44.934527], [16.2990396, 44.9345337], [16.2990799, 44.9345353], [16.2991202, 44.9345353], [16.2991581, 44.9345337], [16.2992031, 44.9345253], [16.2992433, 44.9345186], [16.299286, 44.9345136], [16.299331, 44.9345102], [16.2993712, 44.9345052], [16.2994044, 44.9344901], [16.2994612, 44.9344532], [16.2995133, 44.9344096], [16.2995441, 44.9343895], [16.2995844, 44.9343777], [16.2996294, 44.9343694], [16.2996697, 44.9343643], [16.2997123, 44.934361], [16.2997526, 44.934361], [16.2997976, 44.9343576], [16.2998378, 44.9343559], [16.2998781, 44.9343526], [16.299916, 44.9343459], [16.2999492, 44.9343308], [16.3000249, 44.9343056], [16.3001031, 44.9342905], [16.300141, 44.9342855], [16.3001884, 44.9342755], [16.3002334, 44.9342637], [16.3002736, 44.9342419], [16.3003044, 44.9342252], [16.3003636, 44.9341832], [16.3003897, 44.9341614], [16.3004181, 44.9341413], [16.3004489, 44.9341212], [16.300475, 44.9341011], [16.3004939, 44.9340776], [16.3005152, 44.9340508], [16.3005413, 44.9340256], [16.3005792, 44.9340072], [16.3006218, 44.9340022], [16.3006692, 44.9340005], [16.3007094, 44.9340005], [16.3007545, 44.9340089], [16.3007947, 44.9340223], [16.3008279, 44.9340407], [16.3008634, 44.9340541], [16.3008989, 44.9340659], [16.3009818, 44.9340877], [16.3010221, 44.9340927], [16.3010624, 44.9340944], [16.3011168, 44.934091], [16.3011618, 44.9340826], [16.3012092, 44.9340776], [16.3014153, 44.9340843], [16.3014603, 44.934086], [16.3015076, 44.9340944], [16.3015834, 44.9341128], [16.301619, 44.9341229], [16.3016545, 44.9341363], [16.30169, 44.934148], [16.3017303, 44.9341564], [16.3017705, 44.9341598], [16.3018084, 44.9341581], [16.3018795, 44.9341363], [16.3019506, 44.9341061], [16.3019837, 44.934091], [16.3020263, 44.9340793], [16.3020666, 44.9340692], [16.3021116, 44.9340608], [16.3021519, 44.9340608], [16.3021945, 44.9340642], [16.3022348, 44.9340743], [16.302275, 44.9340877], [16.3023129, 44.9341028], [16.3023887, 44.9341296], [16.3024266, 44.9341413], [16.3024622, 44.9341547], [16.3025048, 44.9341614], [16.3026327, 44.9341665], [16.3026753, 44.9341631], [16.3027156, 44.9341631], [16.3027606, 44.9341665], [16.3027985, 44.9341681], [16.3028316, 44.9341832], [16.3028648, 44.9342034], [16.3028766, 44.9342302], [16.3028885, 44.934262], [16.3028909, 44.9342922], [16.3029003, 44.9343258], [16.3029193, 44.9343509], [16.3029453, 44.9343811], [16.3029714, 44.9344029], [16.303123, 44.9344649], [16.3031561, 44.93448], [16.3031846, 44.9344985], [16.3032225, 44.9345203], [16.3032556, 44.934537], [16.303284, 44.9345571], [16.3033101, 44.9345806], [16.3033314, 44.9346091], [16.3033456, 44.934636], [16.3033646, 44.9346628], [16.3033835, 44.9346913], [16.3034001, 44.9347181], [16.3034214, 44.9347433], [16.3034522, 44.9347634], [16.3034901, 44.9347768], [16.303528, 44.9347835], [16.3035683, 44.9347869], [16.3036962, 44.9347869], [16.3037388, 44.9347885], [16.3038193, 44.9347885], [16.3038643, 44.9347936], [16.3039046, 44.9348003], [16.3039425, 44.934807], [16.3039899, 44.9348237], [16.3040278, 44.9348372], [16.3040633, 44.9348506], [16.3040964, 44.9348623], [16.3041628, 44.9348925], [16.3041959, 44.9349093], [16.3042291, 44.9349227], [16.3042646, 44.9349327], [16.3043025, 44.9349428], [16.3043428, 44.9349478], [16.3043783, 44.9349361], [16.3044399, 44.9349042], [16.3044778, 44.9348875], [16.3045157, 44.9348841], [16.3045559, 44.9348824], [16.3046365, 44.9348824], [16.304672, 44.9348724], [16.3047123, 44.9348573], [16.304743, 44.9348439], [16.3048828, 44.9347181], [16.3051646, 44.9345806], [16.3056976, 44.9345739], [16.3060244, 44.9343593], [16.3060244, 44.9342922], [16.3060292, 44.9342637], [16.3060292, 44.9342101], [16.3060102, 44.9341849], [16.3059699, 44.9341933], [16.305932, 44.934205], [16.3059084, 44.9341832], [16.3058942, 44.9341564], [16.3058847, 44.9341262], [16.3058823, 44.9340977], [16.3058942, 44.9340709], [16.3059178, 44.9340457], [16.3059463, 44.9340239], [16.3059794, 44.9340089], [16.3060126, 44.9339921], [16.3060457, 44.9339787], [16.3060813, 44.9339586], [16.3061121, 44.9339401], [16.3061428, 44.93392], [16.3061736, 44.9338932], [16.3062044, 44.9338697], [16.3062281, 44.9338462], [16.3062589, 44.9338227], [16.3062921, 44.9338009], [16.3063276, 44.9337791], [16.3063584, 44.9337624], [16.3063939, 44.9337439], [16.3064271, 44.9337221], [16.3064626, 44.933702], [16.3064958, 44.9336852], [16.306555, 44.9336467], [16.3065834, 44.9336282], [16.3066094, 44.9336064], [16.3066355, 44.9335863], [16.3067847, 44.9335042], [16.3068131, 44.9334807], [16.3068439, 44.9334555], [16.3068771, 44.9334321], [16.3069031, 44.9334086], [16.3069529, 44.9333633], [16.3069813, 44.9333348], [16.3070074, 44.9333097], [16.3070287, 44.9332862], [16.30705, 44.933261], [16.3070737, 44.9332392], [16.3070926, 44.9332174], [16.3071163, 44.9331956], [16.3071424, 44.9331755], [16.3071803, 44.9331671], [16.3072205, 44.9331722], [16.3072561, 44.9331856], [16.3072892, 44.9332007], [16.30732, 44.9332174], [16.3073508, 44.9332459], [16.3073697, 44.9332728], [16.307384, 44.9332979], [16.30741, 44.9333248], [16.3074503, 44.9333398], [16.3074858, 44.9333482], [16.307564, 44.9333482], [16.3075995, 44.9333398], [16.307635, 44.9333264], [16.3077013, 44.9332929], [16.3077274, 44.9332728], [16.3077582, 44.9332459], [16.307789, 44.9332191], [16.307815, 44.9331973], [16.3078411, 44.9331722], [16.3078671, 44.9331504], [16.3078956, 44.9331286], [16.3079216, 44.9331084], [16.30795, 44.9330883], [16.3079785, 44.9330699], [16.3080164, 44.9330548], [16.3080519, 44.9330447], [16.3080874, 44.9330347], [16.3081111, 44.9330112], [16.3081206, 44.9329844], [16.3081253, 44.9329542], [16.3081277, 44.9329207], [16.3081277, 44.9327781], [16.3081348, 44.9327496], [16.3081656, 44.9327312], [16.3082058, 44.9327278], [16.3082485, 44.9327329], [16.3082864, 44.9327345], [16.3083266, 44.9327396], [16.3083669, 44.9327479], [16.3084095, 44.9327547], [16.3084474, 44.9327597], [16.3084853, 44.932763], [16.3085256, 44.932763], [16.3085635, 44.9327547], [16.3086109, 44.9327429], [16.3088335, 44.9326172], [16.3088667, 44.9326021], [16.3088974, 44.9325786], [16.3089188, 44.9325551], [16.3089353, 44.9325283], [16.3089543, 44.9325048], [16.3089732, 44.932478], [16.3089874, 44.9324528], [16.3089946, 44.9324243], [16.3089969, 44.9323958], [16.3089922, 44.9323673], [16.3089803, 44.9323388], [16.3089709, 44.9323103], [16.3089709, 44.9322516], [16.3089732, 44.9322214], [16.3089827, 44.9321913], [16.3089922, 44.9321661], [16.3090088, 44.9321393], [16.3090277, 44.9321124], [16.3090467, 44.9320873], [16.3090727, 44.9320672], [16.3091059, 44.9320504], [16.3091414, 44.932037], [16.3091769, 44.9320286], [16.3092551, 44.9320269], [16.3092954, 44.9320303], [16.3093333, 44.9320403], [16.3093711, 44.9320521], [16.3094114, 44.9320605], [16.309454, 44.9320672], [16.3094943, 44.9320739], [16.3095322, 44.9320772], [16.3095772, 44.9320772], [16.3096198, 44.9320705], [16.3096791, 44.932042], [16.3097051, 44.9320219], [16.3097335, 44.9319968], [16.3097596, 44.931975], [16.3097809, 44.9319498], [16.3097998, 44.9319213], [16.3098164, 44.9318961], [16.3098306, 44.9318676], [16.3098377, 44.9318375], [16.3098449, 44.9318089], [16.309852, 44.9317804], [16.3098543, 44.9317486], [16.3098638, 44.9316916], [16.3098662, 44.931658], [16.3098756, 44.9316262], [16.3098899, 44.9315977], [16.3099041, 44.9315725], [16.3099278, 44.931549], [16.3099585, 44.9315222], [16.3099893, 44.9315038], [16.3100178, 44.931482], [16.3100391, 44.9314585], [16.3100485, 44.93143], [16.3100509, 44.9314032], [16.3100509, 44.9313109], [16.3100533, 44.9312791], [16.3100651, 44.9312489], [16.3100841, 44.9312254], [16.3101172, 44.9312103], [16.3101599, 44.9312003], [16.3102001, 44.9311952], [16.3102404, 44.9311936], [16.310283, 44.9311835], [16.3103209, 44.9311718], [16.3103517, 44.9311567], [16.3104015, 44.9311148], [16.3104394, 44.931103], [16.3104796, 44.9310997], [16.3105223, 44.931098], [16.3105933, 44.9310913], [16.3106312, 44.9310829], [16.3106644, 44.9310695], [16.3106999, 44.9310527], [16.3107236, 44.9310309], [16.3107425, 44.9310058], [16.3107567, 44.9309789], [16.3107686, 44.9309521], [16.3107828, 44.9309253], [16.3108017, 44.9309001], [16.3108207, 44.930875], [16.3108254, 44.9308481], [16.3108136, 44.9308196], [16.3107946, 44.9307911], [16.3107757, 44.930766], [16.3107567, 44.9307391], [16.3107425, 44.9307123], [16.3111215, 44.930491], [16.3111475, 44.9304658], [16.3111618, 44.930439], [16.3111665, 44.9304105], [16.311157, 44.9303837], [16.3111404, 44.9303518], [16.3111215, 44.9303266], [16.3110931, 44.9303065], [16.3110552, 44.9302931], [16.3110196, 44.9302814], [16.3109391, 44.9302545], [16.3108988, 44.9302445], [16.3108633, 44.9302327], [16.3108278, 44.9302143], [16.3107923, 44.9301808], [16.3107875, 44.9301154], [16.3107875, 44.9300852], [16.3107733, 44.9300181], [16.3107591, 44.9299913], [16.3107236, 44.929941], [16.310707, 44.9299108], [16.3106904, 44.9298789], [16.3106833, 44.9298487], [16.3106857, 44.9298169], [16.3106975, 44.9297833], [16.3107141, 44.9297481], [16.310733, 44.9297196], [16.3107591, 44.9296978], [16.310797, 44.9296827], [16.3108325, 44.9296693], [16.3108988, 44.9296375], [16.3109249, 44.9296157], [16.310951, 44.9295872], [16.3109675, 44.929562], [16.3109841, 44.9295301], [16.3109912, 44.9294983], [16.3109912, 44.9294715], [16.3109936, 44.9294429], [16.3110031, 44.9293859], [16.3110196, 44.9293608], [16.3110339, 44.929334], [16.3110599, 44.9293105], [16.3110907, 44.929287], [16.3111286, 44.9292652], [16.3111594, 44.9292518], [16.3111949, 44.9292434], [16.3114152, 44.9292233], [16.3114483, 44.9292099], [16.3114791, 44.9291931], [16.3115123, 44.929178], [16.3115312, 44.9291545], [16.3115502, 44.929131], [16.3115715, 44.9291042], [16.3115857, 44.9290791], [16.3115976, 44.9290522], [16.311607, 44.9290221], [16.3116118, 44.92896], [16.3116094, 44.9289281], [16.3116023, 44.9288996], [16.3115881, 44.9288711], [16.3115715, 44.9288376], [16.3115549, 44.9288108], [16.3115407, 44.9287823], [16.3115123, 44.9287252], [16.3115005, 44.9286951], [16.3114981, 44.9286649], [16.3114981, 44.9286364], [16.3114957, 44.9286095], [16.3114791, 44.9285777], [16.3114554, 44.9285542], [16.3114365, 44.9285307], [16.3114128, 44.9285056], [16.3113891, 44.9284787], [16.3113654, 44.9284553], [16.3113441, 44.9284301], [16.3113275, 44.9284066], [16.3113157, 44.9283798], [16.311311, 44.9283479], [16.3113086, 44.9283194], [16.3113275, 44.9282943], [16.3113607, 44.9282792], [16.3113986, 44.9282708], [16.3114365, 44.9282708], [16.3114768, 44.9282691], [16.311517, 44.9282624], [16.3116591, 44.9282675], [16.311697, 44.9282557], [16.3117349, 44.928249], [16.3117728, 44.9282389], [16.311806, 44.9282222], [16.3118226, 44.9281987], [16.3118249, 44.9281685], [16.3118249, 44.92814], [16.3118131, 44.9281098], [16.3117965, 44.928083], [16.3117776, 44.9280578], [16.3117563, 44.9280327], [16.3117326, 44.9280092], [16.3117089, 44.9279757], [16.3116899, 44.9279488], [16.311671, 44.927922], [16.311652, 44.9278985], [16.3116331, 44.9278734], [16.311607, 44.9278482], [16.3115833, 44.9278197], [16.3115573, 44.9277929], [16.3115312, 44.9277661], [16.3115052, 44.9277426], [16.3114791, 44.9277124], [16.3114602, 44.9276856], [16.3114412, 44.9276571], [16.3114223, 44.9276252], [16.3114128, 44.9275933], [16.3114057, 44.9275648], [16.311401, 44.9275363], [16.3113986, 44.9275078], [16.3113962, 44.9274692], [16.3113962, 44.927434], [16.3113939, 44.9274055], [16.3113939, 44.9273737], [16.3113962, 44.9273452], [16.311401, 44.9273116], [16.3114081, 44.9272814], [16.3114152, 44.9272445], [16.3114247, 44.9272144], [16.3114365, 44.9271875], [16.3114507, 44.927149], [16.3114673, 44.9271238], [16.3114791, 44.927097], [16.3114957, 44.9270718], [16.3115407, 44.9270534], [16.3115715, 44.9270332], [16.311607, 44.9270182], [16.3116497, 44.9270114], [16.3116899, 44.9270031], [16.3117255, 44.9269896], [16.3117634, 44.9269779], [16.3117941, 44.9269628], [16.3118249, 44.9269393], [16.3118439, 44.9269175], [16.3118581, 44.9268907], [16.3118723, 44.9268639], [16.3118889, 44.9268354], [16.3119055, 44.9268102], [16.3119292, 44.9267834], [16.3119576, 44.9267649], [16.3120002, 44.9267448], [16.3120357, 44.9267331], [16.3120642, 44.9267113], [16.3120665, 44.9266828], [16.3120523, 44.9266543], [16.3120452, 44.9266258], [16.3120476, 44.9265972], [16.312076, 44.9265771], [16.3121139, 44.9265587], [16.3121447, 44.9265419], [16.3121826, 44.9265251], [16.312211, 44.9265033], [16.31223, 44.9264782], [16.3122489, 44.926453], [16.3122631, 44.9264245], [16.3122773, 44.9263994], [16.3122892, 44.9263725], [16.3123034, 44.9263491], [16.3123223, 44.9263205], [16.3124194, 44.9262501], [16.312436, 44.926225], [16.312455, 44.9261948], [16.3124668, 44.9261679], [16.3124763, 44.9261361], [16.3124787, 44.9261092], [16.3124834, 44.9260757], [16.3124858, 44.9260472], [16.3124858, 44.9260187], [16.3124976, 44.9259919], [16.3125165, 44.9259684], [16.312545, 44.9259365], [16.3126018, 44.9258963], [16.312635, 44.9258778], [16.3126658, 44.9258594], [16.3127013, 44.9258426], [16.3127368, 44.9258309], [16.3127747, 44.9258175], [16.312815, 44.9258091], [16.3128481, 44.925794], [16.3128789, 44.9257755], [16.3129074, 44.9257537], [16.312931, 44.9257303], [16.31295, 44.9257051], [16.3129618, 44.9256498], [16.3129666, 44.9256196], [16.3129713, 44.9255894], [16.3129713, 44.9255609], [16.3129618, 44.9255324], [16.3129287, 44.9254787], [16.3129097, 44.9254536], [16.3128908, 44.925425], [16.3128624, 44.9253999], [16.3128221, 44.9253882], [16.3127795, 44.9253898], [16.3127439, 44.9254083], [16.3127155, 44.9254284], [16.3126871, 44.9254485], [16.3126563, 44.925472], [16.3126231, 44.9254921], [16.3125805, 44.9254972], [16.3125355, 44.9254938], [16.3125, 44.9254804], [16.3124715, 44.9254603], [16.312455, 44.9254334], [16.3124479, 44.9254049], [16.3124479, 44.9253747], [16.3124502, 44.9253446], [16.3124644, 44.9253194], [16.3124834, 44.9252926], [16.3125071, 44.9252641], [16.3125379, 44.9252423], [16.3125734, 44.9252305], [16.3126089, 44.9252154], [16.3126326, 44.9251903], [16.3126421, 44.9251651], [16.3126492, 44.9251366], [16.3126492, 44.9251081], [16.3126468, 44.9250779], [16.3126421, 44.9250477], [16.3126326, 44.9250142], [16.3126231, 44.9249857], [16.312616, 44.9249572], [16.3126042, 44.9249303], [16.3125923, 44.9249018], [16.3125805, 44.92487], [16.3125687, 44.9248398], [16.3125521, 44.9248113], [16.312526, 44.9247861], [16.3124952, 44.9247643], [16.3124597, 44.9247492], [16.3124218, 44.9247375], [16.3123744, 44.9247257], [16.3123365, 44.9247157], [16.3122963, 44.9247056], [16.3122536, 44.9246972], [16.3122181, 44.9246821], [16.312185, 44.9246654], [16.3120499, 44.9246385], [16.3120168, 44.9246201], [16.3119884, 44.9246], [16.3119576, 44.9245815], [16.3119292, 44.9245614], [16.3118936, 44.9245379], [16.3118652, 44.9245161], [16.3118344, 44.924496], [16.3118013, 44.9244742], [16.3117705, 44.9244474], [16.3117041, 44.924397], [16.311671, 44.9243719], [16.3116165, 44.9243283], [16.3115905, 44.9243065], [16.3115312, 44.9242646], [16.3115028, 44.9242377], [16.3114815, 44.9242126], [16.3114697, 44.9241841], [16.3114626, 44.9241539], [16.3114436, 44.924127], [16.3114294, 44.9241002], [16.3114176, 44.9240734], [16.3114081, 44.9240415], [16.3114057, 44.924013], [16.3114081, 44.9239845], [16.3114223, 44.9239577], [16.3114412, 44.9239325], [16.3114649, 44.9239107], [16.3114886, 44.9238872], [16.3115123, 44.9238654], [16.3115383, 44.9238436], [16.3115644, 44.9238202], [16.3115928, 44.9238], [16.3116378, 44.92379], [16.3116781, 44.9237866], [16.3117207, 44.9237883], [16.3117634, 44.9237967], [16.3117989, 44.9238134], [16.3118155, 44.9238386], [16.3118178, 44.9238688], [16.311806, 44.9239007], [16.3117941, 44.9239308], [16.3117776, 44.9239593], [16.3117681, 44.9239879], [16.3117657, 44.9240164], [16.3117776, 44.9240449], [16.3118036, 44.9240667], [16.3118392, 44.9240767], [16.3118747, 44.9240851], [16.3119197, 44.9240868], [16.3119671, 44.9240851], [16.3120049, 44.9240767], [16.3120381, 44.924065], [16.3120689, 44.9240482], [16.3121281, 44.924008], [16.3121542, 44.9239895], [16.312185, 44.9239728], [16.3122181, 44.923961], [16.3122513, 44.9239493], [16.3122892, 44.9239342], [16.3123152, 44.9239141], [16.3123247, 44.9238856], [16.3123176, 44.923857], [16.312301, 44.9238302], [16.312275, 44.9238051], [16.3122347, 44.92379], [16.3122015, 44.9237732], [16.3121613, 44.9237531], [16.3121328, 44.9237296], [16.3121139, 44.9237044], [16.3120973, 44.9236776], [16.3120855, 44.9236474], [16.3120689, 44.9236223], [16.3120523, 44.9235971], [16.312031, 44.9235703], [16.3120026, 44.9235518], [16.3119623, 44.9235384], [16.3119149, 44.9235334], [16.3118676, 44.9235334], [16.3118273, 44.9235384], [16.3117799, 44.9235384], [16.3117373, 44.9235334], [16.3117041, 44.9235166], [16.3116734, 44.9234948], [16.3116568, 44.9234646], [16.3116449, 44.9234361], [16.3116402, 44.9234026], [16.3116378, 44.9233757], [16.3116378, 44.9233439], [16.3116479, 44.9233254], [16.3116544, 44.9233053], [16.311671, 44.9232801], [16.3117041, 44.9232651], [16.3117444, 44.923255], [16.3117823, 44.9232466], [16.3118155, 44.9232365], [16.3118486, 44.9232231], [16.3118794, 44.923208], [16.3119078, 44.9231913], [16.311941, 44.9231745], [16.3119647, 44.923151], [16.3119789, 44.9231275], [16.3119836, 44.923099], [16.3119813, 44.9230705], [16.3119647, 44.9230437], [16.3119363, 44.9230202], [16.3119078, 44.9229967], [16.3118984, 44.9229665], [16.3118984, 44.922938], [16.3121921, 44.9224483], [16.31214, 44.9224215], [16.3121257, 44.9223963], [16.3121115, 44.9223662], [16.3120973, 44.922336], [16.3120878, 44.9223075], [16.3120855, 44.9222739], [16.3120855, 44.9222454], [16.3120784, 44.9222135], [16.3120642, 44.9221834], [16.3120405, 44.9221548], [16.3119457, 44.9220911], [16.3119078, 44.9220676], [16.3118747, 44.9220442], [16.311832, 44.9220173], [16.3117989, 44.9219989], [16.3117657, 44.9219804], [16.3117184, 44.9219569], [16.3116757, 44.9219385], [16.3116378, 44.9219217], [16.3115999, 44.9219066], [16.3115336, 44.9218764], [16.3114507, 44.9218345], [16.3114199, 44.9218161], [16.3113844, 44.9217976], [16.3112802, 44.9217523], [16.3112399, 44.9217389], [16.3111641, 44.9217104], [16.3111286, 44.9216936], [16.3110978, 44.9216752], [16.3110765, 44.92165], [16.3110623, 44.9216232], [16.3110528, 44.9215662], [16.3110528, 44.9215125], [16.3110717, 44.921489], [16.3111073, 44.9214723], [16.3111404, 44.9214589], [16.3111854, 44.9214572], [16.3112257, 44.9214689], [16.311266, 44.9214823], [16.3112991, 44.9215008], [16.3113299, 44.9215226], [16.311356, 44.9215461], [16.3113844, 44.9215679], [16.3114152, 44.9215863], [16.3114578, 44.921588], [16.3114957, 44.921588], [16.3115407, 44.9215846], [16.3116118, 44.9215679], [16.3116473, 44.9215561], [16.3116757, 44.921536], [16.3117065, 44.9215108], [16.3117231, 44.921484], [16.3117326, 44.9214555], [16.3117278, 44.9214287], [16.3117041, 44.9214052], [16.3116639, 44.9213918], [16.3115881, 44.9213683], [16.3115573, 44.9213498], [16.3115336, 44.9213264], [16.3115218, 44.9212979], [16.311517, 44.9212643], [16.3115194, 44.9212375], [16.3115336, 44.9212123], [16.3115833, 44.9211687], [16.311626, 44.9211318], [16.3116497, 44.921105], [16.3116876, 44.921053], [16.3117018, 44.9210245], [16.3117113, 44.920996], [16.311716, 44.9209658], [16.3117207, 44.9209322], [16.3117207, 44.9209037], [16.3117113, 44.9208752], [16.311697, 44.9208484], [16.3116852, 44.9208199], [16.3116662, 44.920793], [16.3116497, 44.9207679], [16.3116331, 44.9207394], [16.3116165, 44.9207075], [16.3115976, 44.920679], [16.3115786, 44.9206505], [16.3115644, 44.9206237], [16.3115478, 44.9205951], [16.3115265, 44.9205683], [16.3115028, 44.9205465], [16.3114697, 44.9205297], [16.3113939, 44.9204979], [16.3113607, 44.9204794], [16.3113323, 44.9204593], [16.3113039, 44.9204375], [16.3112802, 44.9204157], [16.3112589, 44.9203939], [16.3112352, 44.9203687], [16.3110765, 44.9202564], [16.311041, 44.9202379], [16.3110054, 44.9202161], [16.3109699, 44.9201926], [16.3109391, 44.9201742], [16.3109012, 44.9201507], [16.3108681, 44.9201272], [16.3108302, 44.9201054], [16.3108017, 44.9200853], [16.3107733, 44.9200668], [16.3106999, 44.9200199], [16.3106596, 44.9200014], [16.3106241, 44.919988], [16.3105791, 44.919983], [16.3105365, 44.919983], [16.3105009, 44.9199947], [16.3104607, 44.9200048], [16.3104417, 44.9200316], [16.3104417, 44.9200601], [16.3104488, 44.9200887], [16.3104559, 44.9201188], [16.3104583, 44.9201474], [16.3104607, 44.9202077], [16.3104559, 44.9202379], [16.3104346, 44.9202631], [16.3103991, 44.9202765], [16.3103565, 44.9202815], [16.3103091, 44.9202782], [16.3102664, 44.9202715], [16.3102262, 44.9202564], [16.3101883, 44.9202413], [16.3101196, 44.9202111], [16.3100841, 44.9201876], [16.3100628, 44.9201641], [16.3100509, 44.9201356], [16.3100391, 44.9201088], [16.310032, 44.9200769], [16.3100201, 44.9200484], [16.3100035, 44.9200216], [16.3099656, 44.9200081], [16.3099254, 44.9200081], [16.3098827, 44.9200149], [16.3098449, 44.9200266], [16.309807, 44.9200383], [16.3097667, 44.9200417], [16.3097264, 44.9200417], [16.3096885, 44.9200333], [16.3096577, 44.9200149], [16.3096388, 44.9199847], [16.3096293, 44.9199562], [16.3096293, 44.9198941], [16.3096341, 44.9198656], [16.309653, 44.9198354], [16.3096767, 44.9198019], [16.3097004, 44.9197767], [16.3097359, 44.9197297], [16.3097572, 44.9197012], [16.3097762, 44.9196761], [16.3097927, 44.9196492], [16.3098212, 44.9195922], [16.3098449, 44.9195687], [16.3098662, 44.9195453], [16.3098875, 44.9195235], [16.3099206, 44.9195067], [16.3099538, 44.9194949], [16.309968, 44.9194698], [16.3099656, 44.9194396], [16.3099396, 44.9194195], [16.3099088, 44.919401], [16.3098449, 44.9193658], [16.3098117, 44.9193474], [16.3097833, 44.9193272], [16.3097525, 44.9192987], [16.3097406, 44.9192719], [16.3097335, 44.91924], [16.3097241, 44.919178], [16.3097122, 44.9191511], [16.309698, 44.9191243], [16.3096838, 44.9190991], [16.3096672, 44.9190689], [16.3096459, 44.9190421], [16.3096198, 44.919022], [16.3095772, 44.9190086], [16.3095346, 44.9190102], [16.3094896, 44.9190186], [16.309454, 44.9190304], [16.3094161, 44.9190471], [16.309383, 44.9190656], [16.309364, 44.9190958], [16.3093546, 44.9191276], [16.3093498, 44.9191562], [16.3093356, 44.9191847], [16.3093143, 44.9192081], [16.309293, 44.9192316], [16.3092456, 44.9192333], [16.3092054, 44.9192216], [16.3091698, 44.9192065], [16.309139, 44.919188], [16.3091153, 44.9191645], [16.309094, 44.9191394], [16.3090727, 44.9191142], [16.3090585, 44.9190891], [16.3090372, 44.9190622], [16.3090017, 44.9190102], [16.3089969, 44.9189784], [16.3090017, 44.9189499], [16.3090206, 44.9189247], [16.3090396, 44.9189012], [16.3090703, 44.9188828], [16.3091106, 44.9188694], [16.3091911, 44.9188593], [16.309229, 44.9188509], [16.3092717, 44.9188341], [16.3093048, 44.918819], [16.3093356, 44.918804], [16.309364, 44.9187821], [16.3093806, 44.9187587], [16.3093948, 44.9187285], [16.3094161, 44.9186983], [16.3094469, 44.9186094], [16.309454, 44.9185809], [16.3094588, 44.9185507], [16.3094588, 44.918492], [16.3094635, 44.9184517], [16.3094635, 44.9184232], [16.3094612, 44.918393], [16.3094588, 44.9183662], [16.309454, 44.9183394], [16.3094493, 44.9183075], [16.3094446, 44.918274], [16.3094327, 44.9182455], [16.3094233, 44.9182153], [16.3094114, 44.9181817], [16.3093948, 44.9181549], [16.3093806, 44.9181297], [16.3093522, 44.9181029], [16.3093214, 44.9180794], [16.3092835, 44.918071], [16.3092409, 44.9180693], [16.3091035, 44.9180693], [16.3090561, 44.9180744], [16.3090182, 44.9180844], [16.3089803, 44.9181029], [16.3089424, 44.9181213], [16.3089093, 44.9181448], [16.3088738, 44.9181582], [16.3088311, 44.9181599], [16.3087885, 44.9181499], [16.308753, 44.9181348], [16.3087174, 44.9181197], [16.3086843, 44.9181012], [16.3086535, 44.9180794], [16.3086203, 44.9180543], [16.3085895, 44.9180308], [16.3085635, 44.918009], [16.3085398, 44.9179855], [16.3085161, 44.9179637], [16.3084924, 44.9179419], [16.3084687, 44.9179201], [16.3084474, 44.9178932], [16.3084261, 44.9178681], [16.3084048, 44.9178429], [16.3083835, 44.9178194], [16.3083622, 44.9177909], [16.3083432, 44.9177641], [16.3083337, 44.9177373], [16.3083243, 44.9177104], [16.30831, 44.9176517], [16.3082982, 44.9176199], [16.3082911, 44.917588], [16.3082864, 44.9175578], [16.3082864, 44.9175293], [16.3082911, 44.9174991], [16.3083029, 44.9174672], [16.3083148, 44.9174387], [16.308329, 44.9174152], [16.3083432, 44.9173867], [16.3083598, 44.9173532], [16.3083764, 44.9173263], [16.3083953, 44.9173012], [16.3084119, 44.917271], [16.3084308, 44.9172475], [16.3084403, 44.9172106], [16.3084356, 44.9171821], [16.3084214, 44.9171569], [16.3084048, 44.9171284], [16.3084024, 44.9171016], [16.3083953, 44.9170731], [16.3083929, 44.9170395], [16.3084001, 44.9170127], [16.3084143, 44.9169842], [16.3084356, 44.916959], [16.3084569, 44.9169339], [16.3084806, 44.9169137], [16.3085114, 44.9168953], [16.3085469, 44.9168819], [16.3085872, 44.9168802], [16.3086298, 44.9168869], [16.3086724, 44.9168953], [16.3087151, 44.916897], [16.3087506, 44.9168903], [16.3087861, 44.9168785], [16.3088216, 44.9168634], [16.3088548, 44.9168433], [16.3088761, 44.9168181], [16.3088951, 44.916793], [16.308914, 44.9167645], [16.308933, 44.9167393], [16.3089519, 44.9167158], [16.3089685, 44.9166907], [16.3089898, 44.9166672], [16.3089993, 44.9166387], [16.3090017, 44.91658], [16.3089969, 44.9165498], [16.3089874, 44.9165213], [16.3089803, 44.9164877], [16.3089543, 44.9164307], [16.3089353, 44.9163988], [16.3089188, 44.916372], [16.3088524, 44.9163116], [16.3088288, 44.9162865], [16.308798, 44.916268], [16.3087624, 44.9162512], [16.3087293, 44.9162345], [16.3086322, 44.9161808], [16.3086085, 44.9161556], [16.3085895, 44.9161305], [16.3085848, 44.916102], [16.3085872, 44.9160735], [16.3086037, 44.9160466], [16.3086251, 44.9160215], [16.3086416, 44.9159946], [16.3086582, 44.9159695], [16.3086724, 44.9159443], [16.308689, 44.9159158], [16.3087056, 44.9158873], [16.3087151, 44.9158588], [16.3087245, 44.9158302], [16.3087269, 44.9158001], [16.3087245, 44.9157732], [16.3087151, 44.9157447], [16.308708, 44.9157179], [16.3086937, 44.9156877], [16.3086748, 44.9156592], [16.308644, 44.9156357], [16.3086085, 44.9156206], [16.3085777, 44.9156038], [16.3085516, 44.9155787], [16.3085398, 44.9155518], [16.3085351, 44.91552], [16.3085327, 44.9154898], [16.3085422, 44.9154579], [16.3085587, 44.9154327], [16.3085824, 44.9154109], [16.3086156, 44.9153942], [16.3086487, 44.9153774], [16.3086937, 44.9153807], [16.3088003, 44.9153321], [16.3088359, 44.9153187], [16.308869, 44.9153069], [16.3089022, 44.9152952], [16.3089377, 44.9152801], [16.3089685, 44.9152617], [16.3089969, 44.9152415], [16.3090206, 44.9152197], [16.3090372, 44.9151912], [16.3090467, 44.9151644], [16.3090538, 44.9151275], [16.3090585, 44.9150973], [16.3090609, 44.9150704], [16.3090609, 44.9150067], [16.3090538, 44.9149782], [16.3090514, 44.9149212], [16.3090656, 44.914896], [16.3090988, 44.9148809], [16.3091319, 44.9148708], [16.3091722, 44.9148675], [16.3092148, 44.9148675], [16.3092527, 44.9148725], [16.309293, 44.9148759], [16.3093309, 44.9148776], [16.309409, 44.9148776], [16.3094517, 44.9148759], [16.3094896, 44.9148675], [16.3095014, 44.9148423], [16.3095038, 44.9147585], [16.3094872, 44.9146998], [16.3094754, 44.9146746], [16.3094635, 44.9146478], [16.3094517, 44.9146209], [16.3094422, 44.9145924], [16.3094351, 44.9145639], [16.309428, 44.9145371], [16.3094209, 44.9145102], [16.3093759, 44.9144532], [16.3093617, 44.9144247], [16.3093333, 44.9144029], [16.3093001, 44.9143895], [16.3092575, 44.9143828], [16.3092077, 44.9143794], [16.3091651, 44.9143744], [16.3091225, 44.9143727], [16.3090774, 44.914366], [16.3090372, 44.9143576], [16.3089946, 44.9143492], [16.3089519, 44.9143391], [16.3088667, 44.9143324], [16.3088216, 44.9143257], [16.3087861, 44.9143106], [16.3087648, 44.9142871], [16.3087624, 44.9142603], [16.3087672, 44.9142318], [16.3087885, 44.9142066], [16.3088074, 44.9141815], [16.3088288, 44.9141597], [16.3088548, 44.9141379], [16.3088856, 44.9141094], [16.3089117, 44.9140875], [16.3089377, 44.9140607], [16.3089638, 44.9140389], [16.3089946, 44.9140221], [16.3090324, 44.9140054], [16.3090703, 44.9139953], [16.3091082, 44.9139886], [16.3091888, 44.9139852], [16.3092267, 44.9139752], [16.3092598, 44.9139584], [16.3092859, 44.9139366], [16.3092977, 44.9139081], [16.3093404, 44.9137974], [16.3093522, 44.9137705], [16.3093664, 44.9137471], [16.3093901, 44.9137252], [16.3094161, 44.9137051], [16.3094493, 44.91369], [16.3094825, 44.9136716], [16.3095038, 44.9136498], [16.3095251, 44.9136263], [16.3095464, 44.9136011], [16.309563, 44.9135743], [16.3095772, 44.9135491], [16.3095962, 44.9135189], [16.3096341, 44.9134686], [16.3096577, 44.9134367], [16.3096719, 44.9134133], [16.3096885, 44.9133848], [16.3097075, 44.9133579], [16.3097217, 44.9133311], [16.3097335, 44.9133059], [16.3097477, 44.9132808], [16.3097596, 44.9132539], [16.3097667, 44.9132254], [16.3097762, 44.9131952], [16.309788, 44.9131701], [16.3098046, 44.9131449], [16.3098283, 44.9131197], [16.3098614, 44.9130996], [16.3098899, 44.9130795], [16.3099041, 44.913051], [16.3099112, 44.9130224], [16.3099135, 44.9129906], [16.3099112, 44.9129637], [16.3099041, 44.9129302], [16.3099017, 44.9129], [16.3099041, 44.9128732], [16.309923, 44.912843], [16.3099443, 44.9128145], [16.3099633, 44.912791], [16.3099751, 44.9127658], [16.3099846, 44.9127323], [16.309987, 44.9127021], [16.309987, 44.9126736], [16.3099822, 44.9126434], [16.3099728, 44.9126149], [16.3099704, 44.9125863], [16.3099728, 44.9125595], [16.3099988, 44.9125092], [16.3100793, 44.9124605], [16.3101338, 44.9124186], [16.3101599, 44.9123968], [16.3101883, 44.9123783], [16.3102167, 44.9123565], [16.3102404, 44.9123347], [16.3102546, 44.9123113], [16.3102593, 44.9122794], [16.3102593, 44.9122475], [16.3102641, 44.912214], [16.3102688, 44.9121553], [16.3102546, 44.9121301], [16.310238, 44.9121066], [16.3102214, 44.9120781], [16.3102072, 44.9120513], [16.3101954, 44.9120211], [16.3101859, 44.9119942], [16.3101836, 44.9119657], [16.3101836, 44.9119053], [16.3101812, 44.9118718], [16.3101764, 44.9118416], [16.3101646, 44.9118131], [16.3101504, 44.9117577], [16.3101528, 44.9117309], [16.3101717, 44.9117057], [16.3101954, 44.9116789], [16.3102049, 44.9116537], [16.3102072, 44.9116235], [16.3102072, 44.911595], [16.3102096, 44.9115682], [16.3102191, 44.9115413], [16.3102309, 44.9115145], [16.3102309, 44.9114877], [16.310283, 44.9114843], [16.3102617, 44.9114189], [16.3102688, 44.9113887], [16.310283, 44.9113619], [16.3102996, 44.911335], [16.3103138, 44.9113048], [16.3103233, 44.911273], [16.3103304, 44.9112461], [16.3103351, 44.9112159], [16.3103351, 44.9111438], [16.3103304, 44.9111102], [16.3103233, 44.9110784], [16.3103091, 44.911023], [16.3103067, 44.9109912], [16.3103067, 44.9109006], [16.3103186, 44.9108721], [16.3103493, 44.9108536], [16.3103896, 44.9108637], [16.3104749, 44.9108804], [16.3105507, 44.9108838], [16.3105862, 44.9108721], [16.3106075, 44.9108469], [16.3106241, 44.9108234], [16.3106691, 44.910815], [16.3107117, 44.9108251], [16.3107567, 44.9108318], [16.3107994, 44.9108268], [16.3108278, 44.9108083], [16.3108609, 44.9107932], [16.3108988, 44.9107832], [16.3109367, 44.9107832], [16.3109746, 44.9107882], [16.3110173, 44.9107882], [16.3110552, 44.9107731], [16.3110836, 44.910753], [16.3111144, 44.9107261], [16.3111475, 44.9107093], [16.3111925, 44.910706], [16.3112731, 44.910706], [16.3113204, 44.9107127], [16.3113583, 44.9107228], [16.3114839, 44.9107513], [16.3115289, 44.9107563], [16.3115833, 44.910758], [16.3117563, 44.910758], [16.3117965, 44.9107513], [16.3118344, 44.9107463], [16.3118794, 44.9107463], [16.3119173, 44.9107479], [16.3119576, 44.910753], [16.3120002, 44.9107664], [16.3120405, 44.9107748], [16.3120736, 44.9107865], [16.3121092, 44.9107983], [16.3121494, 44.9107999], [16.3121873, 44.9107999], [16.3123105, 44.9108251], [16.3123531, 44.9108284], [16.3123981, 44.9108352], [16.3124384, 44.9108368], [16.3124787, 44.9108368], [16.3125118, 44.9108217], [16.3125308, 44.9107966], [16.3125544, 44.9107748], [16.31259, 44.9107597], [16.3126137, 44.9107379], [16.3126326, 44.9107144], [16.3126468, 44.9106892], [16.3126516, 44.9106624], [16.3126634, 44.9106372], [16.3126989, 44.9106238], [16.3127439, 44.9106238], [16.3127818, 44.9106255], [16.3128221, 44.9106305], [16.3128671, 44.9106339], [16.31295, 44.9106439], [16.3129903, 44.9106473], [16.3130424, 44.9106557], [16.3130779, 44.9106674], [16.3131016, 44.9106909], [16.3131158, 44.9107177], [16.3131158, 44.9107764], [16.3131276, 44.9108033], [16.3131655, 44.91081], [16.3132105, 44.91081], [16.3132674, 44.9108117], [16.3133242, 44.910815], [16.3133645, 44.9108184], [16.3134071, 44.9108234], [16.3134545, 44.9108284], [16.3135374, 44.9108385], [16.3135824, 44.9108452], [16.3136227, 44.9108536], [16.3136629, 44.9108603], [16.3137032, 44.9108637], [16.3137411, 44.9108653], [16.3137861, 44.9108687], [16.3139756, 44.9108687], [16.3140158, 44.910867], [16.3141745, 44.910867], [16.3142195, 44.9108637], [16.3142598, 44.9108553], [16.3142977, 44.9108435], [16.3143143, 44.9108167], [16.3143143, 44.9107513], [16.3143214, 44.9107228], [16.3143498, 44.9107026], [16.3143806, 44.9106875], [16.3143995, 44.9106557], [16.314409, 44.9106238], [16.3144256, 44.9105903], [16.3144351, 44.9105617], [16.3144422, 44.9105349], [16.3144564, 44.9104997], [16.3144635, 44.9104728], [16.314473, 44.9104124], [16.3144753, 44.9103839], [16.3144824, 44.9103554], [16.3145014, 44.9103286], [16.3145369, 44.9103135], [16.3145866, 44.9103084], [16.3146245, 44.9103051], [16.3146577, 44.9102866], [16.3146909, 44.9102615], [16.314743, 44.9102447], [16.3147832, 44.9102514], [16.3148235, 44.9102548], [16.3148638, 44.9102548], [16.3149017, 44.910243], [16.3149182, 44.9102179], [16.3149419, 44.9101961], [16.3149822, 44.910191], [16.3150224, 44.9101893], [16.3150627, 44.9101826], [16.3150982, 44.9101659], [16.3151314, 44.9101474], [16.3151693, 44.9101256], [16.3152025, 44.9101055], [16.3152617, 44.9100602], [16.3152759, 44.910035], [16.3152901, 44.9100032], [16.3153114, 44.9099763], [16.3153375, 44.9099562], [16.3153801, 44.9099394], [16.3154204, 44.909931], [16.3154583, 44.9099243], [16.3155009, 44.9099193], [16.3155412, 44.9099176], [16.3155814, 44.9099143], [16.3156193, 44.9099008], [16.3156477, 44.9098807], [16.3156738, 44.9098555], [16.3157377, 44.9098103], [16.3157733, 44.9097918], [16.3158112, 44.9097801], [16.3158467, 44.9097717], [16.315887, 44.9097666], [16.315932, 44.9097616], [16.3159699, 44.9097566], [16.3160054, 44.9097465], [16.3160338, 44.9097281], [16.3160622, 44.9097079], [16.3160859, 44.9096844], [16.3161143, 44.9096643], [16.3161522, 44.9096425], [16.3161901, 44.909619], [16.3162233, 44.9096039], [16.3162636, 44.9095922], [16.3162967, 44.9095821], [16.3163322, 44.9095704], [16.3163701, 44.9095603], [16.3164672, 44.9095385], [16.316498, 44.9095217], [16.3165099, 44.9094966], [16.3165454, 44.9094798], [16.316588, 44.9094697], [16.316633, 44.909463], [16.3166733, 44.909453], [16.3167088, 44.9094395], [16.3167349, 44.9094177], [16.3167633, 44.9093926], [16.316787, 44.9093674], [16.3168083, 44.9093439], [16.3168604, 44.9093003], [16.3168841, 44.9092751], [16.3169054, 44.90925], [16.3169267, 44.9092265], [16.3169504, 44.9092047], [16.316986, 44.909193], [16.3170262, 44.9091879], [16.3170641, 44.9092013], [16.3170854, 44.9092248], [16.317121, 44.9092366], [16.3171589, 44.9092332], [16.3171849, 44.9092097], [16.3172133, 44.9091896], [16.3172536, 44.9091829], [16.3172986, 44.909193], [16.3173389, 44.9091997], [16.3173862, 44.9092047], [16.3174265, 44.9092064], [16.3174644, 44.9091963], [16.3175023, 44.9091795], [16.3175378, 44.9091678], [16.3175805, 44.9091577], [16.3176207, 44.9091544], [16.3176634, 44.9091594], [16.3177036, 44.9091611], [16.3177415, 44.9091493], [16.3177723, 44.9091359], [16.3178102, 44.9091292], [16.317841, 44.9091477], [16.3178576, 44.9091745], [16.3178978, 44.9091829], [16.3179286, 44.9091661], [16.3179642, 44.909156], [16.3179997, 44.9091661], [16.3180328, 44.9091862], [16.3180636, 44.9092013], [16.3180992, 44.9092148], [16.3181157, 44.9092399], [16.3181323, 44.9092668], [16.3181702, 44.9092751], [16.318471, 44.9093389], [16.318516, 44.9093557], [16.3185658, 44.9093641], [16.3186084, 44.9093691], [16.3186463, 44.9093724], [16.3186866, 44.9093724], [16.3187268, 44.9093691], [16.3187671, 44.9093641], [16.3188026, 44.9093741], [16.3188334, 44.9093926], [16.3188618, 44.9094161], [16.3188997, 44.9094311], [16.3189376, 44.9094328], [16.3189826, 44.9094261], [16.3190205, 44.9094261], [16.3191034, 44.9094446], [16.3191413, 44.9094546], [16.3191887, 44.909463], [16.319274, 44.9094764], [16.3193166, 44.9094848], [16.3193663, 44.9094882], [16.319409, 44.9094899], [16.3194492, 44.9094932], [16.3194871, 44.9095033], [16.3195345, 44.9095117], [16.3196198, 44.9095284], [16.3196577, 44.9095402], [16.3196932, 44.9095502], [16.3197334, 44.9095586], [16.3197737, 44.9095586], [16.319814, 44.9095519], [16.3198566, 44.9095435], [16.3198945, 44.9095352], [16.31993, 44.9095268], [16.3199679, 44.9095184], [16.3200082, 44.909515], [16.3200508, 44.909515], [16.3200911, 44.9095184], [16.320129, 44.9095268], [16.3202285, 44.9095721], [16.320264, 44.9095922], [16.3203019, 44.9096039], [16.3203374, 44.9096157], [16.3203729, 44.9096291], [16.3204085, 44.9096408], [16.3204464, 44.9096509], [16.3204937, 44.9096542], [16.3206216, 44.9096542], [16.3206666, 44.9096559], [16.3207093, 44.909661], [16.3207495, 44.9096643], [16.3207874, 44.9096677], [16.3208277, 44.9096727], [16.3208727, 44.9096761], [16.3209106, 44.9096777], [16.3209532, 44.9096811], [16.321003, 44.9096844], [16.3210456, 44.9096895], [16.3210859, 44.9096912], [16.3211332, 44.9096945], [16.321183, 44.9096979], [16.3212256, 44.9097012], [16.3213085, 44.9097046], [16.3213488, 44.9097096], [16.3213867, 44.9097113], [16.3214412, 44.9097146], [16.321479, 44.909718], [16.3215217, 44.909723], [16.3215596, 44.9097281], [16.3215998, 44.9097348], [16.321678, 44.9097448], [16.3217159, 44.9097515], [16.3217562, 44.9097583], [16.322578, 44.9100686], [16.3226183, 44.910082], [16.3228125, 44.9101877], [16.3249229, 44.9097566], [16.3249489, 44.9097968], [16.3252355, 44.9097448], [16.3256311, 44.9095838], [16.3258348, 44.9095536], [16.326029, 44.9095855], [16.3262114, 44.9096744], [16.326634, 44.9093674], [16.326979, 44.9092049], [16.3271498, 44.909091], [16.3273052, 44.9088746], [16.3274118, 44.9088008], [16.3275326, 44.9087471], [16.3277339, 44.9085575], [16.32767, 44.9083076], [16.327741, 44.908066], [16.327831, 44.9079822], [16.328461, 44.9081113], [16.3286932, 44.9078865], [16.3287926, 44.9076215], [16.3289087, 44.9074437], [16.3292142, 44.9069505], [16.3295885, 44.9065261], [16.3299316, 44.9065574], [16.3301664, 44.9065059], [16.3306638, 44.9066032], [16.3307736, 44.9065694], [16.3309954, 44.906412], [16.3312512, 44.9064003], [16.331597, 44.9064388], [16.3316893, 44.9064204], [16.3319167, 44.9064607], [16.3320707, 44.9064523], [16.3322531, 44.9064727], [16.3325633, 44.9064674], [16.3328215, 44.9064942], [16.332966, 44.9065227], [16.3330726, 44.9065076], [16.3332455, 44.9064355], [16.3333355, 44.9064237], [16.3338115, 44.9063365], [16.3340602, 44.9063751], [16.3342497, 44.9064539], [16.3344984, 44.9066133], [16.3355761, 44.9070126], [16.3356614, 44.9069991], [16.3359408, 44.9070428], [16.3360095, 44.9070746], [16.3360498, 44.907078], [16.3360806, 44.9070579], [16.3365944, 44.9071261], [16.3366726, 44.9071754], [16.3365746, 44.9072951], [16.3366081, 44.9073668], [16.3366677, 44.9074266], [16.337099, 44.9075815], [16.3374244, 44.9076302], [16.3376364, 44.907553], [16.3377597, 44.9074735], [16.3379397, 44.9073479], [16.3380299, 44.9073061], [16.338127, 44.9073263], [16.3386599, 44.9076483], [16.3387499, 44.9077339], [16.3392828, 44.9080207], [16.3393918, 44.9080996], [16.3395031, 44.9082673], [16.3396334, 44.9083478], [16.3396867, 44.908402], [16.3397494, 44.9084368], [16.3399934, 44.9085273], [16.3400739, 44.908784], [16.3401348, 44.9088766], [16.3403297, 44.9090071], [16.3407632, 44.9095657], [16.3407916, 44.9096848], [16.3406897, 44.9100085], [16.3407347, 44.9101696], [16.3407985, 44.910467], [16.3408559, 44.9105336], [16.3409337, 44.9105621], [16.3409892, 44.9106079], [16.3409976, 44.9106627], [16.3410403, 44.9107634], [16.3410521, 44.9109076], [16.3409645, 44.911067], [16.3409266, 44.9110988], [16.3409669, 44.9111676], [16.3410095, 44.9111961], [16.3411161, 44.9112012], [16.341135, 44.9112263], [16.3411469, 44.9112532], [16.3411516, 44.911285], [16.3411516, 44.9113136], [16.3411327, 44.9113421], [16.3410995, 44.9113605], [16.3410592, 44.9113723], [16.3410213, 44.9113806], [16.3410166, 44.9114092], [16.3410284, 44.911436], [16.3410592, 44.9114578], [16.3410971, 44.9114679], [16.341135, 44.9114763], [16.3411705, 44.911493], [16.3411919, 44.9115182], [16.341199, 44.9115467], [16.3412061, 44.9115786], [16.3412132, 44.9116088], [16.3412345, 44.9116323], [16.3412677, 44.9116474], [16.3413008, 44.9116339], [16.3413103, 44.9116071], [16.3413245, 44.9115836], [16.3413624, 44.9115803], [16.3414003, 44.9115937], [16.3414098, 44.9116205], [16.3413979, 44.9116474], [16.3413837, 44.9116759], [16.341379, 44.9117044], [16.3413813, 44.9117346], [16.3413908, 44.9117631], [16.3414003, 44.9117916], [16.3414003, 44.9118218], [16.3413979, 44.9118503], [16.3413908, 44.9118822], [16.3413837, 44.9119107], [16.3413719, 44.9119375], [16.34136, 44.9119661], [16.3413577, 44.9119946], [16.3413648, 44.9120281], [16.3413908, 44.9120533], [16.3414335, 44.9120633], [16.3414714, 44.9120667], [16.3415069, 44.9120768], [16.3415377, 44.9120969], [16.3415471, 44.9121237], [16.3415614, 44.9121506], [16.3415945, 44.9121673], [16.3416348, 44.9121673], [16.3416679, 44.9121506], [16.3416893, 44.9121271], [16.3417011, 44.9121019], [16.3417129, 44.9120734], [16.3417319, 44.9120482], [16.3417674, 44.9120382], [16.3418077, 44.9120415], [16.3418479, 44.9120466], [16.3418882, 44.912055], [16.3419261, 44.9120617], [16.3419616, 44.9120717], [16.3419948, 44.9120835], [16.3420114, 44.9121103], [16.3419948, 44.9121355], [16.3419735, 44.9121606], [16.3419664, 44.9121891], [16.341983, 44.9122143], [16.3420161, 44.9122311], [16.3420919, 44.9122361], [16.3421369, 44.9122294], [16.3421701, 44.9122143], [16.3421914, 44.9121925], [16.3421938, 44.9121623], [16.3421938, 44.9121321], [16.3421843, 44.9121036], [16.3421843, 44.9120751], [16.3422245, 44.9120801], [16.3422388, 44.9121086], [16.3422648, 44.9121304], [16.342298, 44.9121153], [16.3423382, 44.912112], [16.3423453, 44.9121405], [16.3423359, 44.912169], [16.3423548, 44.9121942], [16.3423974, 44.9122009], [16.342433, 44.9122109], [16.3424638, 44.9122294], [16.3424874, 44.9122546], [16.3425135, 44.9122797], [16.3425325, 44.9123049], [16.342549, 44.91233], [16.3425656, 44.9123569], [16.3426296, 44.9124575], [16.3426367, 44.912486], [16.3426627, 44.9125112], [16.342703, 44.9125296], [16.3427409, 44.912538], [16.3427835, 44.9125397], [16.3428238, 44.912538], [16.3428617, 44.9125313], [16.3428996, 44.9125229], [16.3429422, 44.9125179], [16.3429919, 44.9125146], [16.3430322, 44.9125146], [16.3430677, 44.9125296], [16.3430938, 44.9125515], [16.343127, 44.9125682], [16.3431648, 44.9125749], [16.3432051, 44.9125783], [16.343243, 44.9125783], [16.343288, 44.9125749], [16.3433259, 44.9125682], [16.3433638, 44.9125632], [16.3434064, 44.9125649], [16.3434443, 44.9125816], [16.3434822, 44.9126068], [16.3435083, 44.9126303], [16.343532, 44.9126554], [16.3435462, 44.9126823], [16.3435628, 44.9127108], [16.3435675, 44.912741], [16.3435651, 44.9127712], [16.3435557, 44.9128014], [16.3435414, 44.9128332], [16.343532, 44.9128651], [16.3435249, 44.912897], [16.3435225, 44.9129289], [16.3435296, 44.9129574], [16.3435485, 44.9129859], [16.3435722, 44.9130144], [16.3435983, 44.9130379], [16.3436267, 44.9130597], [16.3436599, 44.9130765], [16.3437404, 44.9131033], [16.3437783, 44.9131167], [16.3438186, 44.9131217], [16.3438565, 44.9131234], [16.3438991, 44.9131184], [16.3439323, 44.9131033], [16.343963, 44.9130848], [16.3439867, 44.913063], [16.3440246, 44.9130463], [16.3440673, 44.9130446], [16.3441146, 44.9130496], [16.3442473, 44.9130949], [16.3442828, 44.913105], [16.3443231, 44.9131184], [16.3443586, 44.9131318], [16.3443965, 44.9131452], [16.344432, 44.9131587], [16.3444699, 44.9131721], [16.3445102, 44.9131838], [16.3445504, 44.9131888], [16.3445931, 44.9131888], [16.3446333, 44.9131838], [16.3446807, 44.9131821], [16.344721, 44.9131905], [16.3447683, 44.9132039], [16.3448086, 44.9132174], [16.3448465, 44.9132325], [16.344882, 44.9132408], [16.3449199, 44.9132442], [16.3449602, 44.9132408], [16.3450028, 44.9132392], [16.345107, 44.9132392], [16.3451568, 44.9132408], [16.3451994, 44.9132459], [16.3452397, 44.9132509], [16.3452847, 44.9132576], [16.3453202, 44.9132694], [16.3453581, 44.9132777], [16.345396, 44.9132861], [16.3454363, 44.9132979], [16.345486, 44.9133113], [16.3455239, 44.9133197], [16.3455713, 44.9133264], [16.3456257, 44.9133314], [16.3456636, 44.9133314], [16.3457086, 44.9133331], [16.3457513, 44.9133364], [16.3458318, 44.9133398], [16.3458721, 44.9133398], [16.3459313, 44.9133415], [16.3459763, 44.9133415], [16.3460142, 44.9133432], [16.3460687, 44.9133448], [16.3461089, 44.9133566], [16.3461445, 44.91337], [16.3462108, 44.9134103], [16.3462416, 44.913427], [16.3463363, 44.9134706], [16.3463742, 44.9134841], [16.3464121, 44.9134891], [16.3464524, 44.9134908], [16.3464926, 44.9134857], [16.3465282, 44.913469], [16.3465589, 44.9134455], [16.346585, 44.9134237], [16.3466111, 44.9134035], [16.3466371, 44.9133817], [16.3467058, 44.9133432], [16.3467342, 44.913323], [16.346765, 44.9133046], [16.3467982, 44.9132895], [16.3468337, 44.9132761], [16.3468716, 44.913271], [16.3469119, 44.913271], [16.3469521, 44.9132777], [16.3469876, 44.9132895], [16.3470232, 44.9133012], [16.3470563, 44.9133214], [16.3470871, 44.9133381], [16.3471227, 44.9133482], [16.3471629, 44.9133532], [16.3472032, 44.9133566], [16.3472861, 44.9133566], [16.347324, 44.9133532], [16.3473619, 44.9133482], [16.3474021, 44.9133448], [16.34744, 44.9133465], [16.3474921, 44.9133499], [16.3475443, 44.9133599], [16.3475845, 44.913365], [16.3476248, 44.9133666], [16.347665, 44.91337], [16.3477029, 44.9133784], [16.3477408, 44.9133901], [16.3477693, 44.9134119], [16.3477977, 44.9134321], [16.3478166, 44.9134555], [16.3478427, 44.9134841], [16.3478735, 44.9135025], [16.3479066, 44.913521], [16.3479445, 44.9135327], [16.3479872, 44.9135444], [16.3480274, 44.9135562], [16.3480677, 44.9135612], [16.3481056, 44.9135679], [16.3481459, 44.9135746], [16.3481932, 44.9135746], [16.3484159, 44.9135595], [16.3484632, 44.9135763], [16.3485082, 44.9135981], [16.3485414, 44.9136132], [16.3485793, 44.9136249], [16.3486196, 44.9136283], [16.3486693, 44.9136333], [16.3487119, 44.91364], [16.3487522, 44.9136484], [16.3487972, 44.9136619], [16.3488375, 44.9136702], [16.348873, 44.9136837], [16.3489062, 44.9136971], [16.3489393, 44.9137138], [16.3489677, 44.913734], [16.3489914, 44.9137591], [16.3490033, 44.9137876], [16.3490341, 44.9138128], [16.3490743, 44.9138279], [16.3491098, 44.9138396], [16.3491572, 44.9138514], [16.3491999, 44.9138598], [16.3492354, 44.9138732], [16.349278, 44.9138849], [16.3493278, 44.9138967], [16.3493633, 44.9139067], [16.3494035, 44.9139151], [16.3494414, 44.9139235], [16.3494888, 44.9139285], [16.3495291, 44.9139285], [16.3495551, 44.9139034], [16.3495717, 44.9138749], [16.3495764, 44.9138447], [16.3495764, 44.9138145], [16.3495243, 44.9137625], [16.349503, 44.913739], [16.3494912, 44.9137122], [16.3494935, 44.9136837], [16.349522, 44.9136652], [16.3495551, 44.9136518], [16.3495978, 44.91364], [16.349638, 44.91364], [16.3496807, 44.9136468], [16.3497209, 44.9136535], [16.349747, 44.9136786], [16.3497636, 44.9137071], [16.3497659, 44.9137373], [16.3497659, 44.9137709], [16.3497588, 44.9138027], [16.3497588, 44.9138329], [16.3497636, 44.9138615], [16.3497872, 44.9138849], [16.3498133, 44.9139084], [16.349837, 44.9139319], [16.3498701, 44.9139554], [16.3499057, 44.9139722], [16.3499436, 44.9139889], [16.3499767, 44.9140057], [16.3500051, 44.9140258], [16.3500478, 44.914046], [16.3500904, 44.914056], [16.3501331, 44.9140627], [16.3501733, 44.9140694], [16.3502112, 44.9140711], [16.3502562, 44.9140728], [16.3503012, 44.9140745], [16.3503533, 44.9140812], [16.3503936, 44.9140879], [16.3504362, 44.9140963], [16.3504717, 44.9141063], [16.3505096, 44.9141214], [16.3505736, 44.9141567], [16.3506044, 44.9141768], [16.3506375, 44.9141986], [16.3506683, 44.9142154], [16.3507015, 44.9142355], [16.3507347, 44.9142523], [16.3507654, 44.9142707], [16.3507939, 44.9142942], [16.3509383, 44.9143932], [16.3509549, 44.91442], [16.3509834, 44.9144569], [16.351007, 44.9144787], [16.3510378, 44.9144988], [16.3510757, 44.9145206], [16.3511136, 44.9145374], [16.3511563, 44.9145575], [16.351232, 44.9145911], [16.3512652, 44.9146062], [16.3513055, 44.9146196], [16.3513836, 44.9146481], [16.3514239, 44.9146582], [16.3514618, 44.9146666], [16.3515021, 44.9146699], [16.3515494, 44.9146749], [16.3515897, 44.91468], [16.3516323, 44.91468], [16.3516726, 44.9146817], [16.3517152, 44.914685], [16.3517981, 44.9146884], [16.3518337, 44.9146766], [16.3518597, 44.9146582], [16.3518787, 44.9146347], [16.3519023, 44.9146112], [16.3519308, 44.9145928], [16.3519592, 44.9145743], [16.3519876, 44.9145559], [16.3520563, 44.9145122], [16.3520823, 44.9144904], [16.3521108, 44.9144703], [16.352151, 44.9144452], [16.3521866, 44.91442], [16.3522221, 44.9144049], [16.3522624, 44.9143965], [16.3523074, 44.9143898], [16.3523547, 44.9143898], [16.3524021, 44.9143948], [16.35244, 44.9144066], [16.3524803, 44.9144183], [16.3525158, 44.9144351], [16.3525537, 44.9144569], [16.3525892, 44.9144804], [16.3526129, 44.9145055], [16.3526318, 44.9145307], [16.3526579, 44.9145559], [16.3526768, 44.914581], [16.3526982, 44.9146045], [16.3527313, 44.9146414], [16.3527645, 44.9146615], [16.3528024, 44.9146733], [16.3528379, 44.9146817], [16.3528782, 44.9146867], [16.3529326, 44.9146867], [16.3529705, 44.9146833], [16.3530084, 44.9146817], [16.3530913, 44.9146817], [16.3531316, 44.9146833], [16.3531742, 44.9146884], [16.3532169, 44.9146967], [16.3532737, 44.9147051], [16.3533163, 44.9147085], [16.353359, 44.9147152], [16.3533992, 44.9147219], [16.3534419, 44.9147286], [16.3534798, 44.9147336], [16.3535224, 44.914742], [16.3535579, 44.9147521], [16.3536006, 44.9147655], [16.3536361, 44.9147773], [16.3537024, 44.9148058], [16.3537308, 44.9148259], [16.3537545, 44.9148494], [16.3537829, 44.9149098], [16.353809, 44.9149332], [16.3538374, 44.9149551], [16.3538777, 44.9149634], [16.3539203, 44.9149651], [16.3539559, 44.9149534], [16.3539748, 44.9149299], [16.3539843, 44.9149014], [16.3540032, 44.9148762], [16.3540411, 44.9148695], [16.3540814, 44.9148762], [16.3541145, 44.9148963], [16.3541359, 44.9149299], [16.3541548, 44.9149551], [16.3541738, 44.9149785], [16.3541998, 44.915007], [16.3542235, 44.9150289], [16.3542543, 44.915049], [16.3542898, 44.9150624], [16.3543419, 44.9150641], [16.3543822, 44.9150641], [16.3544224, 44.9150624], [16.3544603, 44.9150523], [16.3544959, 44.9150406], [16.3545314, 44.9150289], [16.354574, 44.9150171], [16.3546096, 44.9150054], [16.3546451, 44.9149936], [16.354683, 44.914992], [16.3547209, 44.914997], [16.3547564, 44.9150104], [16.3547801, 44.9150322], [16.3548038, 44.9150557], [16.3548346, 44.9150758], [16.3548772, 44.9150892], [16.3549175, 44.9150909], [16.3549601, 44.9150909], [16.3550027, 44.9150859], [16.3550359, 44.9150708], [16.3550667, 44.9150523], [16.355107, 44.9150389], [16.3551472, 44.9150356], [16.3551756, 44.9150557], [16.3551756, 44.9150859], [16.3551733, 44.9151144], [16.3551875, 44.9151496], [16.3552112, 44.9151731], [16.355242, 44.9151983], [16.3552799, 44.915205], [16.355332, 44.915205], [16.355377, 44.9152033], [16.3554125, 44.9152117], [16.3554409, 44.9152318], [16.3554622, 44.9152586], [16.3554741, 44.9152872], [16.3554907, 44.9153173], [16.3555167, 44.9153408], [16.3555451, 44.9153626], [16.3555783, 44.915376], [16.3556186, 44.9153811], [16.3556588, 44.9153811], [16.3556991, 44.915376], [16.3557015, 44.9153492], [16.3556754, 44.9153291], [16.3556659, 44.9153006], [16.3556943, 44.9152788], [16.3557299, 44.9152704], [16.3557725, 44.915267], [16.3558222, 44.9152653], [16.3558601, 44.9152637], [16.3559123, 44.9152603], [16.3559573, 44.9152536], [16.3559975, 44.9152486], [16.3560402, 44.9152435], [16.3560733, 44.915262], [16.3560852, 44.9152888], [16.3560923, 44.9153207], [16.3561159, 44.9153425], [16.3561562, 44.9153526], [16.3561988, 44.9153459], [16.3562344, 44.9153257], [16.3562581, 44.9153056], [16.3562794, 44.9152838], [16.356322, 44.9152771], [16.3563623, 44.9152771], [16.3564025, 44.9152838], [16.3564381, 44.9152989], [16.3564736, 44.915319], [16.3564973, 44.9153475], [16.3565139, 44.9153744], [16.3565352, 44.9154012], [16.3565612, 44.9154213], [16.3566015, 44.9154197], [16.3566418, 44.9154029], [16.3566773, 44.9153828], [16.3567081, 44.915366], [16.356746, 44.9153576], [16.356791, 44.9153559], [16.3569497, 44.9153559], [16.3569828, 44.9153677], [16.3570207, 44.9153777], [16.3570586, 44.9153878], [16.3570918, 44.9154079], [16.3571273, 44.9154213], [16.3571652, 44.9154264], [16.3572031, 44.9154297], [16.3572836, 44.9154197], [16.3573215, 44.9154247], [16.3573547, 44.9154381], [16.3573878, 44.9154549], [16.3574281, 44.9154566], [16.3574684, 44.9154498], [16.3575086, 44.9154431], [16.3575394, 44.915428], [16.3575773, 44.915418], [16.3576531, 44.9154012], [16.3576886, 44.9153895], [16.3577194, 44.915371], [16.3577218, 44.9153425], [16.3577218, 44.9153157], [16.3577431, 44.9152888], [16.357781, 44.9152788], [16.3578165, 44.9152704], [16.3578615, 44.9152653], [16.3579018, 44.915257], [16.3579397, 44.9152503], [16.3579823, 44.9152469], [16.3580202, 44.9152586], [16.3580558, 44.9152804], [16.3580842, 44.9153022], [16.3581197, 44.9153157], [16.3581576, 44.9153224], [16.3581955, 44.9153274], [16.3582381, 44.9153291], [16.358276, 44.9153241], [16.3584158, 44.9152888], [16.3584466, 44.9152721], [16.3584821, 44.9152536], [16.3585129, 44.9152335], [16.3585461, 44.9152217], [16.3585863, 44.9152134], [16.358629, 44.9152117], [16.3586692, 44.9152083], [16.3587095, 44.9152083], [16.3587497, 44.9152134], [16.35879, 44.9152301], [16.3588232, 44.9152452], [16.3588587, 44.9152586], [16.3589013, 44.9152687], [16.358944, 44.9152771], [16.3589842, 44.9152788], [16.3590316, 44.9152788], [16.3590695, 44.9152737], [16.3591145, 44.9152637], [16.3591524, 44.915257], [16.3591927, 44.9152503], [16.3592353, 44.9152402], [16.3592779, 44.9152335], [16.3593277, 44.9152234], [16.3593632, 44.9152167], [16.3594058, 44.9151983], [16.359439, 44.9151781], [16.3594603, 44.915153], [16.3594769, 44.9151278], [16.3594982, 44.9151027], [16.3595148, 44.9150758], [16.3595337, 44.915049], [16.3595669, 44.9150305], [16.3596072, 44.9150255], [16.359645, 44.9150339], [16.3596758, 44.9150507], [16.3597114, 44.9150641], [16.359754, 44.9150691], [16.3598795, 44.9150691], [16.3599174, 44.9150674], [16.3599601, 44.9150758], [16.3599909, 44.9150943], [16.3600193, 44.9151161], [16.3600595, 44.9151261], [16.3600998, 44.9151312], [16.3601401, 44.9151328], [16.360178, 44.9151412], [16.3602182, 44.915153], [16.3602538, 44.9151697], [16.3602917, 44.9151832], [16.3603367, 44.9151966], [16.3603722, 44.9152117], [16.3604077, 44.9152234], [16.3604456, 44.9152419], [16.360493, 44.915257], [16.3605309, 44.915267], [16.360583, 44.9152821], [16.3606564, 44.9153073], [16.3606896, 44.915319], [16.3607275, 44.9153308], [16.3607606, 44.9153526], [16.3607962, 44.9153727], [16.3608269, 44.9153928], [16.3608506, 44.915418], [16.3608791, 44.9154398], [16.3609075, 44.9154599], [16.3609383, 44.9154767], [16.3609742, 44.9154929], [16.3609884, 44.9155021], [16.361005, 44.9155105], [16.3610228, 44.9155163], [16.3610429, 44.9155197], [16.3610619, 44.915518], [16.3610749, 44.9155071], [16.3610725, 44.915492], [16.3610654, 44.9154786], [16.3610571, 44.9154669], [16.3610477, 44.9154543], [16.3610417, 44.9154392], [16.3610441, 44.9154249], [16.3610571, 44.9154132], [16.3610737, 44.9154065], [16.3610938, 44.9154031], [16.3611092, 44.9153947], [16.3611199, 44.9153797], [16.3611258, 44.9153646], [16.3611317, 44.9153511], [16.3611353, 44.9153369], [16.3611365, 44.9153226], [16.3611365, 44.9153067], [16.3611353, 44.9152924], [16.3611353, 44.915279], [16.361146, 44.9152664], [16.3611625, 44.9152606], [16.3611791, 44.9152555], [16.3612253, 44.9152555], [16.3612466, 44.9152606], [16.361262, 44.9152706], [16.3612727, 44.9152824], [16.3612821, 44.9152958], [16.3612928, 44.9153075], [16.3613058, 44.9153201], [16.3613224, 44.9153319], [16.3613402, 44.9153377], [16.3613662, 44.9153386], [16.3613864, 44.9153386], [16.36141, 44.9153302], [16.3614266, 44.9153235], [16.3614397, 44.9153117], [16.3614503, 44.9152983], [16.3614598, 44.9152874], [16.3614681, 44.9152748], [16.3614787, 44.9152622], [16.3614977, 44.9152564], [16.3615166, 44.9152572], [16.3615332, 44.9152648], [16.3615427, 44.9152782], [16.3615486, 44.9152916], [16.3615593, 44.9153042], [16.3615782, 44.9153151], [16.3615948, 44.9153209], [16.3616126, 44.9153251], [16.3616327, 44.915326], [16.3616789, 44.915326], [16.3617002, 44.9153268], [16.3617203, 44.9153268], [16.3617405, 44.9153201], [16.361757, 44.9153126], [16.3617677, 44.9153], [16.3617736, 44.9152866], [16.3617807, 44.9152748], [16.361789, 44.9152622], [16.3618056, 44.915253], [16.3618245, 44.915248], [16.3618459, 44.9152513], [16.3618624, 44.9152606], [16.3618719, 44.9152731], [16.3618861, 44.9152824], [16.3619039, 44.9152866], [16.3619228, 44.9152866], [16.3619382, 44.9152799], [16.3619524, 44.9152706], [16.3619702, 44.9152639], [16.3619891, 44.9152597], [16.3620105, 44.9152589], [16.3620519, 44.9152706], [16.3620697, 44.9152765], [16.3620874, 44.9152866], [16.3620969, 44.9152991], [16.362104, 44.9153126], [16.3621182, 44.9153235], [16.3621396, 44.9153226], [16.3621561, 44.9153151], [16.3621703, 44.9153033], [16.3621774, 44.9152908], [16.3621881, 44.915279], [16.3622106, 44.9152757], [16.3622307, 44.9152731], [16.3622521, 44.9152731], [16.3622722, 44.9152757], [16.3622935, 44.9152815], [16.3623148, 44.9152882], [16.3623302, 44.9152975], [16.3623456, 44.9153067], [16.362361, 44.9153159], [16.3623705, 44.9153302], [16.3623764, 44.9153453], [16.3623811, 44.9153587], [16.3623882, 44.9153721], [16.3624036, 44.9153981], [16.3624084, 44.9154124], [16.3624096, 44.9154275], [16.3624036, 44.9154576], [16.3624036, 44.9154912], [16.3624096, 44.9155239], [16.3624167, 44.9155373], [16.3624309, 44.9155491], [16.3624463, 44.9155583], [16.3624617, 44.9155709], [16.3625185, 44.9156069], [16.3625351, 44.9156195], [16.3625481, 44.9156304], [16.3625635, 44.9156405], [16.3625813, 44.915653], [16.362599, 44.9156639], [16.3626168, 44.9156715], [16.3626358, 44.9156749], [16.3626559, 44.9156765], [16.3626737, 44.9156715], [16.362689, 44.9156614], [16.3627021, 44.915648], [16.3627104, 44.9156363], [16.3627127, 44.9156203], [16.3627139, 44.9156052], [16.3627139, 44.915591], [16.3627175, 44.9155759], [16.3627269, 44.9155642], [16.3627435, 44.9155549], [16.362766, 44.9155457], [16.3627909, 44.9155365], [16.3628098, 44.9155298], [16.3628276, 44.9155239], [16.3628702, 44.9155113], [16.3628892, 44.9155063], [16.3629081, 44.9155013], [16.362933, 44.9154971], [16.3629958, 44.9154962], [16.3630183, 44.9154987], [16.3630408, 44.9154987], [16.3630574, 44.9154929], [16.3630739, 44.9154845], [16.3630893, 44.9154736], [16.3631071, 44.9154627], [16.3631237, 44.9154551], [16.3631414, 44.9154493], [16.3631616, 44.9154501], [16.3631781, 44.9154593], [16.3631947, 44.9154677], [16.363216, 44.9154652], [16.3632291, 44.9154535], [16.3632492, 44.9154501], [16.3632682, 44.9154526], [16.3632847, 44.915461], [16.3632978, 44.9154744], [16.363312, 44.9154895], [16.3633262, 44.9155029], [16.3633404, 44.9155172], [16.3633511, 44.9155289], [16.3633653, 44.9155415], [16.3633783, 44.9155524], [16.3633949, 44.9155642], [16.3634138, 44.9155734], [16.3634458, 44.915591], [16.3634825, 44.9156178], [16.3634979, 44.9156279], [16.3635121, 44.9156388], [16.3635429, 44.9156598], [16.3635607, 44.915674], [16.3635737, 44.9156874], [16.3635891, 44.9157008], [16.3636057, 44.9157126], [16.3636211, 44.9157243], [16.36364, 44.9157361], [16.363653, 44.915747], [16.3638086, 44.915776], [16.3638441, 44.9157894], [16.3638796, 44.9158062], [16.3639128, 44.915828], [16.3639436, 44.9158481], [16.3639791, 44.9158666], [16.3640549, 44.9159001], [16.3640904, 44.9159118], [16.3641283, 44.9159185], [16.364171, 44.9159169], [16.3642183, 44.9159152], [16.3642586, 44.9159135], [16.3643036, 44.9159185], [16.3643415, 44.915932], [16.3643676, 44.9159538], [16.3643912, 44.9159772], [16.3644126, 44.9160024], [16.3644291, 44.9160309], [16.3644457, 44.9160578], [16.364467, 44.9160846], [16.3645002, 44.9161014], [16.3645381, 44.9161148], [16.3645665, 44.9161332], [16.3645973, 44.9161584], [16.3646186, 44.9161836], [16.3646423, 44.9162087], [16.3646755, 44.9162272], [16.3647063, 44.9162439], [16.3647228, 44.9162691], [16.3647015, 44.9162959], [16.3646849, 44.9163211], [16.3646826, 44.9163513], [16.3646684, 44.9163798], [16.3646305, 44.9163915], [16.3645855, 44.9163966], [16.3645499, 44.9164083], [16.3645239, 44.9164318], [16.3645002, 44.9164553], [16.3644718, 44.9165156], [16.3644955, 44.9165408], [16.3645215, 44.9165626], [16.3645334, 44.9165911], [16.3645168, 44.9166163], [16.364512, 44.9166481], [16.3645428, 44.9166649], [16.3645807, 44.9166767], [16.3646163, 44.9166867], [16.3646518, 44.9167035], [16.3646684, 44.9167287], [16.3646849, 44.9167538], [16.3647063, 44.9167806], [16.364737, 44.9167957], [16.3647749, 44.9168058], [16.3648555, 44.9168226], [16.364891, 44.9168377], [16.3649218, 44.9168544], [16.3649644, 44.9168645], [16.3650023, 44.9168662], [16.365045, 44.9168595], [16.3650805, 44.9168511], [16.3651089, 44.9168326], [16.3651231, 44.9168058], [16.3651231, 44.9167773], [16.3650971, 44.9167555], [16.3650686, 44.9167337], [16.3650544, 44.9167085], [16.3650639, 44.9166817], [16.3651042, 44.916675], [16.3651468, 44.9166834], [16.3651823, 44.9167001], [16.3652108, 44.9167203], [16.3652415, 44.9167354], [16.3652794, 44.9167404], [16.3653268, 44.9167454], [16.3653718, 44.9167454], [16.3654073, 44.9167354], [16.365431, 44.9167136], [16.3654689, 44.9167119], [16.3655092, 44.9167119], [16.3655494, 44.9167136], [16.3655921, 44.9167136], [16.3656276, 44.9167035], [16.3656726, 44.9167035], [16.3657058, 44.9167152], [16.3657389, 44.9167303], [16.3657816, 44.9167337], [16.3658076, 44.9167152], [16.3658242, 44.9166918], [16.3658384, 44.9166666], [16.3658597, 44.9166414], [16.3658834, 44.9166196], [16.3659189, 44.9166096], [16.3659568, 44.9166213], [16.3659805, 44.9166465], [16.3660042, 44.9166716], [16.3660326, 44.9166918], [16.3660682, 44.9167102], [16.3660966, 44.916732], [16.3661345, 44.9167437], [16.3661676, 44.9167303], [16.3662055, 44.9167219], [16.3662482, 44.9167219], [16.3662932, 44.916727], [16.3663832, 44.9167689], [16.3664045, 44.9167924], [16.3664282, 44.9168142], [16.3664637, 44.9168276], [16.366504, 44.9168293], [16.3665419, 44.9168243], [16.3665774, 44.9168394], [16.3665963, 44.9168662], [16.3666153, 44.916893], [16.3666366, 44.9169182], [16.366665, 44.9169383], [16.3667053, 44.9169568], [16.3667408, 44.9169719], [16.366774, 44.9169836], [16.3668119, 44.9169937], [16.3668569, 44.9170088], [16.3668971, 44.9170222], [16.3669635, 44.9170557], [16.3669943, 44.9170742], [16.3670274, 44.9170909], [16.3670558, 44.9171111], [16.3670795, 44.9171345], [16.3670961, 44.9171631], [16.3670985, 44.9171966], [16.3670961, 44.9172268], [16.3670795, 44.9172536], [16.3670629, 44.9172805], [16.367044, 44.9173073], [16.3670369, 44.9173392], [16.3670345, 44.9173677], [16.3670345, 44.9173979], [16.3670369, 44.9174297], [16.3670487, 44.9174582], [16.3670606, 44.9174851], [16.3670819, 44.9175102], [16.367115, 44.9175287], [16.3671482, 44.9175438], [16.367179, 44.9175606], [16.3672098, 44.9175807], [16.3672358, 44.9176058], [16.3672477, 44.9176344], [16.3672524, 44.9176662], [16.3672572, 44.9176964], [16.3672808, 44.9177232], [16.3673116, 44.9177467], [16.3673353, 44.9177685], [16.3673495, 44.917797], [16.3673566, 44.9178256], [16.3673708, 44.9178524], [16.3673969, 44.9178742], [16.3674372, 44.9178943], [16.3674703, 44.9179077], [16.3675082, 44.9179161], [16.3675509, 44.9179161], [16.3675888, 44.9179128], [16.3676266, 44.9179044], [16.3676574, 44.9178859], [16.367674, 44.9178625], [16.3676835, 44.9178373], [16.3676977, 44.9178105], [16.3677261, 44.917792], [16.3677617, 44.9177836], [16.3678019, 44.9177903], [16.3678256, 44.9178121], [16.3678469, 44.917839], [16.367918, 44.917943], [16.3679274, 44.9179748], [16.3679393, 44.918005], [16.3679511, 44.9180352], [16.3679606, 44.918062], [16.3679677, 44.9180906], [16.3679796, 44.9181191], [16.3680127, 44.9181358], [16.3680459, 44.9181543], [16.3680696, 44.9181778], [16.3680838, 44.9182029], [16.3680909, 44.9182331], [16.3680956, 44.9182633], [16.3681004, 44.9182918], [16.3681122, 44.9183186], [16.3681311, 44.9183421], [16.3681596, 44.9183673], [16.368188, 44.9183908], [16.3682211, 44.9184142], [16.3682567, 44.9184377], [16.3682875, 44.9184612], [16.3683183, 44.9184797], [16.3683514, 44.9185048], [16.3683822, 44.9185216], [16.3684177, 44.9185451], [16.3684864, 44.9185836], [16.3685196, 44.9186021], [16.3685646, 44.9186239], [16.3686001, 44.918639], [16.3686404, 44.9186558], [16.3686759, 44.9186709], [16.3687233, 44.9186792], [16.3687683, 44.918686], [16.3688085, 44.918691], [16.3689388, 44.918696], [16.3690241, 44.918701], [16.3690667, 44.9186977], [16.3691046, 44.918691], [16.3691425, 44.9186876], [16.3691851, 44.918696], [16.3692207, 44.9187061], [16.3692704, 44.9187128], [16.3693083, 44.9187161], [16.3693533, 44.9187161], [16.3693912, 44.9187128], [16.3694291, 44.918701], [16.3694694, 44.9186927], [16.369512, 44.9186893], [16.3695523, 44.9186893], [16.3695949, 44.9186943], [16.3696304, 44.9187044], [16.3696636, 44.9187212], [16.3696896, 44.9187447], [16.3697181, 44.9187665], [16.3697488, 44.9187849], [16.3697891, 44.918795], [16.3698246, 44.9188101], [16.3698554, 44.9188252], [16.3698602, 44.9188855], [16.3698791, 44.9189107], [16.3699241, 44.9189057], [16.3699478, 44.9188839], [16.3699549, 44.918857], [16.3699667, 44.9188302], [16.3699928, 44.9188084], [16.3700354, 44.918795], [16.370071, 44.9187816], [16.3701065, 44.9187681], [16.3701349, 44.9187447], [16.3701468, 44.9187178], [16.3701515, 44.9186876], [16.3701728, 44.9186641], [16.3702107, 44.9186558], [16.3702486, 44.918644], [16.3702794, 44.9186256], [16.3703054, 44.9186038], [16.3703339, 44.918582], [16.3703765, 44.9185753], [16.3704097, 44.918587], [16.3704428, 44.9186004], [16.3704736, 44.9186189], [16.3705115, 44.9186273], [16.3705518, 44.9186189], [16.3705873, 44.9186071], [16.3706181, 44.9185904], [16.3706536, 44.9185786], [16.3706939, 44.9185786], [16.3707294, 44.9185937], [16.3707626, 44.9186122], [16.370791, 44.9186323], [16.3708147, 44.9186574], [16.3708431, 44.9186843], [16.3708763, 44.9186994], [16.3709047, 44.9187195], [16.3709165, 44.9187514], [16.3709189, 44.9187799], [16.3709189, 44.9188419], [16.3709544, 44.9188604], [16.37099, 44.9188738], [16.3711036, 44.9189006], [16.3711368, 44.9189208], [16.3711629, 44.9189459], [16.3711771, 44.9189811], [16.3711794, 44.919013], [16.3711913, 44.9190398], [16.3712292, 44.9190516], [16.3712647, 44.9190348], [16.3712742, 44.9190096], [16.3712884, 44.9189509], [16.371305, 44.9189258], [16.371331, 44.9189023], [16.3713689, 44.9188889], [16.3714068, 44.9188839], [16.3714471, 44.9188671], [16.371466, 44.9188436], [16.3714755, 44.9188134], [16.3714826, 44.9187866], [16.3714897, 44.9187581], [16.3714921, 44.9187312], [16.371485, 44.9187044], [16.3714637, 44.9186809], [16.3714376, 44.9186574], [16.3714163, 44.918634], [16.3714021, 44.9186071], [16.3713879, 44.9185803], [16.3713594, 44.9185602], [16.3713168, 44.9185484], [16.3712765, 44.91854], [16.3712458, 44.9185199], [16.371241, 44.9184914], [16.371241, 44.9184629], [16.3712505, 44.9184361], [16.3712671, 44.9184075], [16.3712908, 44.9183841], [16.3713168, 44.9183623], [16.3713381, 44.9183405], [16.3713737, 44.9182516], [16.3713784, 44.9182247], [16.371376, 44.9181962], [16.3713571, 44.9181711], [16.3713334, 44.9181493], [16.3713215, 44.9181207], [16.3713452, 44.9180889], [16.371376, 44.9180671], [16.3714068, 44.9180503], [16.3714352, 44.9180285], [16.3714566, 44.918005], [16.3714755, 44.9179799], [16.3714968, 44.9179564], [16.3715347, 44.9179446], [16.3715773, 44.9179413], [16.3716176, 44.9179463], [16.3716508, 44.9179597], [16.3716887, 44.9179664], [16.3717289, 44.9179664], [16.3717692, 44.917953], [16.3718, 44.9179329], [16.371826, 44.9179111], [16.3718616, 44.917896], [16.3719018, 44.9178926], [16.371935, 44.9178792], [16.3719492, 44.9178524], [16.3719492, 44.9178239], [16.3719374, 44.9177954], [16.3719255, 44.9177702], [16.3719066, 44.9177434], [16.3718782, 44.9177232], [16.3718403, 44.9177098], [16.3718, 44.9176964], [16.3717787, 44.9176746], [16.3717763, 44.9176461], [16.3717881, 44.9176176], [16.3718047, 44.9175924], [16.3719018, 44.9175153], [16.3719184, 44.9174918], [16.371935, 44.9174666], [16.3719539, 44.9174415], [16.3719634, 44.9174113], [16.3719634, 44.9173811], [16.3719563, 44.9173492], [16.3719326, 44.9173274], [16.3719042, 44.9173039], [16.3718829, 44.9172788], [16.3718687, 44.9172536], [16.3718592, 44.9172201], [16.3718568, 44.9171932], [16.3718592, 44.9171647], [16.3718639, 44.9171312], [16.371871, 44.9170993], [16.3718758, 44.9170725], [16.3718829, 44.9170423], [16.3718853, 44.9170138], [16.3718876, 44.9169836], [16.3718876, 44.9169266], [16.3718782, 44.9168997], [16.3718497, 44.9168779], [16.3718071, 44.9168746], [16.3717668, 44.9168746], [16.3717266, 44.9168645], [16.3717052, 44.9168394], [16.3717052, 44.9168108], [16.3716958, 44.916779], [16.3716887, 44.9167521], [16.3716792, 44.9167219], [16.3716295, 44.9166834], [16.3716129, 44.9166582], [16.3715916, 44.9166314], [16.3715631, 44.9166079], [16.3715323, 44.9165844], [16.3714968, 44.9165643], [16.3714684, 44.9165425], [16.3714187, 44.9164922], [16.371395, 44.916462], [16.3713689, 44.9164368], [16.3713405, 44.9164133], [16.3712671, 44.9163731], [16.3712268, 44.9163563], [16.3711107, 44.9162942], [16.3710823, 44.9162708], [16.3710515, 44.916249], [16.3710231, 44.9162288], [16.3709686, 44.9161852], [16.3709426, 44.9161634], [16.3709189, 44.9161383], [16.3709023, 44.9161131], [16.3708881, 44.9160879], [16.3708763, 44.9160578], [16.3708597, 44.9160326], [16.370836, 44.9160108], [16.3708052, 44.9159923], [16.3707744, 44.9159756], [16.3707128, 44.9159303], [16.3706892, 44.9159068], [16.3706726, 44.91588], [16.3705565, 44.9157911], [16.3705399, 44.9157659], [16.3705257, 44.9157374], [16.3705162, 44.9157072], [16.3705044, 44.9156804], [16.3704949, 44.9156502], [16.3704831, 44.9156183], [16.3704736, 44.9155898], [16.3704618, 44.915563], [16.3704499, 44.9155361], [16.370431, 44.915511], [16.3704097, 44.9154875], [16.3703883, 44.915459], [16.370367, 44.9154355], [16.3703362, 44.9154087], [16.3703054, 44.9153885], [16.3702699, 44.9153684], [16.370161, 44.9153315], [16.3701302, 44.9153131], [16.3701018, 44.9152896], [16.3700568, 44.9152845], [16.3700165, 44.9152862], [16.3699691, 44.9152912], [16.3699265, 44.9152946], [16.3698791, 44.9152896], [16.3698388, 44.9152745], [16.3697962, 44.9152627], [16.3697512, 44.9152627], [16.3697109, 44.9152745], [16.3696754, 44.9152879], [16.3696328, 44.9152879], [16.3695949, 44.9152728], [16.3695641, 44.9152527], [16.3694575, 44.9151856], [16.3694362, 44.9151587], [16.3694457, 44.9151319], [16.3694291, 44.9151051], [16.3693841, 44.9151], [16.3693438, 44.9150917], [16.3693201, 44.9150648], [16.3693059, 44.915038], [16.3692917, 44.9150061], [16.369287, 44.9149742], [16.3692846, 44.9149457], [16.3692846, 44.9149155], [16.369287, 44.9148837], [16.369287, 44.9148535], [16.3692799, 44.9148216], [16.3692538, 44.9147998], [16.3692041, 44.9147897], [16.3691615, 44.9147881], [16.3691188, 44.9147814], [16.3690833, 44.9147646], [16.3690549, 44.9147411], [16.3690264, 44.9147143], [16.3689933, 44.9146975], [16.368953, 44.9146941], [16.3689057, 44.9146891], [16.3688678, 44.9146807], [16.3688275, 44.9146656], [16.368792, 44.9146488], [16.3687612, 44.9146304], [16.3687351, 44.9146036], [16.368728, 44.9145767], [16.3687185, 44.9145449], [16.3687209, 44.9144878], [16.3687185, 44.914461], [16.3687138, 44.9144325], [16.3687091, 44.9144023], [16.3686949, 44.9143369], [16.3686806, 44.9143117], [16.3686617, 44.9142866], [16.3686427, 44.9142614], [16.3686238, 44.9142362], [16.3686167, 44.9142094], [16.3686262, 44.9141792], [16.3686404, 44.914149], [16.3686451, 44.9141188], [16.3686427, 44.9140853], [16.3686333, 44.9140568], [16.3686285, 44.9140282], [16.3686238, 44.9139964], [16.3686238, 44.9139679], [16.368638, 44.9139377], [16.3686641, 44.9139142], [16.3686925, 44.9138957], [16.3687256, 44.9138823], [16.3688062, 44.9138756], [16.3688441, 44.9138672], [16.3688843, 44.9138588], [16.3689175, 44.9138404], [16.3689293, 44.9138152], [16.3689435, 44.9137917], [16.3689743, 44.913775], [16.3690051, 44.9137582], [16.3690241, 44.9137347], [16.3690951, 44.9135938], [16.3691093, 44.9135636], [16.3691283, 44.9135385], [16.3691354, 44.9135083], [16.3691543, 44.9134764], [16.3691615, 44.9134479], [16.3691709, 44.913416], [16.3691709, 44.9133875], [16.3691733, 44.913359], [16.3691757, 44.9133305], [16.3691828, 44.913302], [16.3691946, 44.9132751], [16.3692088, 44.91325], [16.3692183, 44.9132164], [16.3692183, 44.9131879], [16.3692041, 44.9131611], [16.3691875, 44.9131326], [16.3691472, 44.9130806], [16.3691307, 44.913052], [16.3691212, 44.9130151], [16.3691093, 44.9129866], [16.3690951, 44.9129615], [16.3690738, 44.9129397], [16.3690454, 44.9129111], [16.3690241, 44.9128877], [16.3689649, 44.9128457], [16.3689246, 44.912834], [16.3688796, 44.9128357], [16.3688393, 44.9128457], [16.3687967, 44.9128575], [16.3687588, 44.9128659], [16.3687114, 44.9128742], [16.3685741, 44.9128977], [16.3685385, 44.9129145], [16.3685101, 44.912938], [16.3684651, 44.912933], [16.3684367, 44.9129145], [16.3684154, 44.9128877], [16.3683964, 44.9128608], [16.3683775, 44.9128357], [16.3683609, 44.9128072], [16.3683443, 44.9127837], [16.368323, 44.9127602], [16.3682898, 44.9127417], [16.3682093, 44.9127417], [16.3681667, 44.9127434], [16.3681193, 44.9127535], [16.3680838, 44.9127686], [16.3680506, 44.9127853], [16.3680198, 44.9128105], [16.3679985, 44.9128373], [16.3679914, 44.9128675], [16.3679819, 44.9128977], [16.3679725, 44.912933], [16.3679677, 44.9129682], [16.367963, 44.9129967], [16.3679606, 44.9130302], [16.3679488, 44.9130604], [16.3679393, 44.9130906], [16.367918, 44.9131242], [16.3679014, 44.9131527], [16.3678872, 44.9131812], [16.3678753, 44.9132164], [16.3678682, 44.9132466], [16.3678611, 44.9132818], [16.367854, 44.9133104], [16.3678374, 44.9133405], [16.3678138, 44.9133657], [16.367783, 44.9133842], [16.3677403, 44.9133875], [16.3677048, 44.9133691], [16.3676645, 44.9133573], [16.3676195, 44.9133556], [16.3675769, 44.9133556], [16.3675343, 44.9133573], [16.3674916, 44.913364], [16.3674466, 44.9133691], [16.3674064, 44.9133758], [16.3673661, 44.9133858], [16.3673258, 44.9133909], [16.3672832, 44.9133909], [16.3672429, 44.9133825], [16.3672074, 44.9133674], [16.3671695, 44.9133489], [16.3671364, 44.9133271], [16.3671008, 44.9133104], [16.3670677, 44.9132936], [16.3670321, 44.9132768], [16.3670014, 44.91326], [16.3668379, 44.9130873], [16.3668213, 44.9130621], [16.3668048, 44.9130319], [16.3667906, 44.9130051], [16.3667574, 44.9129531], [16.3667384, 44.9129229], [16.3667266, 44.9128944], [16.3667148, 44.9128659], [16.3667006, 44.9128105], [16.3667029, 44.912782], [16.3667219, 44.9127585], [16.366755, 44.9127384], [16.3667858, 44.9127149], [16.3668048, 44.9126881], [16.3668166, 44.9126612], [16.3668285, 44.9126344], [16.3668356, 44.9126059], [16.3668521, 44.912579], [16.3668735, 44.9125488], [16.3669066, 44.9125337], [16.3669421, 44.9125237], [16.3669753, 44.9125119], [16.3670179, 44.9124985], [16.3670511, 44.9124851], [16.3670866, 44.9124683], [16.3671222, 44.9124532], [16.3671624, 44.9124331], [16.3672287, 44.9124046], [16.3672643, 44.9123878], [16.3672998, 44.912366], [16.3673187, 44.9123408], [16.3673116, 44.9123123], [16.3672856, 44.9122888], [16.3672524, 44.9122704], [16.3672122, 44.912262], [16.3671672, 44.9122603], [16.3671245, 44.912257], [16.3670866, 44.9122452], [16.3670511, 44.9122285], [16.3670321, 44.9122016], [16.3670321, 44.9121748], [16.3670511, 44.912153], [16.3670843, 44.9121345], [16.3671222, 44.9121228], [16.3671672, 44.9121094], [16.3672003, 44.9120993], [16.3672406, 44.9120859], [16.3672737, 44.9120725], [16.3673116, 44.9120557], [16.3673235, 44.9120406], [16.3673093, 44.9120104], [16.3672856, 44.9119869], [16.3672666, 44.9119618], [16.3672619, 44.9119349], [16.3672619, 44.9118762], [16.3672737, 44.9118477], [16.3672903, 44.9118225], [16.3673093, 44.9117991], [16.3673329, 44.9117773], [16.367359, 44.9117538], [16.3673732, 44.9117269], [16.367378, 44.9116984], [16.3673756, 44.9116699], [16.367359, 44.911638], [16.3673448, 44.9116112], [16.3673282, 44.911586], [16.367314, 44.9115575], [16.3672951, 44.911529], [16.3672808, 44.9115022], [16.367269, 44.9114753], [16.3672548, 44.9114485], [16.3672406, 44.9114216], [16.3672169, 44.9113646], [16.3672003, 44.9113395], [16.3671814, 44.9113143], [16.3671222, 44.9112757], [16.3670985, 44.9112522], [16.3670771, 44.9112287], [16.3670558, 44.9112019], [16.3670369, 44.9111767], [16.3670156, 44.9111516], [16.3669919, 44.9111214], [16.3669729, 44.9110929], [16.366954, 44.9110677], [16.3669398, 44.9110375], [16.3669256, 44.9110107], [16.366909, 44.9109838], [16.3668877, 44.9109553], [16.3668687, 44.9109302], [16.366845, 44.9109067], [16.3668142, 44.9108866], [16.366774, 44.9108782], [16.3667313, 44.9108815], [16.3666934, 44.9108966], [16.3666508, 44.91091], [16.3666105, 44.9109134], [16.3665679, 44.9109151], [16.3665371, 44.9109402], [16.3665111, 44.9109637], [16.3664755, 44.9109771], [16.3664353, 44.9109855], [16.3663926, 44.9109922], [16.36635, 44.9109922], [16.3663074, 44.9109906], [16.36626, 44.9109822], [16.3662197, 44.9109704], [16.3661866, 44.9109553], [16.366125, 44.9109167], [16.3660895, 44.9109017], [16.3660492, 44.9108949], [16.3660066, 44.9109], [16.3659639, 44.9108949], [16.3659237, 44.9108798], [16.3658574, 44.9108278], [16.3658171, 44.9108128], [16.3657745, 44.9108094], [16.3657366, 44.9107977], [16.3657176, 44.9107708], [16.3657129, 44.9107423], [16.3657129, 44.9106869], [16.3657034, 44.9106584], [16.3656797, 44.9106333], [16.365656, 44.9106081], [16.3656276, 44.9105846], [16.3655921, 44.9105729], [16.3655471, 44.9105762], [16.3655044, 44.9105846], [16.3654594, 44.9105863], [16.3654192, 44.910588], [16.3653765, 44.9105964], [16.365341, 44.9106098], [16.3653126, 44.9106316], [16.3652913, 44.9106584], [16.3652889, 44.9106869], [16.365296, 44.9107155], [16.3653173, 44.9107423], [16.3653458, 44.9107658], [16.3653694, 44.9107893], [16.3653837, 44.9108178], [16.3653765, 44.910848], [16.3653552, 44.9108715], [16.3653244, 44.9108949], [16.3652889, 44.9109117], [16.365251, 44.9109268], [16.3652108, 44.9109318], [16.3651705, 44.9109318], [16.3651279, 44.9109268], [16.36509, 44.9109151], [16.3650663, 44.9108933], [16.3650663, 44.9108647], [16.3650734, 44.9108346], [16.3650852, 44.910806], [16.3650994, 44.9107809], [16.3651042, 44.910754], [16.3651065, 44.9107238], [16.3650994, 44.910697], [16.3650876, 44.9106685], [16.365071, 44.9106417], [16.3650497, 44.9106148], [16.3650236, 44.9105897], [16.3649834, 44.9105729], [16.3649407, 44.9105645], [16.3648934, 44.9105611], [16.3648484, 44.9105645], [16.3648081, 44.9105746], [16.3647702, 44.9105829], [16.3647276, 44.9105846], [16.3646849, 44.9105813], [16.3646518, 44.9105645], [16.3646234, 44.9105444], [16.3645973, 44.9105209], [16.3645784, 44.9104974], [16.3645523, 44.9104756], [16.3645215, 44.9104588], [16.3644812, 44.9104521], [16.3644386, 44.9104488], [16.3643178, 44.9104488], [16.3642776, 44.9104404], [16.3642515, 44.9104186], [16.3642515, 44.9103917], [16.364261, 44.9103649], [16.3642681, 44.910338], [16.364261, 44.9103112], [16.3642397, 44.9102877], [16.3642207, 44.9102609], [16.3642065, 44.910234], [16.3641899, 44.9102089], [16.3641757, 44.910182], [16.3641662, 44.9101535], [16.3641497, 44.9101267], [16.3641283, 44.9101032], [16.3640975, 44.9100848], [16.3640596, 44.9100646], [16.3640194, 44.9100462], [16.3639839, 44.9100328], [16.363946, 44.9100193], [16.3639104, 44.9100059], [16.3638725, 44.9099891], [16.3638394, 44.9099724], [16.3637944, 44.9099707], [16.3637541, 44.9099774], [16.3637233, 44.9099992], [16.3637091, 44.9100311], [16.3637067, 44.9100596], [16.3637115, 44.9100881], [16.3637138, 44.9101166], [16.3636854, 44.9101401], [16.3636499, 44.9101535], [16.3636073, 44.9101619], [16.3635599, 44.9101669], [16.3635125, 44.9101703], [16.3634723, 44.910177], [16.3634296, 44.9101837], [16.3633396, 44.9102022], [16.3633017, 44.9102122], [16.3632686, 44.9102273], [16.3632259, 44.9102357], [16.3631786, 44.9102324], [16.3631312, 44.9102189], [16.3630862, 44.9102038], [16.3630435, 44.9101955], [16.3630033, 44.9101921], [16.3629607, 44.9101955], [16.362918, 44.9102038], [16.3628778, 44.9102139], [16.3628256, 44.9102257], [16.3627854, 44.9102324], [16.3627333, 44.9102324], [16.3626906, 44.910229], [16.3626504, 44.9102257], [16.3626125, 44.9102139], [16.3625675, 44.9102055], [16.3625248, 44.9101938], [16.3624893, 44.910182], [16.3624491, 44.910172], [16.362404, 44.9101669], [16.3623614, 44.9101653], [16.3623211, 44.9101586], [16.3622856, 44.9101418], [16.362269, 44.9101149], [16.3622572, 44.9100881], [16.3622501, 44.9100579], [16.3622501, 44.9100277], [16.3622596, 44.9099958], [16.3622714, 44.9099657], [16.362288, 44.9099422], [16.3623046, 44.909917], [16.3623046, 44.9098851], [16.3622904, 44.90986], [16.3622643, 44.9098365], [16.3622288, 44.9098197], [16.3620772, 44.9097878], [16.3620369, 44.9097811], [16.3620014, 44.9097627], [16.3619896, 44.9097325], [16.3619825, 44.9097057], [16.3619493, 44.9096906], [16.3619114, 44.9096838], [16.3618688, 44.9096822], [16.3618238, 44.9096771], [16.3617882, 44.9096654], [16.3617527, 44.9096503], [16.3617195, 44.9096335], [16.3616888, 44.9096117], [16.361658, 44.9095882], [16.3616343, 44.9095631], [16.3616106, 44.9095396], [16.3615893, 44.9095161], [16.3615727, 44.9094926], [16.3615585, 44.9094658], [16.3615395, 44.9094087], [16.3615348, 44.9093819], [16.3615277, 44.9093517], [16.361523, 44.9093215], [16.3615182, 44.9092628], [16.3615182, 44.9092041], [16.3615301, 44.9091705], [16.3615419, 44.9091387], [16.3615585, 44.9091118], [16.3615656, 44.9090783], [16.3615703, 44.9090464], [16.3615774, 44.9090145], [16.3615869, 44.908986], [16.3615869, 44.9089558], [16.3615893, 44.908929], [16.3615893, 44.908872], [16.3615822, 44.9088434], [16.361568, 44.9088183], [16.3615537, 44.9087914], [16.3615372, 44.9087646], [16.3615135, 44.9087378], [16.3614874, 44.9087143], [16.3614519, 44.9086992], [16.361414, 44.9087076], [16.3613785, 44.9087227], [16.3613382, 44.9087092], [16.3613098, 44.9086891], [16.3612529, 44.9086455], [16.3612245, 44.9086254], [16.3611061, 44.9084962], [16.3610919, 44.9084694], [16.3610777, 44.9084425], [16.3610611, 44.9084123], [16.3610516, 44.9083838], [16.3610493, 44.908357], [16.3610587, 44.9083234], [16.3610777, 44.9082966], [16.3611014, 44.9082731], [16.3611227, 44.9082496], [16.3611416, 44.9082211], [16.3611487, 44.9081892], [16.3611511, 44.908159], [16.3611464, 44.9081305], [16.3611274, 44.908107], [16.3610943, 44.9080869], [16.3610564, 44.9080768], [16.3610161, 44.9080701], [16.3609711, 44.9080668], [16.3609285, 44.9080668], [16.3608882, 44.9080617], [16.3608574, 44.9080399], [16.3607958, 44.9079628], [16.3607721, 44.9079393], [16.3607532, 44.9079108], [16.3607248, 44.9078806], [16.3606963, 44.9078537], [16.3606679, 44.9078319], [16.36063, 44.9078084], [16.3605945, 44.9077917], [16.3605613, 44.9077766], [16.3605305, 44.9077598], [16.3605021, 44.9077397], [16.3604784, 44.9077162], [16.3604358, 44.9077128], [16.3603955, 44.9077162], [16.3603553, 44.9077212], [16.3603126, 44.9077229], [16.3602653, 44.9077195], [16.3602274, 44.9077111], [16.3601871, 44.9076977], [16.3601516, 44.9076809], [16.3600853, 44.9076541], [16.3600403, 44.9076407], [16.3600024, 44.9076273], [16.3599621, 44.9076088], [16.3599384, 44.907587], [16.3599242, 44.9075618], [16.3599171, 44.907535], [16.3599171, 44.9075031], [16.3599266, 44.9074746], [16.3599479, 44.9074528], [16.3599834, 44.9074327], [16.3600142, 44.9074125], [16.3600639, 44.9073387], [16.3600592, 44.9073102], [16.360045, 44.9072817], [16.3600284, 44.9072515], [16.3600095, 44.9072263], [16.3600047, 44.9071978], [16.3600213, 44.907171], [16.3600521, 44.9071525], [16.3600876, 44.9071374], [16.3601208, 44.907124], [16.3601539, 44.9071072], [16.3601918, 44.9070838], [16.3602155, 44.9070619], [16.3602274, 44.9070351], [16.3602274, 44.9070066], [16.3602226, 44.9069764], [16.3602013, 44.9069412], [16.3601824, 44.906916], [16.3601611, 44.9068908], [16.3601374, 44.9068674], [16.3601161, 44.9068422], [16.3600876, 44.9068137], [16.3600521, 44.9067952], [16.3600118, 44.9067852], [16.3599882, 44.9067634], [16.36, 44.9067382], [16.3600284, 44.9067164], [16.3600711, 44.9066979], [16.3601089, 44.9066879], [16.3601374, 44.9066677], [16.3601445, 44.9066359], [16.3601492, 44.9066073], [16.3601492, 44.9065755], [16.3601516, 44.9065453], [16.360199, 44.9064044], [16.360199, 44.9063758], [16.3601918, 44.9063406], [16.3601871, 44.9063104], [16.3601776, 44.9062836], [16.3601682, 44.9062551], [16.3601587, 44.9062265], [16.360135, 44.9061762], [16.3601232, 44.906146], [16.3600971, 44.9060856], [16.3600853, 44.9060571], [16.3600734, 44.9060286], [16.3600592, 44.9059967], [16.3600474, 44.9059665], [16.3600426, 44.905938], [16.3600426, 44.9057971], [16.3600332, 44.9057686], [16.3600284, 44.9057384], [16.3600284, 44.9057099], [16.3600332, 44.905678], [16.3600521, 44.9056511], [16.3600829, 44.9056209], [16.3601113, 44.9055975], [16.3601397, 44.9055773], [16.3601658, 44.9055555], [16.3601966, 44.9055354], [16.3602274, 44.9055153], [16.3604287, 44.9053995], [16.3604571, 44.9053811], [16.3604855, 44.9053609], [16.3605092, 44.9053341], [16.3605282, 44.9053089], [16.3605424, 44.9052754], [16.3605519, 44.9052452], [16.3605519, 44.905215], [16.3605495, 44.9051848], [16.3605495, 44.9051227], [16.3605448, 44.9050942], [16.3605448, 44.9050673], [16.3605519, 44.9050355], [16.3605637, 44.9050053], [16.3605803, 44.9049784], [16.3605945, 44.9049499], [16.3606111, 44.9049248], [16.3606277, 44.9048979], [16.3606371, 44.9048711], [16.360649, 44.9048426], [16.3606584, 44.9048174], [16.3606703, 44.9047855], [16.3606821, 44.9047486], [16.360694, 44.9047151], [16.3607011, 44.9046832], [16.3607034, 44.9046463], [16.3607058, 44.9046127], [16.3607058, 44.9045809], [16.360694, 44.9045507], [16.3606845, 44.9045205], [16.3606703, 44.9044936], [16.3606419, 44.9044735], [16.360604, 44.9044567], [16.3605566, 44.90445], [16.360424, 44.90445], [16.360379, 44.9044483], [16.3603387, 44.904445], [16.3603008, 44.9044315], [16.3602653, 44.9044198], [16.3602368, 44.9043963], [16.3602155, 44.9043745], [16.3601776, 44.9043259], [16.36018, 44.904299], [16.3601942, 44.9042739], [16.3602037, 44.9042487], [16.3602037, 44.9042185], [16.3601918, 44.9041916], [16.3601705, 44.9041648], [16.3601468, 44.9041396], [16.3601113, 44.9041212], [16.3600758, 44.9041061], [16.3600355, 44.904086], [16.3599976, 44.9040675], [16.3599597, 44.9040558], [16.3599171, 44.9040541], [16.3598745, 44.9040591], [16.3598318, 44.9040709], [16.3597845, 44.9040759], [16.3597466, 44.9040642], [16.3597229, 44.9040407], [16.3597039, 44.9040155], [16.3596921, 44.903987], [16.3596873, 44.9039551], [16.359685, 44.9039266], [16.3596731, 44.903893], [16.3596566, 44.9038561], [16.3596376, 44.903831], [16.3596163, 44.9038075], [16.3596021, 44.9037823], [16.3596092, 44.9037538], [16.3596329, 44.9037303], [16.3596566, 44.9037018], [16.3596755, 44.9036749], [16.359685, 44.9036481], [16.3596921, 44.9036196], [16.3596897, 44.9035911], [16.3596684, 44.9035273], [16.3596566, 44.9034971], [16.35964, 44.903472], [16.359621, 44.9034468], [16.3596163, 44.9034166], [16.3596281, 44.9033898], [16.3596566, 44.9033646], [16.3596779, 44.9033394], [16.3596921, 44.9033109], [16.3597087, 44.903279], [16.3597205, 44.9032472], [16.359775, 44.90317], [16.3597821, 44.9031398], [16.3597845, 44.9031113], [16.3597845, 44.9030794], [16.3597892, 44.9030525], [16.3598034, 44.9030207], [16.3598224, 44.9029955], [16.359846, 44.902972], [16.3598721, 44.9029485], [16.3599029, 44.902925], [16.3599668, 44.9028898], [16.36, 44.9028764], [16.3600308, 44.902863], [16.3600687, 44.9028512], [16.3601042, 44.9028395], [16.3601397, 44.9028294], [16.36018, 44.9028177], [16.3602155, 44.9028076], [16.3602961, 44.9027841], [16.3603671, 44.902764], [16.360405, 44.9027606], [16.3604476, 44.9027606], [16.3604903, 44.902769], [16.3605305, 44.9027707], [16.3605708, 44.9027707], [16.3606087, 44.9027606], [16.3606348, 44.9027388], [16.3606632, 44.9027187], [16.3606916, 44.9027019], [16.3607556, 44.9026617], [16.360784, 44.9026365], [16.3608077, 44.9026147], [16.3608242, 44.9025895], [16.3608337, 44.902556], [16.3608361, 44.9025274], [16.3608361, 44.9024973], [16.3608313, 44.9024671], [16.360829, 44.9024385], [16.3608313, 44.9024083], [16.3608456, 44.9023848], [16.3608716, 44.902363], [16.3608953, 44.9023412], [16.3609214, 44.9023194], [16.3609379, 44.9022943], [16.3609427, 44.9022657], [16.3609427, 44.9022372], [16.3609379, 44.9022087], [16.3609237, 44.9021819], [16.3609071, 44.902155], [16.3608882, 44.9021298], [16.3608716, 44.902103], [16.360855, 44.9020762], [16.3608408, 44.9020493], [16.360829, 44.9020174], [16.3608242, 44.9019856], [16.3608219, 44.9019554], [16.3608432, 44.9019319], [16.360874, 44.9019151], [16.3609119, 44.901905], [16.3609498, 44.901895], [16.3609853, 44.9018883], [16.3610185, 44.9018681], [16.3610185, 44.9018396], [16.3609829, 44.9017826], [16.3609592, 44.9017591], [16.3609261, 44.9017356], [16.3608882, 44.9017222], [16.3608479, 44.9017138], [16.36081, 44.9017071], [16.3607674, 44.9016937], [16.3607319, 44.9016802], [16.360694, 44.9016618], [16.3606656, 44.9016416], [16.3606395, 44.9016198], [16.3606229, 44.9015947], [16.3606016, 44.9015712], [16.3605779, 44.9015494], [16.36054, 44.9015309], [16.3604998, 44.9015158], [16.3604619, 44.9015007], [16.360424, 44.9014839], [16.3603932, 44.9014672], [16.3603553, 44.9014437], [16.3603292, 44.9014185], [16.3602795, 44.9013648], [16.3602511, 44.9013413], [16.360225, 44.9013162], [16.3602061, 44.901291], [16.3601847, 44.9012642], [16.3601611, 44.9012407], [16.3601232, 44.901234], [16.3600829, 44.9012256], [16.3600474, 44.9012105], [16.3600142, 44.9011903], [16.3599905, 44.9011652], [16.3599763, 44.9011367], [16.3599763, 44.9011081], [16.359981, 44.9010796], [16.3599976, 44.9010511], [16.3600095, 44.9010226], [16.3600095, 44.9009957], [16.3599976, 44.9009689], [16.359981, 44.9009437], [16.3599668, 44.9009152], [16.3599692, 44.9008867], [16.3599929, 44.9008615], [16.3600189, 44.9008397], [16.3600545, 44.9008263], [16.36009, 44.9008145], [16.3601326, 44.9008129], [16.3601729, 44.9008213], [16.3602132, 44.9008347], [16.3602487, 44.9008515], [16.3602913, 44.9008666], [16.3603292, 44.9008766], [16.3604097, 44.9008917], [16.36045, 44.9008917], [16.3604974, 44.900885], [16.3605305, 44.9008699], [16.3605448, 44.9008397], [16.3605471, 44.9008112], [16.3605448, 44.9007827], [16.3605353, 44.9007541], [16.3605211, 44.9007273], [16.3605092, 44.9006988], [16.3604879, 44.9006753], [16.3604548, 44.9006585], [16.3604097, 44.9006501], [16.3603695, 44.9006451], [16.3603316, 44.9006367], [16.3602961, 44.9006183], [16.3602771, 44.9005948], [16.3602724, 44.9005679], [16.3602818, 44.9005394], [16.3603079, 44.9005142], [16.3603411, 44.9004924], [16.3604097, 44.9004454], [16.3604358, 44.900422], [16.3604832, 44.9003783], [16.3605116, 44.9003582], [16.3605377, 44.9003364], [16.3605637, 44.9003129], [16.3605803, 44.9002894], [16.3605945, 44.9002575], [16.3606016, 44.900229], [16.3606111, 44.900172], [16.3606087, 44.9001401], [16.3605969, 44.9001116], [16.3605874, 44.9000831], [16.3605732, 44.9000545], [16.3605495, 44.8999941], [16.3605234, 44.8999337], [16.3605187, 44.8999052], [16.3605163, 44.899875], [16.3605211, 44.8998482], [16.3605305, 44.899818], [16.3605424, 44.8997878], [16.3605471, 44.8997559], [16.3605471, 44.8996955], [16.3605353, 44.899667], [16.3605092, 44.8996452], [16.3604713, 44.8996368], [16.3604311, 44.8996284], [16.3603932, 44.8996167], [16.36036, 44.8995999], [16.3603316, 44.8995797], [16.3603103, 44.8995563], [16.3602961, 44.8995294], [16.360289, 44.8995026], [16.3602724, 44.8994757], [16.3602368, 44.8994573], [16.3602037, 44.8994388], [16.3601871, 44.8994153], [16.3601847, 44.8993868], [16.3601895, 44.8993583], [16.3601824, 44.8993264], [16.3601634, 44.8992996], [16.3600782, 44.8992408], [16.3600545, 44.8992157], [16.3600308, 44.8991939], [16.3600166, 44.8991653], [16.3600118, 44.8991385], [16.3600095, 44.89911], [16.3600189, 44.8990798], [16.3600355, 44.8990546], [16.3600521, 44.8990294], [16.3600734, 44.8990076], [16.3600853, 44.8989808], [16.36009, 44.8989523], [16.36009, 44.8989254], [16.3600876, 44.8988969], [16.3600876, 44.8988667], [16.36009, 44.8988382], [16.3601113, 44.8988113], [16.3601468, 44.8987979], [16.3601895, 44.8987979], [16.3602297, 44.8987996], [16.3602724, 44.8988063], [16.3603126, 44.898808], [16.3603458, 44.8987946], [16.3603719, 44.8987728], [16.3603955, 44.8987509], [16.3604097, 44.8987224], [16.3604192, 44.8986956], [16.3604311, 44.8986687], [16.3604476, 44.8986436], [16.3604642, 44.8986201], [16.3604926, 44.8985949], [16.3605258, 44.8985781], [16.3605613, 44.8985614], [16.3605992, 44.8985496], [16.3606324, 44.8985395], [16.3606656, 44.8985228], [16.3606892, 44.898501], [16.3606916, 44.8984741], [16.3606821, 44.8984456], [16.3606798, 44.8984187], [16.3607082, 44.8983953], [16.3607248, 44.8983701], [16.3607413, 44.8983449], [16.3607792, 44.8983466], [16.3608195, 44.8983516], [16.3608621, 44.8983651], [16.3608953, 44.8983818], [16.3609285, 44.898402], [16.3609664, 44.8984221], [16.3610019, 44.8984372], [16.3610374, 44.8984489], [16.3610493, 44.8984204], [16.3610256, 44.8983969], [16.3609995, 44.8983718], [16.36099, 44.8983416], [16.36099, 44.898313], [16.3610019, 44.8982795], [16.3610114, 44.8982526], [16.3610208, 44.8982258], [16.3610445, 44.898204], [16.3610824, 44.8981922], [16.361125, 44.8981889], [16.3611724, 44.8981889], [16.3612079, 44.8982023], [16.3612435, 44.8982208], [16.3612837, 44.8982392], [16.3613169, 44.898256], [16.3613524, 44.8982661], [16.3613714, 44.8982409], [16.3613595, 44.8982124], [16.3613429, 44.8981889], [16.3613311, 44.8981604], [16.3613477, 44.8981335], [16.3613808, 44.8981167], [16.3614187, 44.8981016], [16.3614637, 44.8980899], [16.3615443, 44.8980631], [16.3615774, 44.898048], [16.3616011, 44.8980261], [16.3616106, 44.8979976], [16.3615916, 44.8979725], [16.3615443, 44.8979674], [16.3614898, 44.8979691], [16.3614377, 44.8979758], [16.3613974, 44.8979842], [16.3613477, 44.8979943], [16.3613051, 44.898006], [16.3612648, 44.8980094], [16.3612245, 44.8980027], [16.3611985, 44.8979808], [16.3611843, 44.897949], [16.3611772, 44.8979188], [16.3611772, 44.8978919], [16.3612364, 44.8977946], [16.3612387, 44.8977661], [16.3612624, 44.8977057], [16.3612719, 44.8976772], [16.3612837, 44.8976503], [16.3612908, 44.8976218], [16.3612908, 44.8975329], [16.3612956, 44.897506], [16.3613074, 44.8974809], [16.3613287, 44.8974557], [16.3613927, 44.8974171], [16.361433, 44.8973987], [16.3614661, 44.8973768], [16.3615064, 44.89735], [16.3615395, 44.8973299], [16.361568, 44.8973097], [16.3616106, 44.8972879], [16.361639, 44.8972627], [16.3616651, 44.8972409], [16.3616793, 44.8972158], [16.3617006, 44.8971923], [16.3617243, 44.8971654], [16.3626741, 44.895803], [16.362963, 44.8951034], [16.3629891, 44.894647], [16.3629796, 44.8941956], [16.3628991, 44.8939742], [16.3626598, 44.8936822], [16.3626646, 44.8931067], [16.3632675, 44.8918158], [16.3632772, 44.8915622], [16.363443, 44.8913474], [16.3634146, 44.8909749], [16.3632251, 44.89074], [16.3631683, 44.8905957], [16.3631872, 44.8904916], [16.3630025, 44.8902567], [16.3630025, 44.8899748], [16.3627562, 44.8896459], [16.3623819, 44.8895989], [16.3621688, 44.8894278], [16.3620551, 44.8892029], [16.3616998, 44.8886693], [16.3612213, 44.888233], [16.3608755, 44.8875316], [16.3610982, 44.8871658], [16.3615293, 44.8867328], [16.3620172, 44.886424], [16.3625288, 44.8862931], [16.3626804, 44.8859743], [16.3627893, 44.8859172], [16.3628698, 44.8856353], [16.3630262, 44.8855145], [16.3630925, 44.8853098], [16.3632109, 44.8851386], [16.3632014, 44.8848701], [16.3630877, 44.8846956], [16.3633104, 44.8845344], [16.3634904, 44.8845311], [16.3635188, 44.8844807], [16.3635093, 44.8844237], [16.3634857, 44.88437], [16.363443, 44.8843196], [16.3633957, 44.884276], [16.3633578, 44.8842257], [16.363353, 44.8841686], [16.3634099, 44.8841149], [16.363462, 44.8840646], [16.3634904, 44.8840109], [16.363462, 44.8839538], [16.3634099, 44.8839035], [16.3633625, 44.8838565], [16.3633435, 44.8838028], [16.3633435, 44.8837457], [16.3633578, 44.8836886], [16.3633672, 44.8836349], [16.363372, 44.8835745], [16.3633435, 44.8835242], [16.3633104, 44.8834772], [16.3633009, 44.8834235], [16.3633246, 44.8833698], [16.3633957, 44.8833329], [16.3634525, 44.8832959], [16.3634667, 44.8832389], [16.3634525, 44.8831785], [16.3634288, 44.8831248], [16.363462, 44.8829939], [16.3634999, 44.8829435], [16.3634667, 44.8828865], [16.3634193, 44.8828395], [16.3633625, 44.8827992], [16.3633009, 44.8827589], [16.3632583, 44.8827119], [16.3632346, 44.8826582], [16.3632299, 44.8825978], [16.3632299, 44.8825441], [16.3632156, 44.882487], [16.3632251, 44.88243], [16.3632678, 44.8823796], [16.3632962, 44.8823259], [16.3633009, 44.8822689], [16.3633009, 44.8822152], [16.3632962, 44.8821547], [16.3633009, 44.8820977], [16.3633483, 44.8820473], [16.3634241, 44.881997], [16.3634951, 44.8819634], [16.3635757, 44.8819332], [16.3636467, 44.881903], [16.3637083, 44.8818661], [16.3637604, 44.8818157], [16.3637888, 44.8817553], [16.363803, 44.8816949], [16.3638078, 44.8816345], [16.3638173, 44.8815808], [16.3638551, 44.8815304], [16.3639215, 44.8815036], [16.3639973, 44.8814868], [16.3640683, 44.8814499], [16.3641204, 44.8814096], [16.3642246, 44.8813156], [16.3662047, 44.8797649], [16.36638, 44.8795769], [16.3664937, 44.8793487], [16.36674, 44.8793554], [16.3668158, 44.8793352], [16.3668916, 44.8793084], [16.3669674, 44.8792782], [16.367029, 44.879248], [16.3670858, 44.8792144], [16.3671332, 44.8791674], [16.3671663, 44.8791171], [16.371496, 44.8770325], [16.3719981, 44.8770157], [16.3723358, 44.8768045], [16.3723629, 44.8767875], [16.3724734, 44.8768183], [16.3725237, 44.876835], [16.3725605, 44.8768682], [16.3725806, 44.8769062], [16.3726309, 44.8769252], [16.3726845, 44.8769275], [16.3727313, 44.876956], [16.3727749, 44.8769869], [16.3728385, 44.8769892], [16.3728988, 44.876975], [16.3729491, 44.8769608], [16.3730027, 44.8769679], [16.3730596, 44.8769845], [16.3731099, 44.8770082], [16.3731534, 44.8770415], [16.3732003, 44.8770604], [16.3732639, 44.8770699], [16.3733209, 44.8770581], [16.3736391, 44.8770059], [16.3736927, 44.8770059], [16.3737496, 44.8770035], [16.3738635, 44.876994], [16.3739171, 44.8769916], [16.3740946, 44.8769916], [16.3742152, 44.8769964], [16.3742688, 44.8770059], [16.3743325, 44.8770177], [16.374453, 44.877051], [16.37451, 44.8770676], [16.3745669, 44.8770866], [16.374654, 44.8771388], [16.3746808, 44.8771744], [16.3747043, 44.8772124], [16.3747277, 44.877248], [16.374778, 44.877267], [16.3748349, 44.8772741], [16.3749588, 44.8772741], [16.3750158, 44.8772764], [16.3750627, 44.8773002], [16.3750995, 44.8773358], [16.3751397, 44.8773643], [16.3751866, 44.877388], [16.3752402, 44.8774022], [16.3752938, 44.8774022], [16.3753474, 44.8773856], [16.3753976, 44.8773643], [16.3754445, 44.8773429], [16.3754948, 44.8773263], [16.3755551, 44.8773002], [16.3756053, 44.8772812], [16.3756589, 44.8772646], [16.3757125, 44.8772503], [16.3757661, 44.8772456], [16.3758197, 44.877248], [16.3758766, 44.8772527], [16.3759235, 44.8772788], [16.3759436, 44.8773192], [16.375947, 44.8773595], [16.3759537, 44.8773999], [16.3759704, 44.8774402], [16.3760173, 44.8774735], [16.3760742, 44.8774948], [16.3761312, 44.8775091], [16.3761848, 44.8775138], [16.3762384, 44.8775162], [16.3762987, 44.8775162], [16.3763556, 44.8775067], [16.3764394, 44.8774853], [16.3765063, 44.8774829], [16.3765633, 44.8774829], [16.3766202, 44.8774948], [16.3766805, 44.8775043], [16.3767341, 44.8775114], [16.3767844, 44.8774996], [16.3768447, 44.8774972], [16.3768982, 44.8775067], [16.3769451, 44.8775257], [16.3770021, 44.8775352], [16.377059, 44.8775399], [16.377116, 44.8775399], [16.3771729, 44.8775375], [16.3772332, 44.8775399], [16.3773036, 44.8775518], [16.3773772, 44.8775684], [16.3774275, 44.8775826], [16.3774811, 44.8776087], [16.377528, 44.8776301], [16.3775816, 44.8776444], [16.3776419, 44.8776491], [16.3777022, 44.8776444], [16.3777591, 44.8776467], [16.3778194, 44.877661], [16.3778797, 44.87768], [16.3779299, 44.8776989], [16.3779802, 44.8777132], [16.3780405, 44.8777179], [16.3781543, 44.8777227], [16.3782046, 44.8777061], [16.3782649, 44.8776989], [16.3783252, 44.8777037], [16.3783821, 44.8777108], [16.3784424, 44.8777037], [16.3784927, 44.8776847], [16.3785329, 44.8776538], [16.37863, 44.8775993], [16.3786869, 44.8775921], [16.3787472, 44.8775779], [16.3788008, 44.8775684], [16.3788511, 44.8775447], [16.3789114, 44.8775138], [16.3789583, 44.8774877], [16.3790319, 44.877426], [16.3790721, 44.8773904], [16.379119, 44.8773643], [16.3791793, 44.8773571], [16.3792329, 44.8773571], [16.3792865, 44.8773643], [16.3793401, 44.8773761], [16.3794004, 44.8773785], [16.3794573, 44.8773761], [16.3795176, 44.8773595], [16.3796248, 44.877331], [16.3796818, 44.8773192], [16.3797354, 44.8773097], [16.3797957, 44.8773073], [16.3798559, 44.8773168], [16.3799162, 44.8773239], [16.3799732, 44.8773168], [16.3800067, 44.8772836], [16.3800067, 44.8772432], [16.3800234, 44.8772052], [16.3800837, 44.8771957], [16.3801407, 44.8771957], [16.3801943, 44.8771839], [16.3802412, 44.8771649], [16.380288, 44.8771435], [16.3803383, 44.8771293], [16.3803952, 44.8771222], [16.3804555, 44.8771127], [16.3805058, 44.8770913], [16.3805493, 44.8770628], [16.3805929, 44.8770391], [16.3807335, 44.8769774], [16.3807871, 44.876975], [16.3808474, 44.8769679], [16.380901, 44.8769536], [16.3809211, 44.8769204], [16.3809345, 44.8768801], [16.3809982, 44.8768753], [16.3810551, 44.8768729], [16.3811154, 44.8768658], [16.381169, 44.8768539], [16.3812125, 44.8768231], [16.3812561, 44.876797], [16.3812996, 44.8767756], [16.3813566, 44.8767637], [16.3814102, 44.8767519], [16.3814504, 44.876721], [16.3814906, 44.8766925], [16.3815441, 44.8766569], [16.3816078, 44.8766261], [16.3816513, 44.8766047], [16.3817016, 44.8765857], [16.3817518, 44.8765644], [16.3817987, 44.8765406], [16.3818389, 44.8765145], [16.3818758, 44.8764789], [16.3819193, 44.8764552], [16.3819662, 44.8764338], [16.3820198, 44.8764386], [16.38207, 44.8764504], [16.382127, 44.8764504], [16.3821839, 44.8764409], [16.3822342, 44.8764267], [16.3822911, 44.8764243], [16.3823447, 44.8764362], [16.3823949, 44.8764575], [16.3824452, 44.8764837], [16.3824954, 44.8765026], [16.3825423, 44.8765335], [16.3825859, 44.8765572], [16.3826395, 44.8765715], [16.3826964, 44.8765715], [16.3827199, 44.8765383], [16.3826763, 44.8765098], [16.3826194, 44.8764979], [16.3826227, 44.8764575], [16.3826663, 44.8764362], [16.3827098, 44.8764125], [16.3827668, 44.8763958], [16.3828203, 44.8763982], [16.3828739, 44.8764196], [16.3829275, 44.8764338], [16.3829811, 44.8764219], [16.3830024, 44.8764134], [16.3830308, 44.8764122], [16.3830627, 44.8764087], [16.3830945, 44.876411], [16.3831481, 44.8764312], [16.3831765, 44.8764324], [16.3832033, 44.8764324], [16.3832251, 44.8764229], [16.3832486, 44.876411], [16.383277, 44.8764075], [16.3833139, 44.8764075], [16.3833423, 44.8764063], [16.3833691, 44.8764099], [16.3833993, 44.876411], [16.3834345, 44.876411], [16.3834663, 44.8764087], [16.3834964, 44.8764087], [16.3835249, 44.8764075], [16.3835869, 44.8764075], [16.383617, 44.8764122], [16.3836505, 44.8764182], [16.3836807, 44.8764265], [16.3837058, 44.8764348], [16.3837292, 44.8764455], [16.3837594, 44.8764597], [16.3837845, 44.8764704], [16.3838079, 44.8764822], [16.3838331, 44.8764953], [16.3838565, 44.8765072], [16.38388, 44.876519], [16.3839034, 44.8765321], [16.3839269, 44.8765463], [16.3839486, 44.8765618], [16.3839654, 44.8765796], [16.3839838, 44.8765962], [16.3839989, 44.876614], [16.3840173, 44.876633], [16.384034, 44.8766508], [16.3840558, 44.8766698], [16.3840793, 44.8766852], [16.3841027, 44.8766959], [16.3841295, 44.876703], [16.384158, 44.8767042], [16.3842166, 44.8767042], [16.3842467, 44.8767018], [16.3842735, 44.8766947], [16.384297, 44.8766828], [16.3843188, 44.876671], [16.3843422, 44.8766591], [16.3843657, 44.876646], [16.3843908, 44.8766318], [16.3844326, 44.8766057], [16.3844594, 44.8765891], [16.3844829, 44.876576], [16.3845034, 44.8765558], [16.3845696, 44.8765062], [16.3846476, 44.8765357], [16.3846944, 44.8765523], [16.3847447, 44.8765689], [16.3847983, 44.876576], [16.3848552, 44.8765665], [16.3849122, 44.8765642], [16.3849658, 44.8765737], [16.3850194, 44.8765879], [16.3850663, 44.8766164], [16.3851031, 44.8766472], [16.3851466, 44.8767232], [16.3851667, 44.8767612], [16.3851902, 44.8767992], [16.3852136, 44.8768371], [16.3852404, 44.8768751], [16.3852773, 44.8769083], [16.3853577, 44.8769606], [16.3854046, 44.8769843], [16.3854548, 44.8770009], [16.3855084, 44.8770104], [16.3855687, 44.8770199], [16.3856323, 44.8770294], [16.3856859, 44.8770365], [16.3857395, 44.8770484], [16.3857965, 44.8770603], [16.3858501, 44.8770769], [16.385897, 44.8771006], [16.3859305, 44.8771338], [16.3859606, 44.8771718], [16.3859773, 44.8772122], [16.3859941, 44.8772501], [16.3860108, 44.8772905], [16.3860376, 44.8773261], [16.3860778, 44.877357], [16.3861247, 44.8773736], [16.3861709, 44.8773863], [16.3862103, 44.8773896], [16.3862601, 44.8773814], [16.386298, 44.8773764], [16.3863785, 44.8773747], [16.3864235, 44.8773848], [16.3864543, 44.8774032], [16.386478, 44.8774267], [16.3865017, 44.8774486], [16.3865277, 44.877472], [16.3865585, 44.8774888], [16.3866012, 44.8774955], [16.3866485, 44.8774972], [16.3866888, 44.8774955], [16.3867219, 44.8774838], [16.3867551, 44.877467], [16.3867883, 44.8774486], [16.3868262, 44.8774368], [16.3868664, 44.8774351], [16.386902, 44.8774486], [16.3869138, 44.8774771], [16.3869185, 44.877509], [16.3869185, 44.8775392], [16.3869233, 44.8775677], [16.3869398, 44.8776013], [16.3869612, 44.8776248], [16.3869991, 44.8776449], [16.387037, 44.8776617], [16.3870772, 44.8776718], [16.3871175, 44.8776768], [16.3871506, 44.8776634], [16.3871838, 44.8776516], [16.387217, 44.8776365], [16.3872549, 44.8776281], [16.3873022, 44.8776315], [16.3873354, 44.8776483], [16.3873425, 44.8776768], [16.3873449, 44.8777053], [16.3873449, 44.8777339], [16.3873567, 44.8777607], [16.3873804, 44.8777842], [16.3874136, 44.8778027], [16.3874562, 44.8778111], [16.3874965, 44.8778195], [16.3875343, 44.8778245], [16.3875746, 44.8778279], [16.3876149, 44.8778346], [16.387648, 44.8778463], [16.3876788, 44.8778631], [16.387712, 44.8778765], [16.3877499, 44.877895], [16.3877854, 44.8779067], [16.3878233, 44.8779185], [16.3878636, 44.8779252], [16.3878825, 44.8779], [16.3878825, 44.8778715], [16.3879157, 44.8778564], [16.3879488, 44.877843], [16.3879867, 44.8778379], [16.3880246, 44.8778379], [16.3880625, 44.8778413], [16.3881028, 44.8778514], [16.3881407, 44.8778631], [16.388181, 44.8778715], [16.3882212, 44.8778732], [16.3882639, 44.8778665], [16.3883065, 44.8778547], [16.3883444, 44.877843], [16.3883846, 44.8778279], [16.3884178, 44.8778178], [16.388451, 44.8778044], [16.388477, 44.8777859], [16.3884841, 44.8777557], [16.3884699, 44.8777255], [16.3884439, 44.8777003], [16.3884131, 44.8776802], [16.3883894, 44.8776567], [16.388361, 44.8776315], [16.3883396, 44.8776097], [16.3883183, 44.8775845], [16.3883041, 44.8775576], [16.3883207, 44.8775325], [16.3883633, 44.8775258], [16.388406, 44.8775258], [16.3885268, 44.8775509], [16.3885647, 44.877561], [16.3886049, 44.8775677], [16.3886428, 44.8775728], [16.3886855, 44.8775778], [16.3887257, 44.8775778], [16.3887684, 44.8775728], [16.3888086, 44.8775728], [16.3888441, 44.8775811], [16.3888844, 44.8775879], [16.388927, 44.8775879], [16.3889673, 44.8775795], [16.3890028, 44.8775694], [16.3890431, 44.877561], [16.389081, 44.8775576], [16.3891189, 44.8775576], [16.3891568, 44.8775677], [16.3891852, 44.8775895], [16.3892089, 44.8776114], [16.3892184, 44.8776399], [16.3892184, 44.8776684], [16.3892018, 44.8776902], [16.3892184, 44.8777171], [16.3892634, 44.8777406], [16.389306, 44.8777456], [16.3893415, 44.8777372], [16.38937, 44.8777154], [16.3894007, 44.8776902], [16.3894363, 44.8776818], [16.3894765, 44.8776869], [16.3895097, 44.8777053], [16.3895429, 44.8777188], [16.3895855, 44.8777204], [16.389621, 44.8777087], [16.3896589, 44.8776886], [16.3896921, 44.8776701], [16.3897347, 44.87766], [16.3897797, 44.87766], [16.3898223, 44.8776701], [16.3898602, 44.8776802], [16.3898981, 44.8776768], [16.3899337, 44.8776583], [16.3899668, 44.8776416], [16.3900071, 44.8776298], [16.3900497, 44.8776265], [16.3900876, 44.8776298], [16.3901184, 44.8776516], [16.3901303, 44.8777121], [16.3901681, 44.8777204], [16.390251, 44.8777238], [16.3902676, 44.877749], [16.3902747, 44.8777775], [16.3902913, 44.877806], [16.3903292, 44.8778262], [16.3903695, 44.8778379], [16.3904168, 44.877848], [16.3904571, 44.8778514], [16.3904997, 44.877848], [16.3905376, 44.8778396], [16.3905732, 44.8778295], [16.3905969, 44.8778077], [16.3906134, 44.8777825], [16.3906205, 44.8777557], [16.3906205, 44.8777255], [16.3905992, 44.877702], [16.3905708, 44.8776802], [16.3905542, 44.8776516], [16.3905684, 44.8776281], [16.3905992, 44.8776147], [16.3906371, 44.8776063], [16.3906798, 44.8776046], [16.3907153, 44.8775979], [16.3907484, 44.8775862], [16.390784, 44.8775677], [16.3908171, 44.8775476], [16.3908432, 44.8775241], [16.3908503, 44.8774939], [16.3908503, 44.8774653], [16.3908716, 44.8774402], [16.3909119, 44.87742], [16.3909521, 44.8774099], [16.3910374, 44.8773898], [16.3910753, 44.8773848], [16.3911156, 44.8773865], [16.3911558, 44.8773865], [16.3912079, 44.8773831], [16.3912435, 44.8773747], [16.391279, 44.8773613], [16.3913121, 44.8773428], [16.3913358, 44.8773227], [16.3913737, 44.877321], [16.3914211, 44.8773193], [16.391459, 44.8773227], [16.3914779, 44.8773478], [16.391485, 44.8773781], [16.3914827, 44.8774066], [16.3915016, 44.8774301], [16.3915466, 44.8774402], [16.3915893, 44.8774418], [16.3916224, 44.8774569], [16.3916343, 44.8774855], [16.3916627, 44.8775073], [16.391703, 44.877509], [16.3917385, 44.8774922], [16.3917622, 44.8774704], [16.3917716, 44.8774418], [16.3917811, 44.8774133], [16.3917811, 44.8773865], [16.391774, 44.8773579], [16.3917716, 44.8773277], [16.3917859, 44.8773009], [16.3918143, 44.877279], [16.3918545, 44.8772757], [16.3918901, 44.8772874], [16.3919019, 44.877316], [16.3919043, 44.8773445], [16.391883, 44.8773713], [16.3918664, 44.8773982], [16.3918664, 44.8774267], [16.3918711, 44.8774569], [16.3918924, 44.8774821], [16.3919232, 44.8775023], [16.3919611, 44.8775107], [16.3920014, 44.877514], [16.3920417, 44.8775157], [16.3920795, 44.8775056], [16.3921127, 44.8774922], [16.392153, 44.8774872], [16.392198, 44.8774872], [16.3922359, 44.8774888], [16.3922761, 44.8774888], [16.392314, 44.8774788], [16.3923425, 44.8774603], [16.392359, 44.8774351], [16.3923614, 44.8774083], [16.3923543, 44.8773797], [16.3923756, 44.8773562], [16.3924135, 44.8773395], [16.3924467, 44.877326], [16.3924775, 44.8773109], [16.3925011, 44.8772908], [16.3925272, 44.8772639], [16.3925414, 44.8772388], [16.3925533, 44.8772119], [16.3925746, 44.8771867], [16.3925983, 44.8771649], [16.3926338, 44.8771498], [16.3927191, 44.8771515], [16.3927664, 44.8771548], [16.3928138, 44.8771615], [16.3928612, 44.8771699], [16.3929062, 44.8771783], [16.3929441, 44.877185], [16.3929796, 44.8772001], [16.3930199, 44.8772186], [16.3930506, 44.8772371], [16.393072, 44.8772623], [16.3930862, 44.8772874], [16.3931075, 44.8773126], [16.3931406, 44.877326], [16.393188, 44.8773327], [16.393233, 44.8773361], [16.3932709, 44.877326], [16.3932993, 44.8773076], [16.3933301, 44.8772891], [16.3933704, 44.8772841], [16.393413, 44.8772841], [16.3934533, 44.8772874], [16.3934912, 44.8772975], [16.393567, 44.877321], [16.3936072, 44.8773277], [16.3936475, 44.8773294], [16.3936878, 44.877326], [16.393728, 44.877321], [16.3937612, 44.8773092], [16.3938015, 44.8773025], [16.3938394, 44.8773025], [16.3938773, 44.8773109], [16.3939507, 44.8773327], [16.3939791, 44.8773529], [16.3940075, 44.8773747], [16.3940312, 44.8773982], [16.3940502, 44.8774234], [16.3940502, 44.8774536], [16.3940478, 44.8774821], [16.3940478, 44.8775123], [16.3940667, 44.8775375], [16.3941023, 44.8775493], [16.3941425, 44.8775493], [16.3941852, 44.8775425], [16.3942278, 44.8775425], [16.394261, 44.8775543], [16.3942846, 44.8775778], [16.3942894, 44.8776063], [16.394287, 44.8776349], [16.3942704, 44.8777087], [16.3942752, 44.8777372], [16.3943012, 44.8777607], [16.3943415, 44.8777658], [16.394377, 44.877759], [16.3944125, 44.8777456], [16.3944457, 44.8777607], [16.3944481, 44.8777926], [16.394422, 44.8778161], [16.3943865, 44.8778346], [16.3943533, 44.8778547], [16.3943368, 44.8778799], [16.3943225, 44.8779084], [16.394332, 44.8779386], [16.3943652, 44.8779521], [16.3944054, 44.8779537], [16.3944481, 44.8779537], [16.394486, 44.8779487], [16.3945239, 44.877947], [16.3945736, 44.877947], [16.3946139, 44.8779521], [16.3946589, 44.8779571], [16.3946991, 44.8779621], [16.3947441, 44.8779655], [16.3947891, 44.8779722], [16.394827, 44.8779806], [16.3948626, 44.877994], [16.3949005, 44.8779974], [16.3949289, 44.8779789], [16.3949384, 44.8779521], [16.3949431, 44.8779235], [16.3949526, 44.8778984], [16.3949739, 44.8778749], [16.3950047, 44.8778564], [16.3950426, 44.877848], [16.3950828, 44.8778497], [16.395116, 44.8778648], [16.3951349, 44.87789], [16.3951421, 44.8779185], [16.3951539, 44.877947], [16.3951776, 44.8779705], [16.3952107, 44.8779923], [16.3952463, 44.8780091], [16.3952818, 44.8780209], [16.395315, 44.8780326], [16.3953505, 44.8780511], [16.3953789, 44.8780712], [16.3953979, 44.8780981], [16.3954097, 44.8781249], [16.3954121, 44.8781585], [16.3954002, 44.8781887], [16.3953884, 44.8782156], [16.3953742, 44.8782424], [16.3953694, 44.8782726], [16.3953789, 44.8783012], [16.3954026, 44.8783263], [16.3954405, 44.8783347], [16.3954808, 44.8783347], [16.395521, 44.878328], [16.3955471, 44.8783079], [16.3955684, 44.8782844], [16.3955944, 44.878234], [16.3956229, 44.8782156], [16.3956584, 44.8781988], [16.3956987, 44.878187], [16.3957389, 44.8781803], [16.3957792, 44.8781803], [16.39581, 44.8782005], [16.3958313, 44.878229], [16.3958431, 44.8782558], [16.3958408, 44.8782844], [16.3958195, 44.8783079], [16.3958076, 44.8783364], [16.3958123, 44.8783666], [16.3958266, 44.8783951], [16.3958573, 44.8784153], [16.3958952, 44.878427], [16.3959331, 44.8784287], [16.395971, 44.878417], [16.3959947, 44.8783951], [16.3960066, 44.8783683], [16.3960113, 44.8783381], [16.3960231, 44.8783112], [16.3960563, 44.8782961], [16.3960918, 44.8782877], [16.3961274, 44.878271], [16.3961416, 44.8782458], [16.3961582, 44.8782189], [16.3961937, 44.8782055], [16.3962292, 44.8782156], [16.3962482, 44.8782407], [16.3962624, 44.8782676], [16.3962789, 44.8782944], [16.3963097, 44.8783163], [16.39635, 44.878328], [16.3963903, 44.8783381], [16.3964258, 44.8783515], [16.3964566, 44.87837], [16.3964779, 44.8783985], [16.3964968, 44.878427], [16.3965158, 44.8784556], [16.3965324, 44.8784807], [16.3965537, 44.8785059], [16.3965726, 44.8785328], [16.3965797, 44.878563], [16.3965797, 44.8785949], [16.396575, 44.8786268], [16.3965632, 44.8786586], [16.3965347, 44.8786855], [16.3965063, 44.8787073], [16.3964708, 44.8787258], [16.39644, 44.8787459], [16.396414, 44.8787677], [16.3963926, 44.8787912], [16.3963832, 44.8788231], [16.3963784, 44.878855], [16.3963666, 44.8789289], [16.3963476, 44.8789557], [16.3963263, 44.8789826], [16.3963334, 44.8790161], [16.3963547, 44.8790447], [16.3963713, 44.8790715], [16.3963547, 44.8790984], [16.3963216, 44.8791202], [16.3962837, 44.879142], [16.3962174, 44.8791722], [16.3961842, 44.879194], [16.3961676, 44.8792192], [16.3961605, 44.8792494], [16.3961676, 44.8793082], [16.3961439, 44.8793333], [16.3961108, 44.8793535], [16.3960824, 44.8793787], [16.3960824, 44.8794089], [16.3960918, 44.8794374], [16.3961203, 44.8794626], [16.396151, 44.8794827], [16.3961866, 44.8794945], [16.3962245, 44.8795045], [16.3962576, 44.879523], [16.3962789, 44.8795482], [16.3962837, 44.8795784], [16.3962837, 44.8796103], [16.3962647, 44.8796354], [16.3962387, 44.8796573], [16.3962126, 44.8796791], [16.3962008, 44.879711], [16.3961984, 44.8797428], [16.3962032, 44.8797714], [16.3962339, 44.8797932], [16.3962718, 44.8798133], [16.3963003, 44.8798318], [16.3963239, 44.8798587], [16.3963476, 44.8798855], [16.3963666, 44.8799157], [16.3963808, 44.8799442], [16.3963832, 44.8799745], [16.3963903, 44.8800063], [16.3964068, 44.8800349], [16.3964329, 44.880055], [16.3964637, 44.8800735], [16.3964897, 44.8800953], [16.3965063, 44.8801205], [16.3965134, 44.8801507], [16.3965253, 44.8801775], [16.3965276, 44.8802061], [16.3965276, 44.8802379], [16.3965063, 44.8802631], [16.3964921, 44.8802917], [16.396504, 44.8803202], [16.3965371, 44.8803319], [16.3965797, 44.8803386], [16.3966153, 44.8803504], [16.3966437, 44.8803705], [16.3966603, 44.8803974], [16.3966706, 44.8804205], [16.3965794, 44.8804549], [16.3972342, 44.8811254], [16.3969445, 44.8812097], [16.3965911, 44.8813307], [16.3963834, 44.881415], [16.3962511, 44.8814767], [16.3963265, 44.8815538], [16.3957939, 44.8817888], [16.3955494, 44.8818481], [16.3953685, 44.8819514], [16.3952663, 44.8819739], [16.395139, 44.8819561], [16.3952861, 44.8825932], [16.3953334, 44.8832057], [16.3958569, 44.8840163], [16.3954495, 44.8841741], [16.3948053, 44.8845315], [16.3946395, 44.8847866], [16.3945471, 44.8850014], [16.3943055, 44.8853622], [16.3942771, 44.8855871], [16.3942913, 44.8858875], [16.3942297, 44.8862634], [16.3941136, 44.8865755], [16.3938934, 44.8868356], [16.3937181, 44.8869816], [16.3934007, 44.8871041], [16.3930123, 44.8871914], [16.3911104, 44.8875253], [16.3909825, 44.8876612], [16.390864, 44.8881562], [16.3908285, 44.8884415], [16.3907977, 44.8891094], [16.3905016, 44.8896128], [16.3904022, 44.8897101], [16.3906722, 44.8911079], [16.390838, 44.8920425], [16.390909, 44.8924553], [16.3911648, 44.8933161], [16.3915983, 44.8947691], [16.3920393, 44.8962661], [16.3939653, 44.8988974], [16.3942232, 44.8992605], [16.3941127, 44.8993079], [16.3948831, 44.8995974], [16.3957607, 44.8999343], [16.3959047, 44.9002736], [16.3962095, 44.9007624], [16.3965679, 44.9008976], [16.3965981, 44.9010115], [16.3965981, 44.9011372], [16.3966215, 44.9012725], [16.396722, 44.9014219], [16.3969699, 44.9016711], [16.3971374, 44.9017375], [16.3974087, 44.9017399], [16.3984839, 44.9016972], [16.3987485, 44.9017351], [16.3991438, 44.9018538], [16.3992845, 44.9019131], [16.3997969, 44.9019249], [16.4008219, 44.9025442], [16.4010396, 44.9025181], [16.401254, 44.9025821], [16.401321, 44.9026889], [16.4017565, 44.9028479], [16.4024364, 44.9033318], [16.4031532, 44.9035786], [16.4040911, 44.9037304], [16.4045199, 44.9037091], [16.4049017, 44.9036474], [16.4053104, 44.903626], [16.4055516, 44.903626], [16.4058061, 44.9035549], [16.4071024, 44.9037684], [16.4073871, 44.9036593], [16.4075982, 44.9036071], [16.4078795, 44.9035738], [16.408104, 44.9035738], [16.4083418, 44.9035952], [16.4086198, 44.9036071], [16.4088878, 44.9035857], [16.4091993, 44.9035477], [16.409427, 44.9034647], [16.4097084, 44.9033556], [16.4100166, 44.9032702], [16.4102745, 44.9032393], [16.4105793, 44.9032203], [16.4107166, 44.9032583], [16.4109612, 44.9033603], [16.4111856, 44.9034291], [16.411343, 44.903505], [16.4115272, 44.903645], [16.4119225, 44.9041765], [16.4121168, 44.9044659], [16.4126326, 44.9047577], [16.4131819, 44.9054766], [16.4140964, 44.9061788], [16.4148567, 44.9063971], [16.4153759, 44.9064943], [16.415942, 44.9065275], [16.4163674, 44.9065347], [16.4167292, 44.9066082], [16.4170809, 44.9066201], [16.4173656, 44.9067126], [16.4175934, 44.9067648], [16.4178211, 44.9067672], [16.4180154, 44.9067529], [16.4182767, 44.9066889], [16.4185447, 44.9065797], [16.4187356, 44.9065109], [16.4188662, 44.9064825], [16.4190906, 44.906473], [16.4195194, 44.9064848], [16.4199146, 44.9064943], [16.4201123, 44.9064611], [16.4203032, 44.9064398], [16.4204807, 44.906435], [16.4206449, 44.9064089], [16.4207956, 44.9063306], [16.4210502, 44.9060815], [16.4212612, 44.9056758], [16.4213952, 44.9052725], [16.4216665, 44.9046581], [16.422122, 44.9039606], [16.4223364, 44.9035786], [16.4240246, 44.9042405], [16.4241787, 44.904352], [16.4276053, 44.9054671], [16.4290122, 44.9056806], [16.4309013, 44.9066224], [16.4311425, 44.9066058], [16.4313703, 44.9065014], [16.4320335, 44.9064611], [16.4324321, 44.9060981], [16.4325761, 44.9060554], [16.4330049, 44.9061005], [16.433705, 44.9058728], [16.4339361, 44.905868], [16.4342174, 44.9057541], [16.4344084, 44.9057755], [16.4347031, 44.9056687], [16.4350515, 44.9056735], [16.4356075, 44.9053651], [16.4358386, 44.9053105], [16.4362305, 44.9049973], [16.4364985, 44.9049831], [16.4367397, 44.9048977], [16.4367761, 44.904902], [16.4369253, 44.904813], [16.437058, 44.9046788], [16.4370722, 44.9045597], [16.4371717, 44.9044725], [16.4371669, 44.9043416], [16.4372617, 44.9042091], [16.4375293, 44.9040715], [16.4376762, 44.9039742], [16.4375814, 44.9038434], [16.4377093, 44.9033049], [16.4379391, 44.9031438], [16.4380954, 44.9028939], [16.4388367, 44.9031187], [16.4394597, 44.9032864], [16.4399736, 44.9035263], [16.4403052, 44.9037058], [16.4406794, 44.9039256], [16.4408831, 44.9039961], [16.4413166, 44.9040799], [16.4415984, 44.9041605], [16.4418305, 44.9042661], [16.4419608, 44.9043735], [16.4420887, 44.9045195], [16.4421385, 44.904652], [16.442155, 44.9048147], [16.4421029, 44.9051871], [16.4419845, 44.9056065], [16.4418116, 44.9060477], [16.4417267, 44.9061838], [16.4415961, 44.9062608], [16.4413426, 44.9065074], [16.4410229, 44.9067104], [16.4408452, 44.9068295], [16.4407884, 44.9068915], [16.4407766, 44.906962], [16.4407931, 44.9070123], [16.4408737, 44.9070962], [16.4413308, 44.9075609], [16.4416055, 44.9078494], [16.4421811, 44.9083057], [16.442849, 44.9077437], [16.4432185, 44.9073897], [16.4436259, 44.9069704], [16.443858, 44.9068311], [16.4441517, 44.9067154], [16.4444454, 44.9065426], [16.4447912, 44.9062323], [16.4450636, 44.9059588], [16.4450541, 44.9054673], [16.4455752, 44.9051938], [16.445741, 44.9050546], [16.4457244, 44.904803], [16.4458239, 44.9044624], [16.4459447, 44.904194], [16.446146, 44.9039424], [16.4462786, 44.90383], [16.4462478, 44.903726], [16.4463757, 44.9036354], [16.4464871, 44.9035951], [16.4466102, 44.9035515], [16.4468376, 44.9034072], [16.4469276, 44.9034525], [16.4472071, 44.9032948], [16.4473942, 44.9032931], [16.4480953, 44.9028838], [16.448704, 44.9029022], [16.4486969, 44.9027613], [16.4487301, 44.9026573], [16.4487751, 44.9025399], [16.4488272, 44.9024661], [16.4489077, 44.9023587], [16.449019, 44.9025701], [16.4491256, 44.9026472], [16.4492748, 44.9026724], [16.4497059, 44.9024795], [16.4499049, 44.9024275], [16.450092, 44.9024258], [16.4504401, 44.9026456], [16.4508309, 44.9029761], [16.450857, 44.90307], [16.4515391, 44.9036773], [16.4520578, 44.9041839], [16.4525931, 44.9044876], [16.452875, 44.904808], [16.4530526, 44.9049573], [16.4533913, 44.9051167], [16.4534979, 44.9052459], [16.4546774, 44.9059018], [16.4547374, 44.9059703], [16.4547959, 44.9060091], [16.4549688, 44.9060913], [16.4550706, 44.9062255], [16.4555375, 44.9065951], [16.4557812, 44.9066617], [16.4560559, 44.9067657], [16.4562525, 44.9068932], [16.456591, 44.9072008], [16.4567126, 44.9070972], [16.4569154, 44.9068395], [16.4570937, 44.9065517], [16.4572451, 44.9063854], [16.4574014, 44.9062439], [16.4576382, 44.9060478], [16.4578056, 44.9058757], [16.457916, 44.9058196], [16.4580562, 44.9056731], [16.4581431, 44.9055673], [16.4582558, 44.9054725], [16.458415, 44.9054086], [16.458666, 44.9052089], [16.4589597, 44.9049674], [16.4591895, 44.9047694], [16.4593624, 44.9046805], [16.4595447, 44.9046302], [16.4597028, 44.9045806], [16.4599877, 44.9044691], [16.4602506, 44.9044138], [16.4605135, 44.9043634], [16.4607622, 44.9043366], [16.4609659, 44.9043349], [16.4612146, 44.9043148], [16.461513, 44.9042561], [16.4617735, 44.9042443], [16.4623301, 44.9042544], [16.4625907, 44.9042863], [16.4626881, 44.9043341], [16.4627446, 44.9043618], [16.4628441, 44.9044641], [16.4628891, 44.9045983], [16.4628891, 44.9046973], [16.4627817, 44.9052803], [16.4627013, 44.9056694], [16.4628453, 44.9057809], [16.4627314, 44.9060015], [16.4629793, 44.9061202], [16.4632674, 44.9063764], [16.4639641, 44.9062862], [16.4639105, 44.9057097], [16.4637564, 44.9056053], [16.4637464, 44.9054464], [16.4641115, 44.905221], [16.4645201, 44.9051641], [16.4649589, 44.9052305], [16.4653676, 44.9052234], [16.4656523, 44.9052803], [16.4658097, 44.90524], [16.466627, 44.9055531], [16.4674443, 44.9059161], [16.4675783, 44.9060419], [16.467719, 44.9062625], [16.4678496, 44.9064214], [16.4679736, 44.9065235], [16.468054, 44.906559], [16.4681879, 44.9067441], [16.4687071, 44.9070976], [16.4696249, 44.9077523], [16.4700336, 44.9081675], [16.4701073, 44.9084783], [16.4704389, 44.9082956], [16.4704556, 44.9083407], [16.470392, 44.9088199], [16.470191, 44.9090073], [16.4701944, 44.9092018], [16.4703987, 44.9093892], [16.4705427, 44.9092398], [16.4708509, 44.9091734], [16.4711758, 44.9089646], [16.4714069, 44.9086847], [16.471571, 44.9085827], [16.47153, 44.908534], [16.4715111, 44.9085088], [16.4714897, 44.9084836], [16.4714566, 44.9084669], [16.4713784, 44.9084501], [16.4713429, 44.90844], [16.4713168, 44.9084182], [16.4713003, 44.9083947], [16.4712718, 44.9083763], [16.4712292, 44.9083696], [16.4711937, 44.9083562], [16.4711653, 44.908336], [16.4711297, 44.9083209], [16.4710895, 44.9083193], [16.471061, 44.9082991], [16.4710302, 44.9082807], [16.47099, 44.9082807], [16.4709521, 44.9082672], [16.4709379, 44.9082404], [16.4709237, 44.9082119], [16.4708929, 44.9081934], [16.4708573, 44.9081783], [16.4708218, 44.9081632], [16.4707958, 44.9081398], [16.4707744, 44.9081129], [16.4707437, 44.9080928], [16.47063, 44.9080576], [16.4706015, 44.9080391], [16.4705873, 44.9080106], [16.4705258, 44.9079703], [16.470598, 44.9075103], [16.4705712, 44.9073656], [16.4706684, 44.9072517], [16.4707052, 44.9072209], [16.4707421, 44.9071924], [16.4707856, 44.9071711], [16.4708426, 44.907164], [16.4709028, 44.9071616], [16.4710067, 44.9071474], [16.4710636, 44.9071307], [16.4711105, 44.9071118], [16.4711273, 44.9070738], [16.4711273, 44.9070335], [16.471134, 44.9069931], [16.4712144, 44.9068911], [16.4712646, 44.9068722], [16.4713182, 44.9068603], [16.4713651, 44.9068437], [16.4714153, 44.9068271], [16.4714455, 44.9067962], [16.4714522, 44.9067583], [16.4714522, 44.9067203], [16.4714388, 44.90668], [16.4714421, 44.906642], [16.4714455, 44.906559], [16.4714254, 44.906521], [16.4713986, 44.9064855], [16.4713785, 44.9064499], [16.471355, 44.9064048], [16.4713483, 44.9063645], [16.4713651, 44.9062791], [16.4713651, 44.906234], [16.4713617, 44.9061889], [16.4713316, 44.9061533], [16.4712881, 44.9061201], [16.4712278, 44.9061059], [16.4711742, 44.9060869], [16.4711608, 44.9060489], [16.4711574, 44.906011], [16.4711976, 44.9059232], [16.4712177, 44.9058829], [16.4712512, 44.905852], [16.4712947, 44.9058164], [16.4713383, 44.9057975], [16.4713852, 44.9057761], [16.4714321, 44.9057595], [16.4714957, 44.9057429], [16.4716063, 44.9057263], [16.4716599, 44.9057263], [16.4717134, 44.9057358], [16.471767, 44.9057453], [16.4718206, 44.90575], [16.4718742, 44.90575], [16.4719345, 44.9057405], [16.4720149, 44.905686], [16.4720417, 44.9056456], [16.4720752, 44.905565], [16.4720819, 44.9054796], [16.4720953, 44.9053942], [16.4721087, 44.9053538], [16.4721489, 44.9052803], [16.4721824, 44.9052447], [16.4722092, 44.9052138], [16.472246, 44.9051878], [16.4722896, 44.9051593], [16.4723365, 44.9051379], [16.4723901, 44.9051189], [16.4724437, 44.9051], [16.4724973, 44.9050834], [16.4725475, 44.9050715], [16.4726614, 44.9050573], [16.4727183, 44.9050573], [16.4728255, 44.9050691], [16.4728825, 44.9050834], [16.4729327, 44.9050976], [16.4729762, 44.9051189], [16.4730198, 44.9051498], [16.4730499, 44.9051854], [16.4730767, 44.905221], [16.4731035, 44.9052566], [16.4731504, 44.9052732], [16.4732074, 44.9052732], [16.4732643, 44.9052637], [16.4733079, 44.9052376], [16.473338, 44.9052044], [16.4733715, 44.9051735], [16.4733916, 44.9051379], [16.4733916, 44.9051], [16.4733682, 44.9050644], [16.4732978, 44.9050003], [16.4732409, 44.9049434], [16.473204, 44.9049149], [16.473194, 44.9048746], [16.473204, 44.9048319], [16.4732543, 44.9048129], [16.4733079, 44.904801], [16.4733682, 44.9047963], [16.473539, 44.9047916], [16.4735892, 44.9047702], [16.4736127, 44.9047346], [16.4736227, 44.9046943], [16.4736261, 44.9046516], [16.4736026, 44.9046136], [16.4735088, 44.9045614], [16.4733883, 44.9045448], [16.4733347, 44.9045282], [16.4732911, 44.9045021], [16.4732342, 44.9044879], [16.4731772, 44.9044879], [16.4731203, 44.9045021], [16.4730633, 44.9044855], [16.4730265, 44.9044547], [16.4730097, 44.9044191], [16.4730231, 44.9043811], [16.4730667, 44.904355], [16.4731169, 44.9043337], [16.4732844, 44.9043099], [16.4734519, 44.9043123], [16.4735021, 44.9043028], [16.4735557, 44.9042886], [16.4736093, 44.904272], [16.4736629, 44.9042744], [16.4737165, 44.9042933], [16.4737668, 44.9043123], [16.4738203, 44.9043218], [16.4738739, 44.9043218], [16.4739342, 44.9043171], [16.4739845, 44.9043028], [16.4740314, 44.9042862], [16.4741218, 44.9042316], [16.4741553, 44.9041984], [16.4741888, 44.90417], [16.4742257, 44.9041367], [16.4743395, 44.9039991], [16.474363, 44.9039659], [16.4743831, 44.903928], [16.4743998, 44.9038924], [16.4744065, 44.9037714], [16.4744199, 44.9037358], [16.4744568, 44.9036528], [16.4744836, 44.9036077], [16.4745405, 44.9035389], [16.4745975, 44.9034582], [16.4746142, 44.9034203], [16.4746276, 44.9033775], [16.474651, 44.903342], [16.4746879, 44.9033135], [16.4747984, 44.9032969], [16.4749123, 44.9032969], [16.4749659, 44.9032826], [16.4750162, 44.9032637], [16.4750363, 44.9032305], [16.4750329, 44.9031498], [16.4750262, 44.9031071], [16.4750296, 44.903024], [16.4751032, 44.9029671], [16.4751501, 44.9029434], [16.4752004, 44.9029244], [16.4753143, 44.9029102], [16.4753712, 44.9029054], [16.4754282, 44.902903], [16.4754818, 44.902903], [16.4755956, 44.9029125], [16.4756459, 44.9028983], [16.4756861, 44.9028722], [16.4757497, 44.9028746], [16.4757966, 44.9028912], [16.4759072, 44.9028983], [16.4759641, 44.9028888], [16.476011, 44.9028651], [16.4760277, 44.9028247], [16.4761215, 44.9027441], [16.4761517, 44.9027037], [16.4761952, 44.90268], [16.4762388, 44.9026563], [16.4762857, 44.9026349], [16.4763426, 44.9026112], [16.4763928, 44.9025922], [16.4764431, 44.902578], [16.4765034, 44.9025614], [16.4765603, 44.9025424], [16.4766106, 44.9025211], [16.4766575, 44.9024973], [16.4766943, 44.9024665], [16.4767245, 44.9024333], [16.4767713, 44.9024096], [16.4768249, 44.9024072], [16.4768785, 44.9024119], [16.4769489, 44.9024024], [16.4769924, 44.902374], [16.477036, 44.9023526], [16.4770929, 44.9023574], [16.4771432, 44.9023692], [16.4772001, 44.9023787], [16.4772604, 44.9023811], [16.477324, 44.9023858], [16.4773776, 44.9023882], [16.4775485, 44.9023929], [16.4776087, 44.9023977], [16.4776623, 44.9024024], [16.4777829, 44.902419], [16.4778399, 44.902419], [16.4779002, 44.9024096], [16.478071, 44.9024119], [16.4781313, 44.9024214], [16.4781882, 44.9024309], [16.4782418, 44.9024404], [16.478282, 44.9024712], [16.4783122, 44.9025045], [16.478426, 44.9025353], [16.4784595, 44.902578], [16.4785131, 44.9026468], [16.4785466, 44.90268], [16.4785902, 44.9027085], [16.4787041, 44.9027465], [16.478761, 44.9027583], [16.4788213, 44.9027631], [16.4788749, 44.9027702], [16.4789218, 44.9027868], [16.4789385, 44.9028271], [16.4789586, 44.9028627], [16.4789888, 44.9028959], [16.4790223, 44.9029291], [16.4790524, 44.9029624], [16.4790725, 44.9030003], [16.4790792, 44.9030454], [16.4790993, 44.9030857], [16.4791328, 44.9031213], [16.4791764, 44.9031498], [16.4792233, 44.9031711], [16.4793338, 44.9031949], [16.4793907, 44.9032044], [16.4794443, 44.9032162], [16.4794912, 44.9032399], [16.479518, 44.9032755], [16.4795616, 44.9033087], [16.4796152, 44.9033301], [16.4796755, 44.903342], [16.4797257, 44.9033538], [16.4797726, 44.9033752], [16.4798094, 44.9034108], [16.4798262, 44.9034511], [16.479863, 44.9034843], [16.4799635, 44.9035152], [16.4800339, 44.9035792], [16.4800707, 44.9036124], [16.4801209, 44.903629], [16.4801779, 44.9036362], [16.4804928, 44.9034891], [16.4809182, 44.9037595], [16.4811828, 44.9040703], [16.4813302, 44.9042459], [16.481511, 44.9043526], [16.4822948, 44.9045401], [16.4828408, 44.9045187], [16.4831188, 44.9044689], [16.4833165, 44.9045116], [16.4835208, 44.9044855], [16.4838692, 44.9045235], [16.4846027, 44.9049125], [16.4850181, 44.9051878], [16.4856478, 44.9052447], [16.4865522, 44.905489], [16.4869642, 44.9057453], [16.4876709, 44.9059232], [16.4880093, 44.906075], [16.488237, 44.9060727], [16.4883576, 44.906113], [16.4884213, 44.9061865], [16.4886256, 44.906298], [16.4888199, 44.9066159], [16.48885, 44.9066539], [16.4890409, 44.9070833], [16.4895199, 44.9079089], [16.4898716, 44.9084474], [16.4901061, 44.9085708], [16.4905215, 44.9086704], [16.490833, 44.908706], [16.4910406, 44.9086751], [16.4912617, 44.9085921], [16.4914761, 44.9083857], [16.4917692, 44.9081411], [16.4918928, 44.9081288], [16.4920747, 44.9080846], [16.4923413, 44.9080158], [16.4928529, 44.9078705], [16.4930177, 44.9078505], [16.4932599, 44.9078555], [16.4935796, 44.9079229], [16.4938018, 44.9080253], [16.4939291, 44.9081327], [16.4940016, 44.9082001], [16.4940989, 44.9082825], [16.4942912, 44.9083974], [16.4944635, 44.9084798], [16.4946158, 44.9085971], [16.4947482, 44.908717], [16.4949979, 44.9088443], [16.4952601, 44.9089217], [16.4955297, 44.9090166], [16.4956671, 44.909069], [16.4958144, 44.909129], [16.4959417, 44.9092339], [16.4960991, 44.9093712], [16.4962164, 44.9094436], [16.4963637, 44.909536], [16.496546, 44.9095984], [16.4968332, 44.9096309], [16.4972926, 44.9097358], [16.4973201, 44.9097957], [16.49738, 44.9098781], [16.4974499, 44.909978], [16.4975898, 44.9101253], [16.4977096, 44.9102252], [16.497797, 44.9102951], [16.4978694, 44.9103975], [16.4979019, 44.9105423], [16.4979344, 44.9106272], [16.4979918, 44.910742], [16.4980792, 44.9108469], [16.4982115, 44.9109643], [16.4984537, 44.9111091], [16.4986585, 44.9111965], [16.4987634, 44.9112165], [16.4989756, 44.9113164], [16.499093, 44.9114088], [16.4992153, 44.9115061], [16.4992852, 44.911656], [16.4993027, 44.9118058], [16.4994051, 44.9118532], [16.4995125, 44.9119306], [16.4997447, 44.912058], [16.5002416, 44.9122727], [16.5006037, 44.9123601], [16.5014302, 44.9126023], [16.5017997, 44.9127122], [16.5021568, 44.912862], [16.5026987, 44.9130318], [16.5027961, 44.9130593], [16.5029159, 44.9131192], [16.5030208, 44.9132466], [16.5031606, 44.9133639], [16.5033154, 44.9134738], [16.5034353, 44.9135961], [16.503635, 44.9137884], [16.5037799, 44.9138633], [16.5039322, 44.9139982], [16.5040545, 44.9142229], [16.5041444, 44.9143402], [16.5043567, 44.9145325], [16.504524, 44.9146124], [16.5046389, 44.9146998], [16.5047237, 44.9148022], [16.5047887, 44.9149246], [16.504891, 44.9150644], [16.504966, 44.9151468], [16.505087, 44.9153121], [16.5051458, 44.9154467], [16.5052212, 44.9156469], [16.5053119, 44.9157985], [16.5054216, 44.9159416], [16.5055415, 44.9161139], [16.5055774, 44.9161855], [16.5055877, 44.9162558], [16.5055929, 44.9163553], [16.5055689, 44.9164596], [16.5054969, 44.9166937], [16.5054438, 44.916895], [16.5052914, 44.9173329], [16.5051681, 44.9175319], [16.5050858, 44.9179152], [16.5049745, 44.918199], [16.504822, 44.9184137], [16.5047689, 44.9186963], [16.5047398, 44.9188346], [16.5046764, 44.9190141], [16.5046319, 44.9190893], [16.5045959, 44.9191245], [16.5046319, 44.9191997], [16.504733, 44.9193416], [16.5048186, 44.919532], [16.5046131, 44.9197236], [16.5045069, 44.9200705], [16.5044911, 44.9201018], [16.5045299, 44.9201528], [16.5044972, 44.9201614], [16.5044748, 44.9201391], [16.5044548, 44.920143], [16.5044221, 44.9203531], [16.504519, 44.9204689], [16.5045759, 44.920492], [16.5045687, 44.9206113], [16.5045303, 44.9206414], [16.5044697, 44.9206474], [16.5044988, 44.9207083], [16.50454, 44.9207409], [16.5045024, 44.9207787], [16.5044927, 44.9208902], [16.5044939, 44.9209871], [16.5044903, 44.9210582], [16.5045097, 44.9211209], [16.5045363, 44.9211946], [16.5045739, 44.9212624], [16.5043353, 44.9214305], [16.5042735, 44.9214545], [16.5041063, 44.9215514], [16.5038265, 44.9217289], [16.5034281, 44.9219167], [16.5029206, 44.9221697], [16.5026601, 44.9222006], [16.501908, 44.9225642], [16.5009499, 44.9230248], [16.5003043, 44.9233198], [16.4993632, 44.9238044], [16.4992929, 44.923873], [16.4991379, 44.9239193], [16.4987552, 44.9241362], [16.4987745, 44.9241791], [16.4987794, 44.9242229], [16.4987661, 44.9244518], [16.4987552, 44.9246825], [16.4987346, 44.9248146], [16.4986861, 44.9250256], [16.4986655, 44.9251516], [16.498668, 44.92533], [16.4986692, 44.925571], [16.498674, 44.9257288], [16.4986837, 44.9258403], [16.4987261, 44.9259989], [16.4987745, 44.9261962], [16.4988303, 44.9265023], [16.4988678, 44.9267081], [16.4988714, 44.9268873], [16.4988763, 44.9270743], [16.4988848, 44.9271438], [16.4989114, 44.9271995], [16.4989841, 44.927311], [16.4989974, 44.9273693], [16.4989962, 44.9274388], [16.4989852, 44.9275569], [16.4989304, 44.927552], [16.4989818, 44.9276782], [16.4990178, 44.9278176], [16.4989989, 44.9279146], [16.4989099, 44.9280893], [16.4988277, 44.9282106], [16.4986838, 44.9283718], [16.4984919, 44.9285392], [16.4983275, 44.9286702], [16.4982424, 44.9287256], [16.4979207, 44.9289198], [16.4976947, 44.9290293], [16.4975464, 44.9290716], [16.497398, 44.9290646], [16.4972462, 44.9290222], [16.4970167, 44.9289163], [16.4968083, 44.9288492], [16.496434, 44.9287856], [16.4961162, 44.9287679], [16.4957277, 44.9288139], [16.4953463, 44.9288915], [16.4950073, 44.9290257], [16.4937219, 44.929732], [16.4922035, 44.9308867], [16.4918362, 44.9308232], [16.491363, 44.9307914], [16.4910028, 44.9307985], [16.4906603, 44.930862], [16.4898905, 44.930968], [16.4892795, 44.9311339], [16.4878661, 44.9313199], [16.4878361, 44.93138], [16.4879085, 44.9315883], [16.4881009, 44.9316113], [16.488168, 44.9317384], [16.4880444, 44.9321109], [16.4879473, 44.9321463], [16.4878696, 44.9321357], [16.487739, 44.9321463], [16.4877884, 44.9322345], [16.4877549, 44.9322522], [16.4876948, 44.9322946], [16.487633, 44.9323793], [16.4876119, 44.9324976], [16.4877778, 44.9325329], [16.4877884, 44.932623], [16.4877849, 44.932736], [16.4877584, 44.9328207], [16.4876878, 44.9329143], [16.4877284, 44.9330891], [16.487686, 44.9332445], [16.4874812, 44.9332162], [16.4874106, 44.9332215], [16.4873311, 44.9332533], [16.4872693, 44.9332975], [16.4872093, 44.9333045], [16.4871475, 44.9333345], [16.4871016, 44.933414], [16.4870981, 44.9334617], [16.4871546, 44.933557], [16.4871599, 44.9335906], [16.4871475, 44.9336435], [16.4871051, 44.9336771], [16.4870627, 44.9337265], [16.487061, 44.9337795], [16.4871104, 44.9338748], [16.4871457, 44.9339508], [16.487151, 44.9340426], [16.487121, 44.9341008], [16.4869603, 44.9342244], [16.4869003, 44.934258], [16.486865, 44.9343233], [16.4868544, 44.9343727], [16.4868367, 44.9344169], [16.4867961, 44.9344416], [16.4866937, 44.9344681], [16.4866619, 44.934484], [16.4866302, 44.9345175], [16.4866266, 44.9345952], [16.4866355, 44.9347541], [16.4865878, 44.9351885], [16.4866302, 44.9352256], [16.4866902, 44.9352803], [16.4866849, 44.935365], [16.4866902, 44.9354357], [16.4867432, 44.9355134], [16.4867167, 44.935561], [16.4867538, 44.9356493], [16.4868562, 44.9357252], [16.4868773, 44.9357747], [16.4868562, 44.9358082], [16.4867838, 44.9359071], [16.486752, 44.9359724], [16.4866902, 44.936066], [16.4865984, 44.9361402], [16.4865189, 44.9361614], [16.4864218, 44.9361614], [16.4863017, 44.9361543], [16.4862488, 44.936179], [16.4861676, 44.936262], [16.4857509, 44.9364033], [16.4854136, 44.9365021], [16.4853448, 44.9365357], [16.4852988, 44.9365657], [16.4852688, 44.9366151], [16.4852635, 44.9366787], [16.4852847, 44.9367617], [16.48532, 44.93685], [16.4853836, 44.9369541], [16.4853836, 44.9369912], [16.4853518, 44.9370265], [16.4853253, 44.9370301], [16.4852, 44.9370186], [16.485132, 44.937038], [16.4850543, 44.9370689], [16.4849952, 44.9371095], [16.4849554, 44.9371537], [16.4849289, 44.9372057], [16.4848742, 44.9372799], [16.4847948, 44.9374159], [16.4847391, 44.9378414], [16.4847639, 44.9380029], [16.4847127, 44.9380533], [16.4843825, 44.9382607], [16.4843339, 44.9383296], [16.4842757, 44.938402], [16.4841273, 44.938515], [16.484092, 44.9385635], [16.4840293, 44.9386651], [16.4838634, 44.9387736], [16.4838369, 44.9387975], [16.483806, 44.9388249], [16.4837954, 44.9388619], [16.4837963, 44.9389078], [16.4838413, 44.938997], [16.4838607, 44.9390394], [16.4838722, 44.9391047], [16.4838651, 44.9391868], [16.4838281, 44.9392548], [16.4837539, 44.939351], [16.4837389, 44.9393704], [16.4837354, 44.9394181], [16.4837433, 44.9394517], [16.4837707, 44.9394826], [16.4838422, 44.9395267], [16.4838448, 44.9395691], [16.4838466, 44.939607], [16.4838537, 44.9396494], [16.483836, 44.9396821], [16.4837975, 44.9396863], [16.4837604, 44.9396987], [16.4837472, 44.9397305], [16.4837587, 44.9397481], [16.4837852, 44.9397596], [16.4837931, 44.9397852], [16.4837772, 44.9398002], [16.483749, 44.9398046], [16.483726, 44.9398285], [16.4837454, 44.9398638], [16.4837949, 44.9398832], [16.4838302, 44.9399194], [16.4838125, 44.9399953], [16.4837834, 44.9400042], [16.4837437, 44.9400033], [16.4836986, 44.9400077], [16.4836616, 44.9400298], [16.4836545, 44.940066], [16.4836554, 44.9401066], [16.483673, 44.9401472], [16.4836616, 44.9401834], [16.4836395, 44.9401949], [16.4835954, 44.9402222], [16.4835795, 44.9402619], [16.4835848, 44.9402955], [16.4835795, 44.940337], [16.4835327, 44.9403785], [16.4834568, 44.9404094], [16.4834276, 44.9404526], [16.483432, 44.9405294], [16.4834294, 44.940548], [16.4834161, 44.9405736], [16.4833376, 44.9406036], [16.4832113, 44.9405895], [16.4831689, 44.940578], [16.4831239, 44.9405859], [16.483093, 44.9406124], [16.4830436, 44.940646], [16.48289, 44.9406725], [16.4828591, 44.9406804], [16.4828282, 44.9407095], [16.4828088, 44.9407696], [16.4827982, 44.9407837], [16.4827346, 44.9408181], [16.4826816, 44.9408172], [16.4826092, 44.9408331], [16.4825775, 44.9408614], [16.4825722, 44.9408949], [16.4825748, 44.9409241], [16.4825616, 44.9409426], [16.4825077, 44.9409603], [16.4824636, 44.9410441], [16.4824697, 44.94106], [16.4824945, 44.9411059], [16.482513, 44.9411289], [16.4825218, 44.9411748], [16.4825015, 44.9412348], [16.4824, 44.9413072], [16.4823523, 44.9413372], [16.4823276, 44.9413787], [16.4823453, 44.9413973], [16.4823876, 44.9413876], [16.4824018, 44.9413778], [16.4824309, 44.9413858], [16.482438, 44.9414237], [16.4824318, 44.9414599], [16.4823603, 44.9415315], [16.4821688, 44.9416426], [16.482019, 44.941735], [16.4817343, 44.9420521], [16.4816844, 44.9420996], [16.4816719, 44.9421445], [16.4816869, 44.9421957], [16.4817231, 44.9422207], [16.481763, 44.9421957], [16.4817655, 44.9421707], [16.4817568, 44.942127], [16.4817942, 44.9421096], [16.4818404, 44.942117], [16.4818454, 44.9421732], [16.481818, 44.9422669], [16.4817006, 44.9423518], [16.4816744, 44.9423905], [16.4816469, 44.9424866], [16.4816557, 44.942554], [16.4817468, 44.9426926], [16.4818005, 44.9427713], [16.4818317, 44.94282], [16.4818404, 44.9428886], [16.4818267, 44.9429311], [16.4818816, 44.9430821], [16.4819203, 44.9431533], [16.4819153, 44.9432232], [16.4816407, 44.9432457], [16.4816432, 44.9432869], [16.4816507, 44.9433755], [16.4816332, 44.9434355], [16.4822287, 44.9433918], [16.4833674, 44.943207], [16.4835072, 44.9431421], [16.4836295, 44.9430921], [16.4837993, 44.9430347], [16.4839816, 44.9430072], [16.4842588, 44.9430097], [16.484511, 44.9430172], [16.4845609, 44.9428075], [16.4847732, 44.9428549], [16.4850429, 44.9433368], [16.4851427, 44.9433418], [16.4853475, 44.9433943], [16.4855123, 44.9434692], [16.4856721, 44.9435691], [16.4858694, 44.9437264], [16.4860666, 44.9438787], [16.486149, 44.9439136], [16.4862789, 44.9439511], [16.4864761, 44.9439511], [16.4872053, 44.9438263], [16.4889507, 44.9438712], [16.4898746, 44.943162], [16.4902117, 44.9429448], [16.490344, 44.9428974], [16.4905588, 44.9428624], [16.4909408, 44.9428849], [16.4909683, 44.9428], [16.4911506, 44.9426352], [16.4915001, 44.9424454], [16.4918397, 44.9423181], [16.4918697, 44.9425603], [16.4918123, 44.9429448], [16.4917848, 44.9431371], [16.4916475, 44.9433718], [16.4915676, 44.9434467], [16.4914377, 44.943604], [16.4912829, 44.9438737], [16.4912554, 44.9439686], [16.491218, 44.9441733], [16.4912155, 44.9443806], [16.4912055, 44.9445204], [16.4911431, 44.9446378], [16.4910082, 44.9447676], [16.4908559, 44.9448575], [16.4906561, 44.9449524], [16.4903365, 44.9450573], [16.4900544, 44.9452371], [16.489957, 44.9454144], [16.4899495, 44.9454968], [16.4899919, 44.9456641], [16.4900569, 44.9458888], [16.4900369, 44.9459637], [16.4899695, 44.9460761], [16.4898721, 44.9462733], [16.4897547, 44.9463957], [16.4895175, 44.9465605], [16.4895, 44.9472572], [16.4893902, 44.9473396], [16.4893402, 44.9475293], [16.4893053, 44.9477341], [16.4891929, 44.9480362], [16.4892678, 44.9480812], [16.4893827, 44.9481686], [16.4895774, 44.948231], [16.4897447, 44.9483309], [16.4898846, 44.9483633], [16.4901817, 44.9484732], [16.490369, 44.9485681], [16.4905013, 44.9486879], [16.4906062, 44.9487953], [16.4907336, 44.9488952], [16.4908534, 44.9489751], [16.4910307, 44.9490675], [16.4912055, 44.9492048], [16.4913278, 44.9494221], [16.4913678, 44.9495369], [16.4913728, 44.9496643], [16.4913254, 44.9497791], [16.4911156, 44.9499589], [16.4924235, 44.950617], [16.4924305, 44.9507414], [16.4927492, 44.9507644], [16.4930185, 44.9508174], [16.4932339, 44.9507609], [16.4932966, 44.950948], [16.4936065, 44.9511246], [16.4939764, 44.9513409], [16.4943622, 44.9515951], [16.4946782, 44.9513788], [16.4948972, 44.9512182], [16.4950755, 44.9510416], [16.4954004, 44.9507697], [16.4954975, 44.9506514], [16.4963503, 44.950918], [16.4963891, 44.9508686], [16.4966628, 44.9511369], [16.4972826, 44.9513206], [16.497528, 44.9512217], [16.4977293, 44.9512076], [16.499396, 44.9512464], [16.4996044, 44.9513294], [16.4992619, 44.9515554], [16.4990129, 44.9518697], [16.4985203, 44.9523394], [16.4982272, 44.9528602], [16.4993025, 44.9529397], [16.4994402, 44.9528408], [16.4996909, 44.9529397], [16.4995355, 44.9530492], [16.4995814, 44.9531127], [16.4996485, 44.9531127], [16.4997562, 44.9533387], [16.4997668, 44.9536265], [16.4997916, 44.953819], [16.4998763, 44.9540132], [16.5002383, 44.954165], [16.5003054, 44.9543081], [16.5002665, 44.9543487], [16.5006185, 44.9545364], [16.5009331, 44.9548148], [16.5014359, 44.9550251], [16.5017607, 44.9550226], [16.5020055, 44.9550268], [16.5023145, 44.9549846], [16.5023205, 44.9550937], [16.5021531, 44.9551131], [16.5021263, 44.9551212], [16.502019, 44.9551605], [16.5019017, 44.955203], [16.50175, 44.9552334], [16.5017137, 44.9552697], [16.5017056, 44.9552772], [16.5016263, 44.9553258], [16.5016126, 44.9553333], [16.501587, 44.9553346], [16.5015742, 44.9553297], [16.5015371, 44.9553063], [16.5015142, 44.9553041], [16.5014965, 44.9553094], [16.5014612, 44.9553461], [16.5014449, 44.9553584], [16.5014144, 44.9553686], [16.5013844, 44.9553668], [16.5013398, 44.9553412], [16.5013095, 44.9553223], [16.5012846, 44.9553148], [16.5012234, 44.9552961], [16.5011235, 44.9552961], [16.5010424, 44.9553049], [16.500945, 44.9552886], [16.5007827, 44.9552749], [16.5006903, 44.9553036], [16.5005767, 44.9553411], [16.5004443, 44.9554272], [16.5004081, 44.9554422], [16.5003532, 44.9554584], [16.500277, 44.9554572], [16.5001147, 44.9554135], [16.5000698, 44.9554085], [16.4999711, 44.9554235], [16.499905, 44.9554672], [16.4998788, 44.955587], [16.4998538, 44.9556182], [16.4998026, 44.9556245], [16.4996503, 44.9556232], [16.4996003, 44.955637], [16.4995654, 44.9556382], [16.4995142, 44.9556145], [16.4994568, 44.9555758], [16.4993606, 44.955572], [16.4992895, 44.9555858], [16.4991946, 44.9555945], [16.4990522, 44.9555296], [16.4989611, 44.9555271], [16.4988188, 44.9556582], [16.4987339, 44.9556981], [16.4986065, 44.9557244], [16.4985254, 44.9557081], [16.4984642, 44.9557169], [16.498408, 44.9557531], [16.4983231, 44.9557793], [16.4982557, 44.9557681], [16.498187, 44.955783], [16.4981421, 44.9558143], [16.4980859, 44.955838], [16.4980172, 44.9558342], [16.4979411, 44.955828], [16.4978699, 44.9558517], [16.4978337, 44.9559154], [16.4978374, 44.9559803], [16.4978324, 44.9560402], [16.49778, 44.9561139], [16.4977288, 44.9561289], [16.4976914, 44.9561226], [16.4976539, 44.9560877], [16.4976364, 44.9560515], [16.4975503, 44.9560228], [16.4974604, 44.9560252], [16.497383, 44.9560577], [16.4972781, 44.9561414], [16.4972157, 44.9561776], [16.4970958, 44.95623], [16.4970184, 44.9562288], [16.4969735, 44.9561975], [16.4969522, 44.9561489], [16.496946, 44.9561039], [16.496941, 44.9560664], [16.4969086, 44.9560377], [16.4968736, 44.9560078], [16.4968561, 44.9559753], [16.4968561, 44.9559354], [16.4968624, 44.9558979], [16.4968636, 44.9558679], [16.4968524, 44.955833], [16.4968162, 44.9557893], [16.4967625, 44.9557618], [16.4966626, 44.9557606], [16.4965677, 44.9557843], [16.4964167, 44.9557795], [16.4962975, 44.955753], [16.4961624, 44.9557371], [16.4960909, 44.9557451], [16.495992, 44.9557725], [16.4959126, 44.9558325], [16.4958252, 44.9559437], [16.4957616, 44.9559702], [16.4957016, 44.9559782], [16.495593, 44.9559261], [16.495525, 44.9558837], [16.4954412, 44.955866], [16.4953458, 44.9558749], [16.4952505, 44.9558855], [16.4951022, 44.9559261], [16.4949379, 44.9559755], [16.4947843, 44.9561044], [16.4947384, 44.9561362], [16.4945936, 44.9561786], [16.4943341, 44.9561432], [16.4942352, 44.956168], [16.4941063, 44.9562209], [16.493875, 44.9563534], [16.4937373, 44.9563657], [16.4936543, 44.9563516], [16.4935237, 44.9562704], [16.4934442, 44.9562721], [16.4932447, 44.9563401], [16.4932058, 44.9563604], [16.4930937, 44.9563948], [16.4930416, 44.9563931], [16.4929166, 44.9563241], [16.4928255, 44.9562717], [16.4927168, 44.9561756], [16.4926881, 44.9561431], [16.4926494, 44.9560894], [16.4925683, 44.9560095], [16.4924272, 44.9559433], [16.492351, 44.9559109], [16.4922699, 44.9558747], [16.4922299, 44.9558272], [16.4922349, 44.9557086], [16.4922075, 44.9556799], [16.4921538, 44.9556287], [16.4920876, 44.9555476], [16.4918641, 44.9553665], [16.4918129, 44.9553453], [16.491743, 44.9552854], [16.4917268, 44.9552367], [16.491733, 44.9552055], [16.4917368, 44.9551655], [16.491718, 44.9551093], [16.4916793, 44.9550606], [16.4916756, 44.954982], [16.4917255, 44.9548734], [16.4917855, 44.9548184], [16.4918379, 44.9547685], [16.4918491, 44.9547223], [16.4917755, 44.9546112], [16.491728, 44.9545562], [16.4916057, 44.9544439], [16.4915429, 44.9544161], [16.4913398, 44.9543949], [16.4912215, 44.9544408], [16.4911597, 44.9545097], [16.4910079, 44.9547851], [16.4908507, 44.9549882], [16.4907518, 44.9550888], [16.4906265, 44.9552018], [16.4904941, 44.9552989], [16.4904499, 44.9553766], [16.4904746, 44.9554914], [16.4905629, 44.9556221], [16.4906671, 44.9556997], [16.490713, 44.9557721], [16.4907254, 44.9558639], [16.4907201, 44.9559699], [16.4907024, 44.9560617], [16.4906724, 44.9561465], [16.4906441, 44.95624], [16.4906812, 44.9562453], [16.49063, 44.9563036], [16.4905982, 44.9563601], [16.4905559, 44.9564166], [16.4905294, 44.9564819], [16.4905205, 44.9565384], [16.4905241, 44.9565702], [16.4905665, 44.956632], [16.4906053, 44.9566691], [16.4906953, 44.9567256], [16.4907254, 44.9567856], [16.4907236, 44.9568457], [16.4906777, 44.9569887], [16.4906547, 44.9570222], [16.4906018, 44.957114], [16.49057, 44.9571794], [16.4905347, 44.9573153], [16.4905294, 44.9573965], [16.4905205, 44.9574831], [16.4904958, 44.9575766], [16.490457, 44.9576702], [16.4904022, 44.957755], [16.4903351, 44.9578344], [16.4902363, 44.9579227], [16.4900632, 44.9580622], [16.4899714, 44.9581328], [16.489929, 44.958214], [16.4899396, 44.9583306], [16.4897313, 44.9586449], [16.4897419, 44.9587455], [16.4897384, 44.958862], [16.4897242, 44.9589256], [16.4896554, 44.9590669], [16.4895424, 44.9592046], [16.4894682, 44.959284], [16.4894223, 44.9593123], [16.4893446, 44.9593494], [16.4892104, 44.9594059], [16.4890833, 44.9594835], [16.4889632, 44.9596089], [16.488882, 44.9597343], [16.4890568, 44.9602816], [16.4893852, 44.9602304], [16.4898002, 44.9602004], [16.4902221, 44.9603081], [16.4905099, 44.960264], [16.4905152, 44.9608555], [16.4905859, 44.9608661], [16.4907536, 44.9608537], [16.4908878, 44.9608149], [16.4909319, 44.960806], [16.4910767, 44.9607372], [16.4913116, 44.9606966], [16.4915058, 44.9607001], [16.4916718, 44.9606789], [16.4918501, 44.9606436], [16.4920549, 44.9605624], [16.4921167, 44.9605323], [16.4922014, 44.9605023], [16.492258, 44.960497], [16.4922986, 44.9605041], [16.4923568, 44.9605023], [16.492408, 44.96049], [16.4924663, 44.960467], [16.4924875, 44.9604441], [16.4925069, 44.9604052], [16.4925263, 44.9603452], [16.4925387, 44.9603099], [16.4925669, 44.9602693], [16.4926393, 44.9602287], [16.4926835, 44.9602269], [16.4927241, 44.9602322], [16.4927824, 44.9602216], [16.4928177, 44.9601916], [16.4928441, 44.960158], [16.4929006, 44.9601439], [16.4929536, 44.9601669], [16.4929925, 44.9601421], [16.4930101, 44.960098], [16.4930401, 44.9600574], [16.4930878, 44.9600503], [16.4931355, 44.9600662], [16.4932397, 44.9600415], [16.4932661, 44.960045], [16.493358, 44.9600415], [16.4934145, 44.9600009], [16.4934657, 44.9599444], [16.4935416, 44.9599179], [16.4935946, 44.959932], [16.4936793, 44.9599179], [16.4937093, 44.9598685], [16.4937358, 44.9598031], [16.4938011, 44.9597343], [16.4938877, 44.9597343], [16.4939848, 44.9597537], [16.4940801, 44.9597078], [16.4942161, 44.9596266], [16.4944368, 44.9595471], [16.4944738, 44.9596089], [16.4944721, 44.9596495], [16.4944721, 44.9597025], [16.4944844, 44.9597925], [16.4945251, 44.9598473], [16.4946027, 44.9598967], [16.4946557, 44.9599585], [16.4947722, 44.960347], [16.49491, 44.9602852], [16.4950971, 44.9606913], [16.4950159, 44.9607689], [16.4950971, 44.9609279], [16.4956198, 44.9622097], [16.4953867, 44.9623616], [16.4955597, 44.96281], [16.4952596, 44.9628489], [16.495422, 44.9631596], [16.4958634, 44.9635163], [16.49717, 44.9642614], [16.4973007, 44.9645475], [16.4975267, 44.964492], [16.4996841, 44.9655457], [16.5000736, 44.966155], [16.5004532, 44.9659677], [16.500618, 44.9658554], [16.5008627, 44.9657455], [16.5011274, 44.9656831], [16.5013746, 44.9656831], [16.5017866, 44.9657105], [16.5020313, 44.9656718], [16.5024083, 44.9655694], [16.5023869, 44.9654583], [16.5024964, 44.9654371], [16.5025952, 44.9653806], [16.5026623, 44.9652535], [16.5027859, 44.9652288], [16.5029837, 44.9651758], [16.5031673, 44.9651546], [16.5032944, 44.9651264], [16.5034534, 44.9651229], [16.5035981, 44.9651264], [16.5037676, 44.9651546], [16.503916, 44.9652076], [16.5040925, 44.9652747], [16.5044103, 44.9653453], [16.5048871, 44.9653983], [16.5051307, 44.9653524], [16.5053285, 44.9652782], [16.5055545, 44.96519], [16.5058582, 44.9650981], [16.5068717, 44.9648898], [16.5072425, 44.9648615], [16.5081959, 44.9650452], [16.5083584, 44.965144], [16.5087433, 44.9651794], [16.5089834, 44.96519], [16.5091988, 44.9652217], [16.5094919, 44.9652959], [16.5097285, 44.9653383], [16.5100958, 44.9653736], [16.510516, 44.965423], [16.5106996, 44.9654654], [16.5109256, 44.9654689], [16.5111869, 44.965476], [16.5114518, 44.9655219], [16.5116601, 44.965529], [16.5118473, 44.9655007], [16.5119674, 44.9654619], [16.5121757, 44.9653665], [16.5123346, 44.9652994], [16.5125218, 44.9652641], [16.5128184, 44.9652782], [16.513334, 44.9653241], [16.5138178, 44.96534], [16.5143439, 44.9652571], [16.5149001, 44.9651317], [16.5155481, 44.9649692], [16.5159348, 44.9650275], [16.5160213, 44.9650928], [16.5163038, 44.9651705], [16.5168794, 44.96525], [16.5172078, 44.9652394], [16.5176175, 44.9651794], [16.519874, 44.9647574], [16.5199746, 44.9648086], [16.5201247, 44.9647221], [16.520253, 44.9648008], [16.5211245, 44.9651566], [16.5213205, 44.9652777], [16.521499, 44.9653289], [16.5215868, 44.9653082], [16.5237367, 44.9648937], [16.523964, 44.9649037], [16.5241413, 44.9649686], [16.5243061, 44.9650585], [16.5246407, 44.965111], [16.5247905, 44.965111], [16.5249028, 44.9651135], [16.5250577, 44.9651634], [16.52518, 44.9652308], [16.5252974, 44.9652883], [16.5255153, 44.9653393], [16.5259108, 44.9654276], [16.526444, 44.965749], [16.5272492, 44.9664588], [16.5277294, 44.9668755], [16.5281073, 44.9671191], [16.5284922, 44.9672568], [16.5286652, 44.9672886], [16.5288948, 44.967278], [16.5291067, 44.9672321], [16.5293256, 44.9671933], [16.5296187, 44.9671897], [16.5301449, 44.967158], [16.5303179, 44.9671121], [16.530445, 44.9670414], [16.5306145, 44.966999], [16.5308511, 44.9669425], [16.5312078, 44.9667766], [16.5315645, 44.9665929], [16.5318434, 44.9663634], [16.5319282, 44.9662716], [16.5320235, 44.9661798], [16.5321648, 44.966095], [16.5323413, 44.9660703], [16.532525, 44.9661303], [16.5327969, 44.9661974], [16.5329593, 44.966314], [16.5334749, 44.966547], [16.5337397, 44.9665682], [16.5340682, 44.9665576], [16.5348027, 44.9663316], [16.5350887, 44.9662751], [16.5353924, 44.9662292], [16.5357808, 44.9662222], [16.5362328, 44.9662822], [16.5365401, 44.9662928], [16.5369462, 44.9664058], [16.5372146, 44.9665506], [16.5379808, 44.966826], [16.5384682, 44.9669849], [16.5388248, 44.9672074], [16.5391532, 44.9674016], [16.5393934, 44.9675287], [16.5398101, 44.9676735], [16.540248, 44.9676771], [16.5405269, 44.9676947], [16.5407565, 44.96773], [16.541265, 44.9679772], [16.5417029, 44.9682068], [16.5423279, 44.9682032], [16.5428435, 44.9681326], [16.543073, 44.9680867], [16.5432708, 44.9679949], [16.5438464, 44.9677336], [16.5441183, 44.96767], [16.5442842, 44.9676276], [16.5446692, 44.967504], [16.5448704, 44.9673981], [16.5451282, 44.9672109], [16.5453709, 44.9670342], [16.5454951, 44.9669468], [16.5455928, 44.9668933], [16.545537, 44.9670049], [16.5456332, 44.9670355], [16.5463081, 44.9673639], [16.5464496, 44.9675747], [16.546499, 44.9677243], [16.5466713, 44.9678192], [16.5468786, 44.9679066], [16.5471458, 44.9680015], [16.5473505, 44.9681039], [16.5474679, 44.9682237], [16.5475478, 44.968391], [16.5478899, 44.9689828], [16.5479973, 44.9691251], [16.5480871, 44.9693998], [16.5481321, 44.9695896], [16.548177, 44.9698093], [16.5481646, 44.9699691], [16.5480996, 44.9700965], [16.5480722, 44.9702213], [16.5481471, 44.9703836], [16.5482569, 44.9705085], [16.5484392, 44.9707107], [16.5484867, 44.9708381], [16.5484867, 44.9710453], [16.5484642, 44.9711652], [16.5484467, 44.97136], [16.5484542, 44.9715298], [16.5483893, 44.9717895], [16.5483568, 44.9719518], [16.5485191, 44.9719967], [16.5484093, 44.9724387], [16.5485491, 44.9725236], [16.5484917, 44.9727183], [16.5483393, 44.9729905], [16.548252, 44.9734375], [16.5482145, 44.9736098], [16.5481621, 44.9737097], [16.5480547, 44.9738745], [16.5477301, 44.9740268], [16.5475228, 44.9741391], [16.5474379, 44.9742865], [16.547338, 44.9744338], [16.5472432, 44.9746261], [16.5472307, 44.9747534], [16.5472531, 44.9749382], [16.547403, 44.9752428], [16.5475228, 44.9755375], [16.5477775, 44.9760294], [16.5478999, 44.9764439], [16.5479473, 44.9765263], [16.5480122, 44.9766661], [16.5481071, 44.9767885], [16.5482445, 44.9769483], [16.5483643, 44.9772205], [16.5484143, 44.9773753], [16.5484867, 44.9774652], [16.5486939, 44.977575], [16.5488737, 44.9776699], [16.5491359, 44.9777798], [16.5495549, 44.9779672], [16.5500979, 44.9782879], [16.5502003, 44.9785105], [16.5506274, 44.9789296], [16.5507967, 44.9791989], [16.5508751, 44.9795765], [16.5508451, 44.979723], [16.550806, 44.9797791], [16.5507615, 44.9798249], [16.5506691, 44.9799098], [16.5505667, 44.9799647], [16.5504493, 44.9800096], [16.5502695, 44.980112], [16.5500598, 44.9802518], [16.5498026, 44.9804216], [16.5496353, 44.980534], [16.5495179, 44.9806389], [16.5494255, 44.9807438], [16.5493531, 44.980936], [16.5492258, 44.9812432], [16.5491833, 44.9813455], [16.5491559, 44.9814654], [16.5491609, 44.9815653], [16.5491933, 44.98179], [16.5491833, 44.9822545], [16.5492008, 44.9823668], [16.5494855, 44.9826465], [16.5495354, 44.9826864], [16.5495978, 44.9827938], [16.5495579, 44.9829162], [16.5495005, 44.9830036], [16.5494505, 44.983071], [16.5491384, 44.9832358], [16.549046, 44.9832108], [16.549021, 44.9832458], [16.5489162, 44.9833032], [16.5487539, 44.9833681], [16.5484367, 44.983463], [16.5483543, 44.9834855], [16.5482794, 44.9835179], [16.5481021, 44.9836952], [16.5478599, 44.9838251], [16.5477376, 44.9839499], [16.5476502, 44.9840973], [16.5475703, 44.984272], [16.5474854, 44.9844169], [16.5473855, 44.9845492], [16.5473181, 44.9846865], [16.5472881, 44.9848239], [16.5472606, 44.9849437], [16.5472157, 44.9850361], [16.5471807, 44.9851135], [16.5471283, 44.9852384], [16.5471133, 44.9853183], [16.5471208, 44.9853982], [16.5471483, 44.985538], [16.5471283, 44.9856354], [16.5470983, 44.9857827], [16.5470983, 44.9858901], [16.5471508, 44.9860724], [16.5472057, 44.9862022], [16.5472731, 44.9863421], [16.547343, 44.9864844], [16.5473805, 44.9865968], [16.547373, 44.9866867], [16.5473505, 44.9867591], [16.5472531, 44.9868964], [16.5471757, 44.9870013], [16.5471358, 44.9870662], [16.5471233, 44.987211], [16.5471508, 44.9873459], [16.5472407, 44.9874957], [16.547363, 44.987658], [16.5474879, 44.9877853], [16.5476227, 44.9879177], [16.5478399, 44.9880525], [16.5479948, 44.9881374], [16.5481121, 44.9882673], [16.548192, 44.9883996], [16.5482844, 44.9885569], [16.5483693, 44.9886893], [16.5485216, 44.9888541], [16.548639, 44.9889789], [16.5487838, 44.9891337], [16.5489661, 44.9893485], [16.5491509, 44.9895807], [16.5492657, 44.9897979], [16.5493357, 44.9899627], [16.5493382, 44.9901475], [16.5493307, 44.9902973], [16.5492982, 44.9904272], [16.5492408, 44.9905795], [16.5491659, 44.9906994], [16.549086, 44.9907967], [16.5489611, 44.9909016], [16.5488213, 44.991039], [16.5487214, 44.9911938], [16.548624, 44.9913361], [16.5485591, 44.9914634], [16.5485441, 44.9915658], [16.5485641, 44.9917057], [16.5486939, 44.9918805], [16.5487838, 44.9919554], [16.5489336, 44.9920827], [16.549041, 44.9921751], [16.5491983, 44.9923249], [16.5492857, 44.9924523], [16.5493431, 44.9926171], [16.5493856, 44.9927694], [16.5494156, 44.9928693], [16.549508, 44.9930391], [16.5496228, 44.9931939], [16.5497901, 44.9934036], [16.54987, 44.9935435], [16.54992, 44.9937083], [16.5499349, 44.9938656], [16.54991, 44.9940054], [16.549855, 44.9941253], [16.5498226, 44.9942077], [16.5498001, 44.9943375], [16.54992, 44.9946097], [16.5500123, 44.9947021], [16.5501747, 44.9948769], [16.5503894, 44.9949917], [16.5505842, 44.9950866], [16.5508488, 44.9951515], [16.5511385, 44.995174], [16.5514531, 44.995149], [16.5519176, 44.9950442], [16.5523071, 44.9948419], [16.5525868, 44.9947545], [16.5534383, 44.9946446], [16.5536655, 44.9945622], [16.5538852, 44.9944499], [16.5541374, 44.9942776], [16.5543871, 44.9941702], [16.5545944, 44.9940803], [16.5548391, 44.993968], [16.5551762, 44.9938256], [16.5557954, 44.9935659], [16.5562524, 44.9933462], [16.5570414, 44.9930915], [16.5577681, 44.9927769], [16.5582775, 44.9926745], [16.5584847, 44.992672], [16.5587819, 44.9927344], [16.5596658, 44.993089], [16.559898, 44.9933212], [16.5601677, 44.9935085], [16.5604973, 44.9938631], [16.5609086, 44.9945458], [16.5610604, 44.9945811], [16.5618356, 44.995305], [16.5621198, 44.9956176], [16.5624588, 44.9958647], [16.5628243, 44.9960501], [16.5631704, 44.9962567], [16.5632322, 44.9962903], [16.5633134, 44.9963168], [16.5634229, 44.9963273], [16.5635165, 44.9963079], [16.5636966, 44.996292], [16.5640391, 44.9963362], [16.5640991, 44.996405], [16.5641627, 44.9965198], [16.5642616, 44.9966558], [16.5643993, 44.9968359], [16.5646218, 44.997159], [16.5649848, 44.9973715], [16.565174, 44.9974699], [16.5654704, 44.9975916], [16.5656119, 44.997606], [16.5657129, 44.9976085], [16.5657709, 44.9976012], [16.5659919, 44.9975557], [16.5661382, 44.9975086], [16.5662235, 44.9974988], [16.5664119, 44.9975554], [16.5665294, 44.9976595], [16.5666365, 44.9977236], [16.5667035, 44.9977657], [16.5667907, 44.997807], [16.5668529, 44.9978253], [16.5669958, 44.9978685], [16.567212, 44.9978616], [16.5673234, 44.9978299], [16.5674139, 44.9977757], [16.567494, 44.9977219], [16.5676142, 44.9976519], [16.5678718, 44.9975004], [16.5681835, 44.9973817], [16.5684682, 44.9972593], [16.5687903, 44.9971719], [16.5697891, 44.9970596], [16.5702011, 44.9970196], [16.5704808, 44.997077], [16.5706406, 44.997127], [16.5707979, 44.9971994], [16.5710925, 44.9975365], [16.5711699, 44.9976314], [16.5714146, 44.9978037], [16.5724109, 44.9982332], [16.5728329, 44.9987076], [16.5729228, 44.9987925], [16.5731001, 44.9989223], [16.5732949, 44.9989922], [16.5734522, 44.9990397], [16.5737044, 44.9990422], [16.5738592, 44.9989997], [16.5743986, 44.9990072], [16.5748355, 44.9990672], [16.5752226, 44.999187], [16.5756096, 44.9994592], [16.5759567, 44.9997014], [16.5761215, 44.9998612], [16.5763912, 45.0001034], [16.5767133, 45.0002707], [16.576963, 45.0003856], [16.5772202, 45.0005454], [16.5775623, 45.0007651], [16.5778494, 45.0009549], [16.5788782, 45.0018214], [16.579053, 45.0019812], [16.5792428, 45.0021235], [16.5794725, 45.0022184], [16.5796972, 45.0022958], [16.5799894, 45.0023607], [16.5802965, 45.0024107], [16.5804389, 45.0024806], [16.5805562, 45.002553], [16.5806736, 45.0026853], [16.5808034, 45.0028302], [16.5810281, 45.00296], [16.5812479, 45.0031248], [16.5814302, 45.003417], [16.5815325, 45.0035393], [16.5816849, 45.0036866], [16.5817648, 45.0037541], [16.5819071, 45.0038889], [16.5820494, 45.0039588], [16.5821693, 45.0040337], [16.5825388, 45.0041436], [16.5827461, 45.0042185], [16.5829633, 45.0042709], [16.5831831, 45.0043009], [16.5834428, 45.0043234], [16.583695, 45.0043558], [16.5838972, 45.0044357], [16.5840495, 45.0045057], [16.5841794, 45.0045731], [16.5843692, 45.004598], [16.5845415, 45.0046055], [16.5846388, 45.0046255], [16.5848161, 45.0046455], [16.5850034, 45.004653], [16.5852481, 45.0046854], [16.5855178, 45.0047853], [16.5856152, 45.0048527], [16.5857076, 45.0049277], [16.5858324, 45.0050275], [16.5860397, 45.0051399], [16.5862463, 45.0052634], [16.5861828, 45.0053517], [16.5862605, 45.0053729], [16.5863805, 45.0054294], [16.5865006, 45.0055], [16.5866313, 45.0055989], [16.5867301, 45.0056942], [16.5868008, 45.0058178], [16.5868219, 45.0060403], [16.5868149, 45.0061215], [16.5868396, 45.0063263], [16.5868714, 45.0064217], [16.5869279, 45.0065664], [16.5869985, 45.0067006], [16.5870656, 45.0067925], [16.5872359, 45.0070857], [16.5873586, 45.0073477], [16.587757, 45.007487], [16.588025, 45.007828], [16.5876309, 45.0080805], [16.587175, 45.0082943], [16.5869552, 45.0084338], [16.5842678, 45.010392], [16.5814612, 45.0122099], [16.5797782, 45.0132636], [16.5793387, 45.0136681], [16.579079, 45.0140077], [16.5783199, 45.0155109], [16.5772987, 45.0172513], [16.5764272, 45.0185997], [16.575753, 45.0193863], [16.5753785, 45.0198657], [16.5751937, 45.0202278], [16.5751487, 45.0204225], [16.5751862, 45.0206348], [16.5752037, 45.0212665], [16.5752087, 45.0214888], [16.5752486, 45.0217609], [16.5751737, 45.0221804], [16.5751113, 45.0223103], [16.5750414, 45.0223602], [16.5749315, 45.0224102], [16.5748266, 45.0224202], [16.5746918, 45.0224851], [16.5746518, 45.0226099], [16.5746343, 45.0227672], [16.5746119, 45.022932], [16.5743821, 45.0231792], [16.5742148, 45.0234714], [16.5740326, 45.023761], [16.5738378, 45.0239733], [16.5735032, 45.024243], [16.5731736, 45.0243978], [16.5728265, 45.0244727], [16.5725818, 45.0244877], [16.5723021, 45.0244677], [16.572005, 45.0244302], [16.5717753, 45.0245801], [16.571458, 45.0246132], [16.5713873, 45.0246202], [16.5711331, 45.0246767], [16.5709141, 45.0246908], [16.5706564, 45.0247014], [16.5704233, 45.0247226], [16.5703174, 45.0247509], [16.5700278, 45.0248815], [16.5696994, 45.0249486], [16.5694769, 45.0249981], [16.5693498, 45.0250475], [16.5692474, 45.0251005], [16.5691238, 45.0251676], [16.568979, 45.0252276], [16.5687954, 45.0252841], [16.5686329, 45.0253018], [16.5684069, 45.025323], [16.5681421, 45.0254042], [16.568022, 45.0254677], [16.5679372, 45.0255348], [16.5677889, 45.0256266], [16.5676124, 45.0256831], [16.567397, 45.0257008], [16.5667613, 45.0258315], [16.5664929, 45.0258385], [16.5661998, 45.0258456], [16.5658008, 45.0259056], [16.5645437, 45.0264353], [16.5633042, 45.0265448], [16.56323, 45.0266154], [16.5630252, 45.026679], [16.5627904, 45.0267019], [16.5625379, 45.026679], [16.5622818, 45.0266437], [16.5623454, 45.0269544], [16.5623843, 45.0269456], [16.5624054, 45.0270427], [16.5624955, 45.0270286], [16.5625519, 45.0272189], [16.5632388, 45.0272016], [16.5636396, 45.0286283], [16.5635602, 45.0286318], [16.563486, 45.0287042], [16.5635178, 45.0287836], [16.5636079, 45.0288401], [16.5637562, 45.0289443], [16.5638127, 45.0290697], [16.5638568, 45.0291544], [16.5638533, 45.0292674], [16.5638339, 45.029301], [16.5637791, 45.0293398], [16.5637632, 45.029414], [16.5638197, 45.029497], [16.5639486, 45.0295305], [16.5640987, 45.0295605], [16.5642453, 45.0296206], [16.5642682, 45.0297459], [16.5642029, 45.0298095], [16.5641711, 45.0298607], [16.564157, 45.0299048], [16.5641658, 45.0299578], [16.5642046, 45.0299914], [16.5642823, 45.0300249], [16.5643865, 45.0300479], [16.5644501, 45.0300355], [16.5645384, 45.0299808], [16.5646037, 45.0299278], [16.5646708, 45.029896], [16.5647573, 45.0298695], [16.5648315, 45.0298731], [16.5649215, 45.0298942], [16.5649992, 45.029949], [16.5651016, 45.0299719], [16.5652323, 45.0299613], [16.5653594, 45.0299472], [16.5654212, 45.0299878], [16.565483, 45.0300743], [16.5655995, 45.0300973], [16.565649, 45.0301767], [16.5657213, 45.030258], [16.5658608, 45.0303127], [16.5660427, 45.0303869], [16.5661098, 45.0305105], [16.5661469, 45.0305617], [16.5662404, 45.0306146], [16.5663022, 45.0306429], [16.5663535, 45.0307011], [16.5664241, 45.0307877], [16.5665018, 45.0308371], [16.5665883, 45.0308442], [16.5667348, 45.0307859], [16.5667949, 45.0307506], [16.5668884, 45.0307029], [16.5670032, 45.0306747], [16.5670933, 45.0306835], [16.5672275, 45.0306658], [16.5674127, 45.0306016], [16.5675026, 45.0305754], [16.5676386, 45.0305679], [16.567771, 45.0305929], [16.5678584, 45.0306378], [16.5679121, 45.0307053], [16.5679233, 45.0307677], [16.5679295, 45.0307951], [16.5679645, 45.0308401], [16.5680469, 45.0308688], [16.5681306, 45.0308651], [16.5682392, 45.0308588], [16.568364, 45.0308788], [16.5684901, 45.0309275], [16.5686112, 45.0310149], [16.5686312, 45.0310748], [16.5686487, 45.0311472], [16.5686375, 45.0311884], [16.5686612, 45.0312346], [16.5687386, 45.0312608], [16.568821, 45.0312546], [16.5689134, 45.0312109], [16.568992, 45.031166], [16.5691281, 45.0311372], [16.5692455, 45.031146], [16.5693329, 45.0311922], [16.5693978, 45.0312696], [16.5694715, 45.0312371], [16.5695688, 45.0311959], [16.5698735, 45.0312059], [16.5700533, 45.0312421], [16.5701319, 45.0312883], [16.5701956, 45.0313095], [16.5702792, 45.0312896], [16.5703816, 45.0312434], [16.5705414, 45.0311834], [16.5706613, 45.0311522], [16.5707549, 45.0311572], [16.5708486, 45.0311822], [16.5709247, 45.0312484], [16.5709472, 45.031312], [16.5710646, 45.0313944], [16.5710521, 45.0315143], [16.5710296, 45.031568], [16.5709946, 45.0316229], [16.5709946, 45.0316703], [16.5710571, 45.0316978], [16.571142, 45.0317041], [16.5712156, 45.0316841], [16.5712943, 45.0316341], [16.5714728, 45.0315418], [16.5716613, 45.031503], [16.5717962, 45.0315293], [16.5718798, 45.031568], [16.5719722, 45.0316104], [16.5721046, 45.0316516], [16.5721957, 45.0316666], [16.5722818, 45.0316379], [16.5724129, 45.0315755], [16.5725203, 45.0314918], [16.5725877, 45.0314381], [16.5726364, 45.0314044], [16.5727013, 45.0313807], [16.57278, 45.0313919], [16.5728649, 45.0314381], [16.572961, 45.0315168], [16.5733144, 45.0316991], [16.5734704, 45.0317702], [16.5736855, 45.0318333], [16.573794, 45.0318999], [16.5738654, 45.031937], [16.5739096, 45.0319729], [16.5739541, 45.0319989], [16.5740042, 45.0320262], [16.5740634, 45.0320398], [16.5741421, 45.03204], [16.5741737, 45.0320349], [16.5742033, 45.0320286], [16.5742272, 45.0320204], [16.5742513, 45.032001], [16.5742712, 45.0319598], [16.5742359, 45.0319088], [16.574164, 45.0318681], [16.5740928, 45.0318217], [16.5740306, 45.0317728], [16.5740041, 45.0317281], [16.5740347, 45.0316749], [16.5741235, 45.0316466], [16.5742246, 45.0316532], [16.5743657, 45.0317065], [16.5744578, 45.0317214], [16.5745897, 45.031735], [16.5748751, 45.0317514], [16.5750507, 45.0317709], [16.5751844, 45.0317788], [16.5752712, 45.0317296], [16.5753845, 45.0317011], [16.5754355, 45.0317764], [16.5754886, 45.0318359], [16.5755872, 45.0318724], [16.5755298, 45.0319283], [16.575616, 45.0319732], [16.5756603, 45.0321212], [16.5757254, 45.0322431], [16.5757311, 45.0322742], [16.5757416, 45.0323153], [16.5757538, 45.0323694], [16.5758324, 45.0324749], [16.5759944, 45.0324575], [16.5762296, 45.0323837], [16.5763612, 45.0323876], [16.5765911, 45.0324556], [16.5767538, 45.0325317], [16.5765517, 45.0329875], [16.5765118, 45.0331686], [16.576492, 45.0332686], [16.5765114, 45.0335017], [16.5765335, 45.0335599], [16.5765715, 45.0335979], [16.5765655, 45.0336771], [16.5765741, 45.0337171], [16.5765812, 45.033763], [16.5766077, 45.0338142], [16.576673, 45.0338583], [16.5767207, 45.0339581], [16.5767754, 45.0340057], [16.5768434, 45.0340569], [16.5769246, 45.034087], [16.5770067, 45.0341046], [16.5770623, 45.0341135], [16.5771321, 45.034132], [16.5771621, 45.034177], [16.5771656, 45.034222], [16.577185, 45.0342538], [16.5772371, 45.0342732], [16.5772945, 45.0342662], [16.5773484, 45.0342291], [16.5774084, 45.0341929], [16.5774878, 45.0341461], [16.5776079, 45.0341029], [16.577728, 45.0340675], [16.5778533, 45.0340684], [16.5779134, 45.0340773], [16.5779911, 45.0340596], [16.5780467, 45.0340128], [16.5780696, 45.0339643], [16.5780979, 45.0339342], [16.5781279, 45.0339245], [16.57824, 45.0339775], [16.5782736, 45.0340261], [16.5782718, 45.0340596], [16.57824, 45.0340878], [16.5782294, 45.0341549], [16.5783354, 45.0341938], [16.5784245, 45.0342618], [16.578474, 45.0343015], [16.5784828, 45.0343695], [16.578459, 45.0344021], [16.578436, 45.034456], [16.5784501, 45.034509], [16.5784951, 45.0345425], [16.5785631, 45.0345496], [16.5786214, 45.0345372], [16.5786691, 45.0345125], [16.5786903, 45.0344613], [16.5787167, 45.0344004], [16.5787644, 45.0343695], [16.5788518, 45.0343695], [16.5789374, 45.0344233], [16.5789622, 45.0344657], [16.5789666, 45.034501], [16.5789719, 45.0345354], [16.5790054, 45.0345681], [16.5790884, 45.0345734], [16.5791626, 45.0345557], [16.5792147, 45.034531], [16.5792915, 45.0345037], [16.5793948, 45.0344904], [16.5794671, 45.0345187], [16.5794654, 45.0345813], [16.5794468, 45.0346281], [16.579385, 45.0346599], [16.579325, 45.0347049], [16.5793497, 45.0347632], [16.5794327, 45.03481], [16.5794919, 45.0348762], [16.5795078, 45.034938], [16.5795572, 45.0349901], [16.5796243, 45.035021], [16.5797073, 45.0350281], [16.5797655, 45.0350201], [16.5798318, 45.0349954], [16.579898, 45.0349689], [16.5799712, 45.0349442], [16.5800586, 45.0349433], [16.5801434, 45.0349875], [16.5802087, 45.0350687], [16.5802167, 45.0351287], [16.5802025, 45.0351834], [16.5801496, 45.0352161], [16.5801063, 45.0352126], [16.5800498, 45.0352046], [16.5799871, 45.0352444], [16.5799642, 45.0353106], [16.5799933, 45.0353741], [16.580048, 45.0354033], [16.580146, 45.035413], [16.5802546, 45.0354156], [16.5803191, 45.0354183], [16.5804188, 45.0354174], [16.5804895, 45.0354333], [16.5805257, 45.0354854], [16.5805204, 45.0355286], [16.5804603, 45.0355684], [16.580418, 45.035616], [16.5803915, 45.035699], [16.5804021, 45.0357476], [16.5804285, 45.0357873], [16.5805071, 45.0358261], [16.5805769, 45.0358632], [16.5806139, 45.0359197], [16.5806042, 45.0359921], [16.5805883, 45.0360477], [16.5806272, 45.0361095], [16.5806872, 45.0361413], [16.5807543, 45.0362305], [16.580749, 45.0363143], [16.5806969, 45.0363867], [16.580636, 45.0364044], [16.5805018, 45.0364733], [16.5804444, 45.0365298], [16.5804444, 45.0365854], [16.5804877, 45.0366154], [16.5806078, 45.0366013], [16.5806916, 45.0365677], [16.5807287, 45.0365712], [16.5807993, 45.0365898], [16.5808611, 45.0366136], [16.5809909, 45.0366737], [16.581088, 45.0366895], [16.5811428, 45.0366922], [16.5811913, 45.0366754], [16.5812399, 45.0366754], [16.5812902, 45.0367098], [16.5813423, 45.0367805], [16.5813785, 45.036882], [16.5813688, 45.0369888], [16.5813705, 45.0370286], [16.58142, 45.0371257], [16.5814553, 45.0371945], [16.5815559, 45.0372687], [16.5816354, 45.0373164], [16.581706, 45.0373711], [16.5817413, 45.0374541], [16.5817431, 45.0375847], [16.5817731, 45.0376748], [16.5818596, 45.0377083], [16.5819497, 45.0377225], [16.5819585, 45.0378284], [16.5819603, 45.0379131], [16.5820609, 45.0380915], [16.5821386, 45.0381127], [16.5822993, 45.0380862], [16.5823981, 45.0380844], [16.5825005, 45.0381356], [16.5825465, 45.038238], [16.5825588, 45.0383245], [16.5826595, 45.0384411], [16.5828113, 45.0385876], [16.5829684, 45.0386865], [16.5831238, 45.0388472], [16.583205, 45.0390255], [16.5833604, 45.039308], [16.5834116, 45.0393963], [16.5835511, 45.0395446], [16.5837083, 45.0396806], [16.5840155, 45.0398854], [16.5840667, 45.0399437], [16.5843033, 45.0401979], [16.5844622, 45.0403197], [16.5845875, 45.0404239], [16.5846741, 45.0404681], [16.5847429, 45.0405546], [16.5847747, 45.0406411], [16.5848083, 45.0407488], [16.5848842, 45.0409289], [16.5849319, 45.0410154], [16.585006, 45.0411443], [16.5851155, 45.0412785], [16.5852673, 45.0414639], [16.5853168, 45.0415486], [16.5853503, 45.0416634], [16.5853662, 45.0417711], [16.5853839, 45.0418717], [16.5854386, 45.042013], [16.585481, 45.0420801], [16.5855728, 45.0422108], [16.5856416, 45.0423573], [16.5856911, 45.0425003], [16.5857017, 45.0426186], [16.5857211, 45.0427228], [16.5857335, 45.0428376], [16.5857229, 45.0429947], [16.5857123, 45.0431218], [16.5857211, 45.0432825], [16.5857494, 45.0434485], [16.5857723, 45.0436374], [16.5857829, 45.0438828], [16.5857776, 45.0441141], [16.5857688, 45.0443101], [16.5857529, 45.0445255], [16.5857317, 45.0447462], [16.5857494, 45.0450146], [16.5858059, 45.0452194], [16.5858694, 45.045373], [16.5859136, 45.0455196], [16.58594, 45.0456732], [16.5859683, 45.045788], [16.5859842, 45.0459222], [16.5860054, 45.046021], [16.5860813, 45.0462047], [16.5861484, 45.0463336], [16.5862843, 45.0465119], [16.5864521, 45.0467679], [16.5865951, 45.0472005], [16.5867664, 45.0476331], [16.5868935, 45.0480109], [16.5869804, 45.0484236], [16.5870737, 45.0484121], [16.5871849, 45.048993], [16.5872679, 45.0494133], [16.5873968, 45.0496922], [16.5874462, 45.0497911], [16.5875009, 45.0498776], [16.5875839, 45.0499641], [16.5877517, 45.0500719], [16.5879741, 45.0502184], [16.5883343, 45.0505044], [16.5886186, 45.0506881], [16.5890759, 45.0510536], [16.5893708, 45.0513025], [16.5896798, 45.0516168], [16.5899852, 45.0519982], [16.5902607, 45.052346], [16.5903708, 45.0524984], [16.5904944, 45.0527256], [16.5906655, 45.0529429], [16.5908553, 45.0531663], [16.5912635, 45.0535883], [16.5915719, 45.0539292], [16.5917454, 45.0541602], [16.5918381, 45.0543342], [16.5919377, 45.0545497], [16.5921088, 45.0549217], [16.5922898, 45.0552351], [16.5925295, 45.055576], [16.5927842, 45.0561628], [16.5929303, 45.0562551], [16.5929815, 45.0563937], [16.5930102, 45.0564449], [16.5930639, 45.0565548], [16.5932049, 45.0566122], [16.5933111, 45.0571603], [16.5932312, 45.0571778], [16.5932511, 45.0573251], [16.5932711, 45.0574612], [16.5932849, 45.0575985], [16.5933286, 45.0577246], [16.5933685, 45.0578433], [16.5934447, 45.0580018], [16.5935121, 45.0581029], [16.5936045, 45.0582203], [16.5937181, 45.0583164], [16.593823, 45.0583814], [16.5939928, 45.05845], [16.5942375, 45.0585412], [16.5945034, 45.0586598], [16.5946894, 45.0587559], [16.5948767, 45.0588708], [16.5950353, 45.0589856], [16.5951838, 45.0591779], [16.5952338, 45.0592803], [16.5952562, 45.0594076], [16.5952413, 45.0595325], [16.5952787, 45.059726], [16.5953337, 45.059907], [16.5953911, 45.0599982], [16.5954273, 45.060123], [16.5954685, 45.0602379], [16.5954785, 45.0603215], [16.5954785, 45.0603977], [16.5954635, 45.0604764], [16.5954061, 45.0605687], [16.5953524, 45.0606536], [16.595265, 45.0607685], [16.5951601, 45.0608696], [16.5950502, 45.0610644], [16.5949616, 45.0612205], [16.5949366, 45.0613179], [16.5949304, 45.0614202], [16.5949167, 45.0615051], [16.5948967, 45.0615963], [16.5948355, 45.0617361], [16.5947294, 45.0619221], [16.5946932, 45.0620208], [16.5946719, 45.0620969], [16.5946682, 45.0621606], [16.5946794, 45.0622305], [16.5947057, 45.0622892], [16.5947344, 45.0623579], [16.5947856, 45.0625451], [16.594858, 45.0628073], [16.5949379, 45.0630782], [16.5950552, 45.0634278], [16.5951152, 45.0636488], [16.5951476, 45.0637437], [16.5951701, 45.0639247], [16.5951576, 45.0640671], [16.5951127, 45.0642131], [16.5950103, 45.0643517], [16.5948492, 45.0646114], [16.5947718, 45.0647188], [16.5947019, 45.0647999], [16.5946382, 45.0648511], [16.5945733, 45.0649048], [16.5944922, 45.0650022], [16.5944048, 45.0651395], [16.5943661, 45.0652731], [16.594381, 45.0653693], [16.5944073, 45.0654629], [16.5944909, 45.0655053], [16.5944709, 45.0657238], [16.5944734, 45.0658949], [16.5945346, 45.066016], [16.5946045, 45.0661683], [16.5946183, 45.0665179], [16.5944572, 45.0667514], [16.5940102, 45.0672458], [16.5937019, 45.0675541], [16.5937643, 45.0676216], [16.5937693, 45.0681422], [16.5935046, 45.0682471], [16.5936207, 45.0685979], [16.5936806, 45.06891], [16.5943461, 45.0691472], [16.5945009, 45.0691647], [16.5949341, 45.069357], [16.5953131, 45.0694002], [16.5956901, 45.0697454], [16.5957131, 45.0698002], [16.5957943, 45.0697922], [16.5958552, 45.069749], [16.5959011, 45.0697278], [16.5960582, 45.0697101], [16.5961271, 45.0696942], [16.5962428, 45.0697075], [16.5962834, 45.0697869], [16.5962825, 45.0698531], [16.5962993, 45.0698814], [16.5963355, 45.0698902], [16.5963893, 45.0698796], [16.5964467, 45.0698673], [16.5965147, 45.0698602], [16.5965968, 45.069884], [16.5966082, 45.0699291], [16.5966233, 45.0699803], [16.5966824, 45.0700023], [16.5967495, 45.0699785], [16.5968616, 45.0699035], [16.5969119, 45.0698876], [16.596987, 45.0699079], [16.5970585, 45.0699644], [16.5970779, 45.0699767], [16.5971326, 45.0699847], [16.5971856, 45.0699705], [16.5972465, 45.0698999], [16.597288, 45.0698628], [16.5973639, 45.0698381], [16.5974646, 45.0698796], [16.5975008, 45.0699776], [16.5975264, 45.0700165], [16.5975758, 45.0700368], [16.5976314, 45.0700818], [16.5976173, 45.0701127], [16.5976129, 45.0701709], [16.5975917, 45.0702248], [16.5975873, 45.0702751], [16.597612, 45.070314], [16.5976306, 45.0703713], [16.597597, 45.0704711], [16.5974349, 45.0706115], [16.5979841, 45.0714237], [16.597889, 45.0715156], [16.5981694, 45.0721034], [16.5982381, 45.0720813], [16.598347, 45.0720676], [16.5984907, 45.0720667], [16.5985955, 45.0720724], [16.5987029, 45.0720844], [16.5988447, 45.0721034], [16.5989356, 45.072118], [16.599028, 45.0721398], [16.5991179, 45.0721705], [16.5992324, 45.0722159], [16.5993775, 45.0722902], [16.5999305, 45.0725846], [16.6004421, 45.072848], [16.6007625, 45.0729869], [16.6008948, 45.0730223], [16.6010709, 45.0730502], [16.6013685, 45.0730679], [16.6017427, 45.0730749], [16.6020315, 45.0731047], [16.6022604, 45.0731187], [16.6023763, 45.073129], [16.6024833, 45.0731196], [16.6026553, 45.0730901], [16.6027883, 45.0732432], [16.6028778, 45.0733435], [16.60333, 45.0735181], [16.6040196, 45.0736883], [16.6045766, 45.0737469], [16.6047526, 45.0738777], [16.6049559, 45.0740595], [16.6050732, 45.0741687], [16.605203, 45.074329], [16.6054502, 45.0746317], [16.6055335, 45.0747302], [16.6056382, 45.074818], [16.6058111, 45.0749093], [16.6061129, 45.0750463], [16.6063034, 45.0751746], [16.6063699, 45.0752708], [16.6064187, 45.075369], [16.606432, 45.0754671], [16.606444, 45.0756166], [16.6064421, 45.0757325], [16.6064035, 45.0760649], [16.606394, 45.0762264], [16.6064073, 45.0763555], [16.6064339, 45.076474], [16.606494, 45.0765658], [16.6065998, 45.0766772], [16.6068018, 45.0768362], [16.6070836, 45.0770059], [16.60742, 45.0772029], [16.6078772, 45.0774339], [16.6079989, 45.077475], [16.6080647, 45.077568], [16.6085156, 45.0778188], [16.6087511, 45.0780214], [16.6094439, 45.0782519], [16.6095895, 45.0783811], [16.6099854, 45.0786157], [16.6101376, 45.0787384], [16.6102612, 45.0789784], [16.6103131, 45.0791727], [16.6105119, 45.080096], [16.6105871, 45.0800772], [16.6106749, 45.0803915], [16.6107331, 45.0806763], [16.6107439, 45.0809835], [16.6107125, 45.0812593], [16.6107009, 45.0815602], [16.6107224, 45.0817903], [16.6108182, 45.081965], [16.6109373, 45.0820769], [16.6111228, 45.0822172], [16.6114273, 45.0824428], [16.6117049, 45.082681], [16.6119556, 45.0829613], [16.6119698, 45.0829808], [16.611873, 45.0835852], [16.611576, 45.0840545], [16.6116896, 45.0843497], [16.6120397, 45.0849779], [16.6121238, 45.0850386], [16.6122789, 45.0852985], [16.6122595, 45.0867216], [16.6109804, 45.0878709], [16.6108642, 45.0898411], [16.6101277, 45.0908809], [16.6098564, 45.0910862], [16.6091394, 45.0913461], [16.6089068, 45.0922217], [16.6089456, 45.092509], [16.6093332, 45.093111], [16.6087518, 45.0940139], [16.6076665, 45.0948758], [16.6068526, 45.0948211], [16.6056317, 45.0955599], [16.604779, 45.0955599], [16.6044495, 45.0954094], [16.6001279, 45.0958061], [16.598345, 45.0954504], [16.5966977, 45.0953683], [16.5963489, 45.0954915], [16.5959225, 45.0954504], [16.5949342, 45.0950126], [16.5937714, 45.0947664], [16.5933644, 45.0947937], [16.5926086, 45.0951084], [16.5921823, 45.0950263], [16.5918335, 45.0948895], [16.5916009, 45.0943833], [16.5902443, 45.0945064], [16.5891978, 45.094698], [16.5885583, 45.0950126], [16.5879575, 45.0951631], [16.587725, 45.0949442], [16.587163, 45.0949306], [16.5865235, 45.0952999], [16.5853219, 45.0954504], [16.5841592, 45.0963533], [16.5829382, 45.0961892], [16.5823956, 45.0957651], [16.5820855, 45.0964628], [16.5817949, 45.096668], [16.5810003, 45.096709], [16.5806127, 45.0968595], [16.5794112, 45.0976803], [16.579043, 45.0985148], [16.5776089, 45.0990893], [16.5771438, 45.0995544], [16.5768918, 45.1001153], [16.576698, 45.1021125], [16.5770662, 45.1026323], [16.5783453, 45.1032478], [16.578481, 45.1035077], [16.578481, 45.1037813], [16.5770662, 45.1043694], [16.5768143, 45.1046157], [16.5766787, 45.1051901], [16.5767949, 45.1054637], [16.5771631, 45.1056962], [16.5772407, 45.1059835], [16.5780934, 45.1069136], [16.5785778, 45.1077479], [16.5785585, 45.1085959], [16.5780158, 45.1090746], [16.5779383, 45.1093755], [16.5781515, 45.1105654], [16.5776864, 45.1110441], [16.5776283, 45.1113313], [16.5785778, 45.1119605], [16.5785391, 45.1125075], [16.578229, 45.1127263], [16.5774345, 45.1129725], [16.5768531, 45.1133828], [16.5765818, 45.1140529], [16.5766011, 45.1146137], [16.576136, 45.1150923], [16.5760004, 45.1153795], [16.575981, 45.1162411], [16.5761748, 45.1164872], [16.575981, 45.1167471], [16.5751477, 45.1166787], [16.5735585, 45.1169932], [16.5732872, 45.1172394], [16.5730547, 45.1180872], [16.572764, 45.1183197], [16.5707485, 45.1188394], [16.5702253, 45.1193043], [16.5694501, 45.1203573], [16.5690431, 45.1204393], [16.5681956, 45.1203289], [16.5666861, 45.1197797], [16.5665041, 45.1197178], [16.5663526, 45.1197178], [16.5661882, 45.1197358], [16.5657278, 45.1196748], [16.5654515, 45.1196218], [16.5652895, 45.1195558], [16.5645346, 45.1194815], [16.5644527, 45.1194789], [16.5641495, 45.1195429], [16.5637353, 45.1195742], [16.5633702, 45.1196618], [16.5627709, 45.1197888], [16.5624804, 45.1198614], [16.5623629, 45.1199477], [16.5621629, 45.1201366], [16.5620548, 45.1201867], [16.561901, 45.1202122], [16.5616666, 45.1201817], [16.5614715, 45.1201117], [16.561029, 45.1200032], [16.5607166, 45.1199562], [16.5606511, 45.1199416], [16.5605997, 45.1200327], [16.5605452, 45.1200822], [16.560293, 45.1202552], [16.5600586, 45.1203905], [16.5596802, 45.1206086], [16.5594178, 45.1208046], [16.5591525, 45.1209989], [16.5589505, 45.1212075], [16.5587593, 45.1214573], [16.5586283, 45.1215838], [16.5583936, 45.1219095], [16.5582175, 45.1221255], [16.5579163, 45.1222829], [16.5573808, 45.122798], [16.5572755, 45.1231326], [16.557399, 45.1234444], [16.5574538, 45.1236795], [16.5574391, 45.1238292], [16.5575186, 45.1242822], [16.5574383, 45.1246466], [16.5575743, 45.1249421], [16.5577209, 45.1251569], [16.5577336, 45.1252766], [16.5575893, 45.1255582], [16.5574421, 45.125686], [16.5570929, 45.1258647], [16.5570326, 45.1259531], [16.5569842, 45.1262843], [16.5569816, 45.1263877], [16.557037, 45.1265313], [16.5572526, 45.1268959], [16.5573055, 45.1270644], [16.5572983, 45.1272503], [16.5574357, 45.1275001], [16.5575888, 45.127863], [16.5576741, 45.1279034], [16.5578137, 45.1279123], [16.5578538, 45.1279565], [16.5578251, 45.1280357], [16.5577637, 45.1281635], [16.5578054, 45.1283156], [16.5579314, 45.1284941], [16.5579148, 45.1286018], [16.5577325, 45.1288137], [16.5576303, 45.1289199], [16.5574934, 45.1289816], [16.5573367, 45.129043], [16.5571337, 45.1290959], [16.556916, 45.1291282], [16.5566817, 45.1291524], [16.5564745, 45.129184], [16.5562121, 45.1291914], [16.555934, 45.1292259], [16.5558579, 45.1292494], [16.5556549, 45.1292465], [16.5554664, 45.1292171], [16.5553779, 45.1292083], [16.5551249, 45.1292024], [16.5547462, 45.1292906], [16.5546621, 45.1293218], [16.554555, 45.1294015], [16.554398, 45.1294463], [16.5540663, 45.1294149], [16.5536706, 45.129564], [16.553393, 45.129713], [16.5533209, 45.1298314], [16.5533126, 45.1300191], [16.5532733, 45.1301028], [16.5531437, 45.1301644], [16.5529869, 45.130241], [16.5528649, 45.1303064], [16.5498206, 45.127628], [16.5479387, 45.1263764], [16.5464359, 45.1259139], [16.5437701, 45.1240585], [16.5417641, 45.1228513], [16.5383616, 45.1220563], [16.5382046, 45.122152], [16.5381521, 45.1223844], [16.5382022, 45.1226614], [16.5383162, 45.1228554], [16.538443, 45.1230233], [16.5387303, 45.1231649], [16.539001, 45.1232839], [16.5392849, 45.1232853], [16.5394077, 45.1232765], [16.5398564, 45.1234404], [16.5399893, 45.123653], [16.5399239, 45.1240056], [16.5399947, 45.1241275], [16.5398963, 45.1242179], [16.5397846, 45.1244177], [16.5397838, 45.1245221], [16.5397739, 45.1245897], [16.5397135, 45.1246224], [16.539663, 45.1247355], [16.539479, 45.1249428], [16.539364, 45.1250845], [16.5392879, 45.1250857], [16.5392397, 45.12506], [16.5391319, 45.1250626], [16.5390171, 45.125184], [16.5388141, 45.1252498], [16.5384864, 45.125297], [16.5379699, 45.125419], [16.5378033, 45.1254175], [16.53772, 45.1253778], [16.537645, 45.1252706], [16.53757, 45.1252118], [16.5374742, 45.1252338], [16.5374076, 45.1252324], [16.5373347, 45.1253235], [16.5373034, 45.1254631], [16.5373347, 45.1255953], [16.5373826, 45.1257305], [16.5375804, 45.1259524], [16.5377367, 45.1262448], [16.5378283, 45.1263947], [16.5378949, 45.1266827], [16.5380324, 45.1269222], [16.5381157, 45.127125], [16.5381594, 45.1272617], [16.5380477, 45.1275757], [16.537998, 45.1276504], [16.5380088, 45.1277358], [16.5380909, 45.1279951], [16.5378449, 45.1286182], [16.5377314, 45.1287552], [16.5376269, 45.1288851], [16.5375223, 45.1289703], [16.5373971, 45.1291656], [16.5373029, 45.1293329], [16.5372528, 45.129469], [16.5371998, 45.1295833], [16.5372837, 45.129761], [16.5373721, 45.1298462], [16.5377874, 45.1300145], [16.5383529, 45.1302264], [16.538537, 45.1301672], [16.5388654, 45.1302254], [16.5390083, 45.1302659], [16.5394486, 45.13056], [16.5396165, 45.1307033], [16.53978, 45.1308613], [16.5397667, 45.1309797], [16.539858, 45.1311293], [16.5398212, 45.1313652], [16.53978, 45.1315054], [16.5397859, 45.1316872], [16.5396518, 45.1318223], [16.5395222, 45.1319719], [16.5393647, 45.1322192], [16.5391364, 45.1324945], [16.5389818, 45.1326524], [16.5387373, 45.1328966], [16.5385414, 45.1333132], [16.5383455, 45.1334098], [16.5382263, 45.1335958], [16.5382233, 45.133762], [16.5383087, 45.1338639], [16.5387137, 45.1340893], [16.5389744, 45.1341599], [16.539294, 45.1342981], [16.5394648, 45.1344342], [16.5396474, 45.134643], [16.5397284, 45.1348664], [16.539805, 45.1351552], [16.539833, 45.1354586], [16.5397785, 45.1358721], [16.5397373, 45.136058], [16.5398109, 45.1361079], [16.5399405, 45.1361432], [16.5402056, 45.1361027], [16.5404397, 45.1361453], [16.5407019, 45.1362492], [16.5409802, 45.136405], [16.5412188, 45.1365931], [16.5413514, 45.1367292], [16.5413543, 45.1368185], [16.541207, 45.136993], [16.5410907, 45.1371603], [16.5410745, 45.1372891], [16.5408786, 45.1376288], [16.5408389, 45.137741], [16.540777, 45.1377961], [16.5406253, 45.1377919], [16.5403543, 45.1377202], [16.5401202, 45.1376797], [16.5399508, 45.1376891], [16.5395355, 45.1378875], [16.5393072, 45.1379041], [16.5388389, 45.1378033], [16.5385414, 45.1377826], [16.5384089, 45.1376995], [16.5382292, 45.1376527], [16.5380142, 45.1375727], [16.5376357, 45.1374429], [16.5375297, 45.1374221], [16.5374442, 45.1374158], [16.5373367, 45.1374273], [16.5372793, 45.1374418], [16.5372381, 45.137499], [16.5371585, 45.1376558], [16.537104, 45.137847], [16.5372233, 45.1379415], [16.5373456, 45.1384786], [16.5375886, 45.1388588], [16.5376961, 45.1390323], [16.5378522, 45.1393294], [16.5378463, 45.1394832], [16.5378743, 45.1397096], [16.5379126, 45.1399205], [16.5378757, 45.1403298], [16.5378286, 45.1405594], [16.5377771, 45.1408108], [16.5376887, 45.1409926], [16.5376725, 45.1410757], [16.537864, 45.1413156], [16.5379759, 45.141325], [16.5380805, 45.1412855], [16.5381939, 45.1412169], [16.5383441, 45.1412117], [16.5384324, 45.1412855], [16.5384766, 45.1414683], [16.5386607, 45.1418932], [16.5389494, 45.1424261], [16.5388315, 45.1424313], [16.5389317, 45.1426847], [16.5391217, 45.1430691], [16.5392336, 45.1434794], [16.5393853, 45.1437245], [16.5395326, 45.1439229], [16.5397638, 45.1440684], [16.5400568, 45.1441899], [16.5402586, 45.1442543], [16.5403425, 45.1443717], [16.5403602, 45.1445358], [16.5403441, 45.144691], [16.5402869, 45.1448166], [16.5402025, 45.1449679], [16.5402119, 45.145092], [16.5402744, 45.1452411], [16.5403077, 45.145438], [16.5403171, 45.1455783], [16.540291, 45.1458111], [16.5402723, 45.1460366], [16.5402744, 45.1463671], [16.5403233, 45.1465639], [16.5405014, 45.1468379], [16.5404879, 45.1474345], [16.540485, 45.1475231], [16.5404282, 45.1476131], [16.5404019, 45.1477285], [16.5402921, 45.147811], [16.5402613, 45.1479878], [16.5402707, 45.1481068], [16.5404373, 45.14825], [16.5404394, 45.1483095], [16.5407789, 45.1486907], [16.5408393, 45.148831], [16.5408664, 45.1491666], [16.5406581, 45.1495478], [16.5406591, 45.149738], [16.5406092, 45.1497909], [16.5406893, 45.1498944], [16.5407039, 45.1499591], [16.5406529, 45.1501192], [16.5406154, 45.150034], [16.5405488, 45.1499715], [16.5404207, 45.1499715], [16.5403384, 45.150009], [16.5402988, 45.1500802], [16.5402468, 45.1502007], [16.5401947, 45.1502741], [16.5401343, 45.1503079], [16.5400499, 45.1503108], [16.5397875, 45.1501368], [16.5397209, 45.1501353], [16.5396282, 45.1501713], [16.5394855, 45.1504636], [16.5394512, 45.1505253], [16.5393116, 45.1505268], [16.5387951, 45.1504438], [16.5385368, 45.1504408], [16.538264, 45.1504283], [16.5380172, 45.1503835], [16.5377943, 45.1504379], [16.5376267, 45.1504254], [16.5374861, 45.1503843], [16.5373601, 45.1503718], [16.5372518, 45.1502727], [16.5367748, 45.1502932], [16.5363187, 45.150482], [16.5360344, 45.1506252], [16.5357064, 45.1506648], [16.5354471, 45.15075], [16.5352034, 45.1508521], [16.534941, 45.1509248], [16.5347525, 45.1509454], [16.5344922, 45.1509439], [16.5342558, 45.1509065], [16.5339371, 45.1508859], [16.5337205, 45.1509175], [16.5335227, 45.150988], [16.5333487, 45.1509961], [16.5331103, 45.1509344], [16.5328406, 45.1508191], [16.5326323, 45.1506744], [16.5324667, 45.1506193], [16.5321293, 45.1505378], [16.5319648, 45.1504754], [16.5318356, 45.1504805], [16.5315347, 45.150526], [16.5311629, 45.1503916], [16.5308995, 45.1503152], [16.53046, 45.150313], [16.5301486, 45.150443], [16.5298602, 45.1505224], [16.5295967, 45.1504944], [16.5293103, 45.1504533], [16.5290052, 45.1503512], [16.5288198, 45.1503402], [16.5285616, 45.1503028], [16.528371, 45.1502947], [16.5280909, 45.1503182], [16.5278816, 45.1503556], [16.5277097, 45.15041], [16.5274994, 45.1504394], [16.5273578, 45.1504474], [16.527086, 45.1505525], [16.5268767, 45.1506083], [16.5266309, 45.1507574], [16.5264486, 45.1509145], [16.5263549, 45.1509814], [16.5262852, 45.1510196], [16.5261602, 45.1510445], [16.5260342, 45.1510401], [16.5257926, 45.1509623], [16.5256291, 45.1508734], [16.5254604, 45.1507699], [16.5251813, 45.1505488], [16.5249178, 45.1503285], [16.5247845, 45.1502146], [16.5246018, 45.149921], [16.5245472, 45.1499472], [16.5245114, 45.1499209], [16.5244521, 45.1501159], [16.5244656, 45.1502866], [16.5245177, 45.1504673], [16.5245031, 45.1506435], [16.5244666, 45.1508117], [16.5244593, 45.1509784], [16.5243563, 45.1511304], [16.5243, 45.1513309], [16.5242313, 45.1514668], [16.5239376, 45.151859], [16.5238293, 45.1520749], [16.5237554, 45.1523767], [16.5236544, 45.1525802], [16.5234607, 45.1531427], [16.5233732, 45.1531985], [16.523191, 45.1532888], [16.5228733, 45.1533638], [16.5226193, 45.1534813], [16.5225276, 45.1535929], [16.5225838, 45.1539916], [16.5225922, 45.1542641], [16.5224828, 45.1544881], [16.5224141, 45.1551005], [16.5224276, 45.1553069], [16.5221777, 45.1559274], [16.5221184, 45.1561213], [16.5220715, 45.1564576], [16.5219444, 45.1568006], [16.521959, 45.1570436], [16.5220173, 45.157236], [16.5220246, 45.1573484], [16.5220194, 45.1575569], [16.5221048, 45.1578294], [16.5221475, 45.1580019], [16.5220017, 45.1583955], [16.5215779, 45.1586055], [16.5215123, 45.1587179], [16.5214894, 45.1588435], [16.5214665, 45.1590527], [16.5212353, 45.1592547], [16.5211332, 45.1594155], [16.5210874, 45.1596005], [16.5210843, 45.1597327], [16.5210603, 45.1597966], [16.5210031, 45.1598788], [16.5208156, 45.1600896], [16.5206834, 45.1602724], [16.5206136, 45.1604589], [16.5202445, 45.160883], [16.5200553, 45.1612091], [16.5198825, 45.1615035], [16.5197419, 45.1615828], [16.5192847, 45.1616783], [16.5187578, 45.1617473], [16.518436, 45.1618574], [16.5180986, 45.1619969], [16.5179164, 45.1621071], [16.5177477, 45.1622855], [16.5174988, 45.1625858], [16.5174405, 45.1626629], [16.5173394, 45.162906], [16.5173155, 45.1631329], [16.5172874, 45.163536], [16.5174217, 45.16366], [16.5174977, 45.1638018], [16.5172843, 45.1639192], [16.5169677, 45.1639655], [16.516498, 45.1638972], [16.5161148, 45.1638517], [16.5158722, 45.1638935], [16.5157753, 45.1639236], [16.5155389, 45.1640822], [16.5154639, 45.1642577], [16.5150641, 45.1645742], [16.5149693, 45.1648143], [16.5148943, 45.1650426], [16.5148381, 45.1652812], [16.5146465, 45.1655808], [16.514533, 45.1659545], [16.514359, 45.16613], [16.5139425, 45.1665683], [16.5133437, 45.167086], [16.5130782, 45.1674406], [16.5127887, 45.1677746], [16.512672, 45.1679318], [16.5124336, 45.1680507], [16.5123086, 45.1684596], [16.5117088, 45.1690463], [16.511387, 45.1690389], [16.5110933, 45.1690529], [16.5105102, 45.1685903], [16.5101634, 45.1683818], [16.5100665, 45.1683752], [16.5098301, 45.1682203], [16.5097198, 45.1681814], [16.5096489, 45.168119], [16.5095042, 45.1681021], [16.509449, 45.1679876], [16.5093126, 45.1679604], [16.5091574, 45.1677783], [16.5089065, 45.1677534], [16.5089085, 45.1675647], [16.5087286, 45.1673681], [16.5087036, 45.1673159], [16.5084713, 45.1671463], [16.5083026, 45.1670773], [16.5078955, 45.1670032], [16.5077924, 45.166976], [16.5071748, 45.1671632], [16.5067927, 45.1673739], [16.5063636, 45.1677227], [16.5062085, 45.1680222], [16.5061064, 45.1681551], [16.5058513, 45.1684202], [16.5058481, 45.1685127], [16.5058586, 45.1685978], [16.5057648, 45.1688042], [16.5056951, 45.1689635], [16.5056242, 45.1691426], [16.5051327, 45.1689884], [16.5046506, 45.1692498], [16.5043163, 45.1694517], [16.5034863, 45.1696852], [16.5030562, 45.1697322], [16.5024366, 45.1696301], [16.5022523, 45.1696441], [16.5021117, 45.1696837], [16.5020284, 45.1697549], [16.5019409, 45.1698621], [16.5018285, 45.1700978], [16.5017545, 45.170318], [16.50164, 45.1706058], [16.5014421, 45.1709824], [16.501339, 45.1710933], [16.5011235, 45.1712776], [16.5007777, 45.1713649], [16.500256, 45.1713818], [16.4999425, 45.1714259], [16.4997228, 45.1715228], [16.4996051, 45.1716637], [16.4995312, 45.171873], [16.4994364, 45.1721196], [16.4992917, 45.1722466], [16.4990376, 45.1723663], [16.4987887, 45.1725153], [16.4986512, 45.172671], [16.49862, 45.1727319], [16.4982566, 45.1730799], [16.4980566, 45.1732546], [16.4979004, 45.1733522], [16.4977671, 45.1735475], [16.4977197, 45.1735747], [16.4974878, 45.1737883], [16.4973611, 45.1738568], [16.4970371, 45.1739274], [16.4961049, 45.174325], [16.4958899, 45.1744704], [16.4955232, 45.1743603], [16.4952537, 45.174325], [16.4951609, 45.1743344], [16.4950195, 45.1744216], [16.4948472, 45.1745908], [16.4944139, 45.1745713], [16.4943306, 45.1744391], [16.4942681, 45.1745037], [16.494189, 45.1745683], [16.4940474, 45.1746212], [16.4938932, 45.1746182], [16.4935683, 45.1745302], [16.4931934, 45.1744186], [16.4927311, 45.1744039], [16.4920729, 45.1744303], [16.4917855, 45.1743657], [16.4913565, 45.1740603], [16.4910408, 45.173921], [16.490876, 45.1737776], [16.4907113, 45.1736888], [16.4905078, 45.1736819], [16.4903043, 45.1737297], [16.4901008, 45.1737366], [16.489907, 45.1737024], [16.4897423, 45.1736136], [16.489597, 45.1735112], [16.4893547, 45.1732857], [16.489035, 45.1731013], [16.4888702, 45.173033], [16.4886668, 45.172992], [16.4882792, 45.1729783], [16.4880854, 45.1729237], [16.4877559, 45.1727597], [16.48763, 45.1726505], [16.4874652, 45.1725753], [16.4870389, 45.172548], [16.4863994, 45.172548], [16.4859827, 45.1725685], [16.4857695, 45.1725412], [16.4855854, 45.1724933], [16.4853432, 45.1724797], [16.4851397, 45.1724865], [16.4849168, 45.1724524], [16.484371, 45.172324], [16.4840657, 45.172324], [16.4839204, 45.1722216], [16.4833099, 45.1721123], [16.4830919, 45.1721054], [16.4829902, 45.1721328], [16.4828933, 45.1721054], [16.4827625, 45.1719927], [16.4824524, 45.1719278], [16.4822731, 45.1718698], [16.482152, 45.1717502], [16.4820745, 45.171699], [16.4819001, 45.1716273], [16.4818032, 45.1716068], [16.4817208, 45.1715589], [16.4815561, 45.1713813], [16.4813768, 45.1712755], [16.481183, 45.1711115], [16.481091, 45.1710774], [16.480873, 45.1710637], [16.4803594, 45.1711422], [16.4802528, 45.1711422], [16.479967, 45.1710637], [16.4798701, 45.1710705], [16.4797925, 45.1711218], [16.479686, 45.1711115], [16.4794582, 45.1708656], [16.4793517, 45.1708451], [16.4792499, 45.1708383], [16.4791433, 45.1708588], [16.4789398, 45.1708724], [16.4789108, 45.170898], [16.4788066, 45.170898], [16.4787267, 45.1708588], [16.478637, 45.1707409], [16.478545, 45.1707136], [16.4784681, 45.1707183], [16.478409, 45.1707454], [16.4783797, 45.1708321], [16.4781865, 45.1708615], [16.4780663, 45.1708457], [16.4780832, 45.1707924], [16.4780178, 45.170786], [16.4780011, 45.1708351], [16.4779136, 45.1708371], [16.4777849, 45.1708566], [16.4776345, 45.1707569], [16.4773595, 45.1707354], [16.4772701, 45.1706879], [16.4772353, 45.170658], [16.4772276, 45.170689], [16.4770666, 45.1706522], [16.4768976, 45.1706144], [16.4770374, 45.1705194], [16.4770852, 45.1704786], [16.4774214, 45.1701133], [16.4777049, 45.1695084], [16.4778429, 45.1689457], [16.4778808, 45.1686717], [16.477927, 45.1684205], [16.4780294, 45.1681992], [16.4782914, 45.167785], [16.4784591, 45.1674957], [16.478674, 45.167276], [16.4787622, 45.1672217], [16.478857, 45.1671989], [16.4790467, 45.1670684], [16.4791297, 45.16699], [16.4793174, 45.1665351], [16.4794192, 45.1661925], [16.4795494, 45.1660014], [16.4795765, 45.1658402], [16.4795778, 45.1657495], [16.4795487, 45.165638], [16.4795209, 45.1655515], [16.4794515, 45.1654243], [16.479248, 45.1652645], [16.4791878, 45.165209], [16.4791601, 45.1651438], [16.4790567, 45.1649848], [16.4788987, 45.1648518], [16.478792, 45.1648384], [16.4785493, 45.1648714], [16.4783487, 45.1648679], [16.4782046, 45.164811], [16.4781491, 45.1647556], [16.4780473, 45.1646349], [16.47802, 45.1645486], [16.4780103, 45.1643837], [16.4781146, 45.1637989], [16.4780959, 45.1636171], [16.4781476, 45.1634485], [16.478198, 45.1632747], [16.4782624, 45.1629289], [16.4783226, 45.1627149], [16.4784167, 45.1624594], [16.4784637, 45.16172], [16.4784961, 45.1617005], [16.4785401, 45.1616662], [16.478591, 45.1616156], [16.4786673, 45.1615488], [16.4787043, 45.1614802], [16.4787144, 45.1613255], [16.4786141, 45.160849], [16.478621, 45.1608066], [16.4786025, 45.1607315], [16.4785308, 45.160632], [16.4784707, 45.1605896], [16.4782116, 45.1604428], [16.4781746, 45.1602079], [16.4780213, 45.1601296], [16.4778553, 45.1599746], [16.4773487, 45.1597822], [16.4771753, 45.159711], [16.4769462, 45.1595913], [16.4765628, 45.1593994], [16.4763729, 45.1593657], [16.4761663, 45.1593095], [16.475826, 45.1592726], [16.4754614, 45.1590436], [16.4753058, 45.1589289], [16.4752464, 45.1588038], [16.4750981, 45.1586566], [16.4743161, 45.1590396], [16.4734248, 45.1592591], [16.4715706, 45.1565878], [16.4707949, 45.1558009], [16.4716422, 45.155527], [16.4718854, 45.1554229], [16.4719757, 45.1552761], [16.4720451, 45.155188], [16.4720751, 45.1551651], [16.4720451, 45.1551505], [16.4719988, 45.1550558], [16.4719757, 45.1549808], [16.4719155, 45.154878], [16.4718669, 45.1547247], [16.4716945, 45.154383], [16.4712018, 45.153479], [16.4713326, 45.1534375], [16.4710017, 45.1529611], [16.4707505, 45.1526354], [16.4704789, 45.152227], [16.4701967, 45.1518387], [16.4696283, 45.1510503], [16.4694795, 45.15108], [16.4694841, 45.1507796], [16.4695093, 45.15061], [16.4693617, 45.1504475], [16.4692943, 45.1504081], [16.4692644, 45.1504013], [16.4691323, 45.1503596], [16.4689834, 45.1503178], [16.468689, 45.1502806], [16.467541, 45.1505384], [16.4668572, 45.1487918], [16.4658482, 45.1466615], [16.4655773, 45.1462077], [16.4646055, 45.1442572], [16.4643321, 45.1436755], [16.463973, 45.1431756], [16.4633167, 45.1424562], [16.4627231, 45.1420035], [16.462, 45.1414529], [16.461078, 45.1409044], [16.4602425, 45.1404395], [16.4593422, 45.1400781], [16.4585303, 45.1398067], [16.4568185, 45.1391762], [16.4558655, 45.1388384], [16.4554047, 45.138491], [16.4544049, 45.1382608], [16.4530928, 45.1377574], [16.4514358, 45.1371122], [16.4502133, 45.1365549], [16.4497932, 45.1363563], [16.4498645, 45.135793], [16.4498911, 45.1356544], [16.4499263, 45.135516], [16.4499347, 45.1354025], [16.4499244, 45.1353336], [16.4498933, 45.1352705], [16.4497815, 45.1351594], [16.4496654, 45.1350681], [16.4492812, 45.1348531], [16.4491586, 45.1347683], [16.448719, 45.1343795], [16.4484301, 45.1342279], [16.4482326, 45.1341598], [16.4478471, 45.1341054], [16.4476787, 45.1340624], [16.4474466, 45.1339681], [16.4472749, 45.1339113], [16.4471657, 45.1338838], [16.447071, 45.133895], [16.4467136, 45.1339788], [16.4464742, 45.1340071], [16.4462429, 45.134014], [16.4459763, 45.1340086], [16.4454717, 45.1339316], [16.445045, 45.1337865], [16.4446852, 45.1336438], [16.4442073, 45.1333441], [16.4435565, 45.1328953], [16.4430878, 45.1325289], [16.442579, 45.1321057], [16.4422872, 45.131828], [16.4417924, 45.1311918], [16.4413541, 45.1306523], [16.4411001, 45.1301984], [16.4410455, 45.1298558], [16.4405922, 45.1292619], [16.4403473, 45.1291311], [16.4402332, 45.1290636], [16.4398776, 45.1289001], [16.4395425, 45.1287172], [16.4391987, 45.1284787], [16.438977, 45.1283087], [16.4387975, 45.1281319], [16.4385706, 45.1278165], [16.4382421, 45.1274844], [16.4376868, 45.1270257], [16.4372737, 45.1267629], [16.4357996, 45.1261273], [16.4337332, 45.1253842], [16.4312895, 45.1246189], [16.4307891, 45.1244956], [16.4286529, 45.1240234], [16.4271726, 45.1237454], [16.4252831, 45.1233918], [16.4230279, 45.122804], [16.4224319, 45.1226941], [16.4206372, 45.1226224], [16.4184495, 45.1223947], [16.4131052, 45.1215191], [16.4119107, 45.1212637], [16.409691, 45.120636], [16.4072517, 45.1196615], [16.4059797, 45.1189374], [16.4027666, 45.1176434], [16.4021457, 45.1174686], [16.4019285, 45.1173423], [16.4016009, 45.1172213], [16.4009805, 45.1168768], [16.4003628, 45.1164928], [16.3997904, 45.1160521], [16.398919, 45.1154766], [16.3975818, 45.1146405], [16.3971247, 45.1144013], [16.3966866, 45.1142023], [16.3962713, 45.1140356], [16.3958021, 45.113799], [16.3951056, 45.1133931], [16.3946993, 45.1130311], [16.3944428, 45.1127054], [16.394354, 45.1123442], [16.3938408, 45.1107234], [16.3933303, 45.1092581], [16.3931932, 45.1087446], [16.3927741, 45.1071636], [16.3925646, 45.1061984], [16.3925265, 45.1059322], [16.392477, 45.1055369], [16.3925303, 45.1052654], [16.3929837, 45.1042786], [16.3934408, 45.1038591], [16.3939665, 45.1033106], [16.3944656, 45.1028857], [16.3961304, 45.1020387], [16.3968847, 45.1018074], [16.3988656, 45.1009792], [16.3992695, 45.1007157], [16.3999247, 45.1002989], [16.4004809, 45.0998928], [16.4014028, 45.0992851], [16.4019895, 45.0989301], [16.4024352, 45.0986989], [16.4028733, 45.0984972], [16.4023247, 45.0979002], [16.4021876, 45.097677], [16.402039, 45.0975533], [16.4018181, 45.0974511], [16.4015361, 45.0973409], [16.4011819, 45.0972521], [16.4003933, 45.097123], [16.3999057, 45.0970155], [16.3995933, 45.0969348], [16.3994218, 45.0968622], [16.3992771, 45.0967304], [16.3991552, 45.0965475], [16.3991018, 45.0963754], [16.3990218, 45.0960957], [16.3989494, 45.095894], [16.3987399, 45.0955444], [16.3986028, 45.0954127], [16.3983628, 45.0953078], [16.398138, 45.0952406], [16.3977685, 45.095211], [16.3974447, 45.0951653], [16.3972809, 45.0951034], [16.3970713, 45.0950066], [16.3970332, 45.094942], [16.3968313, 45.0948533], [16.3964999, 45.0947726], [16.3960504, 45.0945171], [16.39579, 45.0943876], [16.3958256, 45.0943208], [16.395517, 45.0941971], [16.3951742, 45.0939739], [16.3950827, 45.0938502], [16.3950103, 45.0936754], [16.3950599, 45.0933984], [16.395098, 45.0933257], [16.3952161, 45.0930541], [16.3955084, 45.0928686], [16.3952846, 45.0927502], [16.3954675, 45.0922957], [16.3958446, 45.0917632], [16.395978, 45.0910908], [16.3959704, 45.0907062], [16.3957172, 45.0899043], [16.3956687, 45.0897635], [16.3956778, 45.089669], [16.3953482, 45.0895775], [16.3950238, 45.0894884], [16.3946395, 45.0893408], [16.394359, 45.0891936], [16.3939362, 45.0888841], [16.3936034, 45.088464], [16.3925469, 45.0872313], [16.3922193, 45.0867687], [16.392044, 45.0864352], [16.3916403, 45.0859736], [16.3913584, 45.085624], [16.3909368, 45.0851931], [16.3905812, 45.084789], [16.3901187, 45.084479], [16.3897785, 45.0842808], [16.3889414, 45.083986], [16.3882686, 45.0836855], [16.3877943, 45.083423], [16.3872628, 45.0830191], [16.3869381, 45.0826139], [16.3865558, 45.0820387], [16.386444, 45.0815773], [16.3863385, 45.0811436], [16.3861611, 45.0807657], [16.3859275, 45.0800182], [16.3858268, 45.079506], [16.3859189, 45.0789422], [16.3861535, 45.0783828], [16.3861316, 45.0777091], [16.3860478, 45.0772356], [16.3858711, 45.0765913], [16.3859792, 45.0761057], [16.3860217, 45.075743], [16.3862139, 45.0754327], [16.3865735, 45.0750673], [16.3868935, 45.0746692], [16.3871525, 45.0743732], [16.387355, 45.0740368], [16.3874439, 45.0738086], [16.3875436, 45.0734186], [16.3876567, 45.07269], [16.3876783, 45.0724141], [16.3876406, 45.0720698], [16.3875732, 45.0717921], [16.387557, 45.0717597], [16.3874655, 45.0715866], [16.3872096, 45.0711833], [16.3868243, 45.0705973], [16.386757, 45.0704737], [16.3866897, 45.0701465], [16.38659, 45.0696328], [16.3865792, 45.0693303], [16.3866169, 45.0689745], [16.3866897, 45.0687786], [16.3868728, 45.0683467], [16.3870021, 45.0679015], [16.3870695, 45.0675153], [16.3870668, 45.0671995], [16.386994, 45.0667923], [16.3869321, 45.0665241], [16.3868594, 45.0663072], [16.3868082, 45.0661911], [16.3866789, 45.0660199], [16.386361, 45.0656622], [16.3859866, 45.0652779], [16.3856445, 45.0649487], [16.3852135, 45.0646081], [16.3847528, 45.0642923], [16.3843325, 45.0641171], [16.3841916, 45.0640373], [16.3839783, 45.063855], [16.3837465, 45.0632719], [16.3837565, 45.0629186], [16.383662, 45.0622158], [16.3837723, 45.0619355], [16.3839098, 45.0616744], [16.384194, 45.0615236], [16.3834646, 45.0602712], [16.3834163, 45.0599684], [16.3833398, 45.059489], [16.3829371, 45.0591292], [16.3827134, 45.0583853], [16.3828102, 45.0572933], [16.3836884, 45.0534928], [16.3826664, 45.0534232], [16.3820414, 45.0527165], [16.3813302, 45.0528095], [16.3808182, 45.0525396], [16.3804772, 45.0519416], [16.3800397, 45.0517326], [16.3801483, 45.0515151], [16.3802096, 45.0511353], [16.3800672, 45.0508939], [16.3794255, 45.0510085], [16.3786463, 45.0513892], [16.3778364, 45.0517423], [16.3773445, 45.0518536], [16.3763302, 45.0518904], [16.3756901, 45.0518117], [16.3752321, 45.0516982], [16.3751178, 45.0516699], [16.3745711, 45.0514248], [16.3739295, 45.0508348], [16.3733295, 45.0502007], [16.3728216, 45.0495466], [16.372303, 45.0485453], [16.3717536, 45.0481242], [16.3711466, 45.0476843], [16.3707218, 45.0473144], [16.3704342, 45.0469384], [16.3700437, 45.0461925], [16.3698506, 45.04558], [16.3698629, 45.0451696], [16.3698052, 45.0447667], [16.3694082, 45.0441802], [16.3685854, 45.0435632], [16.3678637, 45.0430328], [16.3672285, 45.0428951], [16.3660232, 45.0426146], [16.3650272, 45.0423291], [16.3642261, 45.0422016], [16.3637714, 45.0419823], [16.3634971, 45.0415692], [16.3632156, 45.0408858], [16.3631438, 45.0408183], [16.3625851, 45.0402931], [16.363101, 45.0401075], [16.3630762, 45.039482], [16.3629315, 45.039251], [16.3625434, 45.0392005], [16.3621553, 45.0390683], [16.3606736, 45.038156], [16.3599668, 45.0373066], [16.3593599, 45.0363103], [16.3589585, 45.03526], [16.3590138, 45.0344695], [16.3590827, 45.0334846], [16.3591081, 45.0332716], [16.3590167, 45.0331262], [16.3588795, 45.0329916], [16.3587462, 45.0329041], [16.3585119, 45.0327991], [16.3581214, 45.032647], [16.3575157, 45.0324141], [16.3569119, 45.0321974], [16.3565176, 45.0320116], [16.3560985, 45.0317841], [16.3557538, 45.0315553], [16.3556261, 45.0314059], [16.3555176, 45.0312201], [16.3554871, 45.0310397], [16.355489, 45.0308068], [16.3555252, 45.0304891], [16.3556738, 45.0298887], [16.3557404, 45.0296747], [16.3558223, 45.0294916], [16.3558852, 45.0293516], [16.3559462, 45.0292493], [16.3560452, 45.0291403], [16.3561671, 45.0290393], [16.3562643, 45.0289787], [16.3563747, 45.0289141], [16.3565566, 45.0288302], [16.3570456, 45.0287777], [16.3572073, 45.0285121], [16.357261, 45.0281413], [16.3574056, 45.027977], [16.3575368, 45.027824], [16.3576598, 45.0276656], [16.3578563, 45.0274428], [16.3580161, 45.0269606], [16.3580413, 45.0264269], [16.3581453, 45.0261936], [16.3581472, 45.0260765], [16.3581834, 45.0258746], [16.3581815, 45.0256592], [16.3582462, 45.025468], [16.3586881, 45.0253172], [16.3587815, 45.0251516], [16.3587834, 45.0250654], [16.3582596, 45.0246225], [16.3581777, 45.0244744], [16.3582024, 45.0243923], [16.3584272, 45.024123], [16.3587339, 45.0235804], [16.3588729, 45.0234431], [16.3587091, 45.0232573], [16.3585758, 45.0230365], [16.3582481, 45.0227376], [16.3582215, 45.022568], [16.3580691, 45.0222193], [16.3580196, 45.0219877], [16.3578443, 45.0218194], [16.3577777, 45.0216228], [16.357671, 45.0215084], [16.3576081, 45.0213482], [16.3576253, 45.0212068], [16.3577072, 45.0211206], [16.3577357, 45.0209335], [16.3576367, 45.0206804], [16.3575281, 45.0205228], [16.3574881, 45.0203263], [16.3574824, 45.020228], [16.3576672, 45.0200651], [16.3576919, 45.0199816], [16.357551, 45.0198267], [16.3575205, 45.0195992], [16.3576081, 45.019412], [16.3576367, 45.0192572], [16.3576043, 45.0191549], [16.3574957, 45.0190701], [16.3573053, 45.0189785], [16.3569567, 45.018895], [16.3568081, 45.0187738], [16.3566653, 45.0185449], [16.3566748, 45.0184776], [16.3567205, 45.0183268], [16.3568043, 45.0182124], [16.356951, 45.0180454], [16.3568481, 45.0179431], [16.3566595, 45.0178407], [16.3562957, 45.0177465], [16.3560481, 45.0177249], [16.3558786, 45.017593], [16.3559891, 45.0174785], [16.3562062, 45.0174408], [16.3564519, 45.0172833], [16.3564614, 45.0172227], [16.3562843, 45.0171581], [16.3561795, 45.0170396], [16.3561072, 45.0168726], [16.3561262, 45.0164996], [16.3562367, 45.016225], [16.3567776, 45.0159287], [16.3568862, 45.0158331], [16.3568824, 45.0156715], [16.3567434, 45.0154534], [16.3567967, 45.0153888], [16.3570329, 45.0152757], [16.3570938, 45.0152151], [16.3575453, 45.0144772], [16.3575167, 45.0140651], [16.3573376, 45.0128761], [16.3575472, 45.012491], [16.3575072, 45.0123779], [16.3575415, 45.0122297], [16.357711, 45.0121705], [16.3579148, 45.0121812], [16.3583297, 45.0122189], [16.3583621, 45.0117808], [16.3583305, 45.0113938], [16.3583442, 45.011003], [16.3583519, 45.0108371], [16.3582846, 45.0105871], [16.3581067, 45.0102308], [16.3577211, 45.009738], [16.3572379, 45.0092734], [16.3569112, 45.0089862], [16.3565712, 45.0087324], [16.3559783, 45.0086423], [16.3549872, 45.0076516], [16.3548419, 45.0074383], [16.3543817, 45.0068227], [16.3539173, 45.0060107], [16.3539555, 45.0053885], [16.3542064, 45.0050026], [16.3544402, 45.0043664], [16.3545631, 45.0038747], [16.3545258, 45.0033585], [16.3539117, 45.0028896], [16.3532995, 45.0026722], [16.3519671, 45.0025177], [16.3504011, 45.0022806], [16.3492109, 45.0017885], [16.3487379, 45.0015495], [16.3485224, 45.0013373], [16.3484498, 45.0012303], [16.3482854, 45.0011738], [16.3480035, 45.001114], [16.3476746, 45.001016], [16.3471648, 45.0009529], [16.3467701, 45.0009313], [16.3463614, 45.0009479], [16.3461194, 45.0009645], [16.3458962, 45.0010044], [16.3454922, 45.0011472], [16.3451328, 45.0013], [16.3447827, 45.0013997], [16.3445619, 45.0014994], [16.3441132, 45.0016422], [16.343742, 45.001702], [16.3434108, 45.0017353], [16.3430843, 45.0017336], [16.3428446, 45.0016854], [16.3425392, 45.0015592], [16.3423654, 45.0014529], [16.3420483, 45.0011854], [16.3418556, 45.0010459], [16.3411156, 45.0006655], [16.3407515, 45.0004961], [16.3404156, 45.0004246], [16.3399481, 45.0003632], [16.3394454, 45.0003366], [16.3384892, 45.0003217], [16.337862, 45.000305], [16.3374485, 45.000315], [16.3369834, 45.0003067], [16.3366334, 45.0002901], [16.3357336, 45.0006157], [16.334942, 45.0007785], [16.3347963, 45.0007967], [16.334303, 45.0007918], [16.3341738, 45.0007834], [16.3334714, 45.000722], [16.3332529, 45.0006954], [16.3331824, 45.0006755], [16.3331119, 45.0006356], [16.3329851, 45.0004894], [16.3328418, 45.0003831], [16.3325599, 45.0002801], [16.3322592, 45.0002187], [16.3319561, 45.0001904], [16.3316695, 45.0001938], [16.330852, 45.000305], [16.3305936, 45.0003648], [16.3304174, 45.0004163], [16.3302342, 45.0005027], [16.3299499, 45.0006788], [16.3295341, 45.0009379], [16.3295271, 45.0009795], [16.329513, 45.001031], [16.3294589, 45.0010908], [16.3293579, 45.0011522], [16.329264, 45.0011888], [16.3291442, 45.001305], [16.3287894, 45.0017934], [16.3287002, 45.0018847], [16.3285287, 45.002011], [16.3282891, 45.0021107], [16.3279672, 45.0021754], [16.3275444, 45.0022186], [16.3271403, 45.002192], [16.3267503, 45.0021804], [16.326698, 45.0022216], [16.3266624, 45.0022497], [16.3254136, 45.0022518], [16.3246666, 45.0022901], [16.3237833, 45.0023033], [16.323741, 45.0023498], [16.3236588, 45.0023831], [16.3235648, 45.0023964], [16.3234309, 45.0023864], [16.3232782, 45.0023582], [16.3230926, 45.002315], [16.322301, 45.0023299], [16.3211123, 45.0022319], [16.3207622, 45.0021605], [16.3200457, 45.0018997], [16.319893, 45.0018399], [16.3196581, 45.0017103], [16.3195454, 45.0016688], [16.319247, 45.001599], [16.318904, 45.0015093], [16.3186527, 45.001408], [16.3183755, 45.0012519], [16.318204, 45.0010808], [16.317861, 45.0008183], [16.3175532, 45.0006423], [16.3168931, 45.0002835], [16.3167005, 45.0002054], [16.3166253, 45.0001904], [16.3163998, 45.0001639], [16.3161602, 45.0001157], [16.3158313, 44.9999894], [16.3157162, 44.9999429], [16.3152158, 44.9998615], [16.3149715, 44.9998134], [16.3148023, 44.9997619], [16.3145604, 44.9996572], [16.3143536, 44.9995326], [16.3139449, 44.9992751], [16.3135549, 44.9989678], [16.3129371, 44.9984363], [16.3125683, 44.9982054], [16.3122065, 44.9980907], [16.3118447, 44.9980409], [16.3115158, 44.9980243], [16.3109802, 44.9980608], [16.3106443, 44.9981007], [16.3104141, 44.9981821], [16.310212, 44.9983083], [16.3100711, 44.9984512], [16.3099607, 44.998599], [16.3097304, 44.9990509], [16.3095026, 44.9994894], [16.3093405, 44.9997187], [16.309021, 45.0000442], [16.3088471, 45.0001805], [16.3081142, 45.0005559], [16.308032, 45.0005741], [16.3075269, 45.0006506], [16.3073835, 45.00068], [16.3070665, 45.0007037], [16.3065661, 45.000722], [16.3061315, 45.0007004], [16.3057955, 45.0006589], [16.3053656, 45.0005791], [16.3046451, 45.0003695], [16.3042568, 45.0001813], [16.3038628, 44.9999574], [16.3033731, 44.9996607], [16.3029225, 44.9993981], [16.3027191, 44.9992585], [16.3021038, 44.9988953], [16.3015167, 44.9986457], [16.3006073, 44.9983832], [16.2997974, 44.9982652], [16.298524, 44.9981987], [16.2978027, 44.9982034], [16.2970306, 44.9982531], [16.2961192, 44.9985103], [16.2948445, 44.9988982], [16.2944101, 44.9990794], [16.2941894, 44.9991671], [16.294063, 44.9991881], [16.2938212, 44.9991897], [16.2934907, 44.9992275], [16.2931579, 44.9992538], [16.2930053, 44.9992515], [16.2926461, 44.9991511], [16.2923977, 44.9990492], [16.2921485, 44.9988731], [16.2918864, 44.9986025], [16.2916886, 44.9981884], [16.2914835, 44.9978957], [16.2912536, 44.9972948], [16.2908944, 44.9965361], [16.2908804, 44.9964565], [16.2908637, 44.9963858], [16.2908398, 44.9963301], [16.2908039, 44.9962847], [16.2906848, 44.9961855], [16.2905522, 44.9960868], [16.2904254, 44.9960097], [16.2902898, 44.9959476], [16.2901652, 44.9959053], [16.289813, 44.9957808], [16.2895969, 44.9957113], [16.2894833, 44.9956968], [16.2891893, 44.9956786], [16.2889294, 44.9956685], [16.2887518, 44.9956636], [16.288656, 44.995661], [16.2871092, 44.9956422], [16.2869875, 44.9956277], [16.2861048, 44.9955229], [16.2852839, 44.99543], [16.2835529, 44.9954388], [16.2832057, 44.9954335], [16.2830718, 44.9954563], [16.2826775, 44.995565], [16.2824518, 44.9956808], [16.2821269, 44.9958298], [16.2811994, 44.9958246], [16.280944, 44.9957965], [16.2804579, 44.9957176], [16.2794486, 44.9955282], [16.2791014, 44.9954177], [16.2786004, 44.9952283], [16.278283, 44.9950599], [16.2778167, 44.994739], [16.27772, 44.9946969], [16.2773034, 44.9946022], [16.2767788, 44.9945676], [16.2756811, 44.9943866], [16.2743974, 44.9940393], [16.2738924, 44.9938285], [16.2733803, 44.9935879], [16.272998, 44.9933585], [16.2725737, 44.9929493], [16.2724053, 44.9927298], [16.2723264, 44.992607], [16.2722878, 44.9924284], [16.2723405, 44.9922746], [16.2724509, 44.9921308], [16.272735, 44.9918108], [16.2729168, 44.9916183], [16.2730736, 44.9914613], [16.2733198, 44.9912184], [16.2734103, 44.9910821], [16.2734555, 44.9909453], [16.2735151, 44.9907002], [16.2735374, 44.9905397], [16.273512, 44.9904261], [16.2734884, 44.9903182], [16.2733762, 44.9900639], [16.2733334, 44.9899903], [16.2732646, 44.9898719], [16.2732367, 44.9898377], [16.2731282, 44.9897], [16.2729843, 44.9895443], [16.2728597, 44.9894558], [16.2726669, 44.9893457], [16.2722633, 44.9892155], [16.2720779, 44.9891922], [16.2717704, 44.9891506], [16.2715602, 44.9891208], [16.2714207, 44.9890931], [16.2712347, 44.9890414], [16.2711219, 44.9890353], [16.2709297, 44.9890598], [16.2707164, 44.9890931], [16.2705459, 44.9891216], [16.2705118, 44.9891247], [16.2704591, 44.989126], [16.2702353, 44.9890927], [16.2701044, 44.9890683], [16.2698799, 44.9889976], [16.2692731, 44.9888389], [16.2691592, 44.9887608], [16.2688207, 44.9885784], [16.2687141, 44.9885227], [16.2682701, 44.9882907], [16.2676248, 44.9880774], [16.2672548, 44.9879162], [16.2670566, 44.9878008], [16.2669777, 44.9877636], [16.266883, 44.9877512], [16.2667673, 44.9877611], [16.2664709, 44.987745], [16.2661009, 44.9877562], [16.2657344, 44.987776], [16.2655138, 44.9877933], [16.2653791, 44.987819], [16.2651, 44.9879062], [16.2650285, 44.9879469], [16.264631, 44.9883214], [16.2642392, 44.9884845], [16.2639375, 44.9886134], [16.2637599, 44.9886771], [16.2635787, 44.9887089], [16.2634082, 44.9887273], [16.2632376, 44.9887256], [16.2630791, 44.9887061], [16.2627819, 44.9886594], [16.2619669, 44.9885263], [16.2617916, 44.9884593], [16.2616045, 44.9883437], [16.2613945, 44.9881476], [16.2610385, 44.9875631], [16.2608354, 44.9873085], [16.26057, 44.9868604], [16.2604984, 44.986625], [16.2602213, 44.9862464], [16.259911, 44.9859281], [16.2596458, 44.9858326], [16.2593876, 44.9857974], [16.2590466, 44.9857665], [16.2588476, 44.9857522], [16.2585776, 44.9857405], [16.2583099, 44.9857572], [16.2581062, 44.9858008], [16.257996, 44.9858101], [16.2577675, 44.9858293], [16.257398, 44.9859298], [16.2572152, 44.9859451], [16.2569267, 44.9860035], [16.2565461, 44.9861365], [16.2562185, 44.9862397], [16.2560764, 44.9863335], [16.2559817, 44.9864608], [16.2559011, 44.9866267], [16.2556372, 44.9868514], [16.2552261, 44.9872046], [16.2549442, 44.9873571], [16.2546387, 44.9874509], [16.2543467, 44.9874808], [16.2537529, 44.9874793], [16.2532142, 44.9874153], [16.2529831, 44.987347], [16.2527268, 44.987218], [16.2525686, 44.9871041], [16.2524147, 44.9868143], [16.2523791, 44.9865965], [16.2523202, 44.9864979], [16.2520103, 44.9861912], [16.2518316, 44.9858516], [16.251716, 44.985377], [16.2516128, 44.9851152], [16.2513276, 44.9848493], [16.2506614, 44.984464], [16.2498304, 44.9836233], [16.2479395, 44.9830313], [16.2466511, 44.9827646], [16.2450485, 44.9828088], [16.2442103, 44.9828307], [16.2436677, 44.9828892], [16.2427511, 44.9830902], [16.2419565, 44.9831853], [16.2409913, 44.9832109], [16.2397754, 44.9830552], [16.2387546, 44.9830142], [16.2386512, 44.982625], [16.2386996, 44.9826244], [16.2384497, 44.9821098], [16.2383431, 44.9817915], [16.237777, 44.9818569], [16.2375307, 44.9817915], [16.2374999, 44.9815318], [16.2373243, 44.9809461], [16.2370647, 44.9805741], [16.236924, 44.9803573], [16.2366678, 44.9801358], [16.2364015, 44.9798692], [16.2362307, 44.9797096], [16.2360976, 44.9797763], [16.2359129, 44.9797143], [16.2356476, 44.9797294], [16.2355197, 44.9797109], [16.2353492, 44.9795317], [16.2351313, 44.9793424], [16.2349252, 44.9791999], [16.2347239, 44.9791078], [16.2345486, 44.9789486], [16.2343876, 44.9787308], [16.2342668, 44.9784343], [16.2342218, 44.9782701], [16.2340939, 44.9780824], [16.2340702, 44.9777976], [16.2338333, 44.9774106], [16.2335254, 44.9772916], [16.2334851, 44.9769839], [16.2334114, 44.9766616], [16.2334616, 44.9763986], [16.233398, 44.9762114], [16.2335018, 44.9755977], [16.2335554, 44.9752281], [16.2335085, 44.9750906], [16.2335487, 44.9749674], [16.2334315, 44.9746973], [16.233398, 44.9744295], [16.2333075, 44.9742992], [16.2333678, 44.9740528], [16.2336056, 44.9737613], [16.2339976, 44.9732068], [16.2342823, 44.9729793], [16.234634, 44.9728751], [16.2346809, 44.9724888], [16.2348986, 44.9722803], [16.2348919, 44.9720978], [16.2349354, 44.9720054], [16.2348283, 44.9717969], [16.2349287, 44.9716689], [16.2351197, 44.9715741], [16.2351331, 44.9714935], [16.2350259, 44.9714461], [16.2349689, 44.971394], [16.2349455, 44.9713348], [16.2349756, 44.9712803], [16.2350493, 44.9712495], [16.2350761, 44.9710883], [16.2349488, 44.9710006], [16.2349723, 44.9707731], [16.2349321, 44.9705291], [16.2350795, 44.970266], [16.2353139, 44.9701096], [16.2356991, 44.9697565], [16.2357025, 44.9696831], [16.2357695, 44.9696831], [16.2359537, 44.9696641], [16.2361547, 44.9694532], [16.2360576, 44.9693702], [16.2358934, 44.969202], [16.2358901, 44.9688963], [16.235803, 44.9684437], [16.2356556, 44.9682043], [16.235592, 44.9680123], [16.235525, 44.9679744], [16.2355015, 44.9678938], [16.2355417, 44.9677943], [16.235558, 44.9676], [16.2356646, 44.967228], [16.2356315, 44.9671677], [16.2356717, 44.9670906], [16.235653, 44.9669267], [16.2356999, 44.9668082], [16.2356195, 44.9666803], [16.2356329, 44.9665807], [16.2357937, 44.9663722], [16.2356128, 44.9659077], [16.2349161, 44.9656422], [16.2346079, 44.9646753], [16.2344523, 44.964711], [16.2341657, 44.9648417], [16.2339644, 44.964964], [16.2338128, 44.9650512], [16.2335617, 44.9651215], [16.2332775, 44.9651148], [16.2328962, 44.9650193], [16.2326664, 44.9648819], [16.2329128, 44.964478], [16.2330051, 44.9645216], [16.2333297, 44.9639837], [16.233199, 44.9638415], [16.2335842, 44.9636993], [16.2336532, 44.9636145], [16.2333833, 44.9634244], [16.232911, 44.9631589], [16.2326196, 44.9630073], [16.2324856, 44.9629622], [16.2322611, 44.9629978], [16.2320501, 44.9630191], [16.2314572, 44.9629385], [16.2311993, 44.9627987], [16.2309582, 44.9625664], [16.2308074, 44.9623223], [16.2306902, 44.9620379], [16.2306801, 44.9618886], [16.2307907, 44.9616966], [16.2308081, 44.9616264], [16.2308128, 44.9615639], [16.2308208, 44.9610898], [16.2305763, 44.9603598], [16.2303184, 44.9599782]]]}}]}