{"type": "FeatureCollection", "features": [{"type": "Feature", "properties": {"name": "Општина Оштра Лука / Opština Oštra Luka, Република Српска / Republika Srpska, 79263, Bosna i Hercegovina / Босна и Херцеговина", "source": "OpenStreetMap relation 2528247", "licence": "ODbL 1.0"}, "geometry": {"type": "Polygon", "coordinates": [[[16.3702628, 44.8597128], [16.3709127, 44.8596083], [16.3715625, 44.8594635], [16.3721654, 44.8593139], [16.3725439, 44.8589625], [16.3729861, 44.8587013], [16.3733445, 44.8585803], [16.3735287, 44.8585613], [16.3739608, 44.8584782], [16.3747681, 44.8584212], [16.3749355, 44.8583879], [16.375505, 44.8581719], [16.3758734, 44.8579487], [16.3762754, 44.8575118], [16.376138, 44.857196], [16.3763759, 44.8568754], [16.3763792, 44.8567187], [16.3764194, 44.8565501], [16.3760979, 44.856232], [16.3760744, 44.8560966], [16.3760744, 44.8558568], [16.3759806, 44.8555291], [16.3777794, 44.8554816], [16.3793838, 44.8543917], [16.3809012, 44.8533707], [16.3818223, 44.8527604], [16.3831186, 44.8515208], [16.3836479, 44.8507871], [16.3845653, 44.849522], [16.3846221, 44.8493726], [16.3843159, 44.848538], [16.3864066, 44.8488868], [16.38763, 44.8491155], [16.3901197, 44.8495073], [16.391165, 44.8501391], [16.3945606, 44.8521914], [16.3948389, 44.8526532], [16.3956596, 44.8541967], [16.3962776, 44.8553697], [16.3970664, 44.856716], [16.3981349, 44.8585383], [16.3987479, 44.8589634], [16.3999136, 44.8597623], [16.401039, 44.8605363], [16.4016919, 44.8607456], [16.4033704, 44.8612747], [16.4048425, 44.8617484], [16.4062075, 44.8621805], [16.4079828, 44.8627254], [16.4099774, 44.8633236], [16.4119345, 44.8639142], [16.4155454, 44.8650217], [16.4188464, 44.8646169], [16.424184, 44.8639557], [16.4276056, 44.8635308], [16.4295111, 44.8632918], [16.4315431, 44.8630369], [16.434489, 44.8626654], [16.4356631, 44.862517], [16.4371101, 44.8623306], [16.4388217, 44.862111], [16.440252, 44.8619258], [16.4420725, 44.8616884], [16.4431946, 44.8615483], [16.4445261, 44.8613738], [16.4461607, 44.8611589], [16.4482559, 44.8608883], [16.4507329, 44.8605749], [16.4521582, 44.8603956], [16.4535901, 44.860214], [16.4550522, 44.8600276], [16.4622735, 44.8589409], [16.4896668, 44.8555068], [16.4903524, 44.8554194], [16.4949204, 44.8548367], [16.5051706, 44.8534371], [16.5097022, 44.8527482], [16.517524, 44.8480406], [16.5194523, 44.8477764], [16.5255559, 44.8476492], [16.5410564, 44.8501916], [16.5543434, 44.8491762], [16.5611397, 44.8487141], [16.5743616, 44.8494149], [16.5846945, 44.8498764], [16.5875849, 44.850498], [16.5926689, 44.8519222], [16.5950733, 44.8526696], [16.6014774, 44.8544329], [16.6072704, 44.8560957], [16.6116872, 44.8573541], [16.6145932, 44.8579754], [16.6176457, 44.8554867], [16.6189872, 44.8543837], [16.6235741, 44.8506455], [16.6247405, 44.8492563], [16.6223506, 44.8451286], [16.621772, 44.8438494], [16.6213455, 44.8429417], [16.6211095, 44.8418801], [16.6210117, 44.8410919], [16.6210341, 44.8400712], [16.6211642, 44.839273], [16.6222752, 44.8364794], [16.6249624, 44.8336774], [16.6266474, 44.8305598], [16.6285668, 44.8276868], [16.6328844, 44.8247929], [16.6357084, 44.8217587], [16.63743, 44.8206903], [16.6406289, 44.8184467], [16.6435355, 44.8153906], [16.6460763, 44.8136041], [16.6477929, 44.8127621], [16.6498906, 44.8114517], [16.651267, 44.8108801], [16.6532641, 44.8098443], [16.654758, 44.8093323], [16.6572902, 44.80858], [16.6588235, 44.8098467], [16.6600581, 44.8106299], [16.6622408, 44.8119271], [16.6638336, 44.8129737], [16.6652824, 44.8137961], [16.6665856, 44.8147235], [16.6675604, 44.8156469], [16.6678118, 44.8161713], [16.6679468, 44.8167926], [16.667968, 44.8171491], [16.6677712, 44.8180809], [16.6679002, 44.8201002], [16.6680935, 44.8212334], [16.6683842, 44.8251751], [16.6764449, 44.8246485], [16.6875973, 44.8241547], [16.6921504, 44.8240442], [16.6969039, 44.8238103], [16.69916, 44.8238231], [16.7034815, 44.8236328], [16.7094893, 44.823391], [16.7130813, 44.8232769], [16.7155825, 44.8231151], [16.7183197, 44.8227283], [16.7233401, 44.8213176], [16.72459, 44.8207148], [16.7262823, 44.8199765], [16.7293774, 44.8187586], [16.7310119, 44.8180934], [16.7347555, 44.8165068], [16.7384499, 44.8153428], [16.7425181, 44.81401], [16.752603, 44.810016], [16.7542351, 44.8092973], [16.7564504, 44.8083415], [16.7608697, 44.8070054], [16.7627431, 44.8063381], [16.7700759, 44.8027014], [16.7738823, 44.8005826], [16.7769808, 44.7978651], [16.7752199, 44.7954339], [16.7769886, 44.7888976], [16.7779431, 44.7853251], [16.7803874, 44.7815345], [16.7816522, 44.7799307], [16.7866554, 44.7722416], [16.7900279, 44.7671638], [16.7904609, 44.7666042], [16.7922221, 44.7639155], [16.7970663, 44.7579409], [16.8011338, 44.751226], [16.8008754, 44.7485203], [16.7997588, 44.7404682], [16.799632, 44.7392108], [16.7990544, 44.7271482], [16.7990082, 44.726705], [16.7985704, 44.7250042], [16.7958438, 44.7145586], [16.795569, 44.7134328], [16.7982942, 44.7053591], [16.802076, 44.6939054], [16.8060363, 44.6911911], [16.8111466, 44.6874468], [16.8141384, 44.6852546], [16.8226562, 44.6791982], [16.8390774, 44.6736238], [16.8541437, 44.6644903], [16.8577741, 44.6619302], [16.8583349, 44.6592556], [16.8577903, 44.6567907], [16.8566953, 44.6523808], [16.8559746, 44.649172], [16.8552779, 44.646142], [16.8549339, 44.6447491], [16.854506, 44.6430432], [16.8545895, 44.643037], [16.8546565, 44.6430298], [16.8547542, 44.6430162], [16.854786, 44.6430071], [16.85482, 44.642998], [16.854854, 44.6429935], [16.8548901, 44.6429875], [16.8549262, 44.642986], [16.8550323, 44.642986], [16.8550663, 44.642989], [16.8551003, 44.642998], [16.85513, 44.6430101], [16.8551597, 44.6430252], [16.8551895, 44.6430419], [16.8552192, 44.643057], [16.8552532, 44.6430675], [16.8552893, 44.6430706], [16.8564253, 44.6430555], [16.8569799, 44.6431433], [16.857603, 44.6430193], [16.8579244, 44.6428441], [16.8581451, 44.6427565], [16.8583117, 44.642702], [16.8590445, 44.642404], [16.8591856, 44.6423634], [16.8592562, 44.6423484], [16.8594799, 44.6422747], [16.8595433, 44.642259], [16.8595539, 44.6422541], [16.8595659, 44.6422509], [16.8595779, 44.6422483], [16.8595899, 44.6422461], [16.8596019, 44.6422435], [16.8596139, 44.6422424], [16.8596259, 44.6422413], [16.8596387, 44.6422403], [16.8596507, 44.6422392], [16.8596627, 44.6422387], [16.859677, 44.6422381], [16.8597513, 44.6422381], [16.8597641, 44.6422376], [16.8597768, 44.642236], [16.8597896, 44.6422338], [16.8598016, 44.6422317], [16.8598159, 44.6422285], [16.8598271, 44.6422253], [16.8598391, 44.6422226], [16.8598512, 44.6422184], [16.8598617, 44.6422146], [16.8598729, 44.6422098], [16.8598842, 44.6422055], [16.8598947, 44.6422007], [16.859906, 44.6421954], [16.8599157, 44.6421911], [16.8602516, 44.6420205], [16.8602741, 44.6420119], [16.8602966, 44.6420034], [16.8603207, 44.641998], [16.8603462, 44.6419938], [16.8603732, 44.6419906], [16.8603972, 44.6419852], [16.8604228, 44.6419799], [16.8604498, 44.6419767], [16.8604738, 44.6419745], [16.8604993, 44.6419735], [16.8605249, 44.6419724], [16.8605504, 44.6419724], [16.8605744, 44.6419735], [16.8605984, 44.6419745], [16.8606225, 44.6419777], [16.8606705, 44.6419863], [16.8607258, 44.6420043], [16.860798, 44.6420134], [16.860866, 44.6420315], [16.8609212, 44.6420617], [16.8609806, 44.6420859], [16.8610528, 44.642098], [16.8611208, 44.642104], [16.8611887, 44.642107], [16.8612567, 44.642107], [16.8613246, 44.6420949], [16.8613883, 44.6420798], [16.8614478, 44.6420526], [16.8615073, 44.6420315], [16.8616262, 44.6419771], [16.8616771, 44.6419439], [16.8617323, 44.6419106], [16.8617875, 44.6418804], [16.861847, 44.6418562], [16.8619065, 44.6418381], [16.8619702, 44.641823], [16.8620424, 44.64182], [16.8621103, 44.64182], [16.8621783, 44.6418321], [16.8622377, 44.6418592], [16.8622972, 44.6418834], [16.8623481, 44.6419227], [16.8623906, 44.641962], [16.8624331, 44.6420043], [16.8624713, 44.6420496], [16.862501, 44.6420949], [16.8625393, 44.6421403], [16.8625732, 44.6421826], [16.8626667, 44.6422128], [16.862845, 44.6422128], [16.8631805, 44.6422309], [16.8633292, 44.6422309], [16.8634014, 44.6422339], [16.8634736, 44.64224], [16.8635458, 44.642249], [16.8636137, 44.6422611], [16.8636817, 44.6422611], [16.8637496, 44.6422521], [16.8637921, 44.6422128], [16.8638006, 44.6421614], [16.8638006, 44.642107], [16.8637836, 44.6420587], [16.8637624, 44.6420134], [16.8637411, 44.641962], [16.8637369, 44.6419106], [16.8637369, 44.6418623], [16.8637581, 44.6418139], [16.8637921, 44.6417716], [16.8638431, 44.6417384], [16.8639025, 44.6417112], [16.863962, 44.641687], [16.8642528, 44.6416002], [16.8642867, 44.6415927], [16.8643271, 44.6415821], [16.8643589, 44.6415715], [16.8643929, 44.6415625], [16.8644248, 44.6415519], [16.8644587, 44.6415428], [16.8644927, 44.6415322], [16.8645267, 44.6415232], [16.8645607, 44.6415126], [16.8645946, 44.6414975], [16.8646265, 44.6414839], [16.8646562, 44.6414688], [16.8646838, 44.6414552], [16.8647433, 44.641428], [16.8647794, 44.6414189], [16.8648134, 44.6414129], [16.8648473, 44.6414114], [16.8648834, 44.6414114], [16.8649195, 44.6414129], [16.8649535, 44.6414265], [16.8649832, 44.6414401], [16.8650151, 44.6414537], [16.8650512, 44.6414627], [16.8650873, 44.6414658], [16.8651255, 44.6414673], [16.8651595, 44.6414597], [16.8651913, 44.6414476], [16.8652147, 44.641428], [16.8652296, 44.6414053], [16.8652529, 44.6413872], [16.8652848, 44.6413736], [16.8653209, 44.6413661], [16.8653527, 44.6413585], [16.8653803, 44.6413449], [16.8653931, 44.6413177], [16.8653952, 44.6412905], [16.8653718, 44.6412724], [16.8653378, 44.6412633], [16.8652996, 44.6412542], [16.8652635, 44.6412422], [16.8652338, 44.641224], [16.8652168, 44.6412014], [16.8652041, 44.6411772], [16.8651935, 44.64115], [16.8651871, 44.6411228], [16.8651828, 44.6410971], [16.8651828, 44.6410684], [16.8651892, 44.6410412], [16.8651998, 44.6410185], [16.8652147, 44.6409959], [16.8652402, 44.6409762], [16.8652678, 44.6409626], [16.865306, 44.6409521], [16.8653421, 44.640949], [16.8653761, 44.6409551], [16.86541, 44.6409672], [16.8654398, 44.6409838], [16.8654865, 44.6410201], [16.8655162, 44.6410367], [16.8655502, 44.6410457], [16.8655863, 44.6410488], [16.8656203, 44.6410457], [16.86565, 44.6410306], [16.8656734, 44.641008], [16.8656818, 44.6409838], [16.8657137, 44.6410004], [16.8657243, 44.6408901], [16.8657243, 44.6408644], [16.8657328, 44.6408388], [16.865754, 44.6407904], [16.8657668, 44.6407662], [16.8657774, 44.6407436], [16.8657986, 44.6407179], [16.8658177, 44.6406937], [16.865839, 44.640671], [16.8658581, 44.6406484], [16.8658815, 44.6406257], [16.8659112, 44.6406031], [16.8659409, 44.6405849], [16.8659685, 44.6405728], [16.8659961, 44.6405577], [16.8660258, 44.6405441], [16.8660577, 44.6405336], [16.8660895, 44.6405215], [16.8661278, 44.6405109], [16.8661639, 44.6405064], [16.8661978, 44.6405064], [16.8662339, 44.6405094], [16.8662679, 44.6405184], [16.8662998, 44.6405305], [16.8663337, 44.6405396], [16.8663698, 44.6405411], [16.8664059, 44.6405396], [16.866442, 44.6405396], [16.8664781, 44.6405426], [16.86651, 44.6405532], [16.866544, 44.6405623], [16.8666119, 44.6405864], [16.866648, 44.640597], [16.8666841, 44.6406046], [16.8667266, 44.6406091], [16.8667627, 44.6406167], [16.8667903, 44.6406348], [16.8668009, 44.6406605], [16.8668009, 44.6406862], [16.8667988, 44.6407133], [16.8667945, 44.640739], [16.8667924, 44.6407647], [16.8667924, 44.6408161], [16.866803, 44.6408403], [16.8668328, 44.6408554], [16.8668646, 44.6408644], [16.8669028, 44.6408705], [16.8669411, 44.640875], [16.8669772, 44.6408811], [16.8670111, 44.6408856], [16.8670451, 44.6408916], [16.8670791, 44.6408992], [16.8671109, 44.6409083], [16.8671449, 44.6409219], [16.8671661, 44.640943], [16.867181, 44.6409672], [16.8671937, 44.6409944], [16.8672638, 44.6412255], [16.8672744, 44.6412497], [16.8672872, 44.6412754], [16.8673084, 44.6413328], [16.8673169, 44.64136], [16.8673233, 44.6413872], [16.8673275, 44.6414174], [16.8673296, 44.6414431], [16.8673339, 44.6414703], [16.8673381, 44.641499], [16.8673509, 44.6415232], [16.8673679, 44.6415458], [16.8673933, 44.641567], [16.8674188, 44.6415851], [16.8674507, 44.6416033], [16.8674868, 44.6416199], [16.8675144, 44.6416335], [16.8675441, 44.6416501], [16.8675738, 44.6416637], [16.8676291, 44.6416969], [16.8676567, 44.6417181], [16.8676843, 44.6417362], [16.8677352, 44.6417725], [16.8677671, 44.6417936], [16.8677989, 44.6418118], [16.8678287, 44.6418284], [16.8678626, 44.6418359], [16.8678966, 44.6418374], [16.8679327, 44.6418359], [16.8679646, 44.6418284], [16.8679985, 44.6418178], [16.8680304, 44.6418072], [16.8680622, 44.6417936], [16.8680877, 44.6417785], [16.8681153, 44.6417589], [16.8681451, 44.6417347], [16.8681939, 44.6416894], [16.8682194, 44.6416652], [16.8682427, 44.6416441], [16.8682661, 44.6416244], [16.8682873, 44.6416033], [16.8683022, 44.6415791], [16.8683128, 44.6415564], [16.8683255, 44.6415307], [16.8683404, 44.6415051], [16.8683701, 44.6414597], [16.868385, 44.6414356], [16.868402, 44.6414114], [16.8684338, 44.641363], [16.8684487, 44.6413419], [16.8684657, 44.6413147], [16.8684827, 44.6412935], [16.8684975, 44.6412694], [16.8685082, 44.6412452], [16.8685209, 44.641218], [16.8685358, 44.6411908], [16.8685464, 44.6411681], [16.8685655, 44.6411424], [16.8685825, 44.6411228], [16.8686037, 44.6411032], [16.868625, 44.6410805], [16.8686483, 44.6410593], [16.8686632, 44.6410382], [16.8686759, 44.641017], [16.8686865, 44.6409929], [16.8686993, 44.6409702], [16.8687078, 44.6409475], [16.8687184, 44.6409173], [16.868729, 44.6408916], [16.8687417, 44.6408403], [16.868746, 44.6408116], [16.868746, 44.6407844], [16.8687417, 44.6407587], [16.8687354, 44.6407315], [16.8687141, 44.6406831], [16.8686993, 44.640659], [16.8686823, 44.6406287], [16.8686717, 44.6406031], [16.8686717, 44.640526], [16.8686802, 44.6405033], [16.8686929, 44.6404822], [16.8687141, 44.6404595], [16.8687396, 44.6404414], [16.8687672, 44.6404278], [16.8688012, 44.6404157], [16.8688373, 44.6404051], [16.8688734, 44.6403976], [16.8689116, 44.6403885], [16.8689456, 44.6403825], [16.8689817, 44.6403764], [16.86909, 44.6403628], [16.8691261, 44.6403598], [16.8691686, 44.6403568], [16.8692047, 44.6403553], [16.869245, 44.6403538], [16.8693214, 44.6403538], [16.8693639, 44.6403583], [16.8694043, 44.6403613], [16.8694722, 44.6403704], [16.8695083, 44.6403734], [16.8695508, 44.6403794], [16.8695869, 44.6403825], [16.8696272, 44.640387], [16.8696612, 44.6403915], [16.8696952, 44.6404006], [16.8697291, 44.6404051], [16.8697695, 44.6404127], [16.8698035, 44.6404172], [16.8698735, 44.6404202], [16.8699096, 44.6404202], [16.8699479, 44.6404172], [16.8700668, 44.6400365], [16.8700647, 44.639831], [16.8721728, 44.6368051], [16.872203, 44.6368428], [16.8722784, 44.636876], [16.8724164, 44.6369009], [16.8724971, 44.6369478], [16.8725863, 44.6369863], [16.872667, 44.6370082], [16.8727593, 44.6370158], [16.8728814, 44.6370218], [16.8729292, 44.6370286], [16.8729643, 44.6370422], [16.8730588, 44.637052], [16.8731766, 44.6369908], [16.8732509, 44.6369636], [16.8734038, 44.6369508], [16.8734718, 44.636938], [16.8735949, 44.6369334], [16.8737584, 44.6369765], [16.8739432, 44.6370324], [16.874146, 44.6371049], [16.8742851, 44.6371503], [16.8745048, 44.6372402], [16.8747257, 44.6373112], [16.8748775, 44.6373452], [16.8750266, 44.6373616], [16.8751115, 44.6373654], [16.8751565, 44.6373616], [16.8752324, 44.6373365], [16.8752932, 44.6373098], [16.8754493, 44.6371982], [16.8755897, 44.6372051], [16.8757534, 44.6372056], [16.8758885, 44.6371992], [16.8760312, 44.6371811], [16.87611, 44.637172], [16.8761715, 44.6371458], [16.8762812, 44.6371431], [16.8764422, 44.6370962], [16.8766329, 44.6370374], [16.8768011, 44.6369562], [16.8769227, 44.6368964], [16.8769873, 44.6368836], [16.8770744, 44.6368814], [16.8771314, 44.6368836], [16.8772726, 44.6368537], [16.8773972, 44.6368569], [16.8775489, 44.636828], [16.877705, 44.6367757], [16.8777906, 44.6367511], [16.8778612, 44.6367489], [16.8779257, 44.6367586], [16.8780579, 44.6367596], [16.878193, 44.6367692], [16.8783672, 44.6367906], [16.8784287, 44.6368088], [16.8785233, 44.6368259], [16.878723, 44.6368825], [16.8789573, 44.6369445], [16.8790744, 44.6369658], [16.8792351, 44.6369861], [16.8795008, 44.637031], [16.8796465, 44.6370834], [16.8797786, 44.6371432], [16.8800534, 44.637249], [16.8802185, 44.637297], [16.8804528, 44.6373836], [16.880669, 44.6374605], [16.8807891, 44.6374958], [16.8809813, 44.6375353], [16.8812516, 44.6375919], [16.8813747, 44.6376454], [16.8815624, 44.6377501], [16.8817155, 44.637812], [16.8818882, 44.6378451], [16.8820924, 44.6378836], [16.8824588, 44.6379274], [16.882711, 44.6380022], [16.8829438, 44.6381678], [16.8832756, 44.6383633], [16.8833987, 44.6384467], [16.8837816, 44.6386475], [16.8838987, 44.6386806], [16.88413, 44.6387287], [16.8842456, 44.6390524], [16.8844408, 44.6396101], [16.8845023, 44.639779], [16.8846585, 44.6401486], [16.885112, 44.6407811], [16.8853267, 44.6411187], [16.8854423, 44.6414061], [16.885618, 44.6418152], [16.8857456, 44.6420695], [16.8857786, 44.6421614], [16.8858372, 44.6422639], [16.8859363, 44.6423815], [16.886139, 44.6424701], [16.8863192, 44.6425727], [16.8865519, 44.6427735], [16.8867906, 44.6429893], [16.8869348, 44.6431111], [16.8871645, 44.643265], [16.8874063, 44.6433974], [16.8878222, 44.6436164], [16.8881885, 44.6437842], [16.8883942, 44.6438547], [16.8885864, 44.6439092], [16.8888162, 44.644001], [16.8889949, 44.6440609], [16.8890849, 44.6440769], [16.8891855, 44.6440545], [16.8892831, 44.6440107], [16.8893702, 44.6439861], [16.8894648, 44.6439786], [16.8895294, 44.6439904], [16.8895714, 44.6440096], [16.889627, 44.644078], [16.889666, 44.6441517], [16.8897051, 44.644204], [16.889725, 44.6442261], [16.8897663, 44.6442571], [16.8898353, 44.644287], [16.8899006, 44.6442966], [16.8899712, 44.6442955], [16.8900095, 44.6442896], [16.8901672, 44.64428], [16.8903864, 44.6442821], [16.8905711, 44.6442971], [16.8911071, 44.6443195], [16.8913158, 44.6443227], [16.8914224, 44.6443152], [16.8916041, 44.6442789], [16.8918984, 44.6441731], [16.8920246, 44.6441214], [16.8920416, 44.6441154], [16.8920586, 44.6441093], [16.8920756, 44.644104], [16.8920947, 44.644098], [16.8921138, 44.6440927], [16.8921308, 44.6440867], [16.8921489, 44.6440791], [16.8921871, 44.644067], [16.8922019, 44.6440602], [16.89222, 44.6440534], [16.8922391, 44.6440466], [16.8922582, 44.6440413], [16.8922773, 44.6440383], [16.8922986, 44.6440368], [16.892358, 44.6440368], [16.8923782, 44.6440383], [16.8923962, 44.6440421], [16.8924132, 44.6440481], [16.8924302, 44.6440564], [16.892444, 44.6440655], [16.8924557, 44.6440761], [16.8924674, 44.6440867], [16.8924801, 44.6440957], [16.892495, 44.6441048], [16.8925098, 44.6441108], [16.89253, 44.6441108], [16.8925481, 44.6441063], [16.892564, 44.6440987], [16.8925735, 44.6440867], [16.8925757, 44.6440731], [16.8925735, 44.6440602], [16.8925682, 44.6440474], [16.8925597, 44.6440353], [16.8925512, 44.6440247], [16.8925417, 44.6440126], [16.8925332, 44.6439998], [16.8925279, 44.6439862], [16.8925258, 44.6439718], [16.8925279, 44.6439582], [16.892529, 44.6439446], [16.8925374, 44.6439333], [16.8925512, 44.6439235], [16.8925693, 44.6439174], [16.8925884, 44.6439144], [16.8926277, 44.6439152], [16.8926468, 44.6439174], [16.8926649, 44.6439197], [16.8926829, 44.6439227], [16.8926999, 44.6439265], [16.8927179, 44.6439295], [16.8928538, 44.6439288], [16.8928719, 44.643928], [16.892891, 44.643928], [16.8929101, 44.6439273], [16.8929726, 44.6439157], [16.8931408, 44.6438997], [16.8932429, 44.6438949], [16.8933277, 44.6438693], [16.8933968, 44.64385], [16.8934688, 44.6438351], [16.893583, 44.6438255], [16.8936881, 44.6438009], [16.8938307, 44.6437047], [16.8938652, 44.6436342], [16.8938938, 44.6436043], [16.8940499, 44.6435082], [16.8942286, 44.6434334], [16.8944553, 44.6433704], [16.8947256, 44.6433255], [16.8947331, 44.6433917], [16.8948818, 44.6434921], [16.8950544, 44.6436823], [16.895095, 44.6437699], [16.8952016, 44.6439515], [16.8953638, 44.6441395], [16.8955439, 44.6442966], [16.8957887, 44.6443479], [16.8961761, 44.6443607], [16.8962737, 44.6443489], [16.8963878, 44.6446149], [16.8972106, 44.644945], [16.8971926, 44.6452345], [16.8972016, 44.6454461], [16.8973623, 44.6454461], [16.8973818, 44.6460379], [16.8974373, 44.6464566], [16.8975079, 44.6467622], [16.897637, 44.6467472], [16.8978833, 44.6467397], [16.898134, 44.6467515], [16.898586, 44.6466137], [16.8988277, 44.6465271], [16.8988908, 44.646509], [16.8990154, 44.6464962], [16.8991716, 44.646494], [16.8994058, 44.6465229], [16.8993983, 44.6466778], [16.8994148, 44.6468273], [16.8994253, 44.6468754], [16.8994794, 44.6469235], [16.8996175, 44.6469737], [16.8997497, 44.6470004], [16.8999178, 44.6470559], [16.900098, 44.6471414], [16.9002256, 44.6472568], [16.9008458, 44.6472194], [16.9007301, 44.6470773], [16.9008232, 44.6468583], [16.9008788, 44.6468519], [16.9009914, 44.6468412], [16.901107, 44.6468498], [16.9011896, 44.6468775], [16.9012707, 44.646916], [16.9013548, 44.646947], [16.9014358, 44.6469555], [16.9014809, 44.646947], [16.90155, 44.6468957], [16.901601, 44.6468476], [16.9016791, 44.6467985], [16.9017857, 44.6467686], [16.9019103, 44.6467654], [16.9020755, 44.6467953], [16.9023322, 44.6468936], [16.902438, 44.646954], [16.9026546, 44.6469668], [16.9026897, 44.6469147], [16.9027003, 44.6468437], [16.9027109, 44.6465416], [16.9027109, 44.6461888], [16.9026992, 44.6460619], [16.9027226, 44.6460037], [16.9027444, 44.6459682], [16.9027072, 44.6457061], [16.9026722, 44.6454546], [16.9026297, 44.645163], [16.9026042, 44.6449938], [16.9025373, 44.6447369], [16.902463, 44.6444454], [16.902377, 44.6441923], [16.9023154, 44.6440556], [16.9022974, 44.6438667], [16.9022262, 44.6436303], [16.9021604, 44.6434429], [16.9021519, 44.6433432], [16.9021477, 44.6432269], [16.9021551, 44.6431612], [16.9021763, 44.6430932], [16.9021806, 44.6430169], [16.9021307, 44.6426671], [16.9021233, 44.6426278], [16.9021211, 44.6425863], [16.902102, 44.6425357], [16.9020298, 44.6424209], [16.9019725, 44.6422864], [16.9018653, 44.6420832], [16.9017336, 44.6419064], [16.9016603, 44.6418037], [16.9015085, 44.6415506], [16.9014639, 44.6414584], [16.9013418, 44.6412258], [16.9012548, 44.6411034], [16.9010796, 44.6409221], [16.90088, 44.6407045], [16.9007133, 44.6405527], [16.9006347, 44.6404605], [16.9005593, 44.6403343], [16.9004171, 44.6398924], [16.9002695, 44.6396166], [16.9001453, 44.6393628], [16.9001208, 44.6392835], [16.900072, 44.6391777], [16.9000274, 44.6390032], [16.8999966, 44.6388755], [16.8999987, 44.6388257], [16.90002, 44.6387486], [16.9000794, 44.6386262], [16.9001516, 44.6385288], [16.900227, 44.6384124], [16.9004086, 44.638142], [16.9004978, 44.6380128], [16.9005933, 44.6378239], [16.9006506, 44.6376086], [16.9006549, 44.6375202], [16.9006528, 44.63736], [16.9006485, 44.6372429], [16.9006145, 44.6370979], [16.9005784, 44.6369581], [16.9005222, 44.6368372], [16.900468, 44.6367511], [16.9003725, 44.6366378], [16.9001676, 44.6364308], [16.9000847, 44.636359], [16.8999584, 44.6362706], [16.8998904, 44.6362041], [16.8997811, 44.6360878], [16.8996303, 44.6359163], [16.8994254, 44.6357395], [16.8993426, 44.6356806], [16.8992683, 44.6356375], [16.8998522, 44.6350444], [16.8999106, 44.6350059], [16.8999902, 44.6349742], [16.9000678, 44.6349485], [16.9001346, 44.6349349], [16.9002429, 44.6349447], [16.9003831, 44.634953], [16.9005137, 44.6349462], [16.900605, 44.6349288], [16.9007324, 44.6348812], [16.900794, 44.634848], [16.9008216, 44.6348102], [16.9008269, 44.6347649], [16.9008587, 44.634715], [16.9008959, 44.634681], [16.9009193, 44.6346712], [16.9009564, 44.6346651], [16.901001, 44.6346674], [16.9010806, 44.6346674], [16.9011666, 44.6346644], [16.9012346, 44.6346538], [16.9013089, 44.6346266], [16.9013864, 44.6345828], [16.9014565, 44.6345299], [16.9015, 44.6344649], [16.9015361, 44.6343758], [16.901552, 44.6342436], [16.9015489, 44.6341907], [16.9015404, 44.6341506], [16.9015223, 44.6341166], [16.9015159, 44.6340796], [16.9015308, 44.6340403], [16.9015743, 44.6339995], [16.901689, 44.6339172], [16.901775, 44.6338613], [16.9018345, 44.6338212], [16.9018716, 44.6337759], [16.9018876, 44.63372], [16.9019268, 44.6336127], [16.9019672, 44.6335349], [16.9020277, 44.6334661], [16.9020818, 44.6334268], [16.9021551, 44.6333838], [16.9022443, 44.6333407], [16.9023292, 44.6333165], [16.9024036, 44.6332923], [16.9024492, 44.6332757], [16.9025214, 44.6332576], [16.9026669, 44.6332334], [16.9027996, 44.6331903], [16.9028463, 44.6331835], [16.9028919, 44.6331858], [16.9029365, 44.6331987], [16.9029971, 44.6332379], [16.9030756, 44.6332803], [16.9031338, 44.6332932], [16.9032173, 44.633307], [16.9037649, 44.6333628], [16.9041044, 44.6336346], [16.9042342, 44.6336985], [16.904374, 44.6337767], [16.9045038, 44.6338406], [16.9046436, 44.6339045], [16.9049231, 44.6340466], [16.9050629, 44.6341035], [16.9052127, 44.6341532], [16.9053824, 44.6341674], [16.9055421, 44.6342029], [16.9058017, 44.634345], [16.9059415, 44.6344232], [16.9060713, 44.6344942], [16.9062111, 44.6345653], [16.9063508, 44.6346434], [16.9064906, 44.6347145], [16.9066404, 44.6347784], [16.9067901, 44.6348352], [16.9074091, 44.6350413], [16.9075689, 44.6350981], [16.9076887, 44.6351834], [16.9077885, 44.6352757], [16.9078584, 44.6353823], [16.9079183, 44.635496], [16.9079482, 44.6356238], [16.9079482, 44.6357446], [16.9079682, 44.6358725], [16.9080381, 44.6359791], [16.908088, 44.6360927], [16.908128, 44.6362064], [16.9081679, 44.6363272], [16.9082278, 44.6364408], [16.9082977, 44.6365474], [16.9083975, 44.6366469], [16.9085073, 44.6367321], [16.9086072, 44.6368316], [16.908717, 44.636931], [16.9088069, 44.6370376], [16.9088967, 44.6371371], [16.9090964, 44.6373502], [16.9091863, 44.6374568], [16.9092961, 44.6375633], [16.9093759, 44.6376699], [16.9094658, 44.6377693], [16.9095656, 44.637883], [16.9096555, 44.6379967], [16.9097354, 44.6381103], [16.9098152, 44.6382382], [16.9098751, 44.638359], [16.9099151, 44.6384727], [16.909965, 44.6385934], [16.9100449, 44.6387071], [16.9101747, 44.6387923], [16.9103144, 44.6388563], [16.9104442, 44.6389415], [16.9105341, 44.639041], [16.910614, 44.6391475], [16.9106639, 44.6392612], [16.9107138, 44.6393891], [16.9107637, 44.6395027], [16.9108635, 44.6396093], [16.9109834, 44.6396945], [16.9111331, 44.6397798], [16.9112729, 44.6398508], [16.9113627, 44.6399503], [16.9113727, 44.6400711], [16.9113528, 44.64027], [16.9113927, 44.6403836], [16.9114726, 44.6404902], [16.9115724, 44.6405967], [16.9114626, 44.6407743], [16.9113228, 44.6408383], [16.9111531, 44.6408596], [16.9110233, 44.6409377], [16.9109734, 44.6410585], [16.9109734, 44.6411864], [16.9113128, 44.6436584], [16.9115924, 44.6443759], [16.9125009, 44.6447239], [16.9127805, 44.6451927], [16.9131598, 44.645555], [16.9133096, 44.6459954], [16.9133296, 44.646244], [16.9133795, 44.6463719], [16.9134394, 44.6466276], [16.9134394, 44.6467483], [16.9134294, 44.6468691], [16.9134294, 44.6469969], [16.9134094, 44.6471248], [16.9133995, 44.6472455], [16.9133795, 44.6473805], [16.9133695, 44.6475013], [16.9133695, 44.647622], [16.9133995, 44.6477499], [16.9134194, 44.6478848], [16.9134394, 44.6480127], [16.9135193, 44.6482542], [16.9135792, 44.6483749], [16.9150668, 44.6484459], [16.9154761, 44.6499801], [16.915526, 44.650385], [16.915546, 44.6505057], [16.915556, 44.6506336], [16.9155859, 44.6507685], [16.9156159, 44.6508964], [16.9156558, 44.65101], [16.9157057, 44.6511237], [16.9157656, 44.6512444], [16.9158355, 44.6513509], [16.9159154, 44.6514575], [16.9160053, 44.651564], [16.9160851, 44.6516706], [16.916175, 44.6517771], [16.9157856, 44.6519902], [16.9168539, 44.653155], [16.9186909, 44.6527004], [16.9190803, 44.6533254], [16.918671, 44.6535527], [16.9184413, 44.6538581], [16.9181218, 44.6539717], [16.9180619, 44.6547671], [16.9178024, 44.6552856], [16.9176426, 44.655385], [16.9175228, 44.6554774], [16.9173731, 44.6554063], [16.9172532, 44.6553211], [16.9170835, 44.6552998], [16.9169038, 44.6553069], [16.9167241, 44.6553353], [16.9165544, 44.6553708], [16.9163846, 44.6554205], [16.9162549, 44.6554987], [16.9159953, 44.6556691], [16.9158954, 44.6557898], [16.9158255, 44.6559035], [16.9157656, 44.6560171], [16.9157257, 44.6561378], [16.9156458, 44.6562444], [16.9154961, 44.656358], [16.9153663, 44.6564361], [16.9152465, 44.6565284], [16.9152065, 44.6566563], [16.9151866, 44.656777], [16.9151367, 44.6568977], [16.9150468, 44.6570043], [16.9148771, 44.6570753], [16.9147173, 44.6571321], [16.9145676, 44.6572102], [16.9145476, 44.6573309], [16.9145576, 44.6574659], [16.9146175, 44.6575795], [16.9147473, 44.6576647], [16.914897, 44.6577429], [16.9150468, 44.6577997], [16.9151766, 44.6578778], [16.9152465, 44.6579914], [16.9152764, 44.6581192], [16.9152665, 44.6582542], [16.9152065, 44.658382], [16.9151067, 44.6584814], [16.914957, 44.658588], [16.9148571, 44.6586945], [16.9148571, 44.6589714], [16.9147972, 44.6590922], [16.9146474, 44.6591632], [16.9144777, 44.6591703], [16.914308, 44.6591206], [16.9141383, 44.659078], [16.9139685, 44.659078], [16.9138388, 44.6591632], [16.9137988, 44.6592981], [16.9138088, 44.6594259], [16.9138388, 44.6595538], [16.913679, 44.6596106], [16.913659, 44.6597455], [16.9136391, 44.6598733], [16.9134893, 44.6599514], [16.9134094, 44.6600651], [16.9134394, 44.6601929], [16.9135293, 44.6602923], [16.9135692, 44.660413], [16.9135293, 44.6605338], [16.9134094, 44.6606261], [16.9132697, 44.6607042], [16.9132297, 44.660832], [16.9132697, 44.6609456], [16.9132996, 44.6610664], [16.9132797, 44.6612013], [16.9131798, 44.6613078], [16.9130999, 44.6614143], [16.9130201, 44.6615351], [16.9129801, 44.6616558], [16.9129602, 44.6617765], [16.9129102, 44.6618972], [16.9128104, 44.6620037], [16.9127106, 44.6621031], [16.9126207, 44.6622026], [16.9125408, 44.6623162], [16.9124809, 44.662444], [16.9124011, 44.6625789], [16.9123312, 44.6626925], [16.9122713, 44.6628062], [16.9121714, 44.6629198], [16.9120516, 44.663005], [16.9119119, 44.6630831], [16.9117122, 44.6632819], [16.9115824, 44.6633671], [16.9114326, 44.6634311], [16.9113328, 44.6635447], [16.911193, 44.6636299], [16.9111331, 44.6636441], [16.9110333, 44.6637435], [16.9110033, 44.6638642], [16.9109534, 44.6639849], [16.9107637, 44.6640275], [16.9106639, 44.6641341], [16.9106339, 44.6642619], [16.9106938, 44.6643826], [16.9106639, 44.6645175], [16.910594, 44.664624], [16.9105441, 44.6647447], [16.9105441, 44.6648726], [16.9105341, 44.6649933], [16.9104742, 44.6651069], [16.9104342, 44.6652347], [16.9103843, 44.6653554], [16.9103544, 44.6654761], [16.9103144, 44.6655968], [16.9102645, 44.6657317], [16.9102046, 44.6658525], [16.9101148, 44.665959], [16.909955, 44.6659945], [16.9097753, 44.6659448], [16.9096156, 44.6658951], [16.9094758, 44.6658383], [16.909326, 44.6657673], [16.9091863, 44.6657033], [16.9090565, 44.6656323], [16.9089267, 44.6655542], [16.9087669, 44.6654619], [16.9086272, 44.665398], [16.9084474, 44.6653625], [16.9082578, 44.6653412], [16.9079083, 44.665327], [16.9077186, 44.6653483], [16.9073792, 44.6654477], [16.9072094, 44.6655045], [16.9070697, 44.6655826], [16.9069199, 44.6656607], [16.9067801, 44.6657246], [16.9064806, 44.6658667], [16.9063508, 44.6659519], [16.9062809, 44.6660655], [16.906221, 44.6661791], [16.9061212, 44.6664347], [16.9060613, 44.6666761], [16.9060014, 44.6667969], [16.9059115, 44.6669034], [16.9057917, 44.6669886], [16.905622, 44.6670454], [16.9054423, 44.6670667], [16.9052825, 44.6671022], [16.9051128, 44.6671448], [16.9049631, 44.6672087], [16.9049032, 44.6673294], [16.9049231, 44.6674572], [16.9048732, 44.667585], [16.9047334, 44.667656], [16.9045437, 44.6676844], [16.9043441, 44.6676915], [16.9041444, 44.6677057], [16.9039747, 44.667727], [16.9038848, 44.6678335], [16.9038748, 44.6679613], [16.903785, 44.6680678], [16.9036152, 44.6681176], [16.9035753, 44.6682383], [16.9034655, 44.6683448], [16.9033357, 44.6684442], [16.9032958, 44.6685649], [16.903136, 44.6686217], [16.9029763, 44.6686998], [16.9029263, 44.6688276], [16.9028664, 44.6689483], [16.9027566, 44.6690406], [16.9026069, 44.6691187], [16.9024272, 44.6691258], [16.9022474, 44.6691258], [16.9020577, 44.6691116], [16.901878, 44.6691045], [16.9017183, 44.6691542], [16.9015086, 44.6693246], [16.9013289, 44.6694524], [16.901259, 44.669566], [16.9012191, 44.6696867], [16.9008996, 44.6698145], [16.9007798, 44.6699139], [16.9007598, 44.6700417], [16.9007698, 44.6701624], [16.9007898, 44.6702832], [16.9008297, 44.670411], [16.9008397, 44.670553], [16.9008297, 44.6706808], [16.9007998, 44.6708086], [16.9008197, 44.6710571], [16.9008197, 44.6711849], [16.9007798, 44.6714405], [16.9007299, 44.6715541], [16.9006101, 44.6716535], [16.9004803, 44.6717387], [16.9003405, 44.6718168], [16.9001708, 44.6718594], [16.8999911, 44.6718665], [16.8998114, 44.6718807], [16.8996616, 44.6719517], [16.8995518, 44.6720653], [16.8995019, 44.6721789], [16.8993821, 44.6724132], [16.8993122, 44.6725339], [16.8992323, 44.6726546], [16.8990825, 44.6727256], [16.8989228, 44.6727753], [16.898773, 44.672825], [16.8986433, 44.6729102], [16.8985534, 44.6730309], [16.8984735, 44.6731516], [16.8983338, 44.6732297], [16.8981441, 44.6732723], [16.8979743, 44.673322], [16.8978545, 44.6734214], [16.8977347, 44.6735278], [16.8976349, 44.6736272], [16.8975051, 44.6737195], [16.8973553, 44.6737976], [16.8971956, 44.6738615], [16.8970259, 44.6739112], [16.8968362, 44.6739467], [16.8966565, 44.6739609], [16.8964767, 44.6739467], [16.896317, 44.673897], [16.8961573, 44.673826], [16.8959975, 44.6737905], [16.8958078, 44.673826], [16.895668, 44.673897], [16.8954784, 44.6738686], [16.8953186, 44.6738118], [16.8951389, 44.6737408], [16.8949692, 44.6736982], [16.8947895, 44.6736982], [16.8946297, 44.6737834], [16.8945199, 44.6739041], [16.89448, 44.6740248], [16.8944101, 44.6741384], [16.8942603, 44.6741952], [16.8940706, 44.6742165], [16.8938909, 44.6742165], [16.8937012, 44.6742094], [16.8935515, 44.6741597], [16.8934017, 44.6740887], [16.8931521, 44.6739112], [16.8930023, 44.6738189], [16.8928626, 44.673755], [16.8926729, 44.6737408], [16.8924632, 44.6737408], [16.8922336, 44.6737692], [16.8920639, 44.6737763], [16.8918941, 44.6737692], [16.8917344, 44.6737195], [16.8915647, 44.673684], [16.8913949, 44.673684], [16.8912252, 44.6736982], [16.8910555, 44.6737337], [16.8909057, 44.6737834], [16.890736, 44.6738473], [16.8905763, 44.6739183], [16.8904664, 44.6740106], [16.8903666, 44.6741171], [16.8902867, 44.6742449], [16.8901569, 44.6743372], [16.8899872, 44.6743656], [16.8898175, 44.6743798], [16.889478, 44.674323], [16.8893383, 44.6744082], [16.8892284, 44.6745147], [16.8891685, 44.6746354], [16.8891186, 44.6747561], [16.8889788, 44.6748555], [16.8887991, 44.6749194], [16.8886294, 44.6749549], [16.8884497, 44.6749336], [16.8882999, 44.6748626], [16.8881502, 44.6747987], [16.8880004, 44.6747419], [16.8878307, 44.6747632], [16.8877009, 44.6748555], [16.887611, 44.6749549], [16.8874713, 44.6750472], [16.8873115, 44.6750827], [16.8871318, 44.6750898], [16.8869621, 44.6751111], [16.8868323, 44.6752034], [16.8867325, 44.6753099], [16.8866226, 44.6754022], [16.8864329, 44.6754164], [16.8862532, 44.6754022], [16.8818703, 44.6752389], [16.8793144, 44.6753738], [16.8778667, 44.6784052], [16.8779466, 44.6786821], [16.8780065, 44.6788028], [16.8780365, 44.6789305], [16.8780265, 44.6790583], [16.8780065, 44.6791932], [16.8780065, 44.6793139], [16.8780265, 44.6794346], [16.8780864, 44.6795695], [16.8781463, 44.6796759], [16.8782362, 44.6797895], [16.878326, 44.6798889], [16.8784358, 44.6799812], [16.8781463, 44.680109], [16.878346, 44.6803717], [16.8786754, 44.6805349], [16.8785956, 44.6807763], [16.877717, 44.6809041], [16.8776671, 44.681401], [16.8773676, 44.6817133], [16.8773076, 44.6818411], [16.8772477, 44.6819547], [16.8771579, 44.6820612], [16.8770581, 44.6821748], [16.8769382, 44.6822741], [16.8768184, 44.6823593], [16.8765189, 44.6823451], [16.8763492, 44.6824161], [16.8762294, 44.6825013], [16.8761495, 44.6826149], [16.8759299, 44.6828136], [16.8759199, 44.6829414], [16.8759299, 44.6830621], [16.8759299, 44.6831899], [16.87584, 44.6834028], [16.8757701, 44.6835306], [16.8756903, 44.6836371], [16.8755804, 44.6837365], [16.8754407, 44.6838216], [16.8753009, 44.6838855], [16.8751511, 44.6839565], [16.8750014, 44.6840346], [16.8748616, 44.6841127], [16.8747118, 44.6841979], [16.8745621, 44.6842547], [16.8744023, 44.6842901], [16.8740629, 44.6843185], [16.8738832, 44.6843256], [16.8737234, 44.6842759], [16.8735837, 44.6842192], [16.873394, 44.6842192], [16.8732242, 44.6842617], [16.8730645, 44.6843256], [16.8727849, 44.6844534], [16.8722558, 44.6844534], [16.8720861, 44.6844889], [16.8719064, 44.6845244], [16.8717466, 44.6845741], [16.8715869, 44.684638], [16.8714271, 44.6846806], [16.8712574, 44.6847373], [16.8710977, 44.6848083], [16.8709579, 44.6848864], [16.870858, 44.685], [16.8707981, 44.6851136], [16.8707283, 44.6852271], [16.8706284, 44.6853265], [16.8704787, 44.6854117], [16.8703389, 44.685504], [16.8701891, 44.6855892], [16.8700593, 44.6856814], [16.8698497, 44.6858021], [16.8697199, 44.6858873], [16.8695202, 44.6859015], [16.8693505, 44.6859441], [16.8692007, 44.686015], [16.869011, 44.6860292], [16.8688413, 44.6860079], [16.8685418, 44.6858802], [16.868402, 44.6858234], [16.8682223, 44.6858163], [16.8680526, 44.6858518], [16.8679228, 44.685937], [16.8677431, 44.6859441], [16.8669643, 44.6865829], [16.8655766, 44.6871011], [16.8654468, 44.6872075], [16.8653469, 44.6873211], [16.865297, 44.6874418], [16.865287, 44.6875624], [16.865287, 44.6876902], [16.865317, 44.6878109], [16.8653569, 44.6879386], [16.8654468, 44.688038], [16.8649775, 44.6881161], [16.8649775, 44.6882368], [16.864668, 44.688251], [16.8647579, 44.6883574], [16.8652371, 44.6884142], [16.8653969, 44.6884568], [16.8655466, 44.6885207], [16.8656864, 44.6885846], [16.8658561, 44.6886555], [16.8660159, 44.6886981], [16.8661856, 44.6887194], [16.8663154, 44.6888046], [16.8664152, 44.6890459], [16.8664452, 44.6891737], [16.8664651, 44.6893015], [16.8664751, 44.6894221], [16.866525, 44.6895002], [16.8663553, 44.6894505], [16.8637096, 44.6901461], [16.8630506, 44.6904087], [16.8604548, 44.6921902], [16.8604548, 44.6923889], [16.8604049, 44.6925096], [16.860315, 44.6926161], [16.8602551, 44.6927296], [16.860315, 44.6928503], [16.8603949, 44.6929496], [16.8604249, 44.6930774], [16.8603849, 44.6932051], [16.860315, 44.6933116], [16.860315, 44.6934323], [16.8600155, 44.6935884], [16.8598658, 44.6936594], [16.859726, 44.6937304], [16.8595663, 44.6938084], [16.8594265, 44.6938865], [16.8592767, 44.6939717], [16.8591569, 44.6940639], [16.8590471, 44.6941775], [16.8589672, 44.694291], [16.8588973, 44.6943975], [16.8588374, 44.6945394], [16.8586977, 44.6947666], [16.8585978, 44.6948659], [16.858488, 44.6949582], [16.8583482, 44.6950433], [16.8581985, 44.6951214], [16.8580587, 44.6951924], [16.8578989, 44.6952492], [16.8577592, 44.695313], [16.8576094, 44.695384], [16.8574796, 44.6954763], [16.8573898, 44.6955756], [16.8573398, 44.6956963], [16.8573299, 44.6958169], [16.8573698, 44.6959305], [16.8574996, 44.6960156], [16.8576993, 44.696115], [16.8578191, 44.6962073], [16.8579189, 44.6962995], [16.8579888, 44.6964131], [16.8580187, 44.6965337], [16.8580587, 44.6966544], [16.8581286, 44.6967608], [16.8582084, 44.6968744], [16.8582184, 44.696995], [16.8581985, 44.6971228], [16.8581585, 44.6972505], [16.8581186, 44.6973712], [16.8580687, 44.6974989], [16.8580287, 44.6976266], [16.8579688, 44.6977402], [16.8579089, 44.6978608], [16.8579089, 44.6982583], [16.857889, 44.6984144], [16.857839, 44.698535], [16.8577791, 44.6986628], [16.8577092, 44.6987905], [16.8576294, 44.6989112], [16.8575595, 44.6990247], [16.8574996, 44.6991454], [16.8574497, 44.6992731], [16.8573698, 44.6995286], [16.8573199, 44.6996492], [16.8572799, 44.699777], [16.85722, 44.6999047], [16.8571701, 44.7000324], [16.8571302, 44.7001602], [16.8570902, 44.7002808], [16.8570603, 44.7004085], [16.8570403, 44.7005434], [16.8570403, 44.7007989], [16.8570204, 44.701104], [16.8570403, 44.7012388], [16.8571501, 44.7015227], [16.8571901, 44.7016433], [16.85721, 44.7017711], [16.85722, 44.7018917], [16.85721, 44.7020123], [16.8571501, 44.7021472], [16.8570902, 44.7022678], [16.8570004, 44.7024736], [16.8569605, 44.7025942], [16.8568906, 44.7027149], [16.8568007, 44.7028284], [16.8567009, 44.7029348], [16.8564613, 44.7031193], [16.8563215, 44.7031832], [16.8561518, 44.7032187], [16.855992, 44.7032542], [16.8558123, 44.7032755], [16.8556426, 44.7032826], [16.8554429, 44.7032968], [16.8552532, 44.7033109], [16.8550735, 44.703318], [16.8549038, 44.7033393], [16.854754, 44.7034103], [16.8546142, 44.7035096], [16.8544944, 44.703609], [16.8542348, 44.7037935], [16.8540851, 44.7038715], [16.8539553, 44.7039567], [16.8538555, 44.7040631], [16.8537856, 44.7041696], [16.8537357, 44.7042902], [16.8536358, 44.7045173], [16.8535559, 44.7046237], [16.8534761, 44.7047373], [16.8533962, 44.7048437], [16.8533263, 44.7049572], [16.8533163, 44.7050779], [16.8533163, 44.7052056], [16.8532864, 44.7054185], [16.8532365, 44.7055391], [16.8531965, 44.7056668], [16.8532065, 44.7057874], [16.8532365, 44.7059223], [16.8532564, 44.7060429], [16.8532564, 44.7061635], [16.8532265, 44.7062912], [16.8531865, 44.706419], [16.8531566, 44.7065396], [16.8530867, 44.7066602], [16.8529869, 44.7067596], [16.8529869, 44.7068802], [16.8530268, 44.7070008], [16.8530767, 44.7071144], [16.8535659, 44.707164], [16.8537456, 44.707164], [16.8539054, 44.7071711], [16.8542448, 44.7071002], [16.8543946, 44.7070505], [16.8545543, 44.7070079], [16.8547141, 44.7070008], [16.8548838, 44.7070292], [16.8550236, 44.7070931], [16.8551933, 44.7070931], [16.8553231, 44.7071569], [16.8555228, 44.7073556], [16.8556725, 44.7073982], [16.8557923, 44.7074904], [16.8558622, 44.707604], [16.855992, 44.707682], [16.8561418, 44.7077459], [16.8563015, 44.7077884], [16.8564912, 44.7078239], [16.856641, 44.7078736], [16.8568207, 44.7079162], [16.8569704, 44.7079871], [16.8571202, 44.7080723], [16.85724, 44.7081645], [16.8573798, 44.7082355], [16.8575295, 44.7082922], [16.8576893, 44.708349], [16.857859, 44.7084058], [16.8581985, 44.7085051], [16.8583782, 44.7085406], [16.8585479, 44.708576], [16.8588474, 44.7085619], [16.8590671, 44.7085619], [16.8592468, 44.7085477], [16.8594365, 44.7085335], [16.8601653, 44.7085051], [16.860335, 44.7085051], [16.8604948, 44.7085264], [16.8606745, 44.7085619], [16.8608841, 44.7086044], [16.8611038, 44.7086683], [16.8612635, 44.708718], [16.8614133, 44.7087676], [16.861563, 44.7088031], [16.8617328, 44.7088386], [16.8619324, 44.7088812], [16.8620922, 44.7089166], [16.8622519, 44.7089379], [16.8624216, 44.7089521], [16.8626014, 44.7089592], [16.8627911, 44.7089592], [16.8629708, 44.7089734], [16.8631605, 44.7089947], [16.8633102, 44.7090302], [16.86344, 44.7091011], [16.8635798, 44.7091721], [16.8643585, 44.7091224], [16.8643585, 44.7093353], [16.8650474, 44.7094488], [16.8653369, 44.7100945], [16.8670941, 44.7127481], [16.8674635, 44.7146211], [16.8674436, 44.7153164], [16.8676183, 44.7153306], [16.867783, 44.7153341], [16.8679078, 44.7153164], [16.8680576, 44.7152809], [16.8681574, 44.7152348], [16.8682223, 44.7151993], [16.8682872, 44.7151674], [16.8683671, 44.7151355], [16.8684419, 44.7151071], [16.8685168, 44.7150858], [16.8685967, 44.7150645], [16.8687165, 44.7150255], [16.8688762, 44.7149652], [16.8689561, 44.7149404], [16.869026, 44.714912], [16.8691208, 44.7148872], [16.8692257, 44.7148659], [16.8693155, 44.7148552], [16.8693954, 44.7148375], [16.8694803, 44.7148233], [16.8694803, 44.714912], [16.8696151, 44.7149049], [16.8695352, 44.7149829], [16.8694853, 44.7150397], [16.8694603, 44.7151], [16.8694503, 44.7151638], [16.8694503, 44.7154122], [16.8694453, 44.715476], [16.8694303, 44.7155399], [16.8694054, 44.7156037], [16.8693754, 44.715664], [16.8693355, 44.7157243], [16.8692806, 44.7157775], [16.8692257, 44.7158236], [16.8691558, 44.7158591], [16.8690759, 44.715891], [16.869011, 44.7159301], [16.8689911, 44.7159904], [16.8689911, 44.7160542], [16.869021, 44.7161784], [16.869021, 44.7162422], [16.8689461, 44.7162812], [16.8688563, 44.7162919], [16.8687664, 44.7162954], [16.8686766, 44.7162848], [16.8685767, 44.7162742], [16.8684869, 44.7162706], [16.868407, 44.7162919], [16.8683321, 44.7163274], [16.8682522, 44.7163557], [16.8681624, 44.7163557], [16.8680725, 44.7163451], [16.8679877, 44.7163203], [16.8679178, 44.7162848], [16.8678479, 44.7162564], [16.867778, 44.7162245], [16.8676931, 44.7162068], [16.8675084, 44.7162068], [16.8674186, 44.7162209], [16.8673337, 44.7162351], [16.867164, 44.7162706], [16.8670741, 44.7162848], [16.8669893, 44.7163025], [16.8669194, 44.716338], [16.8668545, 44.716377], [16.8667696, 44.7164125], [16.8666848, 44.716416], [16.8666049, 44.7163912], [16.866525, 44.7163735], [16.8664352, 44.7163699], [16.8663453, 44.7163806], [16.8662605, 44.7164019], [16.8661706, 44.7164231], [16.8660957, 44.7164515], [16.8660458, 44.7165012], [16.8660208, 44.716565], [16.8660708, 44.7166182], [16.8660807, 44.7166785], [16.8660458, 44.7167353], [16.8659909, 44.7167921], [16.865941, 44.7168417], [16.865951, 44.716902], [16.8659559, 44.7169659], [16.8658911, 44.7170155], [16.8657563, 44.7171042], [16.8656914, 44.7171503], [16.8656564, 44.7172142], [16.8656614, 44.717278], [16.8656864, 44.7173348], [16.8656964, 44.7173951], [16.8656764, 44.7174554], [16.8656315, 44.7175121], [16.8656115, 44.7176434], [16.8656115, 44.7177072], [16.8656165, 44.7177711], [16.8655965, 44.7178314], [16.8655566, 44.7178846], [16.8655067, 44.7179414], [16.8652471, 44.7181613], [16.8651922, 44.7182145], [16.8650774, 44.7183174], [16.8650175, 44.7183599], [16.8649576, 44.7184096], [16.8648827, 44.7184628], [16.8648128, 44.7184947], [16.864663, 44.7185869], [16.8645981, 44.7186401], [16.8645332, 44.7186969], [16.8644833, 44.7187572], [16.8644484, 44.7188139], [16.8643985, 44.7188778], [16.8643635, 44.718931], [16.8643336, 44.7189949], [16.8643036, 44.7190552], [16.8642537, 44.7191155], [16.8641838, 44.7191616], [16.8641239, 44.7192183], [16.864089, 44.7192786], [16.8640041, 44.7193141], [16.8639242, 44.7192964], [16.8638444, 44.7193176], [16.8638394, 44.7193779], [16.8637795, 44.7194241], [16.8636946, 44.7194205], [16.8636047, 44.7194099], [16.8635199, 44.7194028], [16.86343, 44.7194063], [16.8633851, 44.7194595], [16.8633601, 44.7195163], [16.8633452, 44.7197256], [16.8633452, 44.7198745], [16.8633352, 44.7199384], [16.8632353, 44.7200377], [16.8631904, 44.7200909], [16.8631704, 44.7201583], [16.8631605, 44.7202257], [16.8631455, 44.7202895], [16.8630806, 44.7203321], [16.8630506, 44.7203924], [16.8630656, 44.7204527], [16.8630906, 44.720513], [16.8630906, 44.7205733], [16.8630706, 44.7206371], [16.8630456, 44.720701], [16.8630207, 44.7207613], [16.8629957, 44.7208251], [16.8629658, 44.720889], [16.8629308, 44.7209422], [16.862851, 44.7209812], [16.8627811, 44.7210238], [16.8627461, 44.7210841], [16.8627212, 44.7211444], [16.8626962, 44.7212082], [16.8626712, 44.721265], [16.8626263, 44.7213217], [16.8624416, 44.7214813], [16.8624067, 44.7215381], [16.8623518, 44.7215948], [16.8622819, 44.7216374], [16.862192, 44.7216516], [16.8621072, 44.7216693], [16.8620323, 44.7217083], [16.8619774, 44.7217544], [16.8619324, 44.7218112], [16.8618925, 44.7218679], [16.8618376, 44.7219176], [16.8617677, 44.7219602], [16.8617078, 44.7220169], [16.8616828, 44.7220737], [16.8616729, 44.7221411], [16.8616878, 44.7222049], [16.8617228, 44.7222581], [16.8617527, 44.7223184], [16.8617627, 44.7223822], [16.8617627, 44.7224496], [16.8617527, 44.7225135], [16.8617178, 44.7225702], [16.8616729, 44.7226234], [16.861608, 44.7226766], [16.8615381, 44.7227866], [16.8614782, 44.7228398], [16.8614233, 44.7229001], [16.8613783, 44.7229568], [16.8613434, 44.7230171], [16.8613384, 44.7230774], [16.8613534, 44.7231377], [16.8613883, 44.7231945], [16.8614332, 44.7232477], [16.8614632, 44.7233044], [16.8614632, 44.7233683], [16.8614382, 44.7234286], [16.8613933, 44.7234818], [16.8613534, 44.7235421], [16.8613434, 44.7236059], [16.8612935, 44.7236591], [16.8612136, 44.723691], [16.8611287, 44.7237088], [16.8610389, 44.723723], [16.860984, 44.7237762], [16.860969, 44.7238471], [16.860979, 44.7239109], [16.8610089, 44.7239677], [16.8610089, 44.724028], [16.860969, 44.7240847], [16.8608242, 44.7242585], [16.8607743, 44.7243082], [16.8607194, 44.7243791], [16.8606844, 44.7244359], [16.8606395, 44.7244855], [16.8605996, 44.7245423], [16.8605746, 44.7246026], [16.8605547, 44.72467], [16.8605297, 44.7247267], [16.8604997, 44.724787], [16.8605047, 44.7248473], [16.8605696, 44.7248899], [16.8606445, 44.7249253], [16.8607094, 44.7249572], [16.8607693, 44.7250069], [16.8608142, 44.7250601], [16.8608442, 44.7251168], [16.8608442, 44.7251771], [16.8608192, 44.7252339], [16.8607893, 44.7252906], [16.8607793, 44.7253545], [16.8607643, 44.7254254], [16.8607244, 44.7254786], [16.8606595, 44.7255247], [16.8606046, 44.7255708], [16.8605896, 44.7256524], [16.8605946, 44.7257198], [16.8606295, 44.7257801], [16.8607493, 44.7258723], [16.8608092, 44.725929], [16.8608492, 44.7259858], [16.8608692, 44.7260461], [16.8608791, 44.7261064], [16.8608991, 44.7261738], [16.8609241, 44.7262341], [16.8614033, 44.7267306], [16.8614432, 44.7267802], [16.8615181, 44.7268086], [16.861603, 44.7268228], [16.8616978, 44.7268263], [16.8617877, 44.726837], [16.8618675, 44.7268547], [16.8619424, 44.7268795], [16.8620073, 44.7269186], [16.8620672, 44.7269611], [16.8621221, 44.7270108], [16.8621671, 44.7270604], [16.862207, 44.7271172], [16.8622519, 44.7271704], [16.8622869, 44.7272236], [16.8623318, 44.7272768], [16.8623867, 44.7273229], [16.8624516, 44.7273583], [16.8625464, 44.7273725], [16.8626313, 44.7273761], [16.8627162, 44.7273867], [16.862801, 44.727408], [16.8628659, 44.7274435], [16.8629109, 44.7274967], [16.8629807, 44.7276811], [16.8630057, 44.7277378], [16.8630606, 44.7277875], [16.8631654, 44.7278123], [16.8632453, 44.7278158], [16.8633252, 44.7278371], [16.8633951, 44.7278797], [16.863435, 44.72794], [16.863455, 44.7279967], [16.8634849, 44.7281279], [16.8634849, 44.7281882], [16.8634899, 44.7282521], [16.8634899, 44.7283159], [16.8634799, 44.7283833], [16.86346, 44.7284471], [16.8633901, 44.7285677], [16.8633601, 44.7286316], [16.8633502, 44.7286989], [16.8633751, 44.7287433], [16.8633851, 44.7287716], [16.86342, 44.7287947], [16.86345, 44.728816], [16.8634625, 44.7288514], [16.863465, 44.7288816], [16.8634824, 44.72891], [16.8635124, 44.7289295], [16.8635573, 44.7289348], [16.8636422, 44.7289348], [16.8636871, 44.7289383], [16.8637245, 44.7289596], [16.8637445, 44.7289862], [16.863747, 44.7290181], [16.8637345, 44.72905], [16.8637171, 44.7290784], [16.8636871, 44.7291015], [16.8636547, 44.7291227], [16.8636197, 44.7291405], [16.8635823, 44.7291582], [16.8635623, 44.7291866], [16.8635573, 44.7292167], [16.8635723, 44.7292451], [16.8636097, 44.7292593], [16.8636522, 44.7292557], [16.8636896, 44.729238], [16.8637196, 44.7292167], [16.8637595, 44.7292079], [16.8638518, 44.7292025], [16.8639417, 44.7292025], [16.8639816, 44.7292043], [16.8640241, 44.7292114], [16.864059, 44.7292274], [16.8640915, 44.7292469], [16.8641114, 44.7292752], [16.8641239, 44.7293036], [16.8641289, 44.7293338], [16.8641264, 44.7294153], [16.8641289, 44.7294455], [16.8641289, 44.729637], [16.8641439, 44.729754], [16.8641539, 44.7297877], [16.8641738, 44.7298586], [16.8641863, 44.7298888], [16.8642038, 44.7299172], [16.8642287, 44.7299473], [16.8642562, 44.7299774], [16.8642861, 44.7300058], [16.8643136, 44.7300289], [16.8643411, 44.7300519], [16.864371, 44.7300785], [16.8643885, 44.7301051], [16.864401, 44.7301335], [16.8644134, 44.7302204], [16.8644184, 44.7303019], [16.8644134, 44.7303658], [16.8643985, 44.7304261], [16.8643735, 44.7304864], [16.8643435, 44.7305466], [16.8643136, 44.7306105], [16.8642936, 44.7306708], [16.8642936, 44.7307311], [16.8643136, 44.7308623], [16.8643086, 44.7309226], [16.8642836, 44.7309793], [16.8642737, 44.7310396], [16.8642836, 44.731107], [16.8643086, 44.7311673], [16.8643186, 44.7312311], [16.8643136, 44.7312949], [16.8642986, 44.7313588], [16.8642986, 44.7314226], [16.8643036, 44.7314829], [16.8642986, 44.7315467], [16.8642437, 44.7316673], [16.8641838, 44.7317347], [16.8641139, 44.7317914], [16.864044, 44.7318446], [16.8639841, 44.7318943], [16.8639192, 44.7319404], [16.8638543, 44.7319829], [16.8636846, 44.7320326], [16.8636197, 44.7320787], [16.8636147, 44.7321461], [16.8636646, 44.7321922], [16.8637395, 44.7322099], [16.8637944, 44.7322524], [16.8638094, 44.7323234], [16.8638044, 44.7323872], [16.8637795, 44.7324475], [16.8637196, 44.7325255], [16.8636746, 44.7325929], [16.8636347, 44.7326496], [16.8635898, 44.7327099], [16.8635798, 44.7327737], [16.8635808, 44.7328378], [16.8633778, 44.7328792], [16.8633052, 44.7329014], [16.8632254, 44.7329262], [16.8631405, 44.7329617], [16.8630856, 44.7330184], [16.8630756, 44.7330823], [16.8630756, 44.7331426], [16.8630856, 44.7332064], [16.8631105, 44.7332667], [16.8631155, 44.7333305], [16.8631155, 44.7333979], [16.8631704, 44.7334546], [16.8632353, 44.7334936], [16.8633052, 44.733522], [16.8633701, 44.7335646], [16.863415, 44.7336142], [16.86344, 44.7336709], [16.86344, 44.7337348], [16.863435, 44.7337951], [16.8632703, 44.7340752], [16.8632204, 44.7341249], [16.8631505, 44.734171], [16.8630856, 44.73421], [16.8630057, 44.7342454], [16.8629159, 44.7342632], [16.862826, 44.7342773], [16.8627761, 44.734327], [16.8627062, 44.7344547], [16.8626812, 44.7345185], [16.8626313, 44.7345681], [16.8625365, 44.7346036], [16.8624766, 44.7346497], [16.8624566, 44.73471], [16.8624516, 44.7347738], [16.8624366, 44.7348376], [16.8624216, 44.7348979], [16.8624017, 44.7349582], [16.8624017, 44.7350859], [16.8624266, 44.7351497], [16.8624316, 44.73521], [16.8624167, 44.7352738], [16.8622419, 44.7355079], [16.862222, 44.7355788], [16.862182, 44.735632], [16.8621371, 44.7356852], [16.8621072, 44.7357454], [16.8621072, 44.7358093], [16.8621271, 44.7358766], [16.8621621, 44.7359298], [16.862222, 44.7359759], [16.8622419, 44.7360362], [16.862217, 44.7360965], [16.8621571, 44.7361426], [16.8621271, 44.7361993], [16.8621271, 44.7362632], [16.8621022, 44.7363199], [16.8620423, 44.736366], [16.8619774, 44.7364086], [16.8619025, 44.7364405], [16.8618326, 44.7364866], [16.8617927, 44.7365433], [16.8617677, 44.7366], [16.8617527, 44.7366674], [16.8617427, 44.7368873], [16.8617378, 44.7369476], [16.8616978, 44.7370043], [16.8616429, 44.7370575], [16.8616629, 44.7371213], [16.8617278, 44.7371568], [16.8618076, 44.7371568], [16.8618875, 44.7371461], [16.8618076, 44.7373022], [16.8617577, 44.7373518], [16.8617078, 44.7374085], [16.8616778, 44.7374688], [16.8616729, 44.7375326], [16.8616778, 44.7375929], [16.8617028, 44.7376532], [16.8617328, 44.737717], [16.8617527, 44.7377738], [16.8617777, 44.7378411], [16.8617877, 44.7379652], [16.8617977, 44.7380255], [16.8617977, 44.7380929], [16.8617927, 44.7381603], [16.8617827, 44.7382241], [16.8617627, 44.7382844], [16.8617477, 44.7383447], [16.8617378, 44.7384049], [16.8616329, 44.7384936], [16.861593, 44.7385574], [16.861558, 44.7386177], [16.8615281, 44.7386744], [16.8614832, 44.7387347], [16.8614432, 44.7387879], [16.8613983, 44.7388446], [16.8613484, 44.7389049], [16.8612785, 44.7389829], [16.8611936, 44.7390964], [16.8611437, 44.7391496], [16.8610788, 44.7391957], [16.8609939, 44.7392311], [16.8609141, 44.739263], [16.8608542, 44.7393091], [16.8608142, 44.7393659], [16.8607893, 44.7394226], [16.8607543, 44.7394793], [16.8606894, 44.7395254], [16.8606196, 44.7395609], [16.8605347, 44.7395928], [16.8604598, 44.7396247], [16.8603799, 44.7396602], [16.8603051, 44.7396992], [16.8602501, 44.7397559], [16.8602152, 44.7398127], [16.8601753, 44.7398694], [16.8601403, 44.7399261], [16.8600904, 44.7399829], [16.8599656, 44.7400892], [16.8598957, 44.7401282], [16.8598308, 44.7401743], [16.8597809, 44.7402275], [16.8597759, 44.7402949], [16.8597759, 44.7403587], [16.8597709, 44.7404261], [16.8597759, 44.7404935], [16.8597859, 44.7405644], [16.8597959, 44.7406282], [16.8598109, 44.7406885], [16.8598308, 44.7407523], [16.8598508, 44.740809], [16.8598608, 44.7408764], [16.8598708, 44.7409367], [16.8598658, 44.7410005], [16.8598308, 44.7410572], [16.8598208, 44.7411175], [16.8598208, 44.7411813], [16.8597759, 44.741231], [16.859696, 44.7412487], [16.8596062, 44.7412522], [16.8594764, 44.7411672], [16.8593815, 44.7411813], [16.8593316, 44.7412345], [16.8593017, 44.7412983], [16.8592867, 44.7413622], [16.8592717, 44.7414331], [16.8592518, 44.7414934], [16.8592068, 44.7415501], [16.859122, 44.7415997], [16.8590321, 44.7416033], [16.8589472, 44.741621], [16.8588724, 44.7416494], [16.8588125, 44.7417061], [16.8587775, 44.7417628], [16.8587176, 44.7418054], [16.8586228, 44.7418196], [16.8585479, 44.741972], [16.858503, 44.7420288], [16.8584231, 44.7420678], [16.8583382, 44.7420819], [16.8583233, 44.7420004], [16.8581735, 44.741933], [16.8580936, 44.7419082], [16.8580088, 44.7418869], [16.8579189, 44.7418763], [16.8578141, 44.7418692], [16.8577142, 44.7418657], [16.8576294, 44.7418692], [16.8575445, 44.7418834], [16.8574746, 44.7419153], [16.8573848, 44.7419295], [16.8572999, 44.7419295], [16.8572051, 44.7419401], [16.8571252, 44.7419578], [16.8570453, 44.7419791], [16.8569605, 44.7419969], [16.8568756, 44.7420181], [16.8567957, 44.7420429], [16.8567308, 44.7420855], [16.8566809, 44.7421387], [16.856646, 44.7421954], [16.856606, 44.7422521], [16.8565262, 44.742277], [16.8564313, 44.7422734], [16.8563415, 44.7422663], [16.8562566, 44.7422663], [16.8561717, 44.7422911], [16.8561018, 44.7423231], [16.8560469, 44.7423798], [16.855992, 44.7424294], [16.8559121, 44.7424613], [16.8558273, 44.7424791], [16.8556426, 44.7424791], [16.8555577, 44.7424578], [16.8554579, 44.7424472], [16.855363, 44.7424472], [16.8552732, 44.7424401], [16.8552133, 44.7423975], [16.8551434, 44.7423585], [16.8550485, 44.7423408], [16.8549587, 44.7423443], [16.8548938, 44.7423869], [16.8548638, 44.7424436], [16.8548139, 44.7424968], [16.854734, 44.7425287], [16.8545543, 44.7425819], [16.8544745, 44.7426067], [16.8543946, 44.742628], [16.8543047, 44.7426351], [16.8542149, 44.7426351], [16.85412, 44.7426457], [16.8540452, 44.7426776], [16.8539952, 44.7427273], [16.8539803, 44.7427946], [16.8539603, 44.7428585], [16.8539154, 44.7429152], [16.8538654, 44.7429648], [16.8538005, 44.7430109], [16.8537207, 44.7430464], [16.8536358, 44.7430641], [16.8535659, 44.7431031], [16.853516, 44.7431527], [16.853496, 44.7432768], [16.853491, 44.7433477], [16.8534761, 44.7434116], [16.8534561, 44.7434789], [16.8534112, 44.7435286], [16.8533413, 44.743564], [16.8532514, 44.7435888], [16.8531566, 44.743603], [16.8530667, 44.7436208], [16.8529869, 44.7436562], [16.852922, 44.7436988], [16.852872, 44.7437484], [16.8528221, 44.7438619], [16.8527972, 44.7439257], [16.8527872, 44.743986], [16.8527672, 44.7440462], [16.8527423, 44.7441065], [16.8527173, 44.744181], [16.8526923, 44.7442448], [16.8526574, 44.7443015], [16.8525975, 44.7443511], [16.8525176, 44.7443866], [16.8524278, 44.744415], [16.8523479, 44.7444433], [16.852303, 44.7444965], [16.8523179, 44.7445603], [16.8523679, 44.74461], [16.8524128, 44.7446632], [16.8524028, 44.7447234], [16.8523379, 44.744766], [16.852298, 44.7448192], [16.852303, 44.7448865], [16.8523479, 44.7450603], [16.8523629, 44.7451241], [16.8523429, 44.7451879], [16.852258, 44.7452198], [16.8521632, 44.7452304], [16.8520933, 44.7452624], [16.8520534, 44.7453155], [16.8520384, 44.7453794], [16.8520334, 44.7454396], [16.8519935, 44.7454964], [16.8519236, 44.7455318], [16.8518487, 44.7455708], [16.8517638, 44.7455921], [16.851679, 44.7456204], [16.8516091, 44.7456665], [16.8515542, 44.7457126], [16.8515092, 44.7457658], [16.8514693, 44.7458225], [16.8514244, 44.7458793], [16.8513844, 44.745936], [16.8513195, 44.7459785], [16.8512347, 44.7459998], [16.8511448, 44.7460034], [16.8509701, 44.7460034], [16.8508803, 44.7460069], [16.8507954, 44.7460246], [16.8507155, 44.7460601], [16.8506406, 44.7460955], [16.8504759, 44.7462444], [16.8503461, 44.7463295], [16.8502662, 44.7463792], [16.8502063, 44.7464324], [16.8501614, 44.7464855], [16.8501215, 44.7465423], [16.8500466, 44.7465706], [16.8499617, 44.746599], [16.8498819, 44.7466238], [16.8497221, 44.7466947], [16.8496572, 44.7467337], [16.8495724, 44.7467834], [16.8495075, 44.7468259], [16.8494426, 44.7468755], [16.8493128, 44.7469606], [16.8492429, 44.7470103], [16.849193, 44.7470599], [16.849158, 44.7471131], [16.8491281, 44.7471769], [16.8491131, 44.7472478], [16.8491031, 44.7473081], [16.8490782, 44.7473754], [16.8490282, 44.7474357], [16.8489584, 44.7474747], [16.8488785, 44.7475066], [16.8488186, 44.7475598], [16.8487836, 44.747613], [16.8487038, 44.7476449], [16.8486189, 44.7476697], [16.848554, 44.7477158], [16.8484891, 44.7477654], [16.8484542, 44.7478257], [16.8484292, 44.7478895], [16.8483943, 44.7479462], [16.8483094, 44.7480349], [16.8481347, 44.748049], [16.8480498, 44.7480668], [16.8479799, 44.7481058], [16.847915, 44.748159], [16.8478801, 44.7482121], [16.8478651, 44.7482759], [16.8478551, 44.7483398], [16.8478052, 44.7483894], [16.8477453, 44.748439], [16.8476804, 44.7484816], [16.8476255, 44.7485383], [16.8475856, 44.7485915], [16.8475406, 44.7486553], [16.8474907, 44.7487049], [16.8474108, 44.7487333], [16.847321, 44.7487439], [16.8472311, 44.7487581], [16.8471463, 44.7487723], [16.8470664, 44.7488007], [16.8470015, 44.7488432], [16.8469466, 44.7488893], [16.8468917, 44.7489425], [16.8468561, 44.7489911], [16.8467749, 44.7490613], [16.8466938, 44.7491114], [16.8466373, 44.7491289], [16.8465702, 44.749134], [16.8465137, 44.7491164], [16.8464608, 44.7490938], [16.8464043, 44.7490763], [16.8463478, 44.7490638], [16.8462596, 44.7490738], [16.8462314, 44.7491139], [16.8462596, 44.749154], [16.8463125, 44.7491766], [16.846362, 44.7491941], [16.8464114, 44.7492167], [16.846429, 44.7492568], [16.8464361, 44.7493019], [16.8464361, 44.7493445], [16.8464396, 44.7493897], [16.8464396, 44.7494373], [16.8464431, 44.7494799], [16.8464537, 44.74953], [16.8464679, 44.7495802], [16.8464855, 44.7496228], [16.8465067, 44.7496654], [16.8465173, 44.749708], [16.8465173, 44.7497983], [16.8464996, 44.7499036], [16.8465243, 44.750069], [16.8465243, 44.7501116], [16.8465137, 44.7501568], [16.8464961, 44.7502044], [16.8464749, 44.750247], [16.8464255, 44.7503372], [16.8464043, 44.7503799], [16.8463902, 44.750425], [16.8463796, 44.7504701], [16.8463761, 44.7505227], [16.8463831, 44.7505779], [16.8464149, 44.7506631], [16.8464467, 44.7507258], [16.8464784, 44.7507659], [16.8464996, 44.7508085], [16.8465067, 44.7508511], [16.8465067, 44.7509013], [16.8464996, 44.7509439], [16.846482, 44.7509865], [16.8464573, 44.7511319], [16.8464714, 44.7512221], [16.8464926, 44.7513124], [16.8464926, 44.7514026], [16.8464431, 44.7514829], [16.8463937, 44.7515681], [16.8463584, 44.7516583], [16.8463584, 44.7517486], [16.8463937, 44.7518388], [16.8464078, 44.7519341], [16.846422, 44.7520394], [16.8464361, 44.7522148], [16.8464431, 44.7523001], [16.8464714, 44.7523853], [16.845836, 44.752661], [16.8457231, 44.7527061], [16.8456101, 44.7527463], [16.8454901, 44.7527713], [16.8452289, 44.7528064], [16.8451089, 44.7528215], [16.8449888, 44.7528515], [16.8448759, 44.7528967], [16.8447841, 44.7529368], [16.8445688, 44.7527889], [16.8445158, 44.7527688], [16.8443394, 44.7527162], [16.8442829, 44.7527036], [16.8442264, 44.7526861], [16.8441735, 44.7526635], [16.844117, 44.752646], [16.844064, 44.7526234], [16.8439828, 44.7526084], [16.8438452, 44.7525733], [16.8437181, 44.7525457], [16.8436404, 44.7525357], [16.8435734, 44.7525282], [16.8435134, 44.7525257], [16.8434392, 44.7525206], [16.8433792, 44.7525156], [16.8433122, 44.7525156], [16.8432486, 44.7525206], [16.8431816, 44.7525257], [16.843058, 44.7525307], [16.8429874, 44.7525307], [16.8429239, 44.7525282], [16.8428568, 44.7525156], [16.8427968, 44.7525006], [16.8427474, 44.7524805], [16.8425744, 44.7524104], [16.8425144, 44.7523928], [16.8424615, 44.7523728], [16.8423979, 44.7523527], [16.8423415, 44.7523326], [16.8422815, 44.7523201], [16.8422215, 44.7523076], [16.842165, 44.7522975], [16.8420308, 44.752285], [16.8419673, 44.7522825], [16.8419002, 44.75228], [16.8417026, 44.75228], [16.8416355, 44.752285], [16.841512, 44.7522975], [16.8412013, 44.7523226], [16.8410248, 44.7523226], [16.8409542, 44.7523276], [16.8408801, 44.7523351], [16.8408166, 44.7523452], [16.8407566, 44.7523502], [16.8406895, 44.7523552], [16.8406224, 44.7523602], [16.8402377, 44.7523627], [16.8401636, 44.7523577], [16.8401, 44.7523502], [16.84004, 44.7523377], [16.8399835, 44.7523276], [16.8399271, 44.7523126], [16.839807, 44.7522775], [16.8397541, 44.7522599], [16.8396976, 44.7522449], [16.8396341, 44.7522274], [16.8395741, 44.7522123], [16.8394541, 44.7521923], [16.8393835, 44.7521847], [16.8393164, 44.7521822], [16.8392529, 44.7521822], [16.8391893, 44.7521873], [16.8389775, 44.7522299], [16.8389175, 44.7522424], [16.8388575, 44.7522549], [16.838794, 44.7522675], [16.8385504, 44.7523527], [16.8384939, 44.7523828], [16.8384445, 44.7524154], [16.8384128, 44.752453], [16.8383739, 44.7524881], [16.8382857, 44.7525557], [16.8382398, 44.7525883], [16.8381833, 44.7526109], [16.8381198, 44.7526184], [16.8380562, 44.7526209], [16.8379962, 44.7526209], [16.8379362, 44.7526109], [16.8378797, 44.7525933], [16.8378233, 44.7525708], [16.8377738, 44.7525482], [16.8377138, 44.7525282], [16.8376044, 44.7524856], [16.8374844, 44.752458], [16.8374209, 44.7524505], [16.8373503, 44.7524454], [16.8372232, 44.752448], [16.8372197, 44.7525758], [16.8371314, 44.7526309], [16.8370749, 44.7526585], [16.8370291, 44.7526936], [16.8369761, 44.7527237], [16.8369267, 44.7527538], [16.8368773, 44.7527839], [16.8368208, 44.7528114], [16.8367643, 44.7528315], [16.8366972, 44.7528365], [16.8366372, 44.752829], [16.8365208, 44.7527889], [16.8364678, 44.7527663], [16.8363513, 44.7527387], [16.8362948, 44.7527287], [16.8362348, 44.7527162], [16.8361713, 44.7527087], [16.8360972, 44.7527036], [16.8358889, 44.7527036], [16.8358148, 44.7527061], [16.8357336, 44.7527137], [16.8356489, 44.7527162], [16.8355853, 44.7527262], [16.8355148, 44.7527362], [16.8354512, 44.7527463], [16.8353912, 44.7527563], [16.8353277, 44.7527713], [16.8352641, 44.7527914], [16.8352077, 44.7528164], [16.8351512, 44.7528365], [16.8350841, 44.752849], [16.8350135, 44.752854], [16.8348123, 44.752854], [16.8346852, 44.7528691], [16.8346358, 44.7528942], [16.8345899, 44.7529242], [16.834537, 44.7529518], [16.8344805, 44.7529694], [16.8343746, 44.7529568], [16.8342722, 44.7529593], [16.8341487, 44.7529593], [16.8340852, 44.7529518], [16.834004, 44.7529518], [16.8339369, 44.7529593], [16.8338345, 44.7529117], [16.8337322, 44.7529593], [16.8336228, 44.753012], [16.8335663, 44.753027], [16.8335063, 44.753042], [16.8334427, 44.7530546], [16.8333757, 44.7530646], [16.8333086, 44.7530771], [16.8332486, 44.7530847], [16.8330544, 44.7530947], [16.8326697, 44.7530947], [16.8326132, 44.7530822], [16.8325779, 44.7531223], [16.8323661, 44.7531398], [16.8322391, 44.7531248], [16.8319037, 44.7531248], [16.831706, 44.7531348], [16.8316355, 44.7531448], [16.8315719, 44.7531498], [16.8315013, 44.7531548], [16.831166, 44.7531548], [16.8310883, 44.7531523], [16.8310283, 44.7531498], [16.8309648, 44.7531473], [16.8309048, 44.7531423], [16.8307177, 44.7531323], [16.83064, 44.7531273], [16.83058, 44.7531172], [16.8305236, 44.7530997], [16.8304741, 44.7530771], [16.8304035, 44.7530546], [16.8302871, 44.753017], [16.8302306, 44.753007], [16.830167, 44.7530044], [16.8301035, 44.7530044], [16.82998, 44.7529744], [16.8298741, 44.7529343], [16.8298211, 44.7529117], [16.8297682, 44.7528841], [16.8297152, 44.7528616], [16.8296658, 44.752834], [16.8296093, 44.7528164], [16.8295423, 44.7528139], [16.8294822, 44.7528089], [16.8294222, 44.7528089], [16.8293552, 44.7528139], [16.8292916, 44.7528265], [16.8292316, 44.7528415], [16.8291116, 44.7528766], [16.8290622, 44.7529017], [16.8290198, 44.7529343], [16.8289775, 44.7529643], [16.8288786, 44.7530295], [16.8287798, 44.7530947], [16.8287339, 44.7531273], [16.8286421, 44.7531824], [16.8285751, 44.75321], [16.8285257, 44.7532326], [16.8284657, 44.7532476], [16.8283986, 44.7532601], [16.8283315, 44.7532651], [16.8282044, 44.7532651], [16.8281409, 44.7532601], [16.8280738, 44.7532476], [16.8280138, 44.7532376], [16.8278197, 44.7531849], [16.8277279, 44.7531749], [16.8276538, 44.7531523], [16.8275514, 44.7531298], [16.8274526, 44.7531198], [16.8272832, 44.7531223], [16.8272161, 44.7531298], [16.827149, 44.7531398], [16.827082, 44.7531548], [16.8270078, 44.7531649], [16.8269302, 44.7531774], [16.8268666, 44.7531874], [16.8268031, 44.7531975], [16.8266831, 44.753215], [16.8266266, 44.75323], [16.8265701, 44.7532526], [16.8264607, 44.7533027], [16.8264078, 44.7533353], [16.8263054, 44.753388], [16.8262489, 44.7534155], [16.8261924, 44.7534381], [16.8261395, 44.7534632], [16.8260865, 44.7534933], [16.8260336, 44.7535183], [16.8259806, 44.7535434], [16.8259277, 44.7535634], [16.8258712, 44.753581], [16.8258112, 44.753596], [16.8257406, 44.7536061], [16.82543, 44.7537013], [16.8253488, 44.7537163], [16.8252747, 44.7537214], [16.8252076, 44.7537264], [16.8251229, 44.7537314], [16.8249888, 44.7537364], [16.8249111, 44.7537364], [16.8247911, 44.7537464], [16.8247205, 44.7537539], [16.824604, 44.753774], [16.824544, 44.753784], [16.8244699, 44.7537966], [16.8243181, 44.7538241], [16.824251, 44.7538392], [16.8241945, 44.7538517], [16.8239828, 44.7538743], [16.8239157, 44.7538793], [16.8238486, 44.7538868], [16.823718, 44.7538943], [16.8235168, 44.7538943], [16.8234497, 44.7538868], [16.8233862, 44.7538693], [16.8233262, 44.7538542], [16.8232556, 44.7538417], [16.8231956, 44.7538317], [16.8231144, 44.7538191], [16.8230473, 44.7538141], [16.8229203, 44.7538016], [16.8228426, 44.7537941], [16.8227791, 44.7537915], [16.8224367, 44.7537915], [16.8222461, 44.7537715], [16.8219919, 44.7537715], [16.8218578, 44.7537665], [16.8216636, 44.753764], [16.8215366, 44.753779], [16.821466, 44.7537966], [16.8214095, 44.7538166], [16.8213565, 44.7538417], [16.8212683, 44.7539069], [16.8212295, 44.7539495], [16.8211906, 44.7539871], [16.8211553, 44.7540247], [16.8211165, 44.7540573], [16.8210812, 44.7540923], [16.8210389, 44.7541249], [16.820993, 44.754155], [16.8209471, 44.7541851], [16.8208977, 44.7542152], [16.8208518, 44.7542553], [16.820813, 44.7542879], [16.8207635, 44.7543179], [16.8206612, 44.7543781], [16.8206082, 44.7544132], [16.8205059, 44.7544734], [16.8204529, 44.7545034], [16.8204035, 44.7545335], [16.8203576, 44.7545636], [16.8203152, 44.7545962], [16.8202658, 44.7546288], [16.8202235, 44.7546664], [16.8201846, 44.754704], [16.8200717, 44.7547717], [16.8200329, 44.7548067], [16.8199905, 44.7548393], [16.8199552, 44.7548794], [16.819927, 44.754922], [16.8198917, 44.7549571], [16.8198175, 44.7550273], [16.8197752, 44.7550624], [16.8197152, 44.7551126], [16.8196446, 44.7551527], [16.8195881, 44.7551752], [16.8195352, 44.7552003], [16.8194822, 44.7552254], [16.8194222, 44.7552504], [16.8193657, 44.7552705], [16.8193092, 44.755293], [16.8192492, 44.7553156], [16.8191822, 44.7553356], [16.8191222, 44.7553557], [16.8190692, 44.7553757], [16.8190057, 44.7553983], [16.8189492, 44.7554184], [16.8188821, 44.7554434], [16.818808, 44.7554685], [16.8187551, 44.7554885], [16.8187021, 44.7555086], [16.8185962, 44.7555537], [16.8185291, 44.7555888], [16.8184762, 44.7556189], [16.8184197, 44.7556465], [16.8183668, 44.7556665], [16.8183103, 44.7556891], [16.8182609, 44.7557116], [16.8182115, 44.7557367], [16.8181515, 44.7557593], [16.8180103, 44.7558119], [16.8178973, 44.7558595], [16.8178161, 44.7558771], [16.8176996, 44.7559197], [16.8176149, 44.7559322], [16.8175549, 44.7559447], [16.8174243, 44.7559673], [16.8173784, 44.7559999], [16.8173325, 44.75604], [16.8172972, 44.7560751], [16.8172584, 44.7561152], [16.8172266, 44.7561503], [16.8171984, 44.7561879], [16.8171666, 44.7562305], [16.8171313, 44.7562656], [16.8171031, 44.7563032], [16.8170643, 44.7563383], [16.8170219, 44.7563759], [16.8169619, 44.7564135], [16.8169089, 44.7564436], [16.8168489, 44.7564736], [16.816736, 44.7565238], [16.8165136, 44.7566391], [16.8164148, 44.7566842], [16.8163512, 44.7567243], [16.8162559, 44.7567794], [16.8161606, 44.7568396], [16.8160512, 44.7569248], [16.8160018, 44.7569674], [16.8159524, 44.757015], [16.8158182, 44.7571303], [16.8157476, 44.757188], [16.8156947, 44.7572055], [16.8156347, 44.7572231], [16.8155711, 44.7572356], [16.8155076, 44.7572431], [16.8154441, 44.7572482], [16.8153488, 44.7572607], [16.8152711, 44.7572732], [16.815197, 44.7572908], [16.8150205, 44.7573434], [16.8148334, 44.7574011], [16.8147769, 44.7574161], [16.8147204, 44.7574286], [16.8146534, 44.7574437], [16.8145263, 44.7574612], [16.8144628, 44.7574687], [16.8143851, 44.7574712], [16.8143251, 44.7574737], [16.8142616, 44.7574737], [16.8142016, 44.7574762], [16.8141133, 44.7574838], [16.8140392, 44.7574913], [16.813958, 44.7574988], [16.8138803, 44.7575138], [16.8138168, 44.7575239], [16.8137568, 44.7575389], [16.8137003, 44.7575615], [16.8136333, 44.7575865], [16.8135732, 44.7576041], [16.8134991, 44.7576216], [16.8134321, 44.7576342], [16.8133579, 44.7576467], [16.8132273, 44.7576692], [16.8131638, 44.7576843], [16.8131038, 44.7577068], [16.8130579, 44.7577369], [16.8129853, 44.7578122], [16.8129104, 44.7578405], [16.8128305, 44.7578654], [16.8126708, 44.7578973], [16.812551, 44.7579362], [16.8124012, 44.757993], [16.8122664, 44.7580568], [16.8121516, 44.7581348], [16.8120867, 44.7581808], [16.8120368, 44.7582305], [16.8113878, 44.7588224], [16.811318, 44.758872], [16.8112431, 44.758911], [16.8111682, 44.7589359], [16.8110833, 44.7589571], [16.8109835, 44.7589784], [16.8108936, 44.7589961], [16.8107239, 44.7590386], [16.810644, 44.7590635], [16.8105592, 44.7591025], [16.8104843, 44.7591379], [16.8104044, 44.7591804], [16.8103345, 44.7592159], [16.8102597, 44.7592584], [16.8101898, 44.759301], [16.8101049, 44.759347], [16.8100101, 44.7593896], [16.8099302, 44.7594215], [16.8098503, 44.7594498], [16.8097555, 44.759464], [16.8096656, 44.7594711], [16.8094959, 44.7594782], [16.809411, 44.7594782], [16.8093212, 44.7594853], [16.8091415, 44.7595384], [16.8090616, 44.7595703], [16.8089967, 44.7596164], [16.8089168, 44.7596838], [16.8088619, 44.7597299], [16.808812, 44.7597795], [16.8087671, 44.7598362], [16.8087271, 44.7598929], [16.8087072, 44.7599532], [16.8086922, 44.7600205], [16.8086922, 44.7601481], [16.8087022, 44.7602084], [16.8087171, 44.7602793], [16.8087221, 44.7603395], [16.8087221, 44.7604636], [16.8087122, 44.7605238], [16.8086872, 44.7605876], [16.8086772, 44.7606479], [16.8086772, 44.7607117], [16.8086872, 44.760772], [16.8087122, 44.7608358], [16.8087621, 44.7609563], [16.808802, 44.7610059], [16.8088519, 44.7610591], [16.8088969, 44.7611264], [16.8089218, 44.7611938], [16.8089368, 44.7612576], [16.8089368, 44.7613214], [16.8089268, 44.7613852], [16.8088619, 44.7615092], [16.808807, 44.7615624], [16.8087621, 44.7616156], [16.8086323, 44.7617148], [16.8085674, 44.7617609], [16.8084975, 44.7618034], [16.8084226, 44.7618495], [16.8083328, 44.761892], [16.8082629, 44.761931], [16.808178, 44.7619842], [16.8081081, 44.7620232], [16.8080432, 44.7620622], [16.8079733, 44.7621118], [16.8079085, 44.7621614], [16.8078485, 44.7622146], [16.8077936, 44.7622607], [16.8077337, 44.7623067], [16.8076738, 44.7623528], [16.8076039, 44.7623883], [16.8075241, 44.7624272], [16.8074392, 44.7624627], [16.8073543, 44.7624946], [16.8072695, 44.7625371], [16.8071946, 44.7625761], [16.8071197, 44.762608], [16.8070399, 44.7626541], [16.806965, 44.7626895], [16.8067503, 44.7628242], [16.8066804, 44.7628632], [16.8066056, 44.7628916], [16.8065307, 44.7629305], [16.8064608, 44.762966], [16.8063909, 44.7630085], [16.806321, 44.7630475], [16.8062561, 44.7630936], [16.8061113, 44.7631751], [16.8060465, 44.7632176], [16.8059766, 44.7632602], [16.8059067, 44.7633063], [16.8058318, 44.7633594], [16.8057719, 44.7634055], [16.805712, 44.7634551], [16.8056571, 44.7635047], [16.8055922, 44.7635579], [16.8055373, 44.7636182], [16.8054774, 44.7636749], [16.8054275, 44.7637245], [16.8053176, 44.7638237], [16.8052577, 44.7638734], [16.8051978, 44.7639265], [16.8051379, 44.7639726], [16.805083, 44.7640187], [16.8050131, 44.7640683], [16.8049582, 44.7641179], [16.8049033, 44.764164], [16.8047485, 44.7642987], [16.8046787, 44.7643448], [16.8046088, 44.7643908], [16.8045439, 44.7644334], [16.804489, 44.764483], [16.804444, 44.7645361], [16.8043991, 44.7645893], [16.8043542, 44.764646], [16.8043142, 44.7646992], [16.8042294, 44.7648055], [16.8041196, 44.7649402], [16.8040846, 44.7649969], [16.8040447, 44.7650572], [16.8039998, 44.7651351], [16.8039648, 44.7652131], [16.8039349, 44.7652875], [16.8039099, 44.7653584], [16.8038899, 44.7654293], [16.803875, 44.7654967], [16.80387, 44.7655675], [16.80386, 44.7656951], [16.80386, 44.7657589], [16.8038001, 44.7659964], [16.8037951, 44.7660602], [16.8037801, 44.7661275], [16.8037601, 44.7661878], [16.8037352, 44.7662516], [16.8037102, 44.7663189], [16.8036853, 44.7663863], [16.8036653, 44.76645], [16.8036403, 44.7665174], [16.8036154, 44.7665847], [16.8036004, 44.7666521], [16.8035804, 44.7667159], [16.8035804, 44.7667832], [16.8035854, 44.766847], [16.8036104, 44.7669072], [16.8036353, 44.7669675], [16.8036653, 44.7670242], [16.8036952, 44.7670845], [16.8037202, 44.7671518], [16.8037452, 44.767212], [16.8037651, 44.7672723], [16.8037851, 44.7673503], [16.8038001, 44.7674212], [16.8037901, 44.7675806], [16.8037851, 44.7676551], [16.8037701, 44.7677578], [16.8037701, 44.7678464], [16.8037651, 44.7679067], [16.8037651, 44.7680343], [16.8037801, 44.7681548], [16.8037801, 44.7682824], [16.8037751, 44.7683462], [16.8037502, 44.7684064], [16.8037052, 44.768456], [16.8036353, 44.7684986], [16.8035605, 44.768534], [16.8034856, 44.7685765], [16.8034207, 44.7686191], [16.8033558, 44.7686687], [16.8033009, 44.7687183], [16.803246, 44.7687679], [16.803201, 44.7688282], [16.8028466, 44.7693031], [16.8028117, 44.7693562], [16.8027767, 44.7694165], [16.8027268, 44.7694803], [16.8026869, 44.7695441], [16.8026419, 44.7696114], [16.802597, 44.7696716], [16.8025621, 44.7697248], [16.8025321, 44.7697815], [16.8023175, 44.7700686], [16.8022725, 44.7701253], [16.8022226, 44.7701749], [16.8021677, 44.7702245], [16.8021178, 44.7702741], [16.8020479, 44.7703202], [16.801983, 44.7703627], [16.8018382, 44.7704442], [16.8017634, 44.7704832], [16.8016785, 44.7705222], [16.8015287, 44.7705931], [16.8014489, 44.7706214], [16.801374, 44.7706533], [16.8012791, 44.7706923], [16.8012043, 44.7707207], [16.8011394, 44.7707632], [16.8010745, 44.7708093], [16.8010146, 44.7708589], [16.8009597, 44.770912], [16.8009197, 44.7709652], [16.8008848, 44.7710254], [16.8008548, 44.7710892], [16.8008299, 44.7711566], [16.8007999, 44.7712203], [16.800745, 44.7712735], [16.8005753, 44.771394], [16.8004155, 44.7714542], [16.8001659, 44.7715322], [16.8000761, 44.7715499], [16.7999912, 44.7715676], [16.7999064, 44.7715818], [16.7998115, 44.7716031], [16.7997117, 44.7716173], [16.7996118, 44.771635], [16.799522, 44.7716527], [16.7994271, 44.771674], [16.7992274, 44.7716988], [16.7991376, 44.7717129], [16.7990378, 44.7717307], [16.7989479, 44.7717484], [16.798868, 44.7717732], [16.7987882, 44.7718051], [16.7987033, 44.771837], [16.7986234, 44.7718724], [16.7985435, 44.7719149], [16.7984737, 44.7719539], [16.7983988, 44.7719894], [16.7983239, 44.7720284], [16.798254, 44.7720673], [16.7981791, 44.7720992], [16.7980993, 44.7721276], [16.7980244, 44.772163], [16.7979545, 44.7721949], [16.7978746, 44.7722268], [16.7977249, 44.7722977], [16.797655, 44.7723402], [16.7975951, 44.7723863], [16.7975502, 44.7724394], [16.7975152, 44.7724961], [16.7975002, 44.7725599], [16.7975002, 44.7726202], [16.7975202, 44.7726769], [16.7975551, 44.77273], [16.7976051, 44.7727796], [16.797665, 44.7728293], [16.7977299, 44.7728753], [16.7981692, 44.7732191], [16.7982191, 44.7732722], [16.798274, 44.7733218], [16.7983439, 44.7733821], [16.7984687, 44.7734778], [16.7985336, 44.7735203], [16.7985935, 44.7735593], [16.7986584, 44.7735983], [16.7987283, 44.7736372], [16.7987981, 44.7736762], [16.798868, 44.7737117], [16.7989429, 44.7737436], [16.7990178, 44.773779], [16.7990977, 44.7738144], [16.7991725, 44.7738463], [16.7992524, 44.7738782], [16.7993223, 44.7739137], [16.7994022, 44.7739491], [16.7994721, 44.7739881], [16.7998964, 44.7742326], [16.8002308, 44.7744452], [16.8002907, 44.7744984], [16.8003606, 44.7745409], [16.8004155, 44.774587], [16.8004704, 44.7746366], [16.8005803, 44.7747323], [16.8006202, 44.7747819], [16.8006851, 44.7748279], [16.800745, 44.774874], [16.8007999, 44.7749201], [16.8008598, 44.7749661], [16.8009197, 44.7750087], [16.8009796, 44.7750547], [16.8010545, 44.7750973], [16.8011244, 44.7751327], [16.8011943, 44.7751717], [16.8013241, 44.7752638], [16.801374, 44.775317], [16.8014189, 44.7753666], [16.8014588, 44.7754162], [16.8015487, 44.7755154], [16.8015986, 44.7755615], [16.8016685, 44.7756005], [16.8017384, 44.7756394], [16.8018083, 44.7756784], [16.8018832, 44.7757103], [16.801968, 44.7757103], [16.8020479, 44.775728], [16.8021228, 44.7757528], [16.8021927, 44.7757883], [16.8022526, 44.7758414], [16.8023324, 44.775891], [16.8024123, 44.7759477], [16.8024772, 44.7759903], [16.802597, 44.7760824], [16.8026569, 44.7761355], [16.8027268, 44.7761887], [16.8027817, 44.7762383], [16.8029015, 44.7763446], [16.8029564, 44.7763907], [16.8030064, 44.7764367], [16.8030713, 44.7764864], [16.8031411, 44.776536], [16.803211, 44.7765856], [16.8032809, 44.7766175], [16.8033558, 44.7766529], [16.8034257, 44.7766848], [16.8035006, 44.7767238], [16.8035655, 44.7767592], [16.8036254, 44.7768017], [16.8036753, 44.7768549], [16.8037202, 44.7769151], [16.8037951, 44.7770356], [16.80387, 44.7772482], [16.8039099, 44.7773439], [16.8039041, 44.7774024], [16.8039065, 44.7774694], [16.8039095, 44.7775656], [16.8039363, 44.7776841], [16.803956, 44.7777517], [16.8039748, 44.7778081], [16.8039898, 44.777879], [16.8040297, 44.7779994], [16.8040547, 44.7780561], [16.8040685, 44.7781145], [16.8040858, 44.7781709], [16.8040945, 44.7782321], [16.8041062, 44.7782942], [16.8041196, 44.7784211], [16.8041046, 44.7786125], [16.8041146, 44.7787365], [16.8041395, 44.7787967], [16.8041695, 44.7788676], [16.8043542, 44.7794487], [16.8043642, 44.779516], [16.8043941, 44.7796153], [16.8044091, 44.7797003], [16.804439, 44.779842], [16.804459, 44.779959], [16.804474, 44.7800298], [16.8045039, 44.7801609], [16.8045239, 44.7802283], [16.8045489, 44.7803027], [16.8045888, 44.7804302], [16.8046038, 44.7804905], [16.8046237, 44.7805507], [16.8046287, 44.7806145], [16.8046387, 44.7806747], [16.8046437, 44.7807385], [16.8046687, 44.7807952], [16.8047086, 44.7808519], [16.8047386, 44.7809121], [16.8047535, 44.7809759], [16.8047785, 44.7813869], [16.8047785, 44.7814543], [16.8047735, 44.7815145], [16.8047585, 44.7815747], [16.8047286, 44.7816456], [16.8046936, 44.7816987], [16.8046637, 44.7817554], [16.8046287, 44.7818121], [16.8045788, 44.7818653], [16.8045339, 44.7819184], [16.804484, 44.7819751], [16.8043692, 44.7820779], [16.8043242, 44.7821381], [16.8042893, 44.7821912], [16.8042593, 44.782255], [16.8042444, 44.7823223], [16.8042394, 44.7823897], [16.8042394, 44.782457], [16.8042444, 44.7825243], [16.8042643, 44.7825916], [16.8042893, 44.7826554], [16.804439, 44.7831373], [16.804469, 44.7832648], [16.804479, 44.7833251], [16.804479, 44.7834562], [16.804454, 44.7835235], [16.8044191, 44.7835802], [16.8043841, 44.7836369], [16.8043392, 44.78369], [16.8042993, 44.7837432], [16.8042543, 44.7838105], [16.8042094, 44.7838636], [16.8041795, 44.7839274], [16.8041445, 44.7839841], [16.8041146, 44.7840443], [16.8040696, 44.7841046], [16.8040347, 44.7841719], [16.8040047, 44.7842286], [16.8039698, 44.7842888], [16.8039249, 44.7843384], [16.803865, 44.7843951], [16.8038101, 44.7844482], [16.8037502, 44.7845049], [16.8037002, 44.7845545], [16.8035804, 44.7846573], [16.8034956, 44.7847069], [16.8034107, 44.7847494], [16.8033308, 44.7847848], [16.803236, 44.7848132], [16.8031511, 44.7848344], [16.8030613, 44.7848592], [16.8029814, 44.7848805], [16.8028816, 44.7849053], [16.8027917, 44.7849372], [16.8027018, 44.784962], [16.802627, 44.7849939], [16.8025521, 44.7850364], [16.8024822, 44.7850789], [16.8021827, 44.785458], [16.8021577, 44.7855218], [16.8021028, 44.7856352], [16.8020529, 44.7857237], [16.8019481, 44.7858052], [16.8018782, 44.7858407], [16.8017933, 44.7858761], [16.8017234, 44.7859186], [16.8016535, 44.7859647], [16.8016136, 44.7860214], [16.8015787, 44.7860851], [16.8015587, 44.7861454], [16.8015387, 44.7862162], [16.8015287, 44.7862765], [16.8015138, 44.7863544], [16.8014938, 44.7864182], [16.8014738, 44.786489], [16.8014638, 44.7865528], [16.8014339, 44.7867583], [16.8014339, 44.7869461], [16.8014439, 44.7870205], [16.8014439, 44.7871551], [16.8014838, 44.7872649], [16.8015138, 44.7873252], [16.8015537, 44.7873819], [16.8015986, 44.787435], [16.8016585, 44.7874811], [16.8017933, 44.787559], [16.8018582, 44.7876015], [16.8019131, 44.787644], [16.802003, 44.7877468], [16.8020329, 44.7878035], [16.8020479, 44.7878708], [16.8020479, 44.7879381], [16.8020379, 44.7879983], [16.801978, 44.7880444], [16.8019031, 44.7880763], [16.8018233, 44.7880975], [16.8017334, 44.7881188], [16.8016485, 44.78814], [16.8015587, 44.7881578], [16.8014638, 44.7881684], [16.801374, 44.7881684], [16.8012891, 44.7881648], [16.8012043, 44.7881507], [16.8011244, 44.788133], [16.8008848, 44.7880727], [16.8008049, 44.7880479], [16.800715, 44.7880196], [16.8006352, 44.7879877], [16.8005603, 44.7879523], [16.8004904, 44.7879168], [16.8004155, 44.7878814], [16.8003357, 44.7878531], [16.8002508, 44.7878531], [16.8001759, 44.7878849], [16.800111, 44.787931], [16.8000461, 44.7879771], [16.7999862, 44.7880267], [16.7999313, 44.7880727], [16.7998814, 44.7881259], [16.7998315, 44.788179], [16.7997816, 44.7882357], [16.7997516, 44.7882924], [16.7997266, 44.7883562], [16.7996967, 44.7884908], [16.7996717, 44.7885475], [16.799517, 44.7887388], [16.799502, 44.7888061], [16.7994022, 44.7889478], [16.7993622, 44.789008], [16.7993223, 44.7890753], [16.7992524, 44.7891604], [16.7992225, 44.7892171], [16.7991825, 44.7892737], [16.7991476, 44.789334], [16.7991126, 44.7893907], [16.7990727, 44.7894473], [16.7990328, 44.789504], [16.7989679, 44.7895572], [16.798908, 44.7896032], [16.7988381, 44.7896387], [16.7987532, 44.789667], [16.7986634, 44.7896812], [16.7985735, 44.7896812], [16.7983988, 44.7896883], [16.7983139, 44.7896883], [16.7982241, 44.7896847], [16.7980493, 44.7896422], [16.7979645, 44.7896209], [16.7978796, 44.7895961], [16.7977997, 44.7895713], [16.7977099, 44.7895465], [16.79763, 44.7895288], [16.7975452, 44.789504], [16.7970809, 44.7893907], [16.796996, 44.7893871], [16.7969112, 44.7893765], [16.7968263, 44.7893517], [16.7967415, 44.7893304], [16.7966616, 44.7893021], [16.7965867, 44.7892808], [16.7964919, 44.7892667], [16.796402, 44.789256], [16.7962023, 44.789256], [16.7961125, 44.7892525], [16.7960226, 44.7892489], [16.7959278, 44.7892489], [16.7958379, 44.789256], [16.7957381, 44.7892737], [16.7956582, 44.789295], [16.7955184, 44.7893765], [16.7954535, 44.7894155], [16.7954086, 44.7894686], [16.7953886, 44.7895288], [16.7953836, 44.7895926], [16.7954036, 44.7896599], [16.7954236, 44.7897237], [16.7954435, 44.7897804], [16.7954635, 44.7898548], [16.7954785, 44.7899185], [16.7954835, 44.7899788], [16.7954885, 44.7900496], [16.7954885, 44.7901169], [16.7954835, 44.7901842], [16.7954585, 44.7902445], [16.7954186, 44.790372], [16.7954086, 44.7904358], [16.7954086, 44.7904995], [16.7954286, 44.7905633], [16.7954735, 44.7906271], [16.7955134, 44.7906838], [16.7955534, 44.7907334], [16.7955783, 44.7907936], [16.7955883, 44.7908574], [16.7955683, 44.7909282], [16.7955384, 44.7909849], [16.7953038, 44.7913073], [16.7952788, 44.7913675], [16.7952489, 44.7914242], [16.7952089, 44.7914809], [16.795159, 44.791534], [16.7951191, 44.7915871], [16.7950692, 44.7916403], [16.7950292, 44.7917005], [16.7949793, 44.7917572], [16.7949344, 44.791821], [16.7948795, 44.7918883], [16.7948295, 44.7919591], [16.7947896, 44.7920123], [16.7947497, 44.7920654], [16.7947047, 44.7921221], [16.7946648, 44.7921752], [16.7946149, 44.7922354], [16.79456, 44.7922957], [16.79452, 44.7923488], [16.7944751, 44.7924055], [16.7943653, 44.7925047], [16.7942904, 44.7925578], [16.7942455, 44.7926074], [16.7941656, 44.792696], [16.7941207, 44.7927562], [16.7940907, 44.7928129], [16.7940807, 44.7928767], [16.7940807, 44.7929369], [16.7940907, 44.793068], [16.7941057, 44.7931282], [16.7941257, 44.7931849], [16.7941406, 44.7932451], [16.7941606, 44.7933089], [16.7941756, 44.7933691], [16.7941906, 44.7934931], [16.7941906, 44.7936206], [16.7941656, 44.7936773], [16.7941307, 44.793741], [16.7940857, 44.7937977], [16.7937363, 44.7942051], [16.7936864, 44.7942724], [16.7936365, 44.794322], [16.7935716, 44.7943752], [16.7935167, 44.7944212], [16.7934617, 44.7944779], [16.7934168, 44.794531], [16.7933919, 44.7945948], [16.7933619, 44.7946515], [16.793307, 44.794779], [16.793272, 44.7948392], [16.7932421, 44.7948994], [16.7932121, 44.7949632], [16.7931922, 44.7950234], [16.7931872, 44.7950872], [16.7931922, 44.795151], [16.7932221, 44.7952112], [16.793307, 44.7953281], [16.7933369, 44.7953883], [16.7933619, 44.7954485], [16.7933769, 44.7955087], [16.7933769, 44.7955725], [16.793297, 44.7960578], [16.793297, 44.7961216], [16.793287, 44.7962208], [16.793277, 44.7963129], [16.7932471, 44.7963695], [16.7931972, 44.7964227], [16.7931423, 44.7964758], [16.7930973, 44.7965289], [16.7930524, 44.7965856], [16.7930075, 44.7966494], [16.7929675, 44.7967131], [16.7929326, 44.7967663], [16.7929076, 44.7968265], [16.7928777, 44.7968903], [16.7928477, 44.7969469], [16.7928128, 44.7970036], [16.7927679, 44.7970568], [16.792708, 44.7971063], [16.7926481, 44.797163], [16.7925981, 44.7972126], [16.7925682, 44.7972728], [16.7924883, 44.7974322], [16.7924883, 44.7975598], [16.7924733, 44.797751], [16.7924683, 44.7980805], [16.7924634, 44.7981442], [16.7924584, 44.7982115], [16.7924584, 44.7983355], [16.7924634, 44.7984028], [16.7924733, 44.798463], [16.7924933, 44.7985303], [16.7925083, 44.7985906], [16.7925382, 44.7986508], [16.7926181, 44.7988173], [16.792653, 44.7988846], [16.792678, 44.7989448], [16.7927279, 44.7990652], [16.7927479, 44.7991254], [16.7927679, 44.7991892], [16.7927778, 44.799253], [16.7927878, 44.7993167], [16.7927978, 44.7993769], [16.7928228, 44.7995009], [16.7928377, 44.7995647], [16.7928777, 44.7996851], [16.7929026, 44.7997418], [16.7929226, 44.799802], [16.7929526, 44.7998657], [16.7929725, 44.7999224], [16.7929875, 44.7999826], [16.7930025, 44.800057], [16.7930175, 44.8001172], [16.7930175, 44.8003227], [16.7930474, 44.8005104], [16.7930724, 44.8005706], [16.7931123, 44.8006238], [16.7931672, 44.8006769], [16.7932271, 44.8007336], [16.793292, 44.8007902], [16.7933419, 44.8008469], [16.7933968, 44.8009], [16.7934418, 44.8009496], [16.7934917, 44.8009992], [16.7935366, 44.8010488], [16.7935865, 44.8011055], [16.7936265, 44.8011692], [16.7936664, 44.8012188], [16.7937014, 44.8012861], [16.7937363, 44.8013428], [16.7937812, 44.8013959], [16.7938361, 44.8014455], [16.793896, 44.801488], [16.7939609, 44.8015235], [16.7941007, 44.8016085], [16.7941656, 44.801651], [16.7942904, 44.8017324], [16.7943403, 44.8017856], [16.7943902, 44.8018352], [16.7944501, 44.8018812], [16.79457, 44.8019662], [16.7946498, 44.8020087], [16.7949094, 44.8022212], [16.7949593, 44.8022708], [16.7950242, 44.8023133], [16.7950941, 44.8023629], [16.795164, 44.8024019], [16.7952339, 44.8024373], [16.7953088, 44.8024798], [16.7953836, 44.8025081], [16.7954635, 44.8025294], [16.7955484, 44.8025294], [16.7956283, 44.8025436], [16.7957081, 44.8025577], [16.7958679, 44.8026144], [16.7959427, 44.8026463], [16.7960176, 44.8026852], [16.7960775, 44.8027277], [16.7961424, 44.8027667], [16.7962123, 44.8028021], [16.7962822, 44.8028375], [16.7963721, 44.8028694], [16.7964519, 44.8028977], [16.7965218, 44.8029261], [16.7965967, 44.802958], [16.7967415, 44.8030217], [16.7968213, 44.8030501], [16.7969062, 44.8030678], [16.7969861, 44.803089], [16.7970659, 44.8031103], [16.7971558, 44.8031351], [16.7972307, 44.8031705], [16.7973006, 44.8032024], [16.7973754, 44.8032378], [16.7974403, 44.8032732], [16.7975801, 44.8033547], [16.797645, 44.8033936], [16.7977099, 44.803429], [16.7977848, 44.803468], [16.7978547, 44.8034928], [16.7979245, 44.8035247], [16.7980044, 44.8035566], [16.7980993, 44.8035884], [16.7981791, 44.8036203], [16.798254, 44.8036557], [16.7983189, 44.8036876], [16.7983888, 44.803723], [16.7984587, 44.803762], [16.7985286, 44.8037903], [16.7987931, 44.8039957], [16.798908, 44.8040737], [16.7990328, 44.8041693], [16.7990927, 44.8042224], [16.7991426, 44.804272], [16.7991825, 44.8043216], [16.7992624, 44.8044385], [16.7993672, 44.8045377], [16.7994271, 44.8045802], [16.799492, 44.8046297], [16.7995469, 44.8046758], [16.7995969, 44.8047289], [16.7996418, 44.8047785], [16.7996817, 44.8048281], [16.7997217, 44.8048812], [16.7997566, 44.8049343], [16.7997865, 44.8049875], [16.7998115, 44.8050477], [16.7998215, 44.805115], [16.7998215, 44.8051752], [16.7998165, 44.8052389], [16.7998315, 44.8053062], [16.7998614, 44.8053629], [16.7999014, 44.8054196], [16.8002258, 44.8060677], [16.8002408, 44.806135], [16.8002558, 44.8061952], [16.8002758, 44.8062554], [16.8003007, 44.8063156], [16.8003257, 44.8063829], [16.8003756, 44.8065034], [16.8004006, 44.8065636], [16.8004305, 44.8066238], [16.8004555, 44.8066875], [16.8004904, 44.8067513], [16.8005204, 44.8068044], [16.8006901, 44.8071302], [16.800725, 44.807194], [16.800755, 44.8072577], [16.8007899, 44.8073144], [16.8008149, 44.8073711], [16.8008498, 44.8074277], [16.8008898, 44.8074844], [16.8009497, 44.8075411], [16.8009996, 44.8075871], [16.8010595, 44.8076332], [16.8011943, 44.8077182], [16.8012642, 44.80775], [16.8013341, 44.8077855], [16.8014039, 44.8078173], [16.8014938, 44.8078492], [16.8015737, 44.8078705], [16.8016535, 44.8078917], [16.8017334, 44.8079094], [16.8018133, 44.8079236], [16.8018981, 44.8079377], [16.801978, 44.807959], [16.8020336, 44.8079896], [16.8020735, 44.8080587], [16.8020885, 44.8081189], [16.8020693, 44.8081753], [16.802001, 44.8081847], [16.8019077, 44.8082061], [16.8018203, 44.8082378], [16.8015856, 44.8083132], [16.8014552, 44.8083552], [16.8013222, 44.8084034], [16.8009799, 44.8084529], [16.8006714, 44.8084883], [16.8004182, 44.8085378], [16.800039, 44.8086977], [16.7999569, 44.8087359], [16.7998211, 44.8088391], [16.7997391, 44.8090245], [16.7997292, 44.8090896], [16.7996938, 44.8091844], [16.7996146, 44.8092763], [16.7994108, 44.8093909], [16.7992368, 44.8094489], [16.7992168, 44.8094837], [16.7992028, 44.8095437], [16.7991988, 44.8095978], [16.7991948, 44.8096778], [16.7991548, 44.8097578], [16.7990968, 44.8097758], [16.7989407, 44.8098198], [16.7986086, 44.8098939], [16.7986006, 44.8099819], [16.7985686, 44.8100159], [16.7984565, 44.8100619], [16.7981164, 44.81021], [16.7978763, 44.810262], [16.7976002, 44.810298], [16.7973, 44.8103421], [16.7962596, 44.8107903], [16.7960755, 44.8109183], [16.7959715, 44.8110544], [16.7959154, 44.8112705], [16.7957634, 44.8115066], [16.7955593, 44.8116866], [16.7952431, 44.8118747], [16.7945989, 44.812471], [16.7945428, 44.812519], [16.7940787, 44.8128271], [16.7936625, 44.8131313], [16.7936185, 44.8132433], [16.7934064, 44.8133594], [16.7931222, 44.8135314], [16.7921178, 44.8139796], [16.7913135, 44.8142838], [16.7908613, 44.8143958], [16.7906292, 44.8143798], [16.7900009, 44.8144118], [16.7896288, 44.8145118], [16.7893206, 44.8146319], [16.7880401, 44.8150361], [16.78776, 44.8151121], [16.7873638, 44.8152802], [16.7870517, 44.8154923], [16.7869036, 44.8156643], [16.7866115, 44.8159685], [16.7863393, 44.8162726], [16.7862193, 44.8164687], [16.7861473, 44.8167848], [16.7859432, 44.817141], [16.7856791, 44.8173371], [16.7853749, 44.8174931], [16.7848507, 44.8176732], [16.7843105, 44.8178413], [16.7837703, 44.8180414], [16.78327, 44.8182334], [16.7825537, 44.8184615], [16.7821496, 44.8185456], [16.7819575, 44.8185856], [16.7816365, 44.818756], [16.7815421, 44.8188375], [16.7815113, 44.8188788], [16.7814656, 44.8189401], [16.7813816, 44.8190103], [16.7812295, 44.8190969], [16.78101, 44.8191907], [16.7807898, 44.8192608], [16.7805437, 44.8193216], [16.7801439, 44.8194501], [16.7799269, 44.8195397], [16.7797781, 44.8196034], [16.779641, 44.8196535], [16.7795587, 44.8196748], [16.7794822, 44.8196872], [16.7793983, 44.8196877], [16.7792711, 44.8196836], [16.7790937, 44.8196718], [16.7790038, 44.8196597], [16.7789121, 44.8196493], [16.7786327, 44.8196552], [16.7782137, 44.8196516], [16.7778397, 44.8196045], [16.7776185, 44.8195573], [16.7774057, 44.8194747], [16.7772162, 44.8193639], [16.7768793, 44.8191098], [16.7766112, 44.8189738], [16.7763031, 44.8188897], [16.776047, 44.8188817], [16.7757708, 44.8189617], [16.7754667, 44.8191058], [16.7751466, 44.8192979], [16.7748664, 44.8193859], [16.7743462, 44.819466], [16.7718292, 44.8190818], [16.7704005, 44.8197901], [16.7702645, 44.8200182], [16.7702485, 44.8201903], [16.7702525, 44.8203343], [16.7701644, 44.8205984], [16.7696282, 44.8210426], [16.769228, 44.8213868], [16.7688599, 44.8215188], [16.7685397, 44.8216069], [16.7681596, 44.821787], [16.7678835, 44.8221071], [16.7678595, 44.8225353], [16.7679075, 44.8228594], [16.7679275, 44.8231555], [16.7678635, 44.8234517], [16.7676914, 44.8237558], [16.7674953, 44.8240439], [16.7669791, 44.8245521], [16.766843, 44.8246482], [16.7666229, 44.8247042], [16.7662468, 44.8246602], [16.7653224, 44.8244721], [16.7650022, 44.8244121], [16.7643059, 44.82424], [16.7638778, 44.8241119], [16.7635656, 44.8239599], [16.7630534, 44.8235157], [16.7627933, 44.8233036], [16.7625612, 44.8231475], [16.7622291, 44.8229715], [16.7615448, 44.8228194], [16.7603843, 44.8222752], [16.7590997, 44.8224432], [16.7587996, 44.8223192], [16.7580633, 44.8221391], [16.7571389, 44.822003], [16.7563305, 44.821919], [16.7553901, 44.821955], [16.7545218, 44.821983], [16.7542857, 44.822003], [16.7538935, 44.8220791], [16.7532212, 44.8222552], [16.7529691, 44.8223232], [16.752709, 44.8223112], [16.7524169, 44.8222672], [16.7519207, 44.8223072], [16.7512644, 44.8223512], [16.7505481, 44.8223872], [16.7499398, 44.8224392], [16.7496637, 44.8225153], [16.7495076, 44.8225753], [16.7492995, 44.8227394], [16.7491475, 44.8229354], [16.7489874, 44.8231876], [16.7487593, 44.8234677], [16.7482711, 44.8238318], [16.7478469, 44.824176], [16.7471106, 44.8245721], [16.7469345, 44.8246722], [16.7467264, 44.8247722], [16.7462422, 44.8249643], [16.7458741, 44.8251364], [16.745598, 44.8252724], [16.7451858, 44.8256006], [16.7450257, 44.8257446], [16.7447456, 44.8259527], [16.7443734, 44.8261848], [16.7435611, 44.826617], [16.7432289, 44.8268171], [16.7428008, 44.8270692], [16.7424446, 44.8273693], [16.7420845, 44.8277255], [16.7416923, 44.8280856], [16.7415122, 44.8282097], [16.7411801, 44.8285098], [16.7408599, 44.828818], [16.7404838, 44.8290901], [16.7398755, 44.8294182], [16.7396114, 44.8297343], [16.7393953, 44.8300065], [16.7390472, 44.8303066], [16.738703, 44.8305587], [16.7381908, 44.8307788], [16.7378627, 44.8309108], [16.7375265, 44.8310589], [16.7370863, 44.831171], [16.7367862, 44.831331], [16.7365461, 44.8314951], [16.73623, 44.8316632], [16.7355537, 44.8320073], [16.7353176, 44.8320833], [16.7351055, 44.8321114], [16.7348934, 44.8321194], [16.7344692, 44.8321994], [16.733913, 44.8324755], [16.7335408, 44.8328397], [16.7330486, 44.833504], [16.7329365, 44.8337281], [16.7325444, 44.8341202], [16.7323563, 44.8342523], [16.7320642, 44.8345204], [16.7318601, 44.8348365], [16.731756, 44.8353127], [16.73176, 44.8355568], [16.7317761, 44.8358009], [16.7318161, 44.835981], [16.7318801, 44.8361451], [16.7320122, 44.8363572], [16.7321402, 44.8365533], [16.7322162, 44.8368374], [16.7322403, 44.8369934], [16.7323043, 44.8371535], [16.7323843, 44.8373456], [16.7324043, 44.8375137], [16.7324043, 44.8376777], [16.7324603, 44.8378858], [16.7326044, 44.8380739], [16.7327044, 44.838262], [16.7328445, 44.8384821], [16.7329846, 44.8386582], [16.7330446, 44.8387502], [16.7331126, 44.8389743], [16.7331286, 44.8391864], [16.7331446, 44.8393785], [16.7332687, 44.8395665], [16.7333287, 44.8397986], [16.7333487, 44.8399307], [16.7335608, 44.8402228], [16.7337969, 44.840583], [16.7338569, 44.840743], [16.7338609, 44.8408551], [16.7338249, 44.8409711], [16.7337729, 44.8411632], [16.7337769, 44.8412913], [16.7338129, 44.8414273], [16.733985, 44.8416674], [16.7353696, 44.8423837], [16.7355257, 44.8424998], [16.7356457, 44.8427359], [16.7357337, 44.84298], [16.7359418, 44.8432361], [16.7361139, 44.8434762], [16.7362179, 44.8437843], [16.736226, 44.8439884], [16.736294, 44.8441965], [16.736422, 44.8443246], [16.7366261, 44.8444046], [16.7367382, 44.8445327], [16.7369223, 44.8447127], [16.7369983, 44.8448168], [16.7371263, 44.8449689], [16.7373624, 44.8450889], [16.7376866, 44.845221], [16.7379147, 44.845357], [16.7379907, 44.8455451], [16.7380307, 44.8456411], [16.7381108, 44.8457812], [16.7382108, 44.8459253], [16.7383349, 44.8460653], [16.7384789, 44.8461774], [16.738639, 44.8462614], [16.7388191, 44.8463374], [16.7389951, 44.8463895], [16.7392713, 44.8464535], [16.7395154, 44.8465255], [16.7396274, 44.8465855], [16.7397955, 44.8466976], [16.7399996, 44.8468176], [16.7406238, 44.8469697], [16.7407679, 44.8470257], [16.7408919, 44.8471258], [16.740956, 44.8472698], [16.74104, 44.8474859], [16.7411921, 44.8478381], [16.7413241, 44.8480502], [16.7414722, 44.8482342], [16.7417563, 44.8484703], [16.7419964, 44.8486304], [16.7421405, 44.8487905], [16.7422285, 44.8489746], [16.7423646, 44.8492267], [16.7425246, 44.8494948], [16.7428048, 44.8496929], [16.7430255, 44.849806], [16.7432603, 44.8498853], [16.7435292, 44.8499334], [16.7437697, 44.8499617], [16.7439762, 44.8500041], [16.7441913, 44.850089], [16.7444233, 44.8502192], [16.7446695, 44.8503465], [16.7448789, 44.850488], [16.7450911, 44.8506861], [16.7452043, 44.8507992], [16.7453939, 44.8509322], [16.7456033, 44.8510398], [16.7458891, 44.8511303], [16.7461437, 44.8511728], [16.7464041, 44.8512492], [16.7466559, 44.851385], [16.7469134, 44.8516085], [16.7471087, 44.8518547], [16.7472501, 44.8521433], [16.7472728, 44.8523103], [16.7472643, 44.8525027], [16.7472671, 44.8526696], [16.7473237, 44.8528224], [16.7474454, 44.8529809], [16.7475671, 44.8531846], [16.7477114, 44.853428], [16.7477991, 44.8535808], [16.7478613, 44.8537364], [16.7478444, 44.853892], [16.7478047, 44.8541467], [16.747734, 44.8543533], [16.7477199, 44.8545287], [16.7477057, 44.8546475], [16.7476236, 44.8548032], [16.7474878, 44.854905], [16.747318, 44.854956], [16.7471681, 44.8550013], [16.7469926, 44.8551258], [16.7467946, 44.8553578], [16.7467068, 44.8555813], [16.7466842, 44.8557737], [16.7466729, 44.855952], [16.7465823, 44.8561274], [16.7464154, 44.8561954], [16.7462654, 44.8562887], [16.7462456, 44.8564557], [16.7463079, 44.8566736], [16.7462994, 44.8568518], [16.7463022, 44.8570499], [16.7463418, 44.8572763], [16.7464409, 44.8575253], [16.7465342, 44.8576894], [16.7466163, 44.8578564], [16.7466333, 44.8579639], [16.7466418, 44.858162], [16.7467182, 44.8583912], [16.7467719, 44.8585723], [16.7467946, 44.8587647], [16.7467323, 44.8590505], [16.7466644, 44.8592372], [16.7464522, 44.8594692], [16.7463758, 44.8596532], [16.7463843, 44.8598682], [16.7462456, 44.8602927], [16.7461494, 44.8605473], [16.7458947, 44.860901], [16.7456769, 44.8610057], [16.7455552, 44.8609859], [16.7456401, 44.8606011], [16.745725, 44.8599786], [16.745708, 44.8598909], [16.7456146, 44.8598258], [16.7455099, 44.8598145], [16.7453232, 44.8599078], [16.7451166, 44.8601597], [16.7450091, 44.8603606], [16.7448251, 44.8607794], [16.7445591, 44.8609746], [16.7436452, 44.8612095], [16.7433481, 44.861218], [16.7432122, 44.8611727], [16.74315, 44.8611585], [16.7430368, 44.8611727], [16.7429576, 44.8612349], [16.7428953, 44.8613029], [16.7427482, 44.861317], [16.7426237, 44.8613736], [16.7423973, 44.8615009], [16.7422643, 44.8615688], [16.7421766, 44.8616424], [16.742154, 44.8617131], [16.7420719, 44.8617641], [16.74197, 44.861798], [16.7418993, 44.8617839], [16.7417663, 44.8617245], [16.7416559, 44.8617245], [16.7415767, 44.8617726], [16.7414069, 44.8618207], [16.7411891, 44.8618886], [16.74109, 44.8619112], [16.7410023, 44.8618999], [16.7408835, 44.8618858], [16.7407391, 44.8619197], [16.7406939, 44.8619848], [16.7406599, 44.8620442], [16.7405043, 44.8621008], [16.740343, 44.8621036], [16.7402694, 44.862064], [16.7401421, 44.8620131], [16.7400402, 44.8620386], [16.7399751, 44.8621093], [16.7398733, 44.8621715], [16.7397516, 44.8621659], [16.7396724, 44.8621348], [16.7395733, 44.8621178], [16.739296, 44.8621602], [16.7392055, 44.8621772], [16.7391376, 44.8621489], [16.739047, 44.8621065], [16.7389367, 44.8620867], [16.738832, 44.862098], [16.7387895, 44.8621263], [16.7387273, 44.8621433], [16.7386565, 44.8621404], [16.7385858, 44.8621291], [16.7384386, 44.8621206], [16.7382915, 44.8621602], [16.7382179, 44.8622366], [16.7381557, 44.8622847], [16.7380934, 44.8622876], [16.7380142, 44.8622479], [16.7378557, 44.8622197], [16.7376067, 44.8623187], [16.7374992, 44.8623017], [16.7374058, 44.8623159], [16.7373917, 44.8623498], [16.7373379, 44.8623923], [16.7372247, 44.862364], [16.737154, 44.8623102], [16.7370804, 44.8622338], [16.7369786, 44.8621998], [16.736871, 44.8622197], [16.7368173, 44.8622083], [16.7367409, 44.8621489], [16.7365202, 44.8621517], [16.7362655, 44.8622791], [16.7360844, 44.8623102], [16.7359712, 44.8622961], [16.7359061, 44.8622649], [16.7357958, 44.8621687], [16.7356854, 44.8621178], [16.7355666, 44.8620923], [16.735459, 44.8620442], [16.7353515, 44.8619452], [16.7352695, 44.8618659], [16.735111, 44.8617952], [16.7349723, 44.8617811], [16.7348167, 44.8617613], [16.7346724, 44.8616707], [16.7344998, 44.8615773], [16.7342819, 44.8615773], [16.7339622, 44.8614953], [16.7338801, 44.8614415], [16.7337782, 44.8613623], [16.7336877, 44.8613283], [16.7335462, 44.8613594], [16.733484, 44.8614019], [16.7334613, 44.8614613], [16.7334104, 44.8615207], [16.7333312, 44.8615405], [16.7332746, 44.8615377], [16.7331897, 44.8615066], [16.733085, 44.8614528], [16.7328897, 44.8613764], [16.7326945, 44.8614245], [16.7326068, 44.8614868], [16.7324511, 44.8615632], [16.7323181, 44.861566], [16.7321823, 44.861549], [16.7320182, 44.861566], [16.731888, 44.8616367], [16.7318428, 44.8617047], [16.7317777, 44.8617697], [16.7314325, 44.8618263], [16.731308, 44.8618037], [16.7312089, 44.8618094], [16.7311382, 44.861849], [16.7310618, 44.8619112], [16.7309514, 44.8619254], [16.7308496, 44.8619084], [16.7306968, 44.8619225], [16.7306175, 44.8619763], [16.7305411, 44.8620301], [16.7304364, 44.8620216], [16.7303176, 44.8619622], [16.7302186, 44.8619225], [16.7301054, 44.8619395], [16.7300346, 44.8620046], [16.7300205, 44.8620414], [16.7298732, 44.8620833], [16.7297891, 44.8620553], [16.7297611, 44.8620033], [16.7296611, 44.8619713], [16.729545, 44.8619913], [16.729521, 44.8620513], [16.7295851, 44.8621313], [16.7295691, 44.8622234], [16.729517, 44.8622874], [16.729385, 44.8623554], [16.7292009, 44.8623474], [16.7289808, 44.8623154], [16.7288688, 44.8623594], [16.7286367, 44.8623714], [16.7285246, 44.8623394], [16.7284166, 44.8622834], [16.7282925, 44.8622354], [16.7281685, 44.8622234], [16.7280724, 44.8622274], [16.7280084, 44.8622514], [16.7279244, 44.8623154], [16.7278243, 44.8623514], [16.7277203, 44.8623514], [16.7274842, 44.8623954], [16.7272281, 44.8625595], [16.727088, 44.8626716], [16.726992, 44.8628116], [16.7268239, 44.8628556], [16.7266838, 44.8628396], [16.7265398, 44.8628076], [16.7264077, 44.8627836], [16.7263237, 44.8628156], [16.7261956, 44.8628957], [16.7260676, 44.8629357], [16.7259395, 44.8629517], [16.7257994, 44.8629437], [16.7257034, 44.8629157], [16.7255193, 44.8628837], [16.7252752, 44.8629077], [16.7250951, 44.8629637], [16.7249631, 44.8631077], [16.7245448, 44.8631997], [16.7244515, 44.863228], [16.7243835, 44.8632252], [16.7243156, 44.8631856], [16.7242562, 44.8631601], [16.7241742, 44.8631686], [16.7240553, 44.8631912], [16.7239761, 44.8631742], [16.7238318, 44.8631403], [16.7235799, 44.8631799], [16.7234724, 44.8632563], [16.723362, 44.8633469], [16.723181, 44.8633921], [16.7230451, 44.8633497], [16.7228782, 44.8633044], [16.722666, 44.8633525], [16.7226405, 44.8634487], [16.7226631, 44.8635562], [16.7226688, 44.8636921], [16.7226263, 44.8637487], [16.7225669, 44.8638618], [16.7225641, 44.8639609], [16.7225528, 44.8640231], [16.7224792, 44.8640939], [16.7224056, 44.8641392], [16.7222642, 44.8641759], [16.7221623, 44.8641561], [16.7220887, 44.8641731], [16.7219868, 44.8641788], [16.7218057, 44.8641844], [16.7217237, 44.8642637], [16.7217011, 44.8643401], [16.7215171, 44.8644136], [16.7214577, 44.8644136], [16.7213955, 44.8644504], [16.7213445, 44.8645296], [16.7211974, 44.8645381], [16.7211776, 44.8645155], [16.721121, 44.8644815], [16.7210276, 44.8644844], [16.7209682, 44.8645551], [16.7208437, 44.8646541], [16.7208097, 44.8646513], [16.7207135, 44.8646202], [16.7206569, 44.8645608], [16.7205692, 44.8645494], [16.7204985, 44.8645183], [16.7203485, 44.8645579], [16.7200938, 44.8645268], [16.7195336, 44.8650107], [16.7190879, 44.8653092], [16.7189761, 44.8653658], [16.7189492, 44.8653998], [16.7189888, 44.8654464], [16.7189903, 44.8655002], [16.7189054, 44.8655186], [16.718846, 44.8654875], [16.7187908, 44.8655129], [16.7188049, 44.8655497], [16.7188417, 44.8655936], [16.7188035, 44.865619], [16.7187342, 44.8656091], [16.7186748, 44.8656205], [16.7186719, 44.8656672], [16.7186875, 44.8657025], [16.7187144, 44.8657365], [16.71872, 44.865786], [16.7186705, 44.8657987], [16.7185969, 44.8657605], [16.7185304, 44.8657704], [16.718522, 44.8658341], [16.7185545, 44.8658596], [16.7185814, 44.8659091], [16.7185262, 44.8659572], [16.718471, 44.8659275], [16.7184031, 44.8659218], [16.7183734, 44.8659671], [16.7184059, 44.8659982], [16.718396, 44.8660407], [16.7183211, 44.8660605], [16.718239, 44.8660209], [16.7182008, 44.8660322], [16.7181725, 44.8660775], [16.718198, 44.8661227], [16.7182248, 44.8661439], [16.7182107, 44.8661722], [16.7182107, 44.8662076], [16.718263, 44.8662288], [16.7182928, 44.8662628], [16.7182772, 44.8663081], [16.7182192, 44.8663463], [16.7181923, 44.8663689], [16.7181937, 44.8663986], [16.7182192, 44.8664213], [16.7182164, 44.8664538], [16.7181612, 44.8664708], [16.7180692, 44.8664778], [16.7180189, 44.8665017], [16.7179518, 44.8665662], [16.7180045, 44.8667185], [16.7179724, 44.8667134], [16.7179422, 44.866791], [16.7178285, 44.8670323], [16.7170662, 44.8669602], [16.7163209, 44.8669243], [16.7147717, 44.8668488], [16.7133503, 44.8668036], [16.7128179, 44.8667432], [16.7123388, 44.866747], [16.7119236, 44.8668073], [16.7113007, 44.8669168], [16.710204, 44.8669922], [16.708064, 44.8670941], [16.7063018, 44.8671771], [16.7056082, 44.867189], [16.7051535, 44.8671484], [16.7048211, 44.8670851], [16.7045106, 44.8669876], [16.7041527, 44.8668182], [16.703866, 44.8666569], [16.7036488, 44.8664992], [16.7035123, 44.8663697], [16.70331, 44.8660905], [16.7032267, 44.8658898], [16.7032991, 44.8653654], [16.7037569, 44.8646749], [16.7043744, 44.8641919], [16.7051517, 44.8638146], [16.7075633, 44.8629316], [16.7086067, 44.8625014], [16.7094904, 44.8619694], [16.7101931, 44.8613166], [16.7108107, 44.8601883], [16.7109171, 44.8592449], [16.7107255, 44.8586298], [16.7105605, 44.8577996], [16.7102943, 44.8573241], [16.7099057, 44.8568373], [16.7095862, 44.8565543], [16.7090539, 44.8561203], [16.7087771, 44.8557354], [16.7085801, 44.8553731], [16.7082447, 44.8549278], [16.7081223, 44.8548032], [16.7080318, 44.8547542], [16.7076431, 44.8546221], [16.7067328, 44.8544673], [16.7060833, 44.8544258], [16.7056255, 44.8544862], [16.7051304, 44.8546221], [16.7047897, 44.8547881], [16.7043798, 44.8550863], [16.7037037, 44.8557165], [16.7031021, 44.8563014], [16.7026922, 44.856709], [16.7018298, 44.8574034], [16.7014944, 44.8576185], [16.7008183, 44.8578638], [16.7003391, 44.8579619], [16.6997056, 44.8579958], [16.6991413, 44.857977], [16.6986094, 44.8578923], [16.6981689, 44.8577295], [16.6978038, 44.8575374], [16.69748, 44.8572679], [16.6972994, 44.856993], [16.6972095, 44.8568261], [16.6966899, 44.857017], [16.694446, 44.8578828], [16.6937754, 44.8581969], [16.693051, 44.858412], [16.6918937, 44.8587628], [16.6910278, 44.8590486], [16.6902893, 44.8594335], [16.6902072, 44.8593825], [16.6895875, 44.85994], [16.6892621, 44.8602626], [16.6893159, 44.8602993], [16.6889985, 44.8607195], [16.688951, 44.8608529], [16.6887179, 44.8611011], [16.6884269, 44.861243], [16.6882972, 44.8615019], [16.6876153, 44.8621924], [16.6874002, 44.8626111], [16.6870465, 44.8628262], [16.6869927, 44.8628885], [16.6869786, 44.8629677], [16.686956, 44.8630554], [16.6868682, 44.8631516], [16.686042, 44.8633695], [16.6852072, 44.8637232], [16.6849837, 44.8638307], [16.6844602, 44.8640458], [16.6843895, 44.864108], [16.6843244, 44.8642184], [16.6841886, 44.8644532], [16.6837075, 44.8649569], [16.6834359, 44.8656021], [16.6828983, 44.8654804], [16.6828275, 44.8656049], [16.6827285, 44.8657549], [16.6826295, 44.8658567], [16.6824851, 44.8659473], [16.6823493, 44.8659841], [16.6821286, 44.8659926], [16.6818428, 44.8659982], [16.6815372, 44.8659812], [16.6812486, 44.8660435], [16.6809939, 44.8661539], [16.6808638, 44.8662529], [16.6808355, 44.8662868], [16.6807704, 44.8663604], [16.6806657, 44.8664029], [16.6805666, 44.8664], [16.6803997, 44.8663349], [16.6802412, 44.8662359], [16.6801167, 44.8661708], [16.6800403, 44.8661567], [16.680012, 44.866168], [16.6800007, 44.8661991], [16.6800347, 44.8662897], [16.6801026, 44.8664312], [16.6802328, 44.8666151], [16.6804054, 44.8667849], [16.6806006, 44.8670027], [16.6807619, 44.867181], [16.6809345, 44.8672999], [16.6809854, 44.867348], [16.6810873, 44.8675375], [16.6811665, 44.8677498], [16.6811563, 44.8678853], [16.6811403, 44.8679793], [16.6811503, 44.8680454], [16.6811543, 44.8681274], [16.6810942, 44.8682375], [16.6809562, 44.8683815], [16.6809382, 44.8684896], [16.6809602, 44.8686316], [16.6809822, 44.8687277], [16.6810382, 44.8688277], [16.6810962, 44.8689137], [16.6813303, 44.8690918], [16.6812823, 44.8691318], [16.6811803, 44.8692339], [16.6811042, 44.8693219], [16.6810742, 44.8693819], [16.6810682, 44.86943], [16.6810582, 44.86949], [16.6809302, 44.8696581], [16.6805594, 44.869857], [16.6799825, 44.8700358], [16.6795513, 44.8701559], [16.6794893, 44.8702073], [16.6794825, 44.8702513], [16.6794745, 44.8703311], [16.6794742, 44.8704197], [16.679431, 44.8705673], [16.679286, 44.8707294], [16.6791486, 44.8708891], [16.6790668, 44.8710077], [16.6790246, 44.8711879], [16.678911, 44.8712586], [16.6787957, 44.871352], [16.6786372, 44.8714312], [16.6783804, 44.8718523], [16.6783413, 44.8719922], [16.6782903, 44.8721401], [16.6782485, 44.8722093], [16.6782492, 44.8723516], [16.6781809, 44.8724472], [16.6780131, 44.8725613], [16.6778441, 44.8726796], [16.6777529, 44.8727837], [16.6776639, 44.8728906], [16.6775097, 44.8730193], [16.6774507, 44.8730384], [16.6773744, 44.8730611], [16.6769799, 44.873104], [16.6768074, 44.8731255], [16.6766286, 44.8731481], [16.6765944, 44.8731724], [16.67648, 44.873223], [16.6763072, 44.8732989], [16.6762092, 44.8733228], [16.6761305, 44.8733403], [16.6758834, 44.8734357], [16.6757318, 44.8735273], [16.6755599, 44.8736318], [16.6753973, 44.873726], [16.6751624, 44.8738024], [16.6744805, 44.8738732], [16.6739542, 44.8739948], [16.6735552, 44.8741448], [16.6726724, 44.8745183], [16.6721036, 44.8746853], [16.6708444, 44.8749088], [16.6696729, 44.875005], [16.6689203, 44.8750616], [16.668493, 44.8751323], [16.6680289, 44.8752653], [16.6674149, 44.8754323], [16.6670046, 44.8755653], [16.6664613, 44.8759445], [16.6662632, 44.8759727], [16.6660538, 44.8761255], [16.6657596, 44.8763944], [16.6655813, 44.8765132], [16.6653549, 44.8765755], [16.66469, 44.8766066], [16.6643221, 44.8768216], [16.6631591, 44.8771329], [16.6628394, 44.8771329], [16.6622405, 44.8772011], [16.6611256, 44.8775293], [16.6605597, 44.8777189], [16.6598749, 44.8779594], [16.659558, 44.8779736], [16.6592326, 44.8779623], [16.6586271, 44.8779651], [16.6579451, 44.8779113], [16.6576565, 44.8778802], [16.6573311, 44.8778236], [16.6570877, 44.8777585], [16.6564963, 44.8777444], [16.6559446, 44.8777331], [16.655738, 44.8777359], [16.6551353, 44.8778745], [16.654841, 44.8778915], [16.6541279, 44.8778943], [16.6536879, 44.8778533], [16.6534559, 44.8778066], [16.6529202, 44.8778168], [16.652448, 44.8779088], [16.6519598, 44.8780689], [16.6513395, 44.8781929], [16.6507833, 44.878361], [16.6504031, 44.878469], [16.6499189, 44.8785491], [16.6492986, 44.8785971], [16.6491946, 44.8786251], [16.6489905, 44.8787332], [16.6485074, 44.8789261], [16.6482073, 44.8789701], [16.6479512, 44.8790101], [16.647447, 44.8790941], [16.6467387, 44.8792202], [16.6459343, 44.8793523], [16.6457162, 44.8793683], [16.6455141, 44.8794203], [16.645286, 44.8795183], [16.6450059, 44.8796084], [16.6444477, 44.8798665], [16.6440595, 44.8800886], [16.6435153, 44.8803147], [16.6426049, 44.8804447], [16.6424168, 44.8807088], [16.6414344, 44.881069], [16.6412883, 44.881083], [16.6410662, 44.881191], [16.6409089, 44.8812735], [16.6407683, 44.8813061], [16.6406645, 44.8813229], [16.640226, 44.8813652], [16.6399748, 44.8815275], [16.6399247, 44.8815502], [16.6398646, 44.8815124], [16.6398285, 44.8814506], [16.6396732, 44.8813463], [16.6397764, 44.8811294], [16.6400738, 44.8807028], [16.6401839, 44.8804227], [16.6399478, 44.8804067], [16.6398557, 44.8803807], [16.6397357, 44.8803007], [16.6396977, 44.8802626], [16.6396376, 44.8802086], [16.6395556, 44.8801426], [16.6394095, 44.8800826], [16.6392295, 44.8800225], [16.6391314, 44.8799825], [16.6390174, 44.8799285], [16.6389133, 44.8798625], [16.6388493, 44.8797904], [16.6388313, 44.8797344], [16.6388373, 44.8796484], [16.6388493, 44.8795543], [16.6388093, 44.8794403], [16.6387372, 44.8793583], [16.6386632, 44.8792882], [16.6384811, 44.8792282], [16.6382931, 44.8792082], [16.6379309, 44.8791902], [16.6377128, 44.8791182], [16.6373567, 44.8789441], [16.6371386, 44.87879], [16.6368744, 44.8785779], [16.6367364, 44.8784179], [16.6365503, 44.8781978], [16.6364163, 44.8779236], [16.6363282, 44.8776595], [16.6362582, 44.8773314], [16.6361842, 44.8769672], [16.6360401, 44.876395], [16.63591, 44.8760809], [16.635844, 44.8759728], [16.6356979, 44.8758327], [16.6354658, 44.8756987], [16.6352598, 44.8756227], [16.6348636, 44.8755686], [16.6343954, 44.8755106], [16.6336031, 44.8753505], [16.6330228, 44.8750904], [16.6322385, 44.8746262], [16.6316102, 44.874102], [16.631082, 44.8735178], [16.6310125, 44.8734581], [16.6307835, 44.8732612], [16.6306855, 44.8731071], [16.6305234, 44.872875], [16.6304133, 44.8727409], [16.6302793, 44.8726269], [16.6300372, 44.8724908], [16.6299291, 44.8724348], [16.6298291, 44.8723468], [16.6297471, 44.8722207], [16.629697, 44.8721027], [16.629691, 44.8720186], [16.629669, 44.8718546], [16.629497, 44.8714464], [16.6292208, 44.8709382], [16.6288007, 44.8703419], [16.6285726, 44.8698897], [16.6284765, 44.8695416], [16.6284325, 44.8693215], [16.6283124, 44.8689853], [16.6281124, 44.8686572], [16.6279683, 44.8684491], [16.6277962, 44.8680409], [16.6277642, 44.8677128], [16.6277522, 44.8674247], [16.6277042, 44.8671766], [16.6275961, 44.8669045], [16.6275361, 44.8668004], [16.6274521, 44.8666083], [16.6274201, 44.8664603], [16.627308, 44.8662362], [16.6268798, 44.8655679], [16.6266597, 44.8652878], [16.6263836, 44.8650477], [16.6260675, 44.8648876], [16.6256404, 44.864711], [16.6255595, 44.8646646], [16.6253818, 44.8645521], [16.6251503, 44.8643648], [16.6250753, 44.8643028], [16.6249859, 44.8642202], [16.624857, 44.8640772], [16.6247856, 44.8639578], [16.624713, 44.8638499], [16.6246701, 44.863746], [16.624635, 44.8636894], [16.6245995, 44.8636292], [16.6245282, 44.8635017], [16.6243906, 44.863277], [16.624311, 44.8631478], [16.6242927, 44.8631089], [16.6241629, 44.8631482], [16.6237545, 44.8633629], [16.6236072, 44.8634342], [16.6234009, 44.8635225], [16.623074, 44.8636503], [16.6228563, 44.8637517], [16.6225917, 44.8638906], [16.6220658, 44.8643954], [16.6219657, 44.8644194], [16.6215095, 44.8647956], [16.6214535, 44.8650196], [16.6210333, 44.8654518], [16.6207812, 44.8655919], [16.6206092, 44.86578], [16.620289, 44.865948], [16.6200609, 44.8661521], [16.6197488, 44.8664002], [16.6192726, 44.8666283], [16.6189445, 44.8668284], [16.6186203, 44.8670285], [16.6183962, 44.8671446], [16.618004, 44.8672846], [16.617816, 44.8674247], [16.6176199, 44.8676007], [16.6173478, 44.8677168], [16.6171637, 44.8677288], [16.6168836, 44.8677168], [16.6165591, 44.8677892], [16.6164831, 44.8677992], [16.616399, 44.8677792], [16.616329, 44.8677251], [16.6162109, 44.8677412], [16.6160949, 44.8678652], [16.6160309, 44.8680493], [16.6160389, 44.8682534], [16.6161169, 44.8683774], [16.6162229, 44.8685015], [16.616257, 44.8685655], [16.616241, 44.8686415], [16.6161449, 44.8686936], [16.6160229, 44.8686916], [16.6159308, 44.8687076], [16.6158508, 44.8687776], [16.6158588, 44.8688316], [16.6158968, 44.8688836], [16.6159048, 44.8689617], [16.6158568, 44.8689917], [16.6157307, 44.8689877], [16.6156347, 44.8689457], [16.6155665, 44.8688954], [16.6155099, 44.8688246], [16.6154561, 44.8687765], [16.6153882, 44.868768], [16.6152864, 44.8687822], [16.6152552, 44.8687765], [16.6151845, 44.8687114], [16.6151505, 44.8686379], [16.6151505, 44.8685926], [16.6150826, 44.8685388], [16.6149638, 44.8685077], [16.6148591, 44.8684483], [16.6147798, 44.8683408], [16.6147091, 44.868253], [16.6145727, 44.8682327], [16.6144856, 44.8682757], [16.6144233, 44.8683804], [16.6144375, 44.8684992], [16.6144375, 44.868635], [16.6144233, 44.8687482], [16.6143894, 44.8688105], [16.6143299, 44.8688274], [16.6142847, 44.8687822], [16.6142564, 44.8687143], [16.6141064, 44.8686577], [16.6139621, 44.8687397], [16.6138885, 44.8688388], [16.6137697, 44.8688982], [16.6136565, 44.8689067], [16.6135263, 44.8688671], [16.6133735, 44.8688614], [16.6133141, 44.8688897], [16.6131698, 44.8689406], [16.6130518, 44.8689154], [16.6129726, 44.86888], [16.6128948, 44.8688772], [16.6128453, 44.8688899], [16.6127887, 44.868897], [16.6127307, 44.8688786], [16.6126316, 44.8688645], [16.6125453, 44.8689083], [16.6124873, 44.8689876], [16.6121336, 44.8689479], [16.611927, 44.8690484], [16.611729, 44.8691163], [16.6115663, 44.8691559], [16.6114418, 44.8691644], [16.6113399, 44.8691573], [16.6111461, 44.8691191], [16.610798, 44.8689706], [16.6105603, 44.8690795], [16.6105193, 44.8690583], [16.6103863, 44.8689989], [16.6102392, 44.8689833], [16.6100835, 44.8690144], [16.6099916, 44.8690724], [16.6099293, 44.8691531], [16.6098501, 44.8692691], [16.6093125, 44.8694431], [16.6091838, 44.8694681], [16.6056432, 44.8703954], [16.6055331, 44.8702114], [16.6049689, 44.8704635], [16.6049028, 44.8703294], [16.6048748, 44.8703874], [16.6048288, 44.8704555], [16.6046487, 44.8705775], [16.6041725, 44.8707756], [16.6038944, 44.8709137], [16.6037844, 44.8710037], [16.6036183, 44.8711558], [16.6034382, 44.8712598], [16.6032321, 44.8713378], [16.6027779, 44.8714519], [16.6025178, 44.8714379], [16.6022717, 44.8714459], [16.6020496, 44.8714539], [16.6017955, 44.8714699], [16.6015814, 44.8714999], [16.6013473, 44.8715139], [16.6010952, 44.8715079], [16.6007811, 44.8714539], [16.600571, 44.8714059], [16.6002989, 44.8713618], [16.5997546, 44.8713378], [16.5995325, 44.8713478], [16.5993905, 44.8713418], [16.5993024, 44.8713278], [16.5992444, 44.8713258], [16.5992004, 44.8713598], [16.5991684, 44.8714439], [16.5991284, 44.8715839], [16.5990663, 44.871628], [16.5989803, 44.871692], [16.5988823, 44.871746], [16.5987262, 44.871804], [16.5986021, 44.871814], [16.5984541, 44.871814], [16.5984081, 44.8718481], [16.5984021, 44.8719101], [16.5984501, 44.8719661], [16.5985361, 44.8720081], [16.5986502, 44.8720561], [16.5987902, 44.8721042], [16.5988342, 44.8722542], [16.5988362, 44.8724263], [16.5988162, 44.8725584], [16.5987662, 44.8727544], [16.5987002, 44.8728745], [16.5986442, 44.8729485], [16.5986142, 44.8730346], [16.5986302, 44.8731306], [16.5986222, 44.8732306], [16.5985621, 44.8733087], [16.5984501, 44.8734127], [16.598352, 44.8734868], [16.598168, 44.8735928], [16.598142, 44.8736288], [16.598136, 44.8737429], [16.5981139, 44.873951], [16.5981019, 44.874105], [16.5981099, 44.8742511], [16.5981299, 44.8744051], [16.5981179, 44.8745532], [16.5980899, 44.8747573], [16.5980699, 44.8750434], [16.5980819, 44.8751635], [16.59817, 44.8752995], [16.59831, 44.8754296], [16.5984441, 44.8756037], [16.5986001, 44.8757997], [16.5987922, 44.8760298], [16.5989783, 44.8762459], [16.5992624, 44.8765281], [16.5993945, 44.8766281], [16.5995586, 44.8767281], [16.5998627, 44.8770043], [16.6002028, 44.8772784], [16.6002629, 44.8773284], [16.6003489, 44.8774124], [16.6004549, 44.8775605], [16.600513, 44.8777246], [16.600547, 44.8779286], [16.600557, 44.8780327], [16.600551, 44.8781607], [16.600595, 44.8784149], [16.600631, 44.8785229], [16.600691, 44.8786109], [16.6008311, 44.878679], [16.6007471, 44.878721], [16.600685, 44.878771], [16.600649, 44.8788771], [16.6002589, 44.8792512], [16.6001128, 44.8792972], [16.6000188, 44.8793012], [16.5999327, 44.8793433], [16.5999327, 44.8794193], [16.5999907, 44.8795173], [16.5999027, 44.8796454], [16.5998147, 44.8797094], [16.5996606, 44.8797674], [16.5995626, 44.8798215], [16.5994385, 44.8799755], [16.5994285, 44.8800476], [16.5994405, 44.8801356], [16.5994805, 44.8802216], [16.5994945, 44.8802977], [16.5994725, 44.8804057], [16.5994825, 44.8805178], [16.5995365, 44.8806218], [16.5995566, 44.8807118], [16.5995385, 44.8807999], [16.5995706, 44.8809639], [16.5996326, 44.881054], [16.5997726, 44.881208], [16.5997726, 44.8813161], [16.5997867, 44.8813781], [16.5998407, 44.8814622], [16.5999327, 44.8814902], [16.6000588, 44.8815042], [16.6001788, 44.8815422], [16.6002589, 44.8816402], [16.6002949, 44.8817183], [16.6002989, 44.8818023], [16.6003169, 44.8818743], [16.6003709, 44.8819404], [16.6004469, 44.8819664], [16.600515, 44.8819704], [16.600613, 44.8819944], [16.600661, 44.8820544], [16.600671, 44.8821364], [16.600649, 44.8822085], [16.600607, 44.8823065], [16.600615, 44.8823926], [16.600651, 44.8826126], [16.600663, 44.8826827], [16.600663, 44.8828127], [16.600607, 44.8829468], [16.600557, 44.8831189], [16.600565, 44.8832369], [16.600585, 44.883371], [16.600519, 44.883477], [16.6004269, 44.8836171], [16.6004249, 44.8836951], [16.6003929, 44.8837711], [16.6003469, 44.8838132], [16.6002529, 44.8838752], [16.6002589, 44.8839712], [16.6002408, 44.8840333], [16.6001528, 44.8841053], [16.6001228, 44.8841893], [16.6001688, 44.8843414], [16.6000668, 44.8844454], [16.5999107, 44.8847336], [16.5997747, 44.8848576], [16.5996346, 44.8850657], [16.5995065, 44.8851337], [16.5994665, 44.8852078], [16.5993245, 44.8852378], [16.5990223, 44.8853578], [16.5989823, 44.8853998], [16.5988623, 44.8854319], [16.5988002, 44.8854939], [16.5987502, 44.8855459], [16.5986162, 44.8855479], [16.5984661, 44.8855339], [16.5984021, 44.8854939], [16.598364, 44.8853898], [16.598162, 44.8853638], [16.5976678, 44.8853198], [16.5975237, 44.8852698], [16.5973216, 44.8852018], [16.5971375, 44.8851797], [16.5970395, 44.8851477], [16.5969394, 44.8851117], [16.5967714, 44.8851437], [16.5965353, 44.8850917], [16.5963152, 44.8850937], [16.5961651, 44.8851277], [16.5960651, 44.8851837], [16.5960271, 44.8850917], [16.595877, 44.8851597], [16.595849, 44.8850977], [16.5957109, 44.8851497], [16.5957889, 44.8853158], [16.595891, 44.8852778], [16.595957, 44.8853658], [16.5960291, 44.8854879], [16.5961391, 44.8856419], [16.5960751, 44.8859481], [16.596009, 44.8860301], [16.595919, 44.8860741], [16.5957649, 44.8862442], [16.5957349, 44.8863362], [16.5957509, 44.8864563], [16.5957709, 44.8865143], [16.595857, 44.8867364], [16.595913, 44.8869125], [16.595927, 44.8870385], [16.595895, 44.8872746], [16.5958535, 44.8874346], [16.5958025, 44.8875025], [16.5958025, 44.8876383], [16.595845, 44.8876779], [16.5959016, 44.8877486], [16.5958987, 44.8879411], [16.5959016, 44.8881816], [16.5958563, 44.888374], [16.595828, 44.8884844], [16.5958704, 44.8885919], [16.5958931, 44.8886456], [16.5958846, 44.8886994], [16.5958393, 44.888739], [16.595828, 44.8887984], [16.5958393, 44.8888494], [16.5958195, 44.8889343], [16.5957657, 44.8890361], [16.5956978, 44.8891012], [16.5956073, 44.8891578], [16.5955705, 44.8892568], [16.5955479, 44.8893332], [16.5954092, 44.8893729], [16.5953526, 44.889387], [16.5953187, 44.8894408], [16.5953102, 44.8895058], [16.5952281, 44.889554], [16.595081, 44.8896304], [16.5950074, 44.8897096], [16.595064, 44.8897549], [16.5947867, 44.8899727], [16.5946452, 44.8900803], [16.5944047, 44.8901963], [16.594266, 44.8902953], [16.594133, 44.8904057], [16.5938501, 44.8905104], [16.593618, 44.8905811], [16.5934568, 44.890666], [16.5933266, 44.8907735], [16.593137, 44.8909207], [16.5929616, 44.891065], [16.592789, 44.8911527], [16.5925824, 44.8912036], [16.5923306, 44.8913706], [16.5922598, 44.8914866], [16.5920674, 44.8915856], [16.5918043, 44.8917979], [16.5917703, 44.8918318], [16.5915496, 44.891928], [16.591261, 44.8920978], [16.5911761, 44.8921968], [16.5910544, 44.8923242], [16.5908252, 44.892426], [16.5906922, 44.8924996], [16.5905168, 44.8925817], [16.5903442, 44.8926467], [16.5900867, 44.892692], [16.5899169, 44.8927712], [16.5896905, 44.8928363], [16.5894302, 44.8929042], [16.5893651, 44.8929835], [16.5892944, 44.8930259], [16.5891699, 44.8930797], [16.589051, 44.8931702], [16.5889831, 44.8932579], [16.5888728, 44.893357], [16.5887058, 44.8933966], [16.5885587, 44.8934702], [16.5882983, 44.8935862], [16.5881823, 44.8935862], [16.5880125, 44.8935777], [16.5877041, 44.8935437], [16.5865496, 44.8941323], [16.5865213, 44.8941719], [16.5863883, 44.8942738], [16.5861959, 44.8944124], [16.5860516, 44.8946416], [16.5860063, 44.8947011], [16.5859101, 44.8947633], [16.5857602, 44.8948397], [16.5856894, 44.8949331], [16.5857036, 44.8951142], [16.5857007, 44.8951764], [16.5856781, 44.8953236], [16.5856356, 44.8956179], [16.5855451, 44.8958669], [16.5854546, 44.8959433], [16.5848886, 44.89628], [16.5847726, 44.896379], [16.5847613, 44.8965375], [16.5838927, 44.8972237], [16.5836806, 44.8972657], [16.5837687, 44.8975258], [16.5837166, 44.8975758], [16.5836586, 44.8977039], [16.5837026, 44.897826], [16.5837226, 44.897902], [16.5837066, 44.898006], [16.5835226, 44.8981501], [16.5833093, 44.8983117], [16.5830154, 44.8986228], [16.5828091, 44.8989328], [16.5827575, 44.898945], [16.5824657, 44.8988038], [16.5824359, 44.8988429], [16.5823069, 44.8987821], [16.5821099, 44.89867], [16.581936, 44.8985943], [16.581771, 44.898561], [16.581655, 44.8985616], [16.5814991, 44.898567], [16.5813027, 44.898575], [16.5812097, 44.8985788], [16.5810901, 44.8985767], [16.5809575, 44.8985643], [16.5807716, 44.8985322], [16.5800813, 44.898301], [16.5798477, 44.898237], [16.5796189, 44.8981967], [16.5794283, 44.8981749], [16.5788772, 44.8980524], [16.5785826, 44.8979921], [16.5781788, 44.8978893], [16.5781821, 44.8978511], [16.5779188, 44.8977732], [16.5778135, 44.8977377], [16.5775478, 44.8976984], [16.5771771, 44.8976624], [16.5768016, 44.8976778], [16.57654, 44.8977465], [16.5761694, 44.8978494], [16.575869, 44.8979524], [16.575697, 44.8980348], [16.5754539, 44.8980733], [16.5754603, 44.8981747], [16.5748172, 44.8980699], [16.5743325, 44.8980088], [16.5742502, 44.8979896], [16.5740915, 44.8979518], [16.5738069, 44.8978952], [16.5735174, 44.8978823], [16.5730923, 44.8979484], [16.5728815, 44.8980247], [16.5725351, 44.8981946], [16.5722481, 44.8982976], [16.5719913, 44.8983697], [16.571548, 44.8984906], [16.571267, 44.898561], [16.5711337, 44.8985936], [16.5709957, 44.8986468], [16.5709161, 44.8986878], [16.5708477, 44.8986242], [16.5706584, 44.8986418], [16.5705059, 44.8986842], [16.5704117, 44.8987473], [16.5702884, 44.8988699], [16.5702113, 44.8989609], [16.5700297, 44.8992023], [16.5696289, 44.8993916], [16.5694336, 44.8993904], [16.5692623, 44.8993467], [16.5691904, 44.8992836], [16.5690996, 44.8991963], [16.5689746, 44.8990118], [16.5688649, 44.8988395], [16.5684795, 44.898541], [16.5682312, 44.8983336], [16.5680667, 44.8980399], [16.5680308, 44.8979611], [16.5679143, 44.8978603], [16.5678492, 44.8977669], [16.5678046, 44.8976626], [16.5677601, 44.8975024], [16.5677635, 44.8973932], [16.5677772, 44.8972852], [16.5677927, 44.8971068], [16.5677567, 44.8970195], [16.567707, 44.8969273], [16.5676659, 44.8968132], [16.5676179, 44.8966991], [16.5675602, 44.8966084], [16.5674633, 44.8965215], [16.5673749, 44.8964059], [16.5673158, 44.8963348], [16.5672617, 44.8962887], [16.567287, 44.89626], [16.567219, 44.8960889], [16.5671969, 44.8960272], [16.5671511, 44.8959414], [16.5670929, 44.8957212], [16.5670636, 44.8954269], [16.56702, 44.8950922], [16.5670212, 44.8948674], [16.5670345, 44.8945431], [16.5670708, 44.8942419], [16.5670938, 44.8939571], [16.567106, 44.8937932], [16.5670951, 44.8936404], [16.5670527, 44.8934834], [16.5669994, 44.8933075], [16.5669873, 44.8931119], [16.5669982, 44.8928776], [16.5669812, 44.8925902], [16.5669618, 44.892404], [16.566917, 44.8921371], [16.5668988, 44.8919895], [16.5669194, 44.8918565], [16.5669582, 44.8917046], [16.5670248, 44.8915313], [16.5670733, 44.891418], [16.5670987, 44.8912902], [16.5670902, 44.8911812], [16.5670454, 44.8911168], [16.5669861, 44.8910473], [16.5669061, 44.891007], [16.5667717, 44.890959], [16.5666614, 44.890907], [16.5665353, 44.890845], [16.5660391, 44.8905168], [16.565741, 44.8902307], [16.5652448, 44.8897765], [16.5641663, 44.8889982], [16.5637701, 44.8887181], [16.5636221, 44.888664], [16.5631859, 44.888512], [16.5629158, 44.888486], [16.5627857, 44.8884499], [16.5626156, 44.8883459], [16.5624295, 44.8882259], [16.5623355, 44.8881718], [16.5621514, 44.8881038], [16.5618893, 44.8880618], [16.5616712, 44.8880058], [16.5614992, 44.8879097], [16.5614131, 44.8877857], [16.5613451, 44.8876316], [16.561059, 44.8874715], [16.5597184, 44.8869373], [16.5593662, 44.8866852], [16.558846, 44.886301], [16.5581137, 44.8858829], [16.5572213, 44.8854026], [16.5569672, 44.8852886], [16.5568112, 44.8851605], [16.5567131, 44.8849825], [16.5566591, 44.8847584], [16.5566031, 44.8845383], [16.5565911, 44.8843642], [16.5566371, 44.8840801], [16.5566631, 44.883766], [16.5566251, 44.8836099], [16.556559, 44.8834738], [16.556429, 44.8833758], [16.5562969, 44.8832897], [16.5561789, 44.8831977], [16.5560326, 44.8830275], [16.5559568, 44.8827795], [16.5558047, 44.8824774], [16.5557427, 44.8823834], [16.5556687, 44.8823273], [16.5555826, 44.8822893], [16.5553865, 44.8822933], [16.5551865, 44.8823353], [16.5548323, 44.8823794], [16.5544281, 44.8824254], [16.5539459, 44.8824254], [16.5534457, 44.8824214], [16.5530275, 44.8824934], [16.5522872, 44.8825414], [16.5519911, 44.8825294], [16.5516289, 44.8824534], [16.5512528, 44.8823213], [16.5506885, 44.8821092], [16.5503444, 44.8819972], [16.5501223, 44.8819952], [16.549426, 44.8820432], [16.5491219, 44.8820292], [16.5488437, 44.8819792], [16.5485036, 44.8818791], [16.5483375, 44.8818671], [16.5481414, 44.8819032], [16.5480274, 44.8819032], [16.5477413, 44.8819092], [16.5475792, 44.8819232], [16.5472311, 44.8820212], [16.547011, 44.8821373], [16.5469209, 44.8821933], [16.5466448, 44.8822673], [16.5460746, 44.8822953], [16.5454543, 44.8823293], [16.5448741, 44.8823914], [16.5443556, 44.8825069], [16.5438936, 44.8825396], [16.5434414, 44.8824394], [16.5429852, 44.8823493], [16.5420068, 44.8822493], [16.5413906, 44.8822493], [16.5408343, 44.8822453], [16.5403101, 44.8822153], [16.5390755, 44.8822104], [16.5377597, 44.8821905], [16.5366519, 44.8821354], [16.5359417, 44.8822075], [16.5355186, 44.8822387], [16.535039, 44.8822924], [16.5342184, 44.8823363], [16.5335837, 44.8823408], [16.5333121, 44.8823444], [16.532969, 44.8823203], [16.5327681, 44.8822698], [16.5324179, 44.8821778], [16.5321598, 44.8821758], [16.5320433, 44.882175], [16.5318557, 44.8821738], [16.5314855, 44.8822358], [16.5305491, 44.8824519], [16.5297508, 44.882664], [16.5292746, 44.882788], [16.5290225, 44.8829021], [16.5288644, 44.8829739], [16.5284282, 44.8831722], [16.527946, 44.8833623], [16.5271997, 44.8834883], [16.5265614, 44.8836304], [16.525589, 44.8837664], [16.5252309, 44.8838004], [16.5247287, 44.8838685], [16.5241694, 44.8839635], [16.5238333, 44.8839585], [16.52325, 44.8839255], [16.5228178, 44.8839265], [16.5224377, 44.8839535], [16.5220775, 44.8839935], [16.5217776, 44.8840771], [16.521336, 44.8842301], [16.521044, 44.8843288], [16.5208912, 44.8844232], [16.5206549, 44.8846736], [16.5205749, 44.8847883], [16.5205021, 44.8848929], [16.5204526, 44.8849905], [16.5203847, 44.8851433], [16.5203649, 44.8853428], [16.520355, 44.8855451], [16.5203309, 44.8857404], [16.5202786, 44.8859172], [16.5201866, 44.8861196], [16.5199815, 44.8864464], [16.5197565, 44.8867718], [16.5195797, 44.887018], [16.519424, 44.8871637], [16.5193802, 44.8872245], [16.5193462, 44.8873066], [16.5193292, 44.8874099], [16.5193349, 44.8874806], [16.519349, 44.8876603], [16.5193561, 44.8877438], [16.5193519, 44.8878343], [16.5193335, 44.8879093], [16.5193009, 44.8880253], [16.5192854, 44.88813], [16.5192642, 44.8882135], [16.519267, 44.88828], [16.519284, 44.8883493], [16.5193066, 44.8884172], [16.5193406, 44.8885007], [16.5194127, 44.888628], [16.5195146, 44.8887228], [16.5195627, 44.8887837], [16.5195926, 44.8888537], [16.5195926, 44.8888897], [16.5195546, 44.8889557], [16.5193021, 44.8891247], [16.5185918, 44.8894982], [16.5180768, 44.8898264], [16.5178872, 44.8899113], [16.5177712, 44.8899623], [16.5177033, 44.8900132], [16.5176411, 44.8900924], [16.5176014, 44.8902113], [16.5175788, 44.8903018], [16.5175364, 44.8904178], [16.5174741, 44.8904942], [16.5173015, 44.8905989], [16.5171459, 44.890698], [16.5170468, 44.8907913], [16.5169704, 44.8908876], [16.5169082, 44.8909894], [16.5168657, 44.8910969], [16.5168176, 44.8912526], [16.5167073, 44.8915186], [16.5166026, 44.8916629], [16.5164894, 44.8917987], [16.516314, 44.891926], [16.5161159, 44.8920619], [16.5159518, 44.8922514], [16.5157295, 44.8925479], [16.5154954, 44.8928941], [16.5152352, 44.8932723], [16.5148531, 44.8936364], [16.514625, 44.8937805], [16.5141948, 44.8939786], [16.5137766, 44.8941386], [16.5133624, 44.8943487], [16.5132444, 44.8944347], [16.5131804, 44.8945368], [16.5131622, 44.8946448], [16.5131876, 44.8948542], [16.5132159, 44.8950183], [16.5132697, 44.895205], [16.5132895, 44.8952956], [16.513298, 44.8953975], [16.5132838, 44.8955389], [16.5131848, 44.8957681], [16.513148, 44.8958247], [16.5130744, 44.8959266], [16.5130235, 44.8960087], [16.5129358, 44.8961558], [16.5128707, 44.8963114], [16.5128113, 44.8965576], [16.5126811, 44.8968462], [16.5126047, 44.8969679], [16.5124604, 44.8971066], [16.5122538, 44.8972537], [16.5120982, 44.8973556], [16.5119567, 44.8974631], [16.5118435, 44.8975848], [16.5117134, 44.8976612], [16.5115606, 44.897698], [16.5113597, 44.8977461], [16.5111559, 44.8978734], [16.5109833, 44.8980432], [16.510873, 44.8981337], [16.5107683, 44.8981677], [16.5106806, 44.8981875], [16.5105306, 44.8982469], [16.5104118, 44.898329], [16.510341, 44.8983969], [16.510242, 44.8984846], [16.5101118, 44.8985667], [16.509993, 44.8986091], [16.5098458, 44.8986317], [16.509727, 44.8986544], [16.5096336, 44.898694], [16.5095572, 44.8987534], [16.5094893, 44.8988468], [16.5094412, 44.8989458], [16.5094186, 44.8990732], [16.5093761, 44.8991665], [16.5092771, 44.8992684], [16.5091695, 44.8993335], [16.508946, 44.8994495], [16.5088073, 44.8995316], [16.5086942, 44.8996193], [16.5086178, 44.8998145], [16.5085499, 44.8999673], [16.5084395, 44.9001371], [16.508315, 44.9002701], [16.5081792, 44.9003889], [16.5080377, 44.9004993], [16.5079245, 44.900621], [16.507834, 44.9007709], [16.5077208, 44.9009407], [16.5075906, 44.9011048], [16.5074152, 44.9013142], [16.5073246, 44.9014387], [16.5072369, 44.9014982], [16.5069483, 44.9015576], [16.5067615, 44.9015859], [16.5065493, 44.9016142], [16.5063512, 44.9016142], [16.5061532, 44.9016227], [16.5059636, 44.9016453], [16.5058249, 44.9016651], [16.5055448, 44.9016764], [16.5053835, 44.9016538], [16.5050779, 44.9015746], [16.504512, 44.9014501], [16.5040932, 44.9013737], [16.503598, 44.9013255], [16.5032669, 44.9013312], [16.502701, 44.9014189], [16.502418, 44.9014501], [16.50207, 44.901518], [16.5018266, 44.9016142], [16.5015267, 44.9017528], [16.5012352, 44.9019198], [16.5010626, 44.901982], [16.5008646, 44.9020301], [16.5006976, 44.9020499], [16.5004995, 44.9020414], [16.5003439, 44.9019933], [16.5002449, 44.9019509], [16.5000864, 44.9018943], [16.4997553, 44.9018462], [16.499379, 44.9018066], [16.4991809, 44.9018038], [16.4989093, 44.9018009], [16.498714, 44.9017783], [16.4985046, 44.9017528], [16.4982245, 44.9016962], [16.4981623, 44.9017189], [16.4981057, 44.9017443], [16.4979755, 44.9017896], [16.497701, 44.9019396], [16.4972879, 44.9022112], [16.4968748, 44.9024772], [16.4966088, 44.9026725], [16.4965239, 44.9027602], [16.4964701, 44.9028734], [16.4964475, 44.9030262], [16.496439, 44.9031648], [16.4963994, 44.903394], [16.4962862, 44.9036628], [16.4962777, 44.903759], [16.496289, 44.9038015], [16.4963315, 44.9038326], [16.4963881, 44.9038383], [16.4964645, 44.9038383], [16.4965437, 44.9038496], [16.4966229, 44.903909], [16.4966626, 44.904008], [16.4966626, 44.9041212], [16.4966569, 44.904192], [16.4966314, 44.9042655], [16.4965833, 44.9043617], [16.496572, 44.90454], [16.4965663, 44.9046249], [16.4965098, 44.9047522], [16.4964051, 44.9048683], [16.4962523, 44.9050833], [16.4962523, 44.9051173], [16.4962353, 44.9052418], [16.4961787, 44.9053776], [16.496057, 44.9055134], [16.495941, 44.905587], [16.495808, 44.9056407], [16.4956043, 44.9056323], [16.4955166, 44.9056124], [16.4954119, 44.9055615], [16.4953722, 44.9055389], [16.4952506, 44.9055219], [16.4951317, 44.9055417], [16.4944696, 44.9064104], [16.4943451, 44.906467], [16.4942432, 44.9065236], [16.4940282, 44.9066113], [16.4937622, 44.9066707], [16.4935613, 44.9066736], [16.4933292, 44.9066481], [16.4931085, 44.906583], [16.492885, 44.9065236], [16.4926982, 44.9065038], [16.4925568, 44.9065292], [16.4924945, 44.906566], [16.4924238, 44.9066566], [16.4923389, 44.9068207], [16.4923021, 44.9070046], [16.4923021, 44.9071829], [16.4923077, 44.9073696], [16.4922964, 44.9075536], [16.492237, 44.9077177], [16.4921549, 44.9078365], [16.4919173, 44.908012], [16.4917692, 44.9081411], [16.4914761, 44.9083857], [16.4912617, 44.9085921], [16.4910406, 44.9086751], [16.490833, 44.908706], [16.4905215, 44.9086704], [16.4901061, 44.9085708], [16.4898716, 44.9084474], [16.4895199, 44.9079089], [16.4890409, 44.9070833], [16.48885, 44.9066539], [16.4888199, 44.9066159], [16.4886256, 44.906298], [16.4884213, 44.9061865], [16.4883576, 44.906113], [16.488237, 44.9060727], [16.4880093, 44.906075], [16.4876709, 44.9059232], [16.4869642, 44.9057453], [16.4865522, 44.905489], [16.4856478, 44.9052447], [16.4850181, 44.9051878], [16.4846027, 44.9049125], [16.4838692, 44.9045235], [16.4835208, 44.9044855], [16.4833165, 44.9045116], [16.4831188, 44.9044689], [16.4828408, 44.9045187], [16.4822948, 44.9045401], [16.481511, 44.9043526], [16.4813302, 44.9042459], [16.4811828, 44.9040703], [16.4809182, 44.9037595], [16.4804928, 44.9034891], [16.4801779, 44.9036362], [16.4801209, 44.903629], [16.4800707, 44.9036124], [16.4800339, 44.9035792], [16.4799635, 44.9035152], [16.479863, 44.9034843], [16.4798262, 44.9034511], [16.4798094, 44.9034108], [16.4797726, 44.9033752], [16.4797257, 44.9033538], [16.4796755, 44.903342], [16.4796152, 44.9033301], [16.4795616, 44.9033087], [16.479518, 44.9032755], [16.4794912, 44.9032399], [16.4794443, 44.9032162], [16.4793907, 44.9032044], [16.4793338, 44.9031949], [16.4792233, 44.9031711], [16.4791764, 44.9031498], [16.4791328, 44.9031213], [16.4790993, 44.9030857], [16.4790792, 44.9030454], [16.4790725, 44.9030003], [16.4790524, 44.9029624], [16.4790223, 44.9029291], [16.4789888, 44.9028959], [16.4789586, 44.9028627], [16.4789385, 44.9028271], [16.4789218, 44.9027868], [16.4788749, 44.9027702], [16.4788213, 44.9027631], [16.478761, 44.9027583], [16.4787041, 44.9027465], [16.4785902, 44.9027085], [16.4785466, 44.90268], [16.4785131, 44.9026468], [16.4784595, 44.902578], [16.478426, 44.9025353], [16.4783122, 44.9025045], [16.478282, 44.9024712], [16.4782418, 44.9024404], [16.4781882, 44.9024309], [16.4781313, 44.9024214], [16.478071, 44.9024119], [16.4779002, 44.9024096], [16.4778399, 44.902419], [16.4777829, 44.902419], [16.4776623, 44.9024024], [16.4776087, 44.9023977], [16.4775485, 44.9023929], [16.4773776, 44.9023882], [16.477324, 44.9023858], [16.4772604, 44.9023811], [16.4772001, 44.9023787], [16.4771432, 44.9023692], [16.4770929, 44.9023574], [16.477036, 44.9023526], [16.4769924, 44.902374], [16.4769489, 44.9024024], [16.4768785, 44.9024119], [16.4768249, 44.9024072], [16.4767713, 44.9024096], [16.4767245, 44.9024333], [16.4766943, 44.9024665], [16.4766575, 44.9024973], [16.4766106, 44.9025211], [16.4765603, 44.9025424], [16.4765034, 44.9025614], [16.4764431, 44.902578], [16.4763928, 44.9025922], [16.4763426, 44.9026112], [16.4762857, 44.9026349], [16.4762388, 44.9026563], [16.4761952, 44.90268], [16.4761517, 44.9027037], [16.4761215, 44.9027441], [16.4760277, 44.9028247], [16.476011, 44.9028651], [16.4759641, 44.9028888], [16.4759072, 44.9028983], [16.4757966, 44.9028912], [16.4757497, 44.9028746], [16.4756861, 44.9028722], [16.4756459, 44.9028983], [16.4755956, 44.9029125], [16.4754818, 44.902903], [16.4754282, 44.902903], [16.4753712, 44.9029054], [16.4753143, 44.9029102], [16.4752004, 44.9029244], [16.4751501, 44.9029434], [16.4751032, 44.9029671], [16.4750296, 44.903024], [16.4750262, 44.9031071], [16.4750329, 44.9031498], [16.4750363, 44.9032305], [16.4750162, 44.9032637], [16.4749659, 44.9032826], [16.4749123, 44.9032969], [16.4747984, 44.9032969], [16.4746879, 44.9033135], [16.474651, 44.903342], [16.4746276, 44.9033775], [16.4746142, 44.9034203], [16.4745975, 44.9034582], [16.4745405, 44.9035389], [16.4744836, 44.9036077], [16.4744568, 44.9036528], [16.4744199, 44.9037358], [16.4744065, 44.9037714], [16.4743998, 44.9038924], [16.4743831, 44.903928], [16.474363, 44.9039659], [16.4743395, 44.9039991], [16.4742257, 44.9041367], [16.4741888, 44.90417], [16.4741553, 44.9041984], [16.4741218, 44.9042316], [16.4740314, 44.9042862], [16.4739845, 44.9043028], [16.4739342, 44.9043171], [16.4738739, 44.9043218], [16.4738203, 44.9043218], [16.4737668, 44.9043123], [16.4737165, 44.9042933], [16.4736629, 44.9042744], [16.4736093, 44.904272], [16.4735557, 44.9042886], [16.4735021, 44.9043028], [16.4734519, 44.9043123], [16.4732844, 44.9043099], [16.4731169, 44.9043337], [16.4730667, 44.904355], [16.4730231, 44.9043811], [16.4730097, 44.9044191], [16.4730265, 44.9044547], [16.4730633, 44.9044855], [16.4731203, 44.9045021], [16.4731772, 44.9044879], [16.4732342, 44.9044879], [16.4732911, 44.9045021], [16.4733347, 44.9045282], [16.4733883, 44.9045448], [16.4735088, 44.9045614], [16.4736026, 44.9046136], [16.4736261, 44.9046516], [16.4736227, 44.9046943], [16.4736127, 44.9047346], [16.4735892, 44.9047702], [16.473539, 44.9047916], [16.4733682, 44.9047963], [16.4733079, 44.904801], [16.4732543, 44.9048129], [16.473204, 44.9048319], [16.473194, 44.9048746], [16.473204, 44.9049149], [16.4732409, 44.9049434], [16.4732978, 44.9050003], [16.4733682, 44.9050644], [16.4733916, 44.9051], [16.4733916, 44.9051379], [16.4733715, 44.9051735], [16.473338, 44.9052044], [16.4733079, 44.9052376], [16.4732643, 44.9052637], [16.4732074, 44.9052732], [16.4731504, 44.9052732], [16.4731035, 44.9052566], [16.4730767, 44.905221], [16.4730499, 44.9051854], [16.4730198, 44.9051498], [16.4729762, 44.9051189], [16.4729327, 44.9050976], [16.4728825, 44.9050834], [16.4728255, 44.9050691], [16.4727183, 44.9050573], [16.4726614, 44.9050573], [16.4725475, 44.9050715], [16.4724973, 44.9050834], [16.4724437, 44.9051], [16.4723901, 44.9051189], [16.4723365, 44.9051379], [16.4722896, 44.9051593], [16.472246, 44.9051878], [16.4722092, 44.9052138], [16.4721824, 44.9052447], [16.4721489, 44.9052803], [16.4721087, 44.9053538], [16.4720953, 44.9053942], [16.4720819, 44.9054796], [16.4720752, 44.905565], [16.4720417, 44.9056456], [16.4720149, 44.905686], [16.4719345, 44.9057405], [16.4718742, 44.90575], [16.4718206, 44.90575], [16.471767, 44.9057453], [16.4717134, 44.9057358], [16.4716599, 44.9057263], [16.4716063, 44.9057263], [16.4714957, 44.9057429], [16.4714321, 44.9057595], [16.4713852, 44.9057761], [16.4713383, 44.9057975], [16.4712947, 44.9058164], [16.4712512, 44.905852], [16.4712177, 44.9058829], [16.4711976, 44.9059232], [16.4711574, 44.906011], [16.4711608, 44.9060489], [16.4711742, 44.9060869], [16.4712278, 44.9061059], [16.4712881, 44.9061201], [16.4713316, 44.9061533], [16.4713617, 44.9061889], [16.4713651, 44.906234], [16.4713651, 44.9062791], [16.4713483, 44.9063645], [16.471355, 44.9064048], [16.4713785, 44.9064499], [16.4713986, 44.9064855], [16.4714254, 44.906521], [16.4714455, 44.906559], [16.4714421, 44.906642], [16.4714388, 44.90668], [16.4714522, 44.9067203], [16.4714522, 44.9067583], [16.4714455, 44.9067962], [16.4714153, 44.9068271], [16.4713651, 44.9068437], [16.4713182, 44.9068603], [16.4712646, 44.9068722], [16.4712144, 44.9068911], [16.471134, 44.9069931], [16.4711273, 44.9070335], [16.4711273, 44.9070738], [16.4711105, 44.9071118], [16.4710636, 44.9071307], [16.4710067, 44.9071474], [16.4709028, 44.9071616], [16.4708426, 44.907164], [16.4707856, 44.9071711], [16.4707421, 44.9071924], [16.4707052, 44.9072209], [16.4706684, 44.9072517], [16.4705712, 44.9073656], [16.470598, 44.9075103], [16.4705258, 44.9079703], [16.4705873, 44.9080106], [16.4706015, 44.9080391], [16.47063, 44.9080576], [16.4707437, 44.9080928], [16.4707744, 44.9081129], [16.4707958, 44.9081398], [16.4708218, 44.9081632], [16.4708573, 44.9081783], [16.4708929, 44.9081934], [16.4709237, 44.9082119], [16.4709379, 44.9082404], [16.4709521, 44.9082672], [16.47099, 44.9082807], [16.4710302, 44.9082807], [16.471061, 44.9082991], [16.4710895, 44.9083193], [16.4711297, 44.9083209], [16.4711653, 44.908336], [16.4711937, 44.9083562], [16.4712292, 44.9083696], [16.4712718, 44.9083763], [16.4713003, 44.9083947], [16.4713168, 44.9084182], [16.4713429, 44.90844], [16.4713784, 44.9084501], [16.4714566, 44.9084669], [16.4714897, 44.9084836], [16.4715111, 44.9085088], [16.47153, 44.908534], [16.471571, 44.9085827], [16.4714069, 44.9086847], [16.4711758, 44.9089646], [16.4708509, 44.9091734], [16.4705427, 44.9092398], [16.4703987, 44.9093892], [16.4701944, 44.9092018], [16.470191, 44.9090073], [16.470392, 44.9088199], [16.4704556, 44.9083407], [16.4704389, 44.9082956], [16.4701073, 44.9084783], [16.4700336, 44.9081675], [16.4696249, 44.9077523], [16.4687071, 44.9070976], [16.4681879, 44.9067441], [16.468054, 44.906559], [16.4679736, 44.9065235], [16.4678496, 44.9064214], [16.467719, 44.9062625], [16.4675783, 44.9060419], [16.4674443, 44.9059161], [16.466627, 44.9055531], [16.4658097, 44.90524], [16.4656523, 44.9052803], [16.4653676, 44.9052234], [16.4649589, 44.9052305], [16.4645201, 44.9051641], [16.4641115, 44.905221], [16.4637464, 44.9054464], [16.4637564, 44.9056053], [16.4639105, 44.9057097], [16.4639641, 44.9062862], [16.4632674, 44.9063764], [16.4629793, 44.9061202], [16.4627314, 44.9060015], [16.4628453, 44.9057809], [16.4627013, 44.9056694], [16.4627817, 44.9052803], [16.4628891, 44.9046973], [16.4628891, 44.9045983], [16.4628441, 44.9044641], [16.4627446, 44.9043618], [16.4626881, 44.9043341], [16.4625907, 44.9042863], [16.4623301, 44.9042544], [16.4617735, 44.9042443], [16.461513, 44.9042561], [16.4612146, 44.9043148], [16.4609659, 44.9043349], [16.4607622, 44.9043366], [16.4605135, 44.9043634], [16.4602506, 44.9044138], [16.4599877, 44.9044691], [16.4597028, 44.9045806], [16.4595447, 44.9046302], [16.4593624, 44.9046805], [16.4591895, 44.9047694], [16.4589597, 44.9049674], [16.458666, 44.9052089], [16.458415, 44.9054086], [16.4582558, 44.9054725], [16.4581431, 44.9055673], [16.4580562, 44.9056731], [16.457916, 44.9058196], [16.4578056, 44.9058757], [16.4576382, 44.9060478], [16.4574014, 44.9062439], [16.4572451, 44.9063854], [16.4570937, 44.9065517], [16.4569154, 44.9068395], [16.4567126, 44.9070972], [16.456591, 44.9072008], [16.4562525, 44.9068932], [16.4560559, 44.9067657], [16.4557812, 44.9066617], [16.4555375, 44.9065951], [16.4550706, 44.9062255], [16.4549688, 44.9060913], [16.4547959, 44.9060091], [16.4547374, 44.9059703], [16.4546774, 44.9059018], [16.4534979, 44.9052459], [16.4533913, 44.9051167], [16.4530526, 44.9049573], [16.452875, 44.904808], [16.4525931, 44.9044876], [16.4520578, 44.9041839], [16.4515391, 44.9036773], [16.450857, 44.90307], [16.4508309, 44.9029761], [16.4504401, 44.9026456], [16.450092, 44.9024258], [16.4499049, 44.9024275], [16.4497059, 44.9024795], [16.4492748, 44.9026724], [16.4491256, 44.9026472], [16.449019, 44.9025701], [16.4489077, 44.9023587], [16.4488272, 44.9024661], [16.4487751, 44.9025399], [16.4487301, 44.9026573], [16.4486969, 44.9027613], [16.448704, 44.9029022], [16.4480953, 44.9028838], [16.4473942, 44.9032931], [16.4472071, 44.9032948], [16.4469276, 44.9034525], [16.4468376, 44.9034072], [16.4466102, 44.9035515], [16.4464871, 44.9035951], [16.4463757, 44.9036354], [16.4462478, 44.903726], [16.4462786, 44.90383], [16.446146, 44.9039424], [16.4459447, 44.904194], [16.4458239, 44.9044624], [16.4457244, 44.904803], [16.445741, 44.9050546], [16.4455752, 44.9051938], [16.4450541, 44.9054673], [16.4450636, 44.9059588], [16.4447912, 44.9062323], [16.4444454, 44.9065426], [16.4441517, 44.9067154], [16.443858, 44.9068311], [16.4436259, 44.9069704], [16.4432185, 44.9073897], [16.442849, 44.9077437], [16.4421811, 44.9083057], [16.4416055, 44.9078494], [16.4413308, 44.9075609], [16.4408737, 44.9070962], [16.4407931, 44.9070123], [16.4407766, 44.906962], [16.4407884, 44.9068915], [16.4408452, 44.9068295], [16.4410229, 44.9067104], [16.4413426, 44.9065074], [16.4415961, 44.9062608], [16.4417267, 44.9061838], [16.4418116, 44.9060477], [16.4419845, 44.9056065], [16.4421029, 44.9051871], [16.442155, 44.9048147], [16.4421385, 44.904652], [16.4420887, 44.9045195], [16.4419608, 44.9043735], [16.4418305, 44.9042661], [16.4415984, 44.9041605], [16.4413166, 44.9040799], [16.4408831, 44.9039961], [16.4406794, 44.9039256], [16.4403052, 44.9037058], [16.4399736, 44.9035263], [16.4394597, 44.9032864], [16.4388367, 44.9031187], [16.4380954, 44.9028939], [16.4379391, 44.9031438], [16.4377093, 44.9033049], [16.4375814, 44.9038434], [16.4376762, 44.9039742], [16.4375293, 44.9040715], [16.4372617, 44.9042091], [16.4371669, 44.9043416], [16.4371717, 44.9044725], [16.4370722, 44.9045597], [16.437058, 44.9046788], [16.4369253, 44.904813], [16.4367761, 44.904902], [16.4367397, 44.9048977], [16.4364985, 44.9049831], [16.4362305, 44.9049973], [16.4358386, 44.9053105], [16.4356075, 44.9053651], [16.4350515, 44.9056735], [16.4347031, 44.9056687], [16.4344084, 44.9057755], [16.4342174, 44.9057541], [16.4339361, 44.905868], [16.433705, 44.9058728], [16.4330049, 44.9061005], [16.4325761, 44.9060554], [16.4324321, 44.9060981], [16.4320335, 44.9064611], [16.4313703, 44.9065014], [16.4311425, 44.9066058], [16.4309013, 44.9066224], [16.4290122, 44.9056806], [16.4276053, 44.9054671], [16.4241787, 44.904352], [16.4240246, 44.9042405], [16.4223364, 44.9035786], [16.422122, 44.9039606], [16.4216665, 44.9046581], [16.4213952, 44.9052725], [16.4212612, 44.9056758], [16.4210502, 44.9060815], [16.4207956, 44.9063306], [16.4206449, 44.9064089], [16.4204807, 44.906435], [16.4203032, 44.9064398], [16.4201123, 44.9064611], [16.4199146, 44.9064943], [16.4195194, 44.9064848], [16.4190906, 44.906473], [16.4188662, 44.9064825], [16.4187356, 44.9065109], [16.4185447, 44.9065797], [16.4182767, 44.9066889], [16.4180154, 44.9067529], [16.4178211, 44.9067672], [16.4175934, 44.9067648], [16.4173656, 44.9067126], [16.4170809, 44.9066201], [16.4167292, 44.9066082], [16.4163674, 44.9065347], [16.415942, 44.9065275], [16.4153759, 44.9064943], [16.4148567, 44.9063971], [16.4140964, 44.9061788], [16.4131819, 44.9054766], [16.4126326, 44.9047577], [16.4121168, 44.9044659], [16.4119225, 44.9041765], [16.4115272, 44.903645], [16.411343, 44.903505], [16.4111856, 44.9034291], [16.4109612, 44.9033603], [16.4107166, 44.9032583], [16.4105793, 44.9032203], [16.4102745, 44.9032393], [16.4100166, 44.9032702], [16.4097084, 44.9033556], [16.409427, 44.9034647], [16.4091993, 44.9035477], [16.4088878, 44.9035857], [16.4086198, 44.9036071], [16.4083418, 44.9035952], [16.408104, 44.9035738], [16.4078795, 44.9035738], [16.4075982, 44.9036071], [16.4073871, 44.9036593], [16.4071024, 44.9037684], [16.4058061, 44.9035549], [16.4055516, 44.903626], [16.4053104, 44.903626], [16.4049017, 44.9036474], [16.4045199, 44.9037091], [16.4040911, 44.9037304], [16.4031532, 44.9035786], [16.4024364, 44.9033318], [16.4017565, 44.9028479], [16.401321, 44.9026889], [16.401254, 44.9025821], [16.4010396, 44.9025181], [16.4008219, 44.9025442], [16.3997969, 44.9019249], [16.3992845, 44.9019131], [16.3991438, 44.9018538], [16.3987485, 44.9017351], [16.3984839, 44.9016972], [16.3974087, 44.9017399], [16.3971374, 44.9017375], [16.3969699, 44.9016711], [16.396722, 44.9014219], [16.3966215, 44.9012725], [16.3965981, 44.9011372], [16.3965981, 44.9010115], [16.3965679, 44.9008976], [16.3962095, 44.9007624], [16.3959047, 44.9002736], [16.3957607, 44.8999343], [16.3948831, 44.8995974], [16.3941127, 44.8993079], [16.3942232, 44.8992605], [16.3939653, 44.8988974], [16.3920393, 44.8962661], [16.3915983, 44.8947691], [16.3911648, 44.8933161], [16.390909, 44.8924553], [16.390838, 44.8920425], [16.3906722, 44.8911079], [16.3904022, 44.8897101], [16.3905016, 44.8896128], [16.3907977, 44.8891094], [16.3908285, 44.8884415], [16.390864, 44.8881562], [16.3909825, 44.8876612], [16.3911104, 44.8875253], [16.3930123, 44.8871914], [16.3934007, 44.8871041], [16.3937181, 44.8869816], [16.3938934, 44.8868356], [16.3941136, 44.8865755], [16.3942297, 44.8862634], [16.3942913, 44.8858875], [16.3942771, 44.8855871], [16.3943055, 44.8853622], [16.3945471, 44.8850014], [16.3946395, 44.8847866], [16.3948053, 44.8845315], [16.3954495, 44.8841741], [16.3958569, 44.8840163], [16.3953334, 44.8832057], [16.3952861, 44.8825932], [16.395139, 44.8819561], [16.3952663, 44.8819739], [16.3953685, 44.8819514], [16.3955494, 44.8818481], [16.3957939, 44.8817888], [16.3963265, 44.8815538], [16.3962511, 44.8814767], [16.3963834, 44.881415], [16.3965911, 44.8813307], [16.3969445, 44.8812097], [16.3972342, 44.8811254], [16.3965794, 44.8804549], [16.3966706, 44.8804205], [16.3966603, 44.8803974], [16.3966437, 44.8803705], [16.3966153, 44.8803504], [16.3965797, 44.8803386], [16.3965371, 44.8803319], [16.396504, 44.8803202], [16.3964921, 44.8802917], [16.3965063, 44.8802631], [16.3965276, 44.8802379], [16.3965276, 44.8802061], [16.3965253, 44.8801775], [16.3965134, 44.8801507], [16.3965063, 44.8801205], [16.3964897, 44.8800953], [16.3964637, 44.8800735], [16.3964329, 44.880055], [16.3964068, 44.8800349], [16.3963903, 44.8800063], [16.3963832, 44.8799745], [16.3963808, 44.8799442], [16.3963666, 44.8799157], [16.3963476, 44.8798855], [16.3963239, 44.8798587], [16.3963003, 44.8798318], [16.3962718, 44.8798133], [16.3962339, 44.8797932], [16.3962032, 44.8797714], [16.3961984, 44.8797428], [16.3962008, 44.879711], [16.3962126, 44.8796791], [16.3962387, 44.8796573], [16.3962647, 44.8796354], [16.3962837, 44.8796103], [16.3962837, 44.8795784], [16.3962789, 44.8795482], [16.3962576, 44.879523], [16.3962245, 44.8795045], [16.3961866, 44.8794945], [16.396151, 44.8794827], [16.3961203, 44.8794626], [16.3960918, 44.8794374], [16.3960824, 44.8794089], [16.3960824, 44.8793787], [16.3961108, 44.8793535], [16.3961439, 44.8793333], [16.3961676, 44.8793082], [16.3961605, 44.8792494], [16.3961676, 44.8792192], [16.3961842, 44.879194], [16.3962174, 44.8791722], [16.3962837, 44.879142], [16.3963216, 44.8791202], [16.3963547, 44.8790984], [16.3963713, 44.8790715], [16.3963547, 44.8790447], [16.3963334, 44.8790161], [16.3963263, 44.8789826], [16.3963476, 44.8789557], [16.3963666, 44.8789289], [16.3963784, 44.878855], [16.3963832, 44.8788231], [16.3963926, 44.8787912], [16.396414, 44.8787677], [16.39644, 44.8787459], [16.3964708, 44.8787258], [16.3965063, 44.8787073], [16.3965347, 44.8786855], [16.3965632, 44.8786586], [16.396575, 44.8786268], [16.3965797, 44.8785949], [16.3965797, 44.878563], [16.3965726, 44.8785328], [16.3965537, 44.8785059], [16.3965324, 44.8784807], [16.3965158, 44.8784556], [16.3964968, 44.878427], [16.3964779, 44.8783985], [16.3964566, 44.87837], [16.3964258, 44.8783515], [16.3963903, 44.8783381], [16.39635, 44.878328], [16.3963097, 44.8783163], [16.3962789, 44.8782944], [16.3962624, 44.8782676], [16.3962482, 44.8782407], [16.3962292, 44.8782156], [16.3961937, 44.8782055], [16.3961582, 44.8782189], [16.3961416, 44.8782458], [16.3961274, 44.878271], [16.3960918, 44.8782877], [16.3960563, 44.8782961], [16.3960231, 44.8783112], [16.3960113, 44.8783381], [16.3960066, 44.8783683], [16.3959947, 44.8783951], [16.395971, 44.878417], [16.3959331, 44.8784287], [16.3958952, 44.878427], [16.3958573, 44.8784153], [16.3958266, 44.8783951], [16.3958123, 44.8783666], [16.3958076, 44.8783364], [16.3958195, 44.8783079], [16.3958408, 44.8782844], [16.3958431, 44.8782558], [16.3958313, 44.878229], [16.39581, 44.8782005], [16.3957792, 44.8781803], [16.3957389, 44.8781803], [16.3956987, 44.878187], [16.3956584, 44.8781988], [16.3956229, 44.8782156], [16.3955944, 44.878234], [16.3955684, 44.8782844], [16.3955471, 44.8783079], [16.395521, 44.878328], [16.3954808, 44.8783347], [16.3954405, 44.8783347], [16.3954026, 44.8783263], [16.3953789, 44.8783012], [16.3953694, 44.8782726], [16.3953742, 44.8782424], [16.3953884, 44.8782156], [16.3954002, 44.8781887], [16.3954121, 44.8781585], [16.3954097, 44.8781249], [16.3953979, 44.8780981], [16.3953789, 44.8780712], [16.3953505, 44.8780511], [16.395315, 44.8780326], [16.3952818, 44.8780209], [16.3952463, 44.8780091], [16.3952107, 44.8779923], [16.3951776, 44.8779705], [16.3951539, 44.877947], [16.3951421, 44.8779185], [16.3951349, 44.87789], [16.395116, 44.8778648], [16.3950828, 44.8778497], [16.3950426, 44.877848], [16.3950047, 44.8778564], [16.3949739, 44.8778749], [16.3949526, 44.8778984], [16.3949431, 44.8779235], [16.3949384, 44.8779521], [16.3949289, 44.8779789], [16.3949005, 44.8779974], [16.3948626, 44.877994], [16.394827, 44.8779806], [16.3947891, 44.8779722], [16.3947441, 44.8779655], [16.3946991, 44.8779621], [16.3946589, 44.8779571], [16.3946139, 44.8779521], [16.3945736, 44.877947], [16.3945239, 44.877947], [16.394486, 44.8779487], [16.3944481, 44.8779537], [16.3944054, 44.8779537], [16.3943652, 44.8779521], [16.394332, 44.8779386], [16.3943225, 44.8779084], [16.3943368, 44.8778799], [16.3943533, 44.8778547], [16.3943865, 44.8778346], [16.394422, 44.8778161], [16.3944481, 44.8777926], [16.3944457, 44.8777607], [16.3944125, 44.8777456], [16.394377, 44.877759], [16.3943415, 44.8777658], [16.3943012, 44.8777607], [16.3942752, 44.8777372], [16.3942704, 44.8777087], [16.394287, 44.8776349], [16.3942894, 44.8776063], [16.3942846, 44.8775778], [16.394261, 44.8775543], [16.3942278, 44.8775425], [16.3941852, 44.8775425], [16.3941425, 44.8775493], [16.3941023, 44.8775493], [16.3940667, 44.8775375], [16.3940478, 44.8775123], [16.3940478, 44.8774821], [16.3940502, 44.8774536], [16.3940502, 44.8774234], [16.3940312, 44.8773982], [16.3940075, 44.8773747], [16.3939791, 44.8773529], [16.3939507, 44.8773327], [16.3938773, 44.8773109], [16.3938394, 44.8773025], [16.3938015, 44.8773025], [16.3937612, 44.8773092], [16.393728, 44.877321], [16.3936878, 44.877326], [16.3936475, 44.8773294], [16.3936072, 44.8773277], [16.393567, 44.877321], [16.3934912, 44.8772975], [16.3934533, 44.8772874], [16.393413, 44.8772841], [16.3933704, 44.8772841], [16.3933301, 44.8772891], [16.3932993, 44.8773076], [16.3932709, 44.877326], [16.393233, 44.8773361], [16.393188, 44.8773327], [16.3931406, 44.877326], [16.3931075, 44.8773126], [16.3930862, 44.8772874], [16.393072, 44.8772623], [16.3930506, 44.8772371], [16.3930199, 44.8772186], [16.3929796, 44.8772001], [16.3929441, 44.877185], [16.3929062, 44.8771783], [16.3928612, 44.8771699], [16.3928138, 44.8771615], [16.3927664, 44.8771548], [16.3927191, 44.8771515], [16.3926338, 44.8771498], [16.3925983, 44.8771649], [16.3925746, 44.8771867], [16.3925533, 44.8772119], [16.3925414, 44.8772388], [16.3925272, 44.8772639], [16.3925011, 44.8772908], [16.3924775, 44.8773109], [16.3924467, 44.877326], [16.3924135, 44.8773395], [16.3923756, 44.8773562], [16.3923543, 44.8773797], [16.3923614, 44.8774083], [16.392359, 44.8774351], [16.3923425, 44.8774603], [16.392314, 44.8774788], [16.3922761, 44.8774888], [16.3922359, 44.8774888], [16.392198, 44.8774872], [16.392153, 44.8774872], [16.3921127, 44.8774922], [16.3920795, 44.8775056], [16.3920417, 44.8775157], [16.3920014, 44.877514], [16.3919611, 44.8775107], [16.3919232, 44.8775023], [16.3918924, 44.8774821], [16.3918711, 44.8774569], [16.3918664, 44.8774267], [16.3918664, 44.8773982], [16.391883, 44.8773713], [16.3919043, 44.8773445], [16.3919019, 44.877316], [16.3918901, 44.8772874], [16.3918545, 44.8772757], [16.3918143, 44.877279], [16.3917859, 44.8773009], [16.3917716, 44.8773277], [16.391774, 44.8773579], [16.3917811, 44.8773865], [16.3917811, 44.8774133], [16.3917716, 44.8774418], [16.3917622, 44.8774704], [16.3917385, 44.8774922], [16.391703, 44.877509], [16.3916627, 44.8775073], [16.3916343, 44.8774855], [16.3916224, 44.8774569], [16.3915893, 44.8774418], [16.3915466, 44.8774402], [16.3915016, 44.8774301], [16.3914827, 44.8774066], [16.391485, 44.8773781], [16.3914779, 44.8773478], [16.391459, 44.8773227], [16.3914211, 44.8773193], [16.3913737, 44.877321], [16.3913358, 44.8773227], [16.3913121, 44.8773428], [16.391279, 44.8773613], [16.3912435, 44.8773747], [16.3912079, 44.8773831], [16.3911558, 44.8773865], [16.3911156, 44.8773865], [16.3910753, 44.8773848], [16.3910374, 44.8773898], [16.3909521, 44.8774099], [16.3909119, 44.87742], [16.3908716, 44.8774402], [16.3908503, 44.8774653], [16.3908503, 44.8774939], [16.3908432, 44.8775241], [16.3908171, 44.8775476], [16.390784, 44.8775677], [16.3907484, 44.8775862], [16.3907153, 44.8775979], [16.3906798, 44.8776046], [16.3906371, 44.8776063], [16.3905992, 44.8776147], [16.3905684, 44.8776281], [16.3905542, 44.8776516], [16.3905708, 44.8776802], [16.3905992, 44.877702], [16.3906205, 44.8777255], [16.3906205, 44.8777557], [16.3906134, 44.8777825], [16.3905969, 44.8778077], [16.3905732, 44.8778295], [16.3905376, 44.8778396], [16.3904997, 44.877848], [16.3904571, 44.8778514], [16.3904168, 44.877848], [16.3903695, 44.8778379], [16.3903292, 44.8778262], [16.3902913, 44.877806], [16.3902747, 44.8777775], [16.3902676, 44.877749], [16.390251, 44.8777238], [16.3901681, 44.8777204], [16.3901303, 44.8777121], [16.3901184, 44.8776516], [16.3900876, 44.8776298], [16.3900497, 44.8776265], [16.3900071, 44.8776298], [16.3899668, 44.8776416], [16.3899337, 44.8776583], [16.3898981, 44.8776768], [16.3898602, 44.8776802], [16.3898223, 44.8776701], [16.3897797, 44.87766], [16.3897347, 44.87766], [16.3896921, 44.8776701], [16.3896589, 44.8776886], [16.389621, 44.8777087], [16.3895855, 44.8777204], [16.3895429, 44.8777188], [16.3895097, 44.8777053], [16.3894765, 44.8776869], [16.3894363, 44.8776818], [16.3894007, 44.8776902], [16.38937, 44.8777154], [16.3893415, 44.8777372], [16.389306, 44.8777456], [16.3892634, 44.8777406], [16.3892184, 44.8777171], [16.3892018, 44.8776902], [16.3892184, 44.8776684], [16.3892184, 44.8776399], [16.3892089, 44.8776114], [16.3891852, 44.8775895], [16.3891568, 44.8775677], [16.3891189, 44.8775576], [16.389081, 44.8775576], [16.3890431, 44.877561], [16.3890028, 44.8775694], [16.3889673, 44.8775795], [16.388927, 44.8775879], [16.3888844, 44.8775879], [16.3888441, 44.8775811], [16.3888086, 44.8775728], [16.3887684, 44.8775728], [16.3887257, 44.8775778], [16.3886855, 44.8775778], [16.3886428, 44.8775728], [16.3886049, 44.8775677], [16.3885647, 44.877561], [16.3885268, 44.8775509], [16.388406, 44.8775258], [16.3883633, 44.8775258], [16.3883207, 44.8775325], [16.3883041, 44.8775576], [16.3883183, 44.8775845], [16.3883396, 44.8776097], [16.388361, 44.8776315], [16.3883894, 44.8776567], [16.3884131, 44.8776802], [16.3884439, 44.8777003], [16.3884699, 44.8777255], [16.3884841, 44.8777557], [16.388477, 44.8777859], [16.388451, 44.8778044], [16.3884178, 44.8778178], [16.3883846, 44.8778279], [16.3883444, 44.877843], [16.3883065, 44.8778547], [16.3882639, 44.8778665], [16.3882212, 44.8778732], [16.388181, 44.8778715], [16.3881407, 44.8778631], [16.3881028, 44.8778514], [16.3880625, 44.8778413], [16.3880246, 44.8778379], [16.3879867, 44.8778379], [16.3879488, 44.877843], [16.3879157, 44.8778564], [16.3878825, 44.8778715], [16.3878825, 44.8779], [16.3878636, 44.8779252], [16.3878233, 44.8779185], [16.3877854, 44.8779067], [16.3877499, 44.877895], [16.387712, 44.8778765], [16.3876788, 44.8778631], [16.387648, 44.8778463], [16.3876149, 44.8778346], [16.3875746, 44.8778279], [16.3875343, 44.8778245], [16.3874965, 44.8778195], [16.3874562, 44.8778111], [16.3874136, 44.8778027], [16.3873804, 44.8777842], [16.3873567, 44.8777607], [16.3873449, 44.8777339], [16.3873449, 44.8777053], [16.3873425, 44.8776768], [16.3873354, 44.8776483], [16.3873022, 44.8776315], [16.3872549, 44.8776281], [16.387217, 44.8776365], [16.3871838, 44.8776516], [16.3871506, 44.8776634], [16.3871175, 44.8776768], [16.3870772, 44.8776718], [16.387037, 44.8776617], [16.3869991, 44.8776449], [16.3869612, 44.8776248], [16.3869398, 44.8776013], [16.3869233, 44.8775677], [16.3869185, 44.8775392], [16.3869185, 44.877509], [16.3869138, 44.8774771], [16.386902, 44.8774486], [16.3868664, 44.8774351], [16.3868262, 44.8774368], [16.3867883, 44.8774486], [16.3867551, 44.877467], [16.3867219, 44.8774838], [16.3866888, 44.8774955], [16.3866485, 44.8774972], [16.3866012, 44.8774955], [16.3865585, 44.8774888], [16.3865277, 44.877472], [16.3865017, 44.8774486], [16.386478, 44.8774267], [16.3864543, 44.8774032], [16.3864235, 44.8773848], [16.3863785, 44.8773747], [16.386298, 44.8773764], [16.3862601, 44.8773814], [16.3862103, 44.8773896], [16.3861709, 44.8773863], [16.3861247, 44.8773736], [16.3860778, 44.877357], [16.3860376, 44.8773261], [16.3860108, 44.8772905], [16.3859941, 44.8772501], [16.3859773, 44.8772122], [16.3859606, 44.8771718], [16.3859305, 44.8771338], [16.385897, 44.8771006], [16.3858501, 44.8770769], [16.3857965, 44.8770603], [16.3857395, 44.8770484], [16.3856859, 44.8770365], [16.3856323, 44.8770294], [16.3855687, 44.8770199], [16.3855084, 44.8770104], [16.3854548, 44.8770009], [16.3854046, 44.8769843], [16.3853577, 44.8769606], [16.3852773, 44.8769083], [16.3852404, 44.8768751], [16.3852136, 44.8768371], [16.3851902, 44.8767992], [16.3851667, 44.8767612], [16.3851466, 44.8767232], [16.3851031, 44.8766472], [16.3850663, 44.8766164], [16.3850194, 44.8765879], [16.3849658, 44.8765737], [16.3849122, 44.8765642], [16.3848552, 44.8765665], [16.3847983, 44.876576], [16.3847447, 44.8765689], [16.3846944, 44.8765523], [16.3846476, 44.8765357], [16.3845696, 44.8765062], [16.3845623, 44.8764636], [16.3845087, 44.87639], [16.3843245, 44.8763473], [16.384301, 44.8761408], [16.3842742, 44.8761075], [16.3842139, 44.8761051], [16.3840967, 44.8761431], [16.3840465, 44.8760838], [16.3839225, 44.8760719], [16.3839326, 44.8759271], [16.3838421, 44.8758607], [16.383822, 44.8756945], [16.3837249, 44.875545], [16.3835675, 44.875431], [16.3835507, 44.8752649], [16.3836211, 44.8751557], [16.3836144, 44.8750204], [16.3834871, 44.8749397], [16.3835306, 44.8748969], [16.3833363, 44.874643], [16.3832191, 44.8747023], [16.3830851, 44.8747284], [16.382777, 44.8746833], [16.3825626, 44.8745528], [16.3823616, 44.8745053], [16.3818257, 44.8744198], [16.3816247, 44.8744365], [16.3814907, 44.8744982], [16.3813869, 44.8744792], [16.3813232, 44.8743985], [16.3811993, 44.8743296], [16.3810352, 44.8741255], [16.3807069, 44.8738525], [16.379692, 44.8733089], [16.3795312, 44.8731119], [16.3789484, 44.8729315], [16.3784761, 44.8728365], [16.3776956, 44.8728057], [16.3770324, 44.8726728], [16.3765567, 44.872649], [16.3759371, 44.8725161], [16.3754983, 44.872198], [16.3750025, 44.8718063], [16.3730966, 44.870204], [16.3732205, 44.8698265], [16.3730933, 44.8697434], [16.3729425, 44.8695369], [16.3727181, 44.8694016], [16.3727616, 44.8691476], [16.3724133, 44.8686704], [16.3724032, 44.8683072], [16.3723229, 44.8681434], [16.3723496, 44.8678799], [16.3724568, 44.8677113], [16.3723295, 44.8674526], [16.3727482, 44.8665481], [16.3728152, 44.8662561], [16.372909, 44.8660851], [16.3729626, 44.865805], [16.3729593, 44.8656127], [16.3730397, 44.865456], [16.37311, 44.865183], [16.3731033, 44.8650263], [16.373311, 44.8644826], [16.3732607, 44.8643568], [16.3730028, 44.8640648], [16.3729928, 44.8637466], [16.3722592, 44.863089], [16.3718171, 44.8628824], [16.3711371, 44.8627186], [16.3711471, 44.8625144], [16.3712476, 44.8623411], [16.3713816, 44.8622509], [16.3715256, 44.8621844], [16.3716027, 44.8620633], [16.3716429, 44.8619328], [16.3714218, 44.8615861], [16.3706481, 44.8608311], [16.3703667, 44.8605961], [16.3702628, 44.8597128]]]}}]}