{"type": "FeatureCollection", "features": [{"type": "Feature", "properties": {"name": "Grad Prijedor, Република Српска / Republika Srpska, Bosna i Hercegovina / Босна и Херцеговина", "source": "OpenStreetMap relation 5729592", "licence": "ODbL 1.0"}, "geometry": {"type": "Polygon", "coordinates": [[[16.4816332, 44.9434355], [16.4816507, 44.9433755], [16.4816432, 44.9432869], [16.4816407, 44.9432457], [16.4819153, 44.9432232], [16.4819203, 44.9431533], [16.4818816, 44.9430821], [16.4818267, 44.9429311], [16.4818404, 44.9428886], [16.4818317, 44.94282], [16.4818005, 44.9427713], [16.4817468, 44.9426926], [16.4816557, 44.942554], [16.4816469, 44.9424866], [16.4816744, 44.9423905], [16.4817006, 44.9423518], [16.481818, 44.9422669], [16.4818454, 44.9421732], [16.4818404, 44.942117], [16.4817942, 44.9421096], [16.4817568, 44.942127], [16.4817655, 44.9421707], [16.481763, 44.9421957], [16.4817231, 44.9422207], [16.4816869, 44.9421957], [16.4816719, 44.9421445], [16.4816844, 44.9420996], [16.4817343, 44.9420521], [16.482019, 44.941735], [16.4821688, 44.9416426], [16.4823603, 44.9415315], [16.4824318, 44.9414599], [16.482438, 44.9414237], [16.4824309, 44.9413858], [16.4824018, 44.9413778], [16.4823876, 44.9413876], [16.4823453, 44.9413973], [16.4823276, 44.9413787], [16.4823523, 44.9413372], [16.4824, 44.9413072], [16.4825015, 44.9412348], [16.4825218, 44.9411748], [16.482513, 44.9411289], [16.4824945, 44.9411059], [16.4824697, 44.94106], [16.4824636, 44.9410441], [16.4825077, 44.9409603], [16.4825616, 44.9409426], [16.4825748, 44.9409241], [16.4825722, 44.9408949], [16.4825775, 44.9408614], [16.4826092, 44.9408331], [16.4826816, 44.9408172], [16.4827346, 44.9408181], [16.4827982, 44.9407837], [16.4828088, 44.9407696], [16.4828282, 44.9407095], [16.4828591, 44.9406804], [16.48289, 44.9406725], [16.4830436, 44.940646], [16.483093, 44.9406124], [16.4831239, 44.9405859], [16.4831689, 44.940578], [16.4832113, 44.9405895], [16.4833376, 44.9406036], [16.4834161, 44.9405736], [16.4834294, 44.940548], [16.483432, 44.9405294], [16.4834276, 44.9404526], [16.4834568, 44.9404094], [16.4835327, 44.9403785], [16.4835795, 44.940337], [16.4835848, 44.9402955], [16.4835795, 44.9402619], [16.4835954, 44.9402222], [16.4836395, 44.9401949], [16.4836616, 44.9401834], [16.483673, 44.9401472], [16.4836554, 44.9401066], [16.4836545, 44.940066], [16.4836616, 44.9400298], [16.4836986, 44.9400077], [16.4837437, 44.9400033], [16.4837834, 44.9400042], [16.4838125, 44.9399953], [16.4838302, 44.9399194], [16.4837949, 44.9398832], [16.4837454, 44.9398638], [16.483726, 44.9398285], [16.483749, 44.9398046], [16.4837772, 44.9398002], [16.4837931, 44.9397852], [16.4837852, 44.9397596], [16.4837587, 44.9397481], [16.4837472, 44.9397305], [16.4837604, 44.9396987], [16.4837975, 44.9396863], [16.483836, 44.9396821], [16.4838537, 44.9396494], [16.4838466, 44.939607], [16.4838448, 44.9395691], [16.4838422, 44.9395267], [16.4837707, 44.9394826], [16.4837433, 44.9394517], [16.4837354, 44.9394181], [16.4837389, 44.9393704], [16.4837539, 44.939351], [16.4838281, 44.9392548], [16.4838651, 44.9391868], [16.4838722, 44.9391047], [16.4838607, 44.9390394], [16.4838413, 44.938997], [16.4837963, 44.9389078], [16.4837954, 44.9388619], [16.483806, 44.9388249], [16.4838369, 44.9387975], [16.4838634, 44.9387736], [16.4840293, 44.9386651], [16.484092, 44.9385635], [16.4841273, 44.938515], [16.4842757, 44.938402], [16.4843339, 44.9383296], [16.4843825, 44.9382607], [16.4847127, 44.9380533], [16.4847639, 44.9380029], [16.4847391, 44.9378414], [16.4847948, 44.9374159], [16.4848742, 44.9372799], [16.4849289, 44.9372057], [16.4849554, 44.9371537], [16.4849952, 44.9371095], [16.4850543, 44.9370689], [16.485132, 44.937038], [16.4852, 44.9370186], [16.4853253, 44.9370301], [16.4853518, 44.9370265], [16.4853836, 44.9369912], [16.4853836, 44.9369541], [16.48532, 44.93685], [16.4852847, 44.9367617], [16.4852635, 44.9366787], [16.4852688, 44.9366151], [16.4852988, 44.9365657], [16.4853448, 44.9365357], [16.4854136, 44.9365021], [16.4857509, 44.9364033], [16.4861676, 44.936262], [16.4862488, 44.936179], [16.4863017, 44.9361543], [16.4864218, 44.9361614], [16.4865189, 44.9361614], [16.4865984, 44.9361402], [16.4866902, 44.936066], [16.486752, 44.9359724], [16.4867838, 44.9359071], [16.4868562, 44.9358082], [16.4868773, 44.9357747], [16.4868562, 44.9357252], [16.4867538, 44.9356493], [16.4867167, 44.935561], [16.4867432, 44.9355134], [16.4866902, 44.9354357], [16.4866849, 44.935365], [16.4866902, 44.9352803], [16.4866302, 44.9352256], [16.4865878, 44.9351885], [16.4866355, 44.9347541], [16.4866266, 44.9345952], [16.4866302, 44.9345175], [16.4866619, 44.934484], [16.4866937, 44.9344681], [16.4867961, 44.9344416], [16.4868367, 44.9344169], [16.4868544, 44.9343727], [16.486865, 44.9343233], [16.4869003, 44.934258], [16.4869603, 44.9342244], [16.487121, 44.9341008], [16.487151, 44.9340426], [16.4871457, 44.9339508], [16.4871104, 44.9338748], [16.487061, 44.9337795], [16.4870627, 44.9337265], [16.4871051, 44.9336771], [16.4871475, 44.9336435], [16.4871599, 44.9335906], [16.4871546, 44.933557], [16.4870981, 44.9334617], [16.4871016, 44.933414], [16.4871475, 44.9333345], [16.4872093, 44.9333045], [16.4872693, 44.9332975], [16.4873311, 44.9332533], [16.4874106, 44.9332215], [16.4874812, 44.9332162], [16.487686, 44.9332445], [16.4877284, 44.9330891], [16.4876878, 44.9329143], [16.4877584, 44.9328207], [16.4877849, 44.932736], [16.4877884, 44.932623], [16.4877778, 44.9325329], [16.4876119, 44.9324976], [16.487633, 44.9323793], [16.4876948, 44.9322946], [16.4877549, 44.9322522], [16.4877884, 44.9322345], [16.487739, 44.9321463], [16.4878696, 44.9321357], [16.4879473, 44.9321463], [16.4880444, 44.9321109], [16.488168, 44.9317384], [16.4881009, 44.9316113], [16.4879085, 44.9315883], [16.4878361, 44.93138], [16.4878661, 44.9313199], [16.4892795, 44.9311339], [16.4898905, 44.930968], [16.4906603, 44.930862], [16.4910028, 44.9307985], [16.491363, 44.9307914], [16.4918362, 44.9308232], [16.4922035, 44.9308867], [16.4937219, 44.929732], [16.4950073, 44.9290257], [16.4953463, 44.9288915], [16.4957277, 44.9288139], [16.4961162, 44.9287679], [16.496434, 44.9287856], [16.4968083, 44.9288492], [16.4970167, 44.9289163], [16.4972462, 44.9290222], [16.497398, 44.9290646], [16.4975464, 44.9290716], [16.4976947, 44.9290293], [16.4979207, 44.9289198], [16.4982424, 44.9287256], [16.4983275, 44.9286702], [16.4984919, 44.9285392], [16.4986838, 44.9283718], [16.4988277, 44.9282106], [16.4989099, 44.9280893], [16.4989989, 44.9279146], [16.4990178, 44.9278176], [16.4989818, 44.9276782], [16.4989304, 44.927552], [16.4989852, 44.9275569], [16.4989962, 44.9274388], [16.4989974, 44.9273693], [16.4989841, 44.927311], [16.4989114, 44.9271995], [16.4988848, 44.9271438], [16.4988763, 44.9270743], [16.4988714, 44.9268873], [16.4988678, 44.9267081], [16.4988303, 44.9265023], [16.4987745, 44.9261962], [16.4987261, 44.9259989], [16.4986837, 44.9258403], [16.498674, 44.9257288], [16.4986692, 44.925571], [16.498668, 44.92533], [16.4986655, 44.9251516], [16.4986861, 44.9250256], [16.4987346, 44.9248146], [16.4987552, 44.9246825], [16.4987661, 44.9244518], [16.4987794, 44.9242229], [16.4987745, 44.9241791], [16.4987552, 44.9241362], [16.4991379, 44.9239193], [16.4992929, 44.923873], [16.4993632, 44.9238044], [16.5003043, 44.9233198], [16.5009499, 44.9230248], [16.501908, 44.9225642], [16.5026601, 44.9222006], [16.5029206, 44.9221697], [16.5034281, 44.9219167], [16.5038265, 44.9217289], [16.5041063, 44.9215514], [16.5042735, 44.9214545], [16.5043353, 44.9214305], [16.5045739, 44.9212624], [16.5045363, 44.9211946], [16.5045097, 44.9211209], [16.5044903, 44.9210582], [16.5044939, 44.9209871], [16.5044927, 44.9208902], [16.5045024, 44.9207787], [16.50454, 44.9207409], [16.5044988, 44.9207083], [16.5044697, 44.9206474], [16.5045303, 44.9206414], [16.5045687, 44.9206113], [16.5045759, 44.920492], [16.504519, 44.9204689], [16.5044221, 44.9203531], [16.5044548, 44.920143], [16.5044748, 44.9201391], [16.5044972, 44.9201614], [16.5045299, 44.9201528], [16.5044911, 44.9201018], [16.5045069, 44.9200705], [16.5046131, 44.9197236], [16.5048186, 44.919532], [16.504733, 44.9193416], [16.5046319, 44.9191997], [16.5045959, 44.9191245], [16.5046319, 44.9190893], [16.5046764, 44.9190141], [16.5047398, 44.9188346], [16.5047689, 44.9186963], [16.504822, 44.9184137], [16.5049745, 44.918199], [16.5050858, 44.9179152], [16.5051681, 44.9175319], [16.5052914, 44.9173329], [16.5054438, 44.916895], [16.5054969, 44.9166937], [16.5055689, 44.9164596], [16.5055929, 44.9163553], [16.5055877, 44.9162558], [16.5055774, 44.9161855], [16.5055415, 44.9161139], [16.5054216, 44.9159416], [16.5053119, 44.9157985], [16.5052212, 44.9156469], [16.5051458, 44.9154467], [16.505087, 44.9153121], [16.504966, 44.9151468], [16.504891, 44.9150644], [16.5047887, 44.9149246], [16.5047237, 44.9148022], [16.5046389, 44.9146998], [16.504524, 44.9146124], [16.5043567, 44.9145325], [16.5041444, 44.9143402], [16.5040545, 44.9142229], [16.5039322, 44.9139982], [16.5037799, 44.9138633], [16.503635, 44.9137884], [16.5034353, 44.9135961], [16.5033154, 44.9134738], [16.5031606, 44.9133639], [16.5030208, 44.9132466], [16.5029159, 44.9131192], [16.5027961, 44.9130593], [16.5026987, 44.9130318], [16.5021568, 44.912862], [16.5017997, 44.9127122], [16.5014302, 44.9126023], [16.5006037, 44.9123601], [16.5002416, 44.9122727], [16.4997447, 44.912058], [16.4995125, 44.9119306], [16.4994051, 44.9118532], [16.4993027, 44.9118058], [16.4992852, 44.911656], [16.4992153, 44.9115061], [16.499093, 44.9114088], [16.4989756, 44.9113164], [16.4987634, 44.9112165], [16.4986585, 44.9111965], [16.4984537, 44.9111091], [16.4982115, 44.9109643], [16.4980792, 44.9108469], [16.4979918, 44.910742], [16.4979344, 44.9106272], [16.4979019, 44.9105423], [16.4978694, 44.9103975], [16.497797, 44.9102951], [16.4977096, 44.9102252], [16.4975898, 44.9101253], [16.4974499, 44.909978], [16.49738, 44.9098781], [16.4973201, 44.9097957], [16.4972926, 44.9097358], [16.4968332, 44.9096309], [16.496546, 44.9095984], [16.4963637, 44.909536], [16.4962164, 44.9094436], [16.4960991, 44.9093712], [16.4959417, 44.9092339], [16.4958144, 44.909129], [16.4956671, 44.909069], [16.4955297, 44.9090166], [16.4952601, 44.9089217], [16.4949979, 44.9088443], [16.4947482, 44.908717], [16.4946158, 44.9085971], [16.4944635, 44.9084798], [16.4942912, 44.9083974], [16.4940989, 44.9082825], [16.4940016, 44.9082001], [16.4939291, 44.9081327], [16.4938018, 44.9080253], [16.4935796, 44.9079229], [16.4932599, 44.9078555], [16.4930177, 44.9078505], [16.4928529, 44.9078705], [16.4923413, 44.9080158], [16.4920747, 44.9080846], [16.4918928, 44.9081288], [16.4917692, 44.9081411], [16.4919173, 44.908012], [16.4921549, 44.9078365], [16.492237, 44.9077177], [16.4922964, 44.9075536], [16.4923077, 44.9073696], [16.4923021, 44.9071829], [16.4923021, 44.9070046], [16.4923389, 44.9068207], [16.4924238, 44.9066566], [16.4924945, 44.906566], [16.4925568, 44.9065292], [16.4926982, 44.9065038], [16.492885, 44.9065236], [16.4931085, 44.906583], [16.4933292, 44.9066481], [16.4935613, 44.9066736], [16.4937622, 44.9066707], [16.4940282, 44.9066113], [16.4942432, 44.9065236], [16.4943451, 44.906467], [16.4944696, 44.9064104], [16.4951317, 44.9055417], [16.4952506, 44.9055219], [16.4953722, 44.9055389], [16.4954119, 44.9055615], [16.4955166, 44.9056124], [16.4956043, 44.9056323], [16.495808, 44.9056407], [16.495941, 44.905587], [16.496057, 44.9055134], [16.4961787, 44.9053776], [16.4962353, 44.9052418], [16.4962523, 44.9051173], [16.4962523, 44.9050833], [16.4964051, 44.9048683], [16.4965098, 44.9047522], [16.4965663, 44.9046249], [16.496572, 44.90454], [16.4965833, 44.9043617], [16.4966314, 44.9042655], [16.4966569, 44.904192], [16.4966626, 44.9041212], [16.4966626, 44.904008], [16.4966229, 44.903909], [16.4965437, 44.9038496], [16.4964645, 44.9038383], [16.4963881, 44.9038383], [16.4963315, 44.9038326], [16.496289, 44.9038015], [16.4962777, 44.903759], [16.4962862, 44.9036628], [16.4963994, 44.903394], [16.496439, 44.9031648], [16.4964475, 44.9030262], [16.4964701, 44.9028734], [16.4965239, 44.9027602], [16.4966088, 44.9026725], [16.4968748, 44.9024772], [16.4972879, 44.9022112], [16.497701, 44.9019396], [16.4979755, 44.9017896], [16.4981057, 44.9017443], [16.4981623, 44.9017189], [16.4982245, 44.9016962], [16.4985046, 44.9017528], [16.498714, 44.9017783], [16.4989093, 44.9018009], [16.4991809, 44.9018038], [16.499379, 44.9018066], [16.4997553, 44.9018462], [16.5000864, 44.9018943], [16.5002449, 44.9019509], [16.5003439, 44.9019933], [16.5004995, 44.9020414], [16.5006976, 44.9020499], [16.5008646, 44.9020301], [16.5010626, 44.901982], [16.5012352, 44.9019198], [16.5015267, 44.9017528], [16.5018266, 44.9016142], [16.50207, 44.901518], [16.502418, 44.9014501], [16.502701, 44.9014189], [16.5032669, 44.9013312], [16.503598, 44.9013255], [16.5040932, 44.9013737], [16.504512, 44.9014501], [16.5050779, 44.9015746], [16.5053835, 44.9016538], [16.5055448, 44.9016764], [16.5058249, 44.9016651], [16.5059636, 44.9016453], [16.5061532, 44.9016227], [16.5063512, 44.9016142], [16.5065493, 44.9016142], [16.5067615, 44.9015859], [16.5069483, 44.9015576], [16.5072369, 44.9014982], [16.5073246, 44.9014387], [16.5074152, 44.9013142], [16.5075906, 44.9011048], [16.5077208, 44.9009407], [16.507834, 44.9007709], [16.5079245, 44.900621], [16.5080377, 44.9004993], [16.5081792, 44.9003889], [16.508315, 44.9002701], [16.5084395, 44.9001371], [16.5085499, 44.8999673], [16.5086178, 44.8998145], [16.5086942, 44.8996193], [16.5088073, 44.8995316], [16.508946, 44.8994495], [16.5091695, 44.8993335], [16.5092771, 44.8992684], [16.5093761, 44.8991665], [16.5094186, 44.8990732], [16.5094412, 44.8989458], [16.5094893, 44.8988468], [16.5095572, 44.8987534], [16.5096336, 44.898694], [16.509727, 44.8986544], [16.5098458, 44.8986317], [16.509993, 44.8986091], [16.5101118, 44.8985667], [16.510242, 44.8984846], [16.510341, 44.8983969], [16.5104118, 44.898329], [16.5105306, 44.8982469], [16.5106806, 44.8981875], [16.5107683, 44.8981677], [16.510873, 44.8981337], [16.5109833, 44.8980432], [16.5111559, 44.8978734], [16.5113597, 44.8977461], [16.5115606, 44.897698], [16.5117134, 44.8976612], [16.5118435, 44.8975848], [16.5119567, 44.8974631], [16.5120982, 44.8973556], [16.5122538, 44.8972537], [16.5124604, 44.8971066], [16.5126047, 44.8969679], [16.5126811, 44.8968462], [16.5128113, 44.8965576], [16.5128707, 44.8963114], [16.5129358, 44.8961558], [16.5130235, 44.8960087], [16.5130744, 44.8959266], [16.513148, 44.8958247], [16.5131848, 44.8957681], [16.5132838, 44.8955389], [16.513298, 44.8953975], [16.5132895, 44.8952956], [16.5132697, 44.895205], [16.5132159, 44.8950183], [16.5131876, 44.8948542], [16.5131622, 44.8946448], [16.5131804, 44.8945368], [16.5132444, 44.8944347], [16.5133624, 44.8943487], [16.5137766, 44.8941386], [16.5141948, 44.8939786], [16.514625, 44.8937805], [16.5148531, 44.8936364], [16.5152352, 44.8932723], [16.5154954, 44.8928941], [16.5157295, 44.8925479], [16.5159518, 44.8922514], [16.5161159, 44.8920619], [16.516314, 44.891926], [16.5164894, 44.8917987], [16.5166026, 44.8916629], [16.5167073, 44.8915186], [16.5168176, 44.8912526], [16.5168657, 44.8910969], [16.5169082, 44.8909894], [16.5169704, 44.8908876], [16.5170468, 44.8907913], [16.5171459, 44.890698], [16.5173015, 44.8905989], [16.5174741, 44.8904942], [16.5175364, 44.8904178], [16.5175788, 44.8903018], [16.5176014, 44.8902113], [16.5176411, 44.8900924], [16.5177033, 44.8900132], [16.5177712, 44.8899623], [16.5178872, 44.8899113], [16.5180768, 44.8898264], [16.5185918, 44.8894982], [16.5193021, 44.8891247], [16.5195546, 44.8889557], [16.5195926, 44.8888897], [16.5195926, 44.8888537], [16.5195627, 44.8887837], [16.5195146, 44.8887228], [16.5194127, 44.888628], [16.5193406, 44.8885007], [16.5193066, 44.8884172], [16.519284, 44.8883493], [16.519267, 44.88828], [16.5192642, 44.8882135], [16.5192854, 44.88813], [16.5193009, 44.8880253], [16.5193335, 44.8879093], [16.5193519, 44.8878343], [16.5193561, 44.8877438], [16.519349, 44.8876603], [16.5193349, 44.8874806], [16.5193292, 44.8874099], [16.5193462, 44.8873066], [16.5193802, 44.8872245], [16.519424, 44.8871637], [16.5195797, 44.887018], [16.5197565, 44.8867718], [16.5199815, 44.8864464], [16.5201866, 44.8861196], [16.5202786, 44.8859172], [16.5203309, 44.8857404], [16.520355, 44.8855451], [16.5203649, 44.8853428], [16.5203847, 44.8851433], [16.5204526, 44.8849905], [16.5205021, 44.8848929], [16.5205749, 44.8847883], [16.5206549, 44.8846736], [16.5208912, 44.8844232], [16.521044, 44.8843288], [16.521336, 44.8842301], [16.5217776, 44.8840771], [16.5220775, 44.8839935], [16.5224377, 44.8839535], [16.5228178, 44.8839265], [16.52325, 44.8839255], [16.5238333, 44.8839585], [16.5241694, 44.8839635], [16.5247287, 44.8838685], [16.5252309, 44.8838004], [16.525589, 44.8837664], [16.5265614, 44.8836304], [16.5271997, 44.8834883], [16.527946, 44.8833623], [16.5284282, 44.8831722], [16.5288644, 44.8829739], [16.5290225, 44.8829021], [16.5292746, 44.882788], [16.5297508, 44.882664], [16.5305491, 44.8824519], [16.5314855, 44.8822358], [16.5318557, 44.8821738], [16.5320433, 44.882175], [16.5321598, 44.8821758], [16.5324179, 44.8821778], [16.5327681, 44.8822698], [16.532969, 44.8823203], [16.5333121, 44.8823444], [16.5335837, 44.8823408], [16.5342184, 44.8823363], [16.535039, 44.8822924], [16.5355186, 44.8822387], [16.5359417, 44.8822075], [16.5366519, 44.8821354], [16.5377597, 44.8821905], [16.5390755, 44.8822104], [16.5403101, 44.8822153], [16.5408343, 44.8822453], [16.5413906, 44.8822493], [16.5420068, 44.8822493], [16.5429852, 44.8823493], [16.5434414, 44.8824394], [16.5438936, 44.8825396], [16.5443556, 44.8825069], [16.5448741, 44.8823914], [16.5454543, 44.8823293], [16.5460746, 44.8822953], [16.5466448, 44.8822673], [16.5469209, 44.8821933], [16.547011, 44.8821373], [16.5472311, 44.8820212], [16.5475792, 44.8819232], [16.5477413, 44.8819092], [16.5480274, 44.8819032], [16.5481414, 44.8819032], [16.5483375, 44.8818671], [16.5485036, 44.8818791], [16.5488437, 44.8819792], [16.5491219, 44.8820292], [16.549426, 44.8820432], [16.5501223, 44.8819952], [16.5503444, 44.8819972], [16.5506885, 44.8821092], [16.5512528, 44.8823213], [16.5516289, 44.8824534], [16.5519911, 44.8825294], [16.5522872, 44.8825414], [16.5530275, 44.8824934], [16.5534457, 44.8824214], [16.5539459, 44.8824254], [16.5544281, 44.8824254], [16.5548323, 44.8823794], [16.5551865, 44.8823353], [16.5553865, 44.8822933], [16.5555826, 44.8822893], [16.5556687, 44.8823273], [16.5557427, 44.8823834], [16.5558047, 44.8824774], [16.5559568, 44.8827795], [16.5560326, 44.8830275], [16.5561789, 44.8831977], [16.5562969, 44.8832897], [16.556429, 44.8833758], [16.556559, 44.8834738], [16.5566251, 44.8836099], [16.5566631, 44.883766], [16.5566371, 44.8840801], [16.5565911, 44.8843642], [16.5566031, 44.8845383], [16.5566591, 44.8847584], [16.5567131, 44.8849825], [16.5568112, 44.8851605], [16.5569672, 44.8852886], [16.5572213, 44.8854026], [16.5581137, 44.8858829], [16.558846, 44.886301], [16.5593662, 44.8866852], [16.5597184, 44.8869373], [16.561059, 44.8874715], [16.5613451, 44.8876316], [16.5614131, 44.8877857], [16.5614992, 44.8879097], [16.5616712, 44.8880058], [16.5618893, 44.8880618], [16.5621514, 44.8881038], [16.5623355, 44.8881718], [16.5624295, 44.8882259], [16.5626156, 44.8883459], [16.5627857, 44.8884499], [16.5629158, 44.888486], [16.5631859, 44.888512], [16.5636221, 44.888664], [16.5637701, 44.8887181], [16.5641663, 44.8889982], [16.5652448, 44.8897765], [16.565741, 44.8902307], [16.5660391, 44.8905168], [16.5665353, 44.890845], [16.5666614, 44.890907], [16.5667717, 44.890959], [16.5669061, 44.891007], [16.5669861, 44.8910473], [16.5670454, 44.8911168], [16.5670902, 44.8911812], [16.5670987, 44.8912902], [16.5670733, 44.891418], [16.5670248, 44.8915313], [16.5669582, 44.8917046], [16.5669194, 44.8918565], [16.5668988, 44.8919895], [16.566917, 44.8921371], [16.5669618, 44.892404], [16.5669812, 44.8925902], [16.5669982, 44.8928776], [16.5669873, 44.8931119], [16.5669994, 44.8933075], [16.5670527, 44.8934834], [16.5670951, 44.8936404], [16.567106, 44.8937932], [16.5670938, 44.8939571], [16.5670708, 44.8942419], [16.5670345, 44.8945431], [16.5670212, 44.8948674], [16.56702, 44.8950922], [16.5670636, 44.8954269], [16.5670929, 44.8957212], [16.5671511, 44.8959414], [16.5671969, 44.8960272], [16.567219, 44.8960889], [16.567287, 44.89626], [16.5672617, 44.8962887], [16.5673158, 44.8963348], [16.5673749, 44.8964059], [16.5674633, 44.8965215], [16.5675602, 44.8966084], [16.5676179, 44.8966991], [16.5676659, 44.8968132], [16.567707, 44.8969273], [16.5677567, 44.8970195], [16.5677927, 44.8971068], [16.5677772, 44.8972852], [16.5677635, 44.8973932], [16.5677601, 44.8975024], [16.5678046, 44.8976626], [16.5678492, 44.8977669], [16.5679143, 44.8978603], [16.5680308, 44.8979611], [16.5680667, 44.8980399], [16.5682312, 44.8983336], [16.5684795, 44.898541], [16.5688649, 44.8988395], [16.5689746, 44.8990118], [16.5690996, 44.8991963], [16.5691904, 44.8992836], [16.5692623, 44.8993467], [16.5694336, 44.8993904], [16.5696289, 44.8993916], [16.5700297, 44.8992023], [16.5702113, 44.8989609], [16.5702884, 44.8988699], [16.5704117, 44.8987473], [16.5705059, 44.8986842], [16.5706584, 44.8986418], [16.5708477, 44.8986242], [16.5709161, 44.8986878], [16.5709957, 44.8986468], [16.5711337, 44.8985936], [16.571267, 44.898561], [16.571548, 44.8984906], [16.5719913, 44.8983697], [16.5722481, 44.8982976], [16.5725351, 44.8981946], [16.5728815, 44.8980247], [16.5730923, 44.8979484], [16.5735174, 44.8978823], [16.5738069, 44.8978952], [16.5740915, 44.8979518], [16.5742502, 44.8979896], [16.5743325, 44.8980088], [16.5748172, 44.8980699], [16.5754603, 44.8981747], [16.5754539, 44.8980733], [16.575697, 44.8980348], [16.575869, 44.8979524], [16.5761694, 44.8978494], [16.57654, 44.8977465], [16.5768016, 44.8976778], [16.5771771, 44.8976624], [16.5775478, 44.8976984], [16.5778135, 44.8977377], [16.5779188, 44.8977732], [16.5781821, 44.8978511], [16.5781788, 44.8978893], [16.5785826, 44.8979921], [16.5788772, 44.8980524], [16.5794283, 44.8981749], [16.5796189, 44.8981967], [16.5798477, 44.898237], [16.5800813, 44.898301], [16.5807716, 44.8985322], [16.5809575, 44.8985643], [16.5810901, 44.8985767], [16.5812097, 44.8985788], [16.5813027, 44.898575], [16.5814991, 44.898567], [16.581655, 44.8985616], [16.581771, 44.898561], [16.581936, 44.8985943], [16.5821099, 44.89867], [16.5823069, 44.8987821], [16.5824359, 44.8988429], [16.5824657, 44.8988038], [16.5827575, 44.898945], [16.5828091, 44.8989328], [16.5830154, 44.8986228], [16.5833093, 44.8983117], [16.5835226, 44.8981501], [16.5837066, 44.898006], [16.5837226, 44.897902], [16.5837026, 44.897826], [16.5836586, 44.8977039], [16.5837166, 44.8975758], [16.5837687, 44.8975258], [16.5836806, 44.8972657], [16.5838927, 44.8972237], [16.5847613, 44.8965375], [16.5847726, 44.896379], [16.5848886, 44.89628], [16.5854546, 44.8959433], [16.5855451, 44.8958669], [16.5856356, 44.8956179], [16.5856781, 44.8953236], [16.5857007, 44.8951764], [16.5857036, 44.8951142], [16.5856894, 44.8949331], [16.5857602, 44.8948397], [16.5859101, 44.8947633], [16.5860063, 44.8947011], [16.5860516, 44.8946416], [16.5861959, 44.8944124], [16.5863883, 44.8942738], [16.5865213, 44.8941719], [16.5865496, 44.8941323], [16.5877041, 44.8935437], [16.5880125, 44.8935777], [16.5881823, 44.8935862], [16.5882983, 44.8935862], [16.5885587, 44.8934702], [16.5887058, 44.8933966], [16.5888728, 44.893357], [16.5889831, 44.8932579], [16.589051, 44.8931702], [16.5891699, 44.8930797], [16.5892944, 44.8930259], [16.5893651, 44.8929835], [16.5894302, 44.8929042], [16.5896905, 44.8928363], [16.5899169, 44.8927712], [16.5900867, 44.892692], [16.5903442, 44.8926467], [16.5905168, 44.8925817], [16.5906922, 44.8924996], [16.5908252, 44.892426], [16.5910544, 44.8923242], [16.5911761, 44.8921968], [16.591261, 44.8920978], [16.5915496, 44.891928], [16.5917703, 44.8918318], [16.5918043, 44.8917979], [16.5920674, 44.8915856], [16.5922598, 44.8914866], [16.5923306, 44.8913706], [16.5925824, 44.8912036], [16.592789, 44.8911527], [16.5929616, 44.891065], [16.593137, 44.8909207], [16.5933266, 44.8907735], [16.5934568, 44.890666], [16.593618, 44.8905811], [16.5938501, 44.8905104], [16.594133, 44.8904057], [16.594266, 44.8902953], [16.5944047, 44.8901963], [16.5946452, 44.8900803], [16.5947867, 44.8899727], [16.595064, 44.8897549], [16.5950074, 44.8897096], [16.595081, 44.8896304], [16.5952281, 44.889554], [16.5953102, 44.8895058], [16.5953187, 44.8894408], [16.5953526, 44.889387], [16.5954092, 44.8893729], [16.5955479, 44.8893332], [16.5955705, 44.8892568], [16.5956073, 44.8891578], [16.5956978, 44.8891012], [16.5957657, 44.8890361], [16.5958195, 44.8889343], [16.5958393, 44.8888494], [16.595828, 44.8887984], [16.5958393, 44.888739], [16.5958846, 44.8886994], [16.5958931, 44.8886456], [16.5958704, 44.8885919], [16.595828, 44.8884844], [16.5958563, 44.888374], [16.5959016, 44.8881816], [16.5958987, 44.8879411], [16.5959016, 44.8877486], [16.595845, 44.8876779], [16.5958025, 44.8876383], [16.5958025, 44.8875025], [16.5958535, 44.8874346], [16.595895, 44.8872746], [16.595927, 44.8870385], [16.595913, 44.8869125], [16.595857, 44.8867364], [16.5957709, 44.8865143], [16.5957509, 44.8864563], [16.5957349, 44.8863362], [16.5957649, 44.8862442], [16.595919, 44.8860741], [16.596009, 44.8860301], [16.5960751, 44.8859481], [16.5961391, 44.8856419], [16.5960291, 44.8854879], [16.595957, 44.8853658], [16.595891, 44.8852778], [16.5957889, 44.8853158], [16.5957109, 44.8851497], [16.595849, 44.8850977], [16.595877, 44.8851597], [16.5960271, 44.8850917], [16.5960651, 44.8851837], [16.5961651, 44.8851277], [16.5963152, 44.8850937], [16.5965353, 44.8850917], [16.5967714, 44.8851437], [16.5969394, 44.8851117], [16.5970395, 44.8851477], [16.5971375, 44.8851797], [16.5973216, 44.8852018], [16.5975237, 44.8852698], [16.5976678, 44.8853198], [16.598162, 44.8853638], [16.598364, 44.8853898], [16.5984021, 44.8854939], [16.5984661, 44.8855339], [16.5986162, 44.8855479], [16.5987502, 44.8855459], [16.5988002, 44.8854939], [16.5988623, 44.8854319], [16.5989823, 44.8853998], [16.5990223, 44.8853578], [16.5993245, 44.8852378], [16.5994665, 44.8852078], [16.5995065, 44.8851337], [16.5996346, 44.8850657], [16.5997747, 44.8848576], [16.5999107, 44.8847336], [16.6000668, 44.8844454], [16.6001688, 44.8843414], [16.6001228, 44.8841893], [16.6001528, 44.8841053], [16.6002408, 44.8840333], [16.6002589, 44.8839712], [16.6002529, 44.8838752], [16.6003469, 44.8838132], [16.6003929, 44.8837711], [16.6004249, 44.8836951], [16.6004269, 44.8836171], [16.600519, 44.883477], [16.600585, 44.883371], [16.600565, 44.8832369], [16.600557, 44.8831189], [16.600607, 44.8829468], [16.600663, 44.8828127], [16.600663, 44.8826827], [16.600651, 44.8826126], [16.600615, 44.8823926], [16.600607, 44.8823065], [16.600649, 44.8822085], [16.600671, 44.8821364], [16.600661, 44.8820544], [16.600613, 44.8819944], [16.600515, 44.8819704], [16.6004469, 44.8819664], [16.6003709, 44.8819404], [16.6003169, 44.8818743], [16.6002989, 44.8818023], [16.6002949, 44.8817183], [16.6002589, 44.8816402], [16.6001788, 44.8815422], [16.6000588, 44.8815042], [16.5999327, 44.8814902], [16.5998407, 44.8814622], [16.5997867, 44.8813781], [16.5997726, 44.8813161], [16.5997726, 44.881208], [16.5996326, 44.881054], [16.5995706, 44.8809639], [16.5995385, 44.8807999], [16.5995566, 44.8807118], [16.5995365, 44.8806218], [16.5994825, 44.8805178], [16.5994725, 44.8804057], [16.5994945, 44.8802977], [16.5994805, 44.8802216], [16.5994405, 44.8801356], [16.5994285, 44.8800476], [16.5994385, 44.8799755], [16.5995626, 44.8798215], [16.5996606, 44.8797674], [16.5998147, 44.8797094], [16.5999027, 44.8796454], [16.5999907, 44.8795173], [16.5999327, 44.8794193], [16.5999327, 44.8793433], [16.6000188, 44.8793012], [16.6001128, 44.8792972], [16.6002589, 44.8792512], [16.600649, 44.8788771], [16.600685, 44.878771], [16.6007471, 44.878721], [16.6008311, 44.878679], [16.600691, 44.8786109], [16.600631, 44.8785229], [16.600595, 44.8784149], [16.600551, 44.8781607], [16.600557, 44.8780327], [16.600547, 44.8779286], [16.600513, 44.8777246], [16.6004549, 44.8775605], [16.6003489, 44.8774124], [16.6002629, 44.8773284], [16.6002028, 44.8772784], [16.5998627, 44.8770043], [16.5995586, 44.8767281], [16.5993945, 44.8766281], [16.5992624, 44.8765281], [16.5989783, 44.8762459], [16.5987922, 44.8760298], [16.5986001, 44.8757997], [16.5984441, 44.8756037], [16.59831, 44.8754296], [16.59817, 44.8752995], [16.5980819, 44.8751635], [16.5980699, 44.8750434], [16.5980899, 44.8747573], [16.5981179, 44.8745532], [16.5981299, 44.8744051], [16.5981099, 44.8742511], [16.5981019, 44.874105], [16.5981139, 44.873951], [16.598136, 44.8737429], [16.598142, 44.8736288], [16.598168, 44.8735928], [16.598352, 44.8734868], [16.5984501, 44.8734127], [16.5985621, 44.8733087], [16.5986222, 44.8732306], [16.5986302, 44.8731306], [16.5986142, 44.8730346], [16.5986442, 44.8729485], [16.5987002, 44.8728745], [16.5987662, 44.8727544], [16.5988162, 44.8725584], [16.5988362, 44.8724263], [16.5988342, 44.8722542], [16.5987902, 44.8721042], [16.5986502, 44.8720561], [16.5985361, 44.8720081], [16.5984501, 44.8719661], [16.5984021, 44.8719101], [16.5984081, 44.8718481], [16.5984541, 44.871814], [16.5986021, 44.871814], [16.5987262, 44.871804], [16.5988823, 44.871746], [16.5989803, 44.871692], [16.5990663, 44.871628], [16.5991284, 44.8715839], [16.5991684, 44.8714439], [16.5992004, 44.8713598], [16.5992444, 44.8713258], [16.5993024, 44.8713278], [16.5993905, 44.8713418], [16.5995325, 44.8713478], [16.5997546, 44.8713378], [16.6002989, 44.8713618], [16.600571, 44.8714059], [16.6007811, 44.8714539], [16.6010952, 44.8715079], [16.6013473, 44.8715139], [16.6015814, 44.8714999], [16.6017955, 44.8714699], [16.6020496, 44.8714539], [16.6022717, 44.8714459], [16.6025178, 44.8714379], [16.6027779, 44.8714519], [16.6032321, 44.8713378], [16.6034382, 44.8712598], [16.6036183, 44.8711558], [16.6037844, 44.8710037], [16.6038944, 44.8709137], [16.6041725, 44.8707756], [16.6046487, 44.8705775], [16.6048288, 44.8704555], [16.6048748, 44.8703874], [16.6049028, 44.8703294], [16.6049689, 44.8704635], [16.6055331, 44.8702114], [16.6056432, 44.8703954], [16.6091838, 44.8694681], [16.6093125, 44.8694431], [16.6098501, 44.8692691], [16.6099293, 44.8691531], [16.6099916, 44.8690724], [16.6100835, 44.8690144], [16.6102392, 44.8689833], [16.6103863, 44.8689989], [16.6105193, 44.8690583], [16.6105603, 44.8690795], [16.610798, 44.8689706], [16.6111461, 44.8691191], [16.6113399, 44.8691573], [16.6114418, 44.8691644], [16.6115663, 44.8691559], [16.611729, 44.8691163], [16.611927, 44.8690484], [16.6121336, 44.8689479], [16.6124873, 44.8689876], [16.6125453, 44.8689083], [16.6126316, 44.8688645], [16.6127307, 44.8688786], [16.6127887, 44.868897], [16.6128453, 44.8688899], [16.6128948, 44.8688772], [16.6129726, 44.86888], [16.6130518, 44.8689154], [16.6131698, 44.8689406], [16.6133141, 44.8688897], [16.6133735, 44.8688614], [16.6135263, 44.8688671], [16.6136565, 44.8689067], [16.6137697, 44.8688982], [16.6138885, 44.8688388], [16.6139621, 44.8687397], [16.6141064, 44.8686577], [16.6142564, 44.8687143], [16.6142847, 44.8687822], [16.6143299, 44.8688274], [16.6143894, 44.8688105], [16.6144233, 44.8687482], [16.6144375, 44.868635], [16.6144375, 44.8684992], [16.6144233, 44.8683804], [16.6144856, 44.8682757], [16.6145727, 44.8682327], [16.6147091, 44.868253], [16.6147798, 44.8683408], [16.6148591, 44.8684483], [16.6149638, 44.8685077], [16.6150826, 44.8685388], [16.6151505, 44.8685926], [16.6151505, 44.8686379], [16.6151845, 44.8687114], [16.6152552, 44.8687765], [16.6152864, 44.8687822], [16.6153882, 44.868768], [16.6154561, 44.8687765], [16.6155099, 44.8688246], [16.6155665, 44.8688954], [16.6156347, 44.8689457], [16.6157307, 44.8689877], [16.6158568, 44.8689917], [16.6159048, 44.8689617], [16.6158968, 44.8688836], [16.6158588, 44.8688316], [16.6158508, 44.8687776], [16.6159308, 44.8687076], [16.6160229, 44.8686916], [16.6161449, 44.8686936], [16.616241, 44.8686415], [16.616257, 44.8685655], [16.6162229, 44.8685015], [16.6161169, 44.8683774], [16.6160389, 44.8682534], [16.6160309, 44.8680493], [16.6160949, 44.8678652], [16.6162109, 44.8677412], [16.616329, 44.8677251], [16.616399, 44.8677792], [16.6164831, 44.8677992], [16.6165591, 44.8677892], [16.6168836, 44.8677168], [16.6171637, 44.8677288], [16.6173478, 44.8677168], [16.6176199, 44.8676007], [16.617816, 44.8674247], [16.618004, 44.8672846], [16.6183962, 44.8671446], [16.6186203, 44.8670285], [16.6189445, 44.8668284], [16.6192726, 44.8666283], [16.6197488, 44.8664002], [16.6200609, 44.8661521], [16.620289, 44.865948], [16.6206092, 44.86578], [16.6207812, 44.8655919], [16.6210333, 44.8654518], [16.6214535, 44.8650196], [16.6215095, 44.8647956], [16.6219657, 44.8644194], [16.6220658, 44.8643954], [16.6225917, 44.8638906], [16.6228563, 44.8637517], [16.623074, 44.8636503], [16.6234009, 44.8635225], [16.6236072, 44.8634342], [16.6237545, 44.8633629], [16.6241629, 44.8631482], [16.6242927, 44.8631089], [16.624311, 44.8631478], [16.6243906, 44.863277], [16.6245282, 44.8635017], [16.6245995, 44.8636292], [16.624635, 44.8636894], [16.6246701, 44.863746], [16.624713, 44.8638499], [16.6247856, 44.8639578], [16.624857, 44.8640772], [16.6249859, 44.8642202], [16.6250753, 44.8643028], [16.6251503, 44.8643648], [16.6253818, 44.8645521], [16.6255595, 44.8646646], [16.6256404, 44.864711], [16.6260675, 44.8648876], [16.6263836, 44.8650477], [16.6266597, 44.8652878], [16.6268798, 44.8655679], [16.627308, 44.8662362], [16.6274201, 44.8664603], [16.6274521, 44.8666083], [16.6275361, 44.8668004], [16.6275961, 44.8669045], [16.6277042, 44.8671766], [16.6277522, 44.8674247], [16.6277642, 44.8677128], [16.6277962, 44.8680409], [16.6279683, 44.8684491], [16.6281124, 44.8686572], [16.6283124, 44.8689853], [16.6284325, 44.8693215], [16.6284765, 44.8695416], [16.6285726, 44.8698897], [16.6288007, 44.8703419], [16.6292208, 44.8709382], [16.629497, 44.8714464], [16.629669, 44.8718546], [16.629691, 44.8720186], [16.629697, 44.8721027], [16.6297471, 44.8722207], [16.6298291, 44.8723468], [16.6299291, 44.8724348], [16.6300372, 44.8724908], [16.6302793, 44.8726269], [16.6304133, 44.8727409], [16.6305234, 44.872875], [16.6306855, 44.8731071], [16.6307835, 44.8732612], [16.6310125, 44.8734581], [16.631082, 44.8735178], [16.6316102, 44.874102], [16.6322385, 44.8746262], [16.6330228, 44.8750904], [16.6336031, 44.8753505], [16.6343954, 44.8755106], [16.6348636, 44.8755686], [16.6352598, 44.8756227], [16.6354658, 44.8756987], [16.6356979, 44.8758327], [16.635844, 44.8759728], [16.63591, 44.8760809], [16.6360401, 44.876395], [16.6361842, 44.8769672], [16.6362582, 44.8773314], [16.6363282, 44.8776595], [16.6364163, 44.8779236], [16.6365503, 44.8781978], [16.6367364, 44.8784179], [16.6368744, 44.8785779], [16.6371386, 44.87879], [16.6373567, 44.8789441], [16.6377128, 44.8791182], [16.6379309, 44.8791902], [16.6382931, 44.8792082], [16.6384811, 44.8792282], [16.6386632, 44.8792882], [16.6387372, 44.8793583], [16.6388093, 44.8794403], [16.6388493, 44.8795543], [16.6388373, 44.8796484], [16.6388313, 44.8797344], [16.6388493, 44.8797904], [16.6389133, 44.8798625], [16.6390174, 44.8799285], [16.6391314, 44.8799825], [16.6392295, 44.8800225], [16.6394095, 44.8800826], [16.6395556, 44.8801426], [16.6396376, 44.8802086], [16.6396977, 44.8802626], [16.6397357, 44.8803007], [16.6398557, 44.8803807], [16.6399478, 44.8804067], [16.6401839, 44.8804227], [16.6400738, 44.8807028], [16.6397764, 44.8811294], [16.6396732, 44.8813463], [16.6398285, 44.8814506], [16.6398646, 44.8815124], [16.6399247, 44.8815502], [16.6399748, 44.8815275], [16.640226, 44.8813652], [16.6406645, 44.8813229], [16.6407683, 44.8813061], [16.6409089, 44.8812735], [16.6410662, 44.881191], [16.6412883, 44.881083], [16.6414344, 44.881069], [16.6424168, 44.8807088], [16.6426049, 44.8804447], [16.6435153, 44.8803147], [16.6440595, 44.8800886], [16.6444477, 44.8798665], [16.6450059, 44.8796084], [16.645286, 44.8795183], [16.6455141, 44.8794203], [16.6457162, 44.8793683], [16.6459343, 44.8793523], [16.6467387, 44.8792202], [16.647447, 44.8790941], [16.6479512, 44.8790101], [16.6482073, 44.8789701], [16.6485074, 44.8789261], [16.6489905, 44.8787332], [16.6491946, 44.8786251], [16.6492986, 44.8785971], [16.6499189, 44.8785491], [16.6504031, 44.878469], [16.6507833, 44.878361], [16.6513395, 44.8781929], [16.6519598, 44.8780689], [16.652448, 44.8779088], [16.6529202, 44.8778168], [16.6534559, 44.8778066], [16.6536879, 44.8778533], [16.6541279, 44.8778943], [16.654841, 44.8778915], [16.6551353, 44.8778745], [16.655738, 44.8777359], [16.6559446, 44.8777331], [16.6564963, 44.8777444], [16.6570877, 44.8777585], [16.6573311, 44.8778236], [16.6576565, 44.8778802], [16.6579451, 44.8779113], [16.6586271, 44.8779651], [16.6592326, 44.8779623], [16.659558, 44.8779736], [16.6598749, 44.8779594], [16.6605597, 44.8777189], [16.6611256, 44.8775293], [16.6622405, 44.8772011], [16.6628394, 44.8771329], [16.6631591, 44.8771329], [16.6643221, 44.8768216], [16.66469, 44.8766066], [16.6653549, 44.8765755], [16.6655813, 44.8765132], [16.6657596, 44.8763944], [16.6660538, 44.8761255], [16.6662632, 44.8759727], [16.6664613, 44.8759445], [16.6670046, 44.8755653], [16.6674149, 44.8754323], [16.6680289, 44.8752653], [16.668493, 44.8751323], [16.6689203, 44.8750616], [16.6696729, 44.875005], [16.6708444, 44.8749088], [16.6721036, 44.8746853], [16.6726724, 44.8745183], [16.6735552, 44.8741448], [16.6739542, 44.8739948], [16.6744805, 44.8738732], [16.6751624, 44.8738024], [16.6753973, 44.873726], [16.6755599, 44.8736318], [16.6757318, 44.8735273], [16.6758834, 44.8734357], [16.6761305, 44.8733403], [16.6762092, 44.8733228], [16.6763072, 44.8732989], [16.67648, 44.873223], [16.6765944, 44.8731724], [16.6766286, 44.8731481], [16.6768074, 44.8731255], [16.6769799, 44.873104], [16.6773744, 44.8730611], [16.6774507, 44.8730384], [16.6775097, 44.8730193], [16.6776639, 44.8728906], [16.6777529, 44.8727837], [16.6778441, 44.8726796], [16.6780131, 44.8725613], [16.6781809, 44.8724472], [16.6782492, 44.8723516], [16.6782485, 44.8722093], [16.6782903, 44.8721401], [16.6783413, 44.8719922], [16.6783804, 44.8718523], [16.6786372, 44.8714312], [16.6787957, 44.871352], [16.678911, 44.8712586], [16.6790246, 44.8711879], [16.6790668, 44.8710077], [16.6791486, 44.8708891], [16.679286, 44.8707294], [16.679431, 44.8705673], [16.6794742, 44.8704197], [16.6794745, 44.8703311], [16.6794825, 44.8702513], [16.6794893, 44.8702073], [16.6795513, 44.8701559], [16.6799825, 44.8700358], [16.6805594, 44.869857], [16.6809302, 44.8696581], [16.6810582, 44.86949], [16.6810682, 44.86943], [16.6810742, 44.8693819], [16.6811042, 44.8693219], [16.6811803, 44.8692339], [16.6812823, 44.8691318], [16.6813303, 44.8690918], [16.6810962, 44.8689137], [16.6810382, 44.8688277], [16.6809822, 44.8687277], [16.6809602, 44.8686316], [16.6809382, 44.8684896], [16.6809562, 44.8683815], [16.6810942, 44.8682375], [16.6811543, 44.8681274], [16.6811503, 44.8680454], [16.6811403, 44.8679793], [16.6811563, 44.8678853], [16.6811665, 44.8677498], [16.6810873, 44.8675375], [16.6809854, 44.867348], [16.6809345, 44.8672999], [16.6807619, 44.867181], [16.6806006, 44.8670027], [16.6804054, 44.8667849], [16.6802328, 44.8666151], [16.6801026, 44.8664312], [16.6800347, 44.8662897], [16.6800007, 44.8661991], [16.680012, 44.866168], [16.6800403, 44.8661567], [16.6801167, 44.8661708], [16.6802412, 44.8662359], [16.6803997, 44.8663349], [16.6805666, 44.8664], [16.6806657, 44.8664029], [16.6807704, 44.8663604], [16.6808355, 44.8662868], [16.6808638, 44.8662529], [16.6809939, 44.8661539], [16.6812486, 44.8660435], [16.6815372, 44.8659812], [16.6818428, 44.8659982], [16.6821286, 44.8659926], [16.6823493, 44.8659841], [16.6824851, 44.8659473], [16.6826295, 44.8658567], [16.6827285, 44.8657549], [16.6828275, 44.8656049], [16.6828983, 44.8654804], [16.6834359, 44.8656021], [16.6837075, 44.8649569], [16.6841886, 44.8644532], [16.6843244, 44.8642184], [16.6843895, 44.864108], [16.6844602, 44.8640458], [16.6849837, 44.8638307], [16.6852072, 44.8637232], [16.686042, 44.8633695], [16.6868682, 44.8631516], [16.686956, 44.8630554], [16.6869786, 44.8629677], [16.6869927, 44.8628885], [16.6870465, 44.8628262], [16.6874002, 44.8626111], [16.6876153, 44.8621924], [16.6882972, 44.8615019], [16.6884269, 44.861243], [16.6887179, 44.8611011], [16.688951, 44.8608529], [16.6889985, 44.8607195], [16.6893159, 44.8602993], [16.6892621, 44.8602626], [16.6895875, 44.85994], [16.6902072, 44.8593825], [16.6902893, 44.8594335], [16.6910278, 44.8590486], [16.6918937, 44.8587628], [16.693051, 44.858412], [16.6937754, 44.8581969], [16.694446, 44.8578828], [16.6966899, 44.857017], [16.6972095, 44.8568261], [16.6972994, 44.856993], [16.69748, 44.8572679], [16.6978038, 44.8575374], [16.6981689, 44.8577295], [16.6986094, 44.8578923], [16.6991413, 44.857977], [16.6997056, 44.8579958], [16.7003391, 44.8579619], [16.7008183, 44.8578638], [16.7014944, 44.8576185], [16.7018298, 44.8574034], [16.7026922, 44.856709], [16.7031021, 44.8563014], [16.7037037, 44.8557165], [16.7043798, 44.8550863], [16.7047897, 44.8547881], [16.7051304, 44.8546221], [16.7056255, 44.8544862], [16.7060833, 44.8544258], [16.7067328, 44.8544673], [16.7076431, 44.8546221], [16.7080318, 44.8547542], [16.7081223, 44.8548032], [16.7082447, 44.8549278], [16.7085801, 44.8553731], [16.7087771, 44.8557354], [16.7090539, 44.8561203], [16.7095862, 44.8565543], [16.7099057, 44.8568373], [16.7102943, 44.8573241], [16.7105605, 44.8577996], [16.7107255, 44.8586298], [16.7109171, 44.8592449], [16.7108107, 44.8601883], [16.7101931, 44.8613166], [16.7094904, 44.8619694], [16.7086067, 44.8625014], [16.7075633, 44.8629316], [16.7051517, 44.8638146], [16.7043744, 44.8641919], [16.7037569, 44.8646749], [16.7032991, 44.8653654], [16.7032267, 44.8658898], [16.70331, 44.8660905], [16.7035123, 44.8663697], [16.7036488, 44.8664992], [16.703866, 44.8666569], [16.7041527, 44.8668182], [16.7045106, 44.8669876], [16.7048211, 44.8670851], [16.7051535, 44.8671484], [16.7056082, 44.867189], [16.7063018, 44.8671771], [16.708064, 44.8670941], [16.710204, 44.8669922], [16.7113007, 44.8669168], [16.7119236, 44.8668073], [16.7123388, 44.866747], [16.7128179, 44.8667432], [16.7133503, 44.8668036], [16.7147717, 44.8668488], [16.7163209, 44.8669243], [16.7170662, 44.8669602], [16.7178285, 44.8670323], [16.7179422, 44.866791], [16.7179724, 44.8667134], [16.7180045, 44.8667185], [16.7179518, 44.8665662], [16.7180189, 44.8665017], [16.7180692, 44.8664778], [16.7181612, 44.8664708], [16.7182164, 44.8664538], [16.7182192, 44.8664213], [16.7181937, 44.8663986], [16.7181923, 44.8663689], [16.7182192, 44.8663463], [16.7182772, 44.8663081], [16.7182928, 44.8662628], [16.718263, 44.8662288], [16.7182107, 44.8662076], [16.7182107, 44.8661722], [16.7182248, 44.8661439], [16.718198, 44.8661227], [16.7181725, 44.8660775], [16.7182008, 44.8660322], [16.718239, 44.8660209], [16.7183211, 44.8660605], [16.718396, 44.8660407], [16.7184059, 44.8659982], [16.7183734, 44.8659671], [16.7184031, 44.8659218], [16.718471, 44.8659275], [16.7185262, 44.8659572], [16.7185814, 44.8659091], [16.7185545, 44.8658596], [16.718522, 44.8658341], [16.7185304, 44.8657704], [16.7185969, 44.8657605], [16.7186705, 44.8657987], [16.71872, 44.865786], [16.7187144, 44.8657365], [16.7186875, 44.8657025], [16.7186719, 44.8656672], [16.7186748, 44.8656205], [16.7187342, 44.8656091], [16.7188035, 44.865619], [16.7188417, 44.8655936], [16.7188049, 44.8655497], [16.7187908, 44.8655129], [16.718846, 44.8654875], [16.7189054, 44.8655186], [16.7189903, 44.8655002], [16.7189888, 44.8654464], [16.7189492, 44.8653998], [16.7189761, 44.8653658], [16.7190879, 44.8653092], [16.7195336, 44.8650107], [16.7200938, 44.8645268], [16.7203485, 44.8645579], [16.7204985, 44.8645183], [16.7205692, 44.8645494], [16.7206569, 44.8645608], [16.7207135, 44.8646202], [16.7208097, 44.8646513], [16.7208437, 44.8646541], [16.7209682, 44.8645551], [16.7210276, 44.8644844], [16.721121, 44.8644815], [16.7211776, 44.8645155], [16.7211974, 44.8645381], [16.7213445, 44.8645296], [16.7213955, 44.8644504], [16.7214577, 44.8644136], [16.7215171, 44.8644136], [16.7217011, 44.8643401], [16.7217237, 44.8642637], [16.7218057, 44.8641844], [16.7219868, 44.8641788], [16.7220887, 44.8641731], [16.7221623, 44.8641561], [16.7222642, 44.8641759], [16.7224056, 44.8641392], [16.7224792, 44.8640939], [16.7225528, 44.8640231], [16.7225641, 44.8639609], [16.7225669, 44.8638618], [16.7226263, 44.8637487], [16.7226688, 44.8636921], [16.7226631, 44.8635562], [16.7226405, 44.8634487], [16.722666, 44.8633525], [16.7228782, 44.8633044], [16.7230451, 44.8633497], [16.723181, 44.8633921], [16.723362, 44.8633469], [16.7234724, 44.8632563], [16.7235799, 44.8631799], [16.7238318, 44.8631403], [16.7239761, 44.8631742], [16.7240553, 44.8631912], [16.7241742, 44.8631686], [16.7242562, 44.8631601], [16.7243156, 44.8631856], [16.7243835, 44.8632252], [16.7244515, 44.863228], [16.7245448, 44.8631997], [16.7249631, 44.8631077], [16.7250951, 44.8629637], [16.7252752, 44.8629077], [16.7255193, 44.8628837], [16.7257034, 44.8629157], [16.7257994, 44.8629437], [16.7259395, 44.8629517], [16.7260676, 44.8629357], [16.7261956, 44.8628957], [16.7263237, 44.8628156], [16.7264077, 44.8627836], [16.7265398, 44.8628076], [16.7266838, 44.8628396], [16.7268239, 44.8628556], [16.726992, 44.8628116], [16.727088, 44.8626716], [16.7272281, 44.8625595], [16.7274842, 44.8623954], [16.7277203, 44.8623514], [16.7278243, 44.8623514], [16.7279244, 44.8623154], [16.7280084, 44.8622514], [16.7280724, 44.8622274], [16.7281685, 44.8622234], [16.7282925, 44.8622354], [16.7284166, 44.8622834], [16.7285246, 44.8623394], [16.7286367, 44.8623714], [16.7288688, 44.8623594], [16.7289808, 44.8623154], [16.7292009, 44.8623474], [16.729385, 44.8623554], [16.729517, 44.8622874], [16.7295691, 44.8622234], [16.7295851, 44.8621313], [16.729521, 44.8620513], [16.729545, 44.8619913], [16.7296611, 44.8619713], [16.7297611, 44.8620033], [16.7297891, 44.8620553], [16.7298732, 44.8620833], [16.7300205, 44.8620414], [16.7300346, 44.8620046], [16.7301054, 44.8619395], [16.7302186, 44.8619225], [16.7303176, 44.8619622], [16.7304364, 44.8620216], [16.7305411, 44.8620301], [16.7306175, 44.8619763], [16.7306968, 44.8619225], [16.7308496, 44.8619084], [16.7309514, 44.8619254], [16.7310618, 44.8619112], [16.7311382, 44.861849], [16.7312089, 44.8618094], [16.731308, 44.8618037], [16.7314325, 44.8618263], [16.7317777, 44.8617697], [16.7318428, 44.8617047], [16.731888, 44.8616367], [16.7320182, 44.861566], [16.7321823, 44.861549], [16.7323181, 44.861566], [16.7324511, 44.8615632], [16.7326068, 44.8614868], [16.7326945, 44.8614245], [16.7328897, 44.8613764], [16.733085, 44.8614528], [16.7331897, 44.8615066], [16.7332746, 44.8615377], [16.7333312, 44.8615405], [16.7334104, 44.8615207], [16.7334613, 44.8614613], [16.733484, 44.8614019], [16.7335462, 44.8613594], [16.7336877, 44.8613283], [16.7337782, 44.8613623], [16.7338801, 44.8614415], [16.7339622, 44.8614953], [16.7342819, 44.8615773], [16.7344998, 44.8615773], [16.7346724, 44.8616707], [16.7348167, 44.8617613], [16.7349723, 44.8617811], [16.735111, 44.8617952], [16.7352695, 44.8618659], [16.7353515, 44.8619452], [16.735459, 44.8620442], [16.7355666, 44.8620923], [16.7356854, 44.8621178], [16.7357958, 44.8621687], [16.7359061, 44.8622649], [16.7359712, 44.8622961], [16.7360844, 44.8623102], [16.7362655, 44.8622791], [16.7365202, 44.8621517], [16.7367409, 44.8621489], [16.7368173, 44.8622083], [16.736871, 44.8622197], [16.7369786, 44.8621998], [16.7370804, 44.8622338], [16.737154, 44.8623102], [16.7372247, 44.862364], [16.7373379, 44.8623923], [16.7373917, 44.8623498], [16.7374058, 44.8623159], [16.7374992, 44.8623017], [16.7376067, 44.8623187], [16.7378557, 44.8622197], [16.7380142, 44.8622479], [16.7380934, 44.8622876], [16.7381557, 44.8622847], [16.7382179, 44.8622366], [16.7382915, 44.8621602], [16.7384386, 44.8621206], [16.7385858, 44.8621291], [16.7386565, 44.8621404], [16.7387273, 44.8621433], [16.7387895, 44.8621263], [16.738832, 44.862098], [16.7389367, 44.8620867], [16.739047, 44.8621065], [16.7391376, 44.8621489], [16.7392055, 44.8621772], [16.739296, 44.8621602], [16.7395733, 44.8621178], [16.7396724, 44.8621348], [16.7397516, 44.8621659], [16.7398733, 44.8621715], [16.7399751, 44.8621093], [16.7400402, 44.8620386], [16.7401421, 44.8620131], [16.7402694, 44.862064], [16.740343, 44.8621036], [16.7405043, 44.8621008], [16.7406599, 44.8620442], [16.7406939, 44.8619848], [16.7407391, 44.8619197], [16.7408835, 44.8618858], [16.7410023, 44.8618999], [16.74109, 44.8619112], [16.7411891, 44.8618886], [16.7414069, 44.8618207], [16.7415767, 44.8617726], [16.7416559, 44.8617245], [16.7417663, 44.8617245], [16.7418993, 44.8617839], [16.74197, 44.861798], [16.7420719, 44.8617641], [16.742154, 44.8617131], [16.7421766, 44.8616424], [16.7422643, 44.8615688], [16.7423973, 44.8615009], [16.7426237, 44.8613736], [16.7427482, 44.861317], [16.7428953, 44.8613029], [16.7429576, 44.8612349], [16.7430368, 44.8611727], [16.74315, 44.8611585], [16.7432122, 44.8611727], [16.7433481, 44.861218], [16.7436452, 44.8612095], [16.7445591, 44.8609746], [16.7448251, 44.8607794], [16.7450091, 44.8603606], [16.7451166, 44.8601597], [16.7453232, 44.8599078], [16.7455099, 44.8598145], [16.7456146, 44.8598258], [16.745708, 44.8598909], [16.745725, 44.8599786], [16.7456401, 44.8606011], [16.7455552, 44.8609859], [16.7456769, 44.8610057], [16.7458947, 44.860901], [16.7461494, 44.8605473], [16.7462456, 44.8602927], [16.7463843, 44.8598682], [16.7463758, 44.8596532], [16.7464522, 44.8594692], [16.7466644, 44.8592372], [16.7467323, 44.8590505], [16.7467946, 44.8587647], [16.7467719, 44.8585723], [16.7467182, 44.8583912], [16.7466418, 44.858162], [16.7466333, 44.8579639], [16.7466163, 44.8578564], [16.7465342, 44.8576894], [16.7464409, 44.8575253], [16.7463418, 44.8572763], [16.7463022, 44.8570499], [16.7462994, 44.8568518], [16.7463079, 44.8566736], [16.7462456, 44.8564557], [16.7462654, 44.8562887], [16.7464154, 44.8561954], [16.7465823, 44.8561274], [16.7466729, 44.855952], [16.7466842, 44.8557737], [16.7467068, 44.8555813], [16.7467946, 44.8553578], [16.7469926, 44.8551258], [16.7471681, 44.8550013], [16.747318, 44.854956], [16.7474878, 44.854905], [16.7476236, 44.8548032], [16.7477057, 44.8546475], [16.7477199, 44.8545287], [16.747734, 44.8543533], [16.7478047, 44.8541467], [16.7478444, 44.853892], [16.7478613, 44.8537364], [16.7477991, 44.8535808], [16.7477114, 44.853428], [16.7475671, 44.8531846], [16.7474454, 44.8529809], [16.7473237, 44.8528224], [16.7472671, 44.8526696], [16.7472643, 44.8525027], [16.7472728, 44.8523103], [16.7472501, 44.8521433], [16.7471087, 44.8518547], [16.7469134, 44.8516085], [16.7466559, 44.851385], [16.7464041, 44.8512492], [16.7461437, 44.8511728], [16.7458891, 44.8511303], [16.7456033, 44.8510398], [16.7453939, 44.8509322], [16.7452043, 44.8507992], [16.7450911, 44.8506861], [16.7448789, 44.850488], [16.7446695, 44.8503465], [16.7444233, 44.8502192], [16.7441913, 44.850089], [16.7439762, 44.8500041], [16.7437697, 44.8499617], [16.7435292, 44.8499334], [16.7432603, 44.8498853], [16.7430255, 44.849806], [16.7428048, 44.8496929], [16.7425246, 44.8494948], [16.7423646, 44.8492267], [16.7422285, 44.8489746], [16.7421405, 44.8487905], [16.7419964, 44.8486304], [16.7417563, 44.8484703], [16.7414722, 44.8482342], [16.7413241, 44.8480502], [16.7411921, 44.8478381], [16.74104, 44.8474859], [16.740956, 44.8472698], [16.7408919, 44.8471258], [16.7407679, 44.8470257], [16.7406238, 44.8469697], [16.7399996, 44.8468176], [16.7397955, 44.8466976], [16.7396274, 44.8465855], [16.7395154, 44.8465255], [16.7392713, 44.8464535], [16.7389951, 44.8463895], [16.7388191, 44.8463374], [16.738639, 44.8462614], [16.7384789, 44.8461774], [16.7383349, 44.8460653], [16.7382108, 44.8459253], [16.7381108, 44.8457812], [16.7380307, 44.8456411], [16.7379907, 44.8455451], [16.7379147, 44.845357], [16.7376866, 44.845221], [16.7373624, 44.8450889], [16.7371263, 44.8449689], [16.7369983, 44.8448168], [16.7369223, 44.8447127], [16.7367382, 44.8445327], [16.7366261, 44.8444046], [16.736422, 44.8443246], [16.736294, 44.8441965], [16.736226, 44.8439884], [16.7362179, 44.8437843], [16.7361139, 44.8434762], [16.7359418, 44.8432361], [16.7357337, 44.84298], [16.7356457, 44.8427359], [16.7355257, 44.8424998], [16.7353696, 44.8423837], [16.733985, 44.8416674], [16.7338129, 44.8414273], [16.7337769, 44.8412913], [16.7337729, 44.8411632], [16.7338249, 44.8409711], [16.7338609, 44.8408551], [16.7338569, 44.840743], [16.7337969, 44.840583], [16.7335608, 44.8402228], [16.7333487, 44.8399307], [16.7333287, 44.8397986], [16.7332687, 44.8395665], [16.7331446, 44.8393785], [16.7331286, 44.8391864], [16.7331126, 44.8389743], [16.7330446, 44.8387502], [16.7329846, 44.8386582], [16.7328445, 44.8384821], [16.7327044, 44.838262], [16.7326044, 44.8380739], [16.7324603, 44.8378858], [16.7324043, 44.8376777], [16.7324043, 44.8375137], [16.7323843, 44.8373456], [16.7323043, 44.8371535], [16.7322403, 44.8369934], [16.7322162, 44.8368374], [16.7321402, 44.8365533], [16.7320122, 44.8363572], [16.7318801, 44.8361451], [16.7318161, 44.835981], [16.7317761, 44.8358009], [16.73176, 44.8355568], [16.731756, 44.8353127], [16.7318601, 44.8348365], [16.7320642, 44.8345204], [16.7323563, 44.8342523], [16.7325444, 44.8341202], [16.7329365, 44.8337281], [16.7330486, 44.833504], [16.7335408, 44.8328397], [16.733913, 44.8324755], [16.7344692, 44.8321994], [16.7348934, 44.8321194], [16.7351055, 44.8321114], [16.7353176, 44.8320833], [16.7355537, 44.8320073], [16.73623, 44.8316632], [16.7365461, 44.8314951], [16.7367862, 44.831331], [16.7370863, 44.831171], [16.7375265, 44.8310589], [16.7378627, 44.8309108], [16.7381908, 44.8307788], [16.738703, 44.8305587], [16.7390472, 44.8303066], [16.7393953, 44.8300065], [16.7396114, 44.8297343], [16.7398755, 44.8294182], [16.7404838, 44.8290901], [16.7408599, 44.828818], [16.7411801, 44.8285098], [16.7415122, 44.8282097], [16.7416923, 44.8280856], [16.7420845, 44.8277255], [16.7424446, 44.8273693], [16.7428008, 44.8270692], [16.7432289, 44.8268171], [16.7435611, 44.826617], [16.7443734, 44.8261848], [16.7447456, 44.8259527], [16.7450257, 44.8257446], [16.7451858, 44.8256006], [16.745598, 44.8252724], [16.7458741, 44.8251364], [16.7462422, 44.8249643], [16.7467264, 44.8247722], [16.7469345, 44.8246722], [16.7471106, 44.8245721], [16.7478469, 44.824176], [16.7482711, 44.8238318], [16.7487593, 44.8234677], [16.7489874, 44.8231876], [16.7491475, 44.8229354], [16.7492995, 44.8227394], [16.7495076, 44.8225753], [16.7496637, 44.8225153], [16.7499398, 44.8224392], [16.7505481, 44.8223872], [16.7512644, 44.8223512], [16.7519207, 44.8223072], [16.7524169, 44.8222672], [16.752709, 44.8223112], [16.7529691, 44.8223232], [16.7532212, 44.8222552], [16.7538935, 44.8220791], [16.7542857, 44.822003], [16.7545218, 44.821983], [16.7553901, 44.821955], [16.7563305, 44.821919], [16.7571389, 44.822003], [16.7580633, 44.8221391], [16.7587996, 44.8223192], [16.7590997, 44.8224432], [16.7603843, 44.8222752], [16.7615448, 44.8228194], [16.7622291, 44.8229715], [16.7625612, 44.8231475], [16.7627933, 44.8233036], [16.7630534, 44.8235157], [16.7635656, 44.8239599], [16.7638778, 44.8241119], [16.7643059, 44.82424], [16.7650022, 44.8244121], [16.7653224, 44.8244721], [16.7662468, 44.8246602], [16.7666229, 44.8247042], [16.766843, 44.8246482], [16.7669791, 44.8245521], [16.7674953, 44.8240439], [16.7676914, 44.8237558], [16.7678635, 44.8234517], [16.7679275, 44.8231555], [16.7679075, 44.8228594], [16.7678595, 44.8225353], [16.7678835, 44.8221071], [16.7681596, 44.821787], [16.7685397, 44.8216069], [16.7688599, 44.8215188], [16.769228, 44.8213868], [16.7696282, 44.8210426], [16.7701644, 44.8205984], [16.7702525, 44.8203343], [16.7702485, 44.8201903], [16.7702645, 44.8200182], [16.7704005, 44.8197901], [16.7718292, 44.8190818], [16.7743462, 44.819466], [16.7748664, 44.8193859], [16.7751466, 44.8192979], [16.7754667, 44.8191058], [16.7757708, 44.8189617], [16.776047, 44.8188817], [16.7763031, 44.8188897], [16.7766112, 44.8189738], [16.7768793, 44.8191098], [16.7772162, 44.8193639], [16.7774057, 44.8194747], [16.7776185, 44.8195573], [16.7778397, 44.8196045], [16.7782137, 44.8196516], [16.7786327, 44.8196552], [16.7789121, 44.8196493], [16.7790038, 44.8196597], [16.7790937, 44.8196718], [16.7792711, 44.8196836], [16.7793983, 44.8196877], [16.7794822, 44.8196872], [16.7795587, 44.8196748], [16.779641, 44.8196535], [16.7797781, 44.8196034], [16.7799269, 44.8195397], [16.7801439, 44.8194501], [16.7805437, 44.8193216], [16.7807898, 44.8192608], [16.78101, 44.8191907], [16.7812295, 44.8190969], [16.7813816, 44.8190103], [16.7814656, 44.8189401], [16.7815113, 44.8188788], [16.7815421, 44.8188375], [16.7816365, 44.818756], [16.7819575, 44.8185856], [16.7821496, 44.8185456], [16.7825537, 44.8184615], [16.78327, 44.8182334], [16.7837703, 44.8180414], [16.7843105, 44.8178413], [16.7848507, 44.8176732], [16.7853749, 44.8174931], [16.7856791, 44.8173371], [16.7859432, 44.817141], [16.7861473, 44.8167848], [16.7862193, 44.8164687], [16.7863393, 44.8162726], [16.7866115, 44.8159685], [16.7869036, 44.8156643], [16.7870517, 44.8154923], [16.7873638, 44.8152802], [16.78776, 44.8151121], [16.7880401, 44.8150361], [16.7893206, 44.8146319], [16.7896288, 44.8145118], [16.7900009, 44.8144118], [16.7906292, 44.8143798], [16.7908613, 44.8143958], [16.7913135, 44.8142838], [16.7921178, 44.8139796], [16.7931222, 44.8135314], [16.7934064, 44.8133594], [16.7936185, 44.8132433], [16.7936625, 44.8131313], [16.7940787, 44.8128271], [16.7945428, 44.812519], [16.7945989, 44.812471], [16.7952431, 44.8118747], [16.7955593, 44.8116866], [16.7957634, 44.8115066], [16.7959154, 44.8112705], [16.7959715, 44.8110544], [16.7960755, 44.8109183], [16.7962596, 44.8107903], [16.7973, 44.8103421], [16.7976002, 44.810298], [16.7978763, 44.810262], [16.7981164, 44.81021], [16.7984565, 44.8100619], [16.7985686, 44.8100159], [16.7986006, 44.8099819], [16.7986086, 44.8098939], [16.7989407, 44.8098198], [16.7990968, 44.8097758], [16.7991548, 44.8097578], [16.7991948, 44.8096778], [16.7991988, 44.8095978], [16.7992028, 44.8095437], [16.7992168, 44.8094837], [16.7992368, 44.8094489], [16.7994108, 44.8093909], [16.7996146, 44.8092763], [16.7996938, 44.8091844], [16.7997292, 44.8090896], [16.7997391, 44.8090245], [16.7998211, 44.8088391], [16.7999569, 44.8087359], [16.800039, 44.8086977], [16.8004182, 44.8085378], [16.8006714, 44.8084883], [16.8009799, 44.8084529], [16.8013222, 44.8084034], [16.8014552, 44.8083552], [16.8015856, 44.8083132], [16.8018203, 44.8082378], [16.8019077, 44.8082061], [16.802001, 44.8081847], [16.8020693, 44.8081753], [16.8021513, 44.8081713], [16.8022533, 44.808176], [16.802575, 44.8081791], [16.8029083, 44.8082284], [16.8035893, 44.8083713], [16.8049929, 44.8086017], [16.8051249, 44.8086488], [16.8054154, 44.8087837], [16.8062411, 44.809049], [16.806295, 44.8090534], [16.8072149, 44.8087407], [16.8076655, 44.8086429], [16.8081369, 44.8086192], [16.8084259, 44.8086133], [16.8088394, 44.8085629], [16.809173, 44.8085317], [16.8093345, 44.8085347], [16.8095039, 44.8083913], [16.8097244, 44.8083583], [16.8099823, 44.808342], [16.8100994, 44.8083509], [16.8104477, 44.808471], [16.8105099, 44.8084813], [16.8106004, 44.8084784], [16.8106952, 44.8084947], [16.8107293, 44.8085243], [16.8107679, 44.8085421], [16.8108405, 44.8085555], [16.8108968, 44.8085777], [16.8109383, 44.8086133], [16.8109857, 44.8086429], [16.8110762, 44.8086889], [16.8111429, 44.8087022], [16.8116557, 44.8086844], [16.8117521, 44.8086577], [16.8121538, 44.8087215], [16.8123806, 44.8087778], [16.812597, 44.8087719], [16.8126933, 44.8087674], [16.8128193, 44.8088148], [16.8130831, 44.8088578], [16.8132506, 44.8088815], [16.8133574, 44.8089201], [16.8134581, 44.808966], [16.8135337, 44.8090046], [16.8136434, 44.8090994], [16.8136879, 44.8091187], [16.8137679, 44.8091187], [16.813845, 44.8091024], [16.8139458, 44.8090565], [16.814051, 44.8090401], [16.8142052, 44.8090401], [16.814303, 44.8090802], [16.8146395, 44.8092358], [16.8149997, 44.8095248], [16.8151553, 44.8096597], [16.8151835, 44.809725], [16.8155837, 44.8098806], [16.8160565, 44.809842], [16.8161603, 44.8099206], [16.8164241, 44.8099962], [16.8164108, 44.8101089], [16.8169815, 44.810306], [16.8169963, 44.8105061], [16.8172824, 44.8107047], [16.8175936, 44.810721], [16.817816, 44.8107966], [16.817859, 44.8108648], [16.8181184, 44.81097], [16.8185186, 44.8109063], [16.8188965, 44.8110056], [16.8191559, 44.8109834], [16.8192775, 44.8108826], [16.8195784, 44.8108707], [16.819774, 44.8107477], [16.8200957, 44.8108366], [16.8203228, 44.8107546], [16.8204234, 44.8107022], [16.8205429, 44.8107106], [16.8206351, 44.8107987], [16.8209852, 44.8107442], [16.8211676, 44.8108238], [16.8210942, 44.8109391], [16.8212095, 44.8109999], [16.8212221, 44.8110313], [16.8214275, 44.8109056], [16.8218551, 44.8108301], [16.8220186, 44.8109244], [16.8224861, 44.8108028], [16.8226475, 44.8108028], [16.8227879, 44.8108385], [16.8231443, 44.810654], [16.823203, 44.8106729], [16.8232785, 44.8108049], [16.8233644, 44.8107756], [16.823507, 44.8106435], [16.8236327, 44.8108741], [16.8239052, 44.811241], [16.8239891, 44.8117671], [16.8241149, 44.8120941], [16.8241211, 44.8124044], [16.8241379, 44.8124945], [16.8240834, 44.8127481], [16.8241274, 44.8129766], [16.8241882, 44.8131758], [16.8242448, 44.8132261], [16.8244272, 44.8137438], [16.8246095, 44.8137868], [16.8249208, 44.8137602], [16.8252321, 44.8137453], [16.8259969, 44.813729], [16.8263615, 44.8137083], [16.82695, 44.8136401], [16.8272761, 44.8136119], [16.8275473, 44.8135778], [16.8278112, 44.8135452], [16.8281832, 44.8134845], [16.8285953, 44.8133955], [16.8291926, 44.8132399], [16.8294861, 44.8131109], [16.8300761, 44.8127967], [16.8304941, 44.8125165], [16.8306512, 44.812395], [16.8309254, 44.8121727], [16.8311522, 44.812057], [16.8314886, 44.811977], [16.8319037, 44.81198], [16.8326819, 44.8121534], [16.8336542, 44.8123713], [16.8339047, 44.8124988], [16.834047, 44.8126455], [16.8341923, 44.8127404], [16.8353336, 44.8133659], [16.8357709, 44.8135838], [16.8362007, 44.8137172], [16.8365565, 44.8138031], [16.8372709, 44.8140107], [16.8378875, 44.8142923], [16.838436, 44.8147014], [16.8389622, 44.8150408], [16.8399642, 44.8155389], [16.8410408, 44.8158475], [16.8415292, 44.8158769], [16.8421916, 44.8158454], [16.8427219, 44.8157637], [16.842942, 44.8156232], [16.8435227, 44.8154136], [16.8440824, 44.8153298], [16.8447008, 44.8152375], [16.8453129, 44.8151285], [16.8457342, 44.8150594], [16.8462541, 44.8151202], [16.8469269, 44.8151139], [16.8472351, 44.8151034], [16.847342, 44.8150636], [16.8474982, 44.8151295], [16.8480748, 44.8153978], [16.8483594, 44.8156216], [16.8489341, 44.8158151], [16.849456, 44.8158654], [16.8504434, 44.8158612], [16.85098, 44.8158109], [16.8515103, 44.8156641], [16.8516089, 44.8157574], [16.8517986, 44.8161001], [16.8520595, 44.8167118], [16.8523053, 44.8167178], [16.8532807, 44.8169372], [16.8540544, 44.8164659], [16.8546651, 44.8168483], [16.8547985, 44.8171536], [16.8550327, 44.8171477], [16.8553588, 44.8176517], [16.8555544, 44.8176013], [16.855756, 44.8180133], [16.8562096, 44.8179363], [16.8564379, 44.8179689], [16.8566987, 44.8180904], [16.8569181, 44.8182238], [16.8571286, 44.8182979], [16.8572768, 44.8183216], [16.8573094, 44.818372], [16.857342, 44.8184965], [16.8575496, 44.8185825], [16.85776, 44.8186003], [16.8579942, 44.8186299], [16.858267, 44.8187011], [16.8586346, 44.8188434], [16.8589132, 44.8189768], [16.8590585, 44.8189768], [16.8591741, 44.8189383], [16.8593431, 44.8189412], [16.8594676, 44.8190302], [16.8597018, 44.8191784], [16.8603154, 44.8194037], [16.8606504, 44.8195074], [16.8610506, 44.81954], [16.861353, 44.8194748], [16.8615576, 44.8194096], [16.8618214, 44.8193474], [16.862106, 44.8193592], [16.8622305, 44.8193562], [16.8624973, 44.8192317], [16.8625447, 44.8191724], [16.8628115, 44.818962], [16.8630339, 44.8188997], [16.8631969, 44.8188908], [16.8635319, 44.8188879], [16.8638047, 44.8189086], [16.8642345, 44.8189679], [16.8647652, 44.8190983], [16.8650527, 44.819125], [16.8652899, 44.8191606], [16.8655478, 44.8191813], [16.8658739, 44.8191784], [16.8662059, 44.8192051], [16.8664964, 44.8192347], [16.8667988, 44.8192555], [16.8671457, 44.8192347], [16.8674214, 44.819208], [16.8676467, 44.819211], [16.8679253, 44.8192436], [16.86829, 44.8193414], [16.8687109, 44.8195045], [16.86904, 44.8196023], [16.869452, 44.8197298], [16.8697663, 44.8198187], [16.8701724, 44.819881], [16.8704629, 44.8199047], [16.8706497, 44.8199165], [16.8708365, 44.8199195], [16.8716547, 44.8204946], [16.8717883, 44.8205269], [16.8719425, 44.8201845], [16.8719721, 44.8199191], [16.8719499, 44.8197294], [16.8719084, 44.8195767], [16.8717661, 44.8193944], [16.8715942, 44.8191869], [16.871483, 44.8189987], [16.8713941, 44.8186726], [16.8713348, 44.8184695], [16.8713348, 44.8182724], [16.8713333, 44.8180589], [16.8712755, 44.8177966], [16.871145, 44.8172926], [16.871105, 44.8171103], [16.8710917, 44.816965], [16.8710917, 44.8168642], [16.8710828, 44.8166033], [16.8710561, 44.8164344], [16.8709761, 44.8161839], [16.8708753, 44.8159334], [16.8707523, 44.8157362], [16.8706307, 44.8154931], [16.8705655, 44.8153019], [16.8705433, 44.8150959], [16.8705461, 44.8149536], [16.8705917, 44.8147419], [16.8706703, 44.8145994], [16.870877, 44.8144261], [16.870997, 44.8142757], [16.8711631, 44.8140741], [16.871584, 44.8136487], [16.8720598, 44.8131996], [16.8724734, 44.8128838], [16.8726898, 44.8127401], [16.8729551, 44.8125236], [16.8732338, 44.8123932], [16.8734176, 44.8123428], [16.8736755, 44.8123028], [16.8739171, 44.8122702], [16.8742165, 44.812242], [16.8744522, 44.8122672], [16.87463, 44.8123369], [16.8751251, 44.8125162], [16.8754927, 44.8127163], [16.8762664, 44.8130306], [16.8769868, 44.8133241], [16.8772373, 44.8134382], [16.8782334, 44.8141808], [16.878435, 44.8142534], [16.878727, 44.8145217], [16.8790501, 44.8146121], [16.8792799, 44.8146418], [16.8794859, 44.8146373], [16.8796905, 44.8145914], [16.8799261, 44.814541], [16.8800269, 44.8145202], [16.8803011, 44.8145617], [16.8804731, 44.814538], [16.8806554, 44.8144743], [16.8807873, 44.8144091], [16.8808674, 44.8143735], [16.8810719, 44.8143424], [16.8811697, 44.8142742], [16.8814899, 44.814126], [16.8816218, 44.8140192], [16.8818086, 44.8137658], [16.882022, 44.8135597], [16.882188, 44.8132707], [16.8825053, 44.8129327], [16.8828402, 44.8126704], [16.8829529, 44.8125563], [16.883061, 44.8122422], [16.883149, 44.8120828], [16.8831783, 44.8119193], [16.8831406, 44.8117768], [16.883128, 44.8116971], [16.8831616, 44.8115211], [16.8831867, 44.8114246], [16.8832077, 44.8113282], [16.8832161, 44.8111605], [16.8832035, 44.8110976], [16.8831867, 44.8110557], [16.883346, 44.8108083], [16.8837946, 44.8105778], [16.8840713, 44.8102675], [16.8843355, 44.8101208], [16.8845157, 44.8100537], [16.8847254, 44.8099824], [16.8849643, 44.8098818], [16.8852494, 44.8097812], [16.8855345, 44.8096428], [16.8857525, 44.8095213], [16.8860082, 44.809429], [16.8862388, 44.8093578], [16.8866287, 44.809232], [16.8869515, 44.8091565], [16.8874169, 44.8090894], [16.8878026, 44.8090391], [16.8882638, 44.8090349], [16.8887291, 44.8090559], [16.8889304, 44.8090936], [16.8892574, 44.8091943], [16.8905696, 44.8099615], [16.8909218, 44.8101711], [16.8913075, 44.8104771], [16.8917142, 44.8109257], [16.8919531, 44.8112066], [16.892385, 44.8115378], [16.892888, 44.8117642], [16.8931857, 44.811869], [16.8934331, 44.8119319], [16.8937936, 44.8120493], [16.8940619, 44.8121709], [16.8942799, 44.8122799], [16.8944099, 44.8123512], [16.8947411, 44.812347], [16.8951645, 44.8123092], [16.895479, 44.8122841], [16.8959127, 44.8123584], [16.896265, 44.8123621], [16.8963355, 44.8124152], [16.8964548, 44.812373], [16.8967673, 44.8123234], [16.8969086, 44.8123092], [16.8985227, 44.8124686], [16.8995918, 44.8125943], [16.9012855, 44.8126488], [16.902233, 44.8121164], [16.9028158, 44.8120535], [16.903365, 44.8120661], [16.9039435, 44.8122296], [16.9046353, 44.8123176], [16.9051929, 44.8123176], [16.9058175, 44.8123428], [16.9065345, 44.8123134], [16.9072723, 44.8121373], [16.908136, 44.8118648], [16.9087271, 44.8117684], [16.9092554, 44.8117139], [16.9099555, 44.8116091], [16.9104209, 44.811563], [16.9112342, 44.8115336], [16.9116702, 44.8114833], [16.9120475, 44.8113659], [16.9124206, 44.8111689], [16.9126169, 44.8110383], [16.9129281, 44.8108916], [16.9131786, 44.8107937], [16.9132809, 44.8107656], [16.9135448, 44.8106826], [16.9137034, 44.8106522], [16.9138323, 44.8106411], [16.9140109, 44.8106329], [16.9142095, 44.8107159], [16.9144267, 44.8108167], [16.9146416, 44.8109405], [16.9147973, 44.8110524], [16.9149796, 44.8112592], [16.9151582, 44.81152], [16.9154222, 44.8118646], [16.9156192, 44.8121077], [16.9158959, 44.8122335], [16.9173717, 44.8125815], [16.9177574, 44.812594], [16.918076, 44.8125353], [16.918294, 44.8124641], [16.9189313, 44.8121748], [16.9194763, 44.8118813], [16.9198033, 44.8117723], [16.9201387, 44.8117975], [16.9202819, 44.8118172], [16.9205586, 44.8118256], [16.9208038, 44.8118109], [16.9210155, 44.8117711], [16.921135, 44.8117208], [16.9212084, 44.8116768], [16.9213111, 44.8116181], [16.9214075, 44.8115887], [16.9215228, 44.8115699], [16.9217094, 44.8115615], [16.9219693, 44.8115531], [16.9222125, 44.8115175], [16.9223466, 44.811486], [16.9224619, 44.8114483], [16.9226799, 44.8115091], [16.9226611, 44.8114546], [16.9226736, 44.8114147], [16.922724, 44.8113623], [16.9227952, 44.8113057], [16.9229692, 44.8111531], [16.9230206, 44.8110735], [16.9230426, 44.8110137], [16.9230647, 44.8108972], [16.923061, 44.8108149], [16.923044, 44.8106489], [16.9229832, 44.8104377], [16.9229795, 44.8104013], [16.9230128, 44.8103132], [16.9230721, 44.8102346], [16.9231581, 44.8101768], [16.92327, 44.8101412], [16.9233715, 44.810139], [16.9235175, 44.810142], [16.9236539, 44.8101701], [16.9238177, 44.8102183], [16.9239029, 44.810239], [16.9240237, 44.8102427], [16.9241171, 44.8102376], [16.9242453, 44.8102072], [16.9243187, 44.8101716], [16.9243928, 44.8101308], [16.9245864, 44.8099834], [16.9248191, 44.8098263], [16.9250948, 44.8097196], [16.9253127, 44.8096736], [16.9254728, 44.8095921], [16.9256121, 44.809478], [16.9257707, 44.8094038], [16.9265588, 44.8085636], [16.9268355, 44.8083037], [16.9270494, 44.8081695], [16.9273722, 44.8080521], [16.9276195, 44.8080018], [16.9284706, 44.8079431], [16.9287096, 44.8077922], [16.9290701, 44.8077712], [16.9300595, 44.8079683], [16.9304662, 44.8079306], [16.9305395, 44.8079085], [16.9308561, 44.8078132], [16.9308538, 44.8075838], [16.930793, 44.8075764], [16.9308197, 44.8074919], [16.9308375, 44.8074252], [16.9308612, 44.8073689], [16.9308775, 44.8073378], [16.9309842, 44.807194], [16.9311488, 44.8070398], [16.9314052, 44.8068516], [16.9316898, 44.8067019], [16.9320485, 44.8065462], [16.9326355, 44.8063698], [16.9329245, 44.806315], [16.9331083, 44.8063076], [16.9334833, 44.8063461], [16.933759, 44.8063817], [16.9339413, 44.8063921], [16.9344749, 44.8065625], [16.9347492, 44.8066159], [16.9349923, 44.8066233], [16.9351701, 44.8066144], [16.9353406, 44.8065729], [16.9354266, 44.8065284], [16.9355096, 44.8064528], [16.9355585, 44.8063817], [16.9357126, 44.8060141], [16.9358757, 44.8056302], [16.9359943, 44.805436], [16.936101, 44.8053085], [16.9362551, 44.805184], [16.9364449, 44.8050892], [16.9366435, 44.8050121], [16.9367917, 44.8049765], [16.9369444, 44.8049261], [16.9370689, 44.804855], [16.9371652, 44.8048001], [16.9372749, 44.8047068], [16.9374009, 44.8045348], [16.9375462, 44.804314], [16.9377878, 44.8039849], [16.9379212, 44.8037685], [16.9381168, 44.8035417], [16.9383006, 44.8033861], [16.9384103, 44.8033179], [16.9384785, 44.8032453], [16.9387512, 44.8029058], [16.9389069, 44.8026168], [16.9390284, 44.8024389], [16.9392211, 44.8022403], [16.9399548, 44.8017734], [16.9400482, 44.8016741], [16.9401624, 44.8015258], [16.9402617, 44.801468], [16.9403506, 44.8014547], [16.9404114, 44.8014325], [16.9405003, 44.8013806], [16.9405359, 44.8013465], [16.9405596, 44.8013079], [16.9405759, 44.8012857], [16.9409287, 44.801219], [16.9410739, 44.8011864], [16.9413333, 44.8012457], [16.9415408, 44.801265], [16.9417528, 44.8012709], [16.9419262, 44.8012487], [16.9421234, 44.8012042], [16.9423146, 44.8011345], [16.942448, 44.8011108], [16.9426392, 44.8011004], [16.942866, 44.8011167], [16.9430261, 44.8011523], [16.9433507, 44.801176], [16.9437865, 44.8012131], [16.9444135, 44.8013154], [16.9446269, 44.8013598], [16.944784, 44.8013672], [16.9448389, 44.801368], [16.9449367, 44.800967], [16.9451213, 44.8005677], [16.9454607, 44.800003], [16.9456623, 44.7996028], [16.945818, 44.799121], [16.9458565, 44.7987816], [16.9458476, 44.7985], [16.9457246, 44.7979619], [16.9456693, 44.7976281], [16.9456987, 44.7974646], [16.9457521, 44.7973947], [16.9457897, 44.7974114], [16.9457891, 44.7976047], [16.9459222, 44.7975983], [16.9459261, 44.7977077], [16.9460291, 44.7980312], [16.9462007, 44.7983562], [16.9464112, 44.7985934], [16.9465624, 44.7987535], [16.9466158, 44.7989047], [16.9466454, 44.7991418], [16.946678, 44.7995302], [16.9466988, 44.799714], [16.9467759, 44.7999304], [16.9468085, 44.800046], [16.9468203, 44.8001883], [16.9467907, 44.8003187], [16.9467462, 44.8004255], [16.9466929, 44.8005855], [16.9467056, 44.8008573], [16.9467501, 44.8010456], [16.946802, 44.801139], [16.9468627, 44.8012472], [16.9469102, 44.8013376], [16.9469591, 44.8014784], [16.9469887, 44.8016044], [16.9470451, 44.8017096], [16.9471918, 44.8019409], [16.9472926, 44.8021513], [16.9473474, 44.8022432], [16.9473623, 44.8023085], [16.9473608, 44.80239], [16.9471503, 44.8028406], [16.946962, 44.8031267], [16.9469858, 44.8032067], [16.9470317, 44.8032512], [16.9471221, 44.8032749], [16.9472422, 44.8032749], [16.9473548, 44.8032645], [16.9474868, 44.803306], [16.9476498, 44.8034424], [16.9477402, 44.803561], [16.9477699, 44.8036158], [16.9477714, 44.8036529], [16.9476972, 44.8038026], [16.9475876, 44.803847], [16.9474675, 44.803893], [16.9473845, 44.803936], [16.9472244, 44.8041064], [16.9472526, 44.8041731], [16.947297, 44.8042739], [16.9472985, 44.8043392], [16.947137, 44.8045733], [16.947137, 44.8046697], [16.9471829, 44.804726], [16.9472778, 44.8047364], [16.9473845, 44.8047156], [16.9474482, 44.8047067], [16.9475475, 44.8047201], [16.9475727, 44.8047438], [16.9476083, 44.8048001], [16.9476276, 44.8049157], [16.9475787, 44.8050625], [16.9475446, 44.8052404], [16.9475046, 44.8052685], [16.9474319, 44.8052893], [16.9473578, 44.8053056], [16.9473104, 44.8053056], [16.9472541, 44.8053234], [16.9472096, 44.8054197], [16.9471903, 44.8055057], [16.947171, 44.8056139], [16.9471029, 44.8057191], [16.9470332, 44.8057651], [16.946925, 44.8058244], [16.946842, 44.805894], [16.9467115, 44.8060852], [16.9466967, 44.806192], [16.9467071, 44.8063076], [16.9467397, 44.8064158], [16.9467545, 44.8065284], [16.9467545, 44.8065922], [16.9467708, 44.8066707], [16.9468687, 44.8068501], [16.9469383, 44.8069553], [16.9470169, 44.8070413], [16.947091, 44.8070872], [16.9471429, 44.807111], [16.9471488, 44.8071406], [16.9470925, 44.8072607], [16.9468998, 44.8073689], [16.9467619, 44.8074474], [16.9466582, 44.8075156], [16.946504, 44.807652], [16.9463558, 44.8076979], [16.946175, 44.8077439], [16.9460431, 44.807778], [16.9459334, 44.807815], [16.9458415, 44.8078551], [16.9457837, 44.807904], [16.9457451, 44.8079455], [16.9456695, 44.8080344], [16.9455495, 44.8082315], [16.9454961, 44.8082716], [16.9454457, 44.8082775], [16.9453701, 44.808273], [16.945296, 44.8082627], [16.9452471, 44.8082627], [16.94517, 44.808273], [16.9451448, 44.8082805], [16.9450425, 44.8083338], [16.944964, 44.8083887], [16.9449121, 44.8084509], [16.9448795, 44.8085161], [16.9448661, 44.8085991], [16.9448439, 44.8086644], [16.9447683, 44.8087518], [16.9446542, 44.8087889], [16.9444645, 44.8087978], [16.9443266, 44.8087711], [16.9442525, 44.8087177], [16.9441487, 44.8086822], [16.9440242, 44.808694], [16.9439457, 44.8087133], [16.9438671, 44.80878], [16.9435543, 44.8089786], [16.9435603, 44.8090068], [16.9435944, 44.8090616], [16.9435959, 44.8091268], [16.9435514, 44.8091609], [16.9434713, 44.8091668], [16.9433765, 44.8091624], [16.943249, 44.8091772], [16.9430904, 44.8092321], [16.9429837, 44.8092691], [16.942834, 44.8093492], [16.9427584, 44.8094855], [16.942751, 44.8095671], [16.9427702, 44.8096263], [16.9428532, 44.8097553], [16.9428206, 44.809819], [16.9427628, 44.8098516], [16.9426754, 44.8098843], [16.9425731, 44.8099184], [16.9424604, 44.8099747], [16.9423359, 44.8100473], [16.9420676, 44.810243], [16.9419787, 44.8103156], [16.9418794, 44.8103645], [16.9417519, 44.8103956], [16.9416245, 44.8104149], [16.9415237, 44.8104371], [16.9414718, 44.8104505], [16.9413354, 44.8104683], [16.9412984, 44.8105083], [16.9412702, 44.8106076], [16.9411916, 44.8106476], [16.9411116, 44.8106565], [16.9408374, 44.8106713], [16.9405987, 44.8106891], [16.9403957, 44.8107054], [16.9402341, 44.8107084], [16.9400429, 44.8106891], [16.9398472, 44.8106595], [16.9397568, 44.8106476], [16.9396204, 44.8106565], [16.9394618, 44.8106906], [16.939321, 44.8107306], [16.9391995, 44.8107825], [16.9391239, 44.8108403], [16.9390646, 44.8109204], [16.9389208, 44.8110345], [16.9388778, 44.8110508], [16.9387711, 44.8110686], [16.938654, 44.811079], [16.9385651, 44.8110671], [16.9385132, 44.8110211], [16.9384999, 44.8109752], [16.9384895, 44.8109233], [16.938445, 44.8108774], [16.9384006, 44.8108729], [16.938325, 44.810907], [16.9382227, 44.8110197], [16.9382049, 44.8111027], [16.9382227, 44.8112227], [16.9382523, 44.8113265], [16.9382657, 44.8114391], [16.9382701, 44.811497], [16.9382405, 44.8116615], [16.9381827, 44.8117178], [16.9379677, 44.8118675], [16.9377573, 44.8119594], [16.9376327, 44.812038], [16.9375112, 44.8121654], [16.9374371, 44.8122559], [16.9373052, 44.8123759], [16.9372059, 44.8124589], [16.9371125, 44.8125731], [16.9370339, 44.8127124], [16.9370532, 44.8127539], [16.9371125, 44.812785], [16.9372088, 44.8128206], [16.9372607, 44.8128666], [16.9373067, 44.8131171], [16.9372948, 44.8132579], [16.9373482, 44.8133394], [16.9374223, 44.8134091], [16.9374682, 44.8134683], [16.9374682, 44.8135751], [16.9373837, 44.8136581], [16.9371792, 44.8137737], [16.9371821, 44.8138626], [16.9372429, 44.8139219], [16.9374045, 44.8139664], [16.9376179, 44.8140598], [16.9376876, 44.8141116], [16.9377484, 44.8142421], [16.9377825, 44.8143295], [16.937858, 44.8144066], [16.9379944, 44.814457], [16.9381501, 44.8145133], [16.9382894, 44.8146008], [16.9383813, 44.8146838], [16.9385177, 44.8147876], [16.9386688, 44.8148424], [16.9387622, 44.8148528], [16.9390854, 44.814878], [16.9393299, 44.8148824], [16.9395878, 44.8149106], [16.9397539, 44.8149669], [16.9399332, 44.8151255], [16.9400473, 44.8153197], [16.9401803, 44.8155166], [16.9403082, 44.8156697], [16.9405409, 44.8158552], [16.9406541, 44.8158499], [16.9407704, 44.8158929], [16.9408595, 44.8159694], [16.941023, 44.8160501], [16.9411593, 44.8160564], [16.9412945, 44.8160868], [16.9413794, 44.816179], [16.9414014, 44.8162545], [16.9413448, 44.8164295], [16.9412808, 44.816504], [16.9411938, 44.8166496], [16.941176, 44.8167901], [16.941219, 44.8168781], [16.9413018, 44.8169274], [16.9414108, 44.8169326], [16.9415921, 44.8169001], [16.9419548, 44.8167754], [16.9420764, 44.8167482], [16.9421927, 44.8167482], [16.9422797, 44.8167723], [16.9423436, 44.8168362], [16.9424547, 44.8170353], [16.9427314, 44.8175479], [16.9427933, 44.8176233], [16.9428719, 44.8176778], [16.942962, 44.8177229], [16.9430249, 44.817768], [16.943136, 44.8179168], [16.9432052, 44.8180468], [16.9433991, 44.8184398], [16.9434494, 44.8185677], [16.9434515, 44.8186201], [16.9434326, 44.8186893], [16.9433875, 44.8188308], [16.9433299, 44.8188842], [16.9432439, 44.8189366], [16.9431465, 44.8189932], [16.9430249, 44.8190813], [16.9429044, 44.8191966], [16.9428216, 44.8192888], [16.9427922, 44.8193884], [16.9427912, 44.8194156], [16.9427901, 44.819664], [16.9427545, 44.8197038], [16.9426905, 44.8197374], [16.942656, 44.8197531], [16.9425983, 44.8197824], [16.9425312, 44.8198359], [16.9425145, 44.8199051], [16.9425197, 44.8199449], [16.9425428, 44.819991], [16.9425857, 44.8201388], [16.942592, 44.8202153], [16.9425868, 44.8202813], [16.942548, 44.8203558], [16.9425732, 44.8204302], [16.9426088, 44.8204564], [16.9426989, 44.8204679], [16.9427702, 44.8204532], [16.9428195, 44.8204407], [16.9428865, 44.8204407], [16.9429379, 44.8204574], [16.9429788, 44.8205549], [16.9429683, 44.8206419], [16.9429484, 44.8206964], [16.9428624, 44.8207939], [16.9427251, 44.8208568], [16.9425627, 44.820928], [16.9424453, 44.8209857], [16.942373, 44.8210496], [16.9423059, 44.8211408], [16.9421948, 44.8213284], [16.9420868, 44.8213787], [16.9419946, 44.8214007], [16.9418489, 44.8214301], [16.9415659, 44.8214626], [16.9414213, 44.8215066], [16.9411257, 44.8216596], [16.9409329, 44.8217581], [16.9405776, 44.8218871], [16.9404434, 44.8219699], [16.9403438, 44.822081], [16.9402673, 44.8221858], [16.9402694, 44.8222298], [16.9403155, 44.8222937], [16.9403805, 44.8223094], [16.9404759, 44.8223063], [16.9407107, 44.8223199], [16.9408081, 44.8223807], [16.9408249, 44.8224373], [16.9407389, 44.8226252], [16.9406245, 44.8228886], [16.940041, 44.8229368], [16.9397951, 44.8228854], [16.9397273, 44.8229087], [16.9396471, 44.8229821], [16.9395614, 44.8230955], [16.939719, 44.8231372], [16.9400364, 44.8232517], [16.940242, 44.8233701], [16.9404293, 44.8234851], [16.9405864, 44.8235399], [16.9403715, 44.8239609], [16.9409066, 44.8240454], [16.9411111, 44.8240498], [16.9413794, 44.824035], [16.9420153, 44.8240128], [16.9423354, 44.8240083], [16.9425252, 44.8240202], [16.9426416, 44.8240594], [16.9425797, 44.8242302], [16.9425378, 44.8243801], [16.9425315, 44.8245373], [16.9425263, 44.8248758], [16.9424843, 44.8251525], [16.9424581, 44.8252395], [16.9424099, 44.8252259], [16.9422925, 44.8256556], [16.9421678, 44.8260874], [16.9420515, 44.8262635], [16.9419844, 44.8263222], [16.9418743, 44.8264008], [16.9417241, 44.8265422], [16.941541, 44.8266859], [16.9415306, 44.8267394], [16.94154, 44.8267771], [16.9415725, 44.8268222], [16.9415831, 44.8268884], [16.9417842, 44.8271471], [16.9417884, 44.8271848], [16.94178, 44.8272205], [16.9417423, 44.8272666], [16.9412476, 44.8276973], [16.9410484, 44.8278776], [16.9409551, 44.8279971], [16.9408493, 44.828277], [16.9407424, 44.8286658], [16.9406963, 44.8288765], [16.9406889, 44.8290987], [16.9406879, 44.8293031], [16.9407106, 44.8298509], [16.9407788, 44.830137], [16.9408589, 44.8303519], [16.9408974, 44.8305179], [16.9409108, 44.8307995], [16.9408841, 44.8310441], [16.9408233, 44.8312264], [16.9407077, 44.8313554], [16.9404542, 44.83164], [16.9402808, 44.8318341], [16.9401459, 44.8320609], [16.9400244, 44.8323188], [16.939888, 44.8325545], [16.9398465, 44.8326316], [16.939762, 44.8327872], [16.9397353, 44.832894], [16.9396864, 44.8330259], [16.9396242, 44.83314], [16.9395204, 44.8332556], [16.9393662, 44.8333905], [16.9391054, 44.833555], [16.9388074, 44.8337092], [16.9385688, 44.8338426], [16.9382649, 44.8340368], [16.9378914, 44.8342458], [16.9376468, 44.8343999], [16.9375164, 44.8344977], [16.9369694, 44.8341079], [16.9367871, 44.8339953], [16.9364255, 44.8341079], [16.936098, 44.8339219], [16.9359829, 44.8339332], [16.9359541, 44.8339649], [16.9359541, 44.8340058], [16.9359125, 44.8340602], [16.9358646, 44.8340738], [16.9357622, 44.8340602], [16.9356855, 44.8340284], [16.9356184, 44.8340239], [16.9354553, 44.8340874], [16.935369, 44.834042], [16.9352826, 44.8340398], [16.9351387, 44.8341101], [16.9349149, 44.834296], [16.9347039, 44.8343618], [16.9345888, 44.8345568], [16.9345248, 44.8346271], [16.9344225, 44.8346452], [16.9343106, 44.8346134], [16.934253, 44.8345749], [16.9340963, 44.8345726], [16.9339589, 44.8346475], [16.9338629, 44.8347472], [16.9336647, 44.8350329], [16.9330923, 44.8352189], [16.9331083, 44.8353096], [16.9328557, 44.8356497], [16.9328205, 44.8357789], [16.9328269, 44.8358333], [16.9328301, 44.8358764], [16.9328014, 44.835915], [16.9318357, 44.8356021], [16.9317749, 44.8356973], [16.9316087, 44.8357086], [16.9315032, 44.8357653], [16.9314584, 44.8358333], [16.9314808, 44.8363186], [16.931468, 44.8363911], [16.9314328, 44.836441], [16.9313817, 44.8364592], [16.9312346, 44.8364682], [16.9310779, 44.8364478], [16.9309692, 44.8364002], [16.9308988, 44.8363413], [16.9307549, 44.8362097], [16.9306462, 44.836144], [16.9306015, 44.8361281], [16.9305183, 44.8361327], [16.930384, 44.8361848], [16.9303521, 44.8362619], [16.930368, 44.8363208], [16.9305951, 44.8365952], [16.9306814, 44.8367018], [16.9307709, 44.8367721], [16.9308509, 44.8369489], [16.9308061, 44.8370374], [16.9307134, 44.8371076], [16.9305983, 44.8371394], [16.9305375, 44.8371598], [16.9303936, 44.8372187], [16.9303872, 44.8373185], [16.930448, 44.8374001], [16.9305471, 44.8374591], [16.9306654, 44.8375634], [16.9307326, 44.8376405], [16.9307709, 44.8377629], [16.9307453, 44.8378922], [16.9306814, 44.838035], [16.9305695, 44.8382209], [16.9303744, 44.838459], [16.9301602, 44.8388331], [16.9299952, 44.8391821], [16.929961, 44.839353], [16.9299518, 44.8394504], [16.9301796, 44.8396891], [16.9301611, 44.8397676], [16.9302962, 44.8398864], [16.9310844, 44.840208], [16.9312043, 44.8402091], [16.9313678, 44.8401165], [16.931528, 44.840147], [16.9319956, 44.8401637], [16.9323337, 44.8400836], [16.9325441, 44.8401], [16.9328134, 44.8402057], [16.933208, 44.8405665], [16.9333268, 44.8406428], [16.933414, 44.8406232], [16.9334314, 44.8407998], [16.9333671, 44.8412849], [16.9334096, 44.8416512], [16.9334587, 44.8417253], [16.9337094, 44.8418136], [16.9338348, 44.8419662], [16.9341204, 44.8422049], [16.93414, 44.8423641], [16.9339132, 44.8429582], [16.9336767, 44.8430715], [16.9336102, 44.8432329], [16.9336293, 44.8432706], [16.9337072, 44.8434247], [16.9334728, 44.8434672], [16.933511, 44.8438575], [16.9334423, 44.8442924], [16.9334685, 44.8446107], [16.9335252, 44.8448734], [16.9335208, 44.8450195], [16.933112, 44.8450261], [16.9325081, 44.8450228], [16.9319947, 44.845013], [16.9321397, 44.8459581], [16.9318901, 44.8459701], [16.9318911, 44.8464006], [16.9306866, 44.8467342], [16.9305296, 44.8468617], [16.9305242, 44.8470918], [16.9304566, 44.8472258], [16.9304555, 44.8474406], [16.9315837, 44.8471157], [16.9315445, 44.8480641], [16.9315663, 44.8484456], [16.9316132, 44.8487879], [16.9315816, 44.8491269], [16.9315532, 44.8495259], [16.931604, 44.8506197], [16.9314992, 44.8506305], [16.9316626, 44.851426], [16.9324134, 44.8513257], [16.9328312, 44.8526546], [16.9325182, 44.8529198], [16.9326631, 44.8531325], [16.9324951, 44.8534208], [16.9318337, 44.8535195], [16.9318553, 44.8537368], [16.9322037, 44.8539927], [16.9320434, 44.8542055], [16.931715, 44.8541885], [16.9316318, 44.8543951], [16.9315353, 44.8545621], [16.9314023, 44.8547884], [16.931389, 44.8548509], [16.9313974, 44.8549145], [16.9314373, 44.8549746], [16.9315071, 44.8550383], [16.9316185, 44.855122], [16.9316567, 44.8551832], [16.9314655, 44.8552198], [16.9313491, 44.8552398], [16.9313275, 44.8551726], [16.9312361, 44.8551844], [16.9310283, 44.8553035], [16.9309152, 44.8552822], [16.9308521, 44.855274], [16.9307972, 44.8552787], [16.930759, 44.8552858], [16.930724, 44.855294], [16.9307041, 44.8553141], [16.9306775, 44.8553494], [16.9306775, 44.8554001], [16.9306858, 44.8554767], [16.9307174, 44.855611], [16.9306127, 44.8556818], [16.9304908, 44.8557524], [16.9304155, 44.8557687], [16.9299992, 44.8558596], [16.9298142, 44.8559614], [16.9296817, 44.8559583], [16.9294627, 44.8561972], [16.9293148, 44.8566227], [16.928823, 44.8573103], [16.9289602, 44.8573504], [16.9281308, 44.8581628], [16.9278286, 44.857987], [16.9277994, 44.8581952], [16.9280784, 44.8583694], [16.9287767, 44.8591802], [16.9288153, 44.8591587], [16.9290126, 44.8594654], [16.9292947, 44.8593591], [16.9294982, 44.8597661], [16.9290234, 44.8598401], [16.9285609, 44.8599033], [16.9282341, 44.8599295], [16.9282834, 44.8597368], [16.9281277, 44.8597799], [16.9279782, 44.8598493], [16.927878, 44.8599541], [16.9278209, 44.8600836], [16.927841, 44.8602193], [16.9274741, 44.8602625], [16.9271349, 44.8605091], [16.9271611, 44.8618318], [16.9272213, 44.8618364], [16.927212, 44.8619289], [16.9276991, 44.8619413], [16.927656, 44.8621108], [16.9284903, 44.8622961], [16.9302555, 44.8625318], [16.9302239, 44.8627984], [16.9301869, 44.8630611], [16.9302457, 44.863071], [16.9303044, 44.8630864], [16.9304249, 44.8631212], [16.9310336, 44.8632547], [16.9313219, 44.8632686], [16.9315378, 44.8632902], [16.9317875, 44.863341], [16.9319216, 44.8633719], [16.9321421, 44.8637573], [16.933642, 44.8641797], [16.9344406, 44.8644741], [16.9349062, 44.8646946], [16.9350357, 44.8648087], [16.9351266, 44.8647408], [16.9348445, 44.8644849], [16.9347289, 44.8643585], [16.9346965, 44.8642953], [16.9346903, 44.8642336], [16.9347042, 44.8641766], [16.9347443, 44.8641288], [16.9347967, 44.8640949], [16.9348954, 44.864061], [16.9349416, 44.8640594], [16.9350372, 44.8640579], [16.935122, 44.8640579], [16.9352253, 44.8640348], [16.9353193, 44.8639978], [16.9353902, 44.8639669], [16.9354673, 44.8639284], [16.9355321, 44.8639284], [16.9356091, 44.8639531], [16.9356646, 44.8639962], [16.9357109, 44.8640286], [16.9357741, 44.8640579], [16.9358465, 44.8640733], [16.9359406, 44.8640764], [16.9360223, 44.8640456], [16.9360778, 44.8640024], [16.9361055, 44.8639299], [16.9361163, 44.8638698], [16.9361518, 44.8638097], [16.9362227, 44.8637804], [16.9363044, 44.8637789], [16.9363722, 44.8638082], [16.9364154, 44.8638606], [16.9364293, 44.8639238], [16.9364139, 44.8639839], [16.9363861, 44.8640224], [16.9363075, 44.8641334], [16.9363044, 44.8641966], [16.9363275, 44.8642429], [16.9363522, 44.864303], [16.9363352, 44.8643678], [16.9362921, 44.864434], [16.9362582, 44.8645296], [16.9362597, 44.8645851], [16.936289, 44.8646267], [16.9365495, 44.8647177], [16.9366513, 44.8647177], [16.9367222, 44.8646961], [16.9367977, 44.8646699], [16.937641, 44.8648888], [16.9373712, 44.8651925], [16.9373234, 44.8652912], [16.9370521, 44.8655764], [16.9364709, 44.8657891], [16.9362967, 44.8657937], [16.9364817, 44.8659094], [16.9364987, 44.8660589], [16.9364378, 44.8662493], [16.9364825, 44.8663873], [16.9371644, 44.8667786], [16.9373448, 44.8666183], [16.9372492, 44.8663886], [16.937408, 44.8661373], [16.9375144, 44.866051], [16.937613, 44.8660202], [16.9377086, 44.8660156], [16.9378227, 44.8660418], [16.9378736, 44.8660495], [16.9379938, 44.8660217], [16.9380832, 44.8659416], [16.9381326, 44.865866], [16.9381958, 44.8658198], [16.9383129, 44.8657951], [16.9383839, 44.8657951], [16.9384841, 44.8657951], [16.9385411, 44.8657966], [16.9385997, 44.8657751], [16.9386552, 44.8657427], [16.9387184, 44.8657057], [16.9387739, 44.8656887], [16.938854, 44.8656779], [16.9389142, 44.8656795], [16.9389805, 44.8656903], [16.9390829, 44.8657269], [16.9391593, 44.8657803], [16.9392312, 44.8657967], [16.9392944, 44.8657956], [16.9393326, 44.865788], [16.9393446, 44.8657825], [16.9393794, 44.8657128], [16.9393925, 44.8656059], [16.9394699, 44.8655492], [16.9395975, 44.8655198], [16.9396781, 44.8655514], [16.9397087, 44.8655732], [16.9397391, 44.8656047], [16.9397931, 44.8656802], [16.9398671, 44.8657342], [16.9399673, 44.8657342], [16.9400397, 44.8657327], [16.940086, 44.8657527], [16.9401122, 44.8657558], [16.9401893, 44.8657265], [16.940234, 44.8656972], [16.9402679, 44.865671], [16.9403171, 44.8655762], [16.9403387, 44.8655191], [16.9404235, 44.865476], [16.9405098, 44.8654528], [16.940553, 44.8654189], [16.9406069, 44.8653388], [16.9406208, 44.8652987], [16.9406547, 44.8652339], [16.9407195, 44.8651461], [16.940812, 44.865089], [16.9409707, 44.8650212], [16.9410247, 44.8649826], [16.9410941, 44.8649534], [16.9411804, 44.8649364], [16.941276, 44.8649271], [16.941387, 44.8649364], [16.9414779, 44.8649626], [16.9415519, 44.8649842], [16.9416275, 44.8650011], [16.9417261, 44.864995], [16.9417878, 44.8649765], [16.9418464, 44.8649487], [16.9419219, 44.8648747], [16.9419975, 44.8647976], [16.9421069, 44.8647375], [16.9422087, 44.8647036], [16.9422534, 44.8646928], [16.9423135, 44.8646604], [16.9423474, 44.8646142], [16.942352, 44.8645664], [16.9423459, 44.864494], [16.9423644, 44.8643614], [16.9423983, 44.8642966], [16.9424476, 44.8642242], [16.9425062, 44.8641656], [16.9425679, 44.8641409], [16.9426573, 44.8641271], [16.9427421, 44.8641271], [16.9428361, 44.8641579], [16.942907, 44.864235], [16.9429533, 44.8643429], [16.9429933, 44.864403], [16.9430797, 44.8644261], [16.9431537, 44.8644369], [16.943186, 44.8644862], [16.9431937, 44.8645464], [16.9431907, 44.8645926], [16.9431984, 44.8646265], [16.9432354, 44.8646635], [16.9432755, 44.8646805], [16.9433109, 44.8646666], [16.9433232, 44.8646265], [16.9433232, 44.8645818], [16.9433232, 44.8645356], [16.9433479, 44.864494], [16.9434003, 44.8644785], [16.9434404, 44.8644832], [16.9434635, 44.8645232], [16.9434651, 44.8645618], [16.9434404, 44.8646142], [16.9434142, 44.8646589], [16.9434127, 44.8646836], [16.9434142, 44.8647144], [16.9434589, 44.8648084], [16.9435699, 44.8648639], [16.943647, 44.864867], [16.943758, 44.8648701], [16.9439368, 44.8648578], [16.9440447, 44.8648269], [16.9442867, 44.8646851], [16.9443469, 44.8646389], [16.944424, 44.8645448], [16.944464, 44.8644677], [16.9445087, 44.8644215], [16.9445735, 44.8644045], [16.9446614, 44.8643922], [16.944703, 44.8643722], [16.9447477, 44.864349], [16.9447862, 44.8642781], [16.9448217, 44.8642288], [16.944888, 44.8641949], [16.9450144, 44.864198], [16.9451038, 44.8642442], [16.945184, 44.8643043], [16.9452102, 44.8643059], [16.9452688, 44.8642935], [16.9453227, 44.8642473], [16.9453443, 44.864198], [16.9453535, 44.8641455], [16.9453566, 44.8641163], [16.9453566, 44.8640638], [16.9453828, 44.8639929], [16.9454029, 44.8639652], [16.9454476, 44.8639174], [16.9454907, 44.8638966], [16.9455301, 44.8639089], [16.9455701, 44.8639421], [16.9455856, 44.8639798], [16.9455871, 44.8640045], [16.9455948, 44.8640608], [16.9456118, 44.8640924], [16.9456272, 44.8641093], [16.9457181, 44.864164], [16.9457968, 44.864181], [16.9458538, 44.864181], [16.9459124, 44.864164], [16.9459463, 44.8641378], [16.945971, 44.8641008], [16.9463101, 44.8643151], [16.946771, 44.864571], [16.9468312, 44.8649904], [16.9466693, 44.8654806], [16.9466955, 44.8656779], [16.9461854, 44.8664606], [16.9469179, 44.866635], [16.9472863, 44.8667396], [16.9477006, 44.8668944], [16.9479862, 44.8669838], [16.9484089, 44.8678493], [16.9484227, 44.8680382], [16.9486321, 44.8687835], [16.948595, 44.8692064], [16.9486539, 44.869516], [16.9485776, 44.8697842], [16.9485907, 44.8701504], [16.9488283, 44.8705058], [16.9492818, 44.870883], [16.9496023, 44.870968], [16.9501168, 44.8711751], [16.9505834, 44.8713866], [16.9507578, 44.8716918], [16.9508973, 44.8718226], [16.9509235, 44.8720842], [16.9510325, 44.8729999], [16.9515339, 44.8734577], [16.9511328, 44.8737237], [16.9510892, 44.873776], [16.9510848, 44.873824], [16.9510717, 44.8739156], [16.9510761, 44.8739941], [16.9506793, 44.8742731], [16.9506182, 44.8743036], [16.9504962, 44.8743211], [16.9503741, 44.8743211], [16.9505877, 44.8744824], [16.9498975, 44.87601], [16.9506206, 44.8762089], [16.9506113, 44.8762875], [16.9513127, 44.8765542], [16.9512295, 44.8768625], [16.9523379, 44.8769674], [16.9523194, 44.8771323], [16.9527989, 44.8773589], [16.953629, 44.8777975], [16.9530902, 44.8783371], [16.9533106, 44.8784435], [16.95301, 44.8788936], [16.9529746, 44.8790601], [16.9531364, 44.8790616], [16.9533723, 44.8791125], [16.9536945, 44.8792266], [16.9539103, 44.8792913], [16.9540352, 44.879316], [16.9541647, 44.879316], [16.9542942, 44.8793083], [16.9544006, 44.8792867], [16.9544715, 44.8792574], [16.9545424, 44.8792235], [16.9550249, 44.8794455], [16.9556678, 44.8797199], [16.9554997, 44.8801485], [16.9554257, 44.8802764], [16.9553286, 44.8805138], [16.9552808, 44.8808669], [16.9555676, 44.8810997], [16.9556308, 44.8812261], [16.9561855, 44.8816657], [16.956397, 44.881742], [16.9560896, 44.8827776], [16.9560896, 44.8828124], [16.9562117, 44.8828604], [16.955243, 44.8841178], [16.9551413, 44.8842196], [16.9552831, 44.8843028], [16.954503, 44.8851045], [16.9542841, 44.8852525], [16.9540621, 44.8853265], [16.953834, 44.8853665], [16.9536305, 44.8854128], [16.9534147, 44.8854991], [16.9532574, 44.8856101], [16.9531279, 44.8856779], [16.9530108, 44.885718], [16.9528319, 44.8857458], [16.9530262, 44.8860973], [16.9531094, 44.8861867], [16.9532173, 44.8862915], [16.9532636, 44.8863501], [16.9532697, 44.8865089], [16.9532775, 44.8866137], [16.9533052, 44.8866461], [16.9534933, 44.8868526], [16.9533915, 44.8869883], [16.9532805, 44.8870084], [16.9531449, 44.8870392], [16.9530724, 44.8870793], [16.9529106, 44.8872165], [16.9528165, 44.8873475], [16.9527734, 44.8874092], [16.9525067, 44.8874677], [16.952428, 44.8877206], [16.9523432, 44.8877745], [16.9520513, 44.8882419], [16.9520426, 44.8883051], [16.9520159, 44.8883135], [16.951982, 44.8883135], [16.951965, 44.8882996], [16.951945, 44.8882672], [16.9519311, 44.888238], [16.9519095, 44.8882118], [16.9518679, 44.8881855], [16.9518402, 44.8881809], [16.951797, 44.8881794], [16.9517507, 44.888201], [16.9517153, 44.8882195], [16.9516814, 44.8882457], [16.9516629, 44.8882611], [16.9516305, 44.8882703], [16.9515858, 44.8882595], [16.9515719, 44.8882441], [16.9515627, 44.8882056], [16.951558, 44.8881748], [16.951538, 44.8881455], [16.9515056, 44.8881331], [16.9514779, 44.8881347], [16.9514178, 44.888184], [16.9514039, 44.8882241], [16.9513993, 44.8882488], [16.9513746, 44.8882811], [16.9513345, 44.8882919], [16.9512898, 44.8882965], [16.9512559, 44.8882811], [16.9512204, 44.8882364], [16.9512174, 44.8881979], [16.9512266, 44.8881439], [16.9512374, 44.8881146], [16.9512667, 44.8880792], [16.951279, 44.8880437], [16.9512728, 44.8880113], [16.9512451, 44.8879944], [16.9512266, 44.8879975], [16.9512081, 44.8880268], [16.9511973, 44.8880638], [16.9511896, 44.8880838], [16.9511757, 44.8880977], [16.9511464, 44.8881054], [16.9511171, 44.8881131], [16.9510771, 44.8881115], [16.9510555, 44.8880977], [16.9510247, 44.8880699], [16.9509692, 44.8880576], [16.950946, 44.8880453], [16.9509352, 44.8880175], [16.9509522, 44.8879959], [16.9509751, 44.8879778], [16.9509798, 44.8879516], [16.950969, 44.8879338], [16.9509374, 44.8879184], [16.9509011, 44.8879115], [16.9508603, 44.8879115], [16.9507971, 44.8879254], [16.9507462, 44.8879647], [16.9507285, 44.8879916], [16.9507108, 44.888014], [16.9506876, 44.8880286], [16.9506368, 44.8880371], [16.9506136, 44.8880209], [16.9506052, 44.8879986], [16.9506052, 44.887977], [16.9506167, 44.8879516], [16.9506221, 44.8879192], [16.9506036, 44.8879007], [16.950572, 44.8878938], [16.9505489, 44.8878976], [16.9505258, 44.887903], [16.9504934, 44.8879022], [16.9504718, 44.8878914], [16.9504656, 44.8878768], [16.9504479, 44.887856], [16.9503238, 44.8880163], [16.9503347, 44.8886725], [16.9504372, 44.8893767], [16.9503827, 44.8895839], [16.950132, 44.8898302], [16.9500513, 44.8900155], [16.9498333, 44.8901681], [16.9496828, 44.8904559], [16.9496327, 44.8906347], [16.9493297, 44.8910794], [16.9491923, 44.8913454], [16.9493188, 44.8913847], [16.9491204, 44.8917073], [16.9497504, 44.8921259], [16.9505615, 44.8923941], [16.9505069, 44.8927211], [16.9504132, 44.8931441], [16.9504132, 44.8931964], [16.9503456, 44.8933381], [16.9502453, 44.8939703], [16.950435, 44.8940903], [16.950326, 44.8942647], [16.9500339, 44.8944696], [16.9498812, 44.8944827], [16.9498485, 44.8948751], [16.9494845, 44.8952087], [16.9492577, 44.8954899], [16.9489241, 44.8956709], [16.9487149, 44.8958322], [16.948499, 44.8959238], [16.9483046, 44.8961831], [16.9478267, 44.895978], [16.947466, 44.8963172], [16.947244, 44.8965993], [16.9470405, 44.8966163], [16.9466089, 44.8972283], [16.9462836, 44.8977093], [16.9463036, 44.897774], [16.9462944, 44.8978187], [16.946279, 44.8978465], [16.9462281, 44.8978757], [16.9461525, 44.8978989], [16.9462774, 44.8979035], [16.9466721, 44.8982874], [16.9470297, 44.8984801], [16.9471484, 44.8984847], [16.9473797, 44.898386], [16.9474521, 44.8983814], [16.9475369, 44.8983937], [16.9476155, 44.8984138], [16.9476772, 44.8984292], [16.9477204, 44.8984323], [16.9477789, 44.8984354], [16.9478668, 44.8984354], [16.9479285, 44.8984076], [16.9479793, 44.8983937], [16.9480595, 44.8983714], [16.948125, 44.8983822], [16.9481936, 44.8984053], [16.94828, 44.8984384], [16.9483717, 44.8984885], [16.9484102, 44.898534], [16.9484665, 44.8986165], [16.9485282, 44.8986951], [16.9485837, 44.8987259], [16.9486561, 44.8987568], [16.9487024, 44.898803], [16.9487394, 44.8988539], [16.9488072, 44.8989048], [16.9488611, 44.8989356], [16.9489151, 44.8989649], [16.949023, 44.8990358], [16.9490708, 44.8990774], [16.9491371, 44.8991237], [16.9492111, 44.8991514], [16.9492835, 44.8991607], [16.9493421, 44.89919], [16.9494084, 44.899227], [16.9494593, 44.8992347], [16.9495595, 44.8992393], [16.9496212, 44.8992162], [16.9497229, 44.8991668], [16.9497969, 44.8991545], [16.9498909, 44.8991468], [16.9499819, 44.8991453], [16.9500852, 44.8991653], [16.9501731, 44.8991853], [16.9502147, 44.8991931], [16.9502656, 44.8991761], [16.9503118, 44.8991499], [16.9504058, 44.8991545], [16.9504644, 44.8991823], [16.9505107, 44.8991992], [16.9505708, 44.8992085], [16.9506047, 44.8992023], [16.9507126, 44.8991684], [16.9508005, 44.8991684], [16.9508622, 44.8991853], [16.9509177, 44.8991591], [16.9509839, 44.8991144], [16.9510687, 44.8991021], [16.9511736, 44.8991437], [16.9512321, 44.89919], [16.95132, 44.8992563], [16.9514171, 44.8993133], [16.9514942, 44.8993349], [16.9517008, 44.8993719], [16.9519382, 44.899415], [16.9521448, 44.8994952], [16.9523267, 44.8995723], [16.9524932, 44.8996417], [16.9526288, 44.8997249], [16.9526982, 44.8997974], [16.9527368, 44.8998637], [16.952766, 44.8999084], [16.952803, 44.8999299], [16.9528724, 44.8999407], [16.9529541, 44.8999392], [16.9530065, 44.8999623], [16.9530744, 44.9000086], [16.9531067, 44.900044], [16.9531037, 44.9000934], [16.953062, 44.9001566], [16.9530142, 44.9002259], [16.9530096, 44.9002891], [16.9530589, 44.9003801], [16.9531561, 44.9004294], [16.9532486, 44.9004001], [16.9533118, 44.9003446], [16.9533503, 44.9002953], [16.9534736, 44.9002999], [16.9535615, 44.9003523], [16.9536293, 44.9004171], [16.9537157, 44.900471], [16.9537712, 44.9004849], [16.9538328, 44.9004741], [16.9538575, 44.9004294], [16.9538606, 44.9003878], [16.9538775, 44.9003539], [16.9539284, 44.9003338], [16.9540086, 44.9003416], [16.9541072, 44.9004001], [16.9542105, 44.9004464], [16.9543709, 44.9004572], [16.9544788, 44.9004726], [16.9545821, 44.9005188], [16.9546668, 44.9005805], [16.9547177, 44.9006576], [16.9547301, 44.9007532], [16.954727, 44.9008225], [16.9547054, 44.9008765], [16.9546638, 44.9009736], [16.9546298, 44.9010137], [16.9546067, 44.9010599], [16.9545928, 44.9011339], [16.9545975, 44.9012126], [16.954616, 44.9012773], [16.9546499, 44.9013251], [16.9547547, 44.90145], [16.9549705, 44.9015887], [16.9553621, 44.9019078], [16.9554947, 44.9020435], [16.9556196, 44.9022038], [16.9556566, 44.902341], [16.9556905, 44.9024844], [16.9557429, 44.9026123], [16.9558015, 44.9027249], [16.9558893, 44.9028682], [16.9560512, 44.903138], [16.956116, 44.9032043], [16.9561977, 44.9032768], [16.956304, 44.9033909], [16.9564073, 44.903508], [16.9565353, 44.9036329], [16.9566987, 44.9037608], [16.9568559, 44.9038842], [16.9569885, 44.9039875], [16.9570286, 44.9040599], [16.9570579, 44.9041123], [16.9571273, 44.9041724], [16.9572567, 44.904248], [16.9573693, 44.9043189], [16.9575188, 44.904396], [16.9575743, 44.9044438], [16.9575774, 44.9044669], [16.9575712, 44.9045239], [16.9575743, 44.904564], [16.9576005, 44.9045964], [16.957673, 44.9046349], [16.9577485, 44.9046442], [16.9578241, 44.9046442], [16.9580076, 44.9046963], [16.9581275, 44.9047508], [16.9581798, 44.9048053], [16.9582147, 44.9048598], [16.9582648, 44.9049187], [16.9583063, 44.9049492], [16.9583542, 44.9049645], [16.9584436, 44.9049885], [16.9585047, 44.9050037], [16.9585722, 44.9050364], [16.9586507, 44.9050866], [16.9586878, 44.9051214], [16.9587249, 44.9051781], [16.9587445, 44.9052348], [16.9587597, 44.9053089], [16.9587685, 44.9053482], [16.9587837, 44.9054179], [16.9588513, 44.9055291], [16.9589123, 44.9055815], [16.9589974, 44.9056229], [16.959078, 44.9056665], [16.9591761, 44.9057624], [16.9592328, 44.9058365], [16.9593179, 44.9059128], [16.9594487, 44.9060022], [16.9595184, 44.9060022], [16.9595729, 44.9059957], [16.9596689, 44.9059608], [16.9597146, 44.9059434], [16.9597539, 44.905939], [16.9598084, 44.9059368], [16.9598891, 44.9059412], [16.959998, 44.906034], [16.9603442, 44.9064327], [16.9602047, 44.906891], [16.9602761, 44.9069068], [16.9604786, 44.9066862], [16.9604971, 44.9067803], [16.9605324, 44.9068636], [16.9605828, 44.9069469], [16.9607122, 44.9070588], [16.9614327, 44.907461], [16.9615242, 44.9075265], [16.9616005, 44.9076158], [16.9617096, 44.90769], [16.9618207, 44.9077227], [16.9619385, 44.9077532], [16.9620279, 44.9078142], [16.9620889, 44.9078796], [16.9621303, 44.9079385], [16.9621914, 44.907993], [16.9622415, 44.9080213], [16.9623636, 44.9080759], [16.9624443, 44.9080911], [16.9625555, 44.9081042], [16.9626775, 44.9081646], [16.9627361, 44.9082062], [16.9627608, 44.9082355], [16.9628039, 44.9083203], [16.9628363, 44.9084529], [16.9628872, 44.9085022], [16.9629643, 44.9085145], [16.9630506, 44.908533], [16.9631107, 44.9085562], [16.9631539, 44.9085639], [16.9632017, 44.9085685], [16.9632526, 44.9085515], [16.9632988, 44.9085192], [16.963345, 44.9084976], [16.9633898, 44.908493], [16.9634684, 44.9084976], [16.9635054, 44.9085115], [16.9635439, 44.9085839], [16.9635562, 44.9086271], [16.9635963, 44.9087057], [16.9636534, 44.908735], [16.9637613, 44.9087535], [16.9638538, 44.9087504], [16.9639694, 44.9087381], [16.9641128, 44.9087165], [16.9642238, 44.9086841], [16.9643486, 44.908644], [16.9644843, 44.9086595], [16.9646708, 44.9086841], [16.9647849, 44.908681], [16.9649067, 44.9087011], [16.9649869, 44.908735], [16.9651641, 44.9087797], [16.9653106, 44.9088028], [16.9654678, 44.9088306], [16.9655943, 44.9088337], [16.9656837, 44.9088583], [16.9657623, 44.9088938], [16.9658363, 44.9089662], [16.9659288, 44.9091173], [16.966049, 44.9093131], [16.9661986, 44.9094642], [16.9663111, 44.9095705], [16.9664529, 44.9097401], [16.9665177, 44.9098619], [16.9666056, 44.9100608], [16.9666225, 44.9101533], [16.9666549, 44.9102674], [16.9667181, 44.9103953], [16.9667535, 44.9104647], [16.9668245, 44.9105803], [16.9668383, 44.9106512], [16.9668584, 44.9107052], [16.9669123, 44.9107853], [16.9669925, 44.9108547], [16.9670526, 44.9109349], [16.9670619, 44.9109827], [16.9670619, 44.9110243], [16.967048, 44.9110859], [16.9670326, 44.9111214], [16.9670172, 44.911163], [16.9670233, 44.9112262], [16.9670557, 44.9112817], [16.9670958, 44.9113249], [16.9671189, 44.9113588], [16.9671251, 44.9113912], [16.9671266, 44.9114359], [16.9671389, 44.9114652], [16.9671652, 44.9114976], [16.9671944, 44.9115253], [16.9672376, 44.9115531], [16.9672684, 44.9115808], [16.9672808, 44.9116363], [16.9672808, 44.9116517], [16.967253, 44.9116964], [16.9672268, 44.9117165], [16.967196, 44.9118367], [16.9672237, 44.9118984], [16.9672546, 44.9119354], [16.9673162, 44.9119724], [16.9675336, 44.9121281], [16.9677016, 44.9122036], [16.9679005, 44.9122992], [16.9681734, 44.9124102], [16.9683368, 44.9125073], [16.9684108, 44.9125767], [16.9684262, 44.9126322], [16.9684509, 44.9126985], [16.9685017, 44.9127571], [16.9688116, 44.9130315], [16.9688794, 44.913087], [16.968918, 44.9131286], [16.9689889, 44.9132303], [16.969029, 44.9133197], [16.9691014, 44.9133984], [16.9692124, 44.9134415], [16.9692941, 44.9134415], [16.9693974, 44.9134292], [16.9695161, 44.9134292], [16.9696117, 44.9134554], [16.9696764, 44.9135001], [16.9697597, 44.9135618], [16.9698491, 44.9135941], [16.9699632, 44.9136034], [16.9701266, 44.9136512], [16.9701867, 44.9137005], [16.9703378, 44.9138393], [16.9703902, 44.9139241], [16.9704395, 44.9140397], [16.9704904, 44.9141476], [16.9705397, 44.9142355], [16.9706045, 44.9143202], [16.9707571, 44.9144682], [16.9707864, 44.9145392], [16.9707941, 44.9146024], [16.9708296, 44.9146856], [16.9708958, 44.9147426], [16.9710007, 44.9147735], [16.9710993, 44.9147858], [16.9712088, 44.9147689], [16.9713198, 44.9147611], [16.9713953, 44.9148012], [16.9714339, 44.9148691], [16.9714339, 44.9149076], [16.9714215, 44.9149569], [16.9714138, 44.9150016], [16.97142, 44.9150695], [16.9714323, 44.9150972], [16.9714678, 44.9151604], [16.971588, 44.9152128], [16.971642, 44.9152776], [16.9716867, 44.9153392], [16.9717314, 44.9153824], [16.9718254, 44.9154256], [16.9719364, 44.9154441], [16.9720258, 44.9154487], [16.9721076, 44.9154641], [16.972197, 44.915515], [16.9722232, 44.9155674], [16.9722324, 44.9156152], [16.972234, 44.9156568], [16.97223, 44.915721], [16.9722393, 44.9157657], [16.9722704, 44.915806], [16.9723074, 44.9158229], [16.9723788, 44.9158278], [16.972417, 44.9158452], [16.9724388, 44.9158779], [16.9724704, 44.9158976], [16.9725547, 44.9159297], [16.9726433, 44.915942], [16.9727081, 44.9159567], [16.972853, 44.9159775], [16.9729917, 44.9160014], [16.9730872, 44.9160523], [16.9731212, 44.9160909], [16.9731273, 44.9161217], [16.9731289, 44.9162003], [16.9731134, 44.9162373], [16.9730934, 44.9163021], [16.973098, 44.9163653], [16.9731119, 44.9164562], [16.973152, 44.9165148], [16.9731921, 44.916561], [16.9732954, 44.9166535], [16.9733092, 44.9166998], [16.9733231, 44.9167537], [16.9733616, 44.9168], [16.9733863, 44.9168601], [16.9734264, 44.9169249], [16.9734742, 44.9169757], [16.9735081, 44.917005], [16.9735343, 44.9170836], [16.9735204, 44.9171145], [16.9734356, 44.9172024], [16.9734218, 44.9172378], [16.9734264, 44.9173041], [16.9734449, 44.9173596], [16.9734819, 44.9174012], [16.9735297, 44.917449], [16.9735698, 44.9175107], [16.973596, 44.9176479], [16.9735898, 44.917725], [16.9735821, 44.9178375], [16.9736098, 44.9179331], [16.9736515, 44.9179994], [16.9736669, 44.9180579], [16.9736623, 44.9181289], [16.9736484, 44.9181921], [16.9736607, 44.9182476], [16.9736931, 44.9182876], [16.9737378, 44.9183046], [16.973801, 44.9183108], [16.973855, 44.9183508], [16.9739675, 44.9184834], [16.9740245, 44.9185636], [16.9741124, 44.9186068], [16.9742049, 44.9186345], [16.9742928, 44.9187008], [16.9744346, 44.9187995], [16.9745333, 44.9188318], [16.9746751, 44.9188395], [16.9747738, 44.9188688], [16.9748493, 44.9189444], [16.974968, 44.919154], [16.9750805, 44.9193159], [16.9753102, 44.9196011], [16.9755831, 44.919877], [16.9757095, 44.9200327], [16.9758668, 44.9201468], [16.9761011, 44.9202532], [16.9763123, 44.9203889], [16.9765281, 44.9204999], [16.9766437, 44.9205492], [16.9767655, 44.9205677], [16.9768488, 44.9205738], [16.9769181, 44.9205893], [16.9769968, 44.9206309], [16.9770106, 44.9206463], [16.9770245, 44.9206864], [16.9770276, 44.9207434], [16.9770214, 44.9207712], [16.9770029, 44.9207928], [16.976989, 44.9208035], [16.9769012, 44.9208236], [16.9768611, 44.9208313], [16.9768441, 44.9208714], [16.9768549, 44.920913], [16.9769012, 44.9209608], [16.976932, 44.9209716], [16.9770445, 44.9210024], [16.9771771, 44.9210672], [16.9773128, 44.9211458], [16.9774238, 44.9212784], [16.9775903, 44.9214356], [16.9777398, 44.9215404], [16.9779094, 44.9216422], [16.978193, 44.9217516], [16.9784274, 44.9219073], [16.9785245, 44.9220153], [16.97858, 44.9220723], [16.9787372, 44.9222095], [16.9788991, 44.9222989], [16.9791828, 44.9224253], [16.9793986, 44.9225039], [16.9795342, 44.9225872], [16.979656, 44.9226365], [16.9799181, 44.922692], [16.9801416, 44.9227383], [16.980359, 44.9227367], [16.9804592, 44.9227984], [16.9804685, 44.9228431], [16.9804561, 44.9228816], [16.9804207, 44.9229063], [16.9803945, 44.922931], [16.9803914, 44.9230142], [16.9804238, 44.9230697], [16.9805209, 44.9231653], [16.9808724, 44.9234089], [16.9809618, 44.9235507], [16.9810944, 44.9236447], [16.9812994, 44.9237403], [16.9815399, 44.9238852], [16.9817942, 44.9240101], [16.9818713, 44.9240856], [16.9819114, 44.924172], [16.9819746, 44.924246], [16.9820455, 44.9243076], [16.9821241, 44.924397], [16.9821689, 44.9244803], [16.9822382, 44.924562], [16.9823014, 44.9247285], [16.9823693, 44.9248117], [16.9824772, 44.9249196], [16.9825758, 44.9250168], [16.9826205, 44.925137], [16.9826591, 44.9252573], [16.9827269, 44.9253683], [16.9828256, 44.9254577], [16.9829289, 44.9255825], [16.9830568, 44.9257043], [16.9831832, 44.9257644], [16.9833066, 44.9258246], [16.9834761, 44.9259001], [16.98349, 44.9259494], [16.9834916, 44.9260096], [16.9835131, 44.9260789], [16.9835609, 44.9261468], [16.9836288, 44.9261915], [16.9837135, 44.9261915], [16.9837783, 44.9261838], [16.9838662, 44.9261915], [16.983951, 44.9262238], [16.9840172, 44.926267], [16.9840496, 44.9263379], [16.9840481, 44.9264104], [16.9840573, 44.9265907], [16.9840912, 44.9267064], [16.9841529, 44.926822], [16.9842238, 44.9268713], [16.9843641, 44.9269345], [16.9844443, 44.9270085], [16.9844921, 44.9271473], [16.9844921, 44.9272336], [16.9844628, 44.9274803], [16.9844458, 44.9275558], [16.9843949, 44.9275882], [16.9843502, 44.9276036], [16.9842824, 44.9276205], [16.9842531, 44.9276622], [16.98425, 44.9277084], [16.9842916, 44.9277886], [16.984361, 44.9278595], [16.9844643, 44.9279042], [16.9845768, 44.9279381], [16.9846863, 44.9279628], [16.9848035, 44.9280383], [16.984859, 44.9281108], [16.9848898, 44.9282048], [16.9849391, 44.9282896], [16.9849715, 44.9283204], [16.9851765, 44.9284499], [16.9852675, 44.9284993], [16.9853338, 44.9285501], [16.9854109, 44.9286272], [16.9854864, 44.9287459], [16.9855018, 44.928786], [16.9855604, 44.9289032], [16.9856221, 44.9289247], [16.98572, 44.9289385], [16.9858024, 44.9289787], [16.985824, 44.9290481], [16.9858379, 44.9291267], [16.9858672, 44.9291714], [16.9859319, 44.9292161], [16.9860213, 44.92923], [16.9861077, 44.9292608], [16.9861894, 44.9293163], [16.9862772, 44.9293471], [16.9865624, 44.9294813], [16.9867305, 44.9295152], [16.9868461, 44.9295152], [16.9869725, 44.929546], [16.9870696, 44.9296215], [16.987119, 44.9296894], [16.9872284, 44.9298019], [16.9873055, 44.9298435], [16.9873548, 44.9299021], [16.9873718, 44.9299576], [16.9873841, 44.9300177], [16.9874242, 44.9300748], [16.9875167, 44.9301349], [16.9876015, 44.930158], [16.9877664, 44.9302444], [16.9878019, 44.9302937], [16.9878081, 44.9303554], [16.9878034, 44.9304124], [16.9877865, 44.9304864], [16.9877803, 44.9305496], [16.9878173, 44.9306421], [16.9878821, 44.9306698], [16.9879638, 44.9306791], [16.9881565, 44.9306945], [16.9882366, 44.9307377], [16.9882967, 44.930787], [16.9882967, 44.9308255], [16.9882921, 44.9308733], [16.9883152, 44.9309088], [16.9883939, 44.9309473], [16.9884386, 44.9309828], [16.9884833, 44.9310583], [16.988491, 44.9311077], [16.988491, 44.9311709], [16.9884848, 44.9312171], [16.988491, 44.9312834], [16.9885295, 44.9313358], [16.9885835, 44.9313774], [16.9886621, 44.9314036], [16.98877, 44.9314406], [16.9888116, 44.931473], [16.9888749, 44.9315594], [16.9888995, 44.9315886], [16.9889997, 44.9316518], [16.9892541, 44.931712], [16.9894298, 44.9317428], [16.9895578, 44.9317844], [16.989732, 44.9319201], [16.9898353, 44.9320974], [16.9898707, 44.9321914], [16.9900372, 44.9324658], [16.9901421, 44.9325845], [16.9903656, 44.9326816], [16.9905567, 44.9327248], [16.9908913, 44.9328188], [16.9910177, 44.9329237], [16.9910917, 44.9330362], [16.991121, 44.9332058], [16.9910932, 44.9332721], [16.9910593, 44.9333183], [16.9910054, 44.9333522], [16.9909529, 44.9333707], [16.9908527, 44.9333908], [16.9907649, 44.9334124], [16.9906893, 44.933454], [16.9906477, 44.9334941], [16.990603, 44.9335742], [16.9905922, 44.9336282], [16.9906045, 44.9337068], [16.9906277, 44.93377], [16.99064, 44.9338517], [16.9906169, 44.9339134], [16.9906261, 44.9339936], [16.9906677, 44.9340629], [16.9907217, 44.93412], [16.9908327, 44.9341708], [16.9909113, 44.9341847], [16.9910131, 44.9342664], [16.9911641, 44.934419], [16.9912181, 44.9345115], [16.9913029, 44.9345871], [16.9913553, 44.9346164], [16.9915757, 44.9348199], [16.9915973, 44.9349185], [16.9916436, 44.9349894], [16.9917022, 44.9350018], [16.99177, 44.9349617], [16.9917607, 44.9349185], [16.9918162, 44.9348384], [16.9919242, 44.9348445], [16.9919827, 44.9349771], [16.9920074, 44.9350819], [16.992029, 44.9352114], [16.9920506, 44.9353656], [16.9921338, 44.9355722], [16.9922417, 44.9357356], [16.9924236, 44.9359267], [16.9925223, 44.9360069], [16.992809, 44.9361611], [16.9928984, 44.9361919], [16.992974, 44.9362351], [16.9929938, 44.9362648], [16.9929799, 44.9363219], [16.9929429, 44.9363589], [16.9929306, 44.936402], [16.9929522, 44.9364544], [16.9930169, 44.9364914], [16.9930678, 44.9365069], [16.9931341, 44.9365454], [16.993185, 44.936604], [16.9932621, 44.9367258], [16.993279, 44.9367859], [16.9932805, 44.9369154], [16.9932312, 44.9369786], [16.9932081, 44.9370387], [16.993185, 44.9370911], [16.993185, 44.9372067], [16.9932235, 44.9372885], [16.9932913, 44.9373717], [16.9933438, 44.9374272], [16.9933869, 44.9375135], [16.9934347, 44.9375783], [16.993464, 44.9375968], [16.9935904, 44.9376122], [16.993703, 44.9376554], [16.9937975, 44.9376985], [16.9938902, 44.9377181], [16.9939785, 44.9377236], [16.9941126, 44.9377421], [16.9942161, 44.9377726], [16.9943033, 44.9378042], [16.9943502, 44.9378293], [16.9943818, 44.9378544], [16.9944069, 44.9378805], [16.9944941, 44.9379666], [16.994566, 44.9380212], [16.9946685, 44.93808], [16.9947814, 44.9381221], [16.9948861, 44.9381461], [16.9950365, 44.938157], [16.9951193, 44.9381766], [16.9951935, 44.9382136], [16.9953068, 44.9383161], [16.9954725, 44.9384338], [16.9955946, 44.9384949], [16.9957712, 44.9385581], [16.9960394, 44.9386083], [16.9962596, 44.9386606], [16.9963424, 44.9387064], [16.9966302, 44.9387543], [16.9967741, 44.9387979], [16.9968657, 44.9388503], [16.9969529, 44.93892], [16.9970488, 44.938992], [16.9971818, 44.9390661], [16.9973649, 44.9392427], [16.9976331, 44.9393604], [16.9977988, 44.9394672], [16.9978947, 44.9395675], [16.9979601, 44.9396678], [16.9980299, 44.9398095], [16.9980866, 44.9399055], [16.9982065, 44.9400188], [16.9983155, 44.9400799], [16.9987733, 44.9402761], [16.9989194, 44.9403153], [16.9990153, 44.9403262], [16.9991243, 44.9403306], [16.9992181, 44.9403567], [16.9993249, 44.9404287], [16.9993663, 44.9404854], [16.9993968, 44.9405704], [16.999399, 44.9406205], [16.9994143, 44.9407579], [16.999447, 44.9407971], [16.9995102, 44.9408495], [16.9995974, 44.9408582], [16.9997675, 44.940856], [16.9998568, 44.94088], [16.9999222, 44.9409454], [17.0000204, 44.9409672], [17.0001032, 44.9409737], [17.0002427, 44.9410871], [17.0002711, 44.9411547], [17.0003169, 44.9411699], [17.000391, 44.9411917], [17.0004193, 44.9412354], [17.0004237, 44.9412746], [17.0004062, 44.9413356], [17.0004259, 44.9414294], [17.0004913, 44.9414774], [17.0006134, 44.9415013], [17.0007311, 44.9414904], [17.0007987, 44.9414686], [17.00096, 44.9415362], [17.0010254, 44.94163], [17.0010908, 44.9417193], [17.0011802, 44.9417695], [17.0012892, 44.9417804], [17.0014069, 44.941763], [17.0016271, 44.9417499], [17.0019433, 44.9417651], [17.0021068, 44.9418], [17.0022114, 44.9418654], [17.0022877, 44.9419439], [17.0023291, 44.9420246], [17.0023531, 44.9421401], [17.0023531, 44.9422731], [17.0023422, 44.9423843], [17.0023858, 44.9425653], [17.0024033, 44.9427789], [17.00246, 44.9428727], [17.0025537, 44.9429359], [17.0026366, 44.9429882], [17.0026714, 44.9430362], [17.0026998, 44.9431234], [17.0027194, 44.9432019], [17.0027761, 44.9432825], [17.0028567, 44.9433414], [17.0031772, 44.9435005], [17.0032492, 44.9435899], [17.0033298, 44.943736], [17.003356, 44.9438079], [17.0034476, 44.9438995], [17.0035326, 44.9439322], [17.0036198, 44.9439518], [17.0037702, 44.9439649], [17.0038574, 44.9440194], [17.0039098, 44.9440892], [17.0039098, 44.9441786], [17.0038967, 44.9442636], [17.0038858, 44.9443246], [17.0038836, 44.9444097], [17.0039207, 44.9445187], [17.0040079, 44.944619], [17.0041256, 44.9447062], [17.0042521, 44.9447607], [17.0045464, 44.9449176], [17.0045965, 44.9450506], [17.0045965, 44.9451269], [17.0045791, 44.9452011], [17.0045704, 44.9452752], [17.0045987, 44.9454038], [17.0046641, 44.9455172], [17.0048015, 44.9456109], [17.0048778, 44.9456676], [17.0049083, 44.9457374], [17.0049105, 44.9457963], [17.0048887, 44.9458726], [17.0048102, 44.9459881], [17.0047797, 44.9461015], [17.0048058, 44.9462018], [17.0048669, 44.9462715], [17.0049868, 44.9463304], [17.0051045, 44.946374], [17.0051503, 44.9464438], [17.0051568, 44.9465135], [17.0051437, 44.9465746], [17.0050892, 44.9466422], [17.0050369, 44.946725], [17.0049977, 44.9468079], [17.0050478, 44.9469256], [17.0051132, 44.9469823], [17.0052549, 44.9470586], [17.0052964, 44.9471283], [17.0053073, 44.9472134], [17.0052833, 44.9473267], [17.0052942, 44.947475], [17.0053334, 44.9475186], [17.0054359, 44.9475644], [17.0056038, 44.9475949], [17.0057193, 44.9476429], [17.0058131, 44.9477148], [17.0058806, 44.9478107], [17.0059242, 44.9479045], [17.0059351, 44.9479895], [17.0059635, 44.9482991], [17.00597, 44.9484212], [17.0060485, 44.9485694], [17.0060681, 44.9486348], [17.0060795, 44.9487299], [17.0060672, 44.9487546], [17.006044, 44.9487777], [17.0060055, 44.9487947], [17.0059716, 44.948827], [17.0059623, 44.9488841], [17.0059623, 44.9489211], [17.0059654, 44.9491662], [17.0060286, 44.9493126], [17.006098, 44.9493897], [17.0062876, 44.9495223], [17.0064788, 44.949621], [17.0066206, 44.9497566], [17.0066823, 44.949883], [17.0066915, 44.9500064], [17.0067408, 44.9501605], [17.0067933, 44.9502068], [17.0068642, 44.950253], [17.0069567, 44.9503054], [17.0069813, 44.9503548], [17.0069752, 44.950401], [17.0069197, 44.9504534], [17.0067871, 44.9505213], [17.0066453, 44.950623], [17.0065836, 44.9507001], [17.0065898, 44.9507525], [17.0066453, 44.9508049], [17.0067069, 44.9508327], [17.006747, 44.9508481], [17.0068303, 44.9509159], [17.0068303, 44.950956], [17.0068272, 44.9510053], [17.0067686, 44.9510454], [17.006636, 44.951104], [17.0065466, 44.9511811], [17.0065528, 44.951252], [17.0066329, 44.9513846], [17.0066853, 44.9514586], [17.0066946, 44.9515079], [17.0066545, 44.9515634], [17.0065466, 44.9516096], [17.0064387, 44.9517237], [17.0064449, 44.9517793], [17.0065374, 44.9518626], [17.006599, 44.9518841], [17.0067038, 44.9519427], [17.0067439, 44.9520845], [17.0066607, 44.952211], [17.0065959, 44.9522757], [17.0064849, 44.9523744], [17.0065435, 44.9524823], [17.0066299, 44.95251], [17.0066977, 44.9525131], [17.0069135, 44.9525131], [17.0070276, 44.9525994], [17.0070738, 44.9527228], [17.0071047, 44.9528461], [17.0072126, 44.9529263], [17.0073729, 44.9529478], [17.007561, 44.9529602], [17.0076504, 44.9530249], [17.0076411, 44.9531544], [17.0076226, 44.95325], [17.0076596, 44.953361], [17.0077552, 44.953435], [17.0078508, 44.953509], [17.0078847, 44.9536385], [17.007931, 44.9537279], [17.0080235, 44.9538605], [17.0080543, 44.9540393], [17.0081869, 44.9541226], [17.0083195, 44.954178], [17.0083842, 44.954289], [17.008341, 44.9544895], [17.0083472, 44.9546775], [17.0084027, 44.9547639], [17.0084983, 44.9548348], [17.0086586, 44.9548841], [17.0087295, 44.9549612], [17.0088004, 44.9551369], [17.0088868, 44.955214], [17.0090224, 44.9552942], [17.0091322, 44.955357], [17.0091828, 44.9555192], [17.0091704, 44.9556333], [17.0091612, 44.9557382], [17.0090995, 44.9559108], [17.009155, 44.9559941], [17.0092598, 44.9560372], [17.0093153, 44.9560372], [17.0097346, 44.9560311], [17.0099536, 44.9561914], [17.0102711, 44.9563363], [17.0104469, 44.9563486], [17.0106164, 44.9562931], [17.0108816, 44.9562068], [17.0111498, 44.9561791], [17.0113503, 44.9562037], [17.0114674, 44.9562654], [17.0114952, 44.9563517], [17.0115229, 44.956438], [17.0115907, 44.9564935], [17.0117326, 44.9565305], [17.0119052, 44.9565398], [17.0119731, 44.9565953], [17.0119731, 44.9566631], [17.011896, 44.956734], [17.0118744, 44.956808], [17.0119268, 44.9568635], [17.0120162, 44.9568789], [17.012081, 44.9568697], [17.01234, 44.9568974], [17.0124078, 44.9569622], [17.0124109, 44.9570424], [17.0123646, 44.9571719], [17.0123831, 44.9573291], [17.0125095, 44.9574586], [17.0127377, 44.9575203], [17.0129196, 44.9576158], [17.0129967, 44.9578008], [17.0130584, 44.9578902], [17.0132033, 44.957955], [17.0134715, 44.9579057], [17.013601, 44.9578748], [17.013712, 44.9579303], [17.0138199, 44.9579365], [17.0139556, 44.9578964], [17.0140851, 44.9579118], [17.0141776, 44.9580012], [17.0142176, 44.9580352], [17.014304, 44.9580783], [17.0144088, 44.9581369], [17.0144366, 44.9582787], [17.0145044, 44.9583466], [17.0146246, 44.9583836], [17.0147973, 44.9584267], [17.0148775, 44.958473], [17.0151056, 44.9586117], [17.0152721, 44.9586765], [17.0154725, 44.9586703], [17.0157223, 44.958661], [17.0160152, 44.9587011], [17.0161755, 44.9588861], [17.0162865, 44.9589601], [17.0163913, 44.9589632], [17.0165301, 44.9589694], [17.0167521, 44.9590711], [17.0169987, 44.9589509], [17.0171714, 44.9589416], [17.0172947, 44.9589725], [17.0174242, 44.9589725], [17.0176369, 44.9589416], [17.0177572, 44.9589786], [17.0178743, 44.9590526], [17.0181734, 44.9591174], [17.0183985, 44.958991], [17.0185372, 44.9589231], [17.0188949, 44.9589231], [17.0191076, 44.9590804], [17.0191662, 44.9592099], [17.0191415, 44.9593764], [17.0190429, 44.9595367], [17.0190367, 44.9596939], [17.0190675, 44.9597648], [17.0191138, 44.9598573], [17.019086, 44.9599529], [17.0190799, 44.9599837], [17.01916, 44.9600917], [17.0192649, 44.9601348], [17.0193666, 44.9602705], [17.0194252, 44.960326], [17.0196287, 44.9603938], [17.0197459, 44.9605233], [17.0196472, 44.9607669], [17.019567, 44.9608224], [17.0194869, 44.9609241], [17.0195979, 44.9611369], [17.0196626, 44.9613034], [17.0196472, 44.9614113], [17.0196102, 44.9615778], [17.0195824, 44.9617628], [17.0196564, 44.961957], [17.0197119, 44.9620834], [17.019715, 44.962216], [17.0196934, 44.9626168], [17.0196287, 44.9627926], [17.0196071, 44.9629436], [17.0196349, 44.9630608], [17.0196996, 44.9632396], [17.0196965, 44.963366], [17.0196194, 44.9634924], [17.0196349, 44.9636158], [17.019752, 44.9637545], [17.0197859, 44.9638563], [17.0197921, 44.9639395], [17.0197674, 44.9641091], [17.0197674, 44.964217], [17.0199062, 44.9644791], [17.0199863, 44.9646024], [17.0203163, 44.9646764], [17.0204673, 44.9647042], [17.0205074, 44.9647781], [17.0205999, 44.9648953], [17.0207109, 44.9649539], [17.0208743, 44.9649477], [17.0210285, 44.9649046], [17.0212474, 44.9648984], [17.0214478, 44.9650094], [17.0217284, 44.9650433], [17.0221631, 44.9650094], [17.0223974, 44.9650741], [17.0226009, 44.9650741], [17.0228044, 44.9650556], [17.0229925, 44.9650741], [17.0230326, 44.9655058], [17.0229185, 44.9661163], [17.0226379, 44.9672293], [17.0223882, 44.9677288], [17.0222155, 44.9682714], [17.0221723, 44.9683084], [17.0221878, 44.968367], [17.0220891, 44.968737], [17.0220829, 44.9693444], [17.0221415, 44.9696034], [17.0222525, 44.9699086], [17.0224714, 44.9701769], [17.0229863, 44.9706825], [17.0234175, 44.9711576], [17.0228983, 44.9713452], [17.0226072, 44.9714488], [17.02229, 44.971524], [17.0221494, 44.9715262], [17.0219074, 44.9714924], [17.0216065, 44.9713965], [17.0213286, 44.9712232], [17.0212316, 44.9711556], [17.0209481, 44.971076], [17.0206593, 44.9710389], [17.0204917, 44.9711013], [17.0202167, 44.9711785], [17.0199496, 44.971161], [17.0197414, 44.9711076], [17.0195855, 44.9710542], [17.0194881, 44.9710107], [17.0193217, 44.9709735], [17.0191135, 44.9709746], [17.0187821, 44.9709888], [17.0185979, 44.9709997], [17.018538, 44.9713518], [17.0184584, 44.9714346], [17.0182829, 44.9719154], [17.0182622, 44.9721312], [17.0180485, 44.9724364], [17.0180147, 44.972613], [17.0180594, 44.9726921], [17.018024, 44.9729495], [17.0180332, 44.9731623], [17.0180409, 44.9732424], [17.0183246, 44.9734983], [17.0184294, 44.9736309], [17.0184325, 44.9737943], [17.0183708, 44.9741242], [17.0182938, 44.9743], [17.0181257, 44.974559], [17.0180702, 44.974673], [17.0180271, 44.9748719], [17.0179608, 44.9750137], [17.0179207, 44.9751309], [17.0179032, 44.9752704], [17.0179076, 44.9753838], [17.0179425, 44.9754732], [17.0180035, 44.9755735], [17.0180275, 44.9756694], [17.0180275, 44.9758133], [17.0180057, 44.9759092], [17.0179665, 44.9759964], [17.0178902, 44.9760749], [17.0177986, 44.9761338], [17.0176852, 44.976173], [17.0175697, 44.9764455], [17.0176111, 44.9769012], [17.0177179, 44.9773176], [17.017489, 44.9774986], [17.0169331, 44.9776119], [17.0164883, 44.9776468], [17.016303, 44.9778365], [17.0163052, 44.9779869], [17.0161199, 44.9781831], [17.0162245, 44.9784775], [17.0163248, 44.9785189], [17.0161395, 44.9788067], [17.0159084, 44.9788939], [17.0157819, 44.9790072], [17.0153808, 44.9790029], [17.014923, 44.9791904], [17.0148358, 44.9815624], [17.0148576, 44.9838428], [17.0148183, 44.9844053], [17.0144477, 44.98468], [17.0132922, 44.9849722], [17.0118925, 44.9854213], [17.0110335, 44.9857047], [17.0104536, 44.985975], [17.0081775, 44.9848501], [17.0045715, 44.9859096], [17.0045977, 44.9861843], [17.0050512, 44.987161], [17.005182, 44.9876668], [17.0051427, 44.9880898], [17.0051297, 44.9881814], [17.0053826, 44.9886915], [17.0054654, 44.9890622], [17.0054698, 44.9892671], [17.0054567, 44.9893979], [17.0055047, 44.989847], [17.0060235, 44.9898252], [17.0062415, 44.9898427], [17.0065293, 44.9899517], [17.0066776, 44.9900999], [17.0068171, 44.9901828], [17.0070002, 44.9902133], [17.0072139, 44.9901915], [17.0074363, 44.9901304], [17.0078898, 44.9903223], [17.0084174, 44.9904705], [17.0089842, 44.9905621], [17.009599, 44.9909327], [17.0097298, 44.9911289], [17.0099958, 44.9914254], [17.0102705, 44.9915563], [17.0104711, 44.9916173], [17.0108591, 44.9920403], [17.0107109, 44.9926943], [17.0104929, 44.9929298], [17.0102138, 44.9931042], [17.010083, 44.993187], [17.0097211, 44.9932917], [17.0094377, 44.9933702], [17.0090583, 44.9934835], [17.0087967, 44.9935925], [17.0085656, 44.9937364], [17.0084304, 44.993876], [17.0083563, 44.9940373], [17.0082473, 44.9945213], [17.0080947, 44.9948003], [17.0079552, 44.9949181], [17.0077197, 44.9950445], [17.0073796, 44.9952233], [17.0069741, 44.9954631], [17.006586, 44.9957117], [17.0063724, 44.9959035], [17.0058884, 44.9970546], [17.0050076, 44.9980139], [17.0051733, 44.9985938], [17.0051079, 44.9992871], [17.0053172, 44.9995531], [17.0053084, 44.9997406], [17.0051645, 44.9998976], [17.0053215, 45.0006824], [17.0055439, 45.0014411], [17.0062633, 45.0019818], [17.0063418, 45.0029236], [17.006586, 45.0030588], [17.0063942, 45.0031504], [17.0063942, 45.0033422], [17.0062328, 45.0036431], [17.0063331, 45.0043582], [17.0063026, 45.0052302], [17.0065032, 45.0054744], [17.0063985, 45.0056401], [17.0064596, 45.0058451], [17.0066353, 45.0059252], [17.006586, 45.0060085], [17.0062838, 45.0058697], [17.0063116, 45.0060177], [17.006808, 45.0062366], [17.00703, 45.0064339], [17.007144, 45.0065912], [17.0071841, 45.006992], [17.0077237, 45.0071832], [17.0079703, 45.0075778], [17.0078717, 45.0078245], [17.0083619, 45.0079786], [17.0085901, 45.0084134], [17.0085469, 45.008546], [17.0088244, 45.008956], [17.0090125, 45.0091873], [17.0091956, 45.0094968], [17.0092087, 45.0100768], [17.0093787, 45.0103863], [17.0081535, 45.0100855], [17.0065663, 45.0092091], [17.0054065, 45.0086815], [17.0043949, 45.0085899], [17.0036187, 45.0082847], [17.0024894, 45.0084286], [17.001565, 45.008398], [17.0003834, 45.0081059], [16.998443, 45.0081495], [16.9970477, 45.0078268], [16.9959271, 45.0077222], [16.994026, 45.0079446], [16.9930449, 45.007792], [16.9919897, 45.0079271], [16.9907776, 45.0076829], [16.9886149, 45.0070812], [16.9873591, 45.0065493], [16.9861992, 45.0056423], [16.9844352, 45.0049582], [16.9837969, 45.0048102], [16.9835873, 45.0048564], [16.9839217, 45.0044624], [16.9839015, 45.0042817], [16.9837704, 45.0041819], [16.9834813, 45.0041035], [16.9833099, 45.0040536], [16.983152, 45.0041796], [16.983152, 45.0040512], [16.9829402, 45.0040512], [16.9828091, 45.004075], [16.9827352, 45.0041011], [16.9825503, 45.0040488], [16.9823217, 45.0043507], [16.9821671, 45.0043008], [16.9822411, 45.0038611], [16.9815487, 45.0036211], [16.9817638, 45.0040702], [16.9817802, 45.0047921], [16.9817714, 45.0051736], [16.9817344, 45.0054439], [16.9816712, 45.0057055], [16.9811676, 45.0061858], [16.9811043, 45.0062462], [16.981004, 45.0062855], [16.9797454, 45.0075253], [16.979685, 45.0075848], [16.9796205, 45.0079184], [16.9795824, 45.0081152], [16.9795216, 45.0084297], [16.9783562, 45.0087133], [16.9770335, 45.0092529], [16.9753593, 45.0098788], [16.9750633, 45.009962], [16.9746841, 45.0100391], [16.974533, 45.0101223], [16.9744466, 45.0101963], [16.9742401, 45.0104615], [16.9739595, 45.0106187], [16.9733675, 45.0109116], [16.9730777, 45.0111891], [16.973013, 45.0114296], [16.9730561, 45.0115252], [16.9731949, 45.0116362], [16.9733244, 45.0118027], [16.9737067, 45.0124748], [16.9740551, 45.013369], [16.9743172, 45.0141891], [16.9741784, 45.0143803], [16.9743264, 45.0151141], [16.9742863, 45.0154255], [16.9741291, 45.0157924], [16.9738793, 45.0160884], [16.9736974, 45.0162641], [16.9736142, 45.0164614], [16.9735864, 45.0167513], [16.9735587, 45.0169116], [16.9734785, 45.017038], [16.9734323, 45.0171675], [16.9734076, 45.0173987], [16.9726021, 45.0181907], [16.9722853, 45.0186012], [16.9721032, 45.018866], [16.9715734, 45.0187264], [16.9712836, 45.0188097], [16.9697142, 45.0185507], [16.9689453, 45.018613], [16.967925, 45.0184647], [16.9667477, 45.0185127], [16.9659584, 45.0182772], [16.9645152, 45.0181682], [16.9632332, 45.0187133], [16.9617856, 45.0191188], [16.960931, 45.0191885], [16.9586808, 45.0196618], [16.9580772, 45.0194297], [16.9575613, 45.01955], [16.9572403, 45.0196023], [16.9570319, 45.0196593], [16.9569294, 45.0196522], [16.9568781, 45.0196664], [16.9568537, 45.0196528], [16.9567745, 45.0196517], [16.9566164, 45.0196796], [16.9563463, 45.0194773], [16.9561057, 45.0192081], [16.9558563, 45.0191787], [16.9544718, 45.0192206], [16.9530896, 45.0195658], [16.952357, 45.0200192], [16.9517815, 45.0201675], [16.9514762, 45.0204596], [16.9508353, 45.0211747], [16.9502248, 45.0213055], [16.9501594, 45.0214145], [16.9494443, 45.0215541], [16.9482801, 45.0223564], [16.9470679, 45.0242836], [16.9465752, 45.0246237], [16.9461218, 45.0245932], [16.9458078, 45.0247415], [16.9454067, 45.0247109], [16.9450012, 45.0247633], [16.944818, 45.0248548], [16.9447265, 45.0249856], [16.9446305, 45.0250467], [16.9444736, 45.0250598], [16.9442773, 45.0250205], [16.9440855, 45.024881], [16.9439808, 45.0246891], [16.9438805, 45.0244798], [16.943741, 45.024349], [16.9428864, 45.0236906], [16.9426335, 45.0232197], [16.9422302, 45.0230845], [16.9419478, 45.0228861], [16.9419086, 45.0226867], [16.9419001, 45.022669], [16.9418835, 45.022657], [16.9418557, 45.0226455], [16.9418349, 45.0226435], [16.9416727, 45.0226424], [16.9415578, 45.0226277], [16.9414892, 45.0226054], [16.9414037, 45.0225661], [16.9412803, 45.0225052], [16.9412734, 45.0222551], [16.9411208, 45.0221592], [16.9411295, 45.0218889], [16.9410467, 45.0216316], [16.9409289, 45.0213918], [16.9407022, 45.0213002], [16.9405714, 45.0212741], [16.9405409, 45.0210299], [16.9403228, 45.020886], [16.9401746, 45.0206636], [16.9403534, 45.020027], [16.9403534, 45.0192204], [16.9404493, 45.019059], [16.9401659, 45.0185532], [16.9397386, 45.0182567], [16.9391935, 45.01803], [16.9387303, 45.0179808], [16.9387008, 45.0179777], [16.9384828, 45.0180213], [16.9379944, 45.0182306], [16.9375366, 45.0185968], [16.9364203, 45.0189936], [16.9361151, 45.01895], [16.9353651, 45.0193163], [16.9351951, 45.0194471], [16.9348375, 45.0195648], [16.9335687, 45.0203802], [16.9331196, 45.0203933], [16.9325571, 45.0203889], [16.9318333, 45.0206418], [16.9315804, 45.0206505], [16.9308784, 45.0210517], [16.9299191, 45.0208642], [16.9289947, 45.0206985], [16.9285412, 45.0205677], [16.9283407, 45.0204718], [16.927909, 45.0205633], [16.9277738, 45.0206593], [16.9274337, 45.0206026], [16.9270358, 45.0207349], [16.9269974, 45.0207477], [16.9265553, 45.020766], [16.9263919, 45.0207747], [16.926135, 45.0207926], [16.9259475, 45.0207664], [16.9257841, 45.0206929], [16.9257189, 45.0207174], [16.9256618, 45.0207619], [16.9255825, 45.0209019], [16.9255272, 45.0209659], [16.9254932, 45.0211453], [16.9253744, 45.0212616], [16.9253206, 45.0213296], [16.9252639, 45.0213967], [16.9251787, 45.0214024], [16.925093, 45.0214076], [16.9250057, 45.0214946], [16.9249276, 45.0215204], [16.9249247, 45.0215671], [16.9249866, 45.021625], [16.9249869, 45.0216937], [16.9249069, 45.0219397], [16.924894, 45.0221499], [16.9248698, 45.0221897], [16.9247412, 45.0224361], [16.9246173, 45.022932], [16.9246234, 45.0233266], [16.9244508, 45.0237953], [16.9244446, 45.0240358], [16.9245481, 45.0241527], [16.9247618, 45.024253], [16.9248097, 45.0243532], [16.9249667, 45.0244296], [16.9251651, 45.0248961], [16.9251847, 45.0250247], [16.9252763, 45.025149], [16.9252589, 45.025234], [16.9252305, 45.0252842], [16.9251128, 45.0253823], [16.9247661, 45.0256788], [16.9245307, 45.0259033], [16.9244478, 45.0260734], [16.9243584, 45.026468], [16.9243628, 45.0266293], [16.9244042, 45.0268168], [16.9245154, 45.0271264], [16.9245917, 45.0273205], [16.9246068, 45.0274652], [16.9246024, 45.0279536], [16.9244738, 45.028455], [16.9242187, 45.0294121], [16.9237038, 45.0300318], [16.9230625, 45.0305961], [16.9228405, 45.0306207], [16.9223349, 45.030556], [16.9218878, 45.0304296], [16.92071, 45.0300935], [16.9199546, 45.0303401], [16.9198595, 45.0304449], [16.9198668, 45.0305914], [16.9193734, 45.0308427], [16.9190636, 45.0311865], [16.9188262, 45.0312898], [16.9180595, 45.0315139], [16.9175384, 45.0317113], [16.9174428, 45.0319888], [16.9172671, 45.0321121], [16.9170389, 45.03222], [16.9169988, 45.0323248], [16.9170883, 45.0323896], [16.9170944, 45.0325746], [16.9170019, 45.0327441], [16.9169649, 45.0330802], [16.9169033, 45.0335057], [16.9170143, 45.0337709], [16.9169742, 45.0340576], [16.9170081, 45.0343906], [16.9168601, 45.0346958], [16.9169773, 45.0347082], [16.917079, 45.0348561], [16.9170204, 45.0350658], [16.9170297, 45.0351614], [16.9173226, 45.0352785], [16.917338, 45.0354019], [16.9169341, 45.0356393], [16.9166319, 45.0358921], [16.9166843, 45.0361573], [16.9166474, 45.0364317], [16.9167799, 45.0367307], [16.9167337, 45.0368479], [16.9168108, 45.0369003], [16.9169742, 45.0369157], [16.9171592, 45.037036], [16.9173318, 45.0371624], [16.9173657, 45.037258], [16.9175353, 45.037258], [16.9176648, 45.0373875], [16.9176525, 45.037594], [16.9175846, 45.037779], [16.9173812, 45.0379609], [16.917153, 45.0380288], [16.9171222, 45.0381213], [16.9171252, 45.0382169], [16.9171838, 45.0383371], [16.9173195, 45.0384789], [16.9173627, 45.0385961], [16.9173904, 45.0387071], [16.9174613, 45.0387872], [16.9175446, 45.0388397], [16.9176371, 45.0388705], [16.9177419, 45.038926], [16.9176432, 45.0392497], [16.9173657, 45.0399065], [16.9163729, 45.0401408], [16.9153586, 45.0401254], [16.914116, 45.0399866], [16.9135241, 45.040224], [16.9133298, 45.0407297], [16.9125158, 45.0412785], [16.9115261, 45.041889], [16.9108417, 45.0419013], [16.9106998, 45.0419383], [16.9105919, 45.0418982], [16.9107276, 45.04163], [16.9107892, 45.0416331], [16.9108262, 45.0415683], [16.9106937, 45.0409794], [16.910706, 45.0408746], [16.9109249, 45.0408129], [16.9109711, 45.0407636], [16.9108047, 45.0405632], [16.9107769, 45.0404553], [16.9109341, 45.0403289], [16.9110081, 45.0403165], [16.9111068, 45.0403042], [16.9111685, 45.039962], [16.9110976, 45.039706], [16.9110236, 45.0396228], [16.9109126, 45.0395858], [16.9107615, 45.039518], [16.9106782, 45.0394563], [16.9106351, 45.0394008], [16.9106166, 45.0393638], [16.9107553, 45.0392281], [16.9108848, 45.039148], [16.9109773, 45.0391357], [16.9110359, 45.0391418], [16.9111284, 45.0390894], [16.9111716, 45.0390308], [16.9111808, 45.0389846], [16.9111376, 45.0384728], [16.9113226, 45.0381984], [16.9112764, 45.0379859], [16.9111469, 45.0380257], [16.9109434, 45.0380164], [16.9107091, 45.0379209], [16.9051914, 45.0362194], [16.9049996, 45.0362586], [16.904908, 45.0363327], [16.9045941, 45.0363371], [16.9041406, 45.0364592], [16.9039531, 45.0363851], [16.9038354, 45.0362978], [16.9037351, 45.0362194], [16.9036915, 45.0361496], [16.9035171, 45.0361322], [16.9032602, 45.0361153], [16.9030723, 45.0361278], [16.9029136, 45.0362173], [16.9028125, 45.036295], [16.9028207, 45.0364838], [16.9025471, 45.0365754], [16.9022397, 45.0366321], [16.9020511, 45.0367247], [16.9020238, 45.0367858], [16.9020511, 45.0368621], [16.9022059, 45.036958], [16.9024936, 45.0371891], [16.9025645, 45.0373417], [16.9026016, 45.0374682], [16.9025874, 45.0376807], [16.9025154, 45.037853], [16.9023825, 45.0380121], [16.9020696, 45.0381996], [16.9016761, 45.0382836], [16.9013992, 45.0382628], [16.9011736, 45.0381822], [16.9008629, 45.037406], [16.9007059, 45.0373265], [16.9005871, 45.0373265], [16.9004988, 45.0373722], [16.9004367, 45.0374529], [16.9001849, 45.0379086], [16.8998556, 45.0379511], [16.8995417, 45.0376578], [16.8991013, 45.0378115], [16.8990708, 45.0378813], [16.8989978, 45.0379358], [16.8989018, 45.0379522], [16.8987994, 45.0379413], [16.8986914, 45.0379315], [16.8985617, 45.03795], [16.8984811, 45.0380012], [16.8984396, 45.0380688], [16.898372, 45.0381571], [16.8982042, 45.0382083], [16.8979535, 45.0382367], [16.8977703, 45.0382541], [16.8976199, 45.0382846], [16.8974695, 45.0383457], [16.8974477, 45.0384002], [16.8974673, 45.0384634], [16.8975545, 45.0384983], [16.8976766, 45.0385114], [16.8981802, 45.0385833], [16.8984047, 45.0386531], [16.8989258, 45.0387229], [16.8991998, 45.0388766], [16.8992703, 45.0389452], [16.8993815, 45.0391022], [16.8994033, 45.0392548], [16.8993836, 45.0394445], [16.8992616, 45.0395557], [16.8990719, 45.0396385], [16.8983808, 45.0397366], [16.8980494, 45.0397192], [16.8978641, 45.039717], [16.8977267, 45.039741], [16.8976461, 45.0398042], [16.8976068, 45.0399437], [16.8976744, 45.040116], [16.8978597, 45.040273], [16.8979317, 45.0404408], [16.8978793, 45.0405389], [16.8978423, 45.0406305], [16.8978641, 45.0408507], [16.8980734, 45.0410927], [16.8984396, 45.0411973], [16.8986249, 45.0413761], [16.8988342, 45.0423245], [16.8989869, 45.042682], [16.8993989, 45.0431856], [16.8996736, 45.0434015], [16.8999723, 45.0435497], [16.9002688, 45.0436173], [16.9011823, 45.0437721], [16.9017993, 45.0439095], [16.9020282, 45.0440468], [16.902353, 45.0443477], [16.9029002, 45.0448164], [16.9033058, 45.0450715], [16.9048362, 45.0458716], [16.9063348, 45.046221], [16.9077825, 45.0463736], [16.9080771, 45.0463472], [16.908498, 45.0464239], [16.9087925, 45.0464183], [16.9093173, 45.0463125], [16.9100497, 45.0461781], [16.9101758, 45.0462141], [16.9102233, 45.0462563], [16.91021, 45.0463338], [16.9101378, 45.0464448], [16.9098746, 45.0466862], [16.9095586, 45.0467817], [16.9093479, 45.0468009], [16.9090545, 45.0467448], [16.9088775, 45.0467618], [16.9088251, 45.0468133], [16.9086711, 45.0470302], [16.9086713, 45.0472675], [16.9085848, 45.0474258], [16.9084421, 45.0476664], [16.9083057, 45.0480306], [16.9084388, 45.0484344], [16.9086329, 45.0488002], [16.9088754, 45.0490764], [16.9089704, 45.0491929], [16.9090407, 45.0493583], [16.9090776, 45.0495928], [16.9073863, 45.0505133], [16.9048491, 45.0522969], [16.9036997, 45.0528728], [16.9022891, 45.053996], [16.9017913, 45.0552293], [16.8989603, 45.0560159], [16.898163, 45.0545735], [16.8965823, 45.0543692], [16.8950833, 45.0539638], [16.8928049, 45.0538664], [16.8871781, 45.0534253], [16.885036, 45.0538031], [16.8848234, 45.0534703], [16.8857715, 45.0532187], [16.8864226, 45.052652], [16.8866937, 45.0524676], [16.886807, 45.0523631], [16.8868359, 45.0522787], [16.8868448, 45.0521676], [16.8868137, 45.0520854], [16.8865848, 45.0518876], [16.8864381, 45.0518565], [16.8861181, 45.0518343], [16.8859115, 45.0519209], [16.8857448, 45.0520654], [16.8856048, 45.0521565], [16.8853782, 45.0522831], [16.8852048, 45.052352], [16.8847649, 45.052452], [16.8844871, 45.0525498], [16.8842738, 45.0526987], [16.8842049, 45.0528098], [16.8840915, 45.0528987], [16.8839582, 45.0529364], [16.8838071, 45.0529476], [16.8835671, 45.0528987], [16.8833094, 45.0527898], [16.8830583, 45.0525765], [16.8829783, 45.0524342], [16.8829494, 45.0521809], [16.8829783, 45.0520143], [16.8831116, 45.0516187], [16.8831256, 45.0513793], [16.8831116, 45.0511787], [16.8831694, 45.0509721], [16.8833227, 45.0508076], [16.8834627, 45.0505988], [16.8835316, 45.0504121], [16.8835649, 45.0501477], [16.8835316, 45.0498121], [16.8834671, 45.0496277], [16.8833294, 45.049521], [16.883136, 45.0494921], [16.882936, 45.0495055], [16.8826827, 45.0495588], [16.8824383, 45.0496566], [16.8822183, 45.0498077], [16.881745, 45.0502454], [16.8811828, 45.0509454], [16.8808717, 45.0511876], [16.8806272, 45.0512876], [16.8803695, 45.0512965], [16.880105, 45.0512987], [16.8796606, 45.0512187], [16.8776762, 45.0510032], [16.8759385, 45.0508943], [16.8754785, 45.0509054], [16.8751052, 45.050981], [16.8748297, 45.0510765], [16.8746408, 45.0512032], [16.8744986, 45.0514098], [16.8743941, 45.051672], [16.8743275, 45.0518876], [16.874203, 45.0522942], [16.8740319, 45.052492], [16.8738231, 45.0525765], [16.8734986, 45.0526587], [16.8729498, 45.0527609], [16.8724453, 45.0528431], [16.8720676, 45.0529609], [16.8711765, 45.0532142], [16.8707521, 45.0533342], [16.8703543, 45.0534453], [16.8700965, 45.0535853], [16.8697077, 45.0538897], [16.8693032, 45.0542053], [16.8688655, 45.0544119], [16.868401, 45.0544964], [16.8679655, 45.0545653], [16.86763, 45.0545719], [16.8672655, 45.0545164], [16.8668678, 45.0544008], [16.8664567, 45.0542742], [16.8661678, 45.0542431], [16.8658478, 45.0542386], [16.86543, 45.0542919], [16.8647634, 45.0543742], [16.8643967, 45.0544675], [16.8640345, 45.0546897], [16.8637323, 45.0548741], [16.863459, 45.0549208], [16.8631101, 45.0549319], [16.8628724, 45.0548897], [16.8625457, 45.0547853], [16.8623363, 45.0547604], [16.8620919, 45.0547893], [16.8615674, 45.0549582], [16.8613008, 45.0550293], [16.8610875, 45.055056], [16.8607141, 45.0550471], [16.860463, 45.055036], [16.860243, 45.0550649], [16.8600164, 45.0551293], [16.8594097, 45.0553049], [16.8587098, 45.0554937], [16.8578698, 45.0557248], [16.8572743, 45.0558559], [16.8569632, 45.0558982], [16.8565076, 45.0559048], [16.8560632, 45.0559137], [16.8555654, 45.0560026], [16.8551232, 45.0560737], [16.8548099, 45.0561804], [16.8546544, 45.0563115], [16.854481, 45.0565026], [16.8542166, 45.0566426], [16.8536611, 45.0568115], [16.85263, 45.0571114], [16.8523456, 45.0571492], [16.8521189, 45.0571448], [16.8519811, 45.0571092], [16.8518411, 45.0569981], [16.8517389, 45.0568915], [16.8516167, 45.0568448], [16.8511878, 45.0568715], [16.8510078, 45.056967], [16.8508323, 45.0570781], [16.8503345, 45.0573603], [16.850099, 45.0574537], [16.8498857, 45.0575137], [16.8494079, 45.0576137], [16.8490836, 45.0577477], [16.8489312, 45.057853], [16.8488903, 45.0578938], [16.8488275, 45.0579802], [16.8487411, 45.0580619], [16.8486499, 45.0581122], [16.8485651, 45.0581389], [16.8484551, 45.0581594], [16.8483482, 45.0581578], [16.848243, 45.0581452], [16.8481031, 45.0580886], [16.8479916, 45.0579897], [16.8478926, 45.0578482], [16.847726, 45.0576015], [16.847495, 45.0574586], [16.8471054, 45.0572653], [16.8467188, 45.0570893], [16.8464768, 45.0570437], [16.846106, 45.0570249], [16.8457272, 45.0569971], [16.8454006, 45.0569971], [16.8450517, 45.0570215], [16.8447605, 45.0570938], [16.844605, 45.0571017], [16.8445138, 45.0570875], [16.8444148, 45.0570608], [16.844242, 45.0569618], [16.8440912, 45.0568817], [16.8439545, 45.0568283], [16.8438744, 45.0567757], [16.8437796, 45.0567393], [16.8436366, 45.0566995], [16.8434704, 45.0566829], [16.8433474, 45.0566406], [16.8432411, 45.0565863], [16.8425482, 45.0563302], [16.8418882, 45.0561196], [16.8412896, 45.0559703], [16.8410979, 45.0559201], [16.8406595, 45.0558462], [16.8403154, 45.0558446], [16.8401048, 45.0558509], [16.8399477, 45.0558666], [16.8398487, 45.0558682], [16.8397041, 45.0558462], [16.8395643, 45.0558258], [16.8394669, 45.0558069], [16.8393899, 45.0558054], [16.8392924, 45.0558101], [16.8391039, 45.0558651], [16.8389122, 45.0559751], [16.8386184, 45.0561982], [16.8383905, 45.0563757], [16.8381941, 45.0564622], [16.8379521, 45.0565329], [16.8376253, 45.0566209], [16.8372859, 45.0566947], [16.8370377, 45.0567387], [16.8366983, 45.0567403], [16.8364531, 45.0567246], [16.8359032, 45.0566209], [16.8356879, 45.0565879], [16.8354601, 45.0566334], [16.8353249, 45.0566931], [16.8352322, 45.0567764], [16.8350107, 45.0570373], [16.8348708, 45.057163], [16.8347876, 45.0572164], [16.8346949, 45.0572447], [16.834555, 45.0572698], [16.8343759, 45.0572824], [16.8339454, 45.0572242], [16.8335902, 45.057152], [16.8332226, 45.0570624], [16.833078, 45.0569917], [16.8330419, 45.0569493], [16.8330199, 45.0569194], [16.8329712, 45.0567921], [16.8329507, 45.0566963], [16.8329036, 45.0566161], [16.8328156, 45.0565219], [16.8326208, 45.0563757], [16.8324385, 45.0562767], [16.8322358, 45.0562312], [16.8319828, 45.0562548], [16.8317581, 45.056349], [16.8316214, 45.0564197], [16.8314721, 45.05647], [16.8312632, 45.0564684], [16.8309175, 45.0565282], [16.8307179, 45.0566036], [16.8303644, 45.0567937], [16.8301161, 45.05691], [16.8299386, 45.0569571], [16.8297359, 45.0569414], [16.829585, 45.0569084], [16.829442, 45.0568298], [16.8294905, 45.0564851], [16.8294994, 45.056334], [16.8291128, 45.0561696], [16.8288283, 45.0561207], [16.8283572, 45.0561296], [16.8281572, 45.0561207], [16.8280195, 45.0560807], [16.8278995, 45.056014], [16.8276817, 45.0557296], [16.8276417, 45.055614], [16.827455, 45.0554985], [16.8274328, 45.055374], [16.8272684, 45.0552718], [16.8270551, 45.0552407], [16.8268773, 45.0552185], [16.8266551, 45.0551252], [16.826544, 45.0550141], [16.826464, 45.0548674], [16.8264329, 45.0547296], [16.8263884, 45.0545874], [16.8263129, 45.0545474], [16.8261884, 45.0545341], [16.8259707, 45.0546052], [16.8256329, 45.054783], [16.8255351, 45.0547652], [16.8254329, 45.0547741], [16.8254151, 45.0548541], [16.8253929, 45.0549252], [16.8252996, 45.0549829], [16.8252285, 45.0549741], [16.8251751, 45.0549207], [16.8251618, 45.0548496], [16.8251751, 45.0547607], [16.8251929, 45.0546674], [16.8251751, 45.0545119], [16.8250418, 45.054423], [16.8249796, 45.054423], [16.8248253, 45.0544366], [16.8246545, 45.0544162], [16.8246258, 45.0542636], [16.8245478, 45.0541762], [16.8244173, 45.054174], [16.8240471, 45.054122], [16.8238988, 45.0541692], [16.8236274, 45.0541292], [16.8235093, 45.0543821], [16.8233949, 45.0545002], [16.8227367, 45.054543], [16.8226305, 45.0545591], [16.8225779, 45.0545544], [16.8225241, 45.0545407], [16.8224397, 45.054503], [16.8222686, 45.0544807], [16.8221308, 45.0545052], [16.8220597, 45.0545363], [16.8220308, 45.0545807], [16.8220152, 45.0546874], [16.8220508, 45.054783], [16.8221108, 45.0548474], [16.8221952, 45.0549007], [16.8222597, 45.0549874], [16.8222775, 45.0550941], [16.8222597, 45.0551518], [16.8222086, 45.0552274], [16.8221152, 45.0552563], [16.8220308, 45.0552674], [16.8219241, 45.0552785], [16.8218486, 45.0552896], [16.8215286, 45.0552341], [16.8213575, 45.0551585], [16.8207486, 45.0550163], [16.820362, 45.0548541], [16.8199931, 45.0545963], [16.8197687, 45.0543696], [16.819582, 45.0542385], [16.8194665, 45.0541808], [16.8193642, 45.0541696], [16.8192909, 45.0541985], [16.8192265, 45.0542919], [16.8192042, 45.0543985], [16.8192087, 45.0544963], [16.8192109, 45.0546163], [16.8191998, 45.0547452], [16.8191687, 45.0549252], [16.8191354, 45.0549496], [16.8190776, 45.0549629], [16.8190398, 45.0549585], [16.8190065, 45.0549341], [16.8189665, 45.0548652], [16.8189287, 45.0547785], [16.8188487, 45.0547096], [16.818782, 45.0546607], [16.8186998, 45.0546163], [16.8185443, 45.0545741], [16.8184798, 45.0545741], [16.8182754, 45.054603], [16.8180376, 45.0546652], [16.8178843, 45.0546718], [16.817791, 45.0546696], [16.8175643, 45.0546007], [16.817411, 45.0545052], [16.8172843, 45.0544407], [16.8171799, 45.054423], [16.8170199, 45.054423], [16.8168888, 45.0544363], [16.8167155, 45.0544563], [16.8163821, 45.0544407], [16.8160755, 45.0544096], [16.8157355, 45.0543563], [16.8153599, 45.0543185], [16.81506, 45.0543363], [16.8148, 45.0543696], [16.8141778, 45.054443], [16.8140467, 45.0545274], [16.8139089, 45.0546563], [16.8138356, 45.0547185], [16.8137289, 45.0550274], [16.8136733, 45.0551341], [16.8135867, 45.0552007], [16.8135111, 45.0552185], [16.8133267, 45.0552296], [16.8127956, 45.0552341], [16.8123601, 45.0551252], [16.8121934, 45.0550696], [16.8120801, 45.0550718], [16.811889, 45.0551518], [16.811769, 45.0552963], [16.8116579, 45.0554274], [16.8115401, 45.0555207], [16.8113668, 45.0556051], [16.8109712, 45.0556896], [16.8107668, 45.055694], [16.8105512, 45.0556896], [16.8103113, 45.0556607], [16.8101424, 45.0556518], [16.8098913, 45.0556785], [16.8090557, 45.0557696], [16.808938, 45.0558185], [16.8087224, 45.0558985], [16.8085069, 45.0559185], [16.808258, 45.0559318], [16.808018, 45.0559274], [16.8077491, 45.0559518], [16.8076469, 45.0560074], [16.8069958, 45.0562651], [16.8068047, 45.0563985], [16.806547, 45.056554], [16.8062092, 45.0566607], [16.805947, 45.0567229], [16.8055425, 45.0567895], [16.8051514, 45.0568073], [16.8048981, 45.0567451], [16.8047426, 45.0566562], [16.8046448, 45.0565629], [16.8045337, 45.0564873], [16.8043737, 45.0564162], [16.8041782, 45.0563807], [16.8040404, 45.0563851], [16.8039159, 45.0564296], [16.8037648, 45.0565362], [16.8036804, 45.056674], [16.8033026, 45.0569584], [16.8030715, 45.0569762], [16.8028138, 45.0569318], [16.8026004, 45.0569273], [16.8020538, 45.0570206], [16.8016182, 45.0570473], [16.801236, 45.0570162], [16.8007827, 45.0569362], [16.8004405, 45.0567762], [16.8003339, 45.0566207], [16.8003322, 45.0563686], [16.8002314, 45.0561802], [16.8001469, 45.0560223], [16.7999646, 45.0559024], [16.7996566, 45.0559185], [16.7993659, 45.0558838], [16.7991361, 45.0558026], [16.7990835, 45.0557235], [16.7990892, 45.0555559], [16.7990743, 45.0552647], [16.7987866, 45.0547778], [16.798388, 45.0547117], [16.7979958, 45.0547939], [16.7973914, 45.0550105], [16.7970549, 45.0550621], [16.7966291, 45.055065], [16.7961266, 45.0553188], [16.7958896, 45.0553778], [16.7956387, 45.0553624], [16.7955716, 45.05532], [16.7951181, 45.0548275], [16.7949134, 45.0547662], [16.7944095, 45.054921], [16.7941243, 45.0550889], [16.7937943, 45.0552325], [16.7930798, 45.0553565], [16.7924132, 45.0553991], [16.7919095, 45.0554651], [16.7915144, 45.055548], [16.7907451, 45.0558151], [16.7904952, 45.0559575], [16.7901321, 45.0562224], [16.789992, 45.0564384], [16.7898631, 45.0566162], [16.7897165, 45.0567318], [16.789392, 45.0568607], [16.7888454, 45.0569673], [16.787561, 45.0569184], [16.7872055, 45.0568918], [16.7869121, 45.0569095], [16.786561, 45.0569984], [16.7863211, 45.0570918], [16.7860722, 45.0572606], [16.7859077, 45.0574829], [16.7857877, 45.0576873], [16.78553, 45.0582473], [16.78549, 45.0585628], [16.7854455, 45.0586917], [16.78541, 45.058745], [16.7852855, 45.0588161], [16.7851833, 45.058825], [16.7849122, 45.0587628], [16.7848011, 45.0587717], [16.7846589, 45.0588517], [16.7844989, 45.0589806], [16.7843878, 45.0591272], [16.78433, 45.0592695], [16.7843122, 45.0593806], [16.7843389, 45.0595539], [16.7843745, 45.0596205], [16.78441, 45.0597139], [16.7844233, 45.0597983], [16.7844233, 45.0598517], [16.7843789, 45.0599094], [16.7842811, 45.0599539], [16.7840678, 45.0599761], [16.7838989, 45.0600161], [16.7836678, 45.060105], [16.7835212, 45.0602116], [16.7832589, 45.0602694], [16.783019, 45.060305], [16.7827434, 45.060305], [16.7823745, 45.0602783], [16.7821523, 45.0603361], [16.7819657, 45.0604161], [16.7815746, 45.0606161], [16.7814324, 45.0607272], [16.7812479, 45.0608338], [16.7809368, 45.0608716], [16.7804813, 45.0611383], [16.7799169, 45.0615316], [16.7787791, 45.0618916], [16.778328, 45.0622093], [16.778148, 45.0624627], [16.7780236, 45.0626271], [16.7776058, 45.062936], [16.7773836, 45.0631293], [16.7772058, 45.0633115], [16.7770881, 45.0635004], [16.7769503, 45.0637359], [16.7768636, 45.0639271], [16.776777, 45.0644981], [16.7770725, 45.0647381], [16.7768525, 45.065527], [16.7766236, 45.0655425], [16.7763548, 45.0656559], [16.7755817, 45.0656307], [16.775346, 45.0657156], [16.7749783, 45.0660016], [16.7747458, 45.0663661], [16.7746798, 45.0665735], [16.7746766, 45.0667432], [16.7743655, 45.0668312], [16.7739853, 45.0667998], [16.7737307, 45.0667432], [16.7732468, 45.0667495], [16.7728068, 45.0668878], [16.7724391, 45.0669726], [16.7719143, 45.0670575], [16.7716063, 45.0671329], [16.7713172, 45.0674283], [16.7712701, 45.0676294], [16.7713235, 45.0677645], [16.7714461, 45.0678525], [16.7715592, 45.0679248], [16.7716315, 45.068016], [16.7716535, 45.0681385], [16.7716126, 45.0682579], [16.7715372, 45.0683553], [16.7713801, 45.0684182], [16.7711821, 45.0683993], [16.7710438, 45.0683239], [16.7709213, 45.0681794], [16.7708333, 45.0680977], [16.7706918, 45.0680757], [16.7705787, 45.0681354], [16.7704876, 45.0682108], [16.7704184, 45.0682956], [16.7703105, 45.0683833], [16.7700369, 45.0684733], [16.7699296, 45.0684558], [16.7694461, 45.0682296], [16.7690806, 45.0682911], [16.7688743, 45.0684154], [16.7686544, 45.0686005], [16.7687, 45.0688195], [16.7686716, 45.0689366], [16.7685096, 45.0690027], [16.768448, 45.069097], [16.7682972, 45.0691787], [16.7680552, 45.0692541], [16.7678761, 45.0692918], [16.7677127, 45.0693767], [16.7676624, 45.0694207], [16.7675398, 45.0695872], [16.7673576, 45.0697067], [16.7671879, 45.0698292], [16.7671187, 45.0698952], [16.7670653, 45.0699769], [16.7669113, 45.0699958], [16.7667699, 45.0699706], [16.7666505, 45.0699298], [16.7665248, 45.0698669], [16.7662702, 45.0697695], [16.7660628, 45.0696972], [16.7659026, 45.0696972], [16.7657706, 45.0697098], [16.7656009, 45.0697601], [16.7653997, 45.0698292], [16.7652772, 45.0698386], [16.7648906, 45.0698135], [16.7646015, 45.0697412], [16.7643156, 45.0696564], [16.7639416, 45.069537], [16.7635456, 45.0693673], [16.7633948, 45.0693013], [16.7631968, 45.0691598], [16.7629862, 45.0691253], [16.7627348, 45.0691127], [16.7625871, 45.069119], [16.7623954, 45.0691818], [16.76221, 45.0692416], [16.7619209, 45.0693327], [16.7616287, 45.069427], [16.7614527, 45.0694835], [16.7612327, 45.0695621], [16.7610441, 45.0696501], [16.7607016, 45.0697884], [16.7605885, 45.0698858], [16.7605036, 45.0700241], [16.7603968, 45.0701372], [16.7602836, 45.0702126], [16.7602176, 45.0702503], [16.7600919, 45.0703572], [16.7599631, 45.0705394], [16.7598814, 45.0707154], [16.7598342, 45.0710894], [16.7598877, 45.0712497], [16.7600322, 45.0714791], [16.7601391, 45.0716173], [16.7602899, 45.0719033], [16.7602711, 45.0720196], [16.7602051, 45.0721296], [16.7600479, 45.0722333], [16.7598531, 45.0723307], [16.7596048, 45.072403], [16.7593754, 45.072425], [16.7590675, 45.0724281], [16.7586966, 45.0724533], [16.758175, 45.0724218], [16.7577099, 45.0724564], [16.757361, 45.0725633], [16.7572322, 45.0726324], [16.7570531, 45.0727487], [16.7569902, 45.0728649], [16.7569839, 45.0729372], [16.7569934, 45.0730158], [16.7570562, 45.0731195], [16.7571316, 45.0732106], [16.7571631, 45.0733081], [16.7571473, 45.0733803], [16.7570876, 45.0734526], [16.7570468, 45.0734777], [16.7568488, 45.0735029], [16.7566854, 45.073506], [16.7563648, 45.0734903], [16.7562328, 45.0734683], [16.7560066, 45.0734338], [16.7554189, 45.0735312], [16.7551141, 45.0736632], [16.7549381, 45.0737889], [16.7548218, 45.073946], [16.7547873, 45.0741125], [16.7548627, 45.0742665], [16.7548973, 45.074386], [16.7548721, 45.0744739], [16.7548155, 45.0745651], [16.7546647, 45.0746311], [16.7543819, 45.0746845], [16.7541902, 45.0746939], [16.753967, 45.0746939], [16.7538193, 45.0746939], [16.7536214, 45.0746814], [16.7534234, 45.0747222], [16.7531877, 45.0747536], [16.7529677, 45.0747631], [16.7524083, 45.0746876], [16.7520061, 45.0747505], [16.751673, 45.0748542], [16.7511293, 45.0750365], [16.7509785, 45.0751685], [16.7508559, 45.0753727], [16.7506925, 45.0755833], [16.7506579, 45.075621], [16.7504882, 45.0757215], [16.7502997, 45.0758033], [16.7501582, 45.0758473], [16.7498094, 45.0759164], [16.7496146, 45.0760044], [16.7494575, 45.0761552], [16.7494166, 45.0762338], [16.7494606, 45.0764506], [16.74947, 45.0766895], [16.7494543, 45.0768466], [16.7493852, 45.0770131], [16.7493129, 45.077142], [16.7492658, 45.07723], [16.7492218, 45.0774091], [16.7492218, 45.077626], [16.7492563, 45.0778491], [16.749316, 45.0781476], [16.7494072, 45.0784116], [16.7495046, 45.0786316], [16.7495667, 45.07896], [16.7495572, 45.0791045], [16.7495313, 45.0792837], [16.7494575, 45.0795107], [16.7493035, 45.0799593], [16.7491479, 45.0804205], [16.7490308, 45.08069], [16.7489468, 45.0808039], [16.7485557, 45.0813128], [16.7482424, 45.081555], [16.747949, 45.0816727], [16.7477713, 45.0816838], [16.7476713, 45.0816905], [16.7475468, 45.0816994], [16.7473446, 45.0817283], [16.7472446, 45.081695], [16.747178, 45.0817105], [16.746818, 45.0818172], [16.7467224, 45.0819616], [16.7466802, 45.0821061], [16.746538, 45.0832349], [16.7466113, 45.0837349], [16.7465869, 45.0838993], [16.746518, 45.0841726], [16.7464202, 45.0843237], [16.7463224, 45.0844526], [16.7462513, 45.084526], [16.7461536, 45.0845971], [16.7449292, 45.0846482], [16.7445047, 45.0849326], [16.7444714, 45.0850171], [16.7444892, 45.0850971], [16.7445202, 45.0851588], [16.744781, 45.0853238], [16.7457081, 45.0861801], [16.7462582, 45.0867217], [16.746273, 45.086763], [16.746273, 45.086782], [16.7462637, 45.0868061], [16.7462513, 45.0868281], [16.746244, 45.0868705], [16.7462399, 45.0869269], [16.746214, 45.0869942], [16.7461777, 45.0870498], [16.7461207, 45.0871142], [16.7460316, 45.0871742], [16.7459932, 45.0872071], [16.7459196, 45.0872364], [16.745845, 45.087251], [16.7457487, 45.0872568], [16.7456305, 45.0872612], [16.745529, 45.0872788], [16.7454512, 45.0873037], [16.7453973, 45.0873388], [16.7453808, 45.0873827], [16.7453797, 45.0874163], [16.7453973, 45.0874602], [16.7454295, 45.0874924], [16.7454657, 45.0875312], [16.7454979, 45.0875971], [16.7455134, 45.0876446], [16.7455227, 45.087701], [16.7455207, 45.0877339], [16.7455103, 45.0877653], [16.7454813, 45.0878041], [16.7454243, 45.0878817], [16.7454036, 45.0879212], [16.7453942, 45.0879585], [16.7453953, 45.0879922], [16.7454119, 45.0880887], [16.745503, 45.088298], [16.7455404, 45.088377], [16.7455714, 45.0884121], [16.7456046, 45.0884341], [16.7456336, 45.0884494], [16.7456699, 45.0884553], [16.7457238, 45.0884524], [16.745788, 45.0884399], [16.7458481, 45.0884209], [16.7459196, 45.0883924], [16.7459953, 45.0883551], [16.7461124, 45.0883148], [16.7462088, 45.0882782], [16.7462606, 45.0882592], [16.7463269, 45.0882438], [16.7463881, 45.0882416], [16.7464305, 45.0882497], [16.7464824, 45.0882782], [16.7465197, 45.0883163], [16.746586, 45.088407], [16.7466378, 45.0884692], [16.7466793, 45.0885248], [16.7467124, 45.0885745], [16.7467217, 45.0886119], [16.7467166, 45.0886543], [16.7467155, 45.0886799], [16.7467186, 45.0887194], [16.7467383, 45.0887531], [16.7467622, 45.0888204], [16.7467725, 45.088854], [16.7467787, 45.0888987], [16.7467736, 45.0889616], [16.7467622, 45.0890033], [16.7467383, 45.0890384], [16.7467103, 45.089083], [16.7466969, 45.0891445], [16.7467, 45.0892074], [16.7467031, 45.0892477], [16.7467197, 45.0893325], [16.7467352, 45.0893633], [16.7467715, 45.0894145], [16.7468161, 45.0894445], [16.746872, 45.0894635], [16.7469332, 45.0894759], [16.747042, 45.0894898], [16.7471694, 45.0894986], [16.7472399, 45.089503], [16.747327, 45.089525], [16.7474057, 45.0895813], [16.7474472, 45.0896179], [16.7474731, 45.089661], [16.7474979, 45.0897437], [16.7475011, 45.0898242], [16.7474855, 45.0899142], [16.74747, 45.089953], [16.747443, 45.089983], [16.7474057, 45.0900056], [16.7473705, 45.0900108], [16.7473249, 45.0900086], [16.7472575, 45.0899939], [16.7471715, 45.0899669], [16.7470689, 45.0899434], [16.7469694, 45.0899259], [16.7469041, 45.0899222], [16.7468243, 45.089931], [16.7467414, 45.0899544], [16.7466689, 45.08998], [16.7465891, 45.0900166], [16.7465508, 45.09004], [16.7464906, 45.0900781], [16.7464419, 45.0901351], [16.7464233, 45.090171], [16.7464088, 45.0902039], [16.7464026, 45.0902471], [16.7464046, 45.0903334], [16.7464067, 45.0904878], [16.7464129, 45.0906707], [16.7464202, 45.0908016], [16.7464171, 45.0908697], [16.7463974, 45.090926], [16.7463653, 45.090967], [16.7463145, 45.090997], [16.7462233, 45.0910299], [16.746159, 45.0910475], [16.7460896, 45.091065], [16.7460057, 45.0910899], [16.7459145, 45.0911287], [16.7458512, 45.0911711], [16.7457942, 45.0912084], [16.7457269, 45.0912391], [16.7456678, 45.0912596], [16.7456056, 45.091264], [16.7455393, 45.0912596], [16.7454906, 45.0912523], [16.7453611, 45.091245], [16.7452533, 45.0912465], [16.7451611, 45.0912589], [16.7450377, 45.0912904], [16.7449776, 45.091313], [16.7449238, 45.091343], [16.7448813, 45.0913833], [16.7448533, 45.0914352], [16.744846, 45.0914974], [16.744846, 45.0915398], [16.7448533, 45.0915881], [16.7448823, 45.0916635], [16.7449072, 45.0917344], [16.7449072, 45.0917601], [16.7449051, 45.0917879], [16.7448719, 45.091831], [16.7448346, 45.0918749], [16.7447849, 45.0919144], [16.7447061, 45.0919627], [16.7445797, 45.0920278], [16.7444989, 45.0920754], [16.7443932, 45.0921456], [16.7442968, 45.0922473], [16.7442356, 45.092319], [16.7442077, 45.0923739], [16.7441911, 45.0924236], [16.7441911, 45.0924595], [16.7442108, 45.0924843], [16.7442398, 45.0925041], [16.7442875, 45.0925238], [16.7443434, 45.0925604], [16.7444004, 45.0926219], [16.7444398, 45.0926811], [16.7444605, 45.0927236], [16.7444616, 45.0927733], [16.744445, 45.0928165], [16.7444129, 45.0928677], [16.7443631, 45.0929006], [16.7443103, 45.0929262], [16.7442284, 45.0929496], [16.7441517, 45.0929584], [16.7440574, 45.0929613], [16.7438864, 45.0929628], [16.743561, 45.0929708], [16.7433869, 45.0929767], [16.7433185, 45.0929818], [16.7432346, 45.0929965], [16.7431745, 45.093014], [16.7430936, 45.093044], [16.7429941, 45.0930894], [16.7429351, 45.0931267], [16.7428947, 45.0931559], [16.7428356, 45.093205], [16.7423205, 45.0937785], [16.7422418, 45.0938692], [16.7421951, 45.0939336], [16.7421319, 45.0940463], [16.7421029, 45.0940953], [16.7420791, 45.0941421], [16.7420501, 45.0942145], [16.7420231, 45.0943287], [16.7420076, 45.0944391], [16.7419827, 45.0945715], [16.7419423, 45.094693], [16.7419112, 45.0948269], [16.7418801, 45.0949805], [16.7418532, 45.0950925], [16.7418239, 45.0951905], [16.7417909, 45.0952798], [16.7417763, 45.095348], [16.7417565, 45.0954194], [16.7417349, 45.0954763], [16.7416953, 45.0955384], [16.7416517, 45.0955852], [16.7416019, 45.0956292], [16.7415638, 45.0956615], [16.7415271, 45.0956869], [16.7414638, 45.0957179], [16.7412702, 45.0957803], [16.7410534, 45.0958085], [16.7407705, 45.0958148], [16.7407768, 45.0954157], [16.7405898, 45.0954377], [16.7404516, 45.0954236], [16.7403667, 45.0953733], [16.740307, 45.095301], [16.7402929, 45.095246], [16.7402866, 45.0952193], [16.7403007, 45.0950795], [16.7402724, 45.0950119], [16.7401907, 45.0947935], [16.7398325, 45.0943865], [16.7398828, 45.094352], [16.7395622, 45.0940833], [16.7395984, 45.0940236], [16.7394255, 45.0939324], [16.7394287, 45.0938224], [16.739215, 45.0937949], [16.7388473, 45.09341], [16.7386477, 45.0931366], [16.7384702, 45.0928844], [16.738414, 45.0927926], [16.738404, 45.092687], [16.7384317, 45.0926315], [16.7384695, 45.0925792], [16.7384984, 45.0925137], [16.7385484, 45.0924637], [16.7385684, 45.0924048], [16.7385617, 45.0923692], [16.7385351, 45.0923226], [16.7384784, 45.0922759], [16.7384284, 45.0922537], [16.7383506, 45.0922393], [16.7383017, 45.0922259], [16.7382695, 45.092207], [16.7382517, 45.0921848], [16.7382173, 45.0921015], [16.738194, 45.0920182], [16.738154, 45.0919593], [16.7380595, 45.0918926], [16.7379706, 45.0918726], [16.7376762, 45.0918504], [16.7375895, 45.0918737], [16.7375151, 45.0918826], [16.7374651, 45.0918793], [16.7374162, 45.091877], [16.7373318, 45.0918904], [16.7372707, 45.091897], [16.7371951, 45.0918948], [16.7370862, 45.0918882], [16.7370196, 45.0918715], [16.7369151, 45.091847], [16.7368796, 45.0918182], [16.736834, 45.0917271], [16.7367862, 45.0916904], [16.7367174, 45.0916993], [16.7366618, 45.0917282], [16.7366196, 45.0917615], [16.7365429, 45.0918159], [16.7364818, 45.0918226], [16.7364118, 45.0918204], [16.736364, 45.0918115], [16.736334, 45.0917948], [16.736314, 45.0917715], [16.7362985, 45.0917271], [16.7362885, 45.0916893], [16.7361996, 45.0916882], [16.7361318, 45.0917159], [16.7360685, 45.0917259], [16.736034, 45.0917104], [16.736024, 45.0916915], [16.7360385, 45.0916259], [16.7361152, 45.0915815], [16.7361352, 45.0915382], [16.7360996, 45.0915148], [16.7360252, 45.0915071], [16.735954, 45.0915193], [16.7358529, 45.0915648], [16.7358152, 45.0915626], [16.7357785, 45.0915371], [16.7357352, 45.0915371], [16.7356863, 45.0915593], [16.7356452, 45.0915682], [16.7356163, 45.0915504], [16.7356118, 45.0915282], [16.7356274, 45.0915126], [16.7356907, 45.0914604], [16.7356729, 45.091436], [16.7356341, 45.0914282], [16.7355596, 45.0914382], [16.7355052, 45.0914626], [16.7354718, 45.0914582], [16.735446, 45.0914356], [16.7354263, 45.0913815], [16.7353963, 45.0913548], [16.7353541, 45.0913393], [16.7353196, 45.0913482], [16.7352407, 45.0914082], [16.7351896, 45.0914226], [16.7351652, 45.0914137], [16.7351352, 45.091376], [16.7351296, 45.0912882], [16.7350819, 45.0912415], [16.7350285, 45.091206], [16.7350085, 45.091176], [16.734983, 45.0911615], [16.7349485, 45.0911171], [16.7348608, 45.0910637], [16.7348152, 45.0910182], [16.7347419, 45.0909804], [16.7346352, 45.0909771], [16.7345974, 45.0909437], [16.7345963, 45.0909226], [16.7346219, 45.090876], [16.7345997, 45.0908271], [16.7345452, 45.0907815], [16.7344785, 45.0907949], [16.7344119, 45.0907693], [16.7343708, 45.0907304], [16.7343252, 45.0906738], [16.7342386, 45.0906049], [16.7341674, 45.0905727], [16.7340175, 45.0904515], [16.7339497, 45.0903627], [16.7338763, 45.0903271], [16.7338119, 45.0902904], [16.7337575, 45.0902316], [16.7337175, 45.0901649], [16.7335952, 45.0901104], [16.7335108, 45.0900982], [16.7334419, 45.0900504], [16.7334041, 45.0900216], [16.7333486, 45.089986], [16.7332753, 45.0899882], [16.733223, 45.0899438], [16.7331942, 45.0898893], [16.7331542, 45.0898571], [16.7330819, 45.0898438], [16.7330175, 45.089846], [16.7329519, 45.0898493], [16.7328953, 45.089826], [16.7328286, 45.0897771], [16.7327597, 45.0897616], [16.7326908, 45.0897549], [16.7326342, 45.0897171], [16.7325997, 45.0896871], [16.7325631, 45.089656], [16.732462, 45.0896094], [16.7322586, 45.0895516], [16.7321975, 45.0895305], [16.7321497, 45.0895016], [16.7320997, 45.0894438], [16.7319975, 45.0894216], [16.7319064, 45.0893927], [16.7318464, 45.0893505], [16.731782, 45.0893027], [16.7316898, 45.0892638], [16.7315809, 45.0892583], [16.7315198, 45.0892416], [16.7314609, 45.0892071], [16.7312477, 45.089146], [16.7311645, 45.089091], [16.731111, 45.0890643], [16.7310466, 45.0890627], [16.7310026, 45.08908], [16.7309696, 45.0891099], [16.7309146, 45.089135], [16.7308392, 45.0891429], [16.7307261, 45.0891114], [16.7306648, 45.0890753], [16.7306004, 45.0890407], [16.730569, 45.0890454], [16.7305375, 45.0890674], [16.7304888, 45.0890894], [16.7304432, 45.0890863], [16.730393, 45.0890517], [16.7303631, 45.089003], [16.7303223, 45.088959], [16.7303003, 45.0889402], [16.7302154, 45.0889355], [16.7300756, 45.0889685], [16.729964, 45.089014], [16.7298729, 45.0890313], [16.7293465, 45.0890392], [16.7291579, 45.0889716], [16.7290637, 45.0890187], [16.7289364, 45.0890093], [16.7288185, 45.0889606], [16.72874, 45.0889009], [16.7286033, 45.0888789], [16.7284901, 45.0888522], [16.7284289, 45.088816], [16.7283079, 45.0887736], [16.7281759, 45.0887579], [16.7279795, 45.0887532], [16.7278066, 45.0887595], [16.7276558, 45.0887296], [16.7274955, 45.0887595], [16.7273274, 45.0887296], [16.7271891, 45.0887328], [16.727032, 45.0887878], [16.7269471, 45.0887815], [16.7267664, 45.0887532], [16.7265465, 45.0887595], [16.7264443, 45.088761], [16.72635, 45.0887893], [16.7262762, 45.0888302], [16.7260059, 45.088904], [16.7258205, 45.088948], [16.7256068, 45.0890077], [16.7253868, 45.089036], [16.7253114, 45.089047], [16.725291, 45.0891067], [16.724741, 45.0890674], [16.7242367, 45.0889575], [16.7236878, 45.0887759], [16.7231234, 45.0887026], [16.7227923, 45.088727], [16.7222412, 45.0888537], [16.7220123, 45.0889337], [16.7219612, 45.0888981], [16.7219167, 45.0889181], [16.7216945, 45.0887492], [16.7214021, 45.0888263], [16.7211212, 45.0889003], [16.720539, 45.088927], [16.7201968, 45.0890403], [16.7200235, 45.0890425], [16.7199035, 45.0890114], [16.7189146, 45.0884181], [16.7188591, 45.088467], [16.7187346, 45.0884137], [16.7177925, 45.0885781], [16.7176414, 45.0885648], [16.7168125, 45.0883848], [16.7162881, 45.0882092], [16.7158792, 45.0879315], [16.7157859, 45.0877959], [16.7154214, 45.0876782], [16.7152326, 45.0876826], [16.7149592, 45.0875826], [16.7147326, 45.0874826], [16.7146148, 45.0873604], [16.7145615, 45.0872448], [16.7146237, 45.0867471], [16.7143081, 45.0859582], [16.7142282, 45.0857182], [16.7140882, 45.0856049], [16.7134704, 45.0844827], [16.7133149, 45.0845738], [16.7126482, 45.0845427], [16.7123727, 45.0843805], [16.7125527, 45.0840872], [16.7127149, 45.0836361], [16.7128904, 45.083405], [16.7130038, 45.083285], [16.7132171, 45.0830272], [16.7136393, 45.0828095], [16.7139793, 45.0825695], [16.7138882, 45.0825872], [16.7138104, 45.0822028], [16.7139126, 45.0818806], [16.7141126, 45.0816873], [16.7134237, 45.0810673], [16.7140793, 45.0808051], [16.7135926, 45.0798962], [16.7131349, 45.0796985], [16.7122727, 45.0794829], [16.7117905, 45.0794518], [16.7115683, 45.0794674], [16.7115238, 45.0793918], [16.7116349, 45.0793163], [16.7111016, 45.079074], [16.7109149, 45.0787585], [16.7107172, 45.0785252], [16.7105794, 45.0787474], [16.7098505, 45.0785229], [16.7093972, 45.0787563], [16.7084728, 45.0786629], [16.7081728, 45.0787807], [16.7078284, 45.0786629], [16.7069751, 45.0786629], [16.7064529, 45.0788385], [16.7057818, 45.0789096], [16.7046441, 45.0792896], [16.7040908, 45.0792563], [16.7033308, 45.0790763], [16.7027353, 45.0787252], [16.7026775, 45.0786029], [16.7015264, 45.0786029], [16.7011965, 45.0784567], [16.7004898, 45.0779311], [16.7003922, 45.0778863], [16.7002688, 45.0779552], [16.7002523, 45.0779216], [16.7003191, 45.0778784], [16.7003623, 45.0778336], [16.700378, 45.0777684], [16.7003615, 45.0776844], [16.7003159, 45.0774314], [16.7000472, 45.076927], [16.6999704, 45.0768601], [16.6998793, 45.0768213], [16.6997259, 45.0767368], [16.699707, 45.0767001], [16.6997359, 45.0765235], [16.6995304, 45.076469], [16.6994604, 45.0764124], [16.6996332, 45.0760777], [16.7001659, 45.0752842], [16.7003324, 45.0749102], [16.7005273, 45.0743713], [16.7005996, 45.0740743], [16.700641, 45.0735718], [16.7004864, 45.0731504], [16.7004974, 45.0730294], [16.7007033, 45.0726853], [16.7012312, 45.0718996], [16.701679, 45.0712601], [16.7012532, 45.0709742], [16.7013836, 45.0708013], [16.7011574, 45.070498], [16.7012014, 45.0700408], [16.7009468, 45.0698884], [16.7007583, 45.0700738], [16.700455, 45.0702231], [16.7000433, 45.0703362], [16.6997259, 45.0704321], [16.6996207, 45.0706159], [16.6995531, 45.0706002], [16.6997684, 45.0700015], [16.6999412, 45.0697438], [16.6997746, 45.0697643], [16.6995201, 45.0701068], [16.6990063, 45.0702451], [16.6989513, 45.0704556], [16.6983652, 45.0709364], [16.6981735, 45.0710307], [16.6980227, 45.0710339], [16.6979441, 45.0710197], [16.6978404, 45.0709773], [16.6977838, 45.0709333], [16.6977351, 45.070905], [16.6976675, 45.0709034], [16.6974968, 45.0709467], [16.6971553, 45.0710071], [16.6969495, 45.0710653], [16.6967986, 45.0710904], [16.6966871, 45.071125], [16.6966226, 45.0711548], [16.6964215, 45.0713214], [16.6963115, 45.0714393], [16.696255, 45.071488], [16.6961685, 45.0714235], [16.6961167, 45.071598], [16.69609, 45.0716891], [16.696068, 45.0717771], [16.696068, 45.0718415], [16.696101, 45.0719122], [16.6961717, 45.0719923], [16.6964686, 45.0723632], [16.6955039, 45.072954], [16.6954473, 45.0730105], [16.6953483, 45.0729524], [16.6952336, 45.0730797], [16.6952745, 45.0732415], [16.6952792, 45.0733531], [16.6952509, 45.0734254], [16.6952069, 45.0734914], [16.6950388, 45.0735322], [16.6947434, 45.073815], [16.6947669, 45.0739062], [16.694646, 45.0740806], [16.6945847, 45.074079], [16.6945171, 45.0741654], [16.6948596, 45.074629], [16.6946208, 45.0748584], [16.6945108, 45.0748882], [16.6943521, 45.0751035], [16.6944008, 45.0752386], [16.6943003, 45.0753628], [16.694503, 45.075776], [16.6942814, 45.0760431], [16.6943773, 45.076194], [16.6942924, 45.0763197], [16.6943317, 45.0764548], [16.6944385, 45.0765648], [16.6939954, 45.0768979], [16.6933308, 45.0771289], [16.6929018, 45.0774337], [16.6927478, 45.0776411], [16.6925797, 45.0777715], [16.6924006, 45.0778643], [16.6922937, 45.0778674], [16.692212, 45.0778517], [16.6915977, 45.0780371], [16.6910367, 45.0781157], [16.6909267, 45.0780559], [16.6908356, 45.0780512], [16.690746, 45.0780811], [16.690713, 45.0781408], [16.6907114, 45.0781769], [16.690735, 45.0782414], [16.6907602, 45.0782728], [16.690515, 45.0782901], [16.6903548, 45.0782272], [16.6901694, 45.0783419], [16.689841, 45.0780355], [16.6894811, 45.077462], [16.6893978, 45.0771273], [16.6894607, 45.0765601], [16.6888053, 45.0751821], [16.6883075, 45.0747888], [16.6873653, 45.0740843], [16.6860165, 45.073671], [16.6855232, 45.0735688], [16.6848804, 45.0729061], [16.6846794, 45.0727134], [16.6846445, 45.0726349], [16.6846527, 45.0724506], [16.6847939, 45.0723115], [16.6846903, 45.0721436], [16.6847179, 45.0720424], [16.6845929, 45.072], [16.6841493, 45.0718912], [16.6839723, 45.0716985], [16.6839464, 45.0718165], [16.683666, 45.0720546], [16.683761, 45.0723877], [16.6833338, 45.0728612], [16.6825322, 45.0741155], [16.6825877, 45.074211], [16.6822811, 45.0745443], [16.6817833, 45.0742755], [16.6814322, 45.0741599], [16.6812633, 45.0741599], [16.6811811, 45.0741777], [16.6811834, 45.074211], [16.6818033, 45.0744021], [16.6817411, 45.0745977], [16.6820389, 45.074691], [16.6821144, 45.0747777], [16.68219, 45.0748777], [16.6822366, 45.0749621], [16.6813745, 45.0749576], [16.68045, 45.0756643], [16.6799212, 45.0758354], [16.6799478, 45.0755287], [16.6798945, 45.0753776], [16.6798056, 45.0752443], [16.6797034, 45.0751776], [16.6795367, 45.0751399], [16.678699, 45.0749665], [16.6785546, 45.0746732], [16.6782857, 45.0746754], [16.6783368, 45.0748777], [16.678119, 45.0749332], [16.6779946, 45.0752532], [16.6774946, 45.0753332], [16.6775079, 45.0753776], [16.6772168, 45.0754487], [16.6772279, 45.0756598], [16.6769702, 45.0758398], [16.6762524, 45.0759154], [16.6753813, 45.0762776], [16.6743614, 45.0765687], [16.6740347, 45.077182], [16.6740081, 45.0777687], [16.6754213, 45.0784109], [16.6755658, 45.0784042], [16.6754125, 45.0786908], [16.6749749, 45.0786351], [16.6745569, 45.0787442], [16.6743142, 45.0787405], [16.6740738, 45.0787012], [16.6738916, 45.0786698], [16.6733966, 45.0785189], [16.6726612, 45.0783382], [16.6708448, 45.0772776], [16.6692767, 45.0770372], [16.6690991, 45.0763396], [16.6694385, 45.0763207], [16.6692201, 45.0760269], [16.6689561, 45.0759389], [16.6688461, 45.0755099], [16.6686246, 45.0749223], [16.6684329, 45.0746489], [16.668458, 45.0744697], [16.6683323, 45.0744037], [16.6683718, 45.0741809], [16.6680134, 45.0741104], [16.6671146, 45.0738895], [16.6667248, 45.0737775], [16.6663633, 45.0736691], [16.6664038, 45.0740922], [16.666495, 45.074261], [16.6666527, 45.0743988], [16.6667305, 45.0746655], [16.6668283, 45.0747966], [16.6669549, 45.0747766], [16.6673949, 45.0753232], [16.6674705, 45.0755343], [16.6670971, 45.0760343], [16.6664727, 45.0764165], [16.6656431, 45.0764802], [16.6647061, 45.0766698], [16.6643084, 45.0766521], [16.663895, 45.0769476], [16.6631751, 45.0772631], [16.6627529, 45.0772609], [16.662824, 45.0776365], [16.6627129, 45.077712], [16.6621396, 45.0777142], [16.6615285, 45.0779298], [16.6617574, 45.0784009], [16.6619885, 45.0786675], [16.6620551, 45.0787653], [16.6620907, 45.0788698], [16.6620973, 45.0790275], [16.6620618, 45.0791364], [16.6619151, 45.0796075], [16.6618551, 45.0798075], [16.6617885, 45.0799497], [16.6617196, 45.0800075], [16.6615596, 45.080123], [16.661484, 45.080163], [16.6613685, 45.0802408], [16.6613085, 45.0803141], [16.6612929, 45.0803875], [16.6612974, 45.0804608], [16.6613151, 45.0805097], [16.6613485, 45.0805586], [16.6614663, 45.0806119], [16.6616462, 45.0806119], [16.6617818, 45.0806164], [16.6618662, 45.0806608], [16.6619329, 45.0807475], [16.6619507, 45.0808008], [16.6619707, 45.0808897], [16.6619729, 45.0809563], [16.661864, 45.0811719], [16.6617529, 45.0812719], [16.661664, 45.0813074], [16.6615507, 45.081343], [16.6609807, 45.0816538], [16.6604085, 45.0821518], [16.6602619, 45.0822563], [16.6601685, 45.0822941], [16.659673, 45.0823985], [16.6585464, 45.0826941], [16.6578292, 45.0828831], [16.657697, 45.0829369], [16.6575537, 45.0829847], [16.6573859, 45.0831064], [16.6571948, 45.0831603], [16.6569504, 45.0831758], [16.6567409, 45.0832236], [16.6563771, 45.0832975], [16.6560388, 45.0832775], [16.6554905, 45.0830284], [16.655342, 45.082975], [16.655144, 45.0829624], [16.6549162, 45.0830402], [16.6547206, 45.0830339], [16.654609, 45.0830661], [16.6544416, 45.0833489], [16.6542189, 45.083745], [16.6542028, 45.0840645], [16.6541889, 45.0842189], [16.6541911, 45.0842783], [16.6542005, 45.0844372], [16.6541039, 45.08467], [16.6538944, 45.0848383], [16.6535578, 45.0848805], [16.6531228, 45.0848739], [16.6528078, 45.0848983], [16.6524628, 45.084915], [16.6521862, 45.0849139], [16.6520151, 45.0848211], [16.6516015, 45.0847361], [16.6514584, 45.0847067], [16.6506329, 45.0846122], [16.650664, 45.0844889], [16.6502451, 45.08446], [16.6500174, 45.0843522], [16.649904, 45.0842756], [16.6497652, 45.0841856], [16.6496885, 45.08409], [16.6496363, 45.0839934], [16.6495029, 45.0835656], [16.6491963, 45.0830967], [16.6488719, 45.0827478], [16.6486274, 45.0823979], [16.6484797, 45.082239], [16.6483897, 45.0821445], [16.6483585, 45.0820701], [16.6483285, 45.0819845], [16.6483097, 45.0819057], [16.6482841, 45.0817634], [16.6482474, 45.0816845], [16.6481941, 45.0816212], [16.648123, 45.0815557], [16.6479808, 45.0814734], [16.6478097, 45.0813801], [16.6477052, 45.0812979], [16.6475908, 45.0811835], [16.6474952, 45.081099], [16.6473597, 45.0810101], [16.647253, 45.080949], [16.6471797, 45.0808812], [16.647083, 45.080779], [16.6469619, 45.0806113], [16.646953, 45.0805146], [16.6469586, 45.0801879], [16.6474586, 45.0797391], [16.6473275, 45.0796124], [16.6472008, 45.0794035], [16.6470453, 45.0787502], [16.6474841, 45.0786291], [16.6475119, 45.0786547], [16.6475541, 45.0785713], [16.647343, 45.0783891], [16.6472253, 45.0783936], [16.6472164, 45.0784558], [16.6472075, 45.0785413], [16.6471753, 45.0785969], [16.6471275, 45.0786136], [16.647013, 45.0785724], [16.6469842, 45.0785113], [16.6469842, 45.0784425], [16.6469719, 45.0783936], [16.6469475, 45.0783569], [16.6469042, 45.0783258], [16.6468375, 45.0783547], [16.6467897, 45.0784058], [16.6467431, 45.0784425], [16.6466519, 45.078438], [16.6466219, 45.0783847], [16.6466486, 45.078328], [16.6466953, 45.0783113], [16.6467419, 45.0783191], [16.6467942, 45.0783136], [16.6468197, 45.0782747], [16.6467664, 45.0781469], [16.6466753, 45.0781291], [16.6464897, 45.0781902], [16.6464608, 45.0782258], [16.6464842, 45.0782402], [16.6465175, 45.0782336], [16.6465364, 45.0782258], [16.6465708, 45.0782313], [16.6465775, 45.0782547], [16.6465675, 45.0782825], [16.6465419, 45.0783091], [16.6464986, 45.078328], [16.6464353, 45.0783258], [16.6463586, 45.0783147], [16.6462964, 45.0782825], [16.6462575, 45.0782436], [16.646212, 45.078218], [16.6461331, 45.0782213], [16.6460586, 45.0782413], [16.646032, 45.0782747], [16.6460186, 45.0783269], [16.6460164, 45.078358], [16.6459864, 45.078388], [16.6459353, 45.0784025], [16.6458753, 45.0783802], [16.645832, 45.0783291], [16.6457853, 45.0782836], [16.6457442, 45.0782702], [16.6456898, 45.0782747], [16.6456553, 45.0783069], [16.6456442, 45.0783358], [16.6456209, 45.0783725], [16.645592, 45.078388], [16.6454664, 45.0783813], [16.6454031, 45.0783836], [16.6453553, 45.0783991], [16.6453298, 45.0784269], [16.6453253, 45.0784458], [16.6453109, 45.0784791], [16.6453009, 45.0784913], [16.6452564, 45.0785036], [16.6452187, 45.0784913], [16.6451931, 45.0784836], [16.6451709, 45.078488], [16.645152, 45.078508], [16.6451409, 45.0785291], [16.6451309, 45.0785447], [16.6451064, 45.078558], [16.6450676, 45.0785591], [16.6449587, 45.0785302], [16.6449087, 45.0785336], [16.6448731, 45.0785591], [16.644852, 45.0785902], [16.6448053, 45.0786236], [16.6447631, 45.0786269], [16.6446742, 45.0786236], [16.6446176, 45.0786358], [16.6445465, 45.0786636], [16.6445187, 45.0786924], [16.6445104, 45.0787049], [16.6445371, 45.078741], [16.6445575, 45.0787465], [16.6445724, 45.0787607], [16.6445748, 45.078778], [16.6445599, 45.0788031], [16.6445386, 45.0788172], [16.6444852, 45.0788298], [16.6444562, 45.0788353], [16.6444404, 45.0788597], [16.6444294, 45.0788801], [16.6443996, 45.0788966], [16.6443862, 45.0789068], [16.6443894, 45.0789288], [16.6443996, 45.0789398], [16.6444145, 45.0789531], [16.6444169, 45.0789689], [16.6444098, 45.0789814], [16.6443894, 45.0789932], [16.6443689, 45.078994], [16.6443454, 45.0789822], [16.6443344, 45.0789791], [16.6443163, 45.0789861], [16.6443014, 45.0790019], [16.6443045, 45.0790199], [16.6443085, 45.0790309], [16.6443053, 45.0790435], [16.6442896, 45.0790545], [16.6442723, 45.0790608], [16.6442574, 45.0790631], [16.6442472, 45.0791032], [16.6442503, 45.0791433], [16.6442668, 45.0791668], [16.6442574, 45.0791936], [16.6440696, 45.0790985], [16.6439773, 45.0790596], [16.6439702, 45.0790419], [16.6439388, 45.0790177], [16.6439146, 45.0790116], [16.6438674, 45.0790167], [16.6438475, 45.0790096], [16.6438218, 45.0789975], [16.6437889, 45.0789612], [16.6437661, 45.0789179], [16.643719, 45.0788544], [16.643689, 45.0788423], [16.6436662, 45.0788413], [16.6436333, 45.0788494], [16.6435977, 45.0788473], [16.6435748, 45.0788393], [16.6435434, 45.0788252], [16.643512, 45.0788191], [16.6434806, 45.0788211], [16.6434521, 45.0788232], [16.6434264, 45.0788191], [16.6433907, 45.0787919], [16.6433122, 45.0786992], [16.643261, 45.0786392], [16.643256, 45.0786107], [16.6432641, 45.0785807], [16.6432741, 45.078565], [16.6432994, 45.0785472], [16.6433256, 45.0785344], [16.643362, 45.0785194], [16.6433832, 45.0785066], [16.6434003, 45.0784745], [16.6434356, 45.0784161], [16.6434538, 45.0783904], [16.6434649, 45.0783626], [16.643474, 45.0783434], [16.6435013, 45.0783277], [16.6435265, 45.0783227], [16.6435459, 45.0783322], [16.6435573, 45.0783544], [16.6435602, 45.0783806], [16.6435859, 45.0784027], [16.643623, 45.0784007], [16.6436601, 45.0783806], [16.6436801, 45.0783503], [16.6437029, 45.0782999], [16.6437286, 45.0782576], [16.6438029, 45.078187], [16.6438657, 45.0781507], [16.6439456, 45.0781024], [16.6439941, 45.07806], [16.6440255, 45.0780036], [16.644037, 45.077927], [16.644017, 45.0778564], [16.6439799, 45.077806], [16.6439399, 45.0777939], [16.6438942, 45.0777919], [16.6438485, 45.077798], [16.6437914, 45.0778181], [16.6437429, 45.0778463], [16.6437001, 45.0778806], [16.6436344, 45.0779068], [16.6435916, 45.0779169], [16.6435202, 45.0779189], [16.6434517, 45.0779068], [16.6434117, 45.0778907], [16.6433946, 45.0778645], [16.6434003, 45.0778201], [16.6434317, 45.0777919], [16.6434574, 45.0777657], [16.643486, 45.0777213], [16.6435031, 45.077681], [16.6435402, 45.0776447], [16.6435687, 45.0776205], [16.6435716, 45.0775863], [16.6435373, 45.0775681], [16.6435059, 45.07755], [16.6435059, 45.0774915], [16.6435145, 45.0774431], [16.6435545, 45.0773887], [16.643603, 45.0773625], [16.6436715, 45.0773544], [16.6437315, 45.0773484], [16.6437971, 45.0773222], [16.6438257, 45.0772698], [16.6438314, 45.0772113], [16.6438257, 45.0770621], [16.6438, 45.0770036], [16.6437572, 45.0769835], [16.6437058, 45.0769734], [16.6436173, 45.0769432], [16.6435716, 45.0769089], [16.6435145, 45.0768424], [16.6435088, 45.0768101], [16.6435288, 45.0767819], [16.6435716, 45.0767617], [16.6436344, 45.0767416], [16.6436744, 45.0767275], [16.6437058, 45.0767012], [16.6437115, 45.076667], [16.6437001, 45.0766347], [16.6436801, 45.0765984], [16.6436658, 45.0765561], [16.6436744, 45.0764875], [16.6437172, 45.076423], [16.6437657, 45.0763988], [16.6438428, 45.0763908], [16.643917, 45.0763888], [16.643977, 45.0763746], [16.6440398, 45.0763424], [16.6440969, 45.076292], [16.644154, 45.0762416], [16.6442225, 45.0761851], [16.6442853, 45.0761126], [16.6443253, 45.0760622], [16.6443481, 45.0759896], [16.6443596, 45.0759009], [16.6443167, 45.0757396], [16.6442882, 45.0757093], [16.6442254, 45.0756892], [16.6441626, 45.0756892], [16.6441226, 45.0756932], [16.6440798, 45.0757073], [16.6440141, 45.0757093], [16.6439485, 45.0756912], [16.6439113, 45.0756348], [16.6438742, 45.0755783], [16.6438628, 45.0755178], [16.6437772, 45.0754231], [16.6437086, 45.0753827], [16.6436373, 45.0753747], [16.6436002, 45.0753888], [16.6435545, 45.0753969], [16.6434888, 45.0753686], [16.6434831, 45.0753162], [16.6435316, 45.0752799], [16.6435916, 45.0752315], [16.6436144, 45.0751751], [16.6436658, 45.0750602], [16.6437086, 45.0750198], [16.6437743, 45.0749896], [16.6438542, 45.0749432], [16.6438885, 45.0748868], [16.6438914, 45.0748283], [16.6438462, 45.0746487], [16.6436352, 45.0747692], [16.643488, 45.0745142], [16.6434888, 45.0744755], [16.6435288, 45.0744332], [16.6436173, 45.0743807], [16.6436772, 45.0743445], [16.6436858, 45.074284], [16.643603, 45.0742578], [16.6434374, 45.0743182], [16.6434003, 45.0743203], [16.6433632, 45.0742961], [16.6433489, 45.0742195], [16.6433632, 45.074157], [16.643406, 45.0741025], [16.6434603, 45.0740461], [16.6434974, 45.0739735], [16.6435059, 45.0738384], [16.6435145, 45.073784], [16.6435059, 45.0737477], [16.6434831, 45.0737235], [16.6434317, 45.0737154], [16.6433632, 45.0737295], [16.6433261, 45.0737658], [16.6432947, 45.0738021], [16.643249, 45.0738243], [16.6431748, 45.0738223], [16.6430977, 45.0738021], [16.643032, 45.073782], [16.6429806, 45.0737356], [16.6429521, 45.0737013], [16.6429435, 45.0736751], [16.6429635, 45.0736287], [16.6429892, 45.0735864], [16.6430177, 45.07354], [16.6430292, 45.0734735], [16.6430177, 45.0734473], [16.6429806, 45.0734009], [16.6429635, 45.0733666], [16.6429749, 45.0733263], [16.6430063, 45.0732961], [16.6431291, 45.073284], [16.643229, 45.073294], [16.643309, 45.0733182], [16.6433832, 45.0733384], [16.6434974, 45.0733485], [16.6435773, 45.0733445], [16.6436401, 45.0733122], [16.643663, 45.0732678], [16.643643, 45.0732215], [16.6435773, 45.0731852], [16.6435059, 45.0731348], [16.6434802, 45.0730803], [16.6435002, 45.0730239], [16.6435545, 45.0729997], [16.6436349, 45.0729903], [16.6436361, 45.0729288], [16.6434882, 45.0728925], [16.6432482, 45.0729434], [16.6430988, 45.0728651], [16.6430443, 45.0727587], [16.6430049, 45.0725657], [16.6428786, 45.0725379], [16.6428757, 45.0723792], [16.6430324, 45.072382], [16.6432093, 45.07236], [16.6433016, 45.0723938], [16.6433689, 45.0723827], [16.6433832, 45.0723223], [16.6433489, 45.0722819], [16.6432147, 45.0722557], [16.6431548, 45.0722517], [16.643112, 45.0722315], [16.6430863, 45.0721932], [16.6430834, 45.0721509], [16.6431234, 45.0721005], [16.6431948, 45.0720602], [16.6432519, 45.07204], [16.6433061, 45.0720198], [16.6433432, 45.0719956], [16.6433746, 45.0719634], [16.6433775, 45.071913], [16.6433404, 45.0718505], [16.6432947, 45.0718021], [16.6431976, 45.0716952], [16.6431748, 45.071673], [16.6431833, 45.0716287], [16.6432262, 45.0715803], [16.643269, 45.071548], [16.6433004, 45.0715097], [16.6433404, 45.0714412], [16.6433603, 45.0713726], [16.6433718, 45.0713182], [16.6433603, 45.0712597], [16.6433601, 45.0712586], [16.6433489, 45.0712033], [16.6433546, 45.071175], [16.6433832, 45.0711428], [16.6434174, 45.0711125], [16.643426, 45.0710823], [16.6434565, 45.0710496], [16.6434755, 45.0710349], [16.6434919, 45.0710128], [16.6434956, 45.070992], [16.6434796, 45.0709769], [16.6434329, 45.0709804], [16.6433364, 45.0710143], [16.6432962, 45.071008], [16.6432129, 45.0709614], [16.6431939, 45.0709387], [16.6431958, 45.0708782], [16.6431899, 45.070833], [16.6425846, 45.0708253], [16.642519, 45.0708097], [16.6424934, 45.0707953], [16.6424734, 45.0707697], [16.6424657, 45.0707453], [16.6424646, 45.0707153], [16.6419712, 45.0707097], [16.6417579, 45.0707297], [16.6417335, 45.0706497], [16.6416846, 45.070612], [16.6416001, 45.0706031], [16.6415379, 45.070622], [16.6414802, 45.070652], [16.6414213, 45.0706742], [16.6413402, 45.0706609], [16.6412757, 45.0706509], [16.6412057, 45.0706764], [16.6411424, 45.0707075], [16.6410668, 45.0707309], [16.6410024, 45.0707309], [16.6409168, 45.0707275], [16.6408546, 45.0707486], [16.6407657, 45.0707809], [16.6407091, 45.0707897], [16.6406513, 45.0707853], [16.6405757, 45.0708053], [16.640488, 45.0708897], [16.6404135, 45.0709175], [16.640338, 45.0709242], [16.640238, 45.0708875], [16.640188, 45.0708986], [16.6401469, 45.0709253], [16.6401169, 45.071012], [16.6400991, 45.0710753], [16.6393102, 45.0713231], [16.6387703, 45.0714619], [16.6380447, 45.0716208], [16.6376559, 45.0716875], [16.6372103, 45.0716908], [16.6369759, 45.071683], [16.6366714, 45.0715875], [16.6360981, 45.0713375], [16.6356337, 45.0711464], [16.6354504, 45.071012], [16.6351859, 45.0710042], [16.6347004, 45.0708197], [16.6344726, 45.0713053], [16.634446, 45.0714619], [16.6342515, 45.0717119], [16.6340827, 45.0719741], [16.6339982, 45.072213], [16.6328751, 45.0734371], [16.6327667, 45.0735785], [16.6326536, 45.0736602], [16.6325844, 45.0737042], [16.6324901, 45.0737529], [16.6323566, 45.0738079], [16.6321837, 45.0738551], [16.6317343, 45.0740389], [16.6313352, 45.0741992], [16.6312221, 45.074295], [16.6311593, 45.07435], [16.6309285, 45.0744903], [16.6307007, 45.074657], [16.6305363, 45.074747], [16.6298707, 45.0751425], [16.629423, 45.0755525], [16.6293352, 45.0755236], [16.6293063, 45.0756402], [16.6291263, 45.0755947], [16.6285997, 45.0757402], [16.6284997, 45.0758325], [16.6285108, 45.0758702], [16.6285452, 45.0758902], [16.6286086, 45.0759047], [16.6286441, 45.0759236], [16.6286563, 45.0759536], [16.6286541, 45.0760013], [16.6286419, 45.0760391], [16.6286052, 45.076078], [16.628553, 45.076108], [16.6285063, 45.0761291], [16.6284941, 45.0761569], [16.6285063, 45.0761958], [16.6285386, 45.0762169], [16.6286008, 45.0762247], [16.6286363, 45.0762291], [16.6286752, 45.076248], [16.6287008, 45.0762991], [16.6286963, 45.0763424], [16.6286819, 45.0763658], [16.628643, 45.0763902], [16.6285952, 45.0764024], [16.6285441, 45.0764102], [16.6284886, 45.0764258], [16.6284552, 45.0764436], [16.6284175, 45.0764724], [16.6283864, 45.0765347], [16.6283808, 45.0765724], [16.6284052, 45.0765958], [16.6284486, 45.0766058], [16.6285019, 45.0765735], [16.6285241, 45.0765369], [16.6285497, 45.0765036], [16.6286219, 45.0764947], [16.6287063, 45.0765258], [16.6287319, 45.0765758], [16.6287241, 45.0766435], [16.6286986, 45.076688], [16.6286697, 45.0767135], [16.6286163, 45.0767402], [16.6285463, 45.0767558], [16.6284886, 45.0767735], [16.6284475, 45.0767991], [16.6284197, 45.0768546], [16.6284241, 45.0768835], [16.6284808, 45.0769358], [16.6285563, 45.076968], [16.6285997, 45.0769702], [16.6286619, 45.0769646], [16.6287319, 45.0769813], [16.628783, 45.0770158], [16.6288097, 45.0770713], [16.6288019, 45.0771091], [16.6287463, 45.0771657], [16.6286941, 45.0771969], [16.628673, 45.0772469], [16.6286852, 45.0772813], [16.6287319, 45.0773124], [16.6287541, 45.0773146], [16.6288352, 45.0772991], [16.6289208, 45.0773313], [16.6289463, 45.0773824], [16.6289797, 45.0774068], [16.6290274, 45.077398], [16.629073, 45.0773602], [16.6291297, 45.077338], [16.6291985, 45.0773835], [16.6292019, 45.0774335], [16.6291763, 45.0774913], [16.6291652, 45.0775368], [16.6291874, 45.0775768], [16.6292008, 45.0775857], [16.6292785, 45.0776013], [16.6293296, 45.0775991], [16.6293563, 45.0776446], [16.629353, 45.0776713], [16.629373, 45.0776979], [16.6293952, 45.0777024], [16.6294363, 45.0777068], [16.629463, 45.0777357], [16.6294641, 45.0777657], [16.6294385, 45.0777991], [16.6293796, 45.0778202], [16.6293485, 45.0778335], [16.6293274, 45.0778746], [16.629333, 45.0778991], [16.6293663, 45.0779246], [16.6294374, 45.0779713], [16.629423, 45.0780268], [16.6294052, 45.0780568], [16.6293552, 45.0780724], [16.6292974, 45.0780824], [16.6292585, 45.0781113], [16.6292552, 45.0781624], [16.6292697, 45.0782024], [16.6292808, 45.0782313], [16.6292719, 45.0782468], [16.629253, 45.0782601], [16.6292141, 45.0782457], [16.6291908, 45.0782446], [16.6291885, 45.078269], [16.6291963, 45.0782857], [16.6292297, 45.0783024], [16.6292785, 45.0783168], [16.6292897, 45.0783568], [16.6292908, 45.0783824], [16.6293085, 45.0784179], [16.629333, 45.0784379], [16.6293841, 45.0784579], [16.6294285, 45.0784868], [16.6294474, 45.0785213], [16.6294508, 45.0785524], [16.6294419, 45.0785746], [16.6294208, 45.0785879], [16.6293796, 45.078619], [16.629363, 45.0786524], [16.6293596, 45.0786812], [16.6293641, 45.0787101], [16.629383, 45.0787424], [16.6294785, 45.0788135], [16.6295274, 45.0788879], [16.6295319, 45.0789257], [16.6295341, 45.0789657], [16.629553, 45.0790079], [16.6295885, 45.0790423], [16.6296196, 45.0790579], [16.6296652, 45.079079], [16.6297207, 45.0791457], [16.6297419, 45.0791779], [16.6298085, 45.0793279], [16.6298107, 45.0793779], [16.6297985, 45.0794223], [16.6297807, 45.0794479], [16.6297841, 45.0794834], [16.6298096, 45.0795168], [16.6298407, 45.0795345], [16.6298563, 45.0795912], [16.6299041, 45.0796101], [16.6299341, 45.0796668], [16.629853, 45.0796745], [16.6298507, 45.0797201], [16.6297252, 45.0797001], [16.629693, 45.0796145], [16.6295396, 45.079669], [16.629183, 45.079619], [16.6287386, 45.0799379], [16.6285475, 45.0799823], [16.6284419, 45.0800134], [16.6283719, 45.0800034], [16.6282364, 45.0799834], [16.6279297, 45.0800512], [16.6279575, 45.0801212], [16.6276553, 45.0802045], [16.6276253, 45.0801367], [16.6269731, 45.0803167], [16.6269442, 45.0802445], [16.6266198, 45.0805178], [16.626632, 45.080569], [16.6264464, 45.0806567], [16.6263964, 45.0807601], [16.626082, 45.0808578], [16.6259731, 45.0809423], [16.6259064, 45.0810812], [16.6257342, 45.0811456], [16.6255898, 45.0812078], [16.6254587, 45.0812534], [16.6253109, 45.0812589], [16.6252287, 45.0812534], [16.6251365, 45.0812634], [16.625082, 45.0813], [16.6249854, 45.0813123], [16.6249165, 45.0813145], [16.6245943, 45.0812967], [16.6243932, 45.0812634], [16.6242421, 45.0812234], [16.6240576, 45.0811711], [16.6238076, 45.0810712], [16.6235621, 45.0809523], [16.6233732, 45.0809034], [16.6232188, 45.0808912], [16.6230332, 45.0808856], [16.6229066, 45.0808889], [16.6228077, 45.0808834], [16.6227021, 45.0808578], [16.6226277, 45.0808278], [16.621951, 45.0811278], [16.621801, 45.0809912], [16.6217333, 45.0808178], [16.6216977, 45.0806678], [16.6216833, 45.0804912], [16.6216499, 45.0803156], [16.6212666, 45.0804223], [16.6211755, 45.0804134], [16.6210322, 45.0810278], [16.6210089, 45.0810712], [16.6209433, 45.0811578], [16.6208411, 45.0812234], [16.6206755, 45.0812989], [16.6205467, 45.0813478], [16.6203167, 45.0814356], [16.6200544, 45.0815389], [16.6199011, 45.0815945], [16.6197311, 45.08163], [16.61965, 45.0816289], [16.6195334, 45.0816556], [16.6194378, 45.0816867], [16.6192756, 45.0817467], [16.6190945, 45.08179], [16.6186845, 45.0818289], [16.6180534, 45.0818633], [16.6174423, 45.0820211], [16.616829, 45.0821989], [16.6166624, 45.0822767], [16.6164735, 45.08239], [16.6163446, 45.0824922], [16.6162024, 45.0825855], [16.6160135, 45.08269], [16.6158468, 45.0827189], [16.6157091, 45.0827211], [16.6151691, 45.0825944], [16.6149446, 45.0824611], [16.6148046, 45.08235], [16.6144202, 45.0823522], [16.6139802, 45.0824211], [16.6137958, 45.0825633], [16.6136358, 45.0826522], [16.6133847, 45.0827278], [16.6132536, 45.0827411], [16.6129869, 45.0828189], [16.6128336, 45.0828922], [16.6127758, 45.0829366], [16.6126647, 45.08305], [16.6125803, 45.0830989], [16.6125025, 45.0831189], [16.6123958, 45.0831233], [16.6123025, 45.08311], [16.6122381, 45.0830966], [16.6121036, 45.0830389], [16.6119698, 45.0829808], [16.6119556, 45.0829613], [16.6117049, 45.082681], [16.6114273, 45.0824428], [16.6111228, 45.0822172], [16.6109373, 45.0820769], [16.6108182, 45.081965], [16.6107224, 45.0817903], [16.6107009, 45.0815602], [16.6107125, 45.0812593], [16.6107439, 45.0809835], [16.6107331, 45.0806763], [16.6106749, 45.0803915], [16.6105871, 45.0800772], [16.6105119, 45.080096], [16.6103131, 45.0791727], [16.6102612, 45.0789784], [16.6101376, 45.0787384], [16.6099854, 45.0786157], [16.6095895, 45.0783811], [16.6094439, 45.0782519], [16.6087511, 45.0780214], [16.6085156, 45.0778188], [16.6080647, 45.077568], [16.6079989, 45.077475], [16.6078772, 45.0774339], [16.60742, 45.0772029], [16.6070836, 45.0770059], [16.6068018, 45.0768362], [16.6065998, 45.0766772], [16.606494, 45.0765658], [16.6064339, 45.076474], [16.6064073, 45.0763555], [16.606394, 45.0762264], [16.6064035, 45.0760649], [16.6064421, 45.0757325], [16.606444, 45.0756166], [16.606432, 45.0754671], [16.6064187, 45.075369], [16.6063699, 45.0752708], [16.6063034, 45.0751746], [16.6061129, 45.0750463], [16.6058111, 45.0749093], [16.6056382, 45.074818], [16.6055335, 45.0747302], [16.6054502, 45.0746317], [16.605203, 45.074329], [16.6050732, 45.0741687], [16.6049559, 45.0740595], [16.6047526, 45.0738777], [16.6045766, 45.0737469], [16.6040196, 45.0736883], [16.60333, 45.0735181], [16.6028778, 45.0733435], [16.6027883, 45.0732432], [16.6026553, 45.0730901], [16.6024833, 45.0731196], [16.6023763, 45.073129], [16.6022604, 45.0731187], [16.6020315, 45.0731047], [16.6017427, 45.0730749], [16.6013685, 45.0730679], [16.6010709, 45.0730502], [16.6008948, 45.0730223], [16.6007625, 45.0729869], [16.6004421, 45.072848], [16.5999305, 45.0725846], [16.5993775, 45.0722902], [16.5992324, 45.0722159], [16.5991179, 45.0721705], [16.599028, 45.0721398], [16.5989356, 45.072118], [16.5988447, 45.0721034], [16.5987029, 45.0720844], [16.5985955, 45.0720724], [16.5984907, 45.0720667], [16.598347, 45.0720676], [16.5982381, 45.0720813], [16.5981694, 45.0721034], [16.597889, 45.0715156], [16.5979841, 45.0714237], [16.5974349, 45.0706115], [16.597597, 45.0704711], [16.5976306, 45.0703713], [16.597612, 45.070314], [16.5975873, 45.0702751], [16.5975917, 45.0702248], [16.5976129, 45.0701709], [16.5976173, 45.0701127], [16.5976314, 45.0700818], [16.5975758, 45.0700368], [16.5975264, 45.0700165], [16.5975008, 45.0699776], [16.5974646, 45.0698796], [16.5973639, 45.0698381], [16.597288, 45.0698628], [16.5972465, 45.0698999], [16.5971856, 45.0699705], [16.5971326, 45.0699847], [16.5970779, 45.0699767], [16.5970585, 45.0699644], [16.596987, 45.0699079], [16.5969119, 45.0698876], [16.5968616, 45.0699035], [16.5967495, 45.0699785], [16.5966824, 45.0700023], [16.5966233, 45.0699803], [16.5966082, 45.0699291], [16.5965968, 45.069884], [16.5965147, 45.0698602], [16.5964467, 45.0698673], [16.5963893, 45.0698796], [16.5963355, 45.0698902], [16.5962993, 45.0698814], [16.5962825, 45.0698531], [16.5962834, 45.0697869], [16.5962428, 45.0697075], [16.5961271, 45.0696942], [16.5960582, 45.0697101], [16.5959011, 45.0697278], [16.5958552, 45.069749], [16.5957943, 45.0697922], [16.5957131, 45.0698002], [16.5956901, 45.0697454], [16.5953131, 45.0694002], [16.5949341, 45.069357], [16.5945009, 45.0691647], [16.5943461, 45.0691472], [16.5936806, 45.06891], [16.5936207, 45.0685979], [16.5935046, 45.0682471], [16.5937693, 45.0681422], [16.5937643, 45.0676216], [16.5937019, 45.0675541], [16.5940102, 45.0672458], [16.5944572, 45.0667514], [16.5946183, 45.0665179], [16.5946045, 45.0661683], [16.5945346, 45.066016], [16.5944734, 45.0658949], [16.5944709, 45.0657238], [16.5944909, 45.0655053], [16.5944073, 45.0654629], [16.594381, 45.0653693], [16.5943661, 45.0652731], [16.5944048, 45.0651395], [16.5944922, 45.0650022], [16.5945733, 45.0649048], [16.5946382, 45.0648511], [16.5947019, 45.0647999], [16.5947718, 45.0647188], [16.5948492, 45.0646114], [16.5950103, 45.0643517], [16.5951127, 45.0642131], [16.5951576, 45.0640671], [16.5951701, 45.0639247], [16.5951476, 45.0637437], [16.5951152, 45.0636488], [16.5950552, 45.0634278], [16.5949379, 45.0630782], [16.594858, 45.0628073], [16.5947856, 45.0625451], [16.5947344, 45.0623579], [16.5947057, 45.0622892], [16.5946794, 45.0622305], [16.5946682, 45.0621606], [16.5946719, 45.0620969], [16.5946932, 45.0620208], [16.5947294, 45.0619221], [16.5948355, 45.0617361], [16.5948967, 45.0615963], [16.5949167, 45.0615051], [16.5949304, 45.0614202], [16.5949366, 45.0613179], [16.5949616, 45.0612205], [16.5950502, 45.0610644], [16.5951601, 45.0608696], [16.595265, 45.0607685], [16.5953524, 45.0606536], [16.5954061, 45.0605687], [16.5954635, 45.0604764], [16.5954785, 45.0603977], [16.5954785, 45.0603215], [16.5954685, 45.0602379], [16.5954273, 45.060123], [16.5953911, 45.0599982], [16.5953337, 45.059907], [16.5952787, 45.059726], [16.5952413, 45.0595325], [16.5952562, 45.0594076], [16.5952338, 45.0592803], [16.5951838, 45.0591779], [16.5950353, 45.0589856], [16.5948767, 45.0588708], [16.5946894, 45.0587559], [16.5945034, 45.0586598], [16.5942375, 45.0585412], [16.5939928, 45.05845], [16.593823, 45.0583814], [16.5937181, 45.0583164], [16.5936045, 45.0582203], [16.5935121, 45.0581029], [16.5934447, 45.0580018], [16.5933685, 45.0578433], [16.5933286, 45.0577246], [16.5932849, 45.0575985], [16.5932711, 45.0574612], [16.5932511, 45.0573251], [16.5932312, 45.0571778], [16.5933111, 45.0571603], [16.5932049, 45.0566122], [16.5930639, 45.0565548], [16.5930102, 45.0564449], [16.5929815, 45.0563937], [16.5929303, 45.0562551], [16.5927842, 45.0561628], [16.5925295, 45.055576], [16.5922898, 45.0552351], [16.5921088, 45.0549217], [16.5919377, 45.0545497], [16.5918381, 45.0543342], [16.5917454, 45.0541602], [16.5915719, 45.0539292], [16.5912635, 45.0535883], [16.5908553, 45.0531663], [16.5906655, 45.0529429], [16.5904944, 45.0527256], [16.5903708, 45.0524984], [16.5902607, 45.052346], [16.5899852, 45.0519982], [16.5896798, 45.0516168], [16.5893708, 45.0513025], [16.5890759, 45.0510536], [16.5886186, 45.0506881], [16.5883343, 45.0505044], [16.5879741, 45.0502184], [16.5877517, 45.0500719], [16.5875839, 45.0499641], [16.5875009, 45.0498776], [16.5874462, 45.0497911], [16.5873968, 45.0496922], [16.5872679, 45.0494133], [16.5871849, 45.048993], [16.5870737, 45.0484121], [16.5869804, 45.0484236], [16.5868935, 45.0480109], [16.5867664, 45.0476331], [16.5865951, 45.0472005], [16.5864521, 45.0467679], [16.5862843, 45.0465119], [16.5861484, 45.0463336], [16.5860813, 45.0462047], [16.5860054, 45.046021], [16.5859842, 45.0459222], [16.5859683, 45.045788], [16.58594, 45.0456732], [16.5859136, 45.0455196], [16.5858694, 45.045373], [16.5858059, 45.0452194], [16.5857494, 45.0450146], [16.5857317, 45.0447462], [16.5857529, 45.0445255], [16.5857688, 45.0443101], [16.5857776, 45.0441141], [16.5857829, 45.0438828], [16.5857723, 45.0436374], [16.5857494, 45.0434485], [16.5857211, 45.0432825], [16.5857123, 45.0431218], [16.5857229, 45.0429947], [16.5857335, 45.0428376], [16.5857211, 45.0427228], [16.5857017, 45.0426186], [16.5856911, 45.0425003], [16.5856416, 45.0423573], [16.5855728, 45.0422108], [16.585481, 45.0420801], [16.5854386, 45.042013], [16.5853839, 45.0418717], [16.5853662, 45.0417711], [16.5853503, 45.0416634], [16.5853168, 45.0415486], [16.5852673, 45.0414639], [16.5851155, 45.0412785], [16.585006, 45.0411443], [16.5849319, 45.0410154], [16.5848842, 45.0409289], [16.5848083, 45.0407488], [16.5847747, 45.0406411], [16.5847429, 45.0405546], [16.5846741, 45.0404681], [16.5845875, 45.0404239], [16.5844622, 45.0403197], [16.5843033, 45.0401979], [16.5840667, 45.0399437], [16.5840155, 45.0398854], [16.5837083, 45.0396806], [16.5835511, 45.0395446], [16.5834116, 45.0393963], [16.5833604, 45.039308], [16.583205, 45.0390255], [16.5831238, 45.0388472], [16.5829684, 45.0386865], [16.5828113, 45.0385876], [16.5826595, 45.0384411], [16.5825588, 45.0383245], [16.5825465, 45.038238], [16.5825005, 45.0381356], [16.5823981, 45.0380844], [16.5822993, 45.0380862], [16.5821386, 45.0381127], [16.5820609, 45.0380915], [16.5819603, 45.0379131], [16.5819585, 45.0378284], [16.5819497, 45.0377225], [16.5818596, 45.0377083], [16.5817731, 45.0376748], [16.5817431, 45.0375847], [16.5817413, 45.0374541], [16.581706, 45.0373711], [16.5816354, 45.0373164], [16.5815559, 45.0372687], [16.5814553, 45.0371945], [16.58142, 45.0371257], [16.5813705, 45.0370286], [16.5813688, 45.0369888], [16.5813785, 45.036882], [16.5813423, 45.0367805], [16.5812902, 45.0367098], [16.5812399, 45.0366754], [16.5811913, 45.0366754], [16.5811428, 45.0366922], [16.581088, 45.0366895], [16.5809909, 45.0366737], [16.5808611, 45.0366136], [16.5807993, 45.0365898], [16.5807287, 45.0365712], [16.5806916, 45.0365677], [16.5806078, 45.0366013], [16.5804877, 45.0366154], [16.5804444, 45.0365854], [16.5804444, 45.0365298], [16.5805018, 45.0364733], [16.580636, 45.0364044], [16.5806969, 45.0363867], [16.580749, 45.0363143], [16.5807543, 45.0362305], [16.5806872, 45.0361413], [16.5806272, 45.0361095], [16.5805883, 45.0360477], [16.5806042, 45.0359921], [16.5806139, 45.0359197], [16.5805769, 45.0358632], [16.5805071, 45.0358261], [16.5804285, 45.0357873], [16.5804021, 45.0357476], [16.5803915, 45.035699], [16.580418, 45.035616], [16.5804603, 45.0355684], [16.5805204, 45.0355286], [16.5805257, 45.0354854], [16.5804895, 45.0354333], [16.5804188, 45.0354174], [16.5803191, 45.0354183], [16.5802546, 45.0354156], [16.580146, 45.035413], [16.580048, 45.0354033], [16.5799933, 45.0353741], [16.5799642, 45.0353106], [16.5799871, 45.0352444], [16.5800498, 45.0352046], [16.5801063, 45.0352126], [16.5801496, 45.0352161], [16.5802025, 45.0351834], [16.5802167, 45.0351287], [16.5802087, 45.0350687], [16.5801434, 45.0349875], [16.5800586, 45.0349433], [16.5799712, 45.0349442], [16.579898, 45.0349689], [16.5798318, 45.0349954], [16.5797655, 45.0350201], [16.5797073, 45.0350281], [16.5796243, 45.035021], [16.5795572, 45.0349901], [16.5795078, 45.034938], [16.5794919, 45.0348762], [16.5794327, 45.03481], [16.5793497, 45.0347632], [16.579325, 45.0347049], [16.579385, 45.0346599], [16.5794468, 45.0346281], [16.5794654, 45.0345813], [16.5794671, 45.0345187], [16.5793948, 45.0344904], [16.5792915, 45.0345037], [16.5792147, 45.034531], [16.5791626, 45.0345557], [16.5790884, 45.0345734], [16.5790054, 45.0345681], [16.5789719, 45.0345354], [16.5789666, 45.034501], [16.5789622, 45.0344657], [16.5789374, 45.0344233], [16.5788518, 45.0343695], [16.5787644, 45.0343695], [16.5787167, 45.0344004], [16.5786903, 45.0344613], [16.5786691, 45.0345125], [16.5786214, 45.0345372], [16.5785631, 45.0345496], [16.5784951, 45.0345425], [16.5784501, 45.034509], [16.578436, 45.034456], [16.578459, 45.0344021], [16.5784828, 45.0343695], [16.578474, 45.0343015], [16.5784245, 45.0342618], [16.5783354, 45.0341938], [16.5782294, 45.0341549], [16.57824, 45.0340878], [16.5782718, 45.0340596], [16.5782736, 45.0340261], [16.57824, 45.0339775], [16.5781279, 45.0339245], [16.5780979, 45.0339342], [16.5780696, 45.0339643], [16.5780467, 45.0340128], [16.5779911, 45.0340596], [16.5779134, 45.0340773], [16.5778533, 45.0340684], [16.577728, 45.0340675], [16.5776079, 45.0341029], [16.5774878, 45.0341461], [16.5774084, 45.0341929], [16.5773484, 45.0342291], [16.5772945, 45.0342662], [16.5772371, 45.0342732], [16.577185, 45.0342538], [16.5771656, 45.034222], [16.5771621, 45.034177], [16.5771321, 45.034132], [16.5770623, 45.0341135], [16.5770067, 45.0341046], [16.5769246, 45.034087], [16.5768434, 45.0340569], [16.5767754, 45.0340057], [16.5767207, 45.0339581], [16.576673, 45.0338583], [16.5766077, 45.0338142], [16.5765812, 45.033763], [16.5765741, 45.0337171], [16.5765655, 45.0336771], [16.5765715, 45.0335979], [16.5765335, 45.0335599], [16.5765114, 45.0335017], [16.576492, 45.0332686], [16.5765118, 45.0331686], [16.5765517, 45.0329875], [16.5767538, 45.0325317], [16.5765911, 45.0324556], [16.5763612, 45.0323876], [16.5762296, 45.0323837], [16.5759944, 45.0324575], [16.5758324, 45.0324749], [16.5757538, 45.0323694], [16.5757416, 45.0323153], [16.5757311, 45.0322742], [16.5757254, 45.0322431], [16.5756603, 45.0321212], [16.575616, 45.0319732], [16.5755298, 45.0319283], [16.5755872, 45.0318724], [16.5754886, 45.0318359], [16.5754355, 45.0317764], [16.5753845, 45.0317011], [16.5752712, 45.0317296], [16.5751844, 45.0317788], [16.5750507, 45.0317709], [16.5748751, 45.0317514], [16.5745897, 45.031735], [16.5744578, 45.0317214], [16.5743657, 45.0317065], [16.5742246, 45.0316532], [16.5741235, 45.0316466], [16.5740347, 45.0316749], [16.5740041, 45.0317281], [16.5740306, 45.0317728], [16.5740928, 45.0318217], [16.574164, 45.0318681], [16.5742359, 45.0319088], [16.5742712, 45.0319598], [16.5742513, 45.032001], [16.5742272, 45.0320204], [16.5742033, 45.0320286], [16.5741737, 45.0320349], [16.5741421, 45.03204], [16.5740634, 45.0320398], [16.5740042, 45.0320262], [16.5739541, 45.0319989], [16.5739096, 45.0319729], [16.5738654, 45.031937], [16.573794, 45.0318999], [16.5736855, 45.0318333], [16.5734704, 45.0317702], [16.5733144, 45.0316991], [16.572961, 45.0315168], [16.5728649, 45.0314381], [16.57278, 45.0313919], [16.5727013, 45.0313807], [16.5726364, 45.0314044], [16.5725877, 45.0314381], [16.5725203, 45.0314918], [16.5724129, 45.0315755], [16.5722818, 45.0316379], [16.5721957, 45.0316666], [16.5721046, 45.0316516], [16.5719722, 45.0316104], [16.5718798, 45.031568], [16.5717962, 45.0315293], [16.5716613, 45.031503], [16.5714728, 45.0315418], [16.5712943, 45.0316341], [16.5712156, 45.0316841], [16.571142, 45.0317041], [16.5710571, 45.0316978], [16.5709946, 45.0316703], [16.5709946, 45.0316229], [16.5710296, 45.031568], [16.5710521, 45.0315143], [16.5710646, 45.0313944], [16.5709472, 45.031312], [16.5709247, 45.0312484], [16.5708486, 45.0311822], [16.5707549, 45.0311572], [16.5706613, 45.0311522], [16.5705414, 45.0311834], [16.5703816, 45.0312434], [16.5702792, 45.0312896], [16.5701956, 45.0313095], [16.5701319, 45.0312883], [16.5700533, 45.0312421], [16.5698735, 45.0312059], [16.5695688, 45.0311959], [16.5694715, 45.0312371], [16.5693978, 45.0312696], [16.5693329, 45.0311922], [16.5692455, 45.031146], [16.5691281, 45.0311372], [16.568992, 45.031166], [16.5689134, 45.0312109], [16.568821, 45.0312546], [16.5687386, 45.0312608], [16.5686612, 45.0312346], [16.5686375, 45.0311884], [16.5686487, 45.0311472], [16.5686312, 45.0310748], [16.5686112, 45.0310149], [16.5684901, 45.0309275], [16.568364, 45.0308788], [16.5682392, 45.0308588], [16.5681306, 45.0308651], [16.5680469, 45.0308688], [16.5679645, 45.0308401], [16.5679295, 45.0307951], [16.5679233, 45.0307677], [16.5679121, 45.0307053], [16.5678584, 45.0306378], [16.567771, 45.0305929], [16.5676386, 45.0305679], [16.5675026, 45.0305754], [16.5674127, 45.0306016], [16.5672275, 45.0306658], [16.5670933, 45.0306835], [16.5670032, 45.0306747], [16.5668884, 45.0307029], [16.5667949, 45.0307506], [16.5667348, 45.0307859], [16.5665883, 45.0308442], [16.5665018, 45.0308371], [16.5664241, 45.0307877], [16.5663535, 45.0307011], [16.5663022, 45.0306429], [16.5662404, 45.0306146], [16.5661469, 45.0305617], [16.5661098, 45.0305105], [16.5660427, 45.0303869], [16.5658608, 45.0303127], [16.5657213, 45.030258], [16.565649, 45.0301767], [16.5655995, 45.0300973], [16.565483, 45.0300743], [16.5654212, 45.0299878], [16.5653594, 45.0299472], [16.5652323, 45.0299613], [16.5651016, 45.0299719], [16.5649992, 45.029949], [16.5649215, 45.0298942], [16.5648315, 45.0298731], [16.5647573, 45.0298695], [16.5646708, 45.029896], [16.5646037, 45.0299278], [16.5645384, 45.0299808], [16.5644501, 45.0300355], [16.5643865, 45.0300479], [16.5642823, 45.0300249], [16.5642046, 45.0299914], [16.5641658, 45.0299578], [16.564157, 45.0299048], [16.5641711, 45.0298607], [16.5642029, 45.0298095], [16.5642682, 45.0297459], [16.5642453, 45.0296206], [16.5640987, 45.0295605], [16.5639486, 45.0295305], [16.5638197, 45.029497], [16.5637632, 45.029414], [16.5637791, 45.0293398], [16.5638339, 45.029301], [16.5638533, 45.0292674], [16.5638568, 45.0291544], [16.5638127, 45.0290697], [16.5637562, 45.0289443], [16.5636079, 45.0288401], [16.5635178, 45.0287836], [16.563486, 45.0287042], [16.5635602, 45.0286318], [16.5636396, 45.0286283], [16.5632388, 45.0272016], [16.5625519, 45.0272189], [16.5624955, 45.0270286], [16.5624054, 45.0270427], [16.5623843, 45.0269456], [16.5623454, 45.0269544], [16.5622818, 45.0266437], [16.5625379, 45.026679], [16.5627904, 45.0267019], [16.5630252, 45.026679], [16.56323, 45.0266154], [16.5633042, 45.0265448], [16.5645437, 45.0264353], [16.5658008, 45.0259056], [16.5661998, 45.0258456], [16.5664929, 45.0258385], [16.5667613, 45.0258315], [16.567397, 45.0257008], [16.5676124, 45.0256831], [16.5677889, 45.0256266], [16.5679372, 45.0255348], [16.568022, 45.0254677], [16.5681421, 45.0254042], [16.5684069, 45.025323], [16.5686329, 45.0253018], [16.5687954, 45.0252841], [16.568979, 45.0252276], [16.5691238, 45.0251676], [16.5692474, 45.0251005], [16.5693498, 45.0250475], [16.5694769, 45.0249981], [16.5696994, 45.0249486], [16.5700278, 45.0248815], [16.5703174, 45.0247509], [16.5704233, 45.0247226], [16.5706564, 45.0247014], [16.5709141, 45.0246908], [16.5711331, 45.0246767], [16.5713873, 45.0246202], [16.571458, 45.0246132], [16.5717753, 45.0245801], [16.572005, 45.0244302], [16.5723021, 45.0244677], [16.5725818, 45.0244877], [16.5728265, 45.0244727], [16.5731736, 45.0243978], [16.5735032, 45.024243], [16.5738378, 45.0239733], [16.5740326, 45.023761], [16.5742148, 45.0234714], [16.5743821, 45.0231792], [16.5746119, 45.022932], [16.5746343, 45.0227672], [16.5746518, 45.0226099], [16.5746918, 45.0224851], [16.5748266, 45.0224202], [16.5749315, 45.0224102], [16.5750414, 45.0223602], [16.5751113, 45.0223103], [16.5751737, 45.0221804], [16.5752486, 45.0217609], [16.5752087, 45.0214888], [16.5752037, 45.0212665], [16.5751862, 45.0206348], [16.5751487, 45.0204225], [16.5751937, 45.0202278], [16.5753785, 45.0198657], [16.575753, 45.0193863], [16.5764272, 45.0185997], [16.5772987, 45.0172513], [16.5783199, 45.0155109], [16.579079, 45.0140077], [16.5793387, 45.0136681], [16.5797782, 45.0132636], [16.5814612, 45.0122099], [16.5842678, 45.010392], [16.5869552, 45.0084338], [16.587175, 45.0082943], [16.5876309, 45.0080805], [16.588025, 45.007828], [16.587757, 45.007487], [16.5873586, 45.0073477], [16.5872359, 45.0070857], [16.5870656, 45.0067925], [16.5869985, 45.0067006], [16.5869279, 45.0065664], [16.5868714, 45.0064217], [16.5868396, 45.0063263], [16.5868149, 45.0061215], [16.5868219, 45.0060403], [16.5868008, 45.0058178], [16.5867301, 45.0056942], [16.5866313, 45.0055989], [16.5865006, 45.0055], [16.5863805, 45.0054294], [16.5862605, 45.0053729], [16.5861828, 45.0053517], [16.5862463, 45.0052634], [16.5860397, 45.0051399], [16.5858324, 45.0050275], [16.5857076, 45.0049277], [16.5856152, 45.0048527], [16.5855178, 45.0047853], [16.5852481, 45.0046854], [16.5850034, 45.004653], [16.5848161, 45.0046455], [16.5846388, 45.0046255], [16.5845415, 45.0046055], [16.5843692, 45.004598], [16.5841794, 45.0045731], [16.5840495, 45.0045057], [16.5838972, 45.0044357], [16.583695, 45.0043558], [16.5834428, 45.0043234], [16.5831831, 45.0043009], [16.5829633, 45.0042709], [16.5827461, 45.0042185], [16.5825388, 45.0041436], [16.5821693, 45.0040337], [16.5820494, 45.0039588], [16.5819071, 45.0038889], [16.5817648, 45.0037541], [16.5816849, 45.0036866], [16.5815325, 45.0035393], [16.5814302, 45.003417], [16.5812479, 45.0031248], [16.5810281, 45.00296], [16.5808034, 45.0028302], [16.5806736, 45.0026853], [16.5805562, 45.002553], [16.5804389, 45.0024806], [16.5802965, 45.0024107], [16.5799894, 45.0023607], [16.5796972, 45.0022958], [16.5794725, 45.0022184], [16.5792428, 45.0021235], [16.579053, 45.0019812], [16.5788782, 45.0018214], [16.5778494, 45.0009549], [16.5775623, 45.0007651], [16.5772202, 45.0005454], [16.576963, 45.0003856], [16.5767133, 45.0002707], [16.5763912, 45.0001034], [16.5761215, 44.9998612], [16.5759567, 44.9997014], [16.5756096, 44.9994592], [16.5752226, 44.999187], [16.5748355, 44.9990672], [16.5743986, 44.9990072], [16.5738592, 44.9989997], [16.5737044, 44.9990422], [16.5734522, 44.9990397], [16.5732949, 44.9989922], [16.5731001, 44.9989223], [16.5729228, 44.9987925], [16.5728329, 44.9987076], [16.5724109, 44.9982332], [16.5714146, 44.9978037], [16.5711699, 44.9976314], [16.5710925, 44.9975365], [16.5707979, 44.9971994], [16.5706406, 44.997127], [16.5704808, 44.997077], [16.5702011, 44.9970196], [16.5697891, 44.9970596], [16.5687903, 44.9971719], [16.5684682, 44.9972593], [16.5681835, 44.9973817], [16.5678718, 44.9975004], [16.5676142, 44.9976519], [16.567494, 44.9977219], [16.5674139, 44.9977757], [16.5673234, 44.9978299], [16.567212, 44.9978616], [16.5669958, 44.9978685], [16.5668529, 44.9978253], [16.5667907, 44.997807], [16.5667035, 44.9977657], [16.5666365, 44.9977236], [16.5665294, 44.9976595], [16.5664119, 44.9975554], [16.5662235, 44.9974988], [16.5661382, 44.9975086], [16.5659919, 44.9975557], [16.5657709, 44.9976012], [16.5657129, 44.9976085], [16.5656119, 44.997606], [16.5654704, 44.9975916], [16.565174, 44.9974699], [16.5649848, 44.9973715], [16.5646218, 44.997159], [16.5643993, 44.9968359], [16.5642616, 44.9966558], [16.5641627, 44.9965198], [16.5640991, 44.996405], [16.5640391, 44.9963362], [16.5636966, 44.996292], [16.5635165, 44.9963079], [16.5634229, 44.9963273], [16.5633134, 44.9963168], [16.5632322, 44.9962903], [16.5631704, 44.9962567], [16.5628243, 44.9960501], [16.5624588, 44.9958647], [16.5621198, 44.9956176], [16.5618356, 44.995305], [16.5610604, 44.9945811], [16.5609086, 44.9945458], [16.5604973, 44.9938631], [16.5601677, 44.9935085], [16.559898, 44.9933212], [16.5596658, 44.993089], [16.5587819, 44.9927344], [16.5584847, 44.992672], [16.5582775, 44.9926745], [16.5577681, 44.9927769], [16.5570414, 44.9930915], [16.5562524, 44.9933462], [16.5557954, 44.9935659], [16.5551762, 44.9938256], [16.5548391, 44.993968], [16.5545944, 44.9940803], [16.5543871, 44.9941702], [16.5541374, 44.9942776], [16.5538852, 44.9944499], [16.5536655, 44.9945622], [16.5534383, 44.9946446], [16.5525868, 44.9947545], [16.5523071, 44.9948419], [16.5519176, 44.9950442], [16.5514531, 44.995149], [16.5511385, 44.995174], [16.5508488, 44.9951515], [16.5505842, 44.9950866], [16.5503894, 44.9949917], [16.5501747, 44.9948769], [16.5500123, 44.9947021], [16.54992, 44.9946097], [16.5498001, 44.9943375], [16.5498226, 44.9942077], [16.549855, 44.9941253], [16.54991, 44.9940054], [16.5499349, 44.9938656], [16.54992, 44.9937083], [16.54987, 44.9935435], [16.5497901, 44.9934036], [16.5496228, 44.9931939], [16.549508, 44.9930391], [16.5494156, 44.9928693], [16.5493856, 44.9927694], [16.5493431, 44.9926171], [16.5492857, 44.9924523], [16.5491983, 44.9923249], [16.549041, 44.9921751], [16.5489336, 44.9920827], [16.5487838, 44.9919554], [16.5486939, 44.9918805], [16.5485641, 44.9917057], [16.5485441, 44.9915658], [16.5485591, 44.9914634], [16.548624, 44.9913361], [16.5487214, 44.9911938], [16.5488213, 44.991039], [16.5489611, 44.9909016], [16.549086, 44.9907967], [16.5491659, 44.9906994], [16.5492408, 44.9905795], [16.5492982, 44.9904272], [16.5493307, 44.9902973], [16.5493382, 44.9901475], [16.5493357, 44.9899627], [16.5492657, 44.9897979], [16.5491509, 44.9895807], [16.5489661, 44.9893485], [16.5487838, 44.9891337], [16.548639, 44.9889789], [16.5485216, 44.9888541], [16.5483693, 44.9886893], [16.5482844, 44.9885569], [16.548192, 44.9883996], [16.5481121, 44.9882673], [16.5479948, 44.9881374], [16.5478399, 44.9880525], [16.5476227, 44.9879177], [16.5474879, 44.9877853], [16.547363, 44.987658], [16.5472407, 44.9874957], [16.5471508, 44.9873459], [16.5471233, 44.987211], [16.5471358, 44.9870662], [16.5471757, 44.9870013], [16.5472531, 44.9868964], [16.5473505, 44.9867591], [16.547373, 44.9866867], [16.5473805, 44.9865968], [16.547343, 44.9864844], [16.5472731, 44.9863421], [16.5472057, 44.9862022], [16.5471508, 44.9860724], [16.5470983, 44.9858901], [16.5470983, 44.9857827], [16.5471283, 44.9856354], [16.5471483, 44.985538], [16.5471208, 44.9853982], [16.5471133, 44.9853183], [16.5471283, 44.9852384], [16.5471807, 44.9851135], [16.5472157, 44.9850361], [16.5472606, 44.9849437], [16.5472881, 44.9848239], [16.5473181, 44.9846865], [16.5473855, 44.9845492], [16.5474854, 44.9844169], [16.5475703, 44.984272], [16.5476502, 44.9840973], [16.5477376, 44.9839499], [16.5478599, 44.9838251], [16.5481021, 44.9836952], [16.5482794, 44.9835179], [16.5483543, 44.9834855], [16.5484367, 44.983463], [16.5487539, 44.9833681], [16.5489162, 44.9833032], [16.549021, 44.9832458], [16.549046, 44.9832108], [16.5491384, 44.9832358], [16.5494505, 44.983071], [16.5495005, 44.9830036], [16.5495579, 44.9829162], [16.5495978, 44.9827938], [16.5495354, 44.9826864], [16.5494855, 44.9826465], [16.5492008, 44.9823668], [16.5491833, 44.9822545], [16.5491933, 44.98179], [16.5491609, 44.9815653], [16.5491559, 44.9814654], [16.5491833, 44.9813455], [16.5492258, 44.9812432], [16.5493531, 44.980936], [16.5494255, 44.9807438], [16.5495179, 44.9806389], [16.5496353, 44.980534], [16.5498026, 44.9804216], [16.5500598, 44.9802518], [16.5502695, 44.980112], [16.5504493, 44.9800096], [16.5505667, 44.9799647], [16.5506691, 44.9799098], [16.5507615, 44.9798249], [16.550806, 44.9797791], [16.5508451, 44.979723], [16.5508751, 44.9795765], [16.5507967, 44.9791989], [16.5506274, 44.9789296], [16.5502003, 44.9785105], [16.5500979, 44.9782879], [16.5495549, 44.9779672], [16.5491359, 44.9777798], [16.5488737, 44.9776699], [16.5486939, 44.977575], [16.5484867, 44.9774652], [16.5484143, 44.9773753], [16.5483643, 44.9772205], [16.5482445, 44.9769483], [16.5481071, 44.9767885], [16.5480122, 44.9766661], [16.5479473, 44.9765263], [16.5478999, 44.9764439], [16.5477775, 44.9760294], [16.5475228, 44.9755375], [16.547403, 44.9752428], [16.5472531, 44.9749382], [16.5472307, 44.9747534], [16.5472432, 44.9746261], [16.547338, 44.9744338], [16.5474379, 44.9742865], [16.5475228, 44.9741391], [16.5477301, 44.9740268], [16.5480547, 44.9738745], [16.5481621, 44.9737097], [16.5482145, 44.9736098], [16.548252, 44.9734375], [16.5483393, 44.9729905], [16.5484917, 44.9727183], [16.5485491, 44.9725236], [16.5484093, 44.9724387], [16.5485191, 44.9719967], [16.5483568, 44.9719518], [16.5483893, 44.9717895], [16.5484542, 44.9715298], [16.5484467, 44.97136], [16.5484642, 44.9711652], [16.5484867, 44.9710453], [16.5484867, 44.9708381], [16.5484392, 44.9707107], [16.5482569, 44.9705085], [16.5481471, 44.9703836], [16.5480722, 44.9702213], [16.5480996, 44.9700965], [16.5481646, 44.9699691], [16.548177, 44.9698093], [16.5481321, 44.9695896], [16.5480871, 44.9693998], [16.5479973, 44.9691251], [16.5478899, 44.9689828], [16.5475478, 44.968391], [16.5474679, 44.9682237], [16.5473505, 44.9681039], [16.5471458, 44.9680015], [16.5468786, 44.9679066], [16.5466713, 44.9678192], [16.546499, 44.9677243], [16.5464496, 44.9675747], [16.5463081, 44.9673639], [16.5456332, 44.9670355], [16.545537, 44.9670049], [16.5455928, 44.9668933], [16.5454951, 44.9669468], [16.5453709, 44.9670342], [16.5451282, 44.9672109], [16.5448704, 44.9673981], [16.5446692, 44.967504], [16.5442842, 44.9676276], [16.5441183, 44.96767], [16.5438464, 44.9677336], [16.5432708, 44.9679949], [16.543073, 44.9680867], [16.5428435, 44.9681326], [16.5423279, 44.9682032], [16.5417029, 44.9682068], [16.541265, 44.9679772], [16.5407565, 44.96773], [16.5405269, 44.9676947], [16.540248, 44.9676771], [16.5398101, 44.9676735], [16.5393934, 44.9675287], [16.5391532, 44.9674016], [16.5388248, 44.9672074], [16.5384682, 44.9669849], [16.5379808, 44.966826], [16.5372146, 44.9665506], [16.5369462, 44.9664058], [16.5365401, 44.9662928], [16.5362328, 44.9662822], [16.5357808, 44.9662222], [16.5353924, 44.9662292], [16.5350887, 44.9662751], [16.5348027, 44.9663316], [16.5340682, 44.9665576], [16.5337397, 44.9665682], [16.5334749, 44.966547], [16.5329593, 44.966314], [16.5327969, 44.9661974], [16.532525, 44.9661303], [16.5323413, 44.9660703], [16.5321648, 44.966095], [16.5320235, 44.9661798], [16.5319282, 44.9662716], [16.5318434, 44.9663634], [16.5315645, 44.9665929], [16.5312078, 44.9667766], [16.5308511, 44.9669425], [16.5306145, 44.966999], [16.530445, 44.9670414], [16.5303179, 44.9671121], [16.5301449, 44.967158], [16.5296187, 44.9671897], [16.5293256, 44.9671933], [16.5291067, 44.9672321], [16.5288948, 44.967278], [16.5286652, 44.9672886], [16.5284922, 44.9672568], [16.5281073, 44.9671191], [16.5277294, 44.9668755], [16.5272492, 44.9664588], [16.526444, 44.965749], [16.5259108, 44.9654276], [16.5255153, 44.9653393], [16.5252974, 44.9652883], [16.52518, 44.9652308], [16.5250577, 44.9651634], [16.5249028, 44.9651135], [16.5247905, 44.965111], [16.5246407, 44.965111], [16.5243061, 44.9650585], [16.5241413, 44.9649686], [16.523964, 44.9649037], [16.5237367, 44.9648937], [16.5215868, 44.9653082], [16.521499, 44.9653289], [16.5213205, 44.9652777], [16.5211245, 44.9651566], [16.520253, 44.9648008], [16.5201247, 44.9647221], [16.5199746, 44.9648086], [16.519874, 44.9647574], [16.5176175, 44.9651794], [16.5172078, 44.9652394], [16.5168794, 44.96525], [16.5163038, 44.9651705], [16.5160213, 44.9650928], [16.5159348, 44.9650275], [16.5155481, 44.9649692], [16.5149001, 44.9651317], [16.5143439, 44.9652571], [16.5138178, 44.96534], [16.513334, 44.9653241], [16.5128184, 44.9652782], [16.5125218, 44.9652641], [16.5123346, 44.9652994], [16.5121757, 44.9653665], [16.5119674, 44.9654619], [16.5118473, 44.9655007], [16.5116601, 44.965529], [16.5114518, 44.9655219], [16.5111869, 44.965476], [16.5109256, 44.9654689], [16.5106996, 44.9654654], [16.510516, 44.965423], [16.5100958, 44.9653736], [16.5097285, 44.9653383], [16.5094919, 44.9652959], [16.5091988, 44.9652217], [16.5089834, 44.96519], [16.5087433, 44.9651794], [16.5083584, 44.965144], [16.5081959, 44.9650452], [16.5072425, 44.9648615], [16.5068717, 44.9648898], [16.5058582, 44.9650981], [16.5055545, 44.96519], [16.5053285, 44.9652782], [16.5051307, 44.9653524], [16.5048871, 44.9653983], [16.5044103, 44.9653453], [16.5040925, 44.9652747], [16.503916, 44.9652076], [16.5037676, 44.9651546], [16.5035981, 44.9651264], [16.5034534, 44.9651229], [16.5032944, 44.9651264], [16.5031673, 44.9651546], [16.5029837, 44.9651758], [16.5027859, 44.9652288], [16.5026623, 44.9652535], [16.5025952, 44.9653806], [16.5024964, 44.9654371], [16.5023869, 44.9654583], [16.5024083, 44.9655694], [16.5020313, 44.9656718], [16.5017866, 44.9657105], [16.5013746, 44.9656831], [16.5011274, 44.9656831], [16.5008627, 44.9657455], [16.500618, 44.9658554], [16.5004532, 44.9659677], [16.5000736, 44.966155], [16.4996841, 44.9655457], [16.4975267, 44.964492], [16.4973007, 44.9645475], [16.49717, 44.9642614], [16.4958634, 44.9635163], [16.495422, 44.9631596], [16.4952596, 44.9628489], [16.4955597, 44.96281], [16.4953867, 44.9623616], [16.4956198, 44.9622097], [16.4950971, 44.9609279], [16.4950159, 44.9607689], [16.4950971, 44.9606913], [16.49491, 44.9602852], [16.4947722, 44.960347], [16.4946557, 44.9599585], [16.4946027, 44.9598967], [16.4945251, 44.9598473], [16.4944844, 44.9597925], [16.4944721, 44.9597025], [16.4944721, 44.9596495], [16.4944738, 44.9596089], [16.4944368, 44.9595471], [16.4942161, 44.9596266], [16.4940801, 44.9597078], [16.4939848, 44.9597537], [16.4938877, 44.9597343], [16.4938011, 44.9597343], [16.4937358, 44.9598031], [16.4937093, 44.9598685], [16.4936793, 44.9599179], [16.4935946, 44.959932], [16.4935416, 44.9599179], [16.4934657, 44.9599444], [16.4934145, 44.9600009], [16.493358, 44.9600415], [16.4932661, 44.960045], [16.4932397, 44.9600415], [16.4931355, 44.9600662], [16.4930878, 44.9600503], [16.4930401, 44.9600574], [16.4930101, 44.960098], [16.4929925, 44.9601421], [16.4929536, 44.9601669], [16.4929006, 44.9601439], [16.4928441, 44.960158], [16.4928177, 44.9601916], [16.4927824, 44.9602216], [16.4927241, 44.9602322], [16.4926835, 44.9602269], [16.4926393, 44.9602287], [16.4925669, 44.9602693], [16.4925387, 44.9603099], [16.4925263, 44.9603452], [16.4925069, 44.9604052], [16.4924875, 44.9604441], [16.4924663, 44.960467], [16.492408, 44.96049], [16.4923568, 44.9605023], [16.4922986, 44.9605041], [16.492258, 44.960497], [16.4922014, 44.9605023], [16.4921167, 44.9605323], [16.4920549, 44.9605624], [16.4918501, 44.9606436], [16.4916718, 44.9606789], [16.4915058, 44.9607001], [16.4913116, 44.9606966], [16.4910767, 44.9607372], [16.4909319, 44.960806], [16.4908878, 44.9608149], [16.4907536, 44.9608537], [16.4905859, 44.9608661], [16.4905152, 44.9608555], [16.4905099, 44.960264], [16.4902221, 44.9603081], [16.4898002, 44.9602004], [16.4893852, 44.9602304], [16.4890568, 44.9602816], [16.488882, 44.9597343], [16.4889632, 44.9596089], [16.4890833, 44.9594835], [16.4892104, 44.9594059], [16.4893446, 44.9593494], [16.4894223, 44.9593123], [16.4894682, 44.959284], [16.4895424, 44.9592046], [16.4896554, 44.9590669], [16.4897242, 44.9589256], [16.4897384, 44.958862], [16.4897419, 44.9587455], [16.4897313, 44.9586449], [16.4899396, 44.9583306], [16.489929, 44.958214], [16.4899714, 44.9581328], [16.4900632, 44.9580622], [16.4902363, 44.9579227], [16.4903351, 44.9578344], [16.4904022, 44.957755], [16.490457, 44.9576702], [16.4904958, 44.9575766], [16.4905205, 44.9574831], [16.4905294, 44.9573965], [16.4905347, 44.9573153], [16.49057, 44.9571794], [16.4906018, 44.957114], [16.4906547, 44.9570222], [16.4906777, 44.9569887], [16.4907236, 44.9568457], [16.4907254, 44.9567856], [16.4906953, 44.9567256], [16.4906053, 44.9566691], [16.4905665, 44.956632], [16.4905241, 44.9565702], [16.4905205, 44.9565384], [16.4905294, 44.9564819], [16.4905559, 44.9564166], [16.4905982, 44.9563601], [16.49063, 44.9563036], [16.4906812, 44.9562453], [16.4906441, 44.95624], [16.4906724, 44.9561465], [16.4907024, 44.9560617], [16.4907201, 44.9559699], [16.4907254, 44.9558639], [16.490713, 44.9557721], [16.4906671, 44.9556997], [16.4905629, 44.9556221], [16.4904746, 44.9554914], [16.4904499, 44.9553766], [16.4904941, 44.9552989], [16.4906265, 44.9552018], [16.4907518, 44.9550888], [16.4908507, 44.9549882], [16.4910079, 44.9547851], [16.4911597, 44.9545097], [16.4912215, 44.9544408], [16.4913398, 44.9543949], [16.4915429, 44.9544161], [16.4916057, 44.9544439], [16.491728, 44.9545562], [16.4917755, 44.9546112], [16.4918491, 44.9547223], [16.4918379, 44.9547685], [16.4917855, 44.9548184], [16.4917255, 44.9548734], [16.4916756, 44.954982], [16.4916793, 44.9550606], [16.491718, 44.9551093], [16.4917368, 44.9551655], [16.491733, 44.9552055], [16.4917268, 44.9552367], [16.491743, 44.9552854], [16.4918129, 44.9553453], [16.4918641, 44.9553665], [16.4920876, 44.9555476], [16.4921538, 44.9556287], [16.4922075, 44.9556799], [16.4922349, 44.9557086], [16.4922299, 44.9558272], [16.4922699, 44.9558747], [16.492351, 44.9559109], [16.4924272, 44.9559433], [16.4925683, 44.9560095], [16.4926494, 44.9560894], [16.4926881, 44.9561431], [16.4927168, 44.9561756], [16.4928255, 44.9562717], [16.4929166, 44.9563241], [16.4930416, 44.9563931], [16.4930937, 44.9563948], [16.4932058, 44.9563604], [16.4932447, 44.9563401], [16.4934442, 44.9562721], [16.4935237, 44.9562704], [16.4936543, 44.9563516], [16.4937373, 44.9563657], [16.493875, 44.9563534], [16.4941063, 44.9562209], [16.4942352, 44.956168], [16.4943341, 44.9561432], [16.4945936, 44.9561786], [16.4947384, 44.9561362], [16.4947843, 44.9561044], [16.4949379, 44.9559755], [16.4951022, 44.9559261], [16.4952505, 44.9558855], [16.4953458, 44.9558749], [16.4954412, 44.955866], [16.495525, 44.9558837], [16.495593, 44.9559261], [16.4957016, 44.9559782], [16.4957616, 44.9559702], [16.4958252, 44.9559437], [16.4959126, 44.9558325], [16.495992, 44.9557725], [16.4960909, 44.9557451], [16.4961624, 44.9557371], [16.4962975, 44.955753], [16.4964167, 44.9557795], [16.4965677, 44.9557843], [16.4966626, 44.9557606], [16.4967625, 44.9557618], [16.4968162, 44.9557893], [16.4968524, 44.955833], [16.4968636, 44.9558679], [16.4968624, 44.9558979], [16.4968561, 44.9559354], [16.4968561, 44.9559753], [16.4968736, 44.9560078], [16.4969086, 44.9560377], [16.496941, 44.9560664], [16.496946, 44.9561039], [16.4969522, 44.9561489], [16.4969735, 44.9561975], [16.4970184, 44.9562288], [16.4970958, 44.95623], [16.4972157, 44.9561776], [16.4972781, 44.9561414], [16.497383, 44.9560577], [16.4974604, 44.9560252], [16.4975503, 44.9560228], [16.4976364, 44.9560515], [16.4976539, 44.9560877], [16.4976914, 44.9561226], [16.4977288, 44.9561289], [16.49778, 44.9561139], [16.4978324, 44.9560402], [16.4978374, 44.9559803], [16.4978337, 44.9559154], [16.4978699, 44.9558517], [16.4979411, 44.955828], [16.4980172, 44.9558342], [16.4980859, 44.955838], [16.4981421, 44.9558143], [16.498187, 44.955783], [16.4982557, 44.9557681], [16.4983231, 44.9557793], [16.498408, 44.9557531], [16.4984642, 44.9557169], [16.4985254, 44.9557081], [16.4986065, 44.9557244], [16.4987339, 44.9556981], [16.4988188, 44.9556582], [16.4989611, 44.9555271], [16.4990522, 44.9555296], [16.4991946, 44.9555945], [16.4992895, 44.9555858], [16.4993606, 44.955572], [16.4994568, 44.9555758], [16.4995142, 44.9556145], [16.4995654, 44.9556382], [16.4996003, 44.955637], [16.4996503, 44.9556232], [16.4998026, 44.9556245], [16.4998538, 44.9556182], [16.4998788, 44.955587], [16.499905, 44.9554672], [16.4999711, 44.9554235], [16.5000698, 44.9554085], [16.5001147, 44.9554135], [16.500277, 44.9554572], [16.5003532, 44.9554584], [16.5004081, 44.9554422], [16.5004443, 44.9554272], [16.5005767, 44.9553411], [16.5006903, 44.9553036], [16.5007827, 44.9552749], [16.500945, 44.9552886], [16.5010424, 44.9553049], [16.5011235, 44.9552961], [16.5012234, 44.9552961], [16.5012846, 44.9553148], [16.5013095, 44.9553223], [16.5013398, 44.9553412], [16.5013844, 44.9553668], [16.5014144, 44.9553686], [16.5014449, 44.9553584], [16.5014612, 44.9553461], [16.5014965, 44.9553094], [16.5015142, 44.9553041], [16.5015371, 44.9553063], [16.5015742, 44.9553297], [16.501587, 44.9553346], [16.5016126, 44.9553333], [16.5016263, 44.9553258], [16.5017056, 44.9552772], [16.5017137, 44.9552697], [16.50175, 44.9552334], [16.5019017, 44.955203], [16.502019, 44.9551605], [16.5021263, 44.9551212], [16.5021531, 44.9551131], [16.5023205, 44.9550937], [16.5023145, 44.9549846], [16.5020055, 44.9550268], [16.5017607, 44.9550226], [16.5014359, 44.9550251], [16.5009331, 44.9548148], [16.5006185, 44.9545364], [16.5002665, 44.9543487], [16.5003054, 44.9543081], [16.5002383, 44.954165], [16.4998763, 44.9540132], [16.4997916, 44.953819], [16.4997668, 44.9536265], [16.4997562, 44.9533387], [16.4996485, 44.9531127], [16.4995814, 44.9531127], [16.4995355, 44.9530492], [16.4996909, 44.9529397], [16.4994402, 44.9528408], [16.4993025, 44.9529397], [16.4982272, 44.9528602], [16.4985203, 44.9523394], [16.4990129, 44.9518697], [16.4992619, 44.9515554], [16.4996044, 44.9513294], [16.499396, 44.9512464], [16.4977293, 44.9512076], [16.497528, 44.9512217], [16.4972826, 44.9513206], [16.4966628, 44.9511369], [16.4963891, 44.9508686], [16.4963503, 44.950918], [16.4954975, 44.9506514], [16.4954004, 44.9507697], [16.4950755, 44.9510416], [16.4948972, 44.9512182], [16.4946782, 44.9513788], [16.4943622, 44.9515951], [16.4939764, 44.9513409], [16.4936065, 44.9511246], [16.4932966, 44.950948], [16.4932339, 44.9507609], [16.4930185, 44.9508174], [16.4927492, 44.9507644], [16.4924305, 44.9507414], [16.4924235, 44.950617], [16.4911156, 44.9499589], [16.4913254, 44.9497791], [16.4913728, 44.9496643], [16.4913678, 44.9495369], [16.4913278, 44.9494221], [16.4912055, 44.9492048], [16.4910307, 44.9490675], [16.4908534, 44.9489751], [16.4907336, 44.9488952], [16.4906062, 44.9487953], [16.4905013, 44.9486879], [16.490369, 44.9485681], [16.4901817, 44.9484732], [16.4898846, 44.9483633], [16.4897447, 44.9483309], [16.4895774, 44.948231], [16.4893827, 44.9481686], [16.4892678, 44.9480812], [16.4891929, 44.9480362], [16.4893053, 44.9477341], [16.4893402, 44.9475293], [16.4893902, 44.9473396], [16.4895, 44.9472572], [16.4895175, 44.9465605], [16.4897547, 44.9463957], [16.4898721, 44.9462733], [16.4899695, 44.9460761], [16.4900369, 44.9459637], [16.4900569, 44.9458888], [16.4899919, 44.9456641], [16.4899495, 44.9454968], [16.489957, 44.9454144], [16.4900544, 44.9452371], [16.4903365, 44.9450573], [16.4906561, 44.9449524], [16.4908559, 44.9448575], [16.4910082, 44.9447676], [16.4911431, 44.9446378], [16.4912055, 44.9445204], [16.4912155, 44.9443806], [16.491218, 44.9441733], [16.4912554, 44.9439686], [16.4912829, 44.9438737], [16.4914377, 44.943604], [16.4915676, 44.9434467], [16.4916475, 44.9433718], [16.4917848, 44.9431371], [16.4918123, 44.9429448], [16.4918697, 44.9425603], [16.4918397, 44.9423181], [16.4915001, 44.9424454], [16.4911506, 44.9426352], [16.4909683, 44.9428], [16.4909408, 44.9428849], [16.4905588, 44.9428624], [16.490344, 44.9428974], [16.4902117, 44.9429448], [16.4898746, 44.943162], [16.4889507, 44.9438712], [16.4872053, 44.9438263], [16.4864761, 44.9439511], [16.4862789, 44.9439511], [16.486149, 44.9439136], [16.4860666, 44.9438787], [16.4858694, 44.9437264], [16.4856721, 44.9435691], [16.4855123, 44.9434692], [16.4853475, 44.9433943], [16.4851427, 44.9433418], [16.4850429, 44.9433368], [16.4847732, 44.9428549], [16.4845609, 44.9428075], [16.484511, 44.9430172], [16.4842588, 44.9430097], [16.4839816, 44.9430072], [16.4837993, 44.9430347], [16.4836295, 44.9430921], [16.4835072, 44.9431421], [16.4833674, 44.943207], [16.4822287, 44.9433918], [16.4816332, 44.9434355]]]}}]}