{"type": "FeatureCollection", "features": [{"type": "Feature", "properties": {"name": "Grad Prnjavor, Република Српска / Republika Srpska, Bosna i Hercegovina / Босна и Херцеговина", "source": "OpenStreetMap relation 2528255", "licence": "ODbL 1.0"}, "geometry": {"type": "Polygon", "coordinates": [[[17.425694, 44.8574412], [17.4260819, 44.857], [17.425703, 44.8568849], [17.4259375, 44.8568274], [17.4260638, 44.856757], [17.426163, 44.8566675], [17.4262262, 44.8565588], [17.4262893, 44.8564565], [17.4264066, 44.8563798], [17.4265509, 44.8563095], [17.4266591, 44.8562327], [17.4267403, 44.8561432], [17.4268124, 44.8560409], [17.4268305, 44.8558107], [17.427083, 44.8558683], [17.4272815, 44.8556381], [17.4270109, 44.8555806], [17.4272724, 44.8551969], [17.4279564, 44.8539564], [17.4283353, 44.8532691], [17.4292748, 44.851565], [17.429338, 44.8514627], [17.4294462, 44.8513796], [17.4295815, 44.8513285], [17.4297168, 44.8512709], [17.429834, 44.8511942], [17.4299152, 44.8510983], [17.4308623, 44.8500496], [17.4329729, 44.8484509], [17.4338929, 44.8480033], [17.4337305, 44.8479201], [17.4336133, 44.8478498], [17.4333607, 44.8477155], [17.4331262, 44.847562], [17.4330541, 44.8474597], [17.433036, 44.847351], [17.433045, 44.8469225], [17.4331544, 44.8466147], [17.4333337, 44.8461104], [17.4333878, 44.8455412], [17.4332525, 44.8450744], [17.4329097, 44.844243], [17.4328646, 44.843239], [17.4328195, 44.8425739], [17.4324794, 44.8420604], [17.4317833, 44.8414392], [17.4314189, 44.8412559], [17.4312236, 44.8410288], [17.4311376, 44.8407434], [17.4311308, 44.8406229], [17.4312772, 44.8405465], [17.4315929, 44.8404633], [17.4319807, 44.8403035], [17.4324768, 44.8402203], [17.4332345, 44.8402139], [17.4337396, 44.8402203], [17.4339109, 44.8401947], [17.4340643, 44.8401564], [17.4342176, 44.8401116], [17.4343619, 44.8400604], [17.4346596, 44.8399325], [17.4347949, 44.8398749], [17.4353, 44.8397662], [17.436698, 44.8396639], [17.4393408, 44.8400604], [17.4397467, 44.8401755], [17.4400714, 44.8404569], [17.4401616, 44.8405401], [17.4404141, 44.8406808], [17.441271, 44.8408855], [17.4422541, 44.840975], [17.4437694, 44.8411669], [17.4443377, 44.841186], [17.4453118, 44.8410326], [17.4462138, 44.8410389], [17.4472149, 44.8410965], [17.4475306, 44.8410901], [17.4478463, 44.8409366], [17.448153, 44.8408599], [17.4487573, 44.8407], [17.4494338, 44.840425], [17.4502004, 44.8399709], [17.4509761, 44.8395552], [17.4514632, 44.8393889], [17.4523922, 44.839197], [17.453222, 44.8391394], [17.4537091, 44.839133], [17.4538624, 44.8391075], [17.4540158, 44.8390691], [17.4541511, 44.8390115], [17.4542864, 44.8389412], [17.4544036, 44.8388644], [17.4549899, 44.8384295], [17.4559911, 44.8379306], [17.456415, 44.8378091], [17.4569381, 44.837726], [17.4583362, 44.8371311], [17.4586068, 44.8369712], [17.4587511, 44.8367474], [17.4589044, 44.8356856], [17.4593284, 44.8351675], [17.459617, 44.8349821], [17.4601311, 44.8348797], [17.4606001, 44.8347646], [17.460997, 44.8345919], [17.461475, 44.834304], [17.4620252, 44.8340674], [17.4625033, 44.8338435], [17.462828, 44.8334917], [17.4636307, 44.8324683], [17.4641178, 44.8320589], [17.4647311, 44.8317775], [17.4654798, 44.8315792], [17.4661833, 44.8315216], [17.4670402, 44.8314832], [17.4680684, 44.8313553], [17.4691959, 44.831093], [17.4707743, 44.8309651], [17.4717124, 44.8309779], [17.4723618, 44.8310291], [17.4725151, 44.8310291], [17.4726775, 44.8310227], [17.4728308, 44.8309843], [17.47293, 44.8308947], [17.4730112, 44.830786], [17.4730834, 44.8306836], [17.4731465, 44.8305621], [17.4732006, 44.8304534], [17.4732547, 44.8303382], [17.4732818, 44.8302295], [17.4737959, 44.829577], [17.4744814, 44.8288478], [17.4754375, 44.8273445], [17.4752932, 44.8272997], [17.4751398, 44.8271717], [17.4749865, 44.8269478], [17.4748783, 44.82666], [17.4746618, 44.8264297], [17.4745626, 44.8263465], [17.4744363, 44.8259819], [17.4744092, 44.8258731], [17.4743641, 44.8257708], [17.474283, 44.8256812], [17.4741747, 44.8256044], [17.473363, 44.8253997], [17.47247, 44.8253805], [17.4723257, 44.8253677], [17.4721543, 44.8253933], [17.4720371, 44.8254573], [17.4719018, 44.8254957], [17.4717484, 44.8254765], [17.4716582, 44.8253869], [17.4716222, 44.8252782], [17.471532, 44.8251886], [17.4714147, 44.825131], [17.4712794, 44.8250927], [17.4708284, 44.8249967], [17.4673829, 44.8272933], [17.4672476, 44.8273253], [17.4671123, 44.8272805], [17.4670312, 44.8271781], [17.4669229, 44.827095], [17.4667696, 44.8270822], [17.4666162, 44.8270502], [17.466481, 44.8269798], [17.4663637, 44.8269223], [17.4662194, 44.8268903], [17.466066, 44.8268967], [17.4659127, 44.8268967], [17.4657504, 44.8268711], [17.465606, 44.8268263], [17.4655068, 44.8267431], [17.4654437, 44.8266472], [17.4653715, 44.8265512], [17.4653084, 44.8264553], [17.465119, 44.826129], [17.4645778, 44.8258347], [17.4644515, 44.8254253], [17.4640727, 44.8250415], [17.4639645, 44.8247024], [17.4633331, 44.8240499], [17.4632158, 44.8237172], [17.4626566, 44.8231798], [17.4625484, 44.8231031], [17.4624762, 44.8230135], [17.4625123, 44.8228983], [17.4625845, 44.822796], [17.4626025, 44.8226808], [17.4625033, 44.8225977], [17.4624762, 44.8224761], [17.4625845, 44.8223865], [17.4626656, 44.8222778], [17.4626566, 44.822169], [17.4627107, 44.8220603], [17.4627919, 44.8219707], [17.4628009, 44.8218619], [17.4627017, 44.8217724], [17.4627017, 44.8216636], [17.4627468, 44.8215484], [17.4626386, 44.8214717], [17.4625123, 44.8214077], [17.462368, 44.8213693], [17.4623139, 44.8212669], [17.462368, 44.8208063], [17.4624736, 44.8205816], [17.4625374, 44.8205137], [17.4625374, 44.8203464], [17.4625948, 44.820274], [17.4627478, 44.8201518], [17.4627925, 44.8200749], [17.4627925, 44.819989], [17.4627797, 44.8199121], [17.4627606, 44.8198261], [17.4627223, 44.8197537], [17.4626585, 44.8196813], [17.4626203, 44.8196044], [17.4626458, 44.8195275], [17.4626777, 44.8194506], [17.462684, 44.8193647], [17.462684, 44.8192742], [17.4626968, 44.8191973], [17.4626968, 44.8191204], [17.4626713, 44.8189575], [17.4626394, 44.818858], [17.4625756, 44.8187403], [17.4624927, 44.818686], [17.4624098, 44.8186363], [17.4624417, 44.8185503], [17.4624608, 44.8184372], [17.4624289, 44.8183648], [17.4623072, 44.8181793], [17.462253, 44.8181771], [17.462202, 44.8181816], [17.4621669, 44.8181522], [17.4621414, 44.8181205], [17.462084, 44.8181115], [17.4620393, 44.8181296], [17.4620138, 44.818159], [17.4619596, 44.818168], [17.4619022, 44.8181635], [17.4618639, 44.8181364], [17.4617555, 44.8181432], [17.4617045, 44.8181341], [17.4616822, 44.8181002], [17.4617141, 44.8180685], [17.4617587, 44.8180391], [17.461746, 44.8180029], [17.4616949, 44.8179961], [17.4616407, 44.8180006], [17.4615897, 44.8179871], [17.4615514, 44.8179531], [17.4615387, 44.8179124], [17.4615451, 44.8178694], [17.4615865, 44.81784], [17.4616343, 44.8178197], [17.4616343, 44.817779], [17.4615961, 44.8177541], [17.4615164, 44.8178061], [17.4614653, 44.8178016], [17.4614079, 44.8177676], [17.4613282, 44.8176907], [17.4613027, 44.8176591], [17.4611943, 44.8175912], [17.4610961, 44.8175469], [17.4610645, 44.8174989], [17.4610826, 44.8174413], [17.4611277, 44.8173933], [17.4611096, 44.8173389], [17.4611502, 44.8172877], [17.4611412, 44.8172334], [17.4610871, 44.8171886], [17.4610781, 44.8171342], [17.4611367, 44.8170862], [17.4612089, 44.817051], [17.4612089, 44.8169934], [17.4611547, 44.816955], [17.4610104, 44.8169135], [17.4609428, 44.8168911], [17.4608706, 44.8168687], [17.4608075, 44.8168271], [17.4607894, 44.8167727], [17.4607894, 44.8167183], [17.4607534, 44.8166703], [17.4606767, 44.8166415], [17.4606045, 44.8166319], [17.4605324, 44.8166287], [17.4604151, 44.8166095], [17.4603294, 44.8165871], [17.4602618, 44.8165647], [17.4601536, 44.8164496], [17.4597071, 44.8161201], [17.4597296, 44.8160593], [17.4596935, 44.8160113], [17.459653, 44.8159569], [17.4596034, 44.8159121], [17.4595447, 44.8158801], [17.4593147, 44.8158769], [17.459229, 44.8158673], [17.4591569, 44.8158449], [17.4590261, 44.8157906], [17.4589539, 44.8157586], [17.4585345, 44.8153747], [17.4584759, 44.8153267], [17.4583677, 44.8152403], [17.4583, 44.8152115], [17.4582279, 44.8151987], [17.4581602, 44.8152115], [17.4580069, 44.8152275], [17.4579347, 44.8152499], [17.4577092, 44.8153171], [17.4576461, 44.8153427], [17.4575784, 44.8153587], [17.4574296, 44.8153587], [17.457362, 44.8153715], [17.4572943, 44.8153939], [17.4572222, 44.8153907], [17.4571635, 44.8153555], [17.4571635, 44.8153011], [17.45715, 44.8152435], [17.4570869, 44.8152211], [17.4570282, 44.8151795], [17.4570237, 44.8151219], [17.4569876, 44.8150675], [17.45692, 44.8150419], [17.4568614, 44.8150036], [17.4566855, 44.8148308], [17.4557023, 44.8141302], [17.4556257, 44.8141174], [17.4555535, 44.8141174], [17.4554904, 44.8140822], [17.4555039, 44.8140246], [17.455531, 44.8139126], [17.4555355, 44.8137654], [17.4555625, 44.8137143], [17.4556212, 44.8136791], [17.4557023, 44.8136791], [17.455761, 44.8136407], [17.4557971, 44.8135927], [17.4558286, 44.8135351], [17.4558467, 44.8134775], [17.4558467, 44.8134231], [17.4558016, 44.8133751], [17.4557204, 44.8133623], [17.4556572, 44.8133271], [17.4556527, 44.8132728], [17.4556843, 44.8132216], [17.4557429, 44.8131736], [17.4558331, 44.8131064], [17.4558872, 44.8130648], [17.4559459, 44.8130232], [17.4560135, 44.8129944], [17.4560676, 44.8129528], [17.4560406, 44.8128408], [17.4560676, 44.8127897], [17.4561218, 44.8127449], [17.4561804, 44.8127065], [17.4562345, 44.8126617], [17.4562525, 44.8126041], [17.4562931, 44.8125561], [17.4563653, 44.8125305], [17.4564104, 44.8124825], [17.4564059, 44.8124249], [17.4563247, 44.8122682], [17.4561669, 44.8120506], [17.4560947, 44.8120154], [17.4560406, 44.8119738], [17.456, 44.8119226], [17.455982, 44.8118682], [17.455982, 44.8118138], [17.4560045, 44.8116987], [17.456, 44.8115867], [17.4559549, 44.8115355], [17.4558872, 44.8115131], [17.4558241, 44.8114875], [17.4558061, 44.8114363], [17.4559008, 44.8113467], [17.4558737, 44.8112667], [17.4556527, 44.8111868], [17.455779, 44.8109468], [17.4558557, 44.8107612], [17.4556933, 44.8107228], [17.4557249, 44.8103997], [17.4553867, 44.8100957], [17.4553416, 44.8100478], [17.4553235, 44.8099934], [17.4552649, 44.8099518], [17.4552018, 44.8099262], [17.4551341, 44.8098846], [17.4550755, 44.809843], [17.4550755, 44.8097886], [17.4550484, 44.8097374], [17.4549492, 44.809651], [17.454868, 44.8095582], [17.4548094, 44.8095198], [17.4546561, 44.8094175], [17.4545072, 44.8090911], [17.4542096, 44.8088191], [17.4541149, 44.8087615], [17.4541469, 44.8086286], [17.4540892, 44.8085768], [17.4538994, 44.8086093], [17.4537288, 44.8087168], [17.4536567, 44.8087097], [17.4534227, 44.8086574], [17.4532784, 44.8085808], [17.4532258, 44.8086209], [17.4532176, 44.8087449], [17.4531827, 44.808775], [17.453058, 44.8087808], [17.4528995, 44.8088199], [17.4527987, 44.8088117], [17.4528373, 44.8088807], [17.4526858, 44.8088713], [17.4526202, 44.8087789], [17.4523967, 44.8085822], [17.4523617, 44.8085637], [17.4522963, 44.8085236], [17.452308, 44.8085055], [17.4523545, 44.8085451], [17.4523771, 44.8085073], [17.4523833, 44.8084689], [17.4525896, 44.8082933], [17.4527294, 44.8082139], [17.4527824, 44.8081955], [17.4528585, 44.8082195], [17.4529381, 44.808274], [17.4530372, 44.8083559], [17.4531406, 44.8083817], [17.4532785, 44.8083665], [17.4534177, 44.8083407], [17.4534685, 44.8082859], [17.4533271, 44.808202], [17.4530812, 44.8080691], [17.4529986, 44.8080057], [17.4530049, 44.8079138], [17.4530368, 44.8078052], [17.453158, 44.8076423], [17.4533174, 44.8075608], [17.453681, 44.8075111], [17.4538914, 44.8075111], [17.4540509, 44.8073663], [17.4541683, 44.8072222], [17.4542766, 44.807139], [17.4543848, 44.8070431], [17.454484, 44.8069535], [17.4545922, 44.8068511], [17.4546824, 44.8067615], [17.4547726, 44.8066655], [17.4548268, 44.8065631], [17.4549891, 44.8065375], [17.4551515, 44.8065439], [17.4553228, 44.8065695], [17.4554491, 44.8066207], [17.4555303, 44.8067167], [17.4557377, 44.8068575], [17.455837, 44.8068063], [17.4559362, 44.8067167], [17.4560264, 44.8066207], [17.4560444, 44.8065055], [17.4559542, 44.8064159], [17.4558911, 44.8063199], [17.4559362, 44.8062111], [17.4560354, 44.8061279], [17.4561797, 44.8060703], [17.456333, 44.806032], [17.4564503, 44.8059552], [17.4565134, 44.8058528], [17.4565134, 44.8057376], [17.4564323, 44.8056352], [17.4563511, 44.8055392], [17.4563781, 44.8054304], [17.4565044, 44.80536], [17.4566577, 44.8053664], [17.4568111, 44.8054112], [17.4569554, 44.8054432], [17.4571087, 44.8054304], [17.4572079, 44.8053408], [17.4572711, 44.8052448], [17.457226, 44.8049696], [17.4571538, 44.8048736], [17.4572711, 44.8047968], [17.4573432, 44.8047009], [17.4574876, 44.8046497], [17.4576409, 44.8045921], [17.4577311, 44.8044961], [17.4578664, 44.8044321], [17.4580197, 44.8043873], [17.4581731, 44.8043489], [17.4582542, 44.8042593], [17.4583264, 44.8041505], [17.4584436, 44.8040481], [17.458606, 44.8040673], [17.4587052, 44.8041569], [17.4588676, 44.8041825], [17.4589307, 44.8040801], [17.4588495, 44.8039841], [17.4588946, 44.8038817], [17.4589938, 44.8037921], [17.4591201, 44.8037345], [17.4592464, 44.8036577], [17.4593186, 44.8035617], [17.4594268, 44.8034785], [17.4595711, 44.8035041], [17.4597064, 44.8035553], [17.4598688, 44.8035873], [17.4600131, 44.8036321], [17.4601664, 44.8036449], [17.4603288, 44.8036193], [17.460428, 44.8035233], [17.4605001, 44.8034209], [17.4605362, 44.8033057], [17.4605091, 44.8031905], [17.4603829, 44.8031457], [17.4602566, 44.8031841], [17.4601123, 44.8031969], [17.459968, 44.8031585], [17.4598778, 44.8030625], [17.4599139, 44.8029537], [17.460004, 44.8028641], [17.4600582, 44.8027554], [17.4600131, 44.802653], [17.459986, 44.8025378], [17.460004, 44.802429], [17.4601123, 44.802333], [17.4602386, 44.8022626], [17.4603648, 44.8021986], [17.4605091, 44.802141], [17.4606986, 44.8021026], [17.4608609, 44.8020962], [17.461339, 44.801981], [17.4615103, 44.8019362], [17.4616727, 44.801885], [17.461835, 44.8018338], [17.4619703, 44.8017634], [17.4620605, 44.8016738], [17.4621237, 44.801565], [17.4620154, 44.8014882], [17.4618711, 44.8014498], [17.4618531, 44.801341], [17.4619252, 44.801245], [17.4620605, 44.8011682], [17.4621958, 44.8011106], [17.462268, 44.8010146], [17.4621417, 44.800957], [17.4620425, 44.8010274], [17.4618892, 44.801021], [17.4617719, 44.8009442], [17.4617448, 44.800829], [17.4617088, 44.8007202], [17.4616997, 44.8006114], [17.461799, 44.8005282], [17.4619523, 44.800541], [17.4620786, 44.8005986], [17.4622139, 44.800669], [17.4623582, 44.800701], [17.4624484, 44.8006114], [17.4624935, 44.8005026], [17.4626378, 44.8004642], [17.4627911, 44.800477], [17.4629535, 44.8004962], [17.4631068, 44.8004642], [17.4632511, 44.8004194], [17.4634135, 44.8003938], [17.4635398, 44.8003298], [17.4636029, 44.800221], [17.4635578, 44.8001186], [17.4634225, 44.8000738], [17.4632872, 44.8001058], [17.4631429, 44.8001314], [17.4630256, 44.800061], [17.4629805, 44.7999458], [17.4629715, 44.7998306], [17.4629805, 44.7997218], [17.4630166, 44.7996066], [17.4630798, 44.7995042], [17.4631609, 44.7994018], [17.4633413, 44.7992226], [17.4634586, 44.799133], [17.4635398, 44.7992226], [17.4635398, 44.799325], [17.4635127, 44.7994722], [17.4635127, 44.799581], [17.463648, 44.799645], [17.4637202, 44.799549], [17.4637743, 44.7994402], [17.4638374, 44.7993314], [17.4639366, 44.7992354], [17.4640809, 44.7991842], [17.464126, 44.799069], [17.4639907, 44.799037], [17.4639456, 44.7989346], [17.4639998, 44.7988321], [17.4640539, 44.7987297], [17.4641531, 44.7986401], [17.4642613, 44.7985569], [17.4642974, 44.7984417], [17.4643696, 44.7983393], [17.4643696, 44.7982305], [17.4643064, 44.7981281], [17.4643245, 44.7980193], [17.4644507, 44.7979617], [17.4646131, 44.7979617], [17.4647574, 44.7980065], [17.4648656, 44.7980833], [17.4649739, 44.7981729], [17.4650821, 44.7982497], [17.4652174, 44.7983201], [17.4653617, 44.7983713], [17.4655151, 44.7983777], [17.4656774, 44.7983713], [17.4657586, 44.7982753], [17.4656504, 44.7982049], [17.465506, 44.7981729], [17.4653798, 44.7981025], [17.4653527, 44.7979937], [17.4654339, 44.7978977], [17.4655872, 44.7979041], [17.4657406, 44.7979297], [17.4658939, 44.7979233], [17.4660472, 44.7978913], [17.4660021, 44.7977889], [17.4658488, 44.7977953], [17.4657406, 44.7977121], [17.4658217, 44.7976225], [17.4658668, 44.7975137], [17.4657496, 44.7974433], [17.4656143, 44.7975009], [17.465497, 44.7975649], [17.4653437, 44.7975777], [17.4651994, 44.7975457], [17.4651002, 44.7974561], [17.4650821, 44.7973089], [17.4651002, 44.7971937], [17.4651723, 44.7970977], [17.4653257, 44.7970913], [17.465497, 44.7970913], [17.4656504, 44.7970337], [17.4657135, 44.7969313], [17.4657225, 44.7968224], [17.4657135, 44.7967136], [17.4656594, 44.7966048], [17.4655692, 44.7965088], [17.465506, 44.7963936], [17.465506, 44.7962784], [17.4655782, 44.7961824], [17.4657225, 44.7961184], [17.4658849, 44.7961376], [17.4659931, 44.7962208], [17.4660472, 44.7963232], [17.4660923, 44.7964256], [17.4661374, 44.7965344], [17.4661735, 44.7966432], [17.4663088, 44.7967008], [17.4663359, 44.796592], [17.466417, 44.7965024], [17.4665704, 44.796496], [17.4667057, 44.7965408], [17.466859, 44.7965792], [17.4669763, 44.796496], [17.466868, 44.7964256], [17.4667147, 44.7964064], [17.4665974, 44.7963424], [17.4665613, 44.79624], [17.4665884, 44.7961248], [17.4667237, 44.7960608], [17.466877, 44.7960864], [17.4670304, 44.796144], [17.4671927, 44.796176], [17.4673551, 44.796144], [17.4674543, 44.796048], [17.4674633, 44.7959392], [17.4673551, 44.7958688], [17.4672108, 44.7958688], [17.4670574, 44.7958624], [17.4669131, 44.795824], [17.4669131, 44.7957088], [17.4669402, 44.7955999], [17.4669492, 44.7954847], [17.4669672, 44.7953631], [17.4670755, 44.7952671], [17.4672017, 44.7951903], [17.46731, 44.7951071], [17.4674453, 44.7950111], [17.4675896, 44.7949471], [17.4677519, 44.7949727], [17.4679143, 44.7951647], [17.4679414, 44.7952799], [17.4679233, 44.7954975], [17.4679143, 44.7956127], [17.4680135, 44.795696], [17.4681398, 44.7956255], [17.4682931, 44.7955935], [17.4684374, 44.7956383], [17.4685998, 44.7956127], [17.468708, 44.7955295], [17.4688523, 44.7954847], [17.4690057, 44.7954719], [17.4693304, 44.7954719], [17.4694386, 44.7953887], [17.4694025, 44.7952863], [17.4692492, 44.7952415], [17.4691049, 44.7952223], [17.4689516, 44.7951775], [17.4688884, 44.7950815], [17.4689967, 44.7949919], [17.469159, 44.7949855], [17.4692943, 44.7949343], [17.4692582, 44.7948255], [17.4691139, 44.7947935], [17.4689876, 44.7947295], [17.4689155, 44.794627], [17.4689335, 44.7945182], [17.4689786, 44.7943966], [17.4690327, 44.7942942], [17.4691139, 44.7941982], [17.4692041, 44.7941086], [17.4692402, 44.7939998], [17.4692853, 44.7937629], [17.4693304, 44.7936541], [17.4694116, 44.7935581], [17.4695469, 44.7934941], [17.4697182, 44.7934813], [17.4698625, 44.7935261], [17.4698896, 44.7936349], [17.4698986, 44.7937501], [17.4699978, 44.793827], [17.4701241, 44.7937693], [17.4702233, 44.7936797], [17.4702955, 44.7935517], [17.4703135, 44.7934365], [17.4702775, 44.7933341], [17.4702684, 44.7932253], [17.4702504, 44.7931165], [17.4701422, 44.7930397], [17.4701331, 44.7929308], [17.4702233, 44.7928412], [17.4703857, 44.7928476], [17.470521, 44.7929308], [17.4705931, 44.7930397], [17.4706473, 44.7931549], [17.4707555, 44.7932317], [17.4709088, 44.7932189], [17.4710531, 44.7932573], [17.4711794, 44.7933213], [17.4713057, 44.7933981], [17.4714771, 44.7933789], [17.4715673, 44.7932829], [17.4716575, 44.7931933], [17.4717928, 44.7931421], [17.4719551, 44.7931101], [17.4720633, 44.7930269], [17.4720182, 44.792918], [17.4719371, 44.792822], [17.4718379, 44.7927388], [17.4716935, 44.7927196], [17.4715402, 44.7927196], [17.4713959, 44.7927004], [17.4712335, 44.7926556], [17.4711343, 44.7925724], [17.4710712, 44.7924572], [17.4710712, 44.792342], [17.4711163, 44.7922331], [17.4713688, 44.7920923], [17.4715041, 44.7920347], [17.4716575, 44.7919835], [17.4718108, 44.7919387], [17.471919, 44.7918555], [17.4719371, 44.7917403], [17.4718739, 44.7916378], [17.4719371, 44.7915354], [17.4720453, 44.7914586], [17.4721716, 44.7913754], [17.4722979, 44.791305], [17.4724512, 44.791305], [17.4725594, 44.7913946], [17.4726677, 44.791465], [17.47283, 44.7914522], [17.4729112, 44.7913562], [17.4728481, 44.7912602], [17.4727037, 44.7912538], [17.4727128, 44.791145], [17.472839, 44.791081], [17.4729834, 44.7910105], [17.4731186, 44.7909465], [17.4732539, 44.7908761], [17.4733712, 44.7907993], [17.4734975, 44.7907289], [17.474219, 44.7904408], [17.4743543, 44.7904985], [17.4743724, 44.7906009], [17.4745257, 44.7906329], [17.4745618, 44.7907353], [17.4747241, 44.7907609], [17.4748775, 44.7907353], [17.4749587, 44.7906457], [17.4750759, 44.7905689], [17.4752112, 44.7905113], [17.4752473, 44.790396], [17.4754006, 44.7903576], [17.4754998, 44.7902744], [17.4756712, 44.790268], [17.4757975, 44.7903192], [17.4758967, 44.790396], [17.4759418, 44.7904921], [17.4759508, 44.7905945], [17.4760049, 44.7906969], [17.4761583, 44.7907161], [17.4762034, 44.7906009], [17.4763116, 44.7905241], [17.4764469, 44.7905689], [17.4766002, 44.7905369], [17.4766453, 44.7904344], [17.4767536, 44.7903256], [17.4768799, 44.790268], [17.4770422, 44.790268], [17.4771865, 44.790332], [17.4773128, 44.790396], [17.4774391, 44.7904536], [17.4775744, 44.7905305], [17.4777006, 44.7906137], [17.4777187, 44.7907289], [17.4776646, 44.7908377], [17.4775653, 44.7909337], [17.477412, 44.7909337], [17.4772857, 44.7909849], [17.4773038, 44.7910938], [17.477385, 44.7911834], [17.4775112, 44.7912474], [17.4776736, 44.7912666], [17.4778359, 44.791273], [17.4779802, 44.791337], [17.4781065, 44.7914074], [17.4782599, 44.7914522], [17.4784222, 44.7914586], [17.4785755, 44.7914586], [17.4787108, 44.7915034], [17.478783, 44.7915994], [17.4788552, 44.7916891], [17.4789905, 44.791625], [17.4789544, 44.7915162], [17.4790446, 44.7914202], [17.4791979, 44.7913946], [17.4795226, 44.7914202], [17.4795948, 44.7913242], [17.4795948, 44.7911834], [17.4796579, 44.7910746], [17.4798112, 44.7910041], [17.4799646, 44.7910233], [17.4800548, 44.7911194], [17.4800548, 44.7912282], [17.4800187, 44.791337], [17.4800277, 44.7914522], [17.4800999, 44.7915482], [17.480172, 44.7916442], [17.4802261, 44.7917403], [17.4804336, 44.7918171], [17.4805779, 44.7918619], [17.4807222, 44.7918043], [17.4807222, 44.7916891], [17.4806771, 44.7915802], [17.4807854, 44.791497], [17.4809297, 44.7915226], [17.481074, 44.791561], [17.4812364, 44.7916058], [17.4813987, 44.7916058], [17.4815611, 44.7915674], [17.4816062, 44.7914586], [17.4817144, 44.7913562], [17.4818767, 44.7913434], [17.481985, 44.7912666], [17.4821383, 44.7912346], [17.4823007, 44.7912474], [17.482436, 44.791305], [17.4825622, 44.791369], [17.4827066, 44.7914266], [17.4828599, 44.7914266], [17.4829952, 44.791369], [17.4829952, 44.7912602], [17.482914, 44.7911706], [17.4828238, 44.791081], [17.4828689, 44.7909721], [17.4830042, 44.7909081], [17.4832387, 44.7908953], [17.483365, 44.7908313], [17.4833019, 44.7907289], [17.4831666, 44.7906649], [17.4830764, 44.7905753], [17.4830313, 44.7904729], [17.4830673, 44.7903576], [17.4831575, 44.7902616], [17.4833109, 44.7902232], [17.4834372, 44.7902808], [17.4835634, 44.7903512], [17.4836987, 44.7904024], [17.4838521, 44.7904088], [17.4839873, 44.7903384], [17.4840144, 44.7902296], [17.4840866, 44.7901336], [17.4841858, 44.7900312], [17.4843481, 44.7899736], [17.4845015, 44.7899736], [17.4846548, 44.7899352], [17.4847721, 44.7898519], [17.4849344, 44.7898263], [17.4849795, 44.7897111], [17.4849885, 44.7896023], [17.4850517, 44.7894871], [17.4849976, 44.7893718], [17.4849885, 44.7892566], [17.4850968, 44.7891734], [17.4852501, 44.7891798], [17.4853132, 44.7890838], [17.4853944, 44.7889814], [17.4854576, 44.7888789], [17.4854846, 44.7887637], [17.4854034, 44.7886613], [17.4852591, 44.7886485], [17.4851058, 44.7886229], [17.4849976, 44.7885397], [17.4849885, 44.7884308], [17.4850427, 44.7883156], [17.4852501, 44.7881748], [17.4853674, 44.7880916], [17.4854666, 44.7880084], [17.4854576, 44.7878931], [17.4853403, 44.7878163], [17.485187, 44.7877971], [17.4848803, 44.7877971], [17.484736, 44.7877715], [17.4846007, 44.7877139], [17.4844834, 44.7876307], [17.4844474, 44.7875218], [17.4844293, 44.7874066], [17.4844293, 44.787285], [17.4844383, 44.7871762], [17.4844744, 44.7870673], [17.4846277, 44.7870481], [17.4847721, 44.7870033], [17.4849164, 44.7869521], [17.4850607, 44.7870033], [17.4851599, 44.7870865], [17.4852501, 44.7871826], [17.4854034, 44.7872466], [17.4854125, 44.7871314], [17.4854936, 44.7870225], [17.4856019, 44.7869393], [17.4856921, 44.7868497], [17.4857101, 44.7867345], [17.4857281, 44.7866192], [17.4858544, 44.7865488], [17.4859356, 44.786664], [17.4860258, 44.7867665], [17.4861972, 44.7867857], [17.4863415, 44.7867473], [17.4863595, 44.7866384], [17.4862964, 44.7865424], [17.4862783, 44.7864336], [17.4863685, 44.786344], [17.4864317, 44.7862415], [17.4865038, 44.7861391], [17.4866482, 44.7860879], [17.4867925, 44.7861263], [17.4868736, 44.7862223], [17.4869368, 44.7863184], [17.4870721, 44.7863632], [17.4872344, 44.786376], [17.4873968, 44.7863696], [17.4875682, 44.7863376], [17.4875952, 44.7862287], [17.487478, 44.7861647], [17.4873607, 44.7860879], [17.4872885, 44.7859919], [17.4872525, 44.785883], [17.4872885, 44.7857742], [17.4874058, 44.785691], [17.4875411, 44.7856334], [17.4876223, 44.7855374], [17.4875591, 44.7854413], [17.4875231, 44.7853389], [17.4875682, 44.7852301], [17.4877125, 44.7851981], [17.4879289, 44.7852301], [17.4880642, 44.7853069], [17.4881454, 44.7854157], [17.4882086, 44.7855117], [17.4883529, 44.7855438], [17.4884791, 44.7854669], [17.4886325, 44.7854349], [17.4887948, 44.7854029], [17.4888941, 44.7853133], [17.4890113, 44.7852109], [17.4891646, 44.7851661], [17.489318, 44.7851661], [17.4894533, 44.785102], [17.4893541, 44.7850124], [17.4892368, 44.784942], [17.4892278, 44.7848332], [17.4892278, 44.7847179], [17.4892909, 44.7846091], [17.4894082, 44.7845259], [17.4894262, 44.784417], [17.4893631, 44.7843082], [17.4894262, 44.7841994], [17.4895435, 44.7841098], [17.4895435, 44.7839945], [17.4895364, 44.7839125], [17.4895951, 44.7838127], [17.4896788, 44.7837833], [17.4898321, 44.7837833], [17.4899854, 44.7837448], [17.4901027, 44.7836552], [17.4901568, 44.7835464], [17.4903913, 44.7832583], [17.4904815, 44.7831559], [17.4905897, 44.7830726], [17.490689, 44.782983], [17.490725, 44.7828742], [17.490716, 44.7827654], [17.4906799, 44.7826373], [17.4906529, 44.7825285], [17.490689, 44.7824132], [17.4907611, 44.7823172], [17.4909054, 44.7823556], [17.4909956, 44.7824388], [17.4911399, 44.7824901], [17.4912031, 44.7823876], [17.4912482, 44.7822788], [17.4912662, 44.7821636], [17.4912933, 44.7820547], [17.4913925, 44.7819715], [17.4915188, 44.7820355], [17.4922584, 44.782394], [17.4923035, 44.7825413], [17.4930251, 44.7828678], [17.4937106, 44.7832775], [17.4942337, 44.7837256], [17.4945584, 44.7842634], [17.49482, 44.7846411], [17.4954514, 44.7853069], [17.4955957, 44.7853133], [17.4955686, 44.7863184], [17.4955596, 44.7875475], [17.4955235, 44.7881876], [17.4954386, 44.7885136], [17.4953251, 44.7889494], [17.4962, 44.7901016], [17.4974176, 44.7903768], [17.4975349, 44.7904536], [17.4975529, 44.7905561], [17.4976882, 44.7905945], [17.4978392, 44.7906293], [17.4979047, 44.7907097], [17.4979408, 44.7908185], [17.4979318, 44.7909273], [17.4978055, 44.7909913], [17.4976612, 44.7910426], [17.4975439, 44.7911002], [17.4976161, 44.7911898], [17.4976792, 44.7912858], [17.497598, 44.7913754], [17.49758, 44.7914778], [17.4976792, 44.7915546], [17.4977423, 44.7916635], [17.4977243, 44.7917787], [17.4976522, 44.7918683], [17.4976251, 44.7919771], [17.4977243, 44.7920603], [17.4977153, 44.7921691], [17.4977784, 44.792406], [17.4978055, 44.7925084], [17.4979498, 44.7925596], [17.49804, 44.7926492], [17.4981031, 44.7927388], [17.4981212, 44.7928476], [17.4981212, 44.79295], [17.498022, 44.7930333], [17.4979678, 44.7931293], [17.4979678, 44.7932381], [17.4979769, 44.7933405], [17.4979949, 44.7934621], [17.4979859, 44.7935709], [17.498049, 44.793987], [17.498031, 44.7940958], [17.4980039, 44.7942046], [17.4981031, 44.7942878], [17.4982384, 44.7943326], [17.4982294, 44.7944414], [17.4982835, 44.7945566], [17.4984098, 44.7946142], [17.4984278, 44.7947231], [17.4982835, 44.7947487], [17.4981482, 44.7948063], [17.498031, 44.7948639], [17.4978776, 44.7948575], [17.4979227, 44.7949535], [17.4979949, 44.7950495], [17.4979949, 44.7951583], [17.4978596, 44.7952095], [17.4977965, 44.7953119], [17.4978957, 44.7953951], [17.498022, 44.7954527], [17.4981031, 44.7955423], [17.4980941, 44.7956832], [17.4981392, 44.795792], [17.4981482, 44.7959072], [17.4981482, 44.7962336], [17.4981663, 44.7963488], [17.4982294, 44.7964704], [17.4984459, 44.7966304], [17.4983557, 44.7967072], [17.4983557, 44.7968096], [17.4984188, 44.796912], [17.498491, 44.7970081], [17.4985541, 44.7971041], [17.4986353, 44.7972001], [17.4987345, 44.7972833], [17.4987886, 44.7973857], [17.4988337, 44.7974945], [17.4989239, 44.7975841], [17.4990592, 44.7976417], [17.4992216, 44.7976481], [17.4993027, 44.7977313], [17.4993478, 44.7978273], [17.499411, 44.7979233], [17.4995463, 44.7979681], [17.4996996, 44.7979809], [17.4998349, 44.7980385], [17.499898, 44.7981281], [17.4999792, 44.7982177], [17.5001326, 44.7982433], [17.5002588, 44.7981857], [17.5004392, 44.7981217], [17.5006016, 44.7981025], [17.5007008, 44.7981857], [17.5007549, 44.7982817], [17.5008632, 44.7983521], [17.5009984, 44.7984097], [17.5010435, 44.7985185], [17.5010435, 44.7986081], [17.5020177, 44.7982049], [17.5019004, 44.7972257], [17.5023334, 44.7971361], [17.5024416, 44.7970529], [17.5024777, 44.7969377], [17.5026761, 44.7967584], [17.5026851, 44.7966496], [17.5027032, 44.796528], [17.5027663, 44.796432], [17.5028655, 44.796336], [17.5029738, 44.7962528], [17.503082, 44.7961632], [17.5031722, 44.7960736], [17.5032804, 44.7959904], [17.5033977, 44.7959072], [17.5034428, 44.795792], [17.5035691, 44.7957152], [17.5036953, 44.7956383], [17.5037224, 44.7955295], [17.5037765, 44.7954207], [17.5038847, 44.7953375], [17.503984, 44.7952415], [17.5041283, 44.7952095], [17.5042726, 44.7951391], [17.5044079, 44.7950367], [17.5045432, 44.7949727], [17.5048949, 44.7949471], [17.504931, 44.7948639], [17.5054632, 44.7948255], [17.5054902, 44.7946655], [17.5057969, 44.7946655], [17.5057969, 44.794307], [17.5060314, 44.794307], [17.5059953, 44.7941406], [17.5061938, 44.7941214], [17.506311, 44.7939934], [17.5064373, 44.7939358], [17.5065816, 44.793859], [17.5067169, 44.7938014], [17.5068522, 44.7937245], [17.5069604, 44.7936477], [17.5070957, 44.7935645], [17.5071679, 44.7934621], [17.5072852, 44.7933917], [17.5074385, 44.7933533], [17.5076008, 44.7933213], [17.5075016, 44.7930973], [17.507655, 44.7931357], [17.5078083, 44.7931613], [17.5079707, 44.7932061], [17.5080969, 44.7932765], [17.5081781, 44.7933725], [17.5084667, 44.7937629], [17.5091973, 44.7935773], [17.5099369, 44.7931741], [17.5100722, 44.7932317], [17.5102166, 44.7932829], [17.5103609, 44.7933277], [17.5105232, 44.7933405], [17.5106766, 44.7933405], [17.5108479, 44.7933341], [17.5110103, 44.7933277], [17.5111726, 44.7933085], [17.5112989, 44.7932381], [17.5114162, 44.7931613], [17.5115605, 44.7931101], [17.5117048, 44.7930781], [17.5123091, 44.7930781], [17.5128593, 44.7931677], [17.5129675, 44.7933277], [17.5133283, 44.7935389], [17.5138154, 44.7936029], [17.5144829, 44.7936349], [17.5153938, 44.7940894], [17.5162392, 44.7943939], [17.5165664, 44.7945118], [17.5156013, 44.7949407], [17.515448, 44.7949727], [17.5153127, 44.7950111], [17.5151864, 44.7950623], [17.5150511, 44.7951199], [17.5149338, 44.7951775], [17.5148256, 44.7952415], [17.5148166, 44.7953503], [17.5148256, 44.7954591], [17.5148364, 44.7954783], [17.5148797, 44.7955551], [17.5149097, 44.7955884], [17.515024, 44.7957152], [17.5165844, 44.7965216], [17.5171888, 44.7969633], [17.5173421, 44.7971233], [17.5174323, 44.7972129], [17.5175315, 44.7973089], [17.5176488, 44.7973985], [17.517766, 44.7974753], [17.5180366, 44.7976097], [17.5181268, 44.7977057], [17.5181088, 44.7978145], [17.5181358, 44.7979169], [17.518208, 44.7978209], [17.5183433, 44.7977761], [17.5184966, 44.7978209], [17.5186319, 44.7978913], [17.5188754, 44.7980449], [17.5189927, 44.7981089], [17.519137, 44.7981665], [17.5192633, 44.7982369], [17.5195248, 44.7983713], [17.5196872, 44.7984417], [17.5199307, 44.7985697], [17.5200119, 44.7984673], [17.5201111, 44.7983777], [17.5202554, 44.7983329], [17.5204178, 44.7983073], [17.5205802, 44.7983073], [17.5207335, 44.7983329], [17.5208778, 44.7983649], [17.5210221, 44.7984097], [17.5211574, 44.7984545], [17.5213107, 44.7985185], [17.521419, 44.7985953], [17.5215092, 44.7986913], [17.5215362, 44.7988001], [17.5215633, 44.798909], [17.5217076, 44.7989538], [17.5219421, 44.7991074], [17.5220864, 44.7990562], [17.5221766, 44.7989666], [17.5225194, 44.7989666], [17.5226727, 44.7989986], [17.522826, 44.7990434], [17.5229613, 44.799101], [17.5230966, 44.7991522], [17.5232229, 44.799229], [17.5233221, 44.7993122], [17.5234574, 44.799261], [17.5236288, 44.799261], [17.523719, 44.7993506], [17.5238814, 44.7993634], [17.5241159, 44.799197], [17.5242602, 44.7991458], [17.5244225, 44.7991202], [17.5245759, 44.7990882], [17.5247472, 44.799069], [17.5249006, 44.7990946], [17.5250088, 44.7991778], [17.5251712, 44.799357], [17.5253335, 44.7993634], [17.5254959, 44.7994082], [17.5255951, 44.7994978], [17.5256402, 44.7995938], [17.5256853, 44.7998626], [17.5259108, 44.8002722], [17.5257574, 44.8004194], [17.5257033, 44.8012898], [17.525541, 44.801277], [17.5255156, 44.8013814], [17.5254508, 44.8016482], [17.5255319, 44.8020706], [17.5252974, 44.8023394], [17.5251892, 44.802301], [17.5250359, 44.8022754], [17.5248735, 44.8022562], [17.5247742, 44.8022562], [17.5245668, 44.8022562], [17.5244135, 44.802269], [17.5242421, 44.802301], [17.5241068, 44.8023458], [17.5239986, 44.8024162], [17.5238904, 44.8025058], [17.5238363, 44.8026082], [17.5238182, 44.802717], [17.5238272, 44.8028321], [17.5238633, 44.8029345], [17.5239264, 44.8030305], [17.5239625, 44.8031329], [17.5237551, 44.8031073], [17.5236665, 44.8033099], [17.5232832, 44.8041863], [17.5231057, 44.8045921], [17.5215362, 44.8057312], [17.5215362, 44.80584], [17.5215904, 44.805936], [17.5217076, 44.8060128], [17.5218609, 44.8060831], [17.5220143, 44.8061023], [17.5221676, 44.8061535], [17.5223119, 44.8062239], [17.522366, 44.8063263], [17.5224562, 44.8064223], [17.5226006, 44.8064863], [17.5227629, 44.8064863], [17.5228982, 44.8065503], [17.5229523, 44.8066527], [17.5230245, 44.8067423], [17.5231327, 44.8068191], [17.5231688, 44.8069279], [17.5231688, 44.8070558], [17.5231778, 44.8071646], [17.5233221, 44.8071966], [17.5234664, 44.807235], [17.5234845, 44.807363], [17.5234755, 44.8074654], [17.5236288, 44.8075038], [17.5238002, 44.807459], [17.5238363, 44.8075678], [17.5238904, 44.8076702], [17.5240437, 44.8077726], [17.5241159, 44.8078622], [17.5242692, 44.8079006], [17.5244316, 44.8079197], [17.5246751, 44.8080157], [17.524639, 44.8081245], [17.5245488, 44.8082205], [17.5245398, 44.8083293], [17.5246751, 44.8083805], [17.5248194, 44.8084381], [17.5248916, 44.8085469], [17.5250178, 44.8086173], [17.5251802, 44.8085917], [17.5253425, 44.8085917], [17.5254869, 44.8086365], [17.525568, 44.8087196], [17.5256312, 44.8088156], [17.5257484, 44.8089052], [17.5258837, 44.808854], [17.5260371, 44.808822], [17.5261363, 44.8089116], [17.5261363, 44.809014], [17.5262806, 44.8090652], [17.5264429, 44.8090524], [17.5265782, 44.80911], [17.5266865, 44.8091932], [17.5268398, 44.8091868], [17.5269931, 44.809174], [17.5271465, 44.8091932], [17.5272457, 44.8092764], [17.5273088, 44.8093724], [17.5273269, 44.8094811], [17.5273359, 44.8095963], [17.527399, 44.8096923], [17.5275253, 44.8097691], [17.5276606, 44.8098395], [17.5277237, 44.8099419], [17.5277869, 44.8100826], [17.5281837, 44.8098651], [17.5283714, 44.809606], [17.5285175, 44.8094043], [17.528779, 44.8090844], [17.5291054, 44.808883], [17.5291939, 44.8088284], [17.5293924, 44.808982], [17.5296179, 44.8092764], [17.5300147, 44.8096475], [17.5304928, 44.8099035], [17.5311241, 44.8101402], [17.5320171, 44.8104538], [17.5323598, 44.8106074], [17.5329551, 44.8106649], [17.5341092, 44.8098998], [17.5344704, 44.8096603], [17.5346508, 44.8096603], [17.535174, 44.8093852], [17.5359316, 44.8094427], [17.5359948, 44.8092636], [17.5364548, 44.8090076], [17.5366442, 44.8087708], [17.537023, 44.8087772], [17.5375101, 44.8082909], [17.5377987, 44.8081437], [17.5379579, 44.8080218], [17.5381414, 44.8078814], [17.5383112, 44.8076945], [17.5386646, 44.8073054], [17.5387728, 44.8072222], [17.5388901, 44.807139], [17.5390164, 44.807075], [17.5391517, 44.8070111], [17.5392779, 44.8069535], [17.5394132, 44.8068895], [17.5395395, 44.8068063], [17.5396297, 44.8067103], [17.5400626, 44.8061791], [17.5423203, 44.8071227], [17.542543, 44.8072158], [17.5430932, 44.8080477], [17.5442929, 44.8077406], [17.5446627, 44.807555], [17.5447799, 44.8073502], [17.545294, 44.807107], [17.5459795, 44.8069983], [17.5473505, 44.8077022], [17.5479188, 44.8079965], [17.548045, 44.8079261], [17.5481443, 44.8078366], [17.5482796, 44.807779], [17.5483878, 44.8078558], [17.5485321, 44.807907], [17.548487, 44.8078046], [17.5484149, 44.8077086], [17.5484149, 44.8075998], [17.548469, 44.807491], [17.5486313, 44.8074718], [17.5487756, 44.8075294], [17.5489109, 44.8074654], [17.5488839, 44.8073566], [17.5488207, 44.8072606], [17.5488298, 44.8071518], [17.5488929, 44.8070367], [17.5489019, 44.8069215], [17.5489109, 44.8068127], [17.54892, 44.8066911], [17.548938, 44.8065823], [17.5490643, 44.8064991], [17.5492086, 44.8064479], [17.5493529, 44.8064031], [17.5494882, 44.8063519], [17.5495784, 44.8062623], [17.5496145, 44.8061407], [17.5497588, 44.8060959], [17.5499121, 44.8061343], [17.5500655, 44.8061727], [17.5502098, 44.8062175], [17.5502909, 44.8063071], [17.5504082, 44.8063775], [17.5505615, 44.8063391], [17.5506968, 44.8062815], [17.5508051, 44.8062047], [17.5509133, 44.8062879], [17.5510486, 44.8063455], [17.5511929, 44.8062943], [17.5513372, 44.8062431], [17.5514996, 44.8062431], [17.5516259, 44.8063199], [17.5517341, 44.8064095], [17.5518784, 44.8063647], [17.5519415, 44.8062559], [17.5520768, 44.8063007], [17.5522212, 44.8063455], [17.5521941, 44.8062367], [17.5522933, 44.8061407], [17.5524557, 44.8061407], [17.5526, 44.8061727], [17.5527533, 44.8062047], [17.5529066, 44.8061663], [17.553051, 44.8061215], [17.5532043, 44.8061407], [17.5533441, 44.8062367], [17.5533982, 44.8062847], [17.5534794, 44.8062815], [17.553547, 44.8062495], [17.5535786, 44.8061983], [17.5536372, 44.8061631], [17.5538086, 44.8061631], [17.5538763, 44.8061343], [17.5539439, 44.8060991], [17.5541063, 44.8060575], [17.5541829, 44.8060479], [17.5542596, 44.8060447], [17.5543363, 44.8060447], [17.5544129, 44.8060511], [17.5544941, 44.8060575], [17.5545753, 44.8060415], [17.5546294, 44.806], [17.554679, 44.805952], [17.5547331, 44.8059072], [17.5548053, 44.8058784], [17.5548865, 44.8058784], [17.5549586, 44.8058976], [17.5550037, 44.8059392], [17.5550037, 44.8060479], [17.5550578, 44.8060831], [17.555139, 44.8060703], [17.5551796, 44.8060192], [17.5551841, 44.8059648], [17.5551706, 44.8059104], [17.5551255, 44.8058624], [17.5550488, 44.8058528], [17.5549722, 44.80584], [17.5549722, 44.8057856], [17.5550173, 44.8057344], [17.5550173, 44.8056768], [17.5550292, 44.8055121], [17.5550611, 44.80539], [17.5551418, 44.8052868], [17.5552591, 44.8052036], [17.5554215, 44.805178], [17.5555658, 44.8051332], [17.5556469, 44.8050372], [17.555692, 44.8049284], [17.5556109, 44.804826], [17.5554666, 44.804858], [17.5553132, 44.8048516], [17.5552501, 44.8047492], [17.5553583, 44.804666], [17.5555026, 44.8046212], [17.555665, 44.804634], [17.5557913, 44.8045444], [17.555665, 44.8044996], [17.5555838, 44.8044101], [17.555683, 44.8043269], [17.5558454, 44.8043205], [17.5560077, 44.8042949], [17.556152, 44.8042501], [17.5561881, 44.8041413], [17.5560438, 44.8041093], [17.5559175, 44.8040581], [17.5559175, 44.8039493], [17.5562332, 44.8039493], [17.5563775, 44.8039109], [17.5562964, 44.8038149], [17.5561791, 44.8037445], [17.5562242, 44.8036357], [17.5563775, 44.8036101], [17.5565399, 44.8035909], [17.5566481, 44.8035013], [17.5565489, 44.8034245], [17.556576, 44.8033157], [17.5564497, 44.8032517], [17.5562873, 44.8032517], [17.5562422, 44.8031493], [17.5563144, 44.8030469], [17.5564497, 44.8029893], [17.556603, 44.8029637], [17.556603, 44.8028549], [17.5566391, 44.8027397], [17.5568015, 44.8027141], [17.5569458, 44.8027397], [17.5571081, 44.8027461], [17.5572434, 44.8027013], [17.5573246, 44.8026053], [17.5573607, 44.8024965], [17.5573156, 44.8023941], [17.5573426, 44.8022853], [17.5574689, 44.8022213], [17.5574509, 44.8021125], [17.5574238, 44.8020037], [17.557505, 44.8019142], [17.5576583, 44.8019142], [17.5578117, 44.8019333], [17.557965, 44.8019781], [17.5581274, 44.8019909], [17.5582807, 44.8019589], [17.5583979, 44.8018886], [17.5585152, 44.801799], [17.5586685, 44.8017926], [17.5588399, 44.8017926], [17.5589842, 44.8017478], [17.5591466, 44.8017542], [17.5592729, 44.8018118], [17.5593631, 44.8019014], [17.5594803, 44.8019717], [17.5596336, 44.8019525], [17.5596517, 44.801895], [17.5594172, 44.8013318], [17.5589842, 44.8005574], [17.5592729, 44.8000838], [17.5591556, 44.8000262], [17.5590834, 44.7999238], [17.5590203, 44.7998278], [17.5589481, 44.7997317], [17.558885, 44.7996293], [17.5588399, 44.7995269], [17.5588219, 44.7994117], [17.5588219, 44.7993029], [17.558876, 44.7990661], [17.5589752, 44.7988933], [17.5595525, 44.7990661], [17.5594172, 44.7992389], [17.5595705, 44.7992517], [17.5599223, 44.7990405], [17.559934, 44.7989488], [17.5599764, 44.7986181], [17.5602019, 44.7980741], [17.5605446, 44.7975301], [17.560631, 44.7974427], [17.5609054, 44.7971652], [17.5613384, 44.7972484], [17.561654, 44.7971332], [17.5617352, 44.7969668], [17.5619013, 44.7968245], [17.5622133, 44.7965572], [17.561645, 44.7960324], [17.5621231, 44.7955971], [17.562096, 44.7953411], [17.5621952, 44.794733], [17.5623756, 44.7943298], [17.5619607, 44.7938561], [17.5620239, 44.7937537], [17.5627003, 44.7937729], [17.563458, 44.7932545], [17.5635662, 44.7930944], [17.5640262, 44.7928192], [17.5638548, 44.7924608], [17.5630341, 44.7920831], [17.5623846, 44.7909501], [17.5622854, 44.7908733], [17.5621772, 44.7907901], [17.5618074, 44.7906621], [17.5613384, 44.7910717], [17.561194, 44.7910397], [17.5610587, 44.7909821], [17.5609235, 44.7909245], [17.5607882, 44.7908797], [17.5606438, 44.7908413], [17.5604815, 44.7908221], [17.5601658, 44.7908221], [17.5600034, 44.7908349], [17.5598501, 44.7908605], [17.5596968, 44.7908861], [17.5595525, 44.7909181], [17.5593991, 44.7909437], [17.5592458, 44.7909821], [17.5591195, 44.7910269], [17.5589662, 44.7910845], [17.5588219, 44.7911229], [17.5586234, 44.7911421], [17.5583709, 44.7902652], [17.5583979, 44.7901564], [17.5585152, 44.7900668], [17.5588219, 44.7899835], [17.5590654, 44.7899003], [17.5592187, 44.7897083], [17.5593901, 44.7893434], [17.559814, 44.7884792], [17.560217, 44.7878631], [17.5608062, 44.7869621], [17.5612933, 44.7861619], [17.5611038, 44.7860595], [17.5610407, 44.7859314], [17.5610137, 44.7858098], [17.5609956, 44.7855153], [17.5607882, 44.7853169], [17.5604454, 44.7851248], [17.5603372, 44.7850544], [17.5601117, 44.784888], [17.5600215, 44.7847983], [17.5599403, 44.7846895], [17.5594442, 44.7838637], [17.5590834, 44.7830442], [17.5587948, 44.7826281], [17.5581544, 44.7821799], [17.5576764, 44.7817958], [17.5571172, 44.7813861], [17.5578207, 44.7807587], [17.5585152, 44.7801889], [17.5589301, 44.7796895], [17.5580732, 44.779427], [17.5581905, 44.7786715], [17.557956, 44.7786331], [17.5583709, 44.7782233], [17.5590925, 44.7780377], [17.5592458, 44.7780889], [17.5593991, 44.7781337], [17.5595434, 44.7781785], [17.5597058, 44.7781913], [17.5598501, 44.7781465], [17.5604905, 44.7777816], [17.5608513, 44.7778328], [17.5609505, 44.7774102], [17.5608693, 44.7772117], [17.5606889, 44.7771477], [17.5608333, 44.7767763], [17.561167, 44.7761681], [17.561185, 44.775611], [17.5611219, 44.775515], [17.5610497, 44.7754126], [17.5610678, 44.7752973], [17.561167, 44.7752013], [17.5612933, 44.7751308], [17.5614015, 44.7752013], [17.5615458, 44.7752397], [17.5615639, 44.7751244], [17.5615007, 44.775022], [17.5609866, 44.7748619], [17.5609415, 44.7747531], [17.5609415, 44.7746442], [17.5609505, 44.774529], [17.5609235, 44.7744201], [17.560734, 44.7740679], [17.5608242, 44.7740295], [17.5609325, 44.7739399], [17.5607972, 44.7738951], [17.5607431, 44.7737926], [17.5608784, 44.7737222], [17.5609415, 44.7736261], [17.5610407, 44.7735237], [17.5611309, 44.7734212], [17.5608513, 44.772941], [17.560707, 44.7728962], [17.5606078, 44.7727233], [17.5604274, 44.7727233], [17.5603191, 44.7721554], [17.560265, 44.7718717], [17.5603913, 44.7718077], [17.5605627, 44.77175], [17.5607431, 44.7716988], [17.5608874, 44.771654], [17.5610227, 44.7715899], [17.5610948, 44.7714939], [17.5611219, 44.771385], [17.5612752, 44.7713914], [17.5614376, 44.7714299], [17.5616089, 44.7714299], [17.5617533, 44.7713658], [17.5619156, 44.771353], [17.562078, 44.7713658], [17.5622133, 44.7714363], [17.5623395, 44.7714939], [17.5624207, 44.7713978], [17.5625741, 44.7714043], [17.5627093, 44.771353], [17.5628446, 44.7713018], [17.562998, 44.7713082], [17.5631694, 44.771289], [17.5633137, 44.7712378], [17.563476, 44.7712314], [17.5635752, 44.7711417], [17.5637105, 44.7710713], [17.5638548, 44.7710265], [17.5640172, 44.7710008], [17.5641796, 44.7709944], [17.5643599, 44.7710072], [17.5645133, 44.7710521], [17.5646666, 44.7710713], [17.564838, 44.7710713], [17.5649552, 44.7711481], [17.5650905, 44.7711929], [17.5652168, 44.7711289], [17.5654153, 44.7711225], [17.5655866, 44.7711225], [17.56574, 44.7710713], [17.5680941, 44.7688557], [17.5679859, 44.7687724], [17.5678506, 44.7687148], [17.5677153, 44.76867], [17.567589, 44.768606], [17.5674717, 44.7685419], [17.5673635, 44.7684651], [17.5672553, 44.7683754], [17.5671651, 44.7682858], [17.5670929, 44.7681897], [17.5670117, 44.7680873], [17.5669125, 44.7679144], [17.5670568, 44.7678247], [17.567156, 44.7679016], [17.568969, 44.766973], [17.5690502, 44.766877], [17.5691043, 44.7667617], [17.5692486, 44.7667041], [17.5694019, 44.7666656], [17.5699792, 44.7664159], [17.5701055, 44.766339], [17.5701776, 44.766243], [17.5701957, 44.7661277], [17.5701957, 44.7660125], [17.5702137, 44.7658908], [17.5702498, 44.7657819], [17.5702588, 44.7656666], [17.570331, 44.7655706], [17.5704392, 44.7654809], [17.5704933, 44.7653721], [17.5704933, 44.7651479], [17.5704663, 44.7650327], [17.5704482, 44.7649238], [17.5704482, 44.7648085], [17.5705204, 44.7647125], [17.5706016, 44.7646228], [17.5706827, 44.7645331], [17.5708722, 44.764341], [17.5709984, 44.7642578], [17.5711427, 44.7642129], [17.5712961, 44.7642386], [17.5714404, 44.7642834], [17.5715937, 44.7642514], [17.571729, 44.7641873], [17.5718643, 44.7641169], [17.5719906, 44.7640592], [17.5719726, 44.7639504], [17.5718733, 44.7638671], [17.5718463, 44.7637518], [17.5718914, 44.7636366], [17.5719635, 44.7635405], [17.5721349, 44.7634444], [17.5722522, 44.7633676], [17.5722522, 44.7632523], [17.572198, 44.7631499], [17.5721259, 44.7630474], [17.5720988, 44.7629385], [17.5720988, 44.7628296], [17.5721349, 44.7627208], [17.5726039, 44.7620611], [17.5726941, 44.7619651], [17.5728204, 44.7618882], [17.5729647, 44.761837], [17.5730098, 44.7617345], [17.5729737, 44.7616256], [17.5728926, 44.761536], [17.5729016, 44.7614271], [17.5730279, 44.7613631], [17.5731902, 44.7613631], [17.5733526, 44.7613374], [17.5734518, 44.7612414], [17.5735871, 44.7609404], [17.5737224, 44.7608891], [17.5737675, 44.7607867], [17.5738035, 44.7606714], [17.5737675, 44.7605561], [17.5736773, 44.7604728], [17.5738126, 44.7604152], [17.5737314, 44.7603255], [17.5735781, 44.7603191], [17.5736141, 44.7602103], [17.5737404, 44.7601206], [17.5737765, 44.7600053], [17.5737224, 44.7598964], [17.5737675, 44.759794], [17.5738126, 44.7596915], [17.5738577, 44.7595762], [17.5738306, 44.7594673], [17.5737043, 44.7593969], [17.573569, 44.759352], [17.5736502, 44.7592496], [17.5737043, 44.7591407], [17.5736051, 44.7590638], [17.573533, 44.7589678], [17.5736592, 44.7588909], [17.5737224, 44.7587884], [17.5736322, 44.7586988], [17.5734788, 44.758718], [17.5733435, 44.7587628], [17.5732353, 44.7586796], [17.573205, 44.7584594], [17.5732943, 44.7582964], [17.5733454, 44.75807], [17.5734474, 44.7579341], [17.573677, 44.7578707], [17.5739831, 44.7577439], [17.5741617, 44.757608], [17.5741617, 44.757445], [17.5741362, 44.757291], [17.5742, 44.7571461], [17.5744296, 44.7568743], [17.5744806, 44.7567204], [17.5744041, 44.7565664], [17.5742765, 44.7564305], [17.574251, 44.7562675], [17.5742127, 44.7561044], [17.5743275, 44.7559142], [17.5744296, 44.7557783], [17.5747868, 44.7556153], [17.574825, 44.7554432], [17.5749143, 44.755262], [17.5750036, 44.755099], [17.5750419, 44.7549088], [17.5754082, 44.7547602], [17.5759133, 44.7544784], [17.5763823, 44.7540941], [17.5770678, 44.754171], [17.5776811, 44.7541197], [17.5784027, 44.7540429], [17.579016, 44.7540685], [17.5795933, 44.7541966], [17.5800984, 44.7544272], [17.5806035, 44.7546577], [17.5812168, 44.754709], [17.5817219, 44.7544272], [17.5820827, 44.7540685], [17.5827321, 44.7539916], [17.5833815, 44.7539404], [17.5845, 44.7537098], [17.5851494, 44.7535561], [17.5856545, 44.753223], [17.5860153, 44.7528643], [17.5865204, 44.7526081], [17.5871337, 44.7524543], [17.587711, 44.752275], [17.5883243, 44.7521469], [17.5889377, 44.7521213], [17.5896592, 44.7521213], [17.5908859, 44.7520188], [17.5911433, 44.7519388], [17.5914632, 44.7518394], [17.5919322, 44.751532], [17.5924066, 44.7511979], [17.5930146, 44.7510708], [17.5936292, 44.7510751], [17.5942773, 44.7510964], [17.5949628, 44.751122], [17.5955761, 44.751122], [17.5962256, 44.7511733], [17.5966585, 44.7514551], [17.5969471, 44.7518394], [17.5972358, 44.7522237], [17.5975605, 44.7525568], [17.5980295, 44.7528643], [17.5985707, 44.7530949], [17.5992562, 44.7531461], [17.5999056, 44.7530949], [17.6003124, 44.7528678], [17.6004107, 44.752813], [17.6007354, 44.7524287], [17.6009555, 44.7520715], [17.6009879, 44.7520188], [17.6010962, 44.7515576], [17.6012766, 44.7511476], [17.6016193, 44.7508378], [17.6016734, 44.7507889], [17.6021785, 44.7505071], [17.6027558, 44.7503021], [17.6034413, 44.7503277], [17.6039103, 44.7506352], [17.6044154, 44.7508402], [17.6050648, 44.7508914], [17.6057142, 44.7507889], [17.6061472, 44.7504046], [17.6063997, 44.7499946], [17.6066523, 44.7496103], [17.6070131, 44.7492516], [17.6076264, 44.7490722], [17.6083119, 44.7490978], [17.6089613, 44.7492003], [17.6095025, 44.7494053], [17.6099715, 44.7496615], [17.6104766, 44.7499434], [17.6109457, 44.7502252], [17.6114508, 44.7504558], [17.6121002, 44.7504815], [17.6127135, 44.7502765], [17.6131825, 44.7498921], [17.6135072, 44.7495078], [17.6137959, 44.7491235], [17.6140484, 44.7486622], [17.6144814, 44.7483548], [17.6150225, 44.7481498], [17.615672, 44.7480473], [17.6163214, 44.7480217], [17.6169708, 44.7480473], [17.6176202, 44.7481242], [17.6182336, 44.7482266], [17.6188469, 44.7483291], [17.6194602, 44.7482779], [17.6199563, 44.7481818], [17.6204659, 44.7478007], [17.6207951, 44.7474932], [17.6209395, 44.7470384], [17.6211905, 44.7466837], [17.6212461, 44.7465195], [17.6213818, 44.7463116], [17.6214761, 44.7461671], [17.6215393, 44.7458949], [17.6215889, 44.7450429], [17.6215979, 44.744982], [17.6216204, 44.7449243], [17.6216475, 44.7448667], [17.6216746, 44.7448122], [17.622121, 44.7444567], [17.621652, 44.744178], [17.620511, 44.7451325], [17.6203622, 44.7450557], [17.6200555, 44.7447706], [17.6196902, 44.7444375], [17.6193655, 44.7440755], [17.6190724, 44.7437424], [17.6190183, 44.7438705], [17.6189732, 44.7439666], [17.618892, 44.7440563], [17.6188469, 44.7441588], [17.6188018, 44.7442613], [17.6187477, 44.7443638], [17.6186575, 44.7445047], [17.6185943, 44.7446201], [17.6183457, 44.7449725], [17.6182373, 44.7449793], [17.6181767, 44.7449929], [17.6181193, 44.745011], [17.6180746, 44.7450292], [17.6180268, 44.7450518], [17.6179822, 44.745079], [17.6179343, 44.7451084], [17.6178131, 44.7451945], [17.6177749, 44.7452171], [17.6177239, 44.7452489], [17.6176665, 44.7452806], [17.6176186, 44.74531], [17.617574, 44.7453349], [17.6175325, 44.7453621], [17.6174942, 44.745387], [17.6174528, 44.745421], [17.6174145, 44.7454595], [17.6174081, 44.7456407], [17.6170765, 44.74584], [17.6170446, 44.7458196], [17.6170701, 44.7457834], [17.6170924, 44.7457403], [17.6171403, 44.7456611], [17.6171594, 44.7456067], [17.6171658, 44.7455456], [17.6171562, 44.7455003], [17.6170956, 44.7454368], [17.6170155, 44.7453347], [17.6169613, 44.7452258], [17.6169343, 44.7451169], [17.6169433, 44.745008], [17.6169884, 44.7449055], [17.6170064, 44.7447901], [17.6169613, 44.7446876], [17.6168892, 44.744598], [17.6168441, 44.7444891], [17.6168351, 44.7443737], [17.6168351, 44.7441495], [17.616808, 44.7440278], [17.6167088, 44.7439317], [17.6166006, 44.7438484], [17.6165555, 44.7437395], [17.6165374, 44.7436306], [17.6165104, 44.7435153], [17.6164743, 44.7434064], [17.6164562, 44.7432975], [17.6164292, 44.7430733], [17.6164472, 44.7428618], [17.6163751, 44.7428234], [17.6161405, 44.7423685], [17.6161496, 44.7421828], [17.6161135, 44.7420354], [17.6161135, 44.7419265], [17.6160323, 44.7417151], [17.6159331, 44.7414588], [17.6159602, 44.7411961], [17.6159602, 44.7410872], [17.6160413, 44.7406195], [17.6161045, 44.740517], [17.6161496, 44.7404017], [17.6162037, 44.7402928], [17.6162488, 44.7401775], [17.6163029, 44.740075], [17.616348, 44.7399597], [17.6164111, 44.7398507], [17.6166907, 44.7394279], [17.616826, 44.739351], [17.6169343, 44.7392677], [17.6169884, 44.7391652], [17.6169523, 44.7390627], [17.6168531, 44.7389794], [17.6167449, 44.7389025], [17.6166547, 44.7388128], [17.6165555, 44.7385886], [17.6165284, 44.7384797], [17.6165104, 44.7383644], [17.6164382, 44.7373392], [17.6164382, 44.7372239], [17.6164021, 44.7370573], [17.616339, 44.7369612], [17.6162578, 44.7368715], [17.6161676, 44.736769], [17.6161405, 44.7366473], [17.6161496, 44.7365255], [17.6161496, 44.7364166], [17.6161315, 44.7363077], [17.6160594, 44.7362052], [17.6159511, 44.7361347], [17.6158068, 44.7360706], [17.6156625, 44.7359873], [17.6151303, 44.7356413], [17.6150401, 44.7355388], [17.6150041, 44.7354235], [17.6150311, 44.7353082], [17.6150852, 44.7351864], [17.6151213, 44.7350647], [17.6151394, 44.7349494], [17.6151484, 44.7348148], [17.6151484, 44.7346931], [17.6151394, 44.7345777], [17.6151303, 44.7344688], [17.6150762, 44.7342317], [17.6150311, 44.7341292], [17.614959, 44.7340203], [17.6148688, 44.7339306], [17.6147696, 44.7338345], [17.6146613, 44.7337512], [17.6145621, 44.7336743], [17.6144629, 44.7335846], [17.6143005, 44.7333924], [17.6142284, 44.7332963], [17.6141472, 44.7331937], [17.614066, 44.7330912], [17.6139848, 44.7329951], [17.6138766, 44.7329246], [17.6137503, 44.7328477], [17.613606, 44.7327837], [17.6128213, 44.7325594], [17.612677, 44.7325145], [17.6125507, 44.7324633], [17.6124244, 44.7323928], [17.6123162, 44.7323223], [17.612226, 44.7322326], [17.6121178, 44.7321557], [17.6119825, 44.7320916], [17.6118291, 44.7320724], [17.6116758, 44.7320724], [17.6115225, 44.7320852], [17.6113691, 44.732098], [17.6111978, 44.7321044], [17.6110354, 44.7321109], [17.6108731, 44.7321044], [17.6107378, 44.732066], [17.6106205, 44.7320019], [17.6105303, 44.7319122], [17.6104401, 44.7318225], [17.6103319, 44.7317392], [17.6101785, 44.7317072], [17.6100432, 44.7316751], [17.6098989, 44.7316367], [17.6097817, 44.7315726], [17.6096734, 44.7314829], [17.609475, 44.7312458], [17.6094029, 44.7311497], [17.6093307, 44.7310408], [17.6092676, 44.7309382], [17.6091954, 44.7308357], [17.6087625, 44.7299899], [17.6087174, 44.7298874], [17.6086903, 44.729772], [17.6086272, 44.7296695], [17.6085279, 44.7295862], [17.6084377, 44.7294965], [17.6083295, 44.7294132], [17.6082483, 44.7293171], [17.6082303, 44.7292017], [17.6082574, 44.7290928], [17.6083295, 44.7289903], [17.6084017, 44.7288877], [17.6084287, 44.7287596], [17.6084197, 44.7286442], [17.6083566, 44.7285417], [17.6082303, 44.7284712], [17.608086, 44.7284264], [17.6079326, 44.7284135], [17.6077793, 44.7283943], [17.607617, 44.7283431], [17.6074636, 44.7282726], [17.6073644, 44.7281828], [17.6072832, 44.7280931], [17.6072021, 44.7280034], [17.6071209, 44.7279009], [17.6070217, 44.7278112], [17.6069224, 44.7277279], [17.6068232, 44.7276446], [17.606724, 44.7275613], [17.6066338, 44.7274651], [17.6065887, 44.7273562], [17.6063813, 44.7269909], [17.6063271, 44.7268948], [17.606273, 44.7267923], [17.6062189, 44.7266769], [17.6062099, 44.7265552], [17.6062099, 44.7264462], [17.6061919, 44.7263309], [17.6061828, 44.7262155], [17.6061648, 44.7261066], [17.6061017, 44.7260041], [17.6060205, 44.7259079], [17.6059483, 44.7258118], [17.6058942, 44.7257093], [17.6058581, 44.7256003], [17.6058581, 44.7254914], [17.6058762, 44.7253761], [17.6059032, 44.7252543], [17.6059213, 44.7251389], [17.6059122, 44.7250236], [17.6058491, 44.7249211], [17.605804, 44.7248185], [17.605786, 44.7246968], [17.605795, 44.7245878], [17.605822, 44.7244725], [17.6058852, 44.7243699], [17.6059664, 44.7242674], [17.6060566, 44.7241713], [17.6061648, 44.7240815], [17.6062911, 44.7240046], [17.6063813, 44.7239149], [17.6064805, 44.7238188], [17.6065346, 44.7237163], [17.6065436, 44.7236073], [17.6065526, 44.723492], [17.6066068, 44.723101], [17.6065752, 44.7230293], [17.6065617, 44.7229985], [17.6065617, 44.7227806], [17.6065797, 44.7226653], [17.6065887, 44.7225499], [17.6065977, 44.7224345], [17.6065977, 44.7222038], [17.6065887, 44.7220949], [17.6065526, 44.7219859], [17.6065075, 44.7218834], [17.6064534, 44.721768], [17.6060295, 44.7212938], [17.6057318, 44.7207618], [17.6057589, 44.7205568], [17.6055064, 44.7202107], [17.6052177, 44.7201145], [17.6046765, 44.7197621], [17.6043609, 44.7193775], [17.6041286, 44.7190668], [17.6040268, 44.7189677], [17.6038925, 44.7184264], [17.6038798, 44.7181222], [17.6038446, 44.718049], [17.6037456, 44.7179888], [17.6034415, 44.7178425], [17.6033654, 44.7177824], [17.6033562, 44.7177306], [17.6035643, 44.7178256], [17.6037441, 44.7178849], [17.6040051, 44.7180071], [17.6041094, 44.7181902], [17.6042664, 44.7184325], [17.6042883, 44.7184548], [17.6043475, 44.7185309], [17.604516, 44.7186823], [17.6046699, 44.7187981], [17.6047675, 44.7188586], [17.6049168, 44.7188966], [17.6050174, 44.718883], [17.6051131, 44.7188286], [17.6052215, 44.7188059], [17.6053618, 44.718815], [17.6054575, 44.7188467], [17.6055595, 44.7188739], [17.6056616, 44.7188966], [17.60577, 44.7189011], [17.6060889, 44.7189011], [17.6061973, 44.7188921], [17.6063057, 44.7188694], [17.6064078, 44.7188422], [17.6065098, 44.7188105], [17.6066183, 44.7187924], [17.6067203, 44.7187652], [17.6068223, 44.718738], [17.6070201, 44.7186927], [17.6071221, 44.7186609], [17.6072305, 44.7186292], [17.6073326, 44.7186065], [17.6074282, 44.7185748], [17.6075239, 44.7185522], [17.607626, 44.7185295], [17.6077408, 44.7185114], [17.6078492, 44.7184932], [17.607964, 44.7184796], [17.6080852, 44.7184706], [17.6081936, 44.7184706], [17.608302, 44.7184751], [17.6083977, 44.7185114], [17.6085954, 44.7185884], [17.6086847, 44.7186292], [17.6087676, 44.71867], [17.6088569, 44.7187062], [17.6089589, 44.7187425], [17.6090737, 44.7187606], [17.6092906, 44.7187606], [17.609399, 44.718747], [17.6095202, 44.7187334], [17.6096159, 44.7187108], [17.6097243, 44.7186881], [17.6098263, 44.7186655], [17.6099348, 44.7186473], [17.6101452, 44.718602], [17.6102536, 44.7185794], [17.6103748, 44.7185476], [17.6104705, 44.7185204], [17.6105725, 44.7184887], [17.6106618, 44.7184479], [17.610732, 44.718389], [17.6107894, 44.7183256], [17.610968, 44.7180582], [17.6111083, 44.7179494], [17.6112358, 44.7177863], [17.6112996, 44.7176412], [17.6113761, 44.7174328], [17.6114527, 44.7172968], [17.6115292, 44.7171608], [17.6116058, 44.7170339], [17.6117206, 44.716907], [17.6119246, 44.7168527], [17.612167, 44.7168255], [17.6123711, 44.7168164], [17.6125879, 44.7167711], [17.6127665, 44.7166804], [17.6129579, 44.7165898], [17.6130982, 44.716481], [17.6132002, 44.7163451], [17.6133023, 44.7162182], [17.6134553, 44.7160913], [17.6136084, 44.7159916], [17.6139528, 44.715774], [17.6140271, 44.7156919], [17.6140676, 44.7156471], [17.6141697, 44.7155021], [17.6142845, 44.7151939], [17.6142972, 44.7150489], [17.6142972, 44.7149038], [17.6142462, 44.7147497], [17.6141697, 44.7146047], [17.6140676, 44.7144506], [17.6139656, 44.7143237], [17.6139145, 44.7141696], [17.6139401, 44.7140246], [17.6140293, 44.7138886], [17.6141314, 44.7137436], [17.6142845, 44.7136167], [17.6144375, 44.713517], [17.6148712, 44.7134626], [17.6153049, 44.7125198], [17.615037, 44.7120303], [17.6144758, 44.7112961], [17.6144885, 44.7109335], [17.6170014, 44.7085493], [17.6173841, 44.7080417], [17.6175627, 44.7079329], [17.6179198, 44.7077788], [17.6181367, 44.7077153], [17.6183535, 44.7076518], [17.6185704, 44.7076246], [17.6188, 44.7075974], [17.6196546, 44.7075974], [17.6198715, 44.7076156], [17.6200883, 44.7076428], [17.6219507, 44.7063554], [17.6223206, 44.7055939], [17.6224099, 44.7054579], [17.6224992, 44.7053219], [17.6226267, 44.705195], [17.6228053, 44.7050681], [17.6229456, 44.7049502], [17.6231242, 44.7048142], [17.6233028, 44.7047236], [17.6235069, 44.704642], [17.6237237, 44.7046148], [17.6239406, 44.7046057], [17.6241319, 44.7046511], [17.6243232, 44.7047508], [17.6247187, 44.7049412], [17.6251268, 44.7050862], [17.6253437, 44.7051497], [17.625535, 44.7052131], [17.6257264, 44.7052675], [17.6259177, 44.7053129], [17.6261345, 44.705331], [17.6263514, 44.7053038], [17.6265555, 44.7052403], [17.6267213, 44.7051587], [17.6269254, 44.705059], [17.627257, 44.7048596], [17.6274101, 44.7047598], [17.6274866, 44.7046148], [17.6275377, 44.7044697], [17.6277035, 44.7043791], [17.6278821, 44.7043247], [17.628303, 44.7043156], [17.6285071, 44.7043428], [17.6287367, 44.7043337], [17.6289153, 44.7042431], [17.6290556, 44.7041343], [17.6291576, 44.7039983], [17.6292342, 44.7038532], [17.629349, 44.7037172], [17.6295403, 44.7036719], [17.6298975, 44.7032821], [17.6300633, 44.7031914], [17.6303312, 44.7030826], [17.6305225, 44.7030101], [17.6307139, 44.7029557], [17.6309052, 44.7029103], [17.6311093, 44.7028559], [17.6313134, 44.7027743], [17.6314537, 44.7026656], [17.6315175, 44.7025296], [17.6317216, 44.7024026], [17.6319384, 44.7023845], [17.6321425, 44.702321], [17.6323083, 44.7022394], [17.6324741, 44.7021216], [17.6326145, 44.7020218], [17.6327803, 44.701913], [17.6329461, 44.7018042], [17.6331374, 44.7017136], [17.633367, 44.7016229], [17.6335711, 44.7015413], [17.6337625, 44.7014778], [17.6339538, 44.7014144], [17.6341451, 44.7013418], [17.6342982, 44.701224], [17.6343747, 44.7010789], [17.634413, 44.7009157], [17.6344513, 44.7007616], [17.6345023, 44.7004624], [17.6345533, 44.7003083], [17.6345916, 44.7001451], [17.6346299, 44.6999728], [17.6346809, 44.6998277], [17.6347829, 44.6997008], [17.635038, 44.6994378], [17.6359182, 44.6987669], [17.6359947, 44.6985946], [17.636556, 44.698377], [17.637232, 44.6984586], [17.6391581, 44.6978058], [17.6401148, 44.6979146], [17.6407526, 44.6976879], [17.6422961, 44.697833], [17.6421175, 44.6981866], [17.6422706, 44.698649], [17.6423981, 44.698776], [17.6425512, 44.6989029], [17.642717, 44.6989936], [17.6429083, 44.6990752], [17.6431252, 44.6991024], [17.6459697, 44.6996282], [17.6469392, 44.699465], [17.647207, 44.6994832], [17.647679, 44.6994016], [17.648355, 44.6995194], [17.6489928, 44.6995194], [17.6494393, 44.6992837], [17.6509827, 44.6990752], [17.6521562, 44.6996917], [17.652794, 44.7004624], [17.6549753, 44.7014597], [17.6555493, 44.702176], [17.6558809, 44.7037082], [17.6567611, 44.7045423], [17.6573606, 44.7046329], [17.6589933, 44.7054035], [17.6598607, 44.704923], [17.6600138, 44.7051225], [17.6606388, 44.7051497], [17.6623481, 44.7073708], [17.6624629, 44.7081776], [17.6642997, 44.7087578], [17.6648737, 44.7086309], [17.6661621, 44.7085312], [17.6669912, 44.708232], [17.6677438, 44.7083317], [17.6691852, 44.708096], [17.6697081, 44.7078785], [17.6699122, 44.7078241], [17.6701163, 44.7077788], [17.6709965, 44.7077788], [17.6712133, 44.7077969], [17.672795, 44.7070354], [17.6730884, 44.706981], [17.6733053, 44.7069719], [17.6735221, 44.7069719], [17.673739, 44.706981], [17.6740961, 44.7070535], [17.674313, 44.7070898], [17.6746829, 44.7071895], [17.6748742, 44.7072529], [17.6750783, 44.7073164], [17.6752696, 44.7073799], [17.6755885, 44.7074887], [17.6759202, 44.7075612], [17.676137, 44.7075612], [17.676507, 44.7075702], [17.6767238, 44.7075702], [17.6769279, 44.7075612], [17.6774381, 44.7075612], [17.677655, 44.7075793], [17.6778718, 44.7076065], [17.6780759, 44.7076609], [17.6782672, 44.7077425], [17.6785989, 44.7079601], [17.6788157, 44.7079873], [17.6790198, 44.7079873], [17.6794153, 44.7079057], [17.6797597, 44.707815], [17.680002, 44.7077606], [17.6802061, 44.7076972], [17.6803975, 44.7075793], [17.6805633, 44.7074524], [17.6806781, 44.7073345], [17.6808184, 44.7072076], [17.6809077, 44.7070716], [17.6810225, 44.7069538], [17.6812521, 44.7067906], [17.6811756, 44.7066909], [17.6811628, 44.7065368], [17.6813414, 44.706428], [17.6815455, 44.706437], [17.6816475, 44.706573], [17.682247, 44.7066002], [17.6824766, 44.7066183], [17.6827062, 44.7066637], [17.6831144, 44.7067815], [17.6833313, 44.7068541], [17.6835354, 44.7069356], [17.6837267, 44.7070172], [17.683918, 44.7070898], [17.6841221, 44.7071442], [17.6843135, 44.7071986], [17.6845176, 44.7072439], [17.684964, 44.7079601], [17.685015, 44.7081142], [17.685015, 44.7082774], [17.686061, 44.7086218], [17.6868008, 44.7085493], [17.6872983, 44.7086128], [17.6875662, 44.7084949], [17.6881785, 44.7089845], [17.6884591, 44.7089029], [17.6890841, 44.7093833], [17.6899515, 44.7088032], [17.690602, 44.7091748], [17.6912781, 44.7097006], [17.6914822, 44.7098366], [17.6916608, 44.7099272], [17.6918521, 44.7100088], [17.6920434, 44.7101176], [17.6922603, 44.7102627], [17.6924516, 44.7103442], [17.6926557, 44.7103986], [17.6928471, 44.710444], [17.6930384, 44.7105165], [17.6932808, 44.7106434], [17.6934593, 44.710734], [17.6939823, 44.7104349], [17.6951941, 44.7102717], [17.6955385, 44.7098094], [17.6955258, 44.7095374], [17.695513, 44.7093833], [17.6956661, 44.7092836], [17.6958829, 44.7092836], [17.6960615, 44.7093652], [17.6962273, 44.7094468], [17.6963549, 44.7094831], [17.6969672, 44.7092292], [17.6971457, 44.7091567], [17.6973753, 44.7091023], [17.6975922, 44.7090842], [17.6977963, 44.7090842], [17.6980386, 44.7090932], [17.6982555, 44.7091295], [17.6984723, 44.7091476], [17.6986764, 44.7091567], [17.6988805, 44.7091476], [17.6991101, 44.7091295], [17.6993015, 44.7090751], [17.6996331, 44.7088757], [17.6997862, 44.7087488], [17.6998882, 44.7086128], [17.699952, 44.7084677], [17.6999648, 44.7083227], [17.6998372, 44.7081867], [17.6996841, 44.7080779], [17.6995056, 44.7079691], [17.6993397, 44.7078603], [17.6991867, 44.7077516], [17.6991101, 44.7076156], [17.6990974, 44.7074615], [17.6991484, 44.7073255], [17.7003729, 44.7077878], [17.7008832, 44.7077697], [17.7010745, 44.7077244], [17.7013041, 44.707679], [17.701521, 44.70767], [17.7017378, 44.70767], [17.7033833, 44.7081958], [17.7037277, 44.7086672], [17.7038808, 44.708776], [17.7040594, 44.7088394], [17.7042762, 44.7088485], [17.7044675, 44.7087669], [17.7045951, 44.70864], [17.7047992, 44.7085765], [17.705016, 44.7085765], [17.7052329, 44.7085856], [17.7054497, 44.7086309], [17.7056411, 44.7086853], [17.7058324, 44.708776], [17.7061641, 44.7089935], [17.706585, 44.7093561], [17.7067125, 44.7094831], [17.7068401, 44.70961], [17.7069677, 44.709755], [17.7080647, 44.7112417], [17.7080519, 44.711849], [17.7081157, 44.7120031], [17.7082305, 44.7121482], [17.7083963, 44.7123114], [17.7086897, 44.7127465], [17.7090851, 44.7130819], [17.7092637, 44.7131725], [17.7097612, 44.7133901], [17.709927, 44.7134898], [17.7102459, 44.7137436], [17.7105775, 44.7139521], [17.7111515, 44.7143056], [17.7114959, 44.7148948], [17.7115597, 44.7150398], [17.7117256, 44.7153752], [17.7120444, 44.7155474], [17.7122613, 44.7156018], [17.7129629, 44.7157196], [17.7131797, 44.7157921], [17.7136899, 44.7161728], [17.7139068, 44.7166714], [17.7143405, 44.7171518], [17.7145828, 44.7175325], [17.7146721, 44.7181398], [17.7145701, 44.7186383], [17.7149272, 44.7190371], [17.7150548, 44.71959], [17.7152716, 44.7201428], [17.7153099, 44.720596], [17.7152716, 44.7208951], [17.7153354, 44.7211217], [17.7158839, 44.7214389], [17.7167768, 44.7214117], [17.7173763, 44.7220552], [17.718754, 44.722454], [17.7197999, 44.7232335], [17.7207821, 44.7234872], [17.7207439, 44.7235779], [17.7205908, 44.7235416], [17.7203484, 44.7235144], [17.7201316, 44.7235597], [17.7199785, 44.7236866], [17.7198765, 44.7238407], [17.7197872, 44.7239857], [17.7196979, 44.7241488], [17.7194045, 44.724892], [17.7196851, 44.7256714], [17.722772, 44.7263148], [17.7230144, 44.7267045], [17.7239456, 44.7269764], [17.7245578, 44.7276108], [17.7245833, 44.7280367], [17.724392, 44.7286439], [17.7245961, 44.7291423], [17.7250425, 44.7299217], [17.7248767, 44.7306466], [17.7253487, 44.7315256], [17.7251956, 44.7319606], [17.725489, 44.73216], [17.7267646, 44.7345431], [17.7269176, 44.7350778], [17.7269176, 44.7352318], [17.7268794, 44.7353949], [17.7268156, 44.7356214], [17.7267773, 44.7358027], [17.7267263, 44.7359567], [17.7266625, 44.7361017], [17.7265987, 44.7362829], [17.7265477, 44.7364551], [17.7265222, 44.7366091], [17.7265222, 44.7367631], [17.7265477, 44.7369262], [17.7265987, 44.7370893], [17.7266625, 44.7372615], [17.7267391, 44.7373974], [17.7280274, 44.7391552], [17.728257, 44.739572], [17.7282315, 44.7400069], [17.7292902, 44.7399616], [17.7301448, 44.7401519], [17.7306423, 44.7407136], [17.7308081, 44.741221], [17.7308719, 44.741375], [17.730974, 44.7415109], [17.731127, 44.7416196], [17.7313184, 44.7416649], [17.7316118, 44.741674], [17.7319179, 44.7416559], [17.7322495, 44.741674], [17.7324409, 44.7417193], [17.7326322, 44.7417737], [17.732798, 44.7418824], [17.7329256, 44.7420002], [17.7330787, 44.7420998], [17.7332572, 44.7421814], [17.7334613, 44.7422085], [17.7336782, 44.7422176], [17.733895, 44.7422085], [17.7341119, 44.7422085], [17.7343287, 44.7422357], [17.7345073, 44.7423173], [17.7346221, 44.7424441], [17.7346731, 44.7425981], [17.7346859, 44.7427612], [17.7346221, 44.7430874], [17.7346221, 44.7432505], [17.7345456, 44.7433954], [17.734418, 44.7435313], [17.7343925, 44.7437035], [17.734469, 44.7438665], [17.7346221, 44.7439753], [17.7347497, 44.744093], [17.7347624, 44.7442561], [17.7347114, 44.7444101], [17.7345201, 44.7447272], [17.7343542, 44.7448812], [17.7342649, 44.7450262], [17.7342394, 44.7451802], [17.7342394, 44.7453433], [17.7343032, 44.7454973], [17.7344308, 44.7456151], [17.7345456, 44.745751], [17.7345711, 44.745914], [17.7346986, 44.7460499], [17.735043, 44.7462402], [17.7357191, 44.746666], [17.7372115, 44.7470737], [17.7377345, 44.7473364], [17.7379514, 44.74759], [17.7381937, 44.7476082], [17.7388315, 44.7475266], [17.739903, 44.74759], [17.7407831, 44.7478256], [17.7412168, 44.7482695], [17.7413444, 44.7488764], [17.7415102, 44.7493566], [17.74262, 44.7496283], [17.7430026, 44.7503078], [17.7432705, 44.7503531], [17.7436021, 44.7507969], [17.7444568, 44.7513495], [17.7454135, 44.7517481], [17.745975, 44.7519879], [17.7461807, 44.7520488], [17.7468236, 44.7522105], [17.7471399, 44.7522785], [17.7473256, 44.7523624], [17.7477019, 44.7525006], [17.7480368, 44.7526433], [17.74826, 44.7528244], [17.7484162, 44.7529513], [17.7485948, 44.7531143], [17.7487745, 44.7532488], [17.7520575, 44.755439], [17.7508329, 44.7582288], [17.7511901, 44.7605475], [17.7503737, 44.763156], [17.7491492, 44.7638443], [17.7497615, 44.7674306], [17.7527316, 44.772313], [17.7528495, 44.7725284], [17.7528119, 44.7726998], [17.7527183, 44.7729444], [17.7527797, 44.7732634], [17.7528977, 44.7734957], [17.753231, 44.7738421], [17.7534717, 44.7740289], [17.7536863, 44.7741317], [17.7544373, 44.7742993], [17.7545576, 44.7743492], [17.7545661, 44.774463], [17.7545071, 44.7745887], [17.7543752, 44.7747267], [17.7536742, 44.7754169], [17.7532336, 44.7760148], [17.7523532, 44.7772371], [17.7516117, 44.7780377], [17.7507359, 44.7787927], [17.7501619, 44.779223], [17.7498132, 44.7793981], [17.7490471, 44.7797096], [17.7484962, 44.7799845], [17.7481341, 44.7801939], [17.7478605, 44.7804053], [17.7477023, 44.7805576], [17.7476272, 44.7806794], [17.7474654, 44.7810496], [17.7483328, 44.7825344], [17.7467511, 44.7842003], [17.7429754, 44.7851781], [17.7390977, 44.787713], [17.7385364, 44.7916962], [17.7409855, 44.7950274], [17.7418019, 44.7956067], [17.7458327, 44.798829], [17.7473124, 44.8018702], [17.7468021, 44.8032821], [17.7447102, 44.8039699], [17.7423631, 44.8036441], [17.7407304, 44.8041147], [17.7410876, 44.8053818], [17.7426182, 44.8054542], [17.7422611, 44.8062506], [17.7427713, 44.8074814], [17.7461388, 44.8089656], [17.7454755, 44.8115356], [17.7457306, 44.812151], [17.7461388, 44.8126577], [17.7467001, 44.8132007], [17.7477205, 44.8142142], [17.7482308, 44.8146847], [17.7489961, 44.8149019], [17.7498125, 44.8149743], [17.7506288, 44.8150828], [17.7514452, 44.8152276], [17.7522616, 44.8154086], [17.75318, 44.8156982], [17.7540984, 44.8160963], [17.7548127, 44.8163859], [17.755425, 44.816784], [17.7560373, 44.8173269], [17.7563944, 44.8178698], [17.7564965, 44.8184851], [17.7562414, 44.8191003], [17.7557311, 44.8196432], [17.7551699, 44.8201499], [17.7547107, 44.8206566], [17.7588946, 44.8218509], [17.7631805, 44.8243118], [17.7624662, 44.8246737], [17.7624662, 44.8252889], [17.7627213, 44.8259041], [17.7634356, 44.826266], [17.764303, 44.8261936], [17.7647112, 44.825687], [17.7649153, 44.8250718], [17.7652214, 44.8245651], [17.7660888, 44.8244566], [17.7669052, 44.8244566], [17.7677215, 44.824529], [17.7685889, 44.8247099], [17.7694053, 44.8249632], [17.7700686, 44.8253975], [17.7703747, 44.8260127], [17.7705788, 44.8266641], [17.7711401, 44.8271345], [17.7719054, 44.827424], [17.7727728, 44.8275687], [17.7735892, 44.8276049], [17.7744566, 44.8275326], [17.775324, 44.827424], [17.7761403, 44.8273154], [17.7770077, 44.8272431], [17.7778751, 44.827424], [17.7782833, 44.8279306], [17.7784874, 44.828582], [17.7780792, 44.829161], [17.77762, 44.8297037], [17.7778241, 44.8302827], [17.7780792, 44.8308617], [17.7780282, 44.831513], [17.7772628, 44.8318387], [17.7763444, 44.8318387], [17.7757832, 44.8313683], [17.7749668, 44.8310788], [17.7741504, 44.8312597], [17.7738443, 44.8318749], [17.7740484, 44.83249], [17.7746096, 44.8329966], [17.7752219, 44.8334308], [17.7760383, 44.8336479], [17.7770077, 44.833684], [17.7787935, 44.833684], [17.7795589, 44.833865], [17.7802732, 44.8343715], [17.7807324, 44.8348781], [17.7813447, 44.8353846], [17.7822121, 44.8355655], [17.7831305, 44.8355655], [17.7839468, 44.8356017], [17.7847632, 44.8355655], [17.7861918, 44.8356741], [17.7871613, 44.8357465], [17.788794, 44.8361083], [17.7895083, 44.8363615], [17.7902227, 44.8366872], [17.7907329, 44.8372299], [17.7905798, 44.8379535], [17.7897124, 44.8381706], [17.7893042, 44.8387495], [17.7893042, 44.8393645], [17.788845, 44.8399072], [17.7879777, 44.8401967], [17.7877225, 44.8408841], [17.7885389, 44.841282], [17.7894063, 44.8413544], [17.7902737, 44.841282], [17.7911921, 44.8411373], [17.7920595, 44.8411011], [17.7928759, 44.8411373], [17.7933703, 44.8414933], [17.79376, 44.8420569], [17.7946106, 44.8424759], [17.795325, 44.8428015], [17.7961923, 44.8427653], [17.7967217, 44.8425559], [17.7970063, 44.8423688], [17.7973471, 44.8421304], [17.7975324, 44.8420054], [17.7977166, 44.8418612], [17.797916, 44.8416493], [17.7981227, 44.8414971], [17.7983332, 44.8414087], [17.7986187, 44.8413329], [17.7989193, 44.8413302], [17.7991413, 44.8413365], [17.7991989, 44.8413406], [17.7991406, 44.8414828], [17.7991049, 44.8415897], [17.7991585, 44.8416562], [17.7992455, 44.8417179], [17.7993057, 44.8417843], [17.7993526, 44.8418603], [17.7993927, 44.8419362], [17.7994061, 44.8420216], [17.7994262, 44.8421023], [17.7993727, 44.8421735], [17.7993057, 44.84224], [17.7992856, 44.8423254], [17.799299, 44.8424061], [17.7993526, 44.8424773], [17.7999349, 44.8430611], [17.8000153, 44.8431228], [17.8000889, 44.8431892], [17.8001224, 44.8432699], [17.8002563, 44.8433933], [17.8003165, 44.8434597], [17.8003567, 44.8435309], [17.8003634, 44.8436116], [17.8003567, 44.8436923], [17.8003165, 44.8438584], [17.8002763, 44.8439391], [17.8002295, 44.8440103], [17.8001692, 44.8440862], [17.8001023, 44.8441574], [17.8000086, 44.8442049], [17.7998948, 44.8442239], [17.7997609, 44.8442191], [17.7996605, 44.8441859], [17.7995467, 44.8441622], [17.7994262, 44.8441479], [17.7992923, 44.8441527], [17.7991719, 44.8441527], [17.7990581, 44.844129], [17.7989577, 44.844091], [17.7988439, 44.8440767], [17.7987234, 44.8440957], [17.7986029, 44.8441052], [17.7984824, 44.8441005], [17.7983753, 44.8440767], [17.7982615, 44.8440245], [17.7981678, 44.8439723], [17.7980941, 44.8439106], [17.7979804, 44.8438822], [17.7978599, 44.8438822], [17.7974984, 44.8439106], [17.7974248, 44.8439818], [17.7973578, 44.8440483], [17.7972574, 44.8441005], [17.797157, 44.8441384], [17.7970968, 44.8442096], [17.7970566, 44.8442998], [17.7969897, 44.844371], [17.7969361, 44.8444422], [17.796896, 44.8445181], [17.7968491, 44.8445941], [17.7968223, 44.8446748], [17.7968022, 44.8447554], [17.7968022, 44.8448409], [17.7968223, 44.8449263], [17.7968558, 44.8450022], [17.7969026, 44.8450734], [17.7969696, 44.8451446], [17.7970365, 44.8452111], [17.7970968, 44.8452822], [17.7971972, 44.8454104], [17.7972641, 44.8454911], [17.7973377, 44.8455623], [17.7974382, 44.8456382], [17.7975453, 44.8457094], [17.7977126, 44.8458138], [17.7977996, 44.8458707], [17.7978732, 44.8459277], [17.7979603, 44.8459989], [17.7980607, 44.8460938], [17.7981276, 44.8461555], [17.7982347, 44.8462409], [17.7984021, 44.8463311], [17.7984958, 44.8463881], [17.7985627, 44.8464545], [17.798623, 44.8465779], [17.7986497, 44.8466538], [17.7986765, 44.8467345], [17.7987301, 44.8468057], [17.7988037, 44.8468721], [17.7988974, 44.8469291], [17.7989777, 44.846986], [17.7990246, 44.847062], [17.7990648, 44.8471332], [17.7991451, 44.8471901], [17.7992522, 44.8472138], [17.7993526, 44.8472471], [17.7994329, 44.8472993], [17.7998881, 44.84794], [17.7999349, 44.8480159], [17.7999684, 44.8480966], [17.7999952, 44.848182], [17.7999885, 44.8482674], [17.799955, 44.8483481], [17.7999015, 44.848424], [17.7998412, 44.8484952], [17.7997542, 44.8485616], [17.7996672, 44.8486186], [17.7995668, 44.8486708], [17.799453, 44.8487135], [17.7993392, 44.848761], [17.7992321, 44.8488084], [17.7991317, 44.8488511], [17.799038, 44.8488939], [17.7988372, 44.8489793], [17.7987434, 44.8490362], [17.7986832, 44.8491074], [17.7986029, 44.8491691], [17.7984288, 44.8492925], [17.7983418, 44.8493637], [17.7982816, 44.8494301], [17.7982347, 44.849506], [17.7981946, 44.8495867], [17.7981879, 44.8496721], [17.7982347, 44.8497433], [17.798315, 44.849805], [17.7983619, 44.8498857], [17.7983686, 44.8499664], [17.7984154, 44.8500423], [17.7984891, 44.850104], [17.7992589, 44.8508918], [17.7993392, 44.8510199], [17.8002629, 44.8517887], [17.8009121, 44.8528328], [17.8014045, 44.8534173], [17.8017195, 44.8536291], [17.8020224, 44.8538343], [17.8024585, 44.8539858], [17.803737, 44.8544223], [17.804219, 44.8544983], [17.8043395, 44.854503], [17.8044533, 44.854503], [17.8046876, 44.8545315], [17.804788, 44.8545552], [17.8048951, 44.8545837], [17.8050022, 44.8546169], [17.805116, 44.8546596], [17.8052097, 44.8547118], [17.8053703, 44.8548352], [17.8054373, 44.8549064], [17.8054908, 44.8549823], [17.805531, 44.8550677], [17.8055444, 44.8551484], [17.8055444, 44.8552338], [17.8055243, 44.8553239], [17.8053053, 44.8557507], [17.805097, 44.8559386], [17.8048888, 44.8561265], [17.8046237, 44.8562608], [17.8043019, 44.856301], [17.8036203, 44.856301], [17.8032984, 44.8563279], [17.8030144, 44.8564218], [17.8027683, 44.8565829], [17.8023518, 44.8569587], [17.8021624, 44.8571465], [17.8019731, 44.8573479], [17.8017648, 44.8575223], [17.8014808, 44.8576565], [17.801159, 44.8577371], [17.800856, 44.8578176], [17.8005342, 44.8578176], [17.8002313, 44.8577371], [17.7999851, 44.857576], [17.7998526, 44.8573747], [17.7997201, 44.8571734], [17.7995875, 44.8569587], [17.7994739, 44.8567439], [17.7993793, 44.8565158], [17.7992657, 44.856301], [17.7991331, 44.8560997], [17.7989817, 44.8559118], [17.7987545, 44.8557239], [17.7985273, 44.8555494], [17.7982622, 44.8554152], [17.7979782, 44.8553347], [17.7976564, 44.8552944], [17.7973345, 44.855281], [17.7969937, 44.855281], [17.796634, 44.8553078], [17.7963121, 44.8553749], [17.7960092, 44.8554689], [17.795782, 44.8556434], [17.7956873, 44.8558715], [17.7956495, 44.8560997], [17.7955737, 44.8563413], [17.7954412, 44.8565694], [17.7952897, 44.8567842], [17.7951951, 44.8570258], [17.7951383, 44.8572673], [17.7951193, 44.8574955], [17.7951572, 44.8577371], [17.7953087, 44.8579518], [17.7954791, 44.8581665], [17.7956873, 44.8583544], [17.7959145, 44.8585021], [17.7961796, 44.8586363], [17.7964825, 44.8586899], [17.7967854, 44.8587705], [17.7970694, 44.8588778], [17.7973913, 44.8589181], [17.7977132, 44.8588912], [17.7979972, 44.8589584], [17.7980729, 44.8592402], [17.7981486, 44.8594683], [17.7982054, 44.8597099], [17.7982054, 44.859938], [17.7981297, 44.8601662], [17.7978646, 44.8603138], [17.7979782, 44.8605151], [17.7982433, 44.8606493], [17.798603, 44.8606896], [17.7989627, 44.8606762], [17.7992846, 44.8606762], [17.7996065, 44.8607164], [17.7999283, 44.8608104], [17.8001555, 44.8609848], [17.8003259, 44.8611861], [17.8005342, 44.861374], [17.8007614, 44.861535], [17.8010075, 44.8616961], [17.8012726, 44.8618169], [17.8015566, 44.8619645], [17.8018216, 44.8620853], [17.8021056, 44.862206], [17.8023707, 44.8623134], [17.8026168, 44.8624342], [17.8028601, 44.8625395], [17.8031659, 44.8626891], [17.8033931, 44.862877], [17.8035824, 44.8630783], [17.8038475, 44.8636956], [17.8039989, 44.8640177], [17.8041125, 44.8642592], [17.804264, 44.8644874], [17.8043776, 44.8647289], [17.8044722, 44.864957], [17.8045858, 44.8651717], [17.8046994, 44.865373], [17.8049077, 44.8655743], [17.8051728, 44.8657756], [17.8054189, 44.8659098], [17.805684, 44.8660708], [17.8058733, 44.8662721], [17.8060437, 44.8664734], [17.8062141, 44.8666747], [17.8063277, 44.8668759], [17.8063845, 44.8671041], [17.8062709, 44.8673322], [17.8060626, 44.86752], [17.8057976, 44.8676676], [17.8055325, 44.8678018], [17.8052485, 44.8679092], [17.8049456, 44.8680299], [17.8046237, 44.8681105], [17.8043397, 44.8682178], [17.8040368, 44.868352], [17.8037717, 44.8684728], [17.8034877, 44.8686204], [17.8032227, 44.8687411], [17.8029765, 44.868929], [17.8027304, 44.8691437], [17.8025032, 44.8693718], [17.8023139, 44.869573], [17.801708, 44.8703647], [17.8016134, 44.8705794], [17.8015376, 44.8708209], [17.8014998, 44.8710624], [17.8015376, 44.8713174], [17.8016512, 44.8715321], [17.8018027, 44.8717333], [17.8019731, 44.871948], [17.8021246, 44.8721493], [17.8022382, 44.8723505], [17.802276, 44.872592], [17.8022382, 44.8728201], [17.8021814, 44.8730482], [17.8015755, 44.8736118], [17.8013294, 44.8737996], [17.8010454, 44.8739203], [17.8007424, 44.8740008], [17.8004017, 44.8740948], [17.7999851, 44.8741082], [17.7996633, 44.8740813], [17.7993414, 44.8740679], [17.7990006, 44.8740545], [17.7986788, 44.8740411], [17.7983569, 44.8740411], [17.798035, 44.8741082], [17.7977132, 44.8742289], [17.797467, 44.8744168], [17.7973724, 44.8746314], [17.7973724, 44.8751145], [17.797486, 44.8753291], [17.7976374, 44.875517], [17.7978268, 44.8757182], [17.798035, 44.875906], [17.7982622, 44.8760939], [17.7985084, 44.8762549], [17.7987923, 44.876389], [17.7990953, 44.8765098], [17.7993982, 44.87655], [17.8012915, 44.87655], [17.8015944, 44.8765903], [17.8018974, 44.8766574], [17.8021624, 44.8767647], [17.8024086, 44.8769257], [17.8026168, 44.8770867], [17.8028061, 44.8772745], [17.8029008, 44.8775026], [17.8028629, 44.8777441], [17.8026547, 44.8779319], [17.8022571, 44.8779587], [17.8019163, 44.8779453], [17.8015944, 44.8778782], [17.8012536, 44.8778246], [17.8009318, 44.8778112], [17.800591, 44.8778112], [17.8002502, 44.8778246], [17.7999283, 44.8778782], [17.7996254, 44.8780124], [17.7993414, 44.8781868], [17.7990953, 44.8783881], [17.7985462, 44.8789515], [17.7983758, 44.8791796], [17.7982812, 44.8794211], [17.7982244, 44.8796894], [17.7982244, 44.8801992], [17.7983001, 44.8804541], [17.7983758, 44.8806822], [17.7984894, 44.8808834], [17.7986409, 44.8811115], [17.7987734, 44.8813261], [17.7989438, 44.8815542], [17.7991521, 44.8817956], [17.7991899, 44.88197], [17.7992846, 44.8821847], [17.7993982, 44.8823859], [17.7995875, 44.8826408], [17.7999094, 44.8826944], [17.8002691, 44.882681], [17.800591, 44.8826676], [17.8009128, 44.8826676], [17.8012158, 44.8826944], [17.8014998, 44.8827884], [17.8016891, 44.883003], [17.8016702, 44.8832445], [17.8015755, 44.8834591], [17.8014619, 44.8837006], [17.8014051, 44.883942], [17.8013672, 44.8841835], [17.8012726, 44.8844115], [17.8010832, 44.8846262], [17.8008371, 44.8848006], [17.8006288, 44.884975], [17.8004585, 44.8851628], [17.8003259, 44.885364], [17.8002313, 44.8856054], [17.8001745, 44.8858469], [17.8001366, 44.8860884], [17.8000798, 44.8866115], [17.8000041, 44.8868395], [17.7995307, 44.8869469], [17.7991899, 44.8869603], [17.7989059, 44.8870542], [17.798603, 44.8872151], [17.7983001, 44.8874029], [17.798054, 44.8875639], [17.797751, 44.8877249], [17.797486, 44.8878858], [17.7972209, 44.8880602], [17.7969748, 44.8882078], [17.7966908, 44.8883419], [17.7963689, 44.8884895], [17.796066, 44.8885968], [17.7957441, 44.8886907], [17.7954033, 44.8888114], [17.7951004, 44.8888784], [17.7947786, 44.8889589], [17.7944378, 44.889026], [17.7941159, 44.8890931], [17.7937562, 44.8891467], [17.7934154, 44.8891735], [17.7930367, 44.8892138], [17.7926959, 44.8892406], [17.7922983, 44.889254], [17.7912381, 44.889254], [17.7898181, 44.889187], [17.7894584, 44.8891601], [17.7890797, 44.8891199], [17.7887389, 44.8890797], [17.7884171, 44.8890797], [17.7880952, 44.8891601], [17.7878112, 44.8892943], [17.7875272, 44.8894284], [17.7872432, 44.8895894], [17.7869592, 44.8897369], [17.7866563, 44.8898174], [17.7863155, 44.8898442], [17.7859558, 44.889804], [17.7856339, 44.8897503], [17.7852931, 44.8897503], [17.7849523, 44.8897906], [17.7846873, 44.8899515], [17.7845737, 44.8901661], [17.7845737, 44.8903942], [17.7846683, 44.8906088], [17.7848009, 44.89081], [17.7849523, 44.8910112], [17.785047, 44.8912258], [17.7851227, 44.8914404], [17.7851985, 44.8916684], [17.7852931, 44.891883], [17.7853499, 44.8922317], [17.7854824, 44.8924464], [17.7857854, 44.8924732], [17.7861072, 44.8924732], [17.7864291, 44.8924329], [17.786732, 44.8923793], [17.7870539, 44.8923256], [17.7873568, 44.8922988], [17.7876976, 44.8922988], [17.7880005, 44.8923122], [17.7883224, 44.8923391], [17.7886253, 44.8924329], [17.7889093, 44.8925268], [17.7892312, 44.8926341], [17.789553, 44.8926744], [17.7899128, 44.8926475], [17.7902346, 44.8925939], [17.7904997, 44.8924732], [17.7907648, 44.8923256], [17.7910298, 44.8922183], [17.7913138, 44.8921379], [17.7916546, 44.8920976], [17.7919954, 44.892111], [17.7922983, 44.8922049], [17.7925823, 44.8922988], [17.7930746, 44.8925671], [17.7933775, 44.8927012], [17.7936236, 44.8928621], [17.7939266, 44.8929292], [17.7942295, 44.8930365], [17.7944567, 44.8932243], [17.7946082, 44.8934121], [17.794665, 44.8936535], [17.794665, 44.8938815], [17.7944946, 44.8940827], [17.7942106, 44.8942302], [17.7938698, 44.8943643], [17.7935479, 44.8944582], [17.793245, 44.8945655], [17.792961, 44.8946997], [17.7927338, 44.894874], [17.7925255, 44.8950752], [17.7923173, 44.895263], [17.7920711, 44.8954105], [17.7917682, 44.895558], [17.7915221, 44.895719], [17.7912949, 44.8959604], [17.7908408, 44.8965163], [17.7906322, 44.8967115], [17.7903861, 44.8968724], [17.79014, 44.8970467], [17.7898938, 44.8972211], [17.7896477, 44.8974223], [17.7894205, 44.89761], [17.7891744, 44.8977576], [17.7889283, 44.8979185], [17.7886443, 44.8980526], [17.7883603, 44.8981733], [17.7880384, 44.8983208], [17.7877544, 44.8984415], [17.7874704, 44.8985891], [17.7872053, 44.8987098], [17.7868078, 44.8988975], [17.7865238, 44.8990585], [17.7862966, 44.8992194], [17.7860883, 44.8994206], [17.7859558, 44.8996351], [17.7859179, 44.8998631], [17.785899, 44.9000911], [17.785899, 44.9003459], [17.7859179, 44.9005739], [17.7859936, 44.9008153], [17.7861262, 44.9010299], [17.7862966, 44.901231], [17.7865995, 44.9016334], [17.7866563, 44.9018613], [17.7866942, 44.9021027], [17.7866752, 44.9023441], [17.7866077, 44.9025362], [17.7865995, 44.9025989], [17.786467, 44.9028135], [17.7862776, 44.9030146], [17.7860694, 44.9032024], [17.7858422, 44.9033767], [17.785596, 44.9035511], [17.785312, 44.9036717], [17.7849902, 44.9037924], [17.7846683, 44.9038863], [17.7843465, 44.9039668], [17.7840057, 44.9040204], [17.7836649, 44.9040606], [17.7833241, 44.9040338], [17.7830212, 44.9039399], [17.7827372, 44.9038193], [17.7824721, 44.9036986], [17.7821692, 44.9035779], [17.7818852, 44.9034706], [17.7815254, 44.9034169], [17.7808249, 44.9034169], [17.7804841, 44.9034572], [17.7801244, 44.9035376], [17.7799161, 44.9037254], [17.7798783, 44.9039534], [17.7799919, 44.9041679], [17.7801623, 44.9043691], [17.7803705, 44.9045568], [17.7806167, 44.9047311], [17.7808439, 44.9049189], [17.7811468, 44.9052675], [17.7812793, 44.9054821], [17.7816201, 44.9061257], [17.7817526, 44.9063537], [17.7818852, 44.9065817], [17.7820177, 44.9068096], [17.7821502, 44.9070242], [17.7824153, 44.9074533], [17.7825289, 44.9076544], [17.7826614, 44.9078824], [17.782775, 44.9080969], [17.7828318, 44.9083517], [17.7828508, 44.9085796], [17.7828508, 44.9088344], [17.7824721, 44.9095317], [17.7823774, 44.9097999], [17.7822638, 44.9100144], [17.7820745, 44.9102826], [17.7819041, 44.9105105], [17.7817337, 44.9107519], [17.7815822, 44.9109798], [17.7814497, 44.9112078], [17.781355, 44.9114357], [17.7812415, 44.9116502], [17.7811089, 44.9118648], [17.7809196, 44.9120659], [17.7807113, 44.9122938], [17.7804841, 44.9124815], [17.7800297, 44.9128838], [17.7798215, 44.9130581], [17.7796321, 44.9132458], [17.7794428, 44.9134335], [17.7792346, 44.9136212], [17.7789316, 44.9138223], [17.7786476, 44.9140234], [17.7783826, 44.9141575], [17.7780986, 44.9142648], [17.7777578, 44.914238], [17.7773034, 44.9142112], [17.7769626, 44.9142514], [17.7766407, 44.9141977], [17.7763567, 44.9140905], [17.7760917, 44.9139698], [17.7758077, 44.913876], [17.7754669, 44.9138491], [17.7751261, 44.9138625], [17.7748421, 44.9139966], [17.7747285, 44.9142112], [17.7747096, 44.9144525], [17.7747664, 44.9146804], [17.7749178, 44.9149218], [17.7750693, 44.9151229], [17.7752397, 44.9152838], [17.775429, 44.9154715], [17.7756373, 44.9156458], [17.7759023, 44.9157932], [17.7762242, 44.9159005], [17.7765461, 44.9159541], [17.776849, 44.9160346], [17.777133, 44.916115], [17.7773981, 44.9162089], [17.777682, 44.9163161], [17.7779282, 44.9164368], [17.7782311, 44.9165977], [17.7784962, 44.9167317], [17.7787802, 44.9168658], [17.7790452, 44.9169597], [17.7793671, 44.9170535], [17.7798025, 44.9173619], [17.7800108, 44.9175764], [17.7801244, 44.9178043], [17.7802191, 44.9180322], [17.7803895, 44.9182333], [17.7805332, 44.9184363], [17.7806167, 44.9186623], [17.7806167, 44.9193997], [17.7806545, 44.9196678], [17.7806545, 44.9199091], [17.7806356, 44.9201504], [17.780522, 44.9203784], [17.7803137, 44.920566], [17.7800297, 44.9206867], [17.7797457, 44.9207805], [17.7794239, 44.9207805], [17.779102, 44.9207537], [17.7787234, 44.9207135], [17.7784015, 44.9206599], [17.7780796, 44.9205929], [17.7777388, 44.9205124], [17.7774359, 44.9204186], [17.7771709, 44.9202711], [17.7768869, 44.9201504], [17.7766029, 44.9200566], [17.776281, 44.9200164], [17.7759591, 44.9200834], [17.7758266, 44.9202845], [17.7757698, 44.9205124], [17.7756941, 44.9213034], [17.7756373, 44.9215447], [17.7756183, 44.9217994], [17.7757319, 44.9220407], [17.7758455, 44.9222418], [17.7760917, 44.9223893], [17.7763757, 44.9224697], [17.7766786, 44.9224831], [17.7769815, 44.9224697], [17.7772845, 44.9224697], [17.7775874, 44.9225367], [17.7778524, 44.9226976], [17.7780039, 44.9228987], [17.7781175, 44.9231132], [17.7781932, 44.9233411], [17.7782122, 44.923569], [17.7782122, 44.9237968], [17.7781743, 44.9240515], [17.7780796, 44.9242928], [17.777966, 44.9245207], [17.7778146, 44.9247352], [17.7776631, 44.9249631], [17.7774738, 44.9252044], [17.7772087, 44.9259953], [17.7771141, 44.9262232], [17.7770762, 44.9264913], [17.7770573, 44.9267326], [17.7770762, 44.9270677], [17.777133, 44.9272956], [17.7771519, 44.9275368], [17.7771898, 44.9277781], [17.7771898, 44.9280194], [17.7770951, 44.9282473], [17.7769815, 44.9284752], [17.7768111, 44.9286896], [17.7766218, 44.9289041], [17.7764893, 44.9291052], [17.7764703, 44.9293598], [17.7764893, 44.9296145], [17.7766029, 44.9298424], [17.7767354, 44.9300569], [17.7768869, 44.9302981], [17.777133, 44.9307539], [17.777133, 44.9312498], [17.7770573, 44.9314777], [17.7769058, 44.9316921], [17.7767354, 44.9319066], [17.7764893, 44.9320808], [17.776281, 44.9322685], [17.7759781, 44.9324159], [17.7756751, 44.9325231], [17.7753533, 44.932617], [17.7750314, 44.9326974], [17.7747096, 44.932751], [17.7743688, 44.9327644], [17.774028, 44.9327376], [17.7737061, 44.932684], [17.7733653, 44.9326572], [17.7730435, 44.9326572], [17.7727027, 44.9327242], [17.7723619, 44.9328448], [17.7720968, 44.9329922], [17.7718317, 44.9331665], [17.7715856, 44.9333407], [17.7713395, 44.9335418], [17.771188, 44.9337562], [17.7710366, 44.9339707], [17.770923, 44.9342119], [17.7708472, 44.9344532], [17.7709798, 44.9348151], [17.7711312, 44.9350295], [17.7712259, 44.9352574], [17.7713395, 44.9354852], [17.7714531, 44.9356997], [17.7716235, 44.9359007], [17.7718317, 44.9360883], [17.7720589, 44.9362626], [17.7722861, 44.93641], [17.7725323, 44.936544], [17.7728163, 44.9366914], [17.7731003, 44.9367987], [17.7733843, 44.9369327], [17.7736493, 44.9370533], [17.7739333, 44.9372409], [17.7741605, 44.9374018], [17.7743498, 44.9375894], [17.7745392, 44.937777], [17.7746717, 44.9379915], [17.7747664, 44.9382059], [17.7748042, 44.9384337], [17.7747664, 44.93901], [17.7746528, 44.9392379], [17.7744824, 44.9394389], [17.7743688, 44.9396533], [17.7742362, 44.9398677], [17.7740469, 44.9400822], [17.7737818, 44.940243], [17.7734789, 44.9403368], [17.773176, 44.9404172], [17.7728541, 44.9404842], [17.7725323, 44.9406048], [17.772324, 44.9407924], [17.7722672, 44.9410203], [17.7723429, 44.9412615], [17.7725323, 44.9414357], [17.7727027, 44.9416233], [17.7729109, 44.9417841], [17.7732139, 44.9418914], [17.7735168, 44.9419584], [17.7738008, 44.9420254], [17.7740658, 44.942146], [17.7748042, 44.94295], [17.7749557, 44.9431779], [17.775145, 44.9433521], [17.7753533, 44.9435263], [17.7755994, 44.9437005], [17.7758834, 44.9438211], [17.7761863, 44.9439015], [17.7765271, 44.9439417], [17.7771519, 44.9439417], [17.777417, 44.9438613], [17.7776252, 44.9437005], [17.7778524, 44.9435531], [17.7781364, 44.9434593], [17.7784583, 44.9434593], [17.7787612, 44.9434861], [17.7790642, 44.9436067], [17.7791967, 44.9438211], [17.7791967, 44.9440489], [17.7790831, 44.9443035], [17.7789695, 44.9445313], [17.7789316, 44.9447591], [17.779045, 44.9449147], [17.7792236, 44.9451157], [17.7794669, 44.945305], [17.779664, 44.9455481], [17.7796321, 44.9458312], [17.7796132, 44.946059], [17.7795185, 44.9463002], [17.7793671, 44.9465146], [17.779121, 44.946729], [17.7788559, 44.9468898], [17.778553, 44.9470372], [17.77825, 44.9471578], [17.777985, 44.9472918], [17.7778335, 44.9475062], [17.7778146, 44.947734], [17.7778524, 44.9479752], [17.777985, 44.9482164], [17.7781364, 44.9484174], [17.7783636, 44.9485782], [17.7786958, 44.9488033], [17.7789904, 44.9489887], [17.779407, 44.9492089], [17.7796155, 44.9493108], [17.7798564, 44.9494431], [17.780073, 44.9495866], [17.7802921, 44.9497586], [17.7805572, 44.9499556], [17.7808516, 44.9501489], [17.7810762, 44.9502736], [17.7813924, 44.9503601], [17.781658, 44.9504273], [17.7819798, 44.9504943], [17.7822828, 44.9505479], [17.7825857, 44.9505881], [17.7828886, 44.9506015], [17.7832294, 44.9506149], [17.7835513, 44.9506149], [17.7838353, 44.9505613], [17.7841003, 44.9504675], [17.7843843, 44.9503469], [17.7846494, 44.9501727], [17.7848387, 44.9499851], [17.7849713, 44.9497975], [17.7851038, 44.9496099], [17.7853688, 44.9494893], [17.7856907, 44.9494759], [17.7859747, 44.9495831], [17.7861262, 44.9497975], [17.7862587, 44.9500119], [17.7863723, 44.9502129], [17.786467, 44.9504273], [17.7865616, 44.9506551], [17.7867131, 44.9508561], [17.7869592, 44.9510169], [17.7875083, 44.9512045], [17.7877733, 44.951325], [17.7880005, 44.9515126], [17.7882088, 44.9517002], [17.7886821, 44.9518878], [17.7889661, 44.9519816], [17.789288, 44.9519682], [17.7896098, 44.9519012], [17.7899128, 44.9517806], [17.79014, 44.9516332], [17.7903293, 44.951459], [17.790424, 44.951258], [17.7905565, 44.9510705], [17.7908216, 44.9509901], [17.7911434, 44.9509231], [17.7915031, 44.9508963], [17.7918061, 44.9508963], [17.792109, 44.9510303], [17.7922794, 44.9512179], [17.7923173, 44.9514456], [17.7922983, 44.9516734], [17.7922037, 44.9519414], [17.7920522, 44.9521424], [17.7915599, 44.9524907], [17.7914653, 44.9527185], [17.7916167, 44.9529329], [17.791825, 44.9531205], [17.7920333, 44.9533081], [17.7922794, 44.9534554], [17.7925066, 44.9536162], [17.792677, 44.9538172], [17.7927338, 44.954045], [17.7927149, 44.9542995], [17.7926013, 44.9545407], [17.7924498, 44.9547819], [17.7922226, 44.9549963], [17.7919765, 44.9551704], [17.7917682, 44.9553848], [17.7916357, 44.9555992], [17.7915599, 44.9558269], [17.791541, 44.9560681], [17.7916357, 44.9563361], [17.7917871, 44.956537], [17.7919765, 44.956738], [17.7921847, 44.956939], [17.7923551, 44.9571399], [17.7924498, 44.9573543], [17.7924498, 44.957582], [17.7923173, 44.9578098], [17.7920901, 44.957984], [17.7917114, 44.9581581], [17.7913706, 44.9581983], [17.7910298, 44.9581983], [17.790689, 44.9581715], [17.790405, 44.9580912], [17.7900264, 44.9579572], [17.7897424, 44.9578634], [17.7894773, 44.9577428], [17.7892122, 44.9576088], [17.7889093, 44.9575017], [17.7885307, 44.9574749], [17.7882088, 44.9574749], [17.7878869, 44.9575553], [17.7876029, 44.9576892], [17.7873568, 44.9578902], [17.7872053, 44.9580912], [17.7871107, 44.9583591], [17.7869592, 44.9588414], [17.7868646, 44.9590692], [17.7867888, 44.9593103], [17.7866563, 44.9595381], [17.7864102, 44.9597256], [17.7861072, 44.9598194], [17.7857664, 44.9598864], [17.7853878, 44.9598998], [17.7850281, 44.9599534], [17.7847251, 44.9600739], [17.7846494, 44.9603017], [17.7846683, 44.9605696], [17.7847441, 44.9607974], [17.7849523, 44.9609983], [17.7852363, 44.9611189], [17.7855582, 44.9611859], [17.7858422, 44.9612529], [17.7861451, 44.9613198], [17.7864859, 44.9616012], [17.7865806, 44.9618289], [17.7866563, 44.9620567], [17.7866563, 44.9622844], [17.7865995, 44.9625121], [17.7864859, 44.9627801], [17.7863155, 44.9630212], [17.786164, 44.9632355], [17.7861072, 44.9634633], [17.7861072, 44.9637044], [17.7861451, 44.9639589], [17.7862966, 44.9641599], [17.786467, 44.9643608], [17.7866942, 44.9645885], [17.7869024, 44.9647627], [17.7870728, 44.9649502], [17.7872432, 44.9651378], [17.7873379, 44.9653789], [17.7873189, 44.96562], [17.7872243, 44.9658344], [17.787016, 44.9660219], [17.786751, 44.9662094], [17.786467, 44.9663702], [17.7862776, 44.9665711], [17.7861262, 44.9667988], [17.7860984, 44.9670455], [17.7860548, 44.9673417], [17.7860583, 44.9679104], [17.7861451, 44.9680848], [17.7862587, 44.9683125], [17.7863912, 44.9685268], [17.7864291, 44.9687679], [17.7864291, 44.9692501], [17.786448, 44.9694779], [17.7865427, 44.9696922], [17.7866563, 44.9698931], [17.7868646, 44.9701208], [17.7870918, 44.9703083], [17.7873189, 44.9704825], [17.7875272, 44.97067], [17.7877355, 44.9708709], [17.7878301, 44.9711254], [17.7878112, 44.9713799], [17.7877733, 44.9715004], [17.787584, 44.9717013], [17.7873189, 44.9718487], [17.7870539, 44.9719692], [17.7866942, 44.9720496], [17.7862966, 44.9721032], [17.7859179, 44.9721701], [17.7855771, 44.9723711], [17.7854635, 44.9725988], [17.7854256, 44.9728264], [17.7853688, 44.9731077], [17.7852742, 44.9733488], [17.7851227, 44.9735765], [17.785154, 44.9738003], [17.785047, 44.9738176], [17.7851227, 44.9741658], [17.7851985, 44.9743801], [17.7852931, 44.9745944], [17.7854824, 44.9747685], [17.7856528, 44.9749695], [17.78588, 44.9751436], [17.7860315, 44.9753579], [17.7860504, 44.9755855], [17.7859368, 44.97584], [17.785615, 44.9762552], [17.7854446, 44.9764695], [17.7852174, 44.9766704], [17.7848955, 44.9767374], [17.7845169, 44.9767642], [17.7838542, 44.9767642], [17.7835134, 44.9768043], [17.7831537, 44.9767374], [17.7828508, 44.9766302], [17.7825668, 44.9764963], [17.7823218, 44.9763006], [17.7819779, 44.9757677], [17.7819826, 44.9757108], [17.7820347, 44.9756639], [17.7821151, 44.9756037], [17.7821672, 44.9755601], [17.7822287, 44.9755334], [17.7822855, 44.9754965], [17.7823092, 44.9754463], [17.7822855, 44.9753927], [17.782224, 44.9753526], [17.7821577, 44.9753191], [17.782082, 44.9752956], [17.7819211, 44.9752488], [17.7818406, 44.9752287], [17.7816229, 44.975165], [17.7815188, 44.9751383], [17.7814525, 44.9751115], [17.7813768, 44.9750847], [17.7812632, 44.9750512], [17.781178, 44.9750345], [17.7810928, 44.9750278], [17.7809792, 44.9750378], [17.7808372, 44.9750646], [17.780752, 44.9750847], [17.7806715, 44.9750947], [17.7805721, 44.9750981], [17.7803165, 44.9750981], [17.780236, 44.9750914], [17.7800704, 44.9750746], [17.7799899, 44.9750512], [17.7799189, 44.9750244], [17.7798384, 44.9749943], [17.7796917, 44.9749441], [17.779616, 44.9749273], [17.7795308, 44.9749173], [17.7794456, 44.9749106], [17.7792752, 44.9749106], [17.7791285, 44.9749273], [17.7790338, 44.9749641], [17.778977, 44.9750345], [17.7789533, 44.975088], [17.7789202, 44.9751416], [17.7788539, 44.9751784], [17.7787545, 44.9751918], [17.7786741, 44.9751918], [17.7785983, 44.9751617], [17.7785463, 44.9751115], [17.7785131, 44.9750579], [17.7784421, 44.9749641], [17.7783664, 44.9749173], [17.7782812, 44.9748838], [17.7781913, 44.974867], [17.7780966, 44.9748603], [17.7780114, 44.9748603], [17.7779309, 44.9748637], [17.7778458, 44.9748804], [17.77777, 44.9749005], [17.7776848, 44.974934], [17.7776044, 44.9749708], [17.7775476, 44.975011], [17.7774908, 44.9750545], [17.7774624, 44.9751148], [17.7774434, 44.9751717], [17.7774198, 44.9753559], [17.7773819, 44.9754128], [17.7773204, 44.9754497], [17.7772399, 44.9754697], [17.777079, 44.9754798], [17.7769843, 44.9754865], [17.7769038, 44.9754965], [17.7768234, 44.9755099], [17.7767429, 44.97553], [17.7766766, 44.9755668], [17.7766246, 44.9756137], [17.7766198, 44.9756706], [17.7766719, 44.9757108], [17.7767571, 44.9757276], [17.7769228, 44.9757276], [17.7769985, 44.9757343], [17.7770742, 44.975751], [17.7771452, 44.9757778], [17.777202, 44.9758213], [17.7772399, 44.9758682], [17.7772636, 44.9759218], [17.7772683, 44.9759787], [17.7772494, 44.976039], [17.7771784, 44.9760724], [17.7770932, 44.9760825], [17.7769938, 44.9761026], [17.7769228, 44.976126], [17.776847, 44.9761562], [17.7767902, 44.976203], [17.7767382, 44.97627], [17.7767003, 44.9763269], [17.7766482, 44.9764408], [17.7766104, 44.976491], [17.7765157, 44.9765077], [17.7762317, 44.9765077], [17.7761512, 44.9765144], [17.7760518, 44.9765278], [17.7759761, 44.9765512], [17.775943, 44.9766048], [17.7759382, 44.9766617], [17.7759477, 44.9767187], [17.7759998, 44.9767689], [17.7760755, 44.9767957], [17.776156, 44.9768024], [17.7762317, 44.9767957], [17.7763027, 44.9767689], [17.776369, 44.9767354], [17.7764352, 44.9767053], [17.776511, 44.9766818], [17.7766151, 44.9766617], [17.7766956, 44.9766517], [17.776776, 44.9766517], [17.776847, 44.9766751], [17.7769086, 44.976712], [17.7769559, 44.9767622], [17.7770222, 44.9768693], [17.7770932, 44.9770167], [17.7771121, 44.9770769], [17.777131, 44.9771338], [17.7771452, 44.9771941], [17.7771452, 44.9772577], [17.777131, 44.977318], [17.7770648, 44.9773582], [17.7769843, 44.9773783], [17.7768991, 44.9773816], [17.7768186, 44.9773515], [17.7767666, 44.977308], [17.7767287, 44.9772544], [17.776653, 44.9771539], [17.7765914, 44.9771104], [17.7765015, 44.9771004], [17.7764352, 44.9771405], [17.7764364, 44.9772156], [17.7764404, 44.9772886], [17.7764589, 44.9773515], [17.7764636, 44.9774084], [17.7764494, 44.9774653], [17.7763832, 44.9775189], [17.7763169, 44.9775557], [17.7762317, 44.9776059], [17.7761844, 44.9776528], [17.7761039, 44.9777566], [17.7760708, 44.9778135], [17.7759903, 44.977837], [17.7759051, 44.9778705], [17.7758483, 44.977914], [17.775801, 44.9779776], [17.7757631, 44.9780345], [17.7757253, 44.9780881], [17.7756637, 44.978135], [17.7755927, 44.9781584], [17.7755123, 44.9781751], [17.7753466, 44.9781651], [17.7752614, 44.9781584], [17.7749869, 44.9781584], [17.7749017, 44.9781718], [17.7748259, 44.9782019], [17.7747833, 44.9782555], [17.7747549, 44.9783124], [17.7747407, 44.978376], [17.7747502, 44.9784396], [17.7748212, 44.9785468], [17.7748591, 44.9786138], [17.7748922, 44.978664], [17.7749206, 44.9787209], [17.7749206, 44.9787778], [17.7749111, 44.9788381], [17.7748827, 44.9788917], [17.7748354, 44.9789586], [17.7747881, 44.9790122], [17.7747123, 44.979049], [17.7746224, 44.9790758], [17.7745325, 44.9790858], [17.7744378, 44.9790624], [17.7743952, 44.9790155], [17.7743668, 44.978962], [17.7743621, 44.978905], [17.7743384, 44.9788515], [17.7743005, 44.9788046], [17.7742153, 44.9787946], [17.7741301, 44.978818], [17.7740875, 44.9788682], [17.7740639, 44.9789251], [17.7740355, 44.9789854], [17.7740071, 44.979049], [17.7739882, 44.9791093], [17.7739787, 44.9791695], [17.7740023, 44.9792265], [17.7740591, 44.97927], [17.7740875, 44.9793202], [17.7741065, 44.9793771], [17.7740828, 44.979434], [17.7740165, 44.9794709], [17.7739598, 44.9795111], [17.7739503, 44.979568], [17.773974, 44.9796215], [17.7740213, 44.9796651], [17.7740733, 44.9797052], [17.7741254, 44.9797454], [17.7741727, 44.9797889], [17.7742011, 44.9798425], [17.7742059, 44.9798994], [17.7741301, 44.9799229], [17.7740449, 44.9799095], [17.7739503, 44.9799296], [17.7739266, 44.9799831], [17.7739456, 44.9800401], [17.7739976, 44.9801003], [17.7740307, 44.9801505], [17.7740449, 44.9802108], [17.7740449, 44.9802711], [17.7740307, 44.9803313], [17.7740213, 44.9803916], [17.7740307, 44.9804485], [17.7740733, 44.9804987], [17.7741396, 44.9805222], [17.7742011, 44.9805523], [17.7742011, 44.9806092], [17.7742627, 44.9806628], [17.774381, 44.9806661], [17.7744615, 44.9806661], [17.7745419, 44.9806695], [17.7746082, 44.9807097], [17.7746271, 44.9807632], [17.7746413, 44.9808235], [17.7746745, 44.9808804], [17.7747407, 44.9809139], [17.7748212, 44.9809239], [17.7749111, 44.9809239], [17.7749721, 44.9809542], [17.7750431, 44.9809919], [17.7751126, 44.9810298], [17.7751697, 44.9810901], [17.7752131, 44.9811273], [17.7752646, 44.9811787], [17.7753287, 44.9812408], [17.7753124, 44.9812821], [17.7753087, 44.9813224], [17.7753513, 44.9813759], [17.7754318, 44.9813759], [17.7755075, 44.9814094], [17.7755407, 44.9814663], [17.7755075, 44.9815199], [17.7754176, 44.9815366], [17.7753608, 44.9815768], [17.7753703, 44.9816337], [17.7753939, 44.981694], [17.7753939, 44.9817509], [17.7753845, 44.9818145], [17.7753608, 44.9818748], [17.7753939, 44.9819719], [17.7754129, 44.9820489], [17.7754649, 44.9820924], [17.7755312, 44.9821326], [17.775588, 44.9821794], [17.7756117, 44.9822464], [17.7756022, 44.9823067], [17.7755359, 44.9823435], [17.7754649, 44.9823669], [17.7753845, 44.9823535], [17.7753277, 44.9823], [17.7752567, 44.9823267], [17.7752567, 44.9823837], [17.7753087, 44.9824305], [17.7753135, 44.9824908], [17.7752567, 44.9825377], [17.7751951, 44.9825745], [17.7751099, 44.9825879], [17.77502, 44.9825912], [17.7749443, 44.982618], [17.7749111, 44.9826749], [17.7748969, 44.9827352], [17.7748969, 44.9827921], [17.774807, 44.983003], [17.7747881, 44.9830633], [17.7747549, 44.9831202], [17.7747644, 44.9831805], [17.774807, 44.9832307], [17.7748496, 44.9832809], [17.7749064, 44.9833211], [17.7749727, 44.9833512], [17.7750105, 44.9834115], [17.7750011, 44.9834751], [17.7749443, 44.9835153], [17.7748638, 44.983532], [17.7747975, 44.9835722], [17.7747597, 44.9836291], [17.7747455, 44.9836893], [17.7747265, 44.9838668], [17.7747549, 44.983927], [17.7747881, 44.9839773], [17.7748354, 44.9840275], [17.7748827, 44.9840743], [17.7749585, 44.9841748], [17.7750626, 44.9842685], [17.7751005, 44.9843321], [17.7751241, 44.9843924], [17.7751383, 44.9844493], [17.7751715, 44.9845029], [17.7752235, 44.984543], [17.7752803, 44.9845832], [17.7753229, 44.9846301], [17.7753419, 44.984687], [17.7753277, 44.9847439], [17.7751762, 44.9848109], [17.7751289, 44.9848644], [17.7751431, 44.9849213], [17.7751951, 44.9849615], [17.775304, 44.9849716], [17.7753561, 44.9850117], [17.7754081, 44.9850553], [17.7754507, 44.9851055], [17.7754839, 44.9851624], [17.7754886, 44.9852327], [17.7753939, 44.985303], [17.7753087, 44.9853097], [17.775233, 44.9852896], [17.7751667, 44.9852561], [17.7751005, 44.9852996], [17.7750768, 44.9853566], [17.7750484, 44.9854436], [17.7749963, 44.9854871], [17.7749301, 44.9855239], [17.7748922, 44.9855809], [17.774878, 44.9856445], [17.7748733, 44.9857014], [17.7748733, 44.9857616], [17.7748827, 44.9858386], [17.7748922, 44.9858955], [17.7749064, 44.9859525], [17.7749348, 44.9860094], [17.77502, 44.9861165], [17.7750815, 44.98616], [17.7751478, 44.9861901], [17.7752188, 44.9862136], [17.7752993, 44.9862236], [17.775375, 44.9862471], [17.7754271, 44.9862906], [17.7754507, 44.9863441], [17.7754507, 44.9865417], [17.7754271, 44.9867492], [17.7754413, 44.9868229], [17.7754507, 44.9868831], [17.7754649, 44.9869467], [17.7754886, 44.9870003], [17.7755075, 44.9870572], [17.7755217, 44.9872581], [17.7755312, 44.9873384], [17.7755359, 44.9874221], [17.7755454, 44.9874957], [17.7755691, 44.9876799], [17.775588, 44.9877401], [17.7756306, 44.9877937], [17.7756779, 44.9878439], [17.7757631, 44.9879477], [17.775801, 44.9880012], [17.7758389, 44.9880514], [17.7759524, 44.9881519], [17.7759998, 44.9882054], [17.7760376, 44.9882557], [17.7760613, 44.9883126], [17.7760755, 44.9883695], [17.7760329, 44.988423], [17.7741443, 44.9886239], [17.7735101, 44.9885737], [17.7733208, 44.9885737], [17.7728474, 44.9885871], [17.7725492, 44.9886406], [17.7709541, 44.9890992], [17.7708642, 44.98927], [17.7708547, 44.9893336], [17.7708027, 44.9896482], [17.7709825, 44.9900767], [17.7707885, 44.9908868], [17.7706607, 44.9910877], [17.7701116, 44.9915295], [17.7699932, 44.9920857], [17.7699932, 44.992541], [17.7701447, 44.9929962], [17.7705612, 44.9933175], [17.7708263, 44.9937192], [17.7709398, 44.9942012], [17.770902, 44.9946832], [17.7706748, 44.995192], [17.7704476, 44.9956472], [17.7704097, 44.996156], [17.7704476, 44.9966112], [17.7701825, 44.9970128], [17.7699932, 44.997468], [17.7700689, 44.9979232], [17.7702961, 44.9983249], [17.7704476, 44.9988069], [17.7707505, 44.9992085], [17.7713564, 44.9995833], [17.7716214, 45.0000653], [17.7716593, 45.0005473], [17.7718486, 45.0010292], [17.772303, 45.0013505], [17.7727196, 45.0016718], [17.7729846, 45.0021002], [17.7734011, 45.0024215], [17.7739691, 45.0026357], [17.7744993, 45.0029302], [17.7748022, 45.0033318], [17.7749915, 45.0037602], [17.7753702, 45.0041082], [17.7758624, 45.0044027], [17.7763547, 45.0046705], [17.7766198, 45.0050721], [17.7767712, 45.0057414], [17.7768091, 45.0061965], [17.7768091, 45.0066784], [17.7768469, 45.0071335], [17.7768848, 45.0076154], [17.7768848, 45.0080706], [17.7768469, 45.0085257], [17.7768469, 45.0094359], [17.7769984, 45.009891], [17.7772256, 45.0103193], [17.7773013, 45.0107744], [17.777112, 45.0112295], [17.7769227, 45.0116578], [17.7769227, 45.0130498], [17.7768091, 45.0135317], [17.7764304, 45.01396], [17.7760518, 45.0143615], [17.775976, 45.0148434], [17.7756352, 45.0152449], [17.7755974, 45.0156999], [17.7758483, 45.0159588], [17.7758862, 45.0161863], [17.7759241, 45.0164406], [17.7761134, 45.0166682], [17.7762838, 45.0168555], [17.7764542, 45.0170429], [17.7766814, 45.0172303], [17.7768707, 45.0174177], [17.777079, 45.0175916], [17.7772872, 45.0177522], [17.7775523, 45.0178727], [17.7777606, 45.0180601], [17.7778742, 45.0182742], [17.7779688, 45.0185017], [17.7781771, 45.0186757], [17.7784043, 45.0188497], [17.7786315, 45.019037], [17.7787829, 45.0192378], [17.7788965, 45.0194519], [17.7790859, 45.0196393], [17.7794077, 45.0198133], [17.7799568, 45.0201746], [17.7802029, 45.0203084], [17.780468, 45.0205092], [17.7806573, 45.0206965], [17.7807898, 45.0209374], [17.7808656, 45.0211649], [17.7809981, 45.0213657], [17.7811874, 45.0215396], [17.7813957, 45.0217136], [17.7815472, 45.021901], [17.7816797, 45.0223961], [17.7816986, 45.0226236], [17.7817365, 45.0228645], [17.7818312, 45.023092], [17.7819069, 45.0233061], [17.7819258, 45.023547], [17.7818501, 45.0237879], [17.7817365, 45.0240154], [17.7815661, 45.0242429], [17.7814525, 45.0244704], [17.781301, 45.0246845], [17.7811117, 45.0248718], [17.7808088, 45.0249521], [17.780468, 45.0249254], [17.780165, 45.0248317], [17.7798053, 45.0248718], [17.7795024, 45.0249521], [17.7791616, 45.025019], [17.7788397, 45.025019], [17.7785179, 45.0249655], [17.778196, 45.0248718], [17.7778742, 45.0248451], [17.7775523, 45.0248183], [17.7769843, 45.0246042], [17.7766435, 45.024564], [17.7756022, 45.024564], [17.7752614, 45.0245774], [17.7749395, 45.0246443], [17.7746555, 45.024738], [17.7743526, 45.0248451], [17.7740686, 45.0249789], [17.7737468, 45.0250324], [17.773406, 45.025019], [17.773103, 45.0249655], [17.7727812, 45.0249254], [17.7724593, 45.0249254], [17.7721185, 45.0248986], [17.7718345, 45.0248049], [17.7715505, 45.0246979], [17.7712855, 45.024564], [17.7710583, 45.0243232], [17.7707932, 45.0241893], [17.7704903, 45.0241224], [17.7701306, 45.0241091], [17.7698087, 45.0240823], [17.7694868, 45.0240154], [17.7692028, 45.0239083], [17.7689567, 45.0237477], [17.7687106, 45.0235872], [17.7684266, 45.0234801], [17.7680858, 45.0234667], [17.7677639, 45.0234266], [17.7674231, 45.0233864], [17.7671013, 45.0233195], [17.7667605, 45.0233061], [17.7664008, 45.023373], [17.7660978, 45.0234667], [17.765757, 45.0235069], [17.7654352, 45.0234667], [17.7651322, 45.0233597], [17.7648104, 45.0232927], [17.7644696, 45.023266], [17.7641477, 45.0231589], [17.7638827, 45.0230251], [17.7635608, 45.022985], [17.76322, 45.0229448], [17.7629171, 45.0228779], [17.7626331, 45.0227575], [17.762387, 45.0226102], [17.7621976, 45.0224229], [17.7620462, 45.0222355], [17.7618379, 45.0220482], [17.7616107, 45.021901], [17.7613078, 45.0218073], [17.760967, 45.0217939], [17.7606451, 45.0218073], [17.7603611, 45.0217002], [17.7600582, 45.0215664], [17.7597553, 45.0214594], [17.7594145, 45.0213523], [17.7591115, 45.021272], [17.7587897, 45.0212051], [17.7584868, 45.0211114], [17.7582785, 45.0209374], [17.7580134, 45.0207902], [17.7577862, 45.0206162], [17.757559, 45.0204556], [17.757275, 45.0203218], [17.756991, 45.0202148], [17.7566881, 45.0201211], [17.7561458, 45.0200485], [17.754479, 45.0199586], [17.7540171, 45.0200863], [17.7537895, 45.0202188], [17.7532965, 45.0203363], [17.7529507, 45.0203145], [17.7528236, 45.0202454], [17.7525269, 45.0200617], [17.7522315, 45.0198332], [17.751976, 45.0196301], [17.7515419, 45.0195101], [17.751085, 45.0194419], [17.7503964, 45.0194335], [17.7497854, 45.0193676], [17.7493117, 45.0194231], [17.7475462, 45.0202369], [17.7468167, 45.0203568], [17.7453815, 45.0205939], [17.7432889, 45.0215375], [17.7429281, 45.021869], [17.7411603, 45.0218435], [17.7402403, 45.0221113], [17.739212, 45.022022], [17.7385626, 45.0213845], [17.7385446, 45.0209509], [17.7379493, 45.0203899], [17.7376065, 45.0201731], [17.7374622, 45.0199691], [17.7374622, 45.0197396], [17.7374616, 45.01957], [17.7375163, 45.0194208], [17.7375163, 45.0191658], [17.7374081, 45.0189617], [17.7372097, 45.0187832], [17.736921, 45.0186429], [17.7366144, 45.0185409], [17.7363077, 45.0185409], [17.7358567, 45.0185792], [17.7356042, 45.0186812], [17.7353877, 45.0188087], [17.7351712, 45.0189362], [17.7349187, 45.0190382], [17.7346481, 45.0191658], [17.7333493, 45.0193953], [17.7312206, 45.0194463], [17.7295971, 45.0191211], [17.7283975, 45.0183497], [17.7274414, 45.0182094], [17.72727, 45.0181839], [17.7271347, 45.0181393], [17.7269994, 45.0180691], [17.7268551, 45.0179735], [17.7267018, 45.0178906], [17.7265484, 45.0178205], [17.7263771, 45.0177758], [17.7261876, 45.0177758], [17.7260253, 45.0177822], [17.7258449, 45.0178332], [17.7250331, 45.0180691], [17.7239868, 45.0182349], [17.723157, 45.0176356], [17.7230308, 45.0175591], [17.7228774, 45.0175208], [17.7227421, 45.0174698], [17.7226158, 45.0173869], [17.7225076, 45.0173104], [17.7224084, 45.0172275], [17.722228, 45.0170426], [17.7221198, 45.0169597], [17.7219574, 45.016947], [17.7218221, 45.0169916], [17.7216958, 45.0170554], [17.7215786, 45.0171382], [17.7214523, 45.0171956], [17.721326, 45.017253], [17.7211817, 45.0172913], [17.7210374, 45.0172913], [17.7208751, 45.0172976], [17.7207578, 45.017355], [17.7206405, 45.0176674], [17.7205774, 45.0177631], [17.7204872, 45.0178523], [17.7203699, 45.0179289], [17.7202256, 45.0179926], [17.7200813, 45.0180309], [17.719928, 45.0180436], [17.7197656, 45.0180436], [17.7196213, 45.0180372], [17.719459, 45.0180245], [17.7193146, 45.0179735], [17.7191884, 45.0179034], [17.7190801, 45.0178077], [17.718999, 45.0177121], [17.7189358, 45.0176101], [17.7188817, 45.0175017], [17.7188456, 45.0173933], [17.7188186, 45.0171701], [17.7187103, 45.0170809], [17.7185841, 45.0170235], [17.7184488, 45.0169725], [17.7183405, 45.0169023], [17.7182684, 45.0168131], [17.7182052, 45.0167174], [17.7181241, 45.016609], [17.7180699, 45.0165006], [17.7180519, 45.0163922], [17.7180609, 45.0162839], [17.7181241, 45.0161882], [17.7182323, 45.016099], [17.7183495, 45.0160224], [17.7184488, 45.0159332], [17.7185209, 45.0158248], [17.7185299, 45.01571], [17.7185029, 45.015455], [17.7185029, 45.0153338], [17.718566, 45.0152382], [17.7187825, 45.0150596], [17.7187644, 45.0149449], [17.7186472, 45.0148684], [17.7185029, 45.0148237], [17.7183676, 45.0147855], [17.7178535, 45.0145495], [17.7177542, 45.014473], [17.717664, 45.0143838], [17.7175919, 45.0142881], [17.7175288, 45.0141861], [17.7174927, 45.0140713], [17.7174837, 45.0139502], [17.7178625, 45.0123306], [17.7179076, 45.0122158], [17.7180248, 45.011999], [17.7180248, 45.0118842], [17.7180068, 45.0117631], [17.7177362, 45.0114442], [17.717637, 45.0113613], [17.7175558, 45.0112721], [17.7175197, 45.0111637], [17.7175468, 45.0110553], [17.717619, 45.0109596], [17.7177362, 45.0108767], [17.7178715, 45.0108066], [17.7179978, 45.0107428], [17.7181782, 45.0105961], [17.7183044, 45.0104877], [17.7184397, 45.0103219], [17.7185029, 45.0102199], [17.7185841, 45.0100222], [17.7186292, 45.0099011], [17.7186743, 45.0097863], [17.7187013, 45.0096779], [17.7187374, 45.0095631], [17.7187825, 45.0094547], [17.7186652, 45.0089956], [17.7185841, 45.0088935], [17.7184939, 45.0087915], [17.7184217, 45.0086831], [17.7183495, 45.0085874], [17.7182954, 45.0084918], [17.7182413, 45.0083961], [17.7181962, 45.0082813], [17.7181692, 45.0081538], [17.7181692, 45.008039], [17.7181782, 45.0079306], [17.7181962, 45.0078158], [17.7188005, 45.0069613], [17.7186021, 45.0059091], [17.7186942, 45.0056235], [17.7188997, 45.0053925], [17.7195546, 45.0048361], [17.7188095, 45.0047165], [17.7180158, 45.0043211], [17.7162299, 45.0030711], [17.7148319, 45.0026375], [17.7146966, 45.0025864], [17.7145432, 45.0025227], [17.7144079, 45.0024717], [17.7142907, 45.0024079], [17.7141734, 45.0023377], [17.7140562, 45.0022676], [17.7139209, 45.002191], [17.7138036, 45.0021273], [17.7136593, 45.0020571], [17.713506, 45.0020507], [17.7133526, 45.0020699], [17.7132264, 45.0021273], [17.7132534, 45.0022293], [17.7132715, 45.0023377], [17.7132624, 45.0024525], [17.7131362, 45.0024972], [17.7128295, 45.0024972], [17.7126762, 45.002478], [17.7125138, 45.0024525], [17.7123605, 45.002427], [17.7122252, 45.0023951], [17.7120719, 45.0023505], [17.7119185, 45.0022739], [17.7118013, 45.0021974], [17.7117111, 45.0021081], [17.7116479, 45.0020125], [17.7116028, 45.0018849], [17.7116119, 45.0017701], [17.711666, 45.0016681], [17.7117742, 45.0015788], [17.7122522, 45.0014321], [17.7136503, 45.0002139], [17.7131723, 44.9999142], [17.7127934, 44.9997994], [17.7124146, 44.9999333], [17.7115307, 44.9999716], [17.7112691, 44.9997802], [17.710746, 44.9997037], [17.7103816, 44.9996089], [17.7097678, 44.999492], [17.7097397, 44.9994333], [17.7106197, 44.9992891], [17.7107935, 44.9992195], [17.7109453, 44.9991203], [17.7110761, 44.9990107], [17.7111618, 44.9988857], [17.7113142, 44.9983898], [17.7113773, 44.9980709], [17.7114585, 44.997701], [17.7115576, 44.9973835], [17.7115758, 44.9970122], [17.711666, 44.9967124], [17.7118734, 44.9962787], [17.7111248, 44.9959789], [17.7106738, 44.995239], [17.711215, 44.9949775], [17.7105385, 44.9939378], [17.7097059, 44.9939627], [17.7071742, 44.9945501], [17.707093, 44.9946522], [17.7069397, 44.9949009], [17.7068044, 44.9952326], [17.7068044, 44.9954878], [17.7038369, 44.995003], [17.7041345, 44.9943907], [17.7039902, 44.9937847], [17.7041796, 44.9934084], [17.7042067, 44.992981], [17.7042247, 44.9928662], [17.7042698, 44.9927514], [17.7043149, 44.9926429], [17.7043691, 44.9925345], [17.7044593, 44.9924261], [17.7045675, 44.9923431], [17.7046757, 44.9922666], [17.7049553, 44.9921773], [17.7051538, 44.9914374], [17.7050816, 44.9907867], [17.7030161, 44.9905571], [17.6942851, 44.9898937], [17.6912003, 44.9905507], [17.6910921, 44.99064], [17.6910199, 44.9907357], [17.6910109, 44.9908441], [17.691029, 44.9909526], [17.6911011, 44.9910546], [17.6911372, 44.9911567], [17.6910831, 44.9912524], [17.6910921, 44.9913544], [17.6911823, 44.9914374], [17.6913266, 44.9914884], [17.6914709, 44.9915394], [17.691498, 44.9916479], [17.691516, 44.9917563], [17.6916694, 44.9917563], [17.6916152, 44.9919668], [17.6915792, 44.9920689], [17.6914258, 44.9921135], [17.6913447, 44.9922028], [17.6913447, 44.9923176], [17.6914078, 44.9924133], [17.691507, 44.9924962], [17.691498, 44.9926047], [17.6913447, 44.9926238], [17.6912003, 44.9926684], [17.6912094, 44.9927769], [17.6912454, 44.9928853], [17.6912003, 44.992981], [17.6911101, 44.9930639], [17.6909839, 44.9931341], [17.6910109, 44.9932362], [17.6910831, 44.9933255], [17.6910019, 44.9934148], [17.6908937, 44.9934913], [17.6908486, 44.993587], [17.6907313, 44.9936444], [17.6906411, 44.9937337], [17.6906862, 44.9938421], [17.6908486, 44.9938549], [17.6908666, 44.9940654], [17.6908035, 44.994161], [17.6907584, 44.9942631], [17.6908215, 44.9943652], [17.6908396, 44.9944736], [17.6907043, 44.994531], [17.690605, 44.9944481], [17.6904788, 44.9944927], [17.6904246, 44.9946012], [17.6903525, 44.9946968], [17.6903344, 44.9948053], [17.6903254, 44.9949073], [17.6902533, 44.9949966], [17.690118, 44.9950221], [17.6900639, 44.9951114], [17.6900639, 44.9952135], [17.6899737, 44.9953028], [17.6900278, 44.9954048], [17.6900548, 44.9954814], [17.6898113, 44.9954559], [17.6897121, 44.9955324], [17.689676, 44.9956345], [17.6898023, 44.995711], [17.6899466, 44.995762], [17.6899827, 44.9958641], [17.6898474, 44.9959087], [17.6896941, 44.9958896], [17.6895407, 44.9959087], [17.6894415, 44.9959853], [17.6894235, 44.9961001], [17.6893513, 44.9961894], [17.689234, 44.9962468], [17.6892431, 44.9963552], [17.6893333, 44.9964445], [17.6892611, 44.9965402], [17.6891168, 44.9965912], [17.6889725, 44.9966741], [17.6888552, 44.9967379], [17.688774, 44.9968336], [17.6887921, 44.9969484], [17.6889003, 44.9970313], [17.6890266, 44.9971142], [17.6889815, 44.9972163], [17.6889274, 44.9973183], [17.6889364, 44.9974395], [17.6890176, 44.9975288], [17.6890176, 44.9976755], [17.6889364, 44.9978477], [17.6888552, 44.9979306], [17.6887831, 44.9980199], [17.6887199, 44.9981283], [17.6887019, 44.9982304], [17.6886207, 44.9984154], [17.6885125, 44.9984855], [17.6884133, 44.9985684], [17.6883231, 44.9986577], [17.6881607, 44.9988618], [17.6880886, 44.9989766], [17.6879803, 44.9991743], [17.6879262, 44.99927], [17.6878721, 44.9993657], [17.687827, 44.9994741], [17.6877909, 44.9995889], [17.6877368, 44.999691], [17.6876646, 44.9997802], [17.6875564, 44.9998504], [17.6874301, 44.9999014], [17.6875023, 45.0001183], [17.6875834, 45.0002267], [17.6875384, 45.0003287], [17.687394, 45.0003479], [17.6872497, 45.0004053], [17.6872858, 45.0005073], [17.6873219, 45.0006157], [17.6872768, 45.0007114], [17.6871054, 45.0007561], [17.6869701, 45.0008135], [17.686916, 45.0009283], [17.686916, 45.0010367], [17.686907, 45.0011387], [17.6868168, 45.001228], [17.6866905, 45.0012854], [17.6866003, 45.0013747], [17.6865913, 45.0015022], [17.6865913, 45.0017255], [17.6865552, 45.0018403], [17.6865462, 45.0019423], [17.6865552, 45.0020507], [17.6864921, 45.0021464], [17.6863658, 45.0022357], [17.6862936, 45.0023313], [17.6862485, 45.0024589], [17.6862215, 45.0025673], [17.6861854, 45.0026757], [17.6861132, 45.0027714], [17.6859779, 45.002816], [17.6859238, 45.0029181], [17.6858607, 45.0030201], [17.6857615, 45.0030967], [17.6856081, 45.0031222], [17.6854999, 45.003237], [17.6829423, 45.0027243], [17.6827781, 45.0032049], [17.68266, 45.0035993], [17.6826767, 45.0038747], [17.6827579, 45.0043211], [17.6806293, 45.0035558], [17.6747936, 45.0021273], [17.6717053, 45.0014063], [17.6709692, 45.0012344], [17.666739, 45.0012535], [17.6648629, 45.0009027], [17.6623554, 45.000705], [17.658495, 45.0019168], [17.6581974, 45.0018594], [17.6533899, 45.0022676], [17.6532907, 45.001904], [17.6533899, 45.0014066], [17.6533267, 45.0009793], [17.653002, 45.0004882], [17.6531193, 45.0004691], [17.6529389, 44.9997356], [17.6520279, 44.9987024], [17.6519107, 44.9984472], [17.6517844, 44.998224], [17.6513875, 44.9978477], [17.6508193, 44.9976691], [17.6504762, 44.9975669], [17.650212, 44.997459], [17.6499908, 44.9973213], [17.6498777, 44.9972558], [17.6496354, 44.9980411], [17.6490965, 44.9990914], [17.6492228, 44.9994103], [17.6482216, 44.9996527], [17.6474098, 44.9994295], [17.6463365, 44.9994039], [17.6461832, 44.9994039], [17.6460298, 44.9993784], [17.6458765, 44.999321], [17.6457773, 44.9992445], [17.6456871, 44.9991488], [17.6455337, 44.998932], [17.6454977, 44.9988236], [17.6455518, 44.9983324], [17.6423408, 44.996419], [17.6413396, 44.9964764], [17.6406, 44.9964445], [17.6398694, 44.9963042], [17.6385345, 44.995896], [17.6377588, 44.9956089], [17.6376325, 44.9952709], [17.6372447, 44.995188], [17.6367576, 44.9940973], [17.6368929, 44.9940845], [17.6374341, 44.9941547], [17.6380474, 44.9941993], [17.6386337, 44.9941866], [17.639229, 44.9940973], [17.6395086, 44.993925], [17.6398153, 44.9936635], [17.6402031, 44.9932744], [17.6403023, 44.9929427], [17.6379753, 44.9927514], [17.6381015, 44.9925728], [17.6375694, 44.9925473], [17.6364329, 44.9928088], [17.6362796, 44.9928343], [17.6361353, 44.9928279], [17.6359819, 44.9928088], [17.6358376, 44.9927578], [17.6357294, 44.9926621], [17.6356211, 44.9925728], [17.635549, 44.9924771], [17.6354407, 44.9924005], [17.6353145, 44.9923176], [17.6351792, 44.9922666], [17.6350439, 44.9922092], [17.6348815, 44.9921709], [17.6347101, 44.9921709], [17.6345478, 44.9921964], [17.6343945, 44.9922347], [17.6342592, 44.9923049], [17.634196, 44.9923942], [17.6340968, 44.9924771], [17.6339525, 44.9924962], [17.6338262, 44.9924324], [17.6336729, 44.9924261], [17.6335286, 44.9924643], [17.6333752, 44.9924898], [17.6330054, 44.9925664], [17.632816, 44.992611], [17.6326717, 44.9926812], [17.6325635, 44.9927578], [17.6324191, 44.9927578], [17.6322658, 44.992745], [17.6321035, 44.9927514], [17.6319772, 44.9928024], [17.6318238, 44.992796], [17.6316886, 44.9927578], [17.6315533, 44.9927067], [17.631418, 44.9926684], [17.6313097, 44.9925983], [17.6312646, 44.9924898], [17.6311384, 44.9924261], [17.630994, 44.9923814], [17.6308407, 44.9923814], [17.6307144, 44.9924261], [17.6305701, 44.9924261], [17.630534, 44.992324], [17.6303987, 44.9922602], [17.6302183, 44.9920625], [17.6301823, 44.991954], [17.630056, 44.991903], [17.6299027, 44.9918839], [17.6297944, 44.9918009], [17.6296862, 44.9917244], [17.6295238, 44.9917308], [17.6293705, 44.9917308], [17.6293164, 44.9916351], [17.6292262, 44.9915458], [17.6290999, 44.991482], [17.6289466, 44.9914756], [17.6288203, 44.9915139], [17.6286579, 44.9915011], [17.6285768, 44.9914055], [17.6284325, 44.9914118], [17.6282972, 44.9914565], [17.6281889, 44.9913863], [17.6280356, 44.9913289], [17.6279003, 44.9912906], [17.627774, 44.9912205], [17.627774, 44.9911057], [17.6278642, 44.99101], [17.627774, 44.9909207], [17.6276297, 44.9908888], [17.6275305, 44.9909653], [17.6274042, 44.9910036], [17.6272689, 44.9910419], [17.6271517, 44.9911057], [17.6270524, 44.9910163], [17.6268991, 44.9909717], [17.6267548, 44.9910036], [17.6266105, 44.9910482], [17.6264662, 44.9910036], [17.626412, 44.9909015], [17.6262768, 44.9908633], [17.6261324, 44.9908888], [17.6260062, 44.9909526], [17.6259069, 44.9908696], [17.6257626, 44.9908633], [17.6256724, 44.9907739], [17.6256364, 44.9906719], [17.6255552, 44.9905762], [17.6254199, 44.9905316], [17.6252665, 44.9905316], [17.6250952, 44.9905443], [17.6249509, 44.9904997], [17.6248426, 44.9904231], [17.6246893, 44.9904231], [17.6246171, 44.9903274], [17.624536, 44.9902381], [17.6243826, 44.9902062], [17.6242203, 44.9902381], [17.6240669, 44.9902955], [17.6239677, 44.9902062], [17.623661, 44.990113], [17.6236754, 44.9899563], [17.6238738, 44.9897905], [17.6241083, 44.9896246], [17.6243789, 44.9894971], [17.6246676, 44.9893567], [17.6249382, 44.9892036], [17.6253891, 44.988604], [17.6250455, 44.9884845], [17.6250866, 44.9883707], [17.6254606, 44.9883445], [17.6256331, 44.9881377], [17.6258682, 44.9876754], [17.626688, 44.9877109], [17.6267789, 44.987616], [17.6268323, 44.9874047], [17.6249021, 44.9865244], [17.6250464, 44.985695], [17.6246495, 44.9847509], [17.6247975, 44.9831792], [17.6247073, 44.9821553], [17.6245179, 44.9815524], [17.6244637, 44.9815938], [17.6244141, 44.9816353], [17.6243465, 44.9816481], [17.6242924, 44.9816098], [17.6243104, 44.9814981], [17.6242743, 44.9814471], [17.6242022, 44.9814535], [17.6241526, 44.9814981], [17.6240759, 44.9815747], [17.6239992, 44.9815811], [17.6239496, 44.9815396], [17.6239226, 44.9813737], [17.6238955, 44.9813259], [17.6238459, 44.9812812], [17.6237737, 44.9812589], [17.6237016, 44.9812493], [17.6236249, 44.9812493], [17.6235527, 44.9812525], [17.6234806, 44.9812525], [17.6234129, 44.9812334], [17.6233904, 44.981176], [17.6233904, 44.9811217], [17.6234129, 44.9810037], [17.6225245, 44.9806432], [17.6224569, 44.9806209], [17.6223757, 44.980589], [17.622308, 44.9805635], [17.6220374, 44.9801966], [17.6217082, 44.9800116], [17.6216451, 44.9797628], [17.6209055, 44.9791886], [17.6210543, 44.9790099], [17.6205041, 44.9786335], [17.62045, 44.9785952], [17.6203778, 44.9785633], [17.6203102, 44.9785378], [17.6202335, 44.978525], [17.6201523, 44.9785186], [17.6200712, 44.9785218], [17.620008, 44.978541], [17.6199449, 44.9785665], [17.6198457, 44.9784548], [17.6199314, 44.9783017], [17.6194804, 44.9783336], [17.6193406, 44.9781103], [17.6188806, 44.9779636], [17.6189076, 44.9779093], [17.6189482, 44.9778551], [17.6190429, 44.9777498], [17.6190835, 44.9776956], [17.619097, 44.9776382], [17.6190925, 44.9775807], [17.619088, 44.9775265], [17.6190113, 44.9774148], [17.6185559, 44.9772872], [17.6185062, 44.9771788], [17.6184792, 44.9771213], [17.6184566, 44.9770671], [17.6184341, 44.9770161], [17.618389, 44.9769746], [17.6183213, 44.9769491], [17.6181545, 44.9769299], [17.6182898, 44.9768502], [17.6182988, 44.9767385], [17.6175231, 44.9764259], [17.6174555, 44.9762632], [17.6167519, 44.9761196], [17.6163551, 44.9759091], [17.6159988, 44.9758293], [17.6159221, 44.9758229], [17.6158545, 44.9758038], [17.6157958, 44.9757623], [17.6157598, 44.9757144], [17.6156876, 44.9756825], [17.6156245, 44.975657], [17.6155658, 44.9756283], [17.6154937, 44.975606], [17.615417, 44.9756124], [17.6153494, 44.9756411], [17.6152682, 44.9756602], [17.6152096, 44.9756251], [17.6152005, 44.9755677], [17.6151509, 44.9755262], [17.6150743, 44.9755262], [17.6150021, 44.975539], [17.6149525, 44.9755805], [17.6149299, 44.9756315], [17.6148533, 44.9756474], [17.6147946, 44.9756155], [17.6147541, 44.9755709], [17.6147225, 44.9755198], [17.6146819, 44.9754752], [17.6146143, 44.9754465], [17.6145421, 44.9754337], [17.6144699, 44.9754273], [17.6143211, 44.9753922], [17.6142625, 44.9753571], [17.6142174, 44.9753157], [17.6141858, 44.9752646], [17.6141497, 44.9752104], [17.6140595, 44.9750891], [17.6139829, 44.9751306], [17.6136446, 44.9749264], [17.6134415, 44.974872], [17.6133693, 44.9748624], [17.6132881, 44.9748433], [17.6132385, 44.9747986], [17.6131754, 44.9747539], [17.6131258, 44.9747093], [17.6130716, 44.974671], [17.613013, 44.9746263], [17.6129409, 44.9746008], [17.6127154, 44.9745817], [17.6126477, 44.9745625], [17.6125981, 44.9745115], [17.6125891, 44.9744572], [17.6125891, 44.9742307], [17.6125711, 44.9741733], [17.6125395, 44.9741254], [17.6124944, 44.9740776], [17.6124448, 44.9740329], [17.6123816, 44.974001], [17.612314, 44.9739755], [17.6122463, 44.9739563], [17.6121562, 44.97395], [17.612075, 44.97395], [17.6120028, 44.9739436], [17.6117412, 44.9738862], [17.6116691, 44.9738766], [17.6114661, 44.9739276], [17.611412, 44.9739659], [17.6113444, 44.9739819], [17.6112587, 44.9739755], [17.611191, 44.9739563], [17.6111189, 44.9739755], [17.6110783, 44.9740202], [17.6110558, 44.974068], [17.6110693, 44.9741222], [17.6111414, 44.9742211], [17.611173, 44.9742658], [17.611182, 44.97432], [17.611182, 44.9743711], [17.611155, 44.9744221], [17.6111189, 44.9744668], [17.6110603, 44.9745019], [17.6109881, 44.974521], [17.6109069, 44.9745306], [17.6108258, 44.9745274], [17.6107536, 44.9745019], [17.6107085, 44.974454], [17.6106724, 44.9743998], [17.6106273, 44.9743583], [17.6105642, 44.97432], [17.6104965, 44.9742913], [17.6104244, 44.974269], [17.6103567, 44.9742467], [17.6102756, 44.9742275], [17.6101989, 44.9742243], [17.6101267, 44.9742435], [17.6100771, 44.974285], [17.610005, 44.9743041], [17.6099328, 44.9742977], [17.6098787, 44.974253], [17.609811, 44.9742243], [17.6097479, 44.9742499], [17.6097344, 44.9743041], [17.6096893, 44.9743456], [17.6096216, 44.9743232], [17.6095901, 44.9742754], [17.6095946, 44.974218], [17.6096352, 44.9741669], [17.6096983, 44.9741286], [17.6097614, 44.974084], [17.6097479, 44.9740233], [17.6096983, 44.9739819], [17.6096397, 44.9739532], [17.6095585, 44.9739468], [17.6095359, 44.9739978], [17.6094999, 44.9740425], [17.6094232, 44.9740584], [17.609351, 44.9740521], [17.6093014, 44.9740106], [17.6092293, 44.974001], [17.6091571, 44.9740138], [17.609094, 44.9740329], [17.6090353, 44.9740776], [17.6089993, 44.9741254], [17.6090128, 44.9741797], [17.6090534, 44.9742275], [17.6090895, 44.9742754], [17.609112, 44.9743264], [17.609103, 44.9743775], [17.6090714, 44.9744253], [17.6090128, 44.974454], [17.6089497, 44.9744732], [17.6088775, 44.9744796], [17.6088008, 44.97447], [17.6087332, 44.9744477], [17.6086836, 44.9743998], [17.608643, 44.974352], [17.6085889, 44.9743169], [17.6084806, 44.9742818], [17.608413, 44.974253], [17.6083363, 44.9742116], [17.6079981, 44.9740935], [17.6079214, 44.9740744], [17.6078538, 44.9740489], [17.6078312, 44.9739946], [17.6078583, 44.9739404], [17.607944, 44.9739308], [17.6080206, 44.9739436], [17.6080928, 44.9739659], [17.608174, 44.9739723], [17.6082506, 44.9739595], [17.6082777, 44.9739085], [17.6082777, 44.9738479], [17.6082416, 44.9737904], [17.608174, 44.9737649], [17.6080973, 44.9737458], [17.6080206, 44.9737426], [17.6079575, 44.9737745], [17.6079124, 44.973816], [17.6078357, 44.9738128], [17.6077771, 44.9737745], [17.6077681, 44.9737203], [17.607714, 44.9736788], [17.6076328, 44.9736915], [17.6076102, 44.9737394], [17.6075426, 44.9737649], [17.6074795, 44.9737426], [17.6074975, 44.9736884], [17.6075651, 44.9736533], [17.6075742, 44.973599], [17.607502, 44.9735607], [17.6074298, 44.9735639], [17.6073667, 44.9735863], [17.6072991, 44.9736022], [17.6072224, 44.9736086], [17.6071502, 44.9736245], [17.6071006, 44.9736628], [17.6071096, 44.9737139], [17.6070555, 44.9737522], [17.6069969, 44.9737139], [17.6069969, 44.9736564], [17.6069834, 44.9735958], [17.6069473, 44.9735448], [17.6069293, 44.9734842], [17.6069202, 44.9733215], [17.6068887, 44.9732736], [17.6068345, 44.9732321], [17.6067624, 44.9732289], [17.6067083, 44.9732672], [17.6067128, 44.9733183], [17.6066902, 44.9733693], [17.6066136, 44.9733693], [17.6065324, 44.9733565], [17.6064647, 44.9733374], [17.6063971, 44.9733119], [17.606334, 44.9732704], [17.6062753, 44.9732226], [17.6061671, 44.9731428], [17.6060904, 44.9731428], [17.6060138, 44.9731587], [17.6058559, 44.9731556], [17.6057747, 44.9731428], [17.6057206, 44.9731045], [17.6057341, 44.9730471], [17.6057702, 44.9729992], [17.6057883, 44.972945], [17.6057567, 44.9728365], [17.6057071, 44.9727918], [17.605644, 44.9727567], [17.6055673, 44.9727344], [17.6054861, 44.9727344], [17.6054275, 44.9727663], [17.6053508, 44.9727791], [17.6052877, 44.9727567], [17.6052787, 44.9727025], [17.6052787, 44.9726451], [17.6052516, 44.9725908], [17.6051839, 44.9725621], [17.6051298, 44.972527], [17.6051028, 44.9724792], [17.6051253, 44.9724249], [17.605193, 44.9723962], [17.6052606, 44.9723707], [17.6052651, 44.9723165], [17.60522, 44.9722718], [17.6051569, 44.9722431], [17.6050847, 44.9722239], [17.6049404, 44.9722271], [17.6048683, 44.9722527], [17.6048322, 44.9722973], [17.6046924, 44.9724281], [17.6046383, 44.9724632], [17.6045706, 44.9724856], [17.6044939, 44.972476], [17.6044624, 44.9724281], [17.6044579, 44.9723739], [17.6044849, 44.9723228], [17.604521, 44.9722622], [17.60453, 44.9722048], [17.6045255, 44.9721474], [17.6044985, 44.9720931], [17.6044398, 44.9720612], [17.6043677, 44.9720612], [17.604291, 44.9720644], [17.6042234, 44.9720899], [17.6041918, 44.9721346], [17.6041737, 44.9721857], [17.6041557, 44.9722335], [17.6041151, 44.972275], [17.604043, 44.9722686], [17.604043, 44.9722144], [17.604061, 44.9721601], [17.6040565, 44.9721059], [17.6040249, 44.9720548], [17.6039753, 44.9720166], [17.6039032, 44.9720038], [17.6038445, 44.9719687], [17.6038039, 44.9719177], [17.6037814, 44.9718634], [17.6037498, 44.9718092], [17.6036957, 44.9717613], [17.603619, 44.9717358], [17.6035063, 44.9717422], [17.6034567, 44.9717837], [17.6034206, 44.9718251], [17.6033439, 44.9718347], [17.6032718, 44.9718092], [17.6032808, 44.9717549], [17.6032988, 44.9716975], [17.6033169, 44.9716433], [17.6032988, 44.971589], [17.6032402, 44.9715571], [17.6031635, 44.9715603], [17.6030869, 44.9715571], [17.6030598, 44.9715061], [17.6031861, 44.9714263], [17.6031816, 44.9713689], [17.603123, 44.9713242], [17.6030508, 44.971321], [17.6029786, 44.9713274], [17.602902, 44.9713434], [17.6028433, 44.9713721], [17.6028073, 44.9714199], [17.6028028, 44.9714742], [17.6027982, 44.9715316], [17.6027441, 44.9715667], [17.6026675, 44.9715699], [17.6025953, 44.9715571], [17.6025773, 44.9714997], [17.6026133, 44.9714486], [17.6026629, 44.971404], [17.6027126, 44.9713593], [17.6027216, 44.9713019], [17.602672, 44.9712508], [17.6026088, 44.9712221], [17.6025367, 44.9712381], [17.6024645, 44.9712285], [17.6023878, 44.9712094], [17.6023067, 44.971203], [17.60223, 44.9712094], [17.6021624, 44.9712381], [17.6021263, 44.9712827], [17.6020677, 44.9713178], [17.602, 44.9712987], [17.6019955, 44.9712413], [17.602009, 44.9711838], [17.6020361, 44.9711328], [17.6020271, 44.9710754], [17.601982, 44.9710339], [17.6019008, 44.9710243], [17.6018241, 44.9710243], [17.6017475, 44.9710339], [17.6016888, 44.971069], [17.6016798, 44.9711232], [17.6017294, 44.9712859], [17.6017294, 44.971337], [17.6016708, 44.9713689], [17.6016122, 44.9713306], [17.6015716, 44.9712859], [17.6015445, 44.9712285], [17.6015129, 44.9711775], [17.6015175, 44.97112], [17.601549, 44.9710722], [17.6015535, 44.9710179], [17.60154, 44.9709605], [17.6014994, 44.9709158], [17.6014408, 44.9708744], [17.6013641, 44.9708744], [17.6012965, 44.9709063], [17.6012649, 44.9709541], [17.6012018, 44.9709796], [17.6011206, 44.9709892], [17.6010439, 44.9710052], [17.6009808, 44.9710243], [17.6009086, 44.9710434], [17.6008365, 44.9710466], [17.6007598, 44.9710339], [17.6007418, 44.9709764], [17.6007914, 44.9709318], [17.600859, 44.9708999], [17.6009312, 44.9708712], [17.6009988, 44.9708424], [17.6010665, 44.9708137], [17.6011206, 44.9707754], [17.6011657, 44.9707276], [17.6012018, 44.9706702], [17.6012063, 44.9706159], [17.6011973, 44.9704564], [17.6011702, 44.9704021], [17.6011341, 44.9703575], [17.601071, 44.9703288], [17.6009898, 44.9703351], [17.6009176, 44.9703511], [17.6008455, 44.9703511], [17.6007688, 44.970332], [17.6007102, 44.9702937], [17.6006425, 44.9701916], [17.6005929, 44.9701533], [17.6005208, 44.9701437], [17.6004486, 44.9701437], [17.600381, 44.9701756], [17.6003494, 44.9702235], [17.6003404, 44.9702745], [17.6003404, 44.9703256], [17.6003088, 44.9703734], [17.6002412, 44.9703926], [17.600169, 44.9703862], [17.6001059, 44.9703543], [17.6000472, 44.9703128], [17.5999886, 44.9702777], [17.5999435, 44.970233], [17.5999074, 44.9701756], [17.5999074, 44.9701182], [17.599957, 44.9699299], [17.599957, 44.9698757], [17.599939, 44.9698183], [17.5999119, 44.9697704], [17.5998804, 44.9697225], [17.5997902, 44.9696236], [17.599727, 44.9695981], [17.5996414, 44.9695726], [17.5995692, 44.9695566], [17.5993347, 44.9695503], [17.5992625, 44.9695534], [17.5991814, 44.969563], [17.5991227, 44.9695917], [17.5990867, 44.9696364], [17.5991137, 44.9696843], [17.5991092, 44.9697385], [17.5990506, 44.969764], [17.5989829, 44.9697864], [17.5989108, 44.9697959], [17.5988431, 44.9698119], [17.5986943, 44.9698119], [17.5985455, 44.9697736], [17.5984733, 44.9697896], [17.5984102, 44.9698119], [17.5983335, 44.9697991], [17.5982794, 44.9697576], [17.5982027, 44.9697576], [17.5981261, 44.9697768], [17.5981035, 44.9698278], [17.5981215, 44.9698821], [17.598108, 44.9699363], [17.5980359, 44.9699427], [17.5979772, 44.9699108], [17.5979502, 44.9698566], [17.5979321, 44.9698055], [17.5978961, 44.9697608], [17.5978374, 44.9697194], [17.5977562, 44.9697098], [17.5976886, 44.9697289], [17.597621, 44.969764], [17.5975759, 44.9698087], [17.5975488, 44.9698566], [17.5975623, 44.9699587], [17.5975623, 44.9700129], [17.5974947, 44.970032], [17.5974225, 44.9700129], [17.597391, 44.969965], [17.5973278, 44.9699427], [17.5972557, 44.9699587], [17.597179, 44.9699555], [17.5971159, 44.9699331], [17.5970708, 44.9698853], [17.5969986, 44.9698119], [17.596976, 44.9697608], [17.5969355, 44.969713], [17.5968678, 44.9696843], [17.5967957, 44.9696747], [17.596737, 44.9696428], [17.596719, 44.9695854], [17.5966649, 44.9695471], [17.5965882, 44.9695503], [17.5965025, 44.9695598], [17.5964304, 44.9695758], [17.5963717, 44.9696109], [17.5962996, 44.9697002], [17.5962364, 44.9697289], [17.5961643, 44.9697289], [17.5961147, 44.9696843], [17.5961056, 44.9696268], [17.5960876, 44.9695694], [17.5960425, 44.9695215], [17.5959794, 44.9694928], [17.5958982, 44.9694864], [17.5958215, 44.9694864], [17.5957539, 44.9695024], [17.5956862, 44.9695343], [17.5956456, 44.9695822], [17.5956276, 44.9696332], [17.5956096, 44.9697417], [17.595587, 44.9697959], [17.5955329, 44.9698278], [17.5954653, 44.9698119], [17.5954021, 44.9697768], [17.5953525, 44.9697321], [17.5953029, 44.9696843], [17.5952488, 44.9696364], [17.5952082, 44.9695885], [17.5951631, 44.9695439], [17.595109, 44.9695056], [17.5950323, 44.9695056], [17.5949556, 44.9695215], [17.594888, 44.9695471], [17.5948203, 44.969563], [17.5947437, 44.9695694], [17.594667, 44.9695662], [17.5945903, 44.9695662], [17.5945137, 44.969579], [17.5944505, 44.9696045], [17.5943874, 44.9696396], [17.5943107, 44.9696492], [17.5942205, 44.9696396], [17.5941799, 44.9695949], [17.5941123, 44.969579], [17.5940401, 44.9695917], [17.593986, 44.9696268], [17.5939184, 44.9696045], [17.5938913, 44.9695566], [17.5937966, 44.9695439], [17.5936658, 44.9695534], [17.5934854, 44.9695885], [17.5934088, 44.9696077], [17.5933366, 44.96963], [17.593269, 44.969646], [17.5931968, 44.969646], [17.5931201, 44.9696396], [17.593048, 44.9696204], [17.5929803, 44.9695949], [17.5929127, 44.9695694], [17.5928405, 44.9695598], [17.5927639, 44.9695694], [17.5926917, 44.9695885], [17.5926286, 44.9696077], [17.5925519, 44.9696109], [17.5924752, 44.9696045], [17.5923986, 44.9695822], [17.5923264, 44.9695822], [17.5922543, 44.9695917], [17.5922046, 44.9696364], [17.5922182, 44.9696906], [17.5922588, 44.9697353], [17.5922723, 44.9697896], [17.5922633, 44.9698438], [17.5922227, 44.9698917], [17.5921595, 44.969914], [17.5920874, 44.9699172], [17.5920288, 44.9699523], [17.5919656, 44.9699778], [17.5918844, 44.9699778], [17.5918213, 44.9699459], [17.5917942, 44.9698948], [17.5917942, 44.9698374], [17.5917582, 44.9697896], [17.5916815, 44.9697896], [17.5916139, 44.9698119], [17.5915733, 44.9698534], [17.5914966, 44.9698502], [17.5914335, 44.9698183], [17.5913839, 44.96978], [17.5913162, 44.9697513], [17.591235, 44.9697449], [17.5911854, 44.9697832], [17.591208, 44.9698342], [17.5912215, 44.9698885], [17.5911539, 44.9699076], [17.5910411, 44.969831], [17.5909735, 44.9698087], [17.5909013, 44.9697864], [17.5908742, 44.9697385], [17.5908788, 44.9696779], [17.5909193, 44.9696332], [17.5909599, 44.9695854], [17.5909329, 44.9695279], [17.5908607, 44.969512], [17.5907435, 44.9695024], [17.5906623, 44.969512], [17.5905811, 44.9695183], [17.5905089, 44.9694992], [17.5904864, 44.9694482], [17.5904819, 44.9693907], [17.5904729, 44.9693333], [17.5904458, 44.9692822], [17.5903827, 44.969244], [17.5902564, 44.9691833], [17.5902023, 44.9691482], [17.5901707, 44.9690972], [17.5901842, 44.9690398], [17.5902248, 44.9689855], [17.5902338, 44.9689281], [17.5901797, 44.9688643], [17.5901166, 44.968826], [17.5900895, 44.9687685], [17.5901436, 44.9687271], [17.5901933, 44.9686792], [17.5902338, 44.9686313], [17.590306, 44.968609], [17.5905405, 44.9686058], [17.5905811, 44.9685612], [17.5905766, 44.9685037], [17.590518, 44.9684718], [17.5904413, 44.9684622], [17.5902789, 44.9684495], [17.5902068, 44.9684303], [17.5901482, 44.9684016], [17.590094, 44.9683601], [17.5900715, 44.9683059], [17.590094, 44.9682517], [17.5901256, 44.9682006], [17.5901301, 44.9681432], [17.590094, 44.9680953], [17.590094, 44.9680379], [17.5901121, 44.9679804], [17.5901121, 44.967872], [17.590094, 44.9678113], [17.5900715, 44.9677603], [17.5900354, 44.9677092], [17.5899903, 44.9676678], [17.5899362, 44.9676295], [17.589864, 44.9676199], [17.5897829, 44.9676199], [17.5897152, 44.9676454], [17.5897107, 44.9676997], [17.5897197, 44.9677539], [17.5897107, 44.967805], [17.5896566, 44.9678432], [17.5895799, 44.9678337], [17.5895483, 44.9677858], [17.5895483, 44.9676741], [17.5895709, 44.9676199], [17.589607, 44.967572], [17.589616, 44.9675178], [17.589598, 44.9674667], [17.5895483, 44.9674253], [17.5894717, 44.9674061], [17.589395, 44.9673838], [17.589368, 44.9673263], [17.5894131, 44.9672785], [17.5893905, 44.9672274], [17.5893634, 44.96717], [17.5893589, 44.9671126], [17.5893183, 44.9670392], [17.5891064, 44.9667967], [17.5890478, 44.9667616], [17.5889936, 44.9667265], [17.5889846, 44.966669], [17.5890117, 44.9666148], [17.5890703, 44.9665765], [17.5891515, 44.9665733], [17.5892327, 44.9665765], [17.5893048, 44.9665478], [17.5893138, 44.9664872], [17.5893093, 44.9664297], [17.5892597, 44.9663851], [17.5891876, 44.9663787], [17.5891109, 44.9663532], [17.5890838, 44.9662957], [17.5890658, 44.9662415], [17.5890162, 44.9661904], [17.588944, 44.9661681], [17.5888674, 44.9661394], [17.5888132, 44.9660947], [17.5888132, 44.9660405], [17.5888403, 44.965983], [17.5889305, 44.9659511], [17.5890117, 44.9659383], [17.5890929, 44.9659192], [17.589165, 44.9658905], [17.5892282, 44.9658554], [17.5892732, 44.9658075], [17.5892507, 44.9657565], [17.589174, 44.9657405], [17.5890162, 44.9657437], [17.5889395, 44.9657373], [17.5889034, 44.9656895], [17.5889666, 44.965648], [17.5890432, 44.965648], [17.5891289, 44.9656512], [17.5892101, 44.965648], [17.5892597, 44.9656033], [17.5892507, 44.9655459], [17.5891966, 44.9655012], [17.5891244, 44.9654916], [17.5889711, 44.9654916], [17.5888989, 44.965498], [17.5888358, 44.9654629], [17.5888403, 44.9654023], [17.5888764, 44.9653512], [17.5889395, 44.9653193], [17.5890838, 44.9652683], [17.5891695, 44.9652651], [17.5892507, 44.9652747], [17.5893319, 44.9652683], [17.589395, 44.9652332], [17.5894266, 44.9651853], [17.5894942, 44.9651502], [17.5895709, 44.9651343], [17.5896431, 44.9651023], [17.5896927, 44.9650545], [17.5897242, 44.9650002], [17.5897513, 44.9649428], [17.5897738, 44.9648822], [17.5898054, 44.9648247], [17.589846, 44.9647769], [17.5899046, 44.964729], [17.5899633, 44.9646907], [17.5899993, 44.9646429], [17.5900038, 44.9645854], [17.5899903, 44.9645312], [17.5899633, 44.9644801], [17.5899272, 44.9644323], [17.5898866, 44.9643812], [17.5898144, 44.9643589], [17.5897423, 44.9643589], [17.5896746, 44.9643748], [17.589616, 44.9644099], [17.589616, 44.964461], [17.5896025, 44.9645152], [17.5895348, 44.9645376], [17.5894672, 44.9645184], [17.5894446, 44.9644642], [17.5894446, 44.9644099], [17.5894131, 44.9643589], [17.5893634, 44.964311], [17.589395, 44.9642599], [17.5894536, 44.9642217], [17.5895258, 44.9641897], [17.5895844, 44.9641515], [17.5896115, 44.9641004], [17.5896431, 44.9640493], [17.5896656, 44.9639919], [17.5896611, 44.9639345], [17.589625, 44.9638866], [17.5895664, 44.9638547], [17.5894176, 44.963826], [17.5891785, 44.9637877], [17.5890838, 44.9637717], [17.5890117, 44.9637526], [17.5889395, 44.9637239], [17.5888764, 44.963692], [17.5888493, 44.9636377], [17.5888448, 44.9635835], [17.5888629, 44.963526], [17.588917, 44.9634814], [17.5889936, 44.9634654], [17.5890703, 44.9634718], [17.5891515, 44.9634973], [17.5892958, 44.9635579], [17.5893454, 44.9635133], [17.5893364, 44.9634558], [17.589368, 44.9634048], [17.5894491, 44.9634112], [17.5895033, 44.9634463], [17.5895844, 44.9634622], [17.589634, 44.9634175], [17.589634, 44.9633601], [17.5896295, 44.9632995], [17.589634, 44.963242], [17.5896882, 44.963191], [17.5897648, 44.9631718], [17.589846, 44.9631623], [17.5900038, 44.9631399], [17.5900535, 44.9630984], [17.5900038, 44.9630538], [17.5899227, 44.963041], [17.5898415, 44.9630155], [17.5898189, 44.9629612], [17.5898505, 44.9629102], [17.5899272, 44.9628942], [17.5900038, 44.9628942], [17.5900715, 44.9628655], [17.5900805, 44.9628112], [17.5900985, 44.9627538], [17.5901887, 44.9626772], [17.590297, 44.9626613], [17.5903105, 44.9627155], [17.590306, 44.9627666], [17.5903195, 44.9628208], [17.5903962, 44.9628495], [17.5904684, 44.9628208], [17.5904864, 44.9627634], [17.5905044, 44.9627091], [17.5905586, 44.9626677], [17.5906397, 44.9626453], [17.5907525, 44.962623], [17.5908246, 44.9625911], [17.5908562, 44.9625336], [17.5908337, 44.9624826], [17.5907976, 44.9624347], [17.5908201, 44.9623805], [17.5909103, 44.9623837], [17.5909915, 44.9623741], [17.5910591, 44.9623454], [17.591005, 44.9622432], [17.5911674, 44.9621794], [17.5913027, 44.9620901], [17.5913568, 44.961988], [17.5916544, 44.9618476], [17.5917356, 44.9617518], [17.5918619, 44.9616816], [17.5919972, 44.9616114], [17.5920964, 44.9615157], [17.5922588, 44.9614965], [17.5924031, 44.9614646], [17.5925384, 44.9614072], [17.5926917, 44.9614136], [17.592809, 44.9614774], [17.5929172, 44.9615604], [17.5930886, 44.9615859], [17.5931878, 44.9615029], [17.5931607, 44.9613944], [17.593287, 44.9613242], [17.5934494, 44.9612987], [17.5934854, 44.9611902], [17.5936388, 44.9612157], [17.5937831, 44.9612795], [17.5939454, 44.9613051], [17.5940898, 44.9613689], [17.5942521, 44.9613689], [17.5943603, 44.9612795], [17.5943513, 44.9611583], [17.5943603, 44.9610434], [17.5944145, 44.9609413], [17.5945498, 44.9608775], [17.594676, 44.9608136], [17.5947933, 44.9607307], [17.5948384, 44.9606222], [17.5948564, 44.9605137], [17.5948925, 44.9603924], [17.5950549, 44.9603669], [17.5951721, 44.9604435], [17.5952713, 44.9605328], [17.5953886, 44.9606158], [17.5955124, 44.9606325], [17.595646, 44.9605656], [17.5956411, 44.9604818], [17.5955149, 44.9604116], [17.5954066, 44.960335], [17.5954607, 44.9602265], [17.5956231, 44.9602201], [17.5958035, 44.9602456], [17.5959749, 44.9602137], [17.5961372, 44.9601946], [17.5962996, 44.9601818], [17.5963807, 44.9600861], [17.5962364, 44.9600542], [17.5961011, 44.9600095], [17.596056, 44.959901], [17.5960651, 44.9597925], [17.5961102, 44.9596712], [17.5961913, 44.9595755], [17.5962906, 44.9594797], [17.5964349, 44.9594032], [17.5965882, 44.9593712], [17.5966784, 44.9592627], [17.5967506, 44.959167], [17.5968949, 44.9591223], [17.5970753, 44.9590968], [17.5972196, 44.9590521], [17.5973008, 44.95895], [17.5973368, 44.9588351], [17.597427, 44.9586054], [17.5975172, 44.9585032], [17.5976706, 44.9585096], [17.5978239, 44.9584649], [17.59786, 44.9583564], [17.5980223, 44.9583245], [17.598329, 44.958433], [17.5984733, 44.9584586], [17.5986447, 44.958433], [17.598798, 44.9583756], [17.5989153, 44.958299], [17.5989874, 44.9581905], [17.5990325, 44.958082], [17.5990957, 44.9579799], [17.599231, 44.9579224], [17.5993933, 44.9578969], [17.5995557, 44.9578969], [17.599718, 44.9578841], [17.5998894, 44.9578522], [17.6000427, 44.9578012], [17.6002141, 44.9577629], [17.6003674, 44.9577246], [17.6005298, 44.9577182], [17.6006922, 44.9577309], [17.6008365, 44.9577692], [17.6009988, 44.9578203], [17.6011431, 44.9578841], [17.6013055, 44.9579288], [17.6014678, 44.957948], [17.6016302, 44.957948], [17.6017835, 44.9579097], [17.6019188, 44.9578522], [17.6020361, 44.9577629], [17.6020812, 44.9576544], [17.6020451, 44.9575522], [17.6019369, 44.9574501], [17.6018196, 44.9573863], [17.6016843, 44.9573544], [17.601531, 44.9573288], [17.6013776, 44.9572778], [17.6012694, 44.9571948], [17.6011702, 44.9571055], [17.6007012, 44.9567097], [17.600611, 44.9566204], [17.6005569, 44.9565119], [17.6005118, 44.956397], [17.6002592, 44.9558481], [17.600178, 44.9557459], [17.6000878, 44.9556374], [17.5999706, 44.9555544], [17.5996368, 44.9552162], [17.5996278, 44.9551076], [17.5996459, 44.9549928], [17.5996819, 44.9548842], [17.5997451, 44.9547885], [17.599718, 44.9546736], [17.5996459, 44.9545779], [17.5995737, 44.9544757], [17.5995737, 44.9543481], [17.5996188, 44.9538757], [17.5996819, 44.9537672], [17.5997902, 44.9536715], [17.5992468, 44.953349], [17.5983921, 44.9528417], [17.59832, 44.9527459], [17.5963717, 44.9525481], [17.5962725, 44.9524651], [17.5961643, 44.952363], [17.5960651, 44.9522608], [17.5959749, 44.9521715], [17.5958666, 44.9520757], [17.5957404, 44.952031], [17.595578, 44.9520183], [17.5954517, 44.9519544], [17.5953705, 44.9518459], [17.5953254, 44.9517374], [17.5952443, 44.9516416], [17.595136, 44.9515714], [17.5950639, 44.9514821], [17.5950639, 44.9513736], [17.5950549, 44.9512523], [17.5949466, 44.9511757], [17.5948294, 44.9511055], [17.5947392, 44.9510161], [17.5946941, 44.9509012], [17.5945588, 44.9508374], [17.5944235, 44.9507927], [17.5943333, 44.9506969], [17.5943243, 44.950582], [17.594216, 44.950499], [17.5940176, 44.9504863], [17.5939094, 44.9504033], [17.5939184, 44.9502884], [17.5938552, 44.9501926], [17.5937199, 44.9501352], [17.5935937, 44.9500777], [17.5936117, 44.9499692], [17.5937109, 44.9498543], [17.5936388, 44.9497586], [17.5934584, 44.9497777], [17.593305, 44.9496245], [17.5932239, 44.9495288], [17.5932419, 44.9494139], [17.5931156, 44.94935], [17.5929894, 44.9492734], [17.5929803, 44.9491649], [17.5929352, 44.94905], [17.5928721, 44.9489542], [17.5927278, 44.9489415], [17.5926737, 44.9488393], [17.5926286, 44.9487372], [17.5924843, 44.9487244], [17.5924301, 44.9486159], [17.5924482, 44.9485074], [17.5923941, 44.9483797], [17.5923219, 44.9482776], [17.5923129, 44.9481627], [17.5921776, 44.948118], [17.5920333, 44.9481371], [17.591916, 44.9480605], [17.5920603, 44.9480031], [17.5920333, 44.9478946], [17.5921595, 44.9478243], [17.5920693, 44.947735], [17.5919341, 44.9476903], [17.5919431, 44.9475754], [17.5918529, 44.947486], [17.5916995, 44.9474605], [17.5915462, 44.947486], [17.5914019, 44.9474477], [17.591429, 44.9473392], [17.5912846, 44.9473136], [17.5911223, 44.9473136], [17.591014, 44.9472434], [17.5911223, 44.9471604], [17.5912035, 44.9470455], [17.5911223, 44.9469562], [17.5909689, 44.9469562], [17.5908066, 44.9469498], [17.5906893, 44.9468668], [17.590527, 44.9468795], [17.5904278, 44.9469562], [17.5904368, 44.9470647], [17.5904819, 44.9471604], [17.5904819, 44.9472626], [17.5897152, 44.9474605], [17.589625, 44.9473775], [17.589634, 44.9472498], [17.5894627, 44.9472307], [17.5893093, 44.9471477], [17.5894356, 44.9470838], [17.5894176, 44.9469689], [17.5892732, 44.9468987], [17.5891289, 44.9469306], [17.5889756, 44.9469625], [17.5888313, 44.9469306], [17.588696, 44.9468923], [17.5885607, 44.9469498], [17.5884344, 44.9469945], [17.5882811, 44.9469625], [17.5881999, 44.9468604], [17.5881368, 44.9467583], [17.5879925, 44.94672], [17.5878662, 44.9467583], [17.5877219, 44.9467966], [17.5876136, 44.94672], [17.5876587, 44.9466178], [17.5877309, 44.9465157], [17.587794, 44.9464071], [17.5878391, 44.9462986], [17.5877474, 44.9460536], [17.5877925, 44.9460089], [17.5878556, 44.9459642], [17.5879052, 44.9459196], [17.5879188, 44.9458589], [17.5878782, 44.9458046], [17.587806, 44.9457919], [17.5877293, 44.9457887], [17.5876391, 44.9457919], [17.5875895, 44.9458302], [17.587576, 44.9458813], [17.5875129, 44.9459132], [17.5874317, 44.9459068], [17.587364, 44.9458749], [17.5873009, 44.9458302], [17.5872468, 44.9457791], [17.5870258, 44.9453961], [17.5870078, 44.9453322], [17.5870258, 44.945278], [17.587107, 44.9452556], [17.5871836, 44.9452397], [17.5872333, 44.9451982], [17.5872603, 44.9451375], [17.5872603, 44.9450833], [17.5872333, 44.945029], [17.5871701, 44.9449939], [17.587098, 44.9449683], [17.5869717, 44.9449332], [17.5868499, 44.9449556], [17.5867236, 44.9450067], [17.5866515, 44.9450258], [17.5865703, 44.9450322], [17.5864936, 44.9450194], [17.586426, 44.9449907], [17.586408, 44.9449396], [17.5864215, 44.9448854], [17.5864801, 44.9448471], [17.5865568, 44.9448407], [17.5867146, 44.9448407], [17.5867958, 44.9448343], [17.586868, 44.9448056], [17.5869221, 44.9447641], [17.5869536, 44.9447098], [17.5869582, 44.9446555], [17.5869401, 44.9446013], [17.586895, 44.9445566], [17.5868589, 44.9445087], [17.5868364, 44.9444512], [17.5868634, 44.9444002], [17.5869221, 44.9443619], [17.5869987, 44.9443299], [17.5870709, 44.944298], [17.5870664, 44.9442406], [17.5870348, 44.9441927], [17.5869717, 44.9441544], [17.5868995, 44.9441352], [17.5864891, 44.9441352], [17.586408, 44.9441448], [17.5863313, 44.9441352], [17.5862636, 44.9441129], [17.5862366, 44.9440586], [17.5862231, 44.943998], [17.5862231, 44.9439405], [17.5862456, 44.9438703], [17.5862682, 44.943816], [17.5862682, 44.9437618], [17.5860968, 44.943567], [17.5860562, 44.9435224], [17.5860336, 44.9434681], [17.5860517, 44.9434106], [17.5860878, 44.9433564], [17.5861283, 44.9433085], [17.5861734, 44.9432638], [17.5863448, 44.942935], [17.5863719, 44.9428839], [17.586408, 44.9428361], [17.5864801, 44.9428169], [17.5865613, 44.9428009], [17.5866244, 44.9427658], [17.5866334, 44.9427084], [17.5865748, 44.9426637], [17.5864576, 44.9425839], [17.586426, 44.9425296], [17.586444, 44.942469], [17.5865072, 44.9424211], [17.5866109, 44.9423349], [17.5866876, 44.942303], [17.5867552, 44.9423317], [17.5867958, 44.9423828], [17.5868409, 44.9424243], [17.5869266, 44.9424275], [17.5869311, 44.94237], [17.586904, 44.9423157], [17.5869085, 44.9422615], [17.5868499, 44.9421274], [17.586886, 44.9420795], [17.5869582, 44.9420572], [17.5870258, 44.9420284], [17.5870619, 44.9419582], [17.5869401, 44.9418912], [17.5869536, 44.9418337], [17.5869131, 44.941789], [17.5868409, 44.9417667], [17.5867597, 44.941738], [17.5867236, 44.9416933], [17.5867327, 44.9416326], [17.5868093, 44.9416326], [17.5869807, 44.9416422], [17.5870619, 44.9416294], [17.5870709, 44.9415752], [17.5870574, 44.9415209], [17.5870078, 44.9414762], [17.586904, 44.9413996], [17.5868499, 44.9413581], [17.5867868, 44.9413198], [17.5867101, 44.9412974], [17.586638, 44.9412942], [17.5865568, 44.9413006], [17.5864711, 44.9413134], [17.5863944, 44.9413198], [17.5863403, 44.9413581], [17.5863493, 44.9414124], [17.5863493, 44.9414634], [17.5863178, 44.9415113], [17.5862456, 44.9415113], [17.586178, 44.9414858], [17.5861374, 44.9414411], [17.5861058, 44.9413932], [17.5860607, 44.9413453], [17.5860021, 44.9413102], [17.5859209, 44.9412847], [17.585763, 44.9412847], [17.5856954, 44.9412591], [17.5856729, 44.9412081], [17.5855872, 44.9409846], [17.5856007, 44.9409303], [17.5856683, 44.9409016], [17.585745, 44.9408824], [17.5858172, 44.9408665], [17.5858893, 44.9408346], [17.5859434, 44.9407899], [17.5859885, 44.940742], [17.5860336, 44.9406941], [17.5861148, 44.9405792], [17.5861283, 44.9405217], [17.5861419, 44.9404228], [17.586178, 44.9403749], [17.5863087, 44.9402695], [17.5863178, 44.9402153], [17.5862997, 44.940161], [17.5862501, 44.9401163], [17.5861915, 44.940078], [17.5861238, 44.9400461], [17.5860472, 44.9400237], [17.5859615, 44.940011], [17.5858803, 44.9400142], [17.5858172, 44.9400397], [17.5857856, 44.9400876], [17.5857766, 44.9401418], [17.585736, 44.9401897], [17.5856593, 44.9402025], [17.5855917, 44.940177], [17.5855511, 44.9401291], [17.585515, 44.9400173], [17.585506, 44.9399216], [17.585506, 44.9398673], [17.5854744, 44.9398162], [17.585441, 44.9398004], [17.5854068, 44.9397843], [17.5853301, 44.9397843], [17.5851858, 44.9398098], [17.5851136, 44.9397939], [17.5850595, 44.9397556], [17.585037, 44.9397013], [17.5850144, 44.93958], [17.5849828, 44.9395257], [17.5849197, 44.9394842], [17.5848566, 44.9394587], [17.5847844, 44.9394268], [17.5847077, 44.9394268], [17.5846401, 44.9394555], [17.584595, 44.9395002], [17.5845544, 44.9395449], [17.5845093, 44.9395928], [17.5844552, 44.9396343], [17.584383, 44.9396502], [17.5843109, 44.9396375], [17.5842748, 44.9395928], [17.5842613, 44.9395353], [17.5842703, 44.939481], [17.5843244, 44.9394364], [17.5844011, 44.9394172], [17.5844777, 44.9394108], [17.5845409, 44.9393757], [17.5845634, 44.9393214], [17.5845274, 44.9392704], [17.5844552, 44.9392512], [17.5843785, 44.9392448], [17.5842974, 44.939232], [17.5842432, 44.9391969], [17.5842477, 44.9391427], [17.5843109, 44.9391043], [17.5843876, 44.9390884], [17.5844552, 44.939066], [17.5844913, 44.939015], [17.5844958, 44.9389575], [17.5844687, 44.9389064], [17.5844056, 44.9388649], [17.5843289, 44.9388394], [17.5842477, 44.9388426], [17.5841575, 44.9388553], [17.5840854, 44.9388841], [17.5840268, 44.9389128], [17.5839681, 44.9389511], [17.583905, 44.9389862], [17.5837652, 44.9390309], [17.583693, 44.9390437], [17.5836209, 44.9390533], [17.5835442, 44.939066], [17.583463, 44.9390692], [17.5833503, 44.9390788], [17.5832781, 44.9390948], [17.5832285, 44.9391395], [17.5831924, 44.9391842], [17.5831473, 44.9392289], [17.5830842, 44.939264], [17.5830121, 44.9392895], [17.5829354, 44.9393023], [17.5828587, 44.9393055], [17.582773, 44.9393087], [17.5825205, 44.9392895], [17.5824438, 44.9392672], [17.5823581, 44.9392576], [17.582286, 44.9392416], [17.5822048, 44.9392193], [17.5821281, 44.9392097], [17.5817944, 44.9392129], [17.5817087, 44.9392225], [17.5816411, 44.9392416], [17.5815869, 44.9392767], [17.5815869, 44.9393278], [17.5816005, 44.9393821], [17.581623, 44.9394332], [17.581632, 44.9394874], [17.581632, 44.9395417], [17.581623, 44.939596], [17.581596, 44.9396407], [17.5815464, 44.939679], [17.5814877, 44.9397045], [17.5814246, 44.9397332], [17.581393, 44.9397779], [17.5814516, 44.9398194], [17.5814877, 44.9398673], [17.5814832, 44.9399216], [17.5814336, 44.9399631], [17.5807346, 44.940078], [17.5805858, 44.940078], [17.5805091, 44.9400716], [17.5804324, 44.9400493], [17.5803693, 44.9400205], [17.5803197, 44.939979], [17.5802791, 44.9399248], [17.5802565, 44.9398705], [17.5802475, 44.939813], [17.580225, 44.939762], [17.5801934, 44.9397141], [17.5801528, 44.939663], [17.5800265, 44.9395992], [17.5799544, 44.9395768], [17.5798777, 44.939564], [17.579792, 44.939564], [17.5796342, 44.9395736], [17.5795026, 44.9395921], [17.5792689, 44.9397109], [17.5792057, 44.939746], [17.5791426, 44.9397779], [17.5789893, 44.9399088], [17.5789352, 44.9399439], [17.5788675, 44.9399727], [17.5787908, 44.9399695], [17.5787142, 44.9399663], [17.5786465, 44.9399439], [17.5786105, 44.939896], [17.5786014, 44.9398354], [17.5786375, 44.9397237], [17.578633, 44.9396662], [17.5786105, 44.9396055], [17.5785699, 44.9395609], [17.5785067, 44.9395225], [17.5784436, 44.9394938], [17.5783669, 44.9394747], [17.5782767, 44.9394747], [17.5781955, 44.9394874], [17.5781459, 44.9395321], [17.5781459, 44.9395864], [17.5781504, 44.9396375], [17.5781459, 44.9396917], [17.5781414, 44.939746], [17.5780918, 44.9397843], [17.5780152, 44.9397811], [17.577952, 44.9397492], [17.5778844, 44.9396438], [17.5778573, 44.9395832], [17.5778528, 44.939414], [17.5778303, 44.9393534], [17.5770004, 44.9392448], [17.5769599, 44.9392001], [17.5769193, 44.9391522], [17.5768291, 44.9391012], [17.5766802, 44.9390597], [17.5766306, 44.9390213], [17.5766532, 44.9389703], [17.5767208, 44.9389479], [17.576793, 44.9389224], [17.576802, 44.9388522], [17.5767795, 44.9387979], [17.5767299, 44.9387564], [17.5766577, 44.9387308], [17.576581, 44.9387149], [17.5764953, 44.9387085], [17.576342, 44.9387213], [17.5762653, 44.9387308], [17.5761887, 44.9387308], [17.5761165, 44.9387213], [17.5760804, 44.9386766], [17.5760714, 44.9386191], [17.5760849, 44.9385648], [17.5761346, 44.9385202], [17.5762067, 44.9384914], [17.5762924, 44.9384787], [17.5763691, 44.9384723], [17.5764412, 44.9384563], [17.5765134, 44.9384308], [17.576572, 44.9383861], [17.5765946, 44.9383318], [17.5765855, 44.9382743], [17.5765359, 44.9382265], [17.5764683, 44.938185], [17.5763871, 44.9381754], [17.5762563, 44.9381466], [17.5761842, 44.9381371], [17.5761075, 44.9381179], [17.5760308, 44.9380924], [17.5759902, 44.9380445], [17.5759632, 44.9379934], [17.5759632, 44.9378753], [17.5759857, 44.937821], [17.5760218, 44.9377731], [17.5760669, 44.9377284], [17.576112, 44.9376774], [17.5761661, 44.9376263], [17.5762338, 44.9375944], [17.5764006, 44.9375944], [17.5764818, 44.9375784], [17.5765449, 44.9375497], [17.5765585, 44.9374954], [17.5765449, 44.9374379], [17.5764863, 44.9374028], [17.5764097, 44.9373964], [17.5763375, 44.9373837], [17.5762518, 44.9373613], [17.5761842, 44.9373454], [17.576121, 44.937323], [17.5760714, 44.9372751], [17.5760714, 44.9372177], [17.5760804, 44.9371634], [17.5761571, 44.937074], [17.5761706, 44.9370197], [17.5761706, 44.9369591], [17.5761616, 44.9369016], [17.576103, 44.9368633], [17.5760218, 44.9368569], [17.5759496, 44.9368761], [17.5759136, 44.9369208], [17.5758414, 44.9369367], [17.5757693, 44.9369335], [17.5757016, 44.9369112], [17.57567, 44.9368601], [17.575661, 44.9368058], [17.5756926, 44.9367579], [17.5757332, 44.9367101], [17.5757242, 44.9366526], [17.5756565, 44.9366302], [17.5755979, 44.9365887], [17.5756069, 44.9365313], [17.57567, 44.9364994], [17.5757467, 44.9365185], [17.5758234, 44.9365185], [17.575891, 44.936493], [17.5759136, 44.9364387], [17.5758955, 44.9363876], [17.5758775, 44.936327], [17.5758955, 44.9362695], [17.5759767, 44.9362535], [17.5760534, 44.9362727], [17.5761346, 44.9362759], [17.5761932, 44.9362408], [17.5762067, 44.9361833], [17.5761887, 44.9361322], [17.5761436, 44.9360907], [17.5760849, 44.936062], [17.5760083, 44.936046], [17.5759316, 44.9360364], [17.5758595, 44.9360109], [17.5758234, 44.9359598], [17.5758008, 44.9359087], [17.5757467, 44.9358736], [17.5756836, 44.9358417], [17.5756204, 44.9358162], [17.5755438, 44.9358066], [17.5754626, 44.935813], [17.5754355, 44.9358641], [17.5753859, 44.9358992], [17.5753093, 44.9358864], [17.5752416, 44.9358609], [17.5751694, 44.9358257], [17.5751153, 44.9357874], [17.5750747, 44.9357364], [17.5750477, 44.9356853], [17.5749845, 44.935647], [17.5749079, 44.935631], [17.5748447, 44.9356055], [17.5747861, 44.9355703], [17.5747365, 44.9355256], [17.5746824, 44.9354905], [17.5746147, 44.9355097], [17.5745426, 44.9355256], [17.5744659, 44.9355256], [17.5743892, 44.9355161], [17.5743487, 44.935465], [17.5743306, 44.9354011], [17.5743487, 44.9353469], [17.5743892, 44.935299], [17.5744253, 44.9352479], [17.5744298, 44.9351872], [17.5744118, 44.9351266], [17.5743667, 44.9350819], [17.5743036, 44.9350436], [17.5742314, 44.9350436], [17.5741683, 44.9350659], [17.5741051, 44.9351042], [17.574042, 44.9351266], [17.5739698, 44.9351425], [17.5738841, 44.9351521], [17.5738075, 44.9351745], [17.5737488, 44.9352128], [17.5737038, 44.9352575], [17.5736587, 44.9353117], [17.5736181, 44.9353532], [17.5735414, 44.935366], [17.5734647, 44.9353596], [17.5734016, 44.9353373], [17.5733339, 44.9353213], [17.5732618, 44.9353054], [17.5731851, 44.9353181], [17.5731581, 44.9353628], [17.5731626, 44.9354139], [17.5731806, 44.935465], [17.5732347, 44.935564], [17.5732528, 44.9356246], [17.5732437, 44.9356789], [17.5732257, 44.93573], [17.5732032, 44.935781], [17.5732032, 44.9358353], [17.5732167, 44.9358896], [17.5732257, 44.9359439], [17.5732077, 44.9359981], [17.57314, 44.9360269], [17.5730679, 44.9360173], [17.5730047, 44.9359854], [17.5729732, 44.9359375], [17.5729371, 44.9358928], [17.5728694, 44.9358672], [17.5727973, 44.9358577], [17.5727071, 44.9358577], [17.5726169, 44.9358641], [17.5725402, 44.93588], [17.5724545, 44.9359119], [17.5723373, 44.935979], [17.5722832, 44.9360237], [17.5722335, 44.9360875], [17.5721659, 44.9361801], [17.5721208, 44.9362184], [17.5720486, 44.936244], [17.571981, 44.9362695], [17.5719179, 44.9363046], [17.5718682, 44.9363493], [17.5718322, 44.9363972], [17.5718231, 44.9364547], [17.5718863, 44.9364898], [17.5719539, 44.9365185], [17.5720035, 44.93656], [17.5720261, 44.9366111], [17.5720486, 44.9366686], [17.5720757, 44.9367292], [17.5720757, 44.9368378], [17.5720847, 44.936892], [17.5721659, 44.9369112], [17.5722471, 44.9368984], [17.5723418, 44.9368825], [17.572423, 44.9368856], [17.5725041, 44.9369112], [17.5725492, 44.9369559], [17.5725537, 44.9370101], [17.5725267, 44.9370548], [17.5724816, 44.9370932], [17.5724139, 44.9371251], [17.5723463, 44.9371474], [17.5722696, 44.937157], [17.5721839, 44.9371602], [17.5720216, 44.9371602], [17.5719359, 44.9371698], [17.5718637, 44.9371825], [17.5717871, 44.9371889], [17.5717149, 44.9372049], [17.5716247, 44.9372336], [17.5715075, 44.9373677], [17.5714804, 44.9374156], [17.5714624, 44.9374699], [17.5714533, 44.9375273], [17.5714579, 44.9375816], [17.5714939, 44.9376327], [17.5715977, 44.9377189], [17.5716382, 44.9377636], [17.5716788, 44.9378114], [17.5717014, 44.9378625], [17.5717014, 44.9379168], [17.5716653, 44.9379583], [17.5716022, 44.9379902], [17.5714353, 44.9380924], [17.5714488, 44.9381498], [17.5714939, 44.9381945], [17.571539, 44.9382456], [17.5715751, 44.9382935], [17.5715886, 44.938351], [17.5715661, 44.9384052], [17.5714939, 44.9384212], [17.5714218, 44.9384052], [17.5713586, 44.9383669], [17.571309, 44.9383158], [17.5712865, 44.9382584], [17.5712684, 44.9382073], [17.5712324, 44.9381626], [17.5711647, 44.9381307], [17.5710835, 44.9381243], [17.5710024, 44.9381307], [17.5709347, 44.938153], [17.5706416, 44.9384755], [17.57061, 44.9385233], [17.5705514, 44.9385617], [17.5704927, 44.9386], [17.5703935, 44.938683], [17.5703529, 44.9387245], [17.5703259, 44.9387787], [17.5703124, 44.9388394], [17.5703214, 44.9388905], [17.5706637, 44.9391232], [17.5708039, 44.9391618], [17.5708851, 44.939165], [17.5709663, 44.9391554], [17.5710475, 44.939149], [17.5711331, 44.9391554], [17.5711918, 44.9392033], [17.5712008, 44.9392576], [17.5711647, 44.9393087], [17.5710069, 44.9393182], [17.5709392, 44.939331], [17.5708671, 44.9393502], [17.5707408, 44.9394044], [17.5706912, 44.9394427], [17.5707047, 44.9395257], [17.5706641, 44.9395864], [17.5706596, 44.939647], [17.5706777, 44.9397077], [17.5707453, 44.939746], [17.5708265, 44.9397492], [17.5708986, 44.9397332], [17.571061, 44.9396981], [17.5711331, 44.93973], [17.5711692, 44.9397779], [17.5711512, 44.9398322], [17.5710926, 44.9398673], [17.5710249, 44.9398833], [17.5709528, 44.9398833], [17.5708761, 44.9398928], [17.5708039, 44.9399088], [17.5707318, 44.939928], [17.5706777, 44.9399631], [17.5706461, 44.940011], [17.5705965, 44.940062], [17.5705288, 44.9400844], [17.5704522, 44.9400972], [17.570362, 44.9401067], [17.5702853, 44.9401291], [17.5702402, 44.9401738], [17.5702537, 44.940228], [17.5702988, 44.9402727], [17.5703575, 44.9403047], [17.5704341, 44.9403206], [17.5705108, 44.9403334], [17.570592, 44.9403366], [17.5706731, 44.9403493], [17.5707543, 44.9403653], [17.570822, 44.940394], [17.5708445, 44.9404483], [17.5708175, 44.9405026], [17.5707588, 44.9405377], [17.5706822, 44.9405473], [17.5706055, 44.9405377], [17.5705198, 44.9405217], [17.5704341, 44.9405058], [17.5703665, 44.9404802], [17.5702988, 44.9404547], [17.5702357, 44.9404228], [17.5699561, 44.9401961], [17.5698749, 44.9401802], [17.5698118, 44.9402025], [17.5697667, 44.9402472], [17.5696945, 44.9403589], [17.5696539, 44.9404738], [17.5696584, 44.9405856], [17.569672, 44.940643], [17.569699, 44.9406909], [17.5697441, 44.9407324], [17.5698163, 44.9407611], [17.5698884, 44.9407835], [17.5699696, 44.9407931], [17.5701365, 44.9407931], [17.570435, 44.9407496], [17.5706506, 44.9408984], [17.5706731, 44.9409527], [17.5707137, 44.9409974], [17.5707633, 44.9410389], [17.5707724, 44.9410899], [17.5707047, 44.9411187], [17.5706416, 44.9411474], [17.5705694, 44.9411538], [17.5704927, 44.9411634], [17.5704296, 44.9411921], [17.57038, 44.9412336], [17.570362, 44.941291], [17.570362, 44.9413517], [17.5704026, 44.9413996], [17.5704792, 44.9414155], [17.5706416, 44.9414251], [17.5707228, 44.9414411], [17.5707859, 44.941473], [17.5708355, 44.9417475], [17.5709031, 44.9417858], [17.5709798, 44.9417986], [17.5710475, 44.9418305], [17.571079, 44.9418784], [17.571088, 44.9419327], [17.571052, 44.9419838], [17.5709753, 44.9419997], [17.5708851, 44.9420157], [17.5707859, 44.9420316], [17.5706957, 44.9420444], [17.5705378, 44.9420476], [17.5704612, 44.9420348], [17.570398, 44.9420061], [17.5703304, 44.9419742], [17.5702627, 44.9419454], [17.5701906, 44.9419295], [17.5701184, 44.9419359], [17.5700508, 44.941955], [17.5699831, 44.9419806], [17.5699471, 44.9420284], [17.5699471, 44.9420859], [17.5699561, 44.942137], [17.5699741, 44.9421976], [17.5700824, 44.9424051], [17.5701049, 44.9424722], [17.5701049, 44.9425296], [17.5700914, 44.9425807], [17.5700643, 44.9426318], [17.5700012, 44.9426605], [17.5699245, 44.9426796], [17.5698524, 44.9426764], [17.5697802, 44.9426605], [17.5697216, 44.9426286], [17.5696539, 44.9425903], [17.5695908, 44.9425647], [17.5695186, 44.9425583], [17.569442, 44.9425647], [17.5693743, 44.9425839], [17.5693112, 44.9426126], [17.5694284, 44.9430755], [17.5694284, 44.9431297], [17.5694194, 44.9431808], [17.5693833, 44.9432255], [17.5689323, 44.9434936], [17.5689053, 44.9435511], [17.5689053, 44.9436053], [17.5689278, 44.9436564], [17.5689594, 44.9437043], [17.5689955, 44.9437522], [17.569018, 44.9438001], [17.5690451, 44.9438511], [17.5690812, 44.9439565], [17.5690947, 44.9440171], [17.5690992, 44.9440714], [17.5691172, 44.9441767], [17.5691714, 44.9442821], [17.5692165, 44.9443236], [17.5693202, 44.9444161], [17.5693427, 44.9444736], [17.5692931, 44.9445119], [17.5692074, 44.9445247], [17.5690541, 44.9445342], [17.5689098, 44.9445342], [17.5688376, 44.9445278], [17.56877, 44.9444991], [17.5687294, 44.9444544], [17.5686527, 44.9443651], [17.5685851, 44.9443363], [17.5684363, 44.9443395], [17.5683596, 44.9443331], [17.5683235, 44.9442853], [17.568328, 44.9442278], [17.5683506, 44.9441735], [17.5683686, 44.9441097], [17.5683686, 44.9440554], [17.568337, 44.9440075], [17.5682874, 44.9439597], [17.5682243, 44.9439373], [17.5681476, 44.9439182], [17.5680665, 44.9439277], [17.5680033, 44.9439565], [17.5679402, 44.9439852], [17.5678725, 44.9440012], [17.5677823, 44.9440299], [17.5677147, 44.944065], [17.5676876, 44.9441097], [17.5676967, 44.9441671], [17.5677327, 44.9442214], [17.5677733, 44.9442693], [17.5678139, 44.9443172], [17.5678319, 44.9443746], [17.5677823, 44.9444129], [17.5677102, 44.9443874], [17.5676741, 44.9443395], [17.567647, 44.9442884], [17.5676245, 44.9442374], [17.5675929, 44.9441895], [17.5675298, 44.9441576], [17.5674531, 44.9441352], [17.5673765, 44.9441225], [17.5672998, 44.944132], [17.5672412, 44.9441703], [17.5672096, 44.944231], [17.5672186, 44.9442884], [17.5672412, 44.9443395], [17.5672817, 44.9443874], [17.5673268, 44.9444321], [17.567381, 44.94448], [17.5674396, 44.9445183], [17.5674937, 44.9445598], [17.5675523, 44.9446045], [17.5676155, 44.9447098], [17.5676561, 44.9447577], [17.5677012, 44.9448024], [17.5677553, 44.9448407], [17.5678319, 44.9448566], [17.5679988, 44.9448534], [17.5680845, 44.9448598], [17.5681612, 44.9449013], [17.5681837, 44.9449492], [17.5681837, 44.9450067], [17.5681567, 44.9450609], [17.568107, 44.9451152], [17.5679808, 44.9451822], [17.5679131, 44.9452046], [17.5676561, 44.9452716], [17.5675027, 44.9452875], [17.5674261, 44.9452844], [17.5673404, 44.9452716], [17.5672547, 44.9452524], [17.5671961, 44.9452173], [17.567178, 44.9451631], [17.567187, 44.9451056], [17.5672321, 44.9450609], [17.5672908, 44.9450226], [17.5674396, 44.9449715], [17.5675163, 44.9449524], [17.5675749, 44.9449141], [17.5675749, 44.9448566], [17.5675298, 44.9448087], [17.5674666, 44.9447768], [17.5673945, 44.9447577], [17.5673223, 44.9447545], [17.5672592, 44.9447768], [17.5672321, 44.9448215], [17.5671645, 44.9448375], [17.5670923, 44.9448183], [17.5671059, 44.9447641], [17.5671239, 44.9447066], [17.5671104, 44.9446491], [17.5670563, 44.9446108], [17.5669886, 44.9445949], [17.5669164, 44.9445821], [17.5668488, 44.944563], [17.5667992, 44.9445247], [17.5667631, 44.94448], [17.5667315, 44.9444066], [17.5667045, 44.9443555], [17.5666819, 44.9443012], [17.5666053, 44.9441608], [17.5665512, 44.9441161], [17.5664745, 44.9441033], [17.5664068, 44.9441225], [17.5663798, 44.9441735], [17.5663617, 44.9442853], [17.5663121, 44.9443331], [17.5662445, 44.9443108], [17.5662039, 44.9442661], [17.5661633, 44.9442182], [17.5661227, 44.944164], [17.5660821, 44.9441161], [17.5660055, 44.9440107], [17.5659694, 44.9439629], [17.5659378, 44.9439118], [17.5659062, 44.9438639], [17.5658521, 44.9438192], [17.5658115, 44.9437681], [17.5657935, 44.9436564], [17.5657484, 44.9435734], [17.5657078, 44.9435287], [17.5656537, 44.9434872], [17.5655815, 44.9434713], [17.5655094, 44.9434649], [17.5654372, 44.9434649], [17.5653515, 44.9434681], [17.5652749, 44.9434809], [17.5651982, 44.9434936], [17.565126, 44.9435], [17.5650539, 44.9435032], [17.5649772, 44.9434936], [17.5649186, 44.9434617], [17.5649006, 44.9434074], [17.5649276, 44.9433532], [17.5649998, 44.9433244], [17.5651757, 44.9433244], [17.5652523, 44.9433276], [17.5654102, 44.9433308], [17.5654823, 44.9433085], [17.5655364, 44.9432702], [17.5655274, 44.9432159], [17.5654868, 44.9431712], [17.5654237, 44.9431393], [17.5653651, 44.943101], [17.5653109, 44.9430563], [17.5652704, 44.9430084], [17.5652162, 44.9429701], [17.5652027, 44.9429159], [17.5652162, 44.9428041], [17.5651531, 44.9427722], [17.5650855, 44.9427467], [17.5650719, 44.9426892], [17.5651125, 44.9426413], [17.5651757, 44.942603], [17.5652433, 44.9425711], [17.56532, 44.9425583], [17.5655635, 44.9425551], [17.5656357, 44.942536], [17.5656988, 44.9424977], [17.5656988, 44.9424434], [17.5656582, 44.9423892], [17.5655951, 44.9423604], [17.5655274, 44.9423381], [17.5653109, 44.9422647], [17.5651621, 44.9422168], [17.5650945, 44.9421944], [17.5648149, 44.9421402], [17.5647382, 44.9421242], [17.5646841, 44.9420891], [17.5646706, 44.9420348], [17.5646796, 44.9419774], [17.5647292, 44.9419295], [17.5648058, 44.9419103], [17.564887, 44.9418976], [17.5649727, 44.9418816], [17.5650404, 44.9418593], [17.5651035, 44.9418241], [17.5651351, 44.9417763], [17.5651982, 44.9417348], [17.5652613, 44.9416996], [17.5653155, 44.941655], [17.5653651, 44.9416135], [17.5654192, 44.9415688], [17.5654959, 44.9415464], [17.5655725, 44.941572], [17.5656131, 44.9416198], [17.5656492, 44.9416677], [17.5656988, 44.9417156], [17.5657619, 44.9417539], [17.5658431, 44.9417667], [17.5659198, 44.9417571], [17.5659649, 44.9417092], [17.5659874, 44.9416486], [17.5660055, 44.9415879], [17.5660821, 44.9415528], [17.5661633, 44.9415464], [17.566231, 44.9415177], [17.5662806, 44.941473], [17.5662806, 44.9414187], [17.56624, 44.941374], [17.5661723, 44.9413485], [17.5661002, 44.9413357], [17.5659333, 44.9413357], [17.5658431, 44.9413325], [17.56578, 44.9413038], [17.5657484, 44.9412496], [17.5657664, 44.9411953], [17.5658296, 44.9411602], [17.5658927, 44.9411314], [17.5659062, 44.9410772], [17.5658747, 44.9410293], [17.5658341, 44.9409814], [17.5658431, 44.9409239], [17.5659062, 44.9408952], [17.5659919, 44.9408729], [17.5660596, 44.9408378], [17.5660911, 44.9407899], [17.5660911, 44.9407356], [17.5660731, 44.9406239], [17.566037, 44.940576], [17.5659649, 44.9405536], [17.5658972, 44.9405345], [17.5658792, 44.9404802], [17.5658521, 44.9404291], [17.565798, 44.940394], [17.5657168, 44.9403972], [17.5656447, 44.9404132], [17.5655815, 44.9404451], [17.5654553, 44.9405185], [17.5653831, 44.9405121], [17.5653155, 44.9404898], [17.5651994, 44.9404295], [17.5651814, 44.9403146], [17.5652716, 44.9402252], [17.5653708, 44.9401358], [17.5653257, 44.9400337], [17.5651814, 44.9400337], [17.5650641, 44.9400911], [17.5649108, 44.9400975], [17.5647845, 44.9400337], [17.5648026, 44.9399187], [17.5649469, 44.9398549], [17.5652582, 44.9397759], [17.5653528, 44.9396953], [17.565461, 44.9396059], [17.5655963, 44.9395421], [17.5656865, 44.9394463], [17.5656865, 44.9393314], [17.5656414, 44.9392228], [17.5655332, 44.9391462], [17.5653798, 44.9391143], [17.5652355, 44.9391654], [17.5651453, 44.9392547], [17.564992, 44.9392356], [17.5648386, 44.9392356], [17.5646943, 44.9392101], [17.5645681, 44.9391271], [17.5644779, 44.9390313], [17.5644057, 44.9389164], [17.5643335, 44.938827], [17.5642433, 44.9387376], [17.5641351, 44.9386354], [17.5640359, 44.9385461], [17.5639277, 44.9384567], [17.5638194, 44.93838], [17.5636841, 44.9383226], [17.5635308, 44.9383034], [17.5634316, 44.938214], [17.5635218, 44.9381247], [17.5635849, 44.9380161], [17.5634316, 44.9379842], [17.5632963, 44.9379523], [17.563188, 44.9378693], [17.5631069, 44.9377671], [17.5630798, 44.9376586], [17.5630618, 44.93755], [17.5629806, 44.9374543], [17.5628363, 44.9374862], [17.5627641, 44.9375756], [17.5626378, 44.9376266], [17.5625025, 44.9375947], [17.5624394, 44.9374926], [17.5624484, 44.9373776], [17.5623402, 44.9371733], [17.5624304, 44.9370775], [17.5625567, 44.9370137], [17.5626829, 44.9369371], [17.562719, 44.9368285], [17.562692, 44.93672], [17.5626739, 44.9364901], [17.5623041, 44.9364518], [17.5621508, 44.9364518], [17.5619974, 44.9364199], [17.5620425, 44.9363114], [17.5621869, 44.936273], [17.5623492, 44.9362858], [17.5625025, 44.9362475], [17.5625837, 44.9361517], [17.5624394, 44.9358389], [17.5626018, 44.9358261], [17.5626378, 44.9354366], [17.5626649, 44.9353153], [17.5626739, 44.9352068], [17.5627641, 44.9351174], [17.5628814, 44.9350344], [17.5627912, 44.9349386], [17.5626378, 44.9349067], [17.5625837, 44.9347981], [17.5626649, 44.9346959], [17.5626739, 44.9345874], [17.5625296, 44.9345746], [17.5623943, 44.9346193], [17.56225, 44.9345938], [17.5622049, 44.9344916], [17.5620606, 44.9344533], [17.5619974, 44.9343511], [17.5618622, 44.9343192], [17.5617449, 44.9343767], [17.5615916, 44.9344022], [17.5614653, 44.934332], [17.5614112, 44.9342298], [17.5612939, 44.9342873], [17.5611676, 44.9342426], [17.5610684, 44.9341596], [17.5609331, 44.9341979], [17.560897, 44.9342937], [17.5608519, 44.9343958], [17.5606986, 44.9344086], [17.5605453, 44.9344086], [17.5603919, 44.9343831], [17.5602476, 44.934332], [17.5601123, 44.9343575], [17.559959, 44.9343958], [17.5598508, 44.9343256], [17.5597425, 44.9342426], [17.5595982, 44.9342681], [17.5594449, 44.9342618], [17.5594088, 44.9341468], [17.5594719, 44.9340447], [17.5593276, 44.9340127], [17.5591833, 44.934], [17.55903, 44.9339744], [17.5588676, 44.9339425], [17.5587053, 44.9339425], [17.558561, 44.9339744], [17.5585249, 44.934083], [17.5583986, 44.934134], [17.5582362, 44.9341468], [17.5581009, 44.9341085], [17.5579476, 44.9341085], [17.5578213, 44.9341724], [17.557677, 44.9342043], [17.5575147, 44.9341724], [17.5574064, 44.9340957], [17.5572621, 44.9341021], [17.5571268, 44.934166], [17.5569825, 44.9341532], [17.5569464, 44.934051], [17.5563241, 44.9341979], [17.5561888, 44.9342426], [17.5560625, 44.9343192], [17.5560174, 44.9344214], [17.5559994, 44.9345299], [17.5559001, 44.9346066], [17.5557558, 44.9346385], [17.5555935, 44.9346449], [17.5554401, 44.9346576], [17.555395, 44.9347598], [17.5554131, 44.934862], [17.5552778, 44.9349067], [17.5551335, 44.9348811], [17.5549801, 44.9348939], [17.554926, 44.9349897], [17.5547907, 44.9349322], [17.5546554, 44.9349641], [17.5545562, 44.9350344], [17.5544119, 44.9350024], [17.5543127, 44.935079], [17.5543217, 44.9351876], [17.5541684, 44.9351812], [17.5540511, 44.9351237], [17.5539339, 44.935194], [17.5538797, 44.9352898], [17.5537354, 44.9352834], [17.5536903, 44.9351748], [17.5536272, 44.9350727], [17.5534739, 44.9350407], [17.5533746, 44.9351174], [17.5533205, 44.9352195], [17.5522382, 44.9353728], [17.550786, 44.9349386], [17.5496315, 44.9349386], [17.5491625, 44.9352642], [17.5481162, 44.9353089], [17.5474487, 44.9355515], [17.5473315, 44.9344086], [17.5470068, 44.9342426], [17.5466369, 44.9333806], [17.5460507, 44.9331443], [17.5461228, 44.9329655], [17.544842, 44.9309286], [17.5447158, 44.9309797], [17.5446346, 44.9310691], [17.5445624, 44.9311585], [17.5444812, 44.9312479], [17.544355, 44.9312926], [17.5442107, 44.9313309], [17.5440483, 44.9313564], [17.5438769, 44.931382], [17.5437236, 44.9314139], [17.5435883, 44.9314714], [17.5433357, 44.9315863], [17.5431914, 44.9316246], [17.5430742, 44.9316757], [17.543002, 44.9317651], [17.5429208, 44.9318481], [17.5428487, 44.9319439], [17.5427224, 44.9321738], [17.5426593, 44.9322823], [17.5425871, 44.9323717], [17.5425059, 44.9324547], [17.5423706, 44.932525], [17.5422173, 44.9325313], [17.542064, 44.9325313], [17.5419197, 44.9325122], [17.5417573, 44.9324803], [17.541595, 44.9324228], [17.5414957, 44.932327], [17.5414146, 44.9322248], [17.5413244, 44.9321227], [17.5411891, 44.932078], [17.5409004, 44.9320141], [17.5407922, 44.9319375], [17.5407832, 44.9318289], [17.5406659, 44.9317523], [17.5405487, 44.9316885], [17.5404404, 44.9316118], [17.5403412, 44.9315288], [17.540233, 44.9314522], [17.5400796, 44.931382], [17.5399444, 44.9313117], [17.5398091, 44.931267], [17.5396467, 44.9312543], [17.5394934, 44.9312543], [17.5394032, 44.9313309], [17.5393671, 44.931433], [17.539313, 44.9315352], [17.5392589, 44.9316502], [17.5391957, 44.9317459], [17.5391236, 44.9318353], [17.5390153, 44.9319183], [17.5389071, 44.9319886], [17.5388079, 44.9320652], [17.5386906, 44.932161], [17.5386004, 44.9322376], [17.5384832, 44.9323334], [17.538402, 44.9324228], [17.5382216, 44.9326016], [17.5381224, 44.9326782], [17.5379059, 44.9328187], [17.5377436, 44.9328378], [17.5375902, 44.9328123], [17.5374639, 44.9327612], [17.5373016, 44.9327037], [17.537049, 44.9326016], [17.5369137, 44.9325505], [17.5367784, 44.9325058], [17.5366522, 44.9324419], [17.5365259, 44.9323653], [17.5364177, 44.9322951], [17.5363184, 44.9321993], [17.5362282, 44.9321099], [17.5359847, 44.931963], [17.5358314, 44.9319503], [17.535669, 44.9319758], [17.5355247, 44.9320205], [17.5353714, 44.9320461], [17.535209, 44.9320716], [17.5350647, 44.9321291], [17.5350377, 44.9322376], [17.5351459, 44.9323206], [17.5353082, 44.9323206], [17.5354886, 44.932327], [17.5356239, 44.9323972], [17.5357141, 44.9324866], [17.5358224, 44.9325824], [17.5359306, 44.932659], [17.5360569, 44.9327293], [17.5361832, 44.9327868], [17.5363365, 44.9328378], [17.5364808, 44.9328889], [17.5366161, 44.9329464], [17.5367063, 44.9330486], [17.5367784, 44.9331571], [17.5368686, 44.9332529], [17.5378247, 44.9338723], [17.5392949, 44.9338531], [17.5394573, 44.9338531], [17.5396287, 44.9338467], [17.5397549, 44.9337892], [17.5398181, 44.9336871], [17.5399444, 44.9335977], [17.5400977, 44.9335849], [17.54026, 44.9336296], [17.5403863, 44.9336807], [17.5405216, 44.9337446], [17.5406659, 44.9338339], [17.5407922, 44.933917], [17.5409185, 44.9339872], [17.5410628, 44.934051], [17.5411981, 44.9340894], [17.5413695, 44.9341532], [17.5414957, 44.9342107], [17.5416491, 44.9342873], [17.5417934, 44.9343639], [17.5419287, 44.9344278], [17.5420459, 44.934498], [17.5421452, 44.9345746], [17.5422624, 44.9346576], [17.5423887, 44.9347151], [17.542533, 44.9347598], [17.5426954, 44.934747], [17.5428577, 44.934747], [17.542993, 44.9348109], [17.5431373, 44.9348747], [17.5432816, 44.9348173], [17.543444, 44.93483], [17.5435612, 44.9350407], [17.5435883, 44.9351557], [17.5436514, 44.9352642], [17.5437867, 44.9353281], [17.5437326, 44.9354366], [17.5437777, 44.9355515], [17.543895, 44.9356154], [17.5439581, 44.9357367], [17.5438318, 44.9357878], [17.5437236, 44.9358644], [17.5437958, 44.9359666], [17.543922, 44.9360368], [17.5439761, 44.936139], [17.5439761, 44.9362475], [17.5439852, 44.9363688], [17.5441205, 44.9364391], [17.5442738, 44.936471], [17.5443099, 44.9365731], [17.5443099, 44.9366817], [17.544364, 44.9367838], [17.5446887, 44.9369435], [17.5443369, 44.9371861], [17.5444271, 44.9372691], [17.5445624, 44.9373266], [17.5446887, 44.9373904], [17.5447699, 44.9374798], [17.5446707, 44.9375564], [17.5445263, 44.9375756], [17.5444452, 44.937665], [17.5444542, 44.9377671], [17.5444722, 44.937882], [17.5444361, 44.9379906], [17.5442738, 44.9381694], [17.5442467, 44.9382907], [17.5443099, 44.9383992], [17.5444091, 44.9384758], [17.5444812, 44.938578], [17.5444452, 44.9386801], [17.544346, 44.9387631], [17.5442107, 44.9388206], [17.5440844, 44.9388653], [17.5439942, 44.9389547], [17.5440754, 44.9390504], [17.5442377, 44.9390824], [17.544346, 44.939159], [17.544373, 44.9392611], [17.5443009, 44.9393569], [17.5442016, 44.9394527], [17.5441114, 44.9395421], [17.5440483, 44.9396378], [17.5440122, 44.93974], [17.5439852, 44.9398485], [17.5438589, 44.9398932], [17.5436965, 44.9398677], [17.5435793, 44.9399187], [17.5437056, 44.9399762], [17.5437867, 44.9400656], [17.5437777, 44.9401997], [17.5436244, 44.9402252], [17.5435973, 44.9400975], [17.5434801, 44.9400273], [17.5433808, 44.9401167], [17.5433357, 44.9402124], [17.5432185, 44.940289], [17.5430922, 44.9403529], [17.5431103, 44.9405891], [17.543011, 44.9405125], [17.5429208, 44.9405955], [17.542984, 44.9406977], [17.542993, 44.9408062], [17.5428577, 44.9408445], [17.5427405, 44.940902], [17.5426683, 44.9409913], [17.542524, 44.9410041], [17.5423887, 44.941068], [17.5424338, 44.9409594], [17.5423706, 44.9408573], [17.542064, 44.9408573], [17.5419918, 44.940953], [17.5418565, 44.940985], [17.5417122, 44.9409913], [17.5415679, 44.9410616], [17.5415769, 44.9411637], [17.5418655, 44.9412403], [17.5419377, 44.9413489], [17.5418295, 44.9414255], [17.5417483, 44.9415149], [17.541613, 44.9415468], [17.5414867, 44.9415915], [17.5415318, 44.9416936], [17.5415859, 44.9417958], [17.5414687, 44.9418724], [17.5413965, 44.9419618], [17.5414867, 44.9420448], [17.5415048, 44.9421533], [17.5414867, 44.9422618], [17.5415408, 44.942364], [17.541631, 44.9424534], [17.5416942, 44.9425491], [17.5417122, 44.9426513], [17.5416761, 44.9427726], [17.5416581, 44.9428747], [17.5416671, 44.9429833], [17.5417663, 44.9430662], [17.5419377, 44.943079], [17.542073, 44.9431237], [17.542055, 44.9432322], [17.5421632, 44.9433152], [17.5422444, 44.9433982], [17.5421993, 44.9435004], [17.5422534, 44.9436025], [17.5424067, 44.9436344], [17.542542, 44.9436983], [17.5424969, 44.9438004], [17.5425871, 44.9438834], [17.5426863, 44.9439664], [17.5426863, 44.9440813], [17.5427224, 44.9441899], [17.5428667, 44.9442345], [17.5429208, 44.9443303], [17.543002, 44.9444197], [17.5431373, 44.9444771], [17.5431644, 44.944592], [17.5431554, 44.9448283], [17.5432726, 44.9448921], [17.5416581, 44.9455369], [17.5415048, 44.9455943], [17.5389161, 44.9471711], [17.5369498, 44.9488564], [17.5366161, 44.948633], [17.5363365, 44.9486522], [17.5361561, 44.9488564], [17.535651, 44.9487224], [17.5354977, 44.9487288], [17.5353533, 44.9487415], [17.535209, 44.9487671], [17.5350377, 44.9487798], [17.5348573, 44.9488117], [17.5347039, 44.9488373], [17.5345416, 44.9488628], [17.5343792, 44.9488947], [17.5342349, 44.9489266], [17.5340996, 44.9489713], [17.5339643, 44.9490479], [17.5338561, 44.9491373], [17.5337839, 44.9492203], [17.5336667, 44.9493863], [17.5336035, 44.9495267], [17.5335674, 44.9496288], [17.5335043, 44.9497757], [17.5334773, 44.9499033], [17.5334953, 44.9503502], [17.5317184, 44.9511225], [17.5314478, 44.9517864], [17.5308255, 44.9524949], [17.530591, 44.9526354], [17.5304737, 44.9527439], [17.5304106, 44.9528332], [17.5303745, 44.9529481], [17.5303204, 44.9531652], [17.5302662, 44.9532609], [17.530167, 44.9533375], [17.5301941, 44.953446], [17.5302121, 44.9535482], [17.5298874, 44.9539758], [17.528318, 44.9548694], [17.5282098, 44.9549396], [17.5280745, 44.9549652], [17.5279302, 44.954946], [17.5277858, 44.954946], [17.5276505, 44.9549716], [17.5275243, 44.9550162], [17.527389, 44.9550864], [17.5272627, 44.9551567], [17.5271545, 44.9552269], [17.5270282, 44.9552843], [17.5269109, 44.9553418], [17.5267666, 44.9553545], [17.5265952, 44.9553354], [17.526478, 44.9552779], [17.5263698, 44.955195], [17.5262886, 44.9550992], [17.5262074, 44.9549907], [17.5261262, 44.9548886], [17.526036, 44.9547992], [17.5259278, 44.9547099], [17.5257835, 44.9546652], [17.5256301, 44.9546716], [17.5254948, 44.9547162], [17.5253686, 44.9547737], [17.5252603, 44.9548439], [17.5251341, 44.9549333], [17.5250348, 44.9550162], [17.5249356, 44.9550928], [17.5248364, 44.9551822], [17.5247372, 44.9552652], [17.524629, 44.9553673], [17.5245478, 44.9554566], [17.5244395, 44.9555332], [17.5243223, 44.9556035], [17.524169, 44.9556354], [17.5240156, 44.9556545], [17.5238713, 44.9556545], [17.5237089, 44.9556481], [17.5235376, 44.9556226], [17.5234023, 44.9555779], [17.5233031, 44.9554949], [17.5231948, 44.9553992], [17.5230325, 44.9552205], [17.5229513, 44.9551247], [17.522834, 44.9550481], [17.5226987, 44.9550035], [17.5225454, 44.9549907], [17.5223921, 44.955029], [17.5222748, 44.9550928], [17.5221846, 44.9551886], [17.5220403, 44.9553928], [17.5219411, 44.9555077], [17.5217607, 44.9556864], [17.5216615, 44.9557822], [17.5215713, 44.9558651], [17.521463, 44.9559545], [17.5213819, 44.9560439], [17.5213097, 44.9561396], [17.5212376, 44.9562992], [17.5212285, 44.9564587], [17.5212917, 44.9565736], [17.5213819, 44.9567013], [17.5213823, 44.9568645], [17.5212403, 44.9570413], [17.5210481, 44.9572438], [17.5209219, 44.9573013], [17.5207685, 44.9573587], [17.5206152, 44.9573906], [17.5204528, 44.9574161], [17.5202815, 44.9574225], [17.5198124, 44.9574225], [17.5196501, 44.9574417], [17.5194968, 44.9574991], [17.5193795, 44.9575566], [17.5192803, 44.9576395], [17.5191901, 44.957748], [17.519136, 44.9578502], [17.5190742, 44.9581166], [17.5190832, 44.9583701], [17.519161, 44.9587003], [17.5122031, 44.9578693], [17.5122179, 44.9577799], [17.5122991, 44.9576842], [17.5124073, 44.9575949], [17.5124163, 44.9574864], [17.5123351, 44.9573906], [17.512281, 44.9572566], [17.5123442, 44.9571545], [17.5124704, 44.9570779], [17.5125336, 44.9569374], [17.5124524, 44.9568481], [17.5125787, 44.9567651], [17.5126869, 44.9565928], [17.5126689, 44.9564779], [17.512741, 44.9563694], [17.5127771, 44.9562609], [17.5126959, 44.9561715], [17.5128222, 44.9561141], [17.5129304, 44.9560375], [17.5128042, 44.95598], [17.5126779, 44.955929], [17.5126148, 44.9558332], [17.5126238, 44.9557183], [17.512741, 44.9556226], [17.5129124, 44.9556162], [17.5130928, 44.9556035], [17.5132281, 44.9555396], [17.5132461, 44.9554247], [17.513183, 44.9553226], [17.5132461, 44.9552205], [17.5133002, 44.9550992], [17.513192, 44.9550162], [17.5131379, 44.9549077], [17.5132461, 44.9548311], [17.5133995, 44.954863], [17.5135618, 44.9548694], [17.513643, 44.9547737], [17.5136791, 44.9546652], [17.5137242, 44.954563], [17.5137603, 44.9544545], [17.5138324, 44.9543396], [17.5139677, 44.954263], [17.5141391, 44.9542375], [17.5142293, 44.9541482], [17.5141661, 44.9540524], [17.514103, 44.9539439], [17.514112, 44.9538354], [17.5141661, 44.9537333], [17.5142654, 44.9536439], [17.5143826, 44.9535482], [17.5145179, 44.9534716], [17.5145359, 44.9533567], [17.5144006, 44.953312], [17.5144728, 44.9532098], [17.5145991, 44.9531205], [17.5144908, 44.9529801], [17.5144367, 44.9528715], [17.5144187, 44.9527566], [17.5142834, 44.9526928], [17.5143285, 44.9525843], [17.5143465, 44.9524758], [17.5142203, 44.9524183], [17.514121, 44.952329], [17.5141661, 44.9522141], [17.5141932, 44.9520992], [17.514103, 44.9520162], [17.5140579, 44.9519013], [17.5141932, 44.9518566], [17.5143285, 44.9519141], [17.5144818, 44.9519396], [17.5146803, 44.9519013], [17.5146893, 44.9517928], [17.5147524, 44.9516907], [17.5148967, 44.9516396], [17.5150501, 44.9515821], [17.5151132, 44.9514864], [17.5151403, 44.9513651], [17.5150681, 44.9512757], [17.5149959, 44.9511672], [17.515005, 44.9510523], [17.5151132, 44.9509693], [17.5152575, 44.9509183], [17.5153928, 44.9508608], [17.515474, 44.9507587], [17.5153567, 44.9506885], [17.5152485, 44.9506183], [17.5152124, 44.9505097], [17.5152575, 44.9503885], [17.5152214, 44.9502863], [17.5150771, 44.9502416], [17.5149328, 44.9502416], [17.5147254, 44.9502161], [17.5146712, 44.9501204], [17.5146983, 44.9499735], [17.5146983, 44.949865], [17.5146803, 44.9497565], [17.5146261, 44.9496416], [17.5145089, 44.9495778], [17.5143916, 44.949482], [17.5143285, 44.9493735], [17.5143285, 44.949265], [17.5143465, 44.9490224], [17.5143375, 44.9489075], [17.5143375, 44.948799], [17.5143646, 44.9486777], [17.5143826, 44.9485692], [17.5143465, 44.948467], [17.5143285, 44.948333], [17.5143736, 44.9482117], [17.5144367, 44.9481032], [17.5144999, 44.948001], [17.5145179, 44.9478733], [17.5144908, 44.9477648], [17.5143555, 44.9476308], [17.5141301, 44.9475542], [17.5140308, 44.9474584], [17.5138595, 44.9471073], [17.5137963, 44.9470052], [17.5137422, 44.9468839], [17.5137422, 44.9467753], [17.5138414, 44.9466796], [17.5138865, 44.9465711], [17.5138144, 44.9464817], [17.5136791, 44.946437], [17.5136159, 44.9463157], [17.5137512, 44.94622], [17.5136971, 44.9461242], [17.513634, 44.9460221], [17.5135618, 44.9459327], [17.5134265, 44.945888], [17.5133363, 44.9457795], [17.5133724, 44.9456709], [17.5133002, 44.9455688], [17.5131469, 44.9455496], [17.5130026, 44.9455496], [17.5128493, 44.9455241], [17.5127861, 44.945422], [17.512714, 44.9453262], [17.5127591, 44.9452177], [17.5127591, 44.9451092], [17.5126238, 44.9450389], [17.5126148, 44.9449304], [17.5126689, 44.9446814], [17.5120375, 44.9436791], [17.5114783, 44.943079], [17.5113791, 44.9430024], [17.5105402, 44.9424789], [17.5092775, 44.9427406], [17.5092865, 44.9424534], [17.5092414, 44.9420065], [17.5090881, 44.9419618], [17.5089437, 44.9419171], [17.5087994, 44.9418405], [17.5086912, 44.9417575], [17.5086551, 44.9416489], [17.5086551, 44.9415404], [17.5086461, 44.9414319], [17.5086281, 44.9413106], [17.5085649, 44.9412148], [17.5084116, 44.9411701], [17.5082583, 44.9411573], [17.5080959, 44.9411318], [17.5077982, 44.9408764], [17.5070586, 44.9409147], [17.5070226, 44.9410233], [17.5069414, 44.9411063], [17.5068151, 44.9411765], [17.5066978, 44.9412467], [17.5065986, 44.9413233], [17.5064904, 44.9414446], [17.5064363, 44.9415404], [17.5064363, 44.9416617], [17.5064543, 44.9417766], [17.5064633, 44.9418788], [17.5064633, 44.9419873], [17.5064453, 44.9421022], [17.5063912, 44.9421916], [17.5062559, 44.9423321], [17.5061476, 44.9424087], [17.5060304, 44.9425044], [17.5059131, 44.9425683], [17.5057688, 44.9426193], [17.5055343, 44.9427151], [17.505372, 44.942779], [17.5051825, 44.9428428], [17.5050382, 44.9428875], [17.5048939, 44.9429194], [17.5047406, 44.9429386], [17.5023864, 44.9432769], [17.5021159, 44.9431875], [17.5014935, 44.9432961], [17.5013402, 44.9431556], [17.5009253, 44.9433663], [17.5005555, 44.9432769], [17.5004111, 44.9436217], [17.5000684, 44.9435642], [17.5000053, 44.943743], [17.4990492, 44.9438196], [17.4988958, 44.9438387], [17.4987425, 44.943877], [17.4986072, 44.9439217], [17.4984809, 44.9439728], [17.4983547, 44.944043], [17.4982464, 44.944126], [17.4981652, 44.944209], [17.4980931, 44.9443175], [17.4980209, 44.9444069], [17.4979307, 44.9444963], [17.4978135, 44.9445665], [17.4976872, 44.9446176], [17.4966048, 44.9444835], [17.4966409, 44.9443303], [17.4955946, 44.9441579], [17.4954562, 44.9454845], [17.4946896, 44.9456473], [17.4947121, 44.9456983], [17.4947031, 44.9457526], [17.49464, 44.9457718], [17.4945723, 44.9457462], [17.4945002, 44.9457335], [17.494446, 44.9457654], [17.49441, 44.9458133], [17.4942476, 44.9458133], [17.4941709, 44.9457909], [17.4941213, 44.9457526], [17.4940492, 44.9457494], [17.4939815, 44.9457686], [17.4939094, 44.9457781], [17.4938282, 44.9457718], [17.4937696, 44.9457335], [17.493747, 44.9456792], [17.493747, 44.9456249], [17.4937109, 44.9455036], [17.4936658, 44.9454589], [17.4935937, 44.9454302], [17.4935125, 44.9454366], [17.4934494, 44.9454685], [17.4934043, 44.9455132], [17.4933321, 44.9455419], [17.4932464, 44.9455419], [17.4931698, 44.9455228], [17.493057, 44.9454589], [17.4929849, 44.9454589], [17.4929262, 44.9454877], [17.4928586, 44.94551], [17.4927774, 44.9455196], [17.4927007, 44.9455164], [17.4926376, 44.9454909], [17.492579, 44.945443], [17.4925745, 44.9453855], [17.492579, 44.9453217], [17.492579, 44.945261], [17.4925609, 44.9452036], [17.4925294, 44.9451557], [17.4924617, 44.9451398], [17.4923941, 44.9451621], [17.4923264, 44.9451812], [17.4922452, 44.9451908], [17.4921686, 44.9451876], [17.4921009, 44.9451621], [17.4920694, 44.9451142], [17.4920739, 44.9450568], [17.4920919, 44.9450025], [17.4920919, 44.9449482], [17.4920468, 44.9449004], [17.4919701, 44.9449035], [17.491898, 44.9449291], [17.4918394, 44.9449706], [17.4918168, 44.9450248], [17.4918168, 44.9451302], [17.4917943, 44.9451812], [17.4917356, 44.9452196], [17.4916635, 44.9452355], [17.4915778, 44.9452323], [17.4915282, 44.9451908], [17.4914605, 44.9451653], [17.4913884, 44.9451717], [17.4913162, 44.9451908], [17.4912486, 44.9452132], [17.491217, 44.9452579], [17.4912035, 44.945277], [17.4911809, 44.9453249], [17.4911809, 44.9454334], [17.4911313, 44.9454749], [17.4910592, 44.9454941], [17.4909825, 44.9454877], [17.4909284, 44.9454462], [17.4908923, 44.9453919], [17.4908156, 44.9453792], [17.4907615, 44.9454111], [17.4906939, 44.9454334], [17.4906578, 44.9453855], [17.4906623, 44.9453313], [17.4906262, 44.9452802], [17.4905541, 44.9452547], [17.4904729, 44.945261], [17.4904143, 44.9452962], [17.4903692, 44.9453377], [17.4902925, 44.9453408], [17.4902339, 44.9453121], [17.4902654, 44.945261], [17.490297, 44.94521], [17.490279, 44.9451557], [17.4902068, 44.9451334], [17.4901346, 44.9451334], [17.4900625, 44.9451493], [17.4900129, 44.9451972], [17.4900309, 44.9452547], [17.4900309, 44.9453089], [17.4899903, 44.9453536], [17.4899272, 44.9453855], [17.4898505, 44.9453887], [17.4897784, 44.9453696], [17.4897288, 44.9453313], [17.4897017, 44.9452834], [17.4896611, 44.9452355], [17.489616, 44.9451908], [17.4895664, 44.9451493], [17.4895078, 44.945111], [17.4894356, 44.9450983], [17.4893544, 44.9450983], [17.4892778, 44.9451046], [17.4892101, 44.9451334], [17.4891876, 44.9451844], [17.4891425, 44.9452259], [17.4890748, 44.9452547], [17.4889756, 44.9452738], [17.4888989, 44.9452674], [17.4888313, 44.9452387], [17.4887591, 44.9452196], [17.4886825, 44.9452132], [17.4886103, 44.9452227], [17.4885427, 44.9452483], [17.4884344, 44.9453217], [17.4883172, 44.9453345], [17.4882405, 44.9453313], [17.4881909, 44.9452866], [17.4881187, 44.9452483], [17.4880376, 44.9452483], [17.4879789, 44.9452834], [17.4879338, 44.9453377], [17.4879158, 44.9453887], [17.4879248, 44.9454398], [17.4879744, 44.9454813], [17.4880105, 44.945526], [17.4879925, 44.9455771], [17.4879338, 44.9456122], [17.4878707, 44.9456409], [17.4878076, 44.9456632], [17.4876633, 44.9456983], [17.4875866, 44.9456856], [17.487555, 44.9456345], [17.4875189, 44.9455866], [17.4874603, 44.9455483], [17.4873791, 44.9455451], [17.4873115, 44.9455739], [17.4872619, 44.9456154], [17.4872258, 44.94566], [17.4871987, 44.9457175], [17.4871852, 44.9457718], [17.4871266, 44.9458005], [17.4870499, 44.9458101], [17.4869778, 44.9458037], [17.4869101, 44.9458164], [17.486847, 44.9458516], [17.4867929, 44.9458962], [17.4867929, 44.9459505], [17.4868199, 44.9460016], [17.4868515, 44.9460495], [17.4868244, 44.9461005], [17.4867523, 44.9461133], [17.4867117, 44.9461548], [17.4866891, 44.9462122], [17.4866621, 44.9462569], [17.486653, 44.946308], [17.4866621, 44.9463655], [17.4866981, 44.9464101], [17.4867252, 44.9464612], [17.4866801, 44.9465059], [17.4866305, 44.9465474], [17.4865944, 44.9465889], [17.4865493, 44.9466495], [17.4865132, 44.9466974], [17.4864772, 44.9467485], [17.4864456, 44.9467996], [17.486414, 44.9468474], [17.4863779, 44.9469049], [17.4863238, 44.9469432], [17.4862472, 44.94694], [17.4862066, 44.9468953], [17.4861795, 44.9468442], [17.4861119, 44.9468123], [17.4860442, 44.9468379], [17.4860262, 44.9468889], [17.4860397, 44.9469432], [17.4860397, 44.9470006], [17.4860307, 44.9470549], [17.4859676, 44.9470964], [17.4858187, 44.9471124], [17.4856925, 44.9471762], [17.4856564, 44.9472273], [17.4856609, 44.9472815], [17.4856564, 44.9473549], [17.4856383, 44.9474635], [17.4856068, 44.9475113], [17.4855346, 44.9475369], [17.4854489, 44.9475624], [17.4853768, 44.9475752], [17.4853001, 44.9475656], [17.4852324, 44.9475784], [17.4851738, 44.9476167], [17.4851648, 44.9476709], [17.4851377, 44.947722], [17.4850611, 44.9477444], [17.4849799, 44.9477571], [17.4848852, 44.9476646], [17.4848085, 44.9476709], [17.4847409, 44.9476837], [17.4846687, 44.9477061], [17.4846236, 44.9477475], [17.4846101, 44.9478082], [17.4846236, 44.9478593], [17.4846958, 44.9479614], [17.4847183, 44.9480157], [17.4847138, 44.9480667], [17.4846732, 44.9481146], [17.4845966, 44.9481369], [17.4845109, 44.9481338], [17.4844568, 44.9480923], [17.4843846, 44.9480986], [17.4843215, 44.948121], [17.484326, 44.9481753], [17.4842809, 44.9482199], [17.4842087, 44.9482455], [17.4841321, 44.9482359], [17.484096, 44.9481816], [17.4840193, 44.9481753], [17.4839697, 44.9482167], [17.4840103, 44.9482614], [17.4840148, 44.9483157], [17.4839607, 44.948354], [17.483884, 44.9483668], [17.4838028, 44.9483604], [17.4837713, 44.9483093], [17.4837442, 44.9482614], [17.483672, 44.9482582], [17.4836134, 44.9482902], [17.4836089, 44.9483476], [17.483654, 44.9483955], [17.483654, 44.9484497], [17.4835909, 44.9484785], [17.4835142, 44.9484753], [17.4834646, 44.9484338], [17.4834015, 44.9484051], [17.4833248, 44.9483987], [17.4832526, 44.9484178], [17.4832256, 44.9484657], [17.4832301, 44.94852], [17.4832617, 44.9485678], [17.4832481, 44.9486221], [17.483185, 44.9486444], [17.4831173, 44.9486572], [17.4830362, 44.9486668], [17.482955, 44.94867], [17.4828738, 44.9486636], [17.4828016, 44.9486476], [17.4827475, 44.9486125], [17.4826844, 44.9485902], [17.4826077, 44.9485934], [17.4825446, 44.9486189], [17.482495, 44.9486604], [17.482486, 44.9487147], [17.4824499, 44.9487594], [17.4823732, 44.9487657], [17.4823101, 44.9487402], [17.4822379, 44.9487338], [17.4820801, 44.9487466], [17.4819989, 44.9487562], [17.4819267, 44.9487817], [17.4818681, 44.9488232], [17.4818365, 44.9488743], [17.4818456, 44.9489604], [17.4814924, 44.9490519], [17.4809873, 44.9490391], [17.4805994, 44.9486753], [17.4796253, 44.948554], [17.4795081, 44.9487966], [17.4792916, 44.9488476], [17.47903, 44.9486497], [17.4787684, 44.9487008], [17.4786873, 44.9485412], [17.4782904, 44.948471], [17.4781822, 44.9482795], [17.4773884, 44.9481582], [17.4774967, 44.9479029], [17.4770782, 44.947779], [17.4764558, 44.9486229], [17.4761022, 44.9485565], [17.4743759, 44.949154], [17.4737896, 44.9487966], [17.4734559, 44.9482986], [17.4751335, 44.9470091], [17.4755394, 44.946109], [17.4784257, 44.9438874], [17.4784257, 44.9436256], [17.4794088, 44.9433192], [17.4806987, 44.9442066], [17.4818802, 44.9436512], [17.4824845, 44.9442002], [17.4853167, 44.943217], [17.4851724, 44.9421509], [17.4844057, 44.941206], [17.4842614, 44.9405931], [17.4838195, 44.9406761], [17.483603, 44.9399419], [17.4828183, 44.9394566], [17.4833324, 44.9380265], [17.4841081, 44.9370368], [17.483152, 44.936111], [17.487486, 44.9329823], [17.4874003, 44.932232], [17.4888434, 44.9323342], [17.4895244, 44.9320883], [17.4895379, 44.9320341], [17.4895154, 44.931983], [17.4894703, 44.9319383], [17.4894477, 44.9318872], [17.4894613, 44.9318297], [17.4894928, 44.9317818], [17.4895515, 44.9317435], [17.4896371, 44.9317371], [17.4897048, 44.9317691], [17.4897499, 44.9318138], [17.489822, 44.9318297], [17.4899032, 44.9318201], [17.4899754, 44.9318042], [17.490043, 44.9317691], [17.4900881, 44.9317212], [17.4901287, 44.9316701], [17.4901964, 44.9316382], [17.490264, 44.9316094], [17.4903271, 44.9315711], [17.4903722, 44.93152], [17.4903903, 44.9314657], [17.4903722, 44.9314115], [17.4903407, 44.9313636], [17.4903497, 44.9313061], [17.4904219, 44.931287], [17.490485, 44.9312518], [17.4905121, 44.9311976], [17.4904985, 44.9311401], [17.4904579, 44.9310954], [17.4903903, 44.9310539], [17.4903362, 44.9310188], [17.4903271, 44.9309613], [17.4903813, 44.9309198], [17.4904579, 44.9308974], [17.4905346, 44.9308751], [17.4906022, 44.93084], [17.4906654, 44.9307953], [17.4907015, 44.9307474], [17.4907195, 44.9306899], [17.4907466, 44.9306388], [17.4908097, 44.9306069], [17.4908773, 44.9305814], [17.491193, 44.9303259], [17.491166, 44.9302685], [17.4907285, 44.930195], [17.4906519, 44.9302078], [17.4905842, 44.9302333], [17.4905211, 44.9302557], [17.4904489, 44.9302365], [17.4904399, 44.9301759], [17.4908954, 44.9294766], [17.4917432, 44.9292787], [17.4917838, 44.9292308], [17.4918379, 44.9291829], [17.4919958, 44.9292052], [17.4920589, 44.9291701], [17.492077, 44.9291158], [17.4920228, 44.9290807], [17.4919462, 44.9290743], [17.4919146, 44.9290264], [17.4919597, 44.9289785], [17.4920364, 44.9289945], [17.4921176, 44.9289945], [17.4921627, 44.9289466], [17.4921762, 44.928886], [17.4922032, 44.9288349], [17.4922168, 44.9287774], [17.4921581, 44.9286784], [17.4921627, 44.9286209], [17.4921852, 44.9285667], [17.4922483, 44.9285283], [17.492325, 44.9285124], [17.4923656, 44.9284645], [17.4924017, 44.9284166], [17.4924738, 44.9284006], [17.4925505, 44.9284134], [17.4926136, 44.9284453], [17.4926903, 44.9284549], [17.4927534, 44.928423], [17.492776, 44.9283687], [17.4928256, 44.9283208], [17.4929383, 44.9282442], [17.4930827, 44.9281899], [17.4931187, 44.9280781], [17.4931638, 44.928059], [17.4931954, 44.9280079], [17.4932089, 44.9279504], [17.4932225, 44.927893], [17.4932422, 44.9278587], [17.4932811, 44.9277908], [17.4933713, 44.9276982], [17.4934299, 44.9276567], [17.4934885, 44.9276216], [17.4935472, 44.92758], [17.4936193, 44.9275417], [17.4936825, 44.9275034], [17.4937456, 44.9274683], [17.4937997, 44.92743], [17.4938403, 44.9273789], [17.4938448, 44.9273214], [17.4938764, 44.9272703], [17.4939395, 44.9272288], [17.4940207, 44.927216], [17.4941876, 44.9272129], [17.4942642, 44.9272065], [17.4943409, 44.9271873], [17.494404, 44.9271554], [17.4944311, 44.9271043], [17.4944446, 44.92705], [17.4944582, 44.9269957], [17.4944942, 44.9269478], [17.4945438, 44.9269063], [17.4945664, 44.926852], [17.4945709, 44.9267403], [17.494598, 44.9266892], [17.4946431, 44.9266413], [17.4946927, 44.9265966], [17.4946836, 44.9265423], [17.4946836, 44.926488], [17.4946927, 44.9264338], [17.4947378, 44.9263891], [17.4947964, 44.9263539], [17.4948595, 44.9263188], [17.4949317, 44.9262901], [17.4949993, 44.9262645], [17.4950715, 44.9262326], [17.4951437, 44.9262039], [17.4952023, 44.9261592], [17.4951888, 44.9261049], [17.4949768, 44.9260219], [17.4947693, 44.9254854], [17.4951121, 44.925479], [17.4954458, 44.9252747], [17.4954909, 44.9248213], [17.4915583, 44.9245466], [17.4883293, 44.9247255], [17.4842793, 44.9239352], [17.4831122, 44.9237546], [17.4826275, 44.9235243], [17.4812435, 44.9237094], [17.4809629, 44.9233301], [17.4795023, 44.9226572], [17.4789156, 44.9226121], [17.4784882, 44.9225488], [17.4774678, 44.922043], [17.4767024, 44.9216727], [17.4763261, 44.9213837], [17.4761922, 44.9211624], [17.4763684, 44.9207553], [17.4762906, 44.9207544], [17.4724559, 44.923081], [17.4723777, 44.9230798], [17.4725487, 44.9232249], [17.4726238, 44.9233306], [17.4726757, 44.9237509], [17.47278, 44.9240642], [17.4727765, 44.9243529], [17.4727963, 44.9245851], [17.472766, 44.9247567], [17.4726795, 44.9249025], [17.4725562, 44.9251343], [17.4724558, 44.9252756], [17.4723502, 44.925338], [17.4723604, 44.925273], [17.4722799, 44.9252396], [17.4711976, 44.9244944], [17.4703452, 44.9243595], [17.4698108, 44.9242107], [17.469714, 44.9241779], [17.4695825, 44.9241771], [17.4690311, 44.9239689], [17.4685339, 44.9237704], [17.4684753, 44.9237217], [17.4682825, 44.9237433], [17.4680378, 44.9237468], [17.4673123, 44.9235808], [17.467141, 44.9235297], [17.4669036, 44.9234886], [17.4663747, 44.9233363], [17.4658331, 44.9233361], [17.4656708, 44.9233832], [17.4653959, 44.9233801], [17.4652591, 44.9232885], [17.465218, 44.9232393], [17.465164, 44.9231922], [17.4653308, 44.9230576], [17.4653173, 44.9228685], [17.46517, 44.922376], [17.4649395, 44.9223663], [17.464477, 44.9228454], [17.46406, 44.922836], [17.4633584, 44.922547], [17.4613813, 44.9211651], [17.461241, 44.9210386], [17.4612155, 44.9207587], [17.4609986, 44.9203974], [17.4599271, 44.9204696], [17.4598378, 44.9201264], [17.4583454, 44.9201354], [17.4549652, 44.9191328], [17.4547993, 44.9190335], [17.4546208, 44.9189432], [17.4544167, 44.9188619], [17.4541998, 44.9188167], [17.4539957, 44.9187986], [17.4537789, 44.9187986], [17.4536003, 44.9188799], [17.45346, 44.9189974], [17.4533197, 44.9191148], [17.4531666, 44.9192141], [17.4530008, 44.9193406], [17.4528222, 44.919467], [17.4526309, 44.9195754], [17.4522609, 44.9197019], [17.4520441, 44.9197199], [17.4518272, 44.9197199], [17.4515721, 44.9197561], [17.4513425, 44.9197922], [17.4511384, 44.9198193], [17.4509471, 44.9198825], [17.4507558, 44.9199638], [17.4505644, 44.9200451], [17.4503476, 44.9200903], [17.4501307, 44.9200903], [17.4499139, 44.9200812], [17.4495057, 44.9200812], [17.4492889, 44.9200541], [17.4484087, 44.9195212], [17.4494037, 44.9197109], [17.4494292, 44.9195483], [17.4478219, 44.9181031], [17.4477454, 44.9179677], [17.4476816, 44.917796], [17.4476306, 44.9176425], [17.4475668, 44.9173263], [17.4475286, 44.9171638], [17.4474775, 44.9169921], [17.4474393, 44.9168115], [17.4474393, 44.9164863], [17.4474648, 44.9163147], [17.4475158, 44.9161521], [17.4475668, 44.9159985], [17.4476306, 44.915845], [17.4482556, 44.9149326], [17.4482684, 44.9146255], [17.4484342, 44.9146165], [17.4484342, 44.9141106], [17.4490592, 44.9131441], [17.4488296, 44.913126], [17.4489189, 44.9129815], [17.4489062, 44.9127827], [17.4488169, 44.9125117], [17.4486192, 44.9121052], [17.4489381, 44.9115903], [17.4490848, 44.9115542], [17.4491294, 44.9106102], [17.4491613, 44.9105334], [17.4492442, 44.9104611], [17.4493144, 44.9103437], [17.4492952, 44.9102624], [17.4492442, 44.910181], [17.449257, 44.9100907], [17.4493399, 44.9100275], [17.4494292, 44.9099552], [17.4494483, 44.9098739], [17.4493207, 44.9096977], [17.4492952, 44.9089886], [17.4492952, 44.9089118], [17.4493144, 44.908826], [17.4493463, 44.9087492], [17.4493845, 44.9086724], [17.44941, 44.9085911], [17.4494355, 44.908433], [17.4494355, 44.9082659], [17.4494228, 44.9081891], [17.4493973, 44.9081078], [17.4493909, 44.9080264], [17.4494228, 44.907638], [17.449308, 44.9073308], [17.44941, 44.9072992], [17.4495121, 44.9072676], [17.449595, 44.9072179], [17.4495822, 44.9071366], [17.4495248, 44.9070733], [17.4494738, 44.9069965], [17.4495121, 44.9069243], [17.4495695, 44.906861], [17.4495759, 44.9067842], [17.449544, 44.906712], [17.4495057, 44.9066397], [17.4494866, 44.9063641], [17.4502136, 44.90528], [17.4510045, 44.904223], [17.4513459, 44.9038472], [17.451382, 44.9037961], [17.4514091, 44.9036875], [17.4514226, 44.9036268], [17.4514677, 44.9035725], [17.4515444, 44.9035757], [17.451612, 44.9036045], [17.4516571, 44.903646], [17.4517338, 44.9037514], [17.4518014, 44.9037802], [17.4518781, 44.9037674], [17.4519458, 44.9037354], [17.4521171, 44.9037354], [17.4521893, 44.9037099], [17.4521893, 44.9033585], [17.4520585, 44.903004], [17.4520089, 44.9028922], [17.4519909, 44.9028251], [17.4519909, 44.9027676], [17.4520179, 44.9027101], [17.452054, 44.902659], [17.4520585, 44.9025983], [17.452054, 44.9025408], [17.4518195, 44.9019913], [17.4517924, 44.9019338], [17.4517563, 44.9018859], [17.4517022, 44.9018444], [17.4516301, 44.9018157], [17.4515534, 44.9018029], [17.4514812, 44.9018157], [17.4514136, 44.9017837], [17.451391, 44.9017326], [17.4513685, 44.9016783], [17.4512963, 44.9015697], [17.4512648, 44.9014579], [17.4513144, 44.9014163], [17.4512963, 44.901362], [17.4511971, 44.9012822], [17.4512061, 44.9012247], [17.4513189, 44.9011384], [17.4513459, 44.9010873], [17.4514136, 44.9010618], [17.4514903, 44.9010394], [17.4514677, 44.9009883], [17.4514812, 44.9009308], [17.4515489, 44.9008957], [17.451612, 44.9009244], [17.4516571, 44.9009659], [17.4517158, 44.9010011], [17.4517924, 44.9010234], [17.4518736, 44.9010202], [17.4519322, 44.9009787], [17.4519593, 44.9009276], [17.4519458, 44.9008701], [17.4518826, 44.9008286], [17.4517654, 44.9007583], [17.4517518, 44.900704], [17.4517834, 44.9006465], [17.4518601, 44.9006114], [17.4519548, 44.9005986], [17.4520269, 44.9005666], [17.4520405, 44.9005059], [17.4520585, 44.9004484], [17.452072, 44.9003877], [17.4521442, 44.900359], [17.4522389, 44.9003558], [17.4523156, 44.900343], [17.4523787, 44.9003079], [17.4523787, 44.9002536], [17.4523607, 44.900145], [17.4524103, 44.900097], [17.4524599, 44.9000491], [17.4525365, 44.9000395], [17.4526132, 44.9000236], [17.4526267, 44.8999693], [17.4525862, 44.8999213], [17.4525411, 44.8998798], [17.4524644, 44.8998606], [17.4524012, 44.8998862], [17.4523291, 44.8998862], [17.4522569, 44.8998638], [17.4522614, 44.8998063], [17.4523246, 44.8997648], [17.4524012, 44.8997425], [17.4523922, 44.8996849], [17.4523516, 44.8996402], [17.4526628, 44.8989726], [17.4527124, 44.8987426], [17.4527124, 44.8986851], [17.452735, 44.8986308], [17.4527214, 44.8985764], [17.4526989, 44.8985253], [17.4527485, 44.8984167], [17.4527711, 44.8983624], [17.4527981, 44.8983017], [17.4528297, 44.8982538], [17.4528973, 44.8982218], [17.452974, 44.8982027], [17.4529875, 44.8981452], [17.4530507, 44.89811], [17.4531228, 44.8980813], [17.4531093, 44.8980238], [17.4531318, 44.8979695], [17.453204, 44.8979471], [17.4532671, 44.8979056], [17.4531815, 44.8978129], [17.453195, 44.8977586], [17.4532265, 44.8977043], [17.4532626, 44.8976436], [17.4533258, 44.8975989], [17.4534971, 44.8974008], [17.4535783, 44.8974008], [17.453664, 44.897388], [17.4537136, 44.8973465], [17.4536595, 44.8973082], [17.4536324, 44.8972571], [17.4536685, 44.897206], [17.4537181, 44.8971644], [17.4537542, 44.8971165], [17.4537903, 44.8970686], [17.4538579, 44.8970366], [17.4539346, 44.897059], [17.4540022, 44.8970366], [17.4540473, 44.8969887], [17.4541511, 44.8969855], [17.4542097, 44.8969472], [17.4541962, 44.8968929], [17.454133, 44.8968705], [17.4540564, 44.8968705], [17.4539977, 44.8968354], [17.4540293, 44.8967843], [17.4540338, 44.8966533], [17.4540068, 44.896599], [17.4541105, 44.8965063], [17.4540834, 44.8964584], [17.454133, 44.8963498], [17.454115, 44.8962987], [17.4541511, 44.8962507], [17.4541466, 44.89619], [17.454106, 44.8961421], [17.4540699, 44.8960942], [17.4540654, 44.8960399], [17.4540924, 44.8959888], [17.4541646, 44.89596], [17.4542458, 44.8959568], [17.4543269, 44.8959664], [17.4544171, 44.895976], [17.4544307, 44.8959185], [17.454372, 44.8958834], [17.4543495, 44.895829], [17.4543044, 44.8957811], [17.4542322, 44.8957588], [17.4541871, 44.8957172], [17.4541962, 44.8956629], [17.4542277, 44.895615], [17.4542638, 44.8955671], [17.4542638, 44.8955064], [17.4542503, 44.8954489], [17.4542458, 44.8953402], [17.4542548, 44.8952859], [17.4542864, 44.895238], [17.454345, 44.8952029], [17.454363, 44.8951486], [17.4543585, 44.8950495], [17.4543946, 44.8949952], [17.4544713, 44.894976], [17.4545524, 44.8949792], [17.4546336, 44.8949984], [17.4547148, 44.8950048], [17.454805, 44.8949856], [17.454805, 44.8949281], [17.4547509, 44.8948898], [17.4546742, 44.8948866], [17.454602, 44.894877], [17.454557, 44.8948291], [17.454575, 44.8947716], [17.4546201, 44.8947269], [17.4546877, 44.8947013], [17.4547599, 44.8947205], [17.454814, 44.8947588], [17.4548817, 44.8947907], [17.4549583, 44.8948035], [17.455035, 44.8948035], [17.4551117, 44.8947812], [17.4551522, 44.8947332], [17.4551568, 44.8946757], [17.4551432, 44.8946118], [17.4551026, 44.8945607], [17.4550485, 44.8945224], [17.4549764, 44.8945352], [17.4549538, 44.8945831], [17.4549042, 44.8946182], [17.4548321, 44.8946182], [17.4547734, 44.8945895], [17.4547644, 44.894532], [17.4547509, 44.8944745], [17.4546742, 44.8944585], [17.4545975, 44.8944713], [17.454575, 44.8945288], [17.4545975, 44.8945799], [17.4545479, 44.8946182], [17.4544668, 44.8946118], [17.4544397, 44.8945607], [17.4544758, 44.8945096], [17.4545209, 44.8944617], [17.454557, 44.8943435], [17.4545975, 44.8942924], [17.4546697, 44.8942572], [17.4547554, 44.8942444], [17.4547734, 44.8941901], [17.4548275, 44.8941518], [17.4549809, 44.8940847], [17.455017, 44.8940368], [17.4549719, 44.8940272], [17.4549493, 44.8939761], [17.4548501, 44.8938898], [17.454823, 44.8938355], [17.4548275, 44.893778], [17.4548817, 44.8937333], [17.4549493, 44.8937045], [17.455026, 44.8937077], [17.4551026, 44.8937333], [17.4551883, 44.8937492], [17.4552695, 44.893746], [17.4553417, 44.8937205], [17.4553777, 44.8936598], [17.4553417, 44.8936151], [17.455283, 44.8935831], [17.4552379, 44.8935384], [17.4552379, 44.8934777], [17.4552605, 44.8934234], [17.4553326, 44.8934042], [17.4554093, 44.893417], [17.4555717, 44.893417], [17.4556258, 44.8933722], [17.4555807, 44.8933275], [17.4555175, 44.8932924], [17.4554995, 44.8932349], [17.4555356, 44.8931869], [17.4556032, 44.8931614], [17.4556754, 44.8931774], [17.4557521, 44.8931965], [17.4558287, 44.8932093], [17.4559054, 44.8932093], [17.4559911, 44.8931901], [17.4560001, 44.8931294], [17.4559505, 44.8930911], [17.4558738, 44.8930911], [17.4557926, 44.8930847], [17.4557656, 44.8930272], [17.4557972, 44.8929761], [17.4558783, 44.8929601], [17.455964, 44.8929665], [17.4560362, 44.8929984], [17.4561219, 44.8930112], [17.4561985, 44.8929154], [17.4562842, 44.8929154], [17.4563474, 44.8929441], [17.4563834, 44.8929921], [17.4564601, 44.8930144], [17.4565368, 44.893008], [17.4566179, 44.8929952], [17.4566991, 44.8929825], [17.4567532, 44.8929409], [17.4567307, 44.8928866], [17.4566901, 44.8928387], [17.4566991, 44.8927844], [17.4567713, 44.8926758], [17.456893, 44.8925991], [17.4569246, 44.892548], [17.4569652, 44.8924968], [17.4570419, 44.8924713], [17.4571185, 44.8924553], [17.4571727, 44.8924106], [17.4571501, 44.8923531], [17.4570915, 44.8923211], [17.4570193, 44.8923179], [17.4568525, 44.8923179], [17.4567848, 44.892302], [17.4567307, 44.8922604], [17.4566991, 44.8921166], [17.4566991, 44.8920528], [17.456636, 44.8920176], [17.4565638, 44.8920176], [17.4565368, 44.8920655], [17.4564781, 44.8921007], [17.4563879, 44.8920911], [17.4563564, 44.8920432], [17.4563293, 44.8919952], [17.4562572, 44.8919857], [17.4561715, 44.891992], [17.4561038, 44.8919761], [17.4560813, 44.8919218], [17.4561309, 44.8918802], [17.4561399, 44.8918227], [17.4560993, 44.891778], [17.4561444, 44.8917301], [17.4561534, 44.8916757], [17.4560993, 44.8916374], [17.4560858, 44.8915831], [17.4561534, 44.8915448], [17.4562211, 44.8915096], [17.4562346, 44.8914521], [17.4562076, 44.8913946], [17.4561444, 44.8913658], [17.4560723, 44.891369], [17.4559911, 44.8913594], [17.4559415, 44.8913179], [17.4559595, 44.8912572], [17.4560858, 44.8911805], [17.4561128, 44.8911294], [17.4561083, 44.8910751], [17.4560407, 44.8910495], [17.4559685, 44.8910527], [17.4558919, 44.8910719], [17.4558377, 44.891107], [17.4557611, 44.8911198], [17.455716, 44.8910719], [17.4556528, 44.8910304], [17.4556032, 44.8910495], [17.4554499, 44.8910751], [17.4553417, 44.890992], [17.4553056, 44.8908834], [17.4552424, 44.8907812], [17.4551793, 44.8906853], [17.4551072, 44.8905831], [17.4551072, 44.890468], [17.4552334, 44.8903977], [17.4553597, 44.8903211], [17.4554319, 44.8904169], [17.4555852, 44.8904489], [17.4557205, 44.8903914], [17.4557746, 44.8902827], [17.4558107, 44.8894904], [17.4560452, 44.8893945], [17.4562256, 44.8888449], [17.4565683, 44.8888705], [17.4564691, 44.888781], [17.4563879, 44.8886916], [17.4563068, 44.8884743], [17.4563068, 44.8883529], [17.4563248, 44.8882379], [17.456424, 44.8878417], [17.4584083, 44.8865252], [17.4592562, 44.8859118], [17.459617, 44.8855667], [17.4592291, 44.8854133], [17.4590487, 44.8852216], [17.4589249, 44.8850408], [17.458841, 44.8848171], [17.4588338, 44.884561], [17.4588727, 44.8843364], [17.4585256, 44.8842885], [17.4586248, 44.8830551], [17.4585797, 44.8829528], [17.4585256, 44.882857], [17.4584174, 44.8827739], [17.4582911, 44.8827228], [17.4581648, 44.8826716], [17.4580385, 44.8826269], [17.4578942, 44.8825822], [17.4576146, 44.8825119], [17.4574703, 44.8824927], [17.4571636, 44.8825055], [17.4570193, 44.8825055], [17.456866, 44.8824799], [17.4567397, 44.8824224], [17.4566044, 44.8823777], [17.4564601, 44.8823777], [17.4563248, 44.8824224], [17.4561805, 44.882448], [17.4560272, 44.8824607], [17.4558828, 44.8824544], [17.4557385, 44.882416], [17.4556123, 44.8823457], [17.455513, 44.8822435], [17.4554228, 44.882154], [17.4553597, 44.8820581], [17.4553146, 44.8819431], [17.4552605, 44.8816491], [17.4541962, 44.8805562], [17.4534653, 44.8808488], [17.4533393, 44.8808246], [17.4529154, 44.8807352], [17.4521397, 44.8805818], [17.4523652, 44.8799363], [17.4505071, 44.8797573], [17.4505883, 44.8793611], [17.4508048, 44.8789648], [17.449533, 44.8785238], [17.4482973, 44.8780828], [17.449055, 44.87745], [17.4489377, 44.8773669], [17.4487753, 44.8773286], [17.4486581, 44.8772583], [17.4483604, 44.8772902], [17.4482883, 44.8773861], [17.4481981, 44.8774628], [17.4480447, 44.877482], [17.4479004, 44.8774948], [17.4478644, 44.8776098], [17.4478463, 44.8777185], [17.447702, 44.8776801], [17.4476298, 44.8775843], [17.4475306, 44.8776546], [17.4474675, 44.8777504], [17.4474314, 44.8776354], [17.4474945, 44.8775331], [17.4472871, 44.8775267], [17.4471698, 44.877744], [17.4455824, 44.8772391], [17.4452126, 44.8770282], [17.4447706, 44.8776482], [17.4440941, 44.8770857], [17.4433365, 44.8763635], [17.4441483, 44.8759416], [17.4436161, 44.8754047], [17.4432282, 44.8748742], [17.4431741, 44.8746697], [17.4407118, 44.874708], [17.440378, 44.8744843], [17.4409696, 44.8738263], [17.4402969, 44.8737748], [17.4401772, 44.8737426], [17.4399889, 44.8736658], [17.4396745, 44.8736342], [17.4396384, 44.8735319], [17.4396382, 44.873326], [17.4396573, 44.873268], [17.4397016, 44.8732059], [17.4398549, 44.8731612], [17.4399812, 44.8732123], [17.4401616, 44.8732507], [17.4403059, 44.8731867], [17.440369, 44.8730845], [17.440369, 44.8729694], [17.4403179, 44.8728775], [17.4402357, 44.8728485], [17.44014, 44.8728428], [17.440039, 44.8728579], [17.4399117, 44.8729117], [17.4396933, 44.8729589], [17.4394669, 44.8729523], [17.4393498, 44.8728416], [17.4393199, 44.8727851], [17.4393588, 44.872669], [17.4393895, 44.8725933], [17.439377, 44.8724698], [17.4393949, 44.8723877], [17.439429, 44.8723383], [17.4394689, 44.8722932], [17.4394547, 44.8722189], [17.4394129, 44.8720873], [17.4393943, 44.8720538], [17.4394135, 44.8719974], [17.4394703, 44.8719589], [17.4396005, 44.8719491], [17.4396926, 44.8719138], [17.4396765, 44.8718492], [17.4396344, 44.8718121], [17.4395102, 44.8717758], [17.4393498, 44.8717421], [17.4392055, 44.8717677], [17.4390612, 44.871723], [17.438998, 44.8716271], [17.4389529, 44.8715056], [17.4389349, 44.871397], [17.4389533, 44.8711972], [17.4390161, 44.871071], [17.4391694, 44.8710774], [17.4393408, 44.8710582], [17.4393498, 44.8709431], [17.4392957, 44.8708408], [17.4392145, 44.870745], [17.4390972, 44.8706746], [17.4390161, 44.8705788], [17.438989, 44.8704701], [17.438989, 44.870355], [17.4389349, 44.8702528], [17.4388176, 44.8701824], [17.4386643, 44.8699971], [17.4385831, 44.8699012], [17.4387813, 44.8698107], [17.4388176, 44.8697286], [17.4387666, 44.8697061], [17.4387023, 44.8697007], [17.4385782, 44.8696898], [17.4384583, 44.8696899], [17.438192, 44.8696369], [17.4380279, 44.86959], [17.4378615, 44.8695368], [17.4378164, 44.8694218], [17.4379517, 44.869377], [17.4381141, 44.8693898], [17.4382494, 44.8693131], [17.4383847, 44.8692619], [17.438538, 44.8692683], [17.4386914, 44.8692236], [17.4386823, 44.8691149], [17.4385921, 44.869019], [17.4384749, 44.8689487], [17.4383215, 44.8689359], [17.4381772, 44.8689231], [17.438078, 44.8688337], [17.4380329, 44.868725], [17.4379608, 44.8686355], [17.4378615, 44.868546], [17.4377353, 44.8684948], [17.4375819, 44.8684693], [17.4374196, 44.8684948], [17.4372662, 44.8685012], [17.437158, 44.8684245], [17.437167, 44.8683159], [17.4372482, 44.8682136], [17.4373474, 44.8681113], [17.4374376, 44.8680218], [17.4375459, 44.8679451], [17.4375729, 44.8678364], [17.4375008, 44.8677405], [17.4373474, 44.8677405], [17.4372302, 44.8678108], [17.4369145, 44.8680282], [17.4367702, 44.8680666], [17.4366078, 44.8680729], [17.4365447, 44.8679771], [17.4366439, 44.867894], [17.4367792, 44.8678364], [17.4367702, 44.8677214], [17.436698, 44.8676255], [17.4366619, 44.8675168], [17.4365086, 44.8674976], [17.4363733, 44.867536], [17.4362651, 44.8676127], [17.4361839, 44.8677086], [17.4361117, 44.8678172], [17.4360305, 44.8679003], [17.4358862, 44.8679067], [17.4358051, 44.8678172], [17.4357149, 44.8677214], [17.4355886, 44.8676446], [17.4354262, 44.8676382], [17.4352729, 44.8676382], [17.4351737, 44.8675615], [17.4351737, 44.8674465], [17.4351466, 44.8673378], [17.4350203, 44.8672803], [17.434867, 44.8672739], [17.4348219, 44.8673698], [17.4348309, 44.8674784], [17.4346956, 44.8675168], [17.4346054, 44.8674273], [17.4345243, 44.8673378], [17.4343709, 44.8673186], [17.4342447, 44.8672419], [17.4342266, 44.8671204], [17.4342898, 44.8670182], [17.434416, 44.8669415], [17.434407, 44.8668264], [17.4342898, 44.8667561], [17.4341545, 44.8667113], [17.4340101, 44.8666921], [17.4338478, 44.8666921], [17.4337305, 44.8667625], [17.4337396, 44.8668775], [17.4337666, 44.8669798], [17.4337576, 44.8670885], [17.4336854, 44.867178], [17.4335682, 44.8672611], [17.4333156, 44.8673825], [17.4332164, 44.8674593], [17.4331533, 44.8675551], [17.433045, 44.8676319], [17.4329097, 44.8676638], [17.4327654, 44.8676574], [17.4326211, 44.8676191], [17.432558, 44.8675232], [17.432585, 44.8674081], [17.4326843, 44.867325], [17.4327384, 44.8672227], [17.4327023, 44.8671141], [17.4326301, 44.8670118], [17.4324678, 44.8669862], [17.4324046, 44.8670821], [17.432116, 44.8671908], [17.4320168, 44.8672739], [17.4318995, 44.867325], [17.4317462, 44.867325], [17.4316199, 44.8672739], [17.4315568, 44.867178], [17.4314937, 44.8670693], [17.4313854, 44.8669926], [17.4312321, 44.8669926], [17.4310968, 44.8670373], [17.4309795, 44.8671013], [17.4308262, 44.8670949], [17.4306729, 44.8670821], [17.4305466, 44.8670373], [17.4304564, 44.8669478], [17.4304384, 44.8668328], [17.4303662, 44.8667369], [17.4302129, 44.8666921], [17.4300595, 44.8667113], [17.4300144, 44.8668136], [17.4298791, 44.8668647], [17.4296266, 44.8667497], [17.4294642, 44.8667625], [17.4292441, 44.8668011], [17.4288675, 44.866076], [17.4288332, 44.8658673], [17.4287607, 44.8651707], [17.4283458, 44.8647168], [17.4282105, 44.8646656], [17.4280842, 44.8645889], [17.428003, 44.864493], [17.4279489, 44.8643907], [17.4279399, 44.8642757], [17.4279579, 44.864167], [17.427976, 44.8640519], [17.4279128, 44.8639432], [17.4278226, 44.8638601], [17.4277415, 44.863745], [17.4276783, 44.8634062], [17.429834, 44.8630098], [17.4301046, 44.8615714], [17.4302038, 44.8614627], [17.4300866, 44.8613924], [17.4299603, 44.861322], [17.4296987, 44.8611942], [17.4295634, 44.8611366], [17.4294191, 44.8610983], [17.4292568, 44.8611047], [17.4291034, 44.8611302], [17.4289772, 44.8611942], [17.4288419, 44.8612453], [17.4287066, 44.8612837], [17.4285623, 44.8612645], [17.4284811, 44.8611686], [17.4283999, 44.8609512], [17.4283097, 44.8608681], [17.4281744, 44.8607914], [17.4281293, 44.8607083], [17.4283638, 44.860152], [17.4281925, 44.8598579], [17.4285713, 44.8589756], [17.4281015, 44.8586274], [17.4279128, 44.8585153], [17.4275168, 44.8582675], [17.4273356, 44.8581956], [17.425694, 44.8574412]]]}}]}