{"type": "FeatureCollection", "features": [{"type": "Feature", "properties": {"name": "Opština Rudo, Република Српска / Republika Srpska, Bosna i Hercegovina / Босна и Херцеговина", "source": "OpenStreetMap relation 2528260", "licence": "ODbL 1.0"}, "geometry": {"type": "MultiPolygon", "coordinates": [[[[19.1282831, 43.6450808], [19.1290769, 43.6443446], [19.1306981, 43.6431795], [19.1308524, 43.6430371], [19.1311453, 43.6427669], [19.1322186, 43.6421277], [19.1362743, 43.636249], [19.1362387, 43.6361889], [19.1361755, 43.6361403], [19.1360095, 43.6360402], [19.1358869, 43.6358885], [19.1358553, 43.6358056], [19.1358316, 43.635674], [19.1357407, 43.6356139], [19.1354877, 43.6355996], [19.1353375, 43.6355967], [19.1351912, 43.6355052], [19.135041, 43.6353192], [19.1350015, 43.6352105], [19.1350845, 43.6350818], [19.1352149, 43.6349216], [19.1352268, 43.6347985], [19.1352031, 43.6347127], [19.135128, 43.634584], [19.1349066, 43.6343637], [19.1347168, 43.6342263], [19.1346022, 43.6341205], [19.1345745, 43.6340375], [19.1345864, 43.6339431], [19.1345508, 43.6338401], [19.1345311, 43.6337943], [19.1344718, 43.6337428], [19.1343888, 43.6336885], [19.1343571, 43.6336341], [19.1343809, 43.6335769], [19.1344401, 43.6335426], [19.1345152, 43.6334825], [19.1345429, 43.6333938], [19.1345469, 43.6332994], [19.1347168, 43.6332422], [19.1429706, 43.631783], [19.1498091, 43.6365094], [19.1619288, 43.6285728], [19.1673759, 43.6280463], [19.1782465, 43.6285614], [19.178618, 43.6286472], [19.182484, 43.6308274], [19.1862393, 43.6312051], [19.1866109, 43.6312852], [19.1872829, 43.6310563], [19.1881525, 43.630919], [19.1985223, 43.6316818], [19.1985915, 43.6316961], [19.1986093, 43.6316346], [19.1987121, 43.6315874], [19.1988998, 43.6314958], [19.1989848, 43.6314429], [19.1990323, 43.6314014], [19.1990935, 43.6313585], [19.1991508, 43.6313384], [19.1993564, 43.6313041], [19.1995264, 43.6313055], [19.1997517, 43.631337], [19.1999652, 43.631347], [19.200089, 43.6313542], [19.2002184, 43.6313696], [19.2003193, 43.6314081], [19.2003359, 43.6314569], [19.2003545, 43.6315788], [19.2003604, 43.631739], [19.2003249, 43.6319135], [19.2002893, 43.6320923], [19.2002339, 43.6322626], [19.2001628, 43.6324214], [19.2000442, 43.6324557], [19.1999849, 43.6325687], [19.2001944, 43.6326317], [19.20023, 43.6326116], [19.2002893, 43.6326045], [19.2004435, 43.6326045], [19.2005897, 43.6325988], [19.2007814, 43.6325701], [19.2009277, 43.6325158], [19.2010344, 43.6324443], [19.2010819, 43.6323498], [19.2011095, 43.6322468], [19.2011313, 43.6321424], [19.2011827, 43.6319307], [19.2011945, 43.6317948], [19.2012637, 43.6317776], [19.2013309, 43.631749], [19.2014969, 43.6317118], [19.2016372, 43.6317018], [19.201742, 43.6316861], [19.2018882, 43.6316546], [19.2020602, 43.6316517], [19.2021827, 43.6316532], [19.2021887, 43.6315959], [19.2022559, 43.6315874], [19.2023152, 43.6315731], [19.202752, 43.6314014], [19.2028982, 43.6313613], [19.2030227, 43.6313342], [19.2032876, 43.6312598], [19.2036473, 43.6311611], [19.2039477, 43.6310809], [19.2042304, 43.6309679], [19.2043215, 43.6309288], [19.2045782, 43.6308378], [19.204681, 43.6307762], [19.20476, 43.6307147], [19.2048786, 43.6305931], [19.2049933, 43.6305016], [19.2052008, 43.6304157], [19.2054162, 43.6302984], [19.2056376, 43.6302612], [19.2057937, 43.6302341], [19.2059143, 43.6301926], [19.2060744, 43.630121], [19.2064993, 43.6298964], [19.2074322, 43.6294072], [19.2082999, 43.6289408], [19.2084422, 43.6288335], [19.208543, 43.6287534], [19.2088474, 43.6284787], [19.2089304, 43.6283614], [19.2093138, 43.6279608], [19.2096123, 43.6278292], [19.2110195, 43.6276718], [19.2124584, 43.6274329], [19.2128932, 43.6272999], [19.2138202, 43.6271711], [19.2143993, 43.6270166], [19.2169785, 43.6269539], [19.2170533, 43.6269726], [19.2172944, 43.6269443], [19.2178155, 43.6268903], [19.2187478, 43.6261845], [19.2192696, 43.6258612], [19.2196846, 43.6256065], [19.2197894, 43.6255379], [19.2199436, 43.6254205], [19.2200542, 43.6253361], [19.2201452, 43.6252117], [19.2201807, 43.6251873], [19.220157, 43.6251387], [19.2201037, 43.6250915], [19.219995, 43.6250257], [19.2198171, 43.6249069], [19.2196906, 43.6247524], [19.219574, 43.6245492], [19.2195305, 43.6243847], [19.2195344, 43.6243175], [19.219572, 43.6242574], [19.2196412, 43.6241987], [19.2197914, 43.6241329], [19.2201155, 43.6240413], [19.220331, 43.6240041], [19.2203566, 43.6240285], [19.2203843, 43.6240742], [19.2203863, 43.6241257], [19.2203883, 43.624183], [19.220408, 43.6242273], [19.2204357, 43.6242817], [19.2204298, 43.6243289], [19.2204357, 43.6243919], [19.2204713, 43.6244305], [19.2205543, 43.6244677], [19.2206057, 43.6244491], [19.2207658, 43.6243776], [19.2208962, 43.6243332], [19.2210326, 43.6243246], [19.2211413, 43.6242874], [19.2212401, 43.6242259], [19.2213291, 43.6241944], [19.2213805, 43.6241601], [19.2215326, 43.6241043], [19.2216572, 43.6240671], [19.221754, 43.6240471], [19.2218192, 43.6240399], [19.2219121, 43.6240141], [19.2219615, 43.6239741], [19.2220268, 43.6239326], [19.2221671, 43.6238968], [19.2223805, 43.6238711], [19.2228865, 43.6245163], [19.2232047, 43.6246151], [19.2241712, 43.6246694], [19.2252346, 43.6249513], [19.225956, 43.6258598], [19.2264778, 43.6263433], [19.2268454, 43.6264449], [19.2269897, 43.6265522], [19.2275806, 43.626731], [19.227968, 43.6268655], [19.2289879, 43.6280787], [19.2291993, 43.6281159], [19.2292804, 43.6281774], [19.2293575, 43.6282103], [19.2295314, 43.6282604], [19.2297982, 43.6283305], [19.2299247, 43.6284092], [19.2300947, 43.6285265], [19.2301915, 43.6285193], [19.2302548, 43.6285222], [19.230316, 43.6285451], [19.2303694, 43.6285723], [19.2304129, 43.6286152], [19.2304742, 43.6286824], [19.2306224, 43.6286767], [19.2306422, 43.628691], [19.2306738, 43.6287425], [19.2306837, 43.6288298], [19.2307317, 43.6289262], [19.2354779, 43.6337655], [19.2441372, 43.6282262], [19.2472218, 43.620424], [19.2439786, 43.6143364], [19.2439649, 43.614195], [19.2440157, 43.6142091], [19.2440782, 43.6142445], [19.2441934, 43.614318], [19.2443242, 43.6144297], [19.2445019, 43.6146064], [19.2446386, 43.6147153], [19.2448202, 43.614851], [19.2452616, 43.6151003], [19.2454334, 43.6152021], [19.2455115, 43.6152841], [19.2455271, 43.615417], [19.2455271, 43.6155386], [19.2455643, 43.615605], [19.2456267, 43.6156602], [19.2457146, 43.6156913], [19.2458103, 43.6157026], [19.2459587, 43.6156969], [19.2460564, 43.6157082], [19.2462282, 43.6157591], [19.2463747, 43.6158001], [19.2465856, 43.6158185], [19.2468023, 43.6158624], [19.2471206, 43.615885], [19.2472866, 43.6158977], [19.2474428, 43.615885], [19.2476225, 43.6158341], [19.2478275, 43.615786], [19.2480658, 43.6157139], [19.2482728, 43.6156319], [19.2484915, 43.6155796], [19.2486438, 43.6155739], [19.2487981, 43.6155923], [19.2489875, 43.6156658], [19.2491769, 43.6157987], [19.2492687, 43.6159005], [19.2493527, 43.616008], [19.2494015, 43.6160419], [19.249546, 43.6161013], [19.2496222, 43.6161338], [19.2497725, 43.6162412], [19.2499014, 43.6163275], [19.2500283, 43.6163982], [19.2501182, 43.6164844], [19.2502021, 43.6165565], [19.2503134, 43.6165961], [19.250454, 43.6166272], [19.2506025, 43.6167149], [19.2507606, 43.6168209], [19.250868, 43.6168704], [19.2509637, 43.6169085], [19.2511414, 43.6169467], [19.2513269, 43.6169821], [19.2514441, 43.617033], [19.2515476, 43.6170725], [19.2516335, 43.6170796], [19.2517077, 43.6170669], [19.2517956, 43.6170344], [19.2519147, 43.6169806], [19.2520846, 43.6169425], [19.2522643, 43.6169297], [19.2524908, 43.6169354], [19.252649, 43.6169312], [19.2528326, 43.6169184], [19.2530474, 43.6169114], [19.2532114, 43.6169156], [19.2533364, 43.6169283], [19.2534828, 43.6169297], [19.2536469, 43.6168944], [19.2537718, 43.6168562], [19.2538343, 43.6168379], [19.2545178, 43.6163529], [19.2549904, 43.6160179], [19.2552911, 43.6157309], [19.2553809, 43.615598], [19.2554317, 43.6154693], [19.2554727, 43.6153294], [19.255502, 43.6151597], [19.2555118, 43.6150141], [19.255504, 43.614867], [19.2555001, 43.614778], [19.2555216, 43.6146578], [19.2555782, 43.6145235], [19.2556407, 43.6144288], [19.2557735, 43.614245], [19.2558047, 43.6141743], [19.2558184, 43.6140753], [19.2558535, 43.6139763], [19.2559902, 43.6135494], [19.2560312, 43.6134066], [19.256039, 43.6132765], [19.2560625, 43.6130983], [19.2560859, 43.612957], [19.2561025, 43.612928], [19.2561191, 43.6128905], [19.2561289, 43.6128587], [19.2561259, 43.6128382], [19.256082, 43.6127442], [19.2560566, 43.6127102], [19.2559951, 43.6125441], [19.2559502, 43.6124529], [19.2558701, 43.6123377], [19.255836, 43.6122726], [19.2557832, 43.6121327], [19.2557383, 43.61198], [19.2557246, 43.6118555], [19.2557344, 43.6117014], [19.2557539, 43.6115445], [19.2558086, 43.6114144], [19.2558535, 43.6112306], [19.2559082, 43.6110284], [19.2559082, 43.6107555], [19.2559219, 43.6106354], [19.2559609, 43.6105039], [19.2560058, 43.6103865], [19.2560605, 43.6103003], [19.2561113, 43.610132], [19.2561504, 43.6099397], [19.2561796, 43.609746], [19.2561875, 43.6095721], [19.2561738, 43.6094265], [19.2561523, 43.6092907], [19.2561445, 43.6091663], [19.2561484, 43.6089528], [19.2561601, 43.6085965], [19.2561504, 43.608349], [19.2561484, 43.6081935], [19.2561445, 43.6080563], [19.2561777, 43.6078881], [19.2562285, 43.6076972], [19.2562753, 43.607577], [19.2562988, 43.6074865], [19.2563144, 43.6074172], [19.25633, 43.6073564], [19.2563495, 43.6073069], [19.2563866, 43.6072645], [19.2564316, 43.6072164], [19.2564936, 43.6071702], [19.2565433, 43.6071062], [19.2565571, 43.6070432], [19.2565613, 43.6069892], [19.2565406, 43.6069312], [19.2565033, 43.6068762], [19.2564536, 43.6068492], [19.2563721, 43.6068323], [19.256205, 43.6068163], [19.256147, 43.6068123], [19.256078, 43.6067903], [19.2560421, 43.6067633], [19.2560117, 43.6067213], [19.2559965, 43.6066983], [19.255973, 43.6066693], [19.2559275, 43.6066473], [19.2556927, 43.6065283], [19.2556416, 43.6065063], [19.2555795, 43.6064773], [19.2555395, 43.6064553], [19.2554815, 43.6064513], [19.2554331, 43.6064583], [19.2554069, 43.6064743], [19.2553696, 43.6064983], [19.2553475, 43.6065083], [19.2552978, 43.6065143], [19.2552509, 43.6064993], [19.2552025, 43.6064663], [19.2551293, 43.6064233], [19.2551031, 43.6063893], [19.2550865, 43.6063423], [19.255081, 43.6062983], [19.2550838, 43.6062503], [19.2550741, 43.6062003], [19.2550479, 43.6061593], [19.2550092, 43.6061264], [19.2549733, 43.6060884], [19.2549374, 43.6059954], [19.254925, 43.6058804], [19.2549443, 43.6057704], [19.2549913, 43.6055644], [19.2550023, 43.6054334], [19.2549733, 43.6053265], [19.2549526, 43.6052415], [19.254907, 43.6051565], [19.254809, 43.6050335], [19.2547179, 43.6049595], [19.2545908, 43.6048965], [19.2544583, 43.6048605], [19.2543409, 43.6048245], [19.2542511, 43.6047735], [19.2541131, 43.6046795], [19.2540136, 43.6046265], [19.2537941, 43.6045776], [19.2536187, 43.6044976], [19.253163, 43.6043266], [19.2530553, 43.6042966], [19.2529891, 43.6042956], [19.2528965, 43.6042736], [19.2528413, 43.6042526], [19.2526369, 43.6041746], [19.2518389, 43.6020544], [19.2514495, 43.5993686], [19.251408, 43.5993086], [19.2462017, 43.5928456], [19.2462522, 43.5927846], [19.2463549, 43.5928139], [19.246495, 43.5928499], [19.2465986, 43.5928669], [19.2466835, 43.5928674], [19.2467263, 43.5928884], [19.2467802, 43.5929374], [19.2468644, 43.5929824], [19.2468927, 43.5930029], [19.2469666, 43.5930259], [19.2470059, 43.5930734], [19.2470536, 43.5931044], [19.2470895, 43.5931199], [19.2471005, 43.5931359], [19.2471723, 43.5931539], [19.2472068, 43.5931729], [19.2472365, 43.5932059], [19.2472821, 43.5932359], [19.247376, 43.5932559], [19.2474671, 43.5932569], [19.2475638, 43.5932399], [19.247608, 43.5932299], [19.2476798, 43.5932299], [19.2477461, 43.5932329], [19.2477889, 43.5932359], [19.2478289, 43.5932539], [19.2478924, 43.5932839], [19.2479532, 43.5933219], [19.2480374, 43.5933409], [19.2480733, 43.5933409], [19.2481299, 43.5933569], [19.2481935, 43.5933909], [19.2482142, 43.5934059], [19.2482597, 43.5934289], [19.2483219, 43.5934369], [19.2483978, 43.5934419], [19.2484682, 43.5934519], [19.2485428, 43.5934789], [19.2485746, 43.5935099], [19.2486201, 43.5935449], [19.2486837, 43.5935709], [19.2487568, 43.5935969], [19.2488065, 43.5936179], [19.2488342, 43.5936399], [19.2488783, 43.5936599], [19.2489916, 43.5936969], [19.2490261, 43.5937119], [19.24912, 43.593735], [19.2493009, 43.593785], [19.2493906, 43.593817], [19.2494431, 43.593847], [19.2495011, 43.593873], [19.2495536, 43.593884], [19.2496074, 43.593893], [19.2496709, 43.593913], [19.2497441, 43.593931], [19.2498836, 43.593979], [19.2499872, 43.594033], [19.2500493, 43.594079], [19.2500755, 43.594104], [19.2501487, 43.594144], [19.2502357, 43.594175], [19.2503848, 43.594194], [19.2505367, 43.594223], [19.2506431, 43.594227], [19.2507604, 43.594236], [19.2508792, 43.594262], [19.2510338, 43.594314], [19.2511609, 43.594381], [19.251321, 43.594456], [19.2514025, 43.594476], [19.2514674, 43.5945055], [19.2514978, 43.5945285], [19.2515171, 43.594546], [19.2515482, 43.5945655], [19.251582, 43.5945745], [19.2516062, 43.5945755], [19.2516352, 43.594566], [19.2516566, 43.5945615], [19.2516904, 43.594562], [19.2517298, 43.5945705], [19.2517602, 43.5945835], [19.2517967, 43.59461], [19.2518347, 43.594631], [19.2518644, 43.594639], [19.2519044, 43.59465], [19.2519438, 43.594668], [19.2519687, 43.594688], [19.2519866, 43.5947025], [19.2520142, 43.5947185], [19.2520536, 43.594726], [19.2521116, 43.5947365], [19.2521592, 43.5947525], [19.2522034, 43.5947755], [19.2522573, 43.5947935], [19.2523077, 43.594798], [19.2523808, 43.5948], [19.2524368, 43.5948065], [19.2524892, 43.594821], [19.2525507, 43.5948455], [19.2525873, 43.5948795], [19.2526384, 43.594926], [19.2526625, 43.594957], [19.2526964, 43.5949875], [19.2527474, 43.595013], [19.2528013, 43.595026], [19.2528697, 43.5950315], [19.2529311, 43.5950305], [19.252985, 43.595027], [19.2530464, 43.595022], [19.2530878, 43.5950305], [19.2531154, 43.595049], [19.2531299, 43.595067], [19.2531465, 43.5950825], [19.2531741, 43.5950945], [19.2532086, 43.5951065], [19.2532266, 43.5951255], [19.25323, 43.5951445], [19.25323, 43.5951625], [19.2532294, 43.595176], [19.2532314, 43.5951995], [19.2532425, 43.595217], [19.2532618, 43.5952295], [19.2532887, 43.595242], [19.2533233, 43.595257], [19.2533626, 43.5952715], [19.2533833, 43.5952805], [19.2534461, 43.595321], [19.2534979, 43.595347], [19.2535891, 43.595377], [19.253656, 43.5954005], [19.2536988, 43.5954345], [19.2537154, 43.595455], [19.2537555, 43.5954945], [19.2538024, 43.595523], [19.2538279, 43.5955545], [19.2538507, 43.5955935], [19.2538645, 43.595635], [19.2538811, 43.5956485], [19.2539094, 43.595662], [19.2539432, 43.595667], [19.2539653, 43.59567], [19.2539992, 43.595683], [19.2540199, 43.5956975], [19.2540606, 43.595711], [19.2540931, 43.5957115], [19.2541338, 43.595705], [19.2541732, 43.595702], [19.254218, 43.595706], [19.2542457, 43.595717], [19.2542698, 43.5957355], [19.2543023, 43.5957655], [19.2543672, 43.5958606], [19.2544058, 43.5959481], [19.2544507, 43.5959911], [19.2545059, 43.5960256], [19.2545439, 43.5960416], [19.2545805, 43.5960491], [19.2546185, 43.5960651], [19.2546489, 43.5960926], [19.2546537, 43.5961271], [19.2546537, 43.5961681], [19.254635, 43.5962306], [19.2546054, 43.5962766], [19.2545805, 43.5963201], [19.2545764, 43.5963591], [19.2545929, 43.5964111], [19.2546067, 43.5964616], [19.2546081, 43.5964866], [19.2546074, 43.5965186], [19.2546136, 43.5965626], [19.2546281, 43.5965856], [19.2546578, 43.5966296], [19.2546951, 43.5966506], [19.2547497, 43.5966766], [19.2547828, 43.5967001], [19.2548049, 43.5967331], [19.2548139, 43.5967676], [19.2548146, 43.5968096], [19.2548063, 43.5968576], [19.254789, 43.5969046], [19.2547849, 43.5969351], [19.2547856, 43.5969746], [19.2548001, 43.5970116], [19.2548152, 43.5970361], [19.2548477, 43.5970771], [19.2548843, 43.5971001], [19.254943, 43.5971261], [19.2549858, 43.5971526], [19.2550106, 43.5971746], [19.2550383, 43.5972021], [19.2550638, 43.5972441], [19.255079, 43.5972951], [19.2550838, 43.5973536], [19.2550935, 43.5973921], [19.2551038, 43.5974341], [19.2551252, 43.5974761], [19.2551584, 43.5975281], [19.2552067, 43.5975811], [19.2552599, 43.5976686], [19.255311, 43.5977606], [19.2553614, 43.5978276], [19.2553966, 43.5978576], [19.2554518, 43.5978841], [19.2555126, 43.5979185], [19.255666, 43.5983637], [19.2557264, 43.5986477], [19.2557703, 43.5989279], [19.2558536, 43.5991405], [19.2560143, 43.5994077], [19.2561258, 43.5995408], [19.2561913, 43.5996746], [19.256278, 43.5997922], [19.2564305, 43.5999329], [19.2565832, 43.6000795], [19.2566653, 43.6002288], [19.2567319, 43.6004238], [19.2567771, 43.6006329], [19.2567998, 43.6008106], [19.2569132, 43.6009003], [19.2582915, 43.6018953], [19.2589424, 43.6023171], [19.2595765, 43.6027193], [19.2603918, 43.6033311], [19.2606074, 43.6034928], [19.260959, 43.6037795], [19.2610767, 43.6038138], [19.2613029, 43.6039596], [19.2614493, 43.6043277], [19.2617335, 43.6049098], [19.2617958, 43.6050237], [19.2618954, 43.6051037], [19.2619598, 43.6051899], [19.2621738, 43.6054051], [19.2624527, 43.6057322], [19.2625028, 43.605783], [19.2628678, 43.6060636], [19.2629645, 43.6061357], [19.2633268, 43.6064163], [19.2634188, 43.6066526], [19.2635557, 43.6068251], [19.2637263, 43.6069142], [19.26389, 43.6068036], [19.2644201, 43.6063944], [19.2645676, 43.6062958], [19.2646213, 43.6062616], [19.2648993, 43.6061518], [19.2652202, 43.6060177], [19.2654923, 43.6058881], [19.2660334, 43.6057437], [19.2663073, 43.6054401], [19.2665634, 43.605204], [19.2667277, 43.6049926], [19.2667427, 43.6049272], [19.2668712, 43.6045699], [19.2670284, 43.6042834], [19.2672207, 43.6041113], [19.2673525, 43.603914], [19.2674157, 43.6038125], [19.2675291, 43.6036451], [19.2677232, 43.6034255], [19.2679886, 43.6031122], [19.2682503, 43.6027533], [19.2684546, 43.6025039], [19.269417, 43.6016653], [19.270636, 43.6006497], [19.2717903, 43.5984797], [19.2727824, 43.5970986], [19.2730292, 43.5967], [19.2735309, 43.5969757], [19.2736774, 43.596975], [19.2753263, 43.597067], [19.275655, 43.5971174], [19.2763086, 43.5967406], [19.277047, 43.5969473], [19.2780186, 43.5968142], [19.2787472, 43.596758], [19.2794137, 43.5964846], [19.2826476, 43.5963895], [19.2845464, 43.5961738], [19.2848698, 43.5961434], [19.286406, 43.5958462], [19.2873094, 43.5958112], [19.2873859, 43.5958119], [19.2875988, 43.5958157], [19.2877242, 43.5958097], [19.2882496, 43.5959042], [19.288732, 43.5954844], [19.2889086, 43.5956834], [19.2889207, 43.5958503], [19.2891128, 43.596179], [19.2893959, 43.5964835], [19.2895432, 43.5966086], [19.2896167, 43.5967594], [19.2908381, 43.5985547], [19.2911274, 43.6001395], [19.2917871, 43.5997438], [19.2922467, 43.5993551], [19.2925778, 43.599121], [19.2929354, 43.5989206], [19.2931241, 43.5987963], [19.293303, 43.5987077], [19.2938369, 43.5985022], [19.2941165, 43.5982423], [19.294868, 43.5974714], [19.2956332, 43.5970452], [19.2956042, 43.5967826], [19.2958128, 43.5964927], [19.2962094, 43.596134], [19.2963121, 43.5958653], [19.2970075, 43.5953564], [19.2979726, 43.5949217], [19.2981216, 43.5949293], [19.2991329, 43.5935818], [19.2997314, 43.5925359], [19.3004166, 43.5917534], [19.3006024, 43.5913925], [19.3011249, 43.5912521], [19.3025537, 43.590628], [19.3035604, 43.590162], [19.3037716, 43.5899926], [19.3039491, 43.5898406], [19.3049231, 43.5899268], [19.3053939, 43.589858], [19.3060807, 43.5899277], [19.3063663, 43.5897743], [19.3071409, 43.5896865], [19.3085843, 43.5894427], [19.3095027, 43.5893223], [19.3097363, 43.5894974], [19.3098171, 43.5894934], [19.3106008, 43.5893375], [19.3110518, 43.5892457], [19.3113809, 43.5888276], [19.3121349, 43.5885716], [19.3127962, 43.588366], [19.3129361, 43.5883159], [19.3135685, 43.5880803], [19.3137607, 43.5880147], [19.3139034, 43.5879709], [19.3159511, 43.5890045], [19.317495, 43.5888322], [19.3186475, 43.5883746], [19.3195801, 43.5881948], [19.3207519, 43.5882166], [19.3213195, 43.5884531], [19.3221245, 43.5886128], [19.3232858, 43.5886605], [19.3240384, 43.5885455], [19.3243159, 43.5885809], [19.325811, 43.5888082], [19.3262516, 43.5889028], [19.3269426, 43.5893165], [19.3279141, 43.5895885], [19.3281217, 43.5896649], [19.3287059, 43.5898528], [19.3311614, 43.5906499], [19.3321916, 43.5904672], [19.335125, 43.5894575], [19.3352635, 43.5892129], [19.3357772, 43.5885148], [19.3367936, 43.5885158], [19.338542, 43.589976], [19.3410331, 43.592068], [19.3416806, 43.5926011], [19.3417228, 43.5926227], [19.3417712, 43.5926467], [19.3424011, 43.5929937], [19.3435889, 43.5936696], [19.3439485, 43.5942596], [19.3454959, 43.5958701], [19.3462566, 43.5969242], [19.3472862, 43.5984327], [19.3480084, 43.5990528], [19.3482541, 43.5992631], [19.3495074, 43.5998756], [19.3510915, 43.6013441], [19.35386, 43.6034422], [19.3549684, 43.6040598], [19.3566312, 43.6056569], [19.357163, 43.6059381], [19.3575662, 43.6060473], [19.3592508, 43.6062487], [19.3600666, 43.6061615], [19.3615893, 43.6056701], [19.3617799, 43.6055356], [19.3623109, 43.6065455], [19.3623923, 43.6067625], [19.3625383, 43.6071434], [19.3624813, 43.607834], [19.3641244, 43.6084219], [19.3647331, 43.6091369], [19.3670108, 43.6102229], [19.3673687, 43.610341], [19.3674302, 43.610322], [19.367511, 43.610295], [19.3678348, 43.610367], [19.3681037, 43.6104011], [19.3681931, 43.610374], [19.3683703, 43.6104196], [19.368976, 43.6105819], [19.3690919, 43.6106135], [19.3693626, 43.6106855], [19.3691944, 43.6102684], [19.3691081, 43.6100507], [19.3690784, 43.6099786], [19.3691609, 43.6094769], [19.3692072, 43.6091732], [19.3693844, 43.6081991], [19.3695187, 43.6078537], [19.3696917, 43.6074133], [19.3695883, 43.6070405], [19.3695972, 43.606451], [19.3701711, 43.6058161], [19.3704221, 43.6056218], [19.3708727, 43.6052681], [19.3717099, 43.6048826], [19.3734837, 43.6043731], [19.3742807, 43.6041162], [19.375843, 43.6036126], [19.3778371, 43.6029585], [19.3789124, 43.6026283], [19.3804195, 43.6021804], [19.3814767, 43.6019075], [19.3818745, 43.601615], [19.3822336, 43.6009496], [19.3822758, 43.6003415], [19.3821942, 43.5996131], [19.3821372, 43.598438], [19.3820788, 43.5974597], [19.3821066, 43.5970691], [19.3822459, 43.5961433], [19.3823936, 43.5950732], [19.3825632, 43.5944157], [19.3830477, 43.5937312], [19.3837261, 43.5928122], [19.3840494, 43.5922774], [19.3843611, 43.5918636], [19.3848041, 43.5914757], [19.3852667, 43.5912331], [19.3854401, 43.5912429], [19.3862858, 43.590912], [19.3867106, 43.5907887], [19.3874786, 43.5905726], [19.3883762, 43.5904759], [19.3886387, 43.5904939], [19.3902233, 43.5906174], [19.3903222, 43.5906232], [19.3913019, 43.5906878], [19.3916321, 43.590866], [19.3920528, 43.5909861], [19.3927499, 43.5911787], [19.3940021, 43.5914806], [19.3951224, 43.5917313], [19.3956254, 43.5917224], [19.3968283, 43.5914046], [19.3975518, 43.5909787], [19.3985092, 43.5901702], [19.3999269, 43.5890628], [19.401279, 43.5880061], [19.4019348, 43.5875859], [19.4017624, 43.5874108], [19.4016364, 43.5872795], [19.4016539, 43.5872385], [19.4016452, 43.5871584], [19.4016258, 43.5871129], [19.4016089, 43.5870948], [19.4015787, 43.5870826], [19.4014392, 43.5870309], [19.4013933, 43.5870167], [19.4013213, 43.5869999], [19.4011787, 43.5869785], [19.4010344, 43.5869303], [19.4009697, 43.5868966], [19.4009041, 43.5868616], [19.4008319, 43.5868407], [19.4007308, 43.5868138], [19.4006917, 43.5868016], [19.4006506, 43.5867817], [19.4006124, 43.5867547], [19.4005767, 43.5867242], [19.400541, 43.5866839], [19.4005129, 43.5866414], [19.4004756, 43.5865321], [19.4004533, 43.5864888], [19.4004133, 43.5864323], [19.4003791, 43.5863758], [19.4003395, 43.5863368], [19.4002863, 43.5862961], [19.4002632, 43.5862584], [19.4002451, 43.5861903], [19.4002118, 43.5860916], [19.4001754, 43.5860217], [19.4001572, 43.5859467], [19.4001246, 43.585874], [19.4000921, 43.5858104], [19.4000736, 43.5857578], [19.4000616, 43.5857017], [19.4000559, 43.5856624], [19.4000488, 43.5854002], [19.4000485, 43.5853101], [19.4000426, 43.5851337], [19.4000304, 43.5849433], [19.4000141, 43.584826], [19.3999883, 43.5847525], [19.399958, 43.5847016], [19.3998823, 43.5846111], [19.3998142, 43.5845064], [19.3997541, 43.5844199], [19.3996789, 43.5843456], [19.3996191, 43.5842697], [19.3995649, 43.5841859], [19.3995497, 43.584158], [19.3995443, 43.5841299], [19.3995483, 43.5840933], [19.3995759, 43.584036], [19.3996172, 43.5839821], [19.399707, 43.5838931], [19.3997922, 43.5838126], [19.3998545, 43.5837436], [19.3998807, 43.5837032], [19.3998921, 43.5836552], [19.3998959, 43.583613], [19.3999086, 43.5834497], [19.3999096, 43.5833287], [19.3998942, 43.5832474], [19.3998576, 43.5831311], [19.3998423, 43.5830518], [19.3998372, 43.5829561], [19.3998262, 43.5828972], [19.3998177, 43.5828242], [19.3998462, 43.5827634], [19.399904, 43.5826719], [19.3999554, 43.5825905], [19.3999875, 43.5825148], [19.4000069, 43.5824379], [19.4000274, 43.5822738], [19.400036, 43.5821858], [19.4000326, 43.5821268], [19.4000094, 43.5820005], [19.3999975, 43.5819057], [19.4000032, 43.5818219], [19.4000148, 43.5817754], [19.4000317, 43.5817498], [19.4000112, 43.581705], [19.3999814, 43.5816688], [19.3999379, 43.5816328], [19.3998483, 43.5815664], [19.3998187, 43.5815373], [19.3997775, 43.5815103], [19.3997364, 43.5814898], [19.3996853, 43.5814622], [19.399644, 43.5814311], [19.3996194, 43.5814103], [19.3995882, 43.5813601], [19.399561, 43.5813132], [19.3995323, 43.5812868], [19.3994953, 43.581276], [19.3994362, 43.5812691], [19.3992774, 43.5812633], [19.3991019, 43.5812507], [19.3989516, 43.5812272], [19.3987658, 43.5811859], [19.3985747, 43.5811228], [19.3984118, 43.5810665], [19.3983444, 43.581035], [19.3982415, 43.5809764], [19.3981512, 43.5809212], [19.3980463, 43.5808621], [19.3979297, 43.580796], [19.3977764, 43.580693], [19.3976881, 43.5806378], [19.3976401, 43.5806146], [19.3974752, 43.5805132], [19.3973783, 43.580461], [19.3972288, 43.5803974], [19.3971031, 43.5803561], [19.3970058, 43.5803305], [19.3968142, 43.5802871], [19.3966935, 43.5802541], [19.3963757, 43.5801511], [19.3960397, 43.5800498], [19.3958556, 43.5799971], [19.3957064, 43.5799427], [19.3955297, 43.5798745], [19.3953775, 43.5798194], [19.3952907, 43.5797867], [19.3951017, 43.57973], [19.3945967, 43.5796419], [19.3945268, 43.579635], [19.394435, 43.5796369], [19.3942362, 43.5796625], [19.3941551, 43.5796656], [19.3940509, 43.5796373], [19.3939436, 43.5795971], [19.3938122, 43.5795608], [19.3936904, 43.5795194], [19.3936226, 43.5794766], [19.3935148, 43.5793766], [19.3934314, 43.5793228], [19.3932865, 43.5792458], [19.3931487, 43.579187], [19.3930307, 43.5791462], [19.3928964, 43.5790726], [19.3927981, 43.5790028], [19.3927406, 43.5789423], [19.3926837, 43.5788664], [19.392664, 43.5788497], [19.3925482, 43.5786958], [19.3924009, 43.5784732], [19.3923303, 43.5783904], [19.3922147, 43.5782863], [19.392127, 43.5782156], [19.3920434, 43.5781534], [19.3919584, 43.5780756], [19.3918757, 43.5780148], [19.3918109, 43.5779762], [19.3917288, 43.5779371], [19.3916174, 43.57789], [19.3915343, 43.577853], [19.3914609, 43.5778144], [19.3913509, 43.5777405], [19.3912586, 43.5776798], [19.3911977, 43.5776454], [19.3910961, 43.5775967], [19.3909545, 43.5775408], [19.390818, 43.5774967], [19.3907461, 43.5774821], [19.3906744, 43.5774739], [19.3905225, 43.5774757], [19.3903854, 43.5774844], [19.3902983, 43.577484], [19.3901406, 43.5774789], [19.3900545, 43.5774814], [19.3899455, 43.5774961], [19.3898349, 43.5775227], [19.3897224, 43.5775494], [19.3894244, 43.577508], [19.3892011, 43.5774651], [19.38896, 43.5773723], [19.3886966, 43.5774043], [19.3884086, 43.5772925], [19.388136, 43.5772536], [19.3880032, 43.5772419], [19.3878621, 43.5772507], [19.3879907, 43.5771736], [19.3882994, 43.5771033], [19.3885409, 43.5770417], [19.3884124, 43.5768019], [19.3883066, 43.5765886], [19.3883114, 43.5763904], [19.3883955, 43.5762818], [19.3886039, 43.5761506], [19.389031, 43.5759004], [19.3891138, 43.5758673], [19.389595, 43.5755164], [19.3898738, 43.575345], [19.3902079, 43.5751192], [19.3905236, 43.5753692], [19.3907086, 43.5752883], [19.3911771, 43.5751324], [19.3916934, 43.5750242], [19.392131, 43.5748061], [19.3924133, 43.5736973], [19.3924124, 43.5737539], [19.3924796, 43.5737871], [19.3925428, 43.5738346], [19.3926714, 43.5739035], [19.3927748, 43.5739837], [19.3928755, 43.5740995], [19.392985, 43.5742917], [19.3930393, 43.5743673], [19.3930964, 43.574415], [19.3932135, 43.5744823], [19.3932601, 43.5745301], [19.3933382, 43.5745775], [19.3934368, 43.5745992], [19.3935389, 43.574626], [19.3936102, 43.5746811], [19.3936895, 43.5747769], [19.3937677, 43.5748268], [19.3938525, 43.5748665], [19.3939613, 43.5748728], [19.3940873, 43.5748713], [19.3941644, 43.574878], [19.3943159, 43.5749168], [19.3945243, 43.5749847], [19.394739, 43.5750783], [19.3948561, 43.5751383], [19.3949566, 43.5752012], [19.3951298, 43.5752862], [19.3952409, 43.5753381], [19.3953644, 43.5753902], [19.3954622, 43.5754298], [19.3956526, 43.5754886], [19.3958397, 43.5755524], [19.3959563, 43.5755994], [19.3961227, 43.5756813], [19.3963072, 43.5757885], [19.3964281, 43.575866], [19.396546, 43.5759663], [19.3966778, 43.5760665], [19.3967814, 43.5761493], [19.3968635, 43.5762195], [19.3969557, 43.5762719], [19.3970964, 43.5763033], [19.3972475, 43.5763269], [19.3974965, 43.5763417], [19.3976505, 43.5763347], [19.3977586, 43.5763206], [19.3978985, 43.5763138], [19.3980356, 43.5763401], [19.3981309, 43.5763669], [19.3981836, 43.5763765], [19.3982863, 43.5764775], [19.3984672, 43.5766328], [19.3986237, 43.5767541], [19.398775, 43.5768238], [19.3989534, 43.576876], [19.3990328, 43.5769065], [19.3991246, 43.5769541], [19.3992594, 43.5769926], [19.3994138, 43.5770222], [19.3995088, 43.5770468], [19.3995966, 43.5770944], [19.3996571, 43.5771566], [19.3996944, 43.5772335], [19.399717, 43.5773592], [19.3997306, 43.5774363], [19.3997678, 43.5775132], [19.3998565, 43.5776037], [19.4000288, 43.5777429], [19.4001178, 43.577838], [19.4001637, 43.5779021], [19.4001967, 43.5779695], [19.4002058, 43.5780577], [19.400184, 43.5781291], [19.4052144, 43.5772636], [19.4044417, 43.5760532], [19.4041413, 43.5755844], [19.4040595, 43.5753749], [19.4040069, 43.5751393], [19.403997, 43.5749719], [19.4039195, 43.5746893], [19.403882, 43.5745899], [19.4036022, 43.574006], [19.4035341, 43.573865], [19.4034219, 43.573613], [19.4025183, 43.5703188], [19.4045303, 43.570223], [19.4068545, 43.5701112], [19.4068904, 43.5701107], [19.4075703, 43.5698684], [19.4076186, 43.5698656], [19.4084197, 43.5697793], [19.4090205, 43.569914], [19.409197, 43.5699561], [19.409778, 43.5701841], [19.4101407, 43.5704249], [19.4102805, 43.5706377], [19.4104449, 43.5711203], [19.4109574, 43.571246], [19.4113333, 43.5714025], [19.4117568, 43.5715132], [19.4125118, 43.5717809], [19.4128099, 43.571832], [19.4133439, 43.5719295], [19.4135408, 43.5720149], [19.4136261, 43.5720571], [19.4139432, 43.5721659], [19.4141808, 43.5722822], [19.414301, 43.5723423], [19.4145339, 43.5724099], [19.4148372, 43.5725217], [19.4150835, 43.5726093], [19.4155346, 43.5727583], [19.4158188, 43.5728837], [19.4160763, 43.5729784], [19.4164157, 43.5731427], [19.4166193, 43.573252], [19.4168383, 43.5733411], [19.4170324, 43.5734235], [19.4171025, 43.5734885], [19.4171851, 43.5736077], [19.4172479, 43.5736391], [19.4172552, 43.5737614], [19.4177595, 43.5741024], [19.4180292, 43.5742641], [19.4184293, 43.5745103], [19.4196157, 43.5747679], [19.4201702, 43.5748802], [19.4220277, 43.5752775], [19.4222693, 43.5753193], [19.4222623, 43.5753545], [19.4222204, 43.5755702], [19.4221543, 43.5757771], [19.4221264, 43.5758124], [19.4220716, 43.5758821], [19.4219606, 43.5761174], [19.4219218, 43.5763092], [19.4218537, 43.5765213], [19.421846, 43.5766052], [19.4217616, 43.5767443], [19.4216538, 43.5769098], [19.4215787, 43.5770347], [19.4209717, 43.5773181], [19.420257, 43.5775183], [19.4195002, 43.577663], [19.4188204, 43.5776113], [19.4182409, 43.5775827], [19.4179688, 43.5776053], [19.4177445, 43.5776025], [19.4175685, 43.5776047], [19.4173517, 43.577613], [19.4175038, 43.5777481], [19.4175642, 43.5778146], [19.4176158, 43.5778681], [19.4176569, 43.5779296], [19.4177081, 43.5780119], [19.4181124, 43.5783002], [19.418828, 43.5784957], [19.4193819, 43.5786573], [19.4198624, 43.5786645], [19.4205949, 43.5788125], [19.4209475, 43.5787383], [19.421389, 43.5788218], [19.4218174, 43.5790549], [19.4221556, 43.5791362], [19.4222784, 43.57925], [19.4227359, 43.5789954], [19.4232177, 43.5789492], [19.4235911, 43.5789481], [19.4238267, 43.5789084], [19.4240984, 43.5789679], [19.4243066, 43.5788868], [19.4251276, 43.5789638], [19.4257878, 43.5791529], [19.426235, 43.5792198], [19.4272381, 43.5793295], [19.4273728, 43.5793391], [19.4278202, 43.5793667], [19.4279823, 43.5793612], [19.4295457, 43.5796019], [19.4304269, 43.5798396], [19.431067, 43.5800883], [19.4314485, 43.5804276], [19.4322714, 43.5806364], [19.4332582, 43.5807637], [19.4342283, 43.5808519], [19.4350698, 43.5808842], [19.4361431, 43.5810164], [19.4371207, 43.5811116], [19.4379768, 43.5811505], [19.4387524, 43.5811897], [19.4396841, 43.5807736], [19.4406581, 43.5805186], [19.4418492, 43.580053], [19.4425504, 43.5800407], [19.4437521, 43.5809746], [19.4446237, 43.5810089], [19.4454154, 43.5814163], [19.4460677, 43.5818725], [19.4469476, 43.5816038], [19.4473168, 43.5816227], [19.4476697, 43.581413], [19.4480349, 43.5810662], [19.4487474, 43.5806737], [19.4492068, 43.5804487], [19.4496985, 43.58057], [19.4499356, 43.5805399], [19.4502339, 43.5804113], [19.4504952, 43.5803337], [19.4506557, 43.5800706], [19.4507741, 43.5799006], [19.4511217, 43.5794176], [19.451639, 43.5790068], [19.4517251, 43.5789437], [19.4523697, 43.5788796], [19.4528562, 43.5789319], [19.452956, 43.5789376], [19.4533091, 43.5789855], [19.4534904, 43.5788339], [19.4538457, 43.5787229], [19.4544616, 43.5789612], [19.4553555, 43.5789307], [19.4562501, 43.578625], [19.4574051, 43.5781098], [19.457945, 43.5777921], [19.4583183, 43.5780283], [19.4591198, 43.5776976], [19.4599504, 43.5777315], [19.4604112, 43.5777615], [19.4607083, 43.5778301], [19.4609541, 43.5778112], [19.4614339, 43.5776908], [19.4619861, 43.5774793], [19.4623618, 43.5774719], [19.4630818, 43.5773002], [19.463732, 43.5771722], [19.4641349, 43.5770431], [19.4645612, 43.5768909], [19.4651054, 43.5769511], [19.4651876, 43.5769684], [19.4656606, 43.5770636], [19.4661568, 43.5772677], [19.4667841, 43.5770859], [19.4672809, 43.5769197], [19.4678097, 43.5768342], [19.4683902, 43.576956], [19.4692009, 43.5768075], [19.4709796, 43.5761708], [19.4714635, 43.576361], [19.4718159, 43.5765791], [19.4720461, 43.5766364], [19.4723548, 43.5765617], [19.4726121, 43.5764248], [19.4726196, 43.5761444], [19.4728064, 43.5759787], [19.4735776, 43.5762761], [19.474166, 43.5755847], [19.4744845, 43.5754951], [19.4749458, 43.5754542], [19.47541, 43.5754787], [19.4757109, 43.5752617], [19.4758124, 43.5751906], [19.4759165, 43.5749788], [19.4760302, 43.5748106], [19.4762747, 43.5745996], [19.4771358, 43.5739598], [19.4776476, 43.5733297], [19.4783877, 43.5729534], [19.4790467, 43.5716194], [19.4798573, 43.5716655], [19.4807316, 43.5717197], [19.482268, 43.5720778], [19.4824025, 43.5723729], [19.4829864, 43.5725767], [19.4852347, 43.5733227], [19.4852802, 43.5733151], [19.4896518, 43.5750465], [19.4943803, 43.5765581], [19.4973678, 43.577496], [19.4984657, 43.5783865], [19.5029711, 43.5819196], [19.5059367, 43.5842516], [19.5085219, 43.5855792], [19.5106513, 43.5856618], [19.5108799, 43.5859582], [19.51105, 43.5861531], [19.5104036, 43.5864186], [19.5099473, 43.5865877], [19.509137, 43.5869966], [19.5087751, 43.5871814], [19.5085908, 43.5872687], [19.5076832, 43.5876378], [19.5072954, 43.5878188], [19.5068593, 43.588091], [19.5057288, 43.5886466], [19.5053422, 43.5888337], [19.5045975, 43.589211], [19.5037276, 43.5896738], [19.5032967, 43.5899406], [19.50196, 43.5909594], [19.500978, 43.5918823], [19.5008001, 43.5920503], [19.500548, 43.5926484], [19.5003656, 43.5929094], [19.499979, 43.5932865], [19.4996673, 43.5937627], [19.4994305, 43.5942381], [19.4992687, 43.5951577], [19.4990732, 43.5958479], [19.4988987, 43.5962691], [19.4983461, 43.5970063], [19.4979764, 43.5973764], [19.4970997, 43.5980714], [19.4964558, 43.5983302], [19.495039, 43.5985348], [19.4941873, 43.5981737], [19.4934395, 43.5963113], [19.4929594, 43.596203], [19.4925255, 43.596218], [19.4918192, 43.5964316], [19.4919314, 43.5966844], [19.4919064, 43.5977013], [19.4917652, 43.5985588], [19.4914162, 43.5990884], [19.4912791, 43.5997593], [19.4912749, 43.6002979], [19.4914505, 43.6006671], [19.4914818, 43.6007156], [19.4915959, 43.6008829], [19.4920892, 43.6012527], [19.4926563, 43.601549], [19.4934977, 43.6026216], [19.4941292, 43.6036806], [19.4943951, 43.6039243], [19.4945488, 43.6042973], [19.4945654, 43.6045621], [19.4944699, 43.604875], [19.4943743, 43.6050314], [19.4943037, 43.6053021], [19.4942206, 43.6054014], [19.4941624, 43.6054827], [19.4941416, 43.6055609], [19.494125, 43.6056842], [19.4941624, 43.6057775], [19.4942787, 43.6063912], [19.4944989, 43.6071132], [19.4946651, 43.6076246], [19.4947357, 43.6078472], [19.4948147, 43.6081089], [19.4949019, 43.6083857], [19.4950598, 43.60887], [19.4953174, 43.6093814], [19.4955875, 43.6097514], [19.4959323, 43.6101335], [19.4964308, 43.6108644], [19.4969419, 43.6118331], [19.4973698, 43.6123655], [19.4980761, 43.6130513], [19.4985746, 43.6134153], [19.4987159, 43.6135807], [19.4988862, 43.6138545], [19.4990649, 43.6145824], [19.4990483, 43.6147358], [19.4991604, 43.6149283], [19.4993391, 43.6150847], [19.4994887, 43.6154427], [19.4995261, 43.6157465], [19.4995053, 43.6160593], [19.4993474, 43.6164563], [19.4991023, 43.6168383], [19.4988821, 43.6169977], [19.4978974, 43.6173346], [19.4973075, 43.6175933], [19.4970582, 43.6175421], [19.4967217, 43.6174519], [19.4963187, 43.6174278], [19.4960071, 43.617476], [19.4947773, 43.6179933], [19.4934187, 43.6186189], [19.4925961, 43.6190911], [19.4924175, 43.6192084], [19.4919688, 43.6196446], [19.4917524, 43.6199493], [19.4916987, 43.6200175], [19.4915907, 43.6203243], [19.4915242, 43.6215755], [19.4914536, 43.6220597], [19.4914785, 43.6223604], [19.491545, 43.6226041], [19.4916945, 43.6228898], [19.4918649, 43.6230672], [19.4920726, 43.6235454], [19.4922887, 43.6241319], [19.4923967, 43.6245048], [19.4924465, 43.6248266], [19.492405, 43.6252506], [19.4923261, 43.6255363], [19.4921308, 43.6259875], [19.491894, 43.6263333], [19.4915907, 43.6269227], [19.4913248, 43.6273077], [19.4901449, 43.6288233], [19.4896131, 43.6294519], [19.4890771, 43.6300202], [19.4890058, 43.6300998], [19.4886949, 43.6304172], [19.4885038, 43.6306096], [19.4884622, 43.6307931], [19.4883667, 43.6309284], [19.487918, 43.6311449], [19.4878432, 43.6311509], [19.4876604, 43.6313644], [19.4876687, 43.6315358], [19.4877393, 43.6316892], [19.4878806, 43.6319598], [19.4880385, 43.6322365], [19.4880842, 43.63245], [19.4888694, 43.6335295], [19.489638, 43.634191], [19.4898208, 43.6342782], [19.490095, 43.6343594], [19.4906974, 43.634597], [19.4909692, 43.6347318], [19.4911711, 43.6348766], [19.491707, 43.6353427], [19.49211, 43.6357727], [19.4924881, 43.6360794], [19.4935267, 43.6370025], [19.4940793, 43.6373603], [19.4953257, 43.6380278], [19.4961276, 43.6384036], [19.4972202, 43.6386472], [19.4984874, 43.6389719], [19.4987616, 43.6389388], [19.499069, 43.6388366], [19.4992103, 43.6387705], [19.4993017, 43.6386231], [19.499364, 43.6383886], [19.4994139, 43.6377963], [19.4993973, 43.6371017], [19.4993349, 43.6364943], [19.4993059, 43.6362207], [19.4993059, 43.635905], [19.4993765, 43.6355622], [19.4995177, 43.635063], [19.4997255, 43.6347353], [19.4999872, 43.6340407], [19.5002531, 43.6337159], [19.5005232, 43.6333671], [19.5007101, 43.6332468], [19.5009968, 43.6331717], [19.5014247, 43.6331085], [19.5017613, 43.6331416], [19.5021269, 43.6332378], [19.5026504, 43.633328], [19.5040214, 43.6334754], [19.5055752, 43.6335716], [19.5060946, 43.6335686], [19.5067593, 43.6334453], [19.507316, 43.63331], [19.5075113, 43.6331566], [19.5077523, 43.6327597], [19.5078187, 43.6323507], [19.5078146, 43.6322455], [19.507744, 43.632056], [19.5075736, 43.6317644], [19.5073908, 43.6315118], [19.5067925, 43.6303209], [19.5066887, 43.6301164], [19.5066097, 43.6298187], [19.5065765, 43.6294068], [19.5066721, 43.629088], [19.5067551, 43.6288113], [19.5068341, 43.6285166], [19.5068465, 43.6283001], [19.5069213, 43.6281497], [19.5070252, 43.6280385], [19.507262, 43.627855], [19.5074905, 43.6276776], [19.5078104, 43.627446], [19.5080099, 43.6273738], [19.5082689, 43.6273291], [19.5084959, 43.6272866], [19.5087078, 43.6273047], [19.5089363, 43.6273468], [19.5092272, 43.627443], [19.5093965, 43.6275414], [19.5106372, 43.6282236], [19.5105696, 43.6283339], [19.5105622, 43.6283554], [19.510537, 43.628623], [19.5105377, 43.6286454], [19.510579, 43.6289049], [19.5105819, 43.6289273], [19.5106074, 43.6291722], [19.5106121, 43.6291943], [19.5106888, 43.6294249], [19.5106896, 43.6294469], [19.510653, 43.6295895], [19.5106513, 43.6296117], [19.5106598, 43.6296949], [19.5106606, 43.6297173], [19.5106519, 43.6300111], [19.5106492, 43.6300335], [19.5105648, 43.6304266], [19.5105611, 43.6304489], [19.5105357, 43.6306457], [19.5105334, 43.6306682], [19.5105146, 43.6309247], [19.5105144, 43.6309471], [19.5105229, 43.6310836], [19.5105274, 43.6311056], [19.5106723, 43.6315118], [19.5106796, 43.6315336], [19.5107735, 43.6318322], [19.5107819, 43.6318539], [19.5108605, 43.6320245], [19.5109619, 43.6322438], [19.5110644, 43.6325033], [19.5112398, 43.6328202], [19.5112495, 43.6328415], [19.5113941, 43.6331872], [19.5114009, 43.6332091], [19.5114635, 43.6335051], [19.511468, 43.6335273], [19.5114995, 43.6336931], [19.5115075, 43.6337147], [19.5116064, 43.6338884], [19.5116151, 43.6339099], [19.5116625, 43.6340936], [19.5116675, 43.6341158], [19.5117258, 43.6344083], [19.5117288, 43.6344307], [19.5117591, 43.6348042], [19.5117603, 43.6348267], [19.5117673, 43.6352184], [19.5117731, 43.6352401], [19.5118928, 43.6354664], [19.5119029, 43.6354877], [19.5119708, 43.6356521], [19.5121499, 43.6359454], [19.5122474, 43.6362022], [19.5123072, 43.6363125], [19.5123166, 43.6365533], [19.5123782, 43.6368009], [19.5125852, 43.6371357], [19.5125997, 43.6371555], [19.5127561, 43.637337], [19.5127758, 43.6373541], [19.5128284, 43.6373895], [19.5128521, 43.6374039], [19.5130017, 43.637485], [19.5130263, 43.6374987], [19.5134401, 43.6377333], [19.5134659, 43.6377457], [19.5136503, 43.6378213], [19.513677, 43.6378328], [19.5140735, 43.6380115], [19.5140986, 43.6380245], [19.5143526, 43.6381756], [19.5143677, 43.6381938], [19.5144733, 43.6385634], [19.5144782, 43.6385856], [19.514536, 43.6389393], [19.5145395, 43.6389617], [19.5146003, 43.6393858], [19.514606, 43.6394079], [19.5146537, 43.6395381], [19.5146617, 43.6395599], [19.5148025, 43.6399489], [19.514811, 43.6399705], [19.5149743, 43.6403569], [19.5149837, 43.6403784], [19.514998, 43.6404092], [19.5150041, 43.6404311], [19.5150085, 43.6404699], [19.5150044, 43.6404918], [19.5149437, 43.6406159], [19.5149249, 43.6406317], [19.5148757, 43.6406507], [19.5148618, 43.6406672], [19.5148592, 43.6408532], [19.514863, 43.6408754], [19.5149526, 43.6411238], [19.5149567, 43.6411459], [19.5149578, 43.6413125], [19.514955, 43.6413348], [19.5148797, 43.6416378], [19.5148714, 43.6416594], [19.5148226, 43.6417521], [19.5148078, 43.6417717], [19.5146668, 43.6419106], [19.5146489, 43.641929], [19.5145496, 43.6420348], [19.5145335, 43.642054], [19.5144633, 43.6421485], [19.5144493, 43.6421686], [19.5143486, 43.6423248], [19.5143361, 43.6423454], [19.5141167, 43.6427317], [19.5141048, 43.6427525], [19.513991, 43.6429479], [19.513975, 43.642967], [19.5136872, 43.6432196], [19.513669, 43.6432377], [19.5134491, 43.6434878], [19.5134297, 43.6435051], [19.5132301, 43.6436473], [19.5132066, 43.643662], [19.5129488, 43.6438061], [19.5129225, 43.6438175], [19.5125555, 43.643939], [19.5123529, 43.644081], [19.5123072, 43.6441263], [19.5123435, 43.6442499], [19.5126367, 43.6445154], [19.5128154, 43.6447035], [19.5130156, 43.6448846], [19.5131699, 43.6450719], [19.5132039, 43.6451636], [19.5132058, 43.6452598], [19.5132557, 43.645445], [19.5133536, 43.6455249], [19.5137317, 43.6456198], [19.513912, 43.6457413], [19.5140042, 43.6458892], [19.5141388, 43.6462294], [19.5143892, 43.6463521], [19.5146258, 43.6464245], [19.5147416, 43.6464905], [19.5149241, 43.646623], [19.5151381, 43.6467937], [19.5152851, 43.6468535], [19.5154806, 43.6468983], [19.5159507, 43.6469847], [19.5163136, 43.6470613], [19.5167578, 43.6471977], [19.5172248, 43.6472802], [19.517255, 43.6472852], [19.5177345, 43.6473604], [19.5177644, 43.6473662], [19.518007, 43.6474232], [19.5180357, 43.6474314], [19.5181367, 43.6474655], [19.5181653, 43.6474741], [19.518426, 43.6475422], [19.5184538, 43.6475519], [19.5188546, 43.6477321], [19.5188811, 43.6477438], [19.5189956, 43.6477933], [19.5190221, 43.6478051], [19.5191571, 43.6478664], [19.5191847, 43.6478766], [19.519678, 43.6480237], [19.5197065, 43.6480325], [19.5201961, 43.6481871], [19.5202247, 43.6481956], [19.5206805, 43.6483215], [19.5207094, 43.6483296], [19.5212593, 43.6484837], [19.5212887, 43.6484905], [19.5214714, 43.648524], [19.5215018, 43.6485284], [19.522065, 43.6485867], [19.5220951, 43.6485919], [19.5226567, 43.6487293], [19.5226864, 43.6487356], [19.5231675, 43.6488227], [19.5231981, 43.6488259], [19.5233767, 43.6488324], [19.5234071, 43.6488361], [19.5238817, 43.6489381], [19.5239119, 43.6489433], [19.5240866, 43.6489801], [19.5244849, 43.6490667], [19.5246902, 43.6491135], [19.5248863, 43.6491757], [19.5252741, 43.6492617], [19.5258494, 43.6494048], [19.5262818, 43.6495781], [19.5263057, 43.649592], [19.526464, 43.649716], [19.5264806, 43.6497346], [19.5265175, 43.6497988], [19.5265302, 43.6498193], [19.5266556, 43.6500106], [19.5266679, 43.6500312], [19.5267793, 43.6502376], [19.5267902, 43.6502586], [19.5269003, 43.6504775], [19.5269114, 43.6504985], [19.5270029, 43.6506623], [19.5270104, 43.650684], [19.527055, 43.6510042], [19.5270584, 43.6510266], [19.5270921, 43.6512287], [19.5270954, 43.6512511], [19.5271402, 43.6516085], [19.5271427, 43.651631], [19.5271875, 43.6520622], [19.5271913, 43.6520846], [19.5272731, 43.6524456], [19.527281, 43.6524673], [19.5273798, 43.6526642], [19.5273877, 43.6526858], [19.5274073, 43.6527717], [19.5274132, 43.6527938], [19.5275327, 43.6531895], [19.5275401, 43.6532113], [19.5276115, 43.6534078], [19.5276222, 43.6534288], [19.527728, 43.6535912], [19.5277379, 43.6536123], [19.527785, 43.6537738], [19.5277921, 43.6537956], [19.5279285, 43.6541666], [19.5279376, 43.654188], [19.528101, 43.6545233], [19.5281113, 43.6545445], [19.5282281, 43.6547852], [19.5282344, 43.6548069], [19.5282476, 43.6549526], [19.5282486, 43.6549751], [19.5282443, 43.6553924], [19.5282438, 43.6554149], [19.5282338, 43.6556805], [19.5282288, 43.655815], [19.5282275, 43.6558374], [19.5282017, 43.6561967], [19.5281999, 43.6562191], [19.528164, 43.656592], [19.5281616, 43.6566144], [19.5281136, 43.657018], [19.5281113, 43.6570405], [19.5280871, 43.6574015], [19.5283056, 43.6577732], [19.5283188, 43.6577935], [19.5285876, 43.6581722], [19.5286042, 43.6581911], [19.528814, 43.6583879], [19.5288337, 43.6584051], [19.5289799, 43.6585225], [19.5290004, 43.6585393], [19.5292843, 43.6587769], [19.5293018, 43.6587953], [19.5294997, 43.6590649], [19.5295147, 43.6590846], [19.5295852, 43.6591727], [19.5295977, 43.6591932], [19.5297785, 43.6595989], [19.529788, 43.6596203], [19.5299632, 43.6600101], [19.5299724, 43.6600316], [19.5301403, 43.6604371], [19.5301491, 43.6604587], [19.530244, 43.660701], [19.530253, 43.6607226], [19.5304297, 43.6611146], [19.5304385, 43.6611361], [19.530519, 43.6613566], [19.5305248, 43.6613786], [19.5305908, 43.6617829], [19.5305952, 43.6618052], [19.5306936, 43.6622273], [19.5306984, 43.6622496], [19.530785, 43.6626888], [19.5307854, 43.6627111], [19.5307849, 43.662714], [19.5307845, 43.6627364], [19.5308319, 43.6631543], [19.5308286, 43.6631762], [19.5307078, 43.6634623], [19.5307029, 43.6634843], [19.5306943, 43.6637894], [19.5306938, 43.6638118], [19.5306882, 43.6640935], [19.5306906, 43.6641157], [19.5307904, 43.6645236], [19.5307991, 43.6645451], [19.5309085, 43.6647322], [19.5309214, 43.6647526], [19.5309968, 43.6648624], [19.531007, 43.6648835], [19.5310289, 43.6649578], [19.5310371, 43.6649794], [19.5311244, 43.6651699], [19.5311335, 43.6651914], [19.5312419, 43.6654709], [19.5312451, 43.6654929], [19.5312238, 43.6657047], [19.5312282, 43.6657265], [19.5313678, 43.6659906], [19.531375, 43.6660123], [19.5314288, 43.6663839], [19.5314322, 43.6664062], [19.5314973, 43.666791], [19.531502, 43.6668133], [19.5315811, 43.6671307], [19.531588, 43.6671525], [19.5316996, 43.6674402], [19.5317056, 43.6674621], [19.5317163, 43.6675268], [19.531722, 43.6675489], [19.5317695, 43.6676812], [19.5317739, 43.6677032], [19.531784, 43.6677733], [19.5317647, 43.6678744], [19.5317605, 43.6678966], [19.5317056, 43.6681099], [19.5316961, 43.6681311], [19.5316405, 43.6682165], [19.531514, 43.6684103], [19.5315009, 43.6684307], [19.5313769, 43.6686474], [19.5313011, 43.6687435], [19.5310806, 43.6691072], [19.5310603, 43.6691224], [19.5308376, 43.6691993], [19.5308092, 43.6692083], [19.5303241, 43.6693495], [19.5302954, 43.6693579], [19.5298378, 43.6694927], [19.5298098, 43.6695023], [19.5296109, 43.6695798], [19.5295852, 43.6695922], [19.5291775, 43.6698295], [19.5291529, 43.6698433], [19.5288782, 43.6699919], [19.528854, 43.670006], [19.5285411, 43.6701981], [19.5285199, 43.6702144], [19.528373, 43.6703579], [19.5283563, 43.6703768], [19.5281275, 43.6706805], [19.5281143, 43.6707008], [19.5279881, 43.6709222], [19.5279767, 43.6709432], [19.5278124, 43.6712487], [19.527759, 43.6714615], [19.5277529, 43.6714836], [19.5276553, 43.6718257], [19.527651, 43.6718479], [19.5276208, 43.6720603], [19.5275356, 43.6722903], [19.5273401, 43.6725004], [19.5270754, 43.6727272], [19.5270558, 43.6727447], [19.5267895, 43.6729855], [19.5267699, 43.673003], [19.5265826, 43.6731656], [19.5265649, 43.673184], [19.5264198, 43.6733673], [19.5264057, 43.6733873], [19.5263128, 43.6735327], [19.5263012, 43.6735535], [19.5261347, 43.6739055], [19.5261251, 43.6739269], [19.5259969, 43.6742259], [19.5259862, 43.674247], [19.5258727, 43.6744461], [19.5257625, 43.6746737], [19.5256939, 43.6748311], [19.5254897, 43.6751175], [19.5254007, 43.675221], [19.525332, 43.6754223], [19.5253228, 43.6754437], [19.5250881, 43.6759078], [19.5249626, 43.6761329], [19.5248563, 43.6764175], [19.5247372, 43.6766533], [19.5246386, 43.6767444], [19.5245018, 43.6768816], [19.5244844, 43.6769002], [19.5244197, 43.6769812], [19.5243891, 43.677044], [19.5242325, 43.6773126], [19.5241668, 43.6774415], [19.5241521, 43.6774609], [19.5240462, 43.6775633], [19.5240266, 43.6775807], [19.5239202, 43.6776738], [19.5237891, 43.6779276], [19.5237809, 43.6779493], [19.5237431, 43.6781251], [19.5236882, 43.6782299], [19.523602, 43.6783657], [19.523418, 43.6786455], [19.5232902, 43.678969], [19.5232854, 43.6789912], [19.5232536, 43.6791569], [19.5232473, 43.6791788], [19.5231513, 43.6794261], [19.523141, 43.6794472], [19.5230283, 43.6796373], [19.5230204, 43.6796588], [19.5229918, 43.6798485], [19.5229905, 43.6798709], [19.5229938, 43.6799727], [19.5229902, 43.6799948], [19.5229473, 43.6801138], [19.522942, 43.6801358], [19.5229303, 43.6802273], [19.5229256, 43.6802494], [19.5229121, 43.6802964], [19.5229033, 43.6803179], [19.522775, 43.6805556], [19.5227632, 43.6805764], [19.5226266, 43.6808052], [19.522612, 43.6808249], [19.5224572, 43.6809945], [19.5224414, 43.6810138], [19.5222234, 43.6813132], [19.5222058, 43.6813316], [19.5221312, 43.6813941], [19.5221157, 43.6814132], [19.5220741, 43.6814956], [19.5220629, 43.6815165], [19.5219972, 43.6816321], [19.5219834, 43.6816522], [19.5218651, 43.681796], [19.5218515, 43.6818161], [19.5217515, 43.6819987], [19.5217385, 43.6820191], [19.521619, 43.6821835], [19.52161, 43.6822046], [19.5215471, 43.6825851], [19.5215397, 43.6826068], [19.5214738, 43.6827336], [19.521465, 43.6827551], [19.5214026, 43.6829687], [19.5213926, 43.6829898], [19.5212694, 43.6831756], [19.5212581, 43.6831964], [19.5210945, 43.6835877], [19.5210843, 43.6836089], [19.5209325, 43.6838819], [19.5209172, 43.6839013], [19.5206203, 43.6841833], [19.5206033, 43.6842019], [19.5204263, 43.6844306], [19.5204088, 43.6844491], [19.5203085, 43.6845372], [19.52029, 43.6845553], [19.5199992, 43.6848737], [19.5199821, 43.6848924], [19.519884, 43.6850009], [19.5198673, 43.6850199], [19.5197515, 43.6851525], [19.5197353, 43.6851717], [19.5194477, 43.6855268], [19.519435, 43.6855472], [19.5193038, 43.6858348], [19.5192924, 43.6858557], [19.5192458, 43.6859293], [19.5192353, 43.6859504], [19.5191264, 43.6862476], [19.5191167, 43.6862688], [19.5190907, 43.6863154], [19.5190778, 43.6863359], [19.5188587, 43.6866481], [19.5188456, 43.6866684], [19.5187148, 43.6868864], [19.5187021, 43.686907], [19.518479, 43.6872656], [19.5184647, 43.6872856], [19.5183093, 43.6874739], [19.5182986, 43.6874947], [19.51826, 43.6876516], [19.5182626, 43.6876732], [19.5183313, 43.6878093], [19.518338, 43.687831], [19.5183463, 43.687894], [19.5183461, 43.6878949], [19.518341, 43.6879153], [19.5182211, 43.6880966], [19.5182057, 43.688116], [19.5179563, 43.6883849], [19.5179434, 43.688405], [19.5178455, 43.6886571], [19.5178314, 43.6886767], [19.5175873, 43.6888895], [19.517568, 43.6889071], [19.5173291, 43.6891344], [19.5173127, 43.6891533], [19.5170696, 43.689502], [19.5170617, 43.6895233], [19.5170597, 43.6895496], [19.5170564, 43.6895924], [19.5170612, 43.6896141], [19.5170991, 43.6896861], [19.5171007, 43.6897075], [19.5170139, 43.6899567], [19.5170211, 43.6899755], [19.5174135, 43.6902568], [19.5174338, 43.6902737], [19.5177037, 43.6905379], [19.5177204, 43.6905568], [19.5178655, 43.6907456], [19.5178795, 43.6907657], [19.5179843, 43.6909306], [19.5179966, 43.6909513], [19.5182132, 43.6913413], [19.5182241, 43.6913623], [19.5183847, 43.6916904], [19.5183957, 43.6917115], [19.5186004, 43.692074], [19.5186099, 43.6920954], [19.5187324, 43.6924781], [19.5187357, 43.6925004], [19.51873, 43.6928362], [19.5187294, 43.6928587], [19.518721, 43.6930285], [19.518719, 43.693051], [19.5186918, 43.6932489], [19.5186882, 43.6932713], [19.5186487, 43.6934812], [19.5186442, 43.6935035], [19.5186099, 43.6936563], [19.5186026, 43.6936781], [19.5185391, 43.693819], [19.5185318, 43.6938408], [19.5184484, 43.6942081], [19.5184463, 43.6942304], [19.5184536, 43.6945086], [19.5184545, 43.6945311], [19.5184768, 43.6949214], [19.5184744, 43.6949437], [19.5183652, 43.6953345], [19.5183607, 43.6953567], [19.5183049, 43.6957669], [19.518303, 43.6957893], [19.5182922, 43.6960444], [19.5182861, 43.6960661], [19.5181566, 43.6963023], [19.5181402, 43.6963209], [19.5179392, 43.6964732], [19.5179182, 43.6964898], [19.5177297, 43.6966449], [19.5177083, 43.6966611], [19.5174854, 43.6968158], [19.5174594, 43.6968269], [19.5171464, 43.6968988], [19.5171164, 43.6969045], [19.5170694, 43.6969112], [19.5170478, 43.6969236], [19.5169752, 43.697039], [19.5169638, 43.69706], [19.5168844, 43.6972323], [19.5168739, 43.6972534], [19.5167786, 43.697429], [19.5167692, 43.6974504], [19.5167274, 43.6975703], [19.5167183, 43.6975919], [19.5165718, 43.6978815], [19.5165629, 43.697903], [19.5164754, 43.698171], [19.5164645, 43.6981918], [19.5163441, 43.6983569], [19.5163316, 43.6983774], [19.5162268, 43.6985843], [19.5162148, 43.698605], [19.5161042, 43.698772], [19.5160961, 43.6987933], [19.5160612, 43.6990667], [19.5160543, 43.6990885], [19.5159666, 43.6992588], [19.5159539, 43.6992793], [19.5158734, 43.6993914], [19.5158587, 43.6994113], [19.5157891, 43.6995041], [19.5157743, 43.6995238], [19.5156146, 43.6997372], [19.5156016, 43.6997576], [19.5154969, 43.6999526], [19.5154839, 43.6999729], [19.5153779, 43.7001143], [19.5153616, 43.7001334], [19.5152483, 43.7002521], [19.5152296, 43.70027], [19.5152232, 43.7002755], [19.5152016, 43.7002915], [19.5151472, 43.7003249], [19.5151246, 43.7003404], [19.5151003, 43.7003589], [19.5150784, 43.7003749], [19.5149063, 43.700496], [19.5148837, 43.7005112], [19.5146661, 43.7006511], [19.5146474, 43.7006686], [19.5145453, 43.7008125], [19.5145404, 43.7008336], [19.5146174, 43.7012339], [19.5146231, 43.701256], [19.5146891, 43.7014622], [19.5146969, 43.701484], [19.5147919, 43.7017197], [19.5148012, 43.7017411], [19.5149759, 43.7021127], [19.514984, 43.7021344], [19.5150076, 43.7022198], [19.5150126, 43.702242], [19.5150279, 43.7023291], [19.5150336, 43.7023512], [19.5150755, 43.7024712], [19.5150861, 43.7024922], [19.5151498, 43.7025874], [19.5151621, 43.702608], [19.5153621, 43.7029887], [19.5153729, 43.7030098], [19.5155609, 43.7033858], [19.5155743, 43.703406], [19.515693, 43.703545], [19.5157029, 43.7035566], [19.51572, 43.7035754], [19.5160182, 43.7038855], [19.5160319, 43.7039055], [19.5161861, 43.7042464], [19.5162055, 43.7042608], [19.5163379, 43.704294], [19.5163634, 43.7043057], [19.5165458, 43.7044395], [19.5165683, 43.704455], [19.5167319, 43.7045606], [19.5167546, 43.7045759], [19.5170627, 43.704794], [19.5170844, 43.70481], [19.5172673, 43.7049486], [19.5172897, 43.704964], [19.5176752, 43.705201], [19.5176979, 43.7052163], [19.5181098, 43.7055197], [19.5181324, 43.7055351], [19.5184833, 43.7057542], [19.5185084, 43.7057672], [19.5189761, 43.7059673], [19.5189897, 43.7059842], [19.5189961, 43.7062857], [19.5189958, 43.7063082], [19.5189856, 43.7065412], [19.5189872, 43.7065636], [19.5190742, 43.7070168], [19.5190811, 43.7070386], [19.5192361, 43.7073864], [19.5192418, 43.7074084], [19.5192674, 43.7077207], [19.5192701, 43.7077431], [19.5193261, 43.7080997], [19.5193458, 43.7082254], [19.5193481, 43.7082478], [19.5193634, 43.7085768], [19.5193621, 43.7085992], [19.5192961, 43.7090181], [19.5192938, 43.7090404], [19.519282, 43.7093008], [19.5192822, 43.7093233], [19.5193089, 43.7097289], [19.5193101, 43.7097513], [19.51932, 43.7099723], [19.5193303, 43.7099922], [19.5193213, 43.7100321], [19.519289, 43.7100457], [19.5192692, 43.7100501], [19.5192419, 43.7100501], [19.5191921, 43.7100471], [19.5191561, 43.7100405], [19.519079, 43.7100161], [19.5189999, 43.7099825], [19.5187461, 43.7098574], [19.5183123, 43.7096836], [19.517814, 43.7095128], [19.5173629, 43.7093979], [19.5172899, 43.7093979], [19.517015, 43.7092954], [19.5169463, 43.7092333], [19.5169033, 43.7091898], [19.5166928, 43.7090812], [19.5163363, 43.70887], [19.5160785, 43.708752], [19.5158637, 43.708721], [19.5156747, 43.708752], [19.5154771, 43.7087179], [19.5150605, 43.7085626], [19.5146824, 43.7084881], [19.5142872, 43.7084912], [19.5138749, 43.7085843], [19.5138018, 43.7086061], [19.5133766, 43.7087179], [19.5130329, 43.7087737], [19.51238, 43.7087303], [19.5116431, 43.7086585], [19.5106711, 43.7086673], [19.5103167, 43.7085315], [19.5100246, 43.7084943], [19.5097324, 43.7084819], [19.5094575, 43.7084819], [19.5091998, 43.7085688], [19.5089936, 43.7087179], [19.5087359, 43.7088545], [19.5084609, 43.7088669], [19.5078424, 43.7088669], [19.5075502, 43.7088917], [19.5072753, 43.708929], [19.5070176, 43.7089787], [19.5067083, 43.7089911], [19.5063818, 43.7089911], [19.5061069, 43.7089538], [19.5057976, 43.7089042], [19.5055399, 43.7089911], [19.505265, 43.7090905], [19.50499, 43.7091153], [19.5046979, 43.7091153], [19.5044058, 43.7091029], [19.5041137, 43.7091029], [19.5038216, 43.7091402], [19.5035295, 43.7092023], [19.5032718, 43.7092644], [19.503014, 43.7093265], [19.5027219, 43.7093389], [19.5024298, 43.7092892], [19.5020862, 43.7094134], [19.5012098, 43.7090656], [19.5009865, 43.7092644], [19.500849, 43.7094258], [19.5007116, 43.7095873], [19.5006256, 43.7097984], [19.5006085, 43.7099972], [19.5008318, 43.7101586], [19.5011239, 43.7101462], [19.5013989, 43.7100593], [19.501691, 43.7099848], [19.5020002, 43.7100096], [19.5021527, 43.7101176], [19.5023879, 43.7102468], [19.5026704, 43.7103449], [19.5029453, 43.7104319], [19.5030484, 43.7106306], [19.5029625, 43.7108169], [19.5027563, 43.7109411], [19.502447, 43.7110405], [19.5021549, 43.7110405], [19.50188, 43.7110156], [19.501605, 43.7110156], [19.5010896, 43.7111895], [19.5008662, 43.7112889], [19.5006428, 43.7114007], [19.5004366, 43.7115497], [19.5002648, 43.7117236], [19.5001273, 43.7119471], [19.5001961, 43.7121707], [19.5003163, 43.712357], [19.5003851, 43.7125806], [19.5004366, 43.7127793], [19.5005741, 43.7132264], [19.5005569, 43.7134251], [19.5007631, 43.7135617], [19.5010724, 43.7135369], [19.501691, 43.7134375], [19.5020002, 43.7134375], [19.5022752, 43.7134872], [19.5024298, 43.7136611], [19.5024126, 43.7138598], [19.5023095, 43.7140585], [19.5021377, 43.71422], [19.5019143, 43.7143814], [19.501691, 43.7144932], [19.5014504, 43.714605], [19.5011755, 43.7147043], [19.5009006, 43.7147788], [19.5006256, 43.7147913], [19.5003335, 43.7148161], [19.5000414, 43.7148285], [19.4997665, 43.7148409], [19.4994916, 43.7148782], [19.4991979, 43.7148949], [19.4988897, 43.7149605], [19.4986346, 43.7150917], [19.498495, 43.715288], [19.4984263, 43.7154743], [19.4983232, 43.7156606], [19.4982029, 43.715909], [19.4971547, 43.7157972], [19.4968626, 43.7158096], [19.4965705, 43.7158469], [19.4962612, 43.7158966], [19.495952, 43.7159587], [19.4956598, 43.7160208], [19.4953849, 43.7160829], [19.4949897, 43.716145], [19.4947148, 43.7162195], [19.494165, 43.7163685], [19.4939072, 43.716443], [19.4936323, 43.7165175], [19.4933917, 43.7166169], [19.4931512, 43.7167038], [19.4928763, 43.716828], [19.4926529, 43.7169646], [19.4924123, 43.7171137], [19.492189, 43.7172503], [19.4917422, 43.7175235], [19.491536, 43.7176725], [19.4913985, 43.7178588], [19.4912783, 43.7180326], [19.4911752, 43.7182313], [19.4910721, 43.7184052], [19.4909518, 43.7186039], [19.4908487, 43.7187902], [19.4907628, 43.7189765], [19.4906769, 43.7191876], [19.4906081, 43.7193863], [19.4905738, 43.719585], [19.4904191, 43.7197464], [19.490127, 43.7197837], [19.4898177, 43.7197837], [19.4895085, 43.7197961], [19.4891992, 43.7198458], [19.4889242, 43.7199327], [19.488615, 43.7200445], [19.4883744, 43.7201562], [19.4880479, 43.720268], [19.487773, 43.7203797], [19.4875153, 43.7204915], [19.4870342, 43.7207399], [19.4867764, 43.7208641], [19.4865187, 43.7209758], [19.4862438, 43.7210752], [19.4859688, 43.7211497], [19.4856767, 43.7212118], [19.4853846, 43.7212614], [19.4847489, 43.7214353], [19.4845083, 43.7215098], [19.4842506, 43.7216216], [19.4837179, 43.7218451], [19.4828072, 43.7220686], [19.4824636, 43.7221307], [19.4821199, 43.7221555], [19.4819137, 43.7222921], [19.4817247, 43.7224411], [19.4815357, 43.7225777], [19.4813123, 43.7227143], [19.4810718, 43.7228013], [19.4807968, 43.7228385], [19.4799377, 43.7228385], [19.4796456, 43.7228509], [19.4794222, 43.7229751], [19.4793879, 43.7231738], [19.4794394, 43.7233849], [19.4795425, 43.7238071], [19.4795253, 43.7240182], [19.4794051, 43.7242045], [19.4791129, 43.7242417], [19.4788037, 43.7242169], [19.4785975, 43.7240803], [19.4785631, 43.7238568], [19.4785803, 43.7236332], [19.4786147, 43.7234097], [19.4787177, 43.7231614], [19.4788208, 43.7229627], [19.4788552, 43.7227392], [19.478838, 43.7225281], [19.4787693, 43.7223294], [19.4784772, 43.7222921], [19.4781679, 43.7222921], [19.4778758, 43.7223418], [19.4776524, 43.7224784], [19.4774634, 43.7226274], [19.47724, 43.722764], [19.4769995, 43.7228882], [19.4768458, 43.7229274], [19.4767074, 43.7229627], [19.4764325, 43.7229379], [19.4762091, 43.7228137], [19.4756249, 43.722764], [19.4750235, 43.7231117], [19.4749204, 43.7232856], [19.47481, 43.723466], [19.4747142, 43.7236457], [19.4744736, 43.7237698], [19.4741815, 43.7238071], [19.4738894, 43.7238692], [19.473666, 43.7239809], [19.4734255, 43.7240927], [19.4731677, 43.7241796], [19.4729272, 43.724279], [19.4726351, 43.7243659], [19.4723773, 43.7244652], [19.4721024, 43.7245149], [19.4717931, 43.724577], [19.4714838, 43.7246142], [19.4711746, 43.7246142], [19.4708825, 43.7246266], [19.4705732, 43.7246639], [19.4702982, 43.724726], [19.4700577, 43.7248626], [19.4698515, 43.7250116], [19.4696969, 43.7251854], [19.4695422, 43.7253469], [19.4694047, 43.7255207], [19.4692845, 43.725707], [19.4692157, 43.725918], [19.4692157, 43.7261291], [19.4692501, 43.7263402], [19.4692329, 43.7265513], [19.4691298, 43.7267252], [19.4689236, 43.7268742], [19.4671538, 43.7281034], [19.4669476, 43.7285256], [19.4668617, 43.72824], [19.4627379, 43.7273832], [19.4626348, 43.7274577], [19.4622224, 43.7272839], [19.4628753, 43.7265141], [19.4628753, 43.7262906], [19.4626863, 43.7261291], [19.4624114, 43.7260422], [19.4621193, 43.7259925], [19.4618616, 43.725918], [19.46181, 43.725707], [19.4616038, 43.7255704], [19.4613289, 43.7256449], [19.4611571, 43.7258187], [19.4613976, 43.726067], [19.4613117, 43.72675], [19.4610712, 43.7266631], [19.4607962, 43.7265886], [19.4605213, 43.7265016], [19.4602464, 43.7264396], [19.4599715, 43.7263651], [19.4596965, 43.7262906], [19.4594216, 43.7262409], [19.4591295, 43.7261664], [19.4588202, 43.7261043], [19.4585453, 43.7260919], [19.4582876, 43.7261664], [19.4579955, 43.7261416], [19.4580986, 43.7259305], [19.4578752, 43.7257815], [19.4575831, 43.7257815], [19.4573082, 43.725769], [19.457016, 43.725769], [19.4567239, 43.7257566], [19.4564147, 43.7257442], [19.4561226, 43.7257442], [19.4558304, 43.725769], [19.4555727, 43.725856], [19.4553493, 43.7259801], [19.455126, 43.7260795], [19.4548339, 43.7260298], [19.4545933, 43.725918], [19.4543356, 43.7258435], [19.4540434, 43.725856], [19.4537685, 43.7258932], [19.4534592, 43.7259056], [19.4531843, 43.7258932], [19.4529266, 43.7259553], [19.452686, 43.7260422], [19.4524111, 43.7259677], [19.451741, 43.7256449], [19.4501945, 43.7226522], [19.4470592, 43.722309], [19.4402114, 43.7215595], [19.4348161, 43.72223], [19.4288709, 43.7216464], [19.4279602, 43.7208516], [19.426345, 43.7205412], [19.4254687, 43.7213484], [19.4254859, 43.7215471], [19.4254859, 43.7217706], [19.4254515, 43.7219817], [19.4254, 43.7221928], [19.4252969, 43.7223915], [19.4251938, 43.7225653], [19.4250563, 43.7227268], [19.4249017, 43.7228882], [19.4245923, 43.7231167], [19.4244721, 43.7232483], [19.4244205, 43.7234594], [19.4243518, 43.7236581], [19.4242831, 43.7238692], [19.4241284, 43.7240803], [19.4240082, 43.7242665], [19.4238535, 43.7244404], [19.4237161, 43.7246018], [19.4234927, 43.7247508], [19.4232865, 43.7248874], [19.4230803, 43.725024], [19.4228397, 43.7251358], [19.422582, 43.7252227], [19.4223243, 43.725322], [19.4220665, 43.7254338], [19.4218088, 43.7255207], [19.4215339, 43.7255828], [19.4212589, 43.7256573], [19.420984, 43.7257194], [19.4202623, 43.7257815], [19.4202623, 43.7255704], [19.4139563, 43.7226274], [19.4136814, 43.7223915], [19.4134924, 43.7222425], [19.4129769, 43.7220438], [19.4127363, 43.7219444], [19.4124786, 43.7218823], [19.4121693, 43.7219072], [19.4119288, 43.7220065], [19.4117569, 43.722168], [19.411482, 43.722168], [19.4112243, 43.7220934], [19.410915, 43.7221431], [19.4106229, 43.722168], [19.4102964, 43.7221431], [19.4096263, 43.7221183], [19.4079767, 43.7217457], [19.4071863, 43.7217954], [19.406688, 43.7217085], [19.4060351, 43.7219693], [19.4057602, 43.7220438], [19.4054853, 43.7221183], [19.4052275, 43.7222052], [19.4049698, 43.7223045], [19.4046949, 43.7223666], [19.4044027, 43.7223666], [19.403956, 43.7222797], [19.4037898, 43.7225517], [19.4035493, 43.7223448], [19.4032687, 43.7221555], [19.4034062, 43.7219693], [19.4035093, 43.7217706], [19.4036467, 43.7215843], [19.4038873, 43.7214477], [19.4041794, 43.721398], [19.4042997, 43.7212118], [19.4043856, 43.7210131], [19.4044887, 43.720802], [19.4044887, 43.7205909], [19.4044715, 43.7203797], [19.4044543, 43.7198582], [19.4045221, 43.7196152], [19.4038357, 43.7180078], [19.4035952, 43.7181196], [19.4029766, 43.7175235], [19.4031312, 43.7174738], [19.403389, 43.717362], [19.4036295, 43.7172006], [19.4038014, 43.7170267], [19.4039045, 43.716828], [19.4039216, 43.7166169], [19.4038867, 43.7162266], [19.4039303, 43.7161089], [19.4040108, 43.7159723], [19.4040935, 43.715524], [19.4041622, 43.7153005], [19.4042653, 43.7151017], [19.4043856, 43.7148906], [19.4044887, 43.7146919], [19.4049182, 43.7140213], [19.4050213, 43.7138225], [19.4051588, 43.7136238], [19.4053306, 43.71345], [19.4054165, 43.7132264], [19.4054853, 43.7130028], [19.4056227, 43.7128165], [19.4058117, 43.7126302], [19.4060179, 43.7124688], [19.4062241, 43.7122949], [19.4064131, 43.7121334], [19.4065334, 43.7119471], [19.4066709, 43.7117484], [19.4068599, 43.7115621], [19.4076675, 43.7109411], [19.4079252, 43.7108169], [19.4082345, 43.710643], [19.4084063, 43.7104567], [19.4084407, 43.7102332], [19.4083204, 43.710022], [19.4080707, 43.7100064], [19.4080031, 43.710083], [19.4078592, 43.7100868], [19.4076159, 43.7099848], [19.407341, 43.7099723], [19.4071096, 43.7100613], [19.4068427, 43.7100717], [19.4058976, 43.7100717], [19.4056055, 43.7100965], [19.4053306, 43.7101711], [19.4050557, 43.7102207], [19.4047464, 43.7102207], [19.4044199, 43.7102083], [19.4041278, 43.7101959], [19.4038357, 43.7101586], [19.4035608, 43.7100965], [19.4033202, 43.7099848], [19.4030625, 43.7097984], [19.4028907, 43.7096246], [19.4027876, 43.7094382], [19.4025642, 43.7093016], [19.4023065, 43.7092023], [19.4019073, 43.7092065], [19.4012755, 43.7092271], [19.4009834, 43.7092519], [19.4006741, 43.7092768], [19.400382, 43.7092519], [19.4001414, 43.7091526], [19.3999353, 43.7090159], [19.3996775, 43.7088793], [19.3994198, 43.7087924], [19.3986294, 43.7084943], [19.3983373, 43.7084198], [19.398028, 43.7083701], [19.3977359, 43.7083825], [19.397461, 43.7083204], [19.3972494, 43.708214], [19.3970088, 43.70811], [19.3964564, 43.7079338], [19.3956148, 43.7078491], [19.3952723, 43.7078391], [19.3946238, 43.7077825], [19.3943853, 43.7077242], [19.3941275, 43.7076248], [19.3939729, 43.7074509], [19.3939729, 43.7072398], [19.3939901, 43.7070162], [19.3940932, 43.706805], [19.3941103, 43.7065939], [19.3940588, 43.7063827], [19.3939041, 43.7061716], [19.3936464, 43.7060722], [19.3934058, 43.7059604], [19.3931481, 43.705861], [19.3928388, 43.7057989], [19.3925123, 43.7057741], [19.3919539, 43.7057237], [19.3916006, 43.7056134], [19.3913772, 43.7054729], [19.3911893, 43.7053145], [19.391069, 43.7051282], [19.3909487, 43.704917], [19.3907941, 43.7047307], [19.3900552, 43.7042587], [19.389849, 43.704122], [19.3896772, 43.7039357], [19.389471, 43.7037742], [19.3891789, 43.7038239], [19.3889727, 43.703973], [19.3888481, 43.7041244], [19.3886763, 43.704254], [19.388403, 43.704282], [19.3881377, 43.7042544], [19.3878902, 43.7041469], [19.3876733, 43.7040463], [19.3874467, 43.7040195], [19.3872168, 43.7041224], [19.387117, 43.7043083], [19.3870875, 43.7044896], [19.3869818, 43.7046977], [19.3867617, 43.7049077], [19.3866702, 43.7049543], [19.3863953, 43.7050164], [19.3861032, 43.7050536], [19.3858111, 43.7050164], [19.3855362, 43.7049915], [19.3852613, 43.7049543], [19.3840413, 43.7049543], [19.383732, 43.7049667], [19.3834571, 43.7049418], [19.3831993, 43.7048176], [19.3829244, 43.7047458], [19.3826495, 43.7046934], [19.3823574, 43.7047058], [19.3820825, 43.704681], [19.3818247, 43.7046189], [19.381567, 43.7045319], [19.381378, 43.7043456], [19.3812749, 43.7041593], [19.3811718, 43.7039605], [19.3810859, 43.7037618], [19.3810102, 43.7035642], [19.3808969, 43.7033767], [19.3806219, 43.7032773], [19.380536, 43.7030662], [19.3806563, 43.702855], [19.3805876, 43.7026438], [19.380347, 43.702532], [19.3802611, 43.7023084], [19.3802869, 43.7021283], [19.3802061, 43.7017502], [19.3802267, 43.7014886], [19.3773057, 43.6942087], [19.3777009, 43.693426], [19.38533, 43.6926806], [19.3851596, 43.6921737], [19.3839897, 43.6886924], [19.3838695, 43.6886427], [19.3836117, 43.6885681], [19.3833368, 43.6884936], [19.3830963, 43.6883942], [19.3830103, 43.6881954], [19.382976, 43.6879841], [19.3829072, 43.6877605], [19.3827182, 43.6875865], [19.3824777, 43.6874623], [19.3821856, 43.6873505], [19.381945, 43.6872262], [19.3816529, 43.6871144], [19.3813608, 43.6870274], [19.3810515, 43.6869777], [19.3807766, 43.6869156], [19.3805017, 43.6868286], [19.3802955, 43.6866795], [19.3800721, 43.6865304], [19.37978, 43.6864931], [19.3795566, 43.6863689], [19.3793161, 43.6861701], [19.3792473, 43.6859464], [19.3790583, 43.6857724], [19.3787834, 43.6856855], [19.3785085, 43.6856855], [19.3782336, 43.6856606], [19.3780274, 43.6855115], [19.3777524, 43.6854494], [19.3774775, 43.685437], [19.3772026, 43.6854867], [19.3769105, 43.6855115], [19.3766184, 43.6854991], [19.3763606, 43.6854245], [19.3760685, 43.68535], [19.3757936, 43.68535], [19.3755187, 43.6853624], [19.3752094, 43.6854121], [19.3749173, 43.6854121], [19.3746252, 43.6853624], [19.3743503, 43.685263], [19.3740925, 43.6851636], [19.3738692, 43.6850393], [19.373663, 43.6848778], [19.373474, 43.6847038], [19.3733537, 43.6845175], [19.3731647, 43.6843559], [19.3728554, 43.6843559], [19.3725289, 43.6844056], [19.3722884, 43.6845175], [19.372065, 43.6846293], [19.3718072, 43.6847038], [19.3715323, 43.6847536], [19.3709481, 43.6848033], [19.3706388, 43.6848405], [19.3703467, 43.6848405], [19.3701062, 43.6847287], [19.3697969, 43.6846541], [19.3692642, 43.6845796], [19.3689893, 43.6845672], [19.3687144, 43.6846293], [19.3685082, 43.6847908], [19.368302, 43.6849399], [19.3680442, 43.6850021], [19.3678037, 43.6851139], [19.367735, 43.6853376], [19.3675631, 43.6855239], [19.3674085, 43.6857103], [19.3673741, 43.685934], [19.3674085, 43.6861452], [19.3672195, 43.6863067], [19.3669961, 43.6861576], [19.3669446, 43.6859464], [19.3663947, 43.6857973], [19.3662744, 43.6855985], [19.366137, 43.6854121], [19.3658964, 43.6853251], [19.3657589, 43.6851263], [19.3653637, 43.684766], [19.3651747, 43.684592], [19.3649342, 43.6844802], [19.3647108, 43.6843435], [19.3645733, 43.6841447], [19.3644187, 43.6839335], [19.3642641, 43.6837471], [19.364075, 43.6835731], [19.3638689, 43.683424], [19.3636283, 43.6832873], [19.3633706, 43.6831755], [19.3631472, 43.6830264], [19.3629582, 43.6828772], [19.3628723, 43.682666], [19.3628723, 43.6824548], [19.3629925, 43.6822684], [19.3631128, 43.6822311], [19.3631128, 43.6819701], [19.362496, 43.6820281], [19.3600715, 43.6822559], [19.3597966, 43.682169], [19.3595388, 43.6822435], [19.3594185, 43.6824299], [19.3592983, 43.6826287], [19.3590577, 43.682753], [19.3583189, 43.6828524], [19.3578721, 43.6831258], [19.3572879, 43.6830512], [19.3569786, 43.6832873], [19.3567724, 43.6831382], [19.3565147, 43.6830512], [19.3561882, 43.6830512], [19.3559648, 43.683163], [19.3557586, 43.6833246], [19.3555353, 43.6834985], [19.3552775, 43.6836228], [19.355037, 43.6836974], [19.3547964, 43.6837968], [19.3546099, 43.6838434], [19.354668, 43.6839591], [19.3547792, 43.6841198], [19.3548823, 43.6843311], [19.3549167, 43.6845423], [19.3549511, 43.684766], [19.3550198, 43.6851387], [19.3548823, 43.685176], [19.3546074, 43.6850766], [19.3543497, 43.6849648], [19.3541263, 43.684853], [19.3539373, 43.684679], [19.3538342, 43.6844926], [19.3536452, 43.6843187], [19.353439, 43.6841323], [19.3531984, 43.6840204], [19.3529751, 43.6838713], [19.3527173, 43.6837968], [19.352408, 43.6837222], [19.3521503, 43.6836104], [19.3511021, 43.6831879], [19.3508364, 43.6830605], [19.3506672, 43.682939], [19.3503977, 43.6828275], [19.3502042, 43.6828344], [19.3500621, 43.6828625], [19.3499177, 43.6829306], [19.3496616, 43.6831673], [19.3494526, 43.6831879], [19.3491949, 43.6832873], [19.3490059, 43.683424], [19.3488512, 43.683598], [19.3486278, 43.6837222], [19.3483529, 43.6837719], [19.348078, 43.6837098], [19.3477687, 43.6837098], [19.3474766, 43.6837595], [19.347236, 43.6838962], [19.347236, 43.684095], [19.3472876, 43.6843311], [19.3473391, 43.6845547], [19.3471673, 43.6847163], [19.3469268, 43.6848033], [19.346669, 43.684853], [19.3460848, 43.6849524], [19.3458099, 43.6850021], [19.3455521, 43.685089], [19.34526, 43.6851636], [19.3449679, 43.6852506], [19.344693, 43.6853624], [19.3445212, 43.6855239], [19.3444353, 43.6857227], [19.3442119, 43.6858594], [19.343937, 43.6859464], [19.3435933, 43.6859837], [19.3432668, 43.686021], [19.3429576, 43.6860831], [19.3427857, 43.6862695], [19.3425795, 43.6863937], [19.3423046, 43.6864807], [19.341961, 43.6865055], [19.3414799, 43.6865552], [19.3412221, 43.6866049], [19.34093, 43.6867043], [19.3406723, 43.686841], [19.3404317, 43.686928], [19.3401912, 43.687015], [19.3399162, 43.6870771], [19.3396585, 43.6871268], [19.3393664, 43.6872014], [19.3388165, 43.6873505], [19.3384729, 43.6874623], [19.3382323, 43.6875741], [19.3379918, 43.6876984], [19.337734, 43.6877853], [19.3374247, 43.6877978], [19.3372357, 43.6879344], [19.3371155, 43.6881208], [19.3369264, 43.6882699], [19.3358955, 43.688593], [19.3356721, 43.6887296], [19.3354487, 43.6888787], [19.3352764, 43.6887118], [19.335191, 43.6885308], [19.3351738, 43.6883196], [19.3351962, 43.6882418], [19.3349517, 43.6881911], [19.3347909, 43.6881587], [19.3345782, 43.6881732], [19.3343769, 43.6882252], [19.3341721, 43.6883627], [19.3340515, 43.6885169], [19.3338334, 43.6887519], [19.3336446, 43.6890278], [19.333404, 43.6891893], [19.3331291, 43.6892887], [19.3328413, 43.6893808], [19.3325615, 43.6895061], [19.3323698, 43.6896754], [19.3322081, 43.6898618], [19.3320122, 43.6899845], [19.3317717, 43.6900963], [19.3315311, 43.6901833], [19.3312734, 43.6902454], [19.3309984, 43.69032], [19.3307235, 43.6903821], [19.3304658, 43.6904442], [19.3301908, 43.6905436], [19.3298987, 43.6906554], [19.329641, 43.6907797], [19.3294004, 43.6909164], [19.3291771, 43.691053], [19.3289709, 43.6912145], [19.3287303, 43.6913636], [19.3285241, 43.6915003], [19.3282664, 43.6915748], [19.3279743, 43.6915624], [19.327665, 43.6915624], [19.3274416, 43.6916867], [19.3272011, 43.6917861], [19.326909, 43.6917985], [19.3265653, 43.6918109], [19.3263076, 43.691873], [19.3261357, 43.6920345], [19.3258265, 43.6920221], [19.3255343, 43.6919227], [19.3252251, 43.6919227], [19.324933, 43.6919724], [19.3246237, 43.6920718], [19.3243487, 43.6922209], [19.3241425, 43.6923576], [19.3239707, 43.6925191], [19.3235927, 43.6924942], [19.3233006, 43.6925191], [19.3230257, 43.6925812], [19.3228581, 43.6927078], [19.3225252, 43.6928389], [19.3222396, 43.6928265], [19.3219528, 43.6928025], [19.3216339, 43.69278], [19.3213418, 43.6928173], [19.3211184, 43.6929415], [19.3208263, 43.6929788], [19.3205514, 43.6929042], [19.3196922, 43.6929042], [19.3194001, 43.6928794], [19.319108, 43.6928421], [19.3188331, 43.6928048], [19.3185479, 43.6927625], [19.3182333, 43.6927385], [19.3179304, 43.6927066], [19.3176142, 43.6926772], [19.3173355, 43.6926763], [19.3170633, 43.6926655], [19.3168378, 43.6925906], [19.316644, 43.6924825], [19.3164158, 43.6923897], [19.315809, 43.6923451], [19.3155169, 43.69237], [19.3149498, 43.6924942], [19.3147093, 43.6926433], [19.3148811, 43.6927551], [19.3094514, 43.6999234], [19.3090886, 43.6998031], [19.2982826, 43.6962213], [19.2930248, 43.6957492], [19.2826464, 43.7112144], [19.2824059, 43.7113386], [19.2821138, 43.7113386], [19.2818732, 43.7112268], [19.2816842, 43.7110777], [19.2815124, 43.7109163], [19.2812718, 43.7107797], [19.2809969, 43.7107797], [19.2807735, 43.7109039], [19.2806704, 43.7110902], [19.2806189, 43.7113013], [19.2806189, 43.7115124], [19.2806361, 43.7117236], [19.2805501, 43.7119347], [19.280344, 43.7120838], [19.2800518, 43.7120713], [19.2795364, 43.7118975], [19.2792958, 43.7117857], [19.2790724, 43.7116491], [19.2788319, 43.7115], [19.2786257, 43.711351], [19.2784195, 43.7112019], [19.2781446, 43.7112516], [19.2779899, 43.7114255], [19.2778525, 43.7115994], [19.2776635, 43.7117733], [19.2774401, 43.7118726], [19.2771823, 43.7119596], [19.2768902, 43.7120341], [19.2766325, 43.7121583], [19.2764263, 43.7122949], [19.2762373, 43.7124564], [19.2760655, 43.7126427], [19.2757905, 43.7127669], [19.27555, 43.7129035], [19.2753266, 43.7130649], [19.275172, 43.7132388], [19.2746221, 43.7134996], [19.2744331, 43.7136735], [19.2743128, 43.7138598], [19.274141, 43.7140585], [19.2739692, 43.7142075], [19.273763, 43.7143566], [19.2734881, 43.7144311], [19.2732131, 43.7144808], [19.2731444, 43.7146671], [19.2731101, 43.7149155], [19.273007, 43.7151017], [19.2727664, 43.7152259], [19.272543, 43.7153253], [19.2722853, 43.7154247], [19.2720447, 43.7155116], [19.2717698, 43.7155488], [19.2714433, 43.7155488], [19.2710481, 43.7155613], [19.2706701, 43.7155985], [19.2703952, 43.7156606], [19.2701203, 43.71576], [19.2698282, 43.7158221], [19.269622, 43.7159463], [19.269433, 43.7160829], [19.2693471, 43.7162816], [19.2693814, 43.7164803], [19.2694158, 43.7166914], [19.269158, 43.7167908], [19.2686769, 43.7166355], [19.2655755, 43.7152446], [19.2650629, 43.7152872], [19.2532383, 43.7162692], [19.2395008, 43.7191131], [19.2356604, 43.7196471], [19.2341833, 43.7195603], [19.228796, 43.7192435], [19.2276791, 43.7192435], [19.223667, 43.7180575], [19.2225071, 43.7139592], [19.2177733, 43.7167845], [19.2167595, 43.7167349], [19.2161152, 43.7167287], [19.2158746, 43.716797], [19.2152818, 43.717182], [19.2148265, 43.7172999], [19.2143668, 43.7175545], [19.2135979, 43.7177874], [19.213091, 43.7178867], [19.212597, 43.717955], [19.2122319, 43.7178557], [19.2120042, 43.7178495], [19.2114415, 43.7178836], [19.2111623, 43.7178371], [19.2109174, 43.7178339], [19.2108401, 43.7178308], [19.2107585, 43.7178308], [19.2106898, 43.7178371], [19.2105523, 43.7178619], [19.2104793, 43.7178774], [19.2104019, 43.7178898], [19.2103289, 43.717896], [19.2101141, 43.7178991], [19.2100411, 43.7178929], [19.2099681, 43.7178774], [19.2097017, 43.7178153], [19.2088254, 43.7175297], [19.2090875, 43.7171168], [19.2094483, 43.7167225], [19.21017, 43.7160084], [19.2108702, 43.7153191], [19.2114243, 43.7144808], [19.2121116, 43.7132481], [19.2125755, 43.7122359], [19.2129922, 43.7114907], [19.2135764, 43.7105685], [19.2142466, 43.7096867], [19.214543, 43.7092985], [19.214951, 43.708752], [19.2153634, 43.7079943], [19.2157071, 43.7072646], [19.2158231, 43.7067895], [19.2159648, 43.7064293], [19.2161195, 43.7061747], [19.2162483, 43.7058331], [19.2165233, 43.7054263], [19.2166478, 43.705212], [19.2167595, 43.7046934], [19.2167252, 43.7041903], [19.2166467, 43.7038717], [19.2166135, 43.7037369], [19.2164588, 43.703296], [19.2163042, 43.7030103], [19.2161753, 43.7026221], [19.2160679, 43.7023737], [19.2159906, 43.702119], [19.2159391, 43.7016532], [19.2159219, 43.7012029], [19.215982, 43.7008675], [19.2161023, 43.7003581], [19.2162397, 43.6999793], [19.2164202, 43.6996935], [19.2166178, 43.6994637], [19.2167209, 43.6992028], [19.2167423, 43.6989792], [19.2167295, 43.6987836], [19.2166908, 43.6986562], [19.2166049, 43.6985196], [19.216476, 43.6982805], [19.2163858, 43.6980475], [19.2162956, 43.6978394], [19.2161195, 43.6975661], [19.2159348, 43.6973115], [19.2157758, 43.6971344], [19.2155911, 43.6969947], [19.2154279, 43.6968177], [19.2153505, 43.6966686], [19.2152818, 43.6963859], [19.2152217, 43.6961747], [19.2151487, 43.696035], [19.2150413, 43.6959232], [19.2148651, 43.6957461], [19.2146031, 43.6954884], [19.2144141, 43.6952399], [19.214268, 43.6950069], [19.214079, 43.6947957], [19.213585, 43.6942771], [19.2133745, 43.6941218], [19.212975, 43.6938826], [19.2127474, 43.6936372], [19.212597, 43.6933546], [19.2125554, 43.6930786], [19.2122977, 43.6931035], [19.2114431, 43.6920596], [19.2074006, 43.687121], [19.2059573, 43.6848037], [19.205459, 43.6848161], [19.2054418, 43.6845552], [19.2052614, 43.6841265], [19.2049693, 43.6839153], [19.2051153, 43.683673], [19.2050552, 43.6835238], [19.20466, 43.6832194], [19.2046858, 43.6830206], [19.2043765, 43.6826727], [19.2041531, 43.6826416], [19.2038438, 43.6824179], [19.2037665, 43.6822315], [19.2036806, 43.6821135], [19.20344, 43.6820327], [19.2033369, 43.6818525], [19.1969622, 43.6815046], [19.1966357, 43.6814425], [19.1964123, 43.6813058], [19.1961202, 43.6812809], [19.1960859, 43.6813306], [19.1956151, 43.6813257], [19.1913434, 43.6812809], [19.1823054, 43.6772298], [19.1777711, 43.6852029], [19.1700818, 43.6883979], [19.170013, 43.6884489], [19.169352, 43.6887042], [19.1693506, 43.6886993], [19.169314, 43.6886622], [19.1689534, 43.6882828], [19.1681926, 43.6876238], [19.1674864, 43.6871688], [19.1671438, 43.6869708], [19.1668962, 43.6868109], [19.1660978, 43.6864598], [19.1656586, 43.686261], [19.1654921, 43.6861966], [19.1647651, 43.6859527], [19.1645986, 43.6858875], [19.1644612, 43.6858253], [19.1643303, 43.6857572], [19.1628063, 43.6852299], [19.1612828, 43.6848497], [19.1599928, 43.6847325], [19.1595769, 43.6845704], [19.1573989, 43.6845394], [19.1564762, 43.6843532], [19.1538784, 43.683887], [19.151551, 43.6826692], [19.1501827, 43.6811332], [19.1501418, 43.6810219], [19.1500974, 43.680914], [19.1500384, 43.680839], [19.1500157, 43.6808096], [19.1499822, 43.6807336], [19.1499817, 43.6807004], [19.1499872, 43.6806738], [19.1502584, 43.6804709], [19.1503266, 43.6804072], [19.1504709, 43.6803], [19.1505638, 43.6802236], [19.1508869, 43.6800642], [19.1509563, 43.6800057], [19.1509823, 43.6799061], [19.1510033, 43.6796686], [19.1510326, 43.6795301], [19.151062, 43.6794543], [19.1511095, 43.6793947], [19.1512171, 43.679335], [19.1514128, 43.6792592], [19.1514952, 43.6792269], [19.1515651, 43.6791713], [19.1516154, 43.6790702], [19.1516336, 43.6789772], [19.151635, 43.6788458], [19.151635, 43.6787124], [19.1516741, 43.6785921], [19.1517202, 43.6785275], [19.1517328, 43.6784698], [19.151723, 43.6784153], [19.1516811, 43.6783485], [19.151642, 43.6782485], [19.1516294, 43.6781484], [19.1516091, 43.6780137], [19.1516012, 43.6779386], [19.1516062, 43.6778979], [19.1516348, 43.677845], [19.1517129, 43.6777778], [19.151791, 43.6776863], [19.1518404, 43.677602], [19.1518562, 43.6775734], [19.1518868, 43.6775412], [19.1519264, 43.6775076], [19.151959, 43.6774483], [19.1519629, 43.6774126], [19.151958, 43.6773447], [19.1519896, 43.6772675], [19.1520766, 43.6771953], [19.1521744, 43.6771131], [19.1522387, 43.6770917], [19.1523395, 43.6770416], [19.1523997, 43.6769916], [19.1524818, 43.676873], [19.152547, 43.6767407], [19.1525895, 43.6766828], [19.1526577, 43.6766414], [19.1527466, 43.6765956], [19.1528019, 43.6765377], [19.1528672, 43.6765013], [19.1529433, 43.6764706], [19.1530253, 43.6764291], [19.1530836, 43.6763712], [19.1531577, 43.6763033], [19.1532061, 43.6762619], [19.1533099, 43.6762204], [19.1534532, 43.6761639], [19.1536024, 43.6760882], [19.1536459, 43.6760639], [19.1536914, 43.6760253], [19.1537684, 43.6759953], [19.1538455, 43.6759731], [19.1539256, 43.6759517], [19.1540185, 43.6759116], [19.15406, 43.6758923], [19.1541074, 43.6758852], [19.1541578, 43.6758709], [19.1541944, 43.6758502], [19.1542398, 43.6758259], [19.1543159, 43.6758066], [19.1544157, 43.6757823], [19.1545076, 43.6757408], [19.1546005, 43.6756801], [19.1546569, 43.6756207], [19.1546806, 43.6756014], [19.1547241, 43.6755871], [19.1547636, 43.6755771], [19.154811, 43.6755643], [19.1548505, 43.6755471], [19.1548802, 43.6755214], [19.1548901, 43.6754914], [19.1548871, 43.6754663], [19.1548693, 43.6754263], [19.1548594, 43.6753699], [19.1548594, 43.6752991], [19.1548634, 43.6752462], [19.1548911, 43.675189], [19.1550067, 43.6750404], [19.1550442, 43.6749796], [19.155067, 43.674911], [19.1550917, 43.6748474], [19.1551203, 43.6748245], [19.1551826, 43.6747952], [19.1552478, 43.674763], [19.1553041, 43.6747159], [19.1553516, 43.6746672], [19.1554593, 43.6745836], [19.1555552, 43.6745264], [19.155823, 43.6743985], [19.1558842, 43.6743792], [19.1559317, 43.6743692], [19.155992, 43.6743506], [19.1560325, 43.6743285], [19.156069, 43.6742798], [19.1561165, 43.6741698], [19.1561372, 43.6741348], [19.1561659, 43.674109], [19.1562133, 43.6740819], [19.156237, 43.6740683], [19.1562588, 43.6740475], [19.1562736, 43.6740211], [19.1562924, 43.6740011], [19.156321, 43.6739882], [19.1563546, 43.6739789], [19.1563922, 43.6739646], [19.1564357, 43.6739339], [19.1564624, 43.6739082], [19.1565048, 43.673881], [19.1565414, 43.6738195], [19.1565543, 43.6737745], [19.1565533, 43.6737502], [19.1565434, 43.6737188], [19.1565296, 43.673678], [19.1565216, 43.6736201], [19.1565325, 43.6735429], [19.156579, 43.673465], [19.1566521, 43.6733935], [19.1567173, 43.6733399], [19.1567588, 43.6733028], [19.1567914, 43.673267], [19.1568082, 43.6732277], [19.1568231, 43.6731669], [19.1568478, 43.6731183], [19.1568992, 43.6730547], [19.1570088, 43.6729261], [19.1570385, 43.6729018], [19.1570978, 43.6728381], [19.1571284, 43.6727681], [19.157164, 43.6726845], [19.1571936, 43.6726437], [19.157248, 43.6725987], [19.1572856, 43.6725458], [19.1573241, 43.672485], [19.1573488, 43.6724607], [19.1573804, 43.6724243], [19.157413, 43.67238], [19.1574417, 43.6723264], [19.1574871, 43.6722606], [19.1575781, 43.6721541], [19.1576878, 43.6720426], [19.1577401, 43.6719926], [19.1577915, 43.6719561], [19.1578469, 43.6719268], [19.157917, 43.6719075], [19.1579823, 43.6718953], [19.1580356, 43.6718918], [19.1581018, 43.6718953], [19.1581611, 43.6718946], [19.1581987, 43.6718796], [19.1582797, 43.6718067], [19.1568656, 43.6713121], [19.1552814, 43.6707495], [19.1538524, 43.6702492], [19.1537922, 43.6702327], [19.1537012, 43.6701941], [19.1526201, 43.6699983], [19.151452, 43.6697781], [19.1505498, 43.669608], [19.1503966, 43.6695837], [19.1498748, 43.6694836], [19.1485199, 43.6687773], [19.1478064, 43.6684042], [19.1471858, 43.6680782], [19.1456649, 43.6672919], [19.1439286, 43.6663898], [19.1427002, 43.6657557], [19.1426508, 43.665524], [19.1424888, 43.6648678], [19.1423623, 43.6643731], [19.1422081, 43.6637576], [19.1420609, 43.6631628], [19.1420124, 43.6629791], [19.1420016, 43.6629326], [19.1419788, 43.6628997], [19.1419235, 43.6628597], [19.1418484, 43.6628161], [19.1417772, 43.6627653], [19.1416814, 43.6626759], [19.141625, 43.662608], [19.1415924, 43.662538], [19.1415796, 43.6624636], [19.1415737, 43.6623728], [19.1415529, 43.6623106], [19.1415015, 43.6622198], [19.1414294, 43.6621369], [19.1413197, 43.6620611], [19.1411517, 43.6619303], [19.1410123, 43.6618366], [19.1408868, 43.6617694], [19.1407752, 43.6616729], [19.1407495, 43.6616279], [19.1407327, 43.6615893], [19.1407011, 43.6615435], [19.1406605, 43.6615292], [19.140623, 43.6615242], [19.1405795, 43.6615278], [19.1405459, 43.6615364], [19.1405064, 43.6615421], [19.1404836, 43.6615307], [19.1404668, 43.6615121], [19.140453, 43.6614685], [19.1404392, 43.661387], [19.1404332, 43.6612912], [19.140453, 43.6612297], [19.1404807, 43.6611682], [19.1401749, 43.657436], [19.1346458, 43.6539884], [19.1339976, 43.6536036], [19.1335819, 43.653092], [19.133321, 43.6526888], [19.133238, 43.6526459], [19.1331273, 43.6525143], [19.1329533, 43.6524228], [19.1325383, 43.6521968], [19.1321667, 43.6519308], [19.1314433, 43.6513273], [19.1310362, 43.6509469], [19.1310678, 43.650884], [19.130803, 43.6509098], [19.1306804, 43.6508611], [19.1305223, 43.650701], [19.1303049, 43.6503606], [19.1301823, 43.6500145], [19.1301626, 43.6498772], [19.1302456, 43.6496913], [19.1304037, 43.6495912], [19.1303088, 43.6495054], [19.1302614, 43.6493624], [19.13021, 43.6492051], [19.1300756, 43.649022], [19.1300045, 43.6488847], [19.1299491, 43.6487017], [19.1298384, 43.6486988], [19.1296685, 43.6486387], [19.1293957, 43.6484871], [19.1291664, 43.648121], [19.1290657, 43.6478073], [19.1282831, 43.6450808]]], [[[19.395132, 43.5539388], [19.3953934, 43.553833], [19.3956181, 43.5537365], [19.3957822, 43.5536944], [19.3959258, 43.5535984], [19.3960006, 43.5535946], [19.3961324, 43.5536062], [19.3963678, 43.5535459], [19.3965232, 43.553522], [19.3966435, 43.5534777], [19.3967373, 43.5534177], [19.3968496, 43.5532853], [19.3969432, 43.5532165], [19.3970433, 43.5531613], [19.3971431, 43.5531272], [19.3972447, 43.5531138], [19.3973722, 43.5531258], [19.3976605, 43.5531635], [19.3977518, 43.5531697], [19.3978402, 43.5531466], [19.3979195, 43.5530896], [19.3980296, 43.5529323], [19.3980986, 43.552852], [19.3982241, 43.552765], [19.3983261, 43.5527152], [19.3986299, 43.5526305], [19.398716, 43.5525955], [19.3988296, 43.5525118], [19.3988841, 43.5524257], [19.398981, 43.5523244], [19.3990904, 43.5522406], [19.3991702, 43.5521881], [19.3993082, 43.5521187], [19.3994241, 43.552054], [19.3994792, 43.5519856], [19.3995467, 43.5518434], [19.4000688, 43.5518341], [19.4001227, 43.5518054], [19.400218, 43.5517277], [19.4002845, 43.5517107], [19.4004279, 43.5517], [19.4005463, 43.5516559], [19.4006502, 43.5515928], [19.4007153, 43.5515213], [19.4007559, 43.5514414], [19.400894, 43.5513778], [19.4010363, 43.5513217], [19.4012245, 43.551265], [19.40136, 43.551216], [19.40148, 43.5511557], [19.4015512, 43.5510857], [19.4016226, 43.5509346], [19.4018319, 43.5507082], [19.4019125, 43.5506071], [19.4019663, 43.5504843], [19.4020218, 43.5504336], [19.4021099, 43.5503913], [19.4023142, 43.5503828], [19.402808, 43.5503812], [19.4028867, 43.5503714], [19.4030051, 43.5503287], [19.4030806, 43.5502659], [19.4031317, 43.550202], [19.4031561, 43.5501178], [19.4031517, 43.5500163], [19.4031783, 43.5499438], [19.4032578, 43.5498796], [19.4033399, 43.5498388], [19.4035203, 43.5497659], [19.4038147, 43.5496882], [19.4039189, 43.5496727], [19.4040173, 43.5496417], [19.4040872, 43.5495984], [19.4041932, 43.5495427], [19.4042778, 43.5495225], [19.4044964, 43.5495257], [19.4046686, 43.5495354], [19.404806, 43.5495175], [19.4050446, 43.5495086], [19.4053825, 43.5495045], [19.4054905, 43.5495341], [19.4056002, 43.5495518], [19.4057259, 43.54951], [19.4058567, 43.5494457], [19.4060314, 43.5493861], [19.4062828, 43.5493138], [19.4065789, 43.5492513], [19.4066907, 43.5492141], [19.4073641, 43.5489592], [19.4074954, 43.5488958], [19.4076555, 43.5488081], [19.4077785, 43.5487021], [19.4080466, 43.5484824], [19.408156, 43.548403], [19.4082212, 43.5483345], [19.408298, 43.5482437], [19.4083718, 43.5481103], [19.4083994, 43.5479907], [19.4084031, 43.5478891], [19.4085293, 43.5478359], [19.4088701, 43.5477787], [19.4092776, 43.5477208], [19.409362, 43.5476932], [19.4094574, 43.5476199], [19.409568, 43.5475935], [19.4098646, 43.547556], [19.409957, 43.5475209], [19.4100737, 43.547493], [19.4101404, 43.5474878], [19.410227, 43.5474734], [19.4105036, 43.5474635], [19.41066, 43.5474666], [19.4107144, 43.5474527], [19.4107977, 43.547381], [19.4112858, 43.5470466], [19.4113656, 43.547], [19.4112372, 43.5469183], [19.4115745, 43.5461422], [19.4117139, 43.5458062], [19.4117619, 43.5451463], [19.412163, 43.5437361], [19.4122873, 43.5429737], [19.4125898, 43.5425582], [19.4130086, 43.5419049], [19.4131735, 43.541142], [19.4133897, 43.5408328], [19.4136031, 43.5402946], [19.4139835, 43.5398485], [19.414064, 43.5398199], [19.4141911, 43.5399327], [19.4145712, 43.5400149], [19.4151197, 43.5400191], [19.4156605, 43.5401324], [19.4158138, 43.5401749], [19.4161651, 43.5403293], [19.4162716, 43.5404277], [19.4163559, 43.5404506], [19.4168489, 43.5404741], [19.4171535, 43.5405829], [19.4175571, 43.5405798], [19.4176428, 43.5405565], [19.4183964, 43.5406469], [19.4188216, 43.5409187], [19.4190738, 43.540849], [19.4197184, 43.5410552], [19.4201863, 43.5413042], [19.4204591, 43.541467], [19.4205798, 43.5416317], [19.4206969, 43.5418592], [19.4207676, 43.5419525], [19.4208562, 43.5419422], [19.4210736, 43.5416902], [19.421423, 43.5419702], [19.4215848, 43.5423707], [19.4215861, 43.5424262], [19.421767, 43.5429945], [19.4218724, 43.5434825], [19.4223659, 43.5437404], [19.4229342, 43.5441581], [19.4231264, 43.5444455], [19.4231963, 43.5446127], [19.4234532, 43.5450675], [19.4234273, 43.5453688], [19.4235069, 43.5455138], [19.4241451, 43.5458732], [19.4244092, 43.5462259], [19.4243602, 43.5465218], [19.4249488, 43.5473926], [19.4255892, 43.5482452], [19.4258582, 43.5488723], [19.425783, 43.5496691], [19.4259858, 43.5498635], [19.426058, 43.5498993], [19.4261285, 43.5499305], [19.4262376, 43.5499787], [19.4264785, 43.5501162], [19.4265366, 43.5501534], [19.4269499, 43.5503765], [19.4270606, 43.5504888], [19.4272023, 43.5505748], [19.4273756, 43.5506984], [19.4276795, 43.5510283], [19.4277081, 43.5510548], [19.4280125, 43.5516185], [19.4281877, 43.5518797], [19.428393, 43.5523375], [19.4286153, 43.5527618], [19.4289885, 43.5532775], [19.4289176, 43.5535068], [19.428719, 43.554026], [19.4285509, 43.5545522], [19.4285287, 43.5549555], [19.4285502, 43.5550138], [19.4285939, 43.5551322], [19.4283684, 43.5553245], [19.4282144, 43.555637], [19.4281299, 43.5558248], [19.4280667, 43.5560604], [19.4280548, 43.5561983], [19.4280514, 43.5564331], [19.4279745, 43.5565663], [19.4277984, 43.5566961], [19.4274881, 43.556797], [19.4270603, 43.5569262], [19.426753, 43.5569929], [19.4264401, 43.5570939], [19.4263019, 43.5571056], [19.425863, 43.5571427], [19.4256663, 43.5571722], [19.4254197, 43.5572092], [19.4252676, 43.5573378], [19.4252027, 43.5573876], [19.4248661, 43.5577218], [19.4244971, 43.5580231], [19.4244064, 43.5581139], [19.4242612, 43.5582055], [19.4241324, 43.5582985], [19.4239853, 43.5584224], [19.4237937, 43.5585949], [19.4237291, 43.5586567], [19.4235979, 43.5588099], [19.4234315, 43.5590293], [19.4235223, 43.5591631], [19.4235765, 43.5594073], [19.4236715, 43.5596687], [19.4236979, 43.559758], [19.423803, 43.5600091], [19.4237884, 43.5602006], [19.4237872, 43.5602733], [19.4237841, 43.5604539], [19.4241803, 43.5609703], [19.424476, 43.5613282], [19.424529, 43.5616362], [19.4243916, 43.5620622], [19.4243229, 43.5623284], [19.424354, 43.5626247], [19.4242312, 43.5628611], [19.4241601, 43.5632936], [19.424051, 43.5637323], [19.4240522, 43.5638404], [19.4240742, 43.5641221], [19.4241139, 43.5644016], [19.4242228, 43.5648708], [19.424233, 43.5650907], [19.4242902, 43.5655208], [19.4244974, 43.5660506], [19.424572, 43.566254], [19.4245912, 43.5663675], [19.4246265, 43.5666767], [19.4246054, 43.5669653], [19.42443, 43.5672939], [19.4242251, 43.567607], [19.4239441, 43.5679267], [19.4236066, 43.568272], [19.4235557, 43.5683658], [19.4232782, 43.5683738], [19.422738, 43.5682033], [19.4220174, 43.5683506], [19.4214173, 43.5683713], [19.421056, 43.5683123], [19.420669, 43.5682566], [19.4200043, 43.5680119], [19.4194238, 43.5680031], [19.4193937, 43.5679996], [19.4185944, 43.5677814], [19.4151542, 43.5669413], [19.4148752, 43.5665606], [19.4145221, 43.5664181], [19.4141282, 43.5663967], [19.4136245, 43.5661947], [19.4133535, 43.5659135], [19.4130643, 43.5657719], [19.4125575, 43.5656012], [19.4122056, 43.5654691], [19.4122283, 43.5652791], [19.4123177, 43.5652014], [19.4123734, 43.5650807], [19.4123908, 43.5649141], [19.4123589, 43.5646901], [19.4123289, 43.5645434], [19.4121696, 43.5643363], [19.411898, 43.5640997], [19.4115725, 43.5638367], [19.411376, 43.563515], [19.4110119, 43.5633056], [19.410564, 43.5630877], [19.4105355, 43.5630267], [19.4106235, 43.5629193], [19.4106351, 43.5627689], [19.410614, 43.5626797], [19.4105525, 43.5625527], [19.4105681, 43.5623087], [19.4105385, 43.5622885], [19.410377, 43.5622513], [19.4101165, 43.5620053], [19.4098574, 43.561733], [19.4098286, 43.5616406], [19.4099471, 43.5615202], [19.4100567, 43.5613784], [19.4100682, 43.5613091], [19.4100638, 43.5612487], [19.4100786, 43.5611848], [19.4100855, 43.5610983], [19.4100893, 43.5609522], [19.4100603, 43.560852], [19.4098411, 43.5602762], [19.4097975, 43.560214], [19.4097255, 43.5600571], [19.4096566, 43.5597816], [19.409668, 43.5597609], [19.4096295, 43.5597272], [19.4096031, 43.55968], [19.4095741, 43.5596658], [19.4096431, 43.5593886], [19.4095062, 43.5592961], [19.4093634, 43.5591458], [19.4093637, 43.5590648], [19.4093562, 43.5590268], [19.4092896, 43.5589434], [19.4092372, 43.5588879], [19.4091918, 43.5588689], [19.4091928, 43.5587796], [19.4091847, 43.5586926], [19.4092753, 43.5583121], [19.4092822, 43.5582206], [19.4092672, 43.5581523], [19.4092035, 43.557956], [19.4091702, 43.5578922], [19.4090703, 43.5576726], [19.4089754, 43.5575423], [19.4088461, 43.5574292], [19.4085701, 43.5572282], [19.4084078, 43.5570932], [19.4083334, 43.5570078], [19.4082522, 43.5567998], [19.4082145, 43.5567218], [19.4080796, 43.556521], [19.4079452, 43.5564111], [19.4079314, 43.5563301], [19.4081368, 43.5562786], [19.4082471, 43.5561956], [19.4082547, 43.5561368], [19.4081747, 43.5557851], [19.408186, 43.555625], [19.4081119, 43.5554834], [19.4080138, 43.5551558], [19.4077939, 43.5550716], [19.4073628, 43.5550538], [19.4073091, 43.555061], [19.4066852, 43.5548199], [19.4066695, 43.5547856], [19.406307, 43.5547698], [19.4060248, 43.554799], [19.4058152, 43.5547997], [19.4056801, 43.5547426], [19.4054692, 43.5546901], [19.4050647, 43.5546731], [19.4048627, 43.5546513], [19.4043054, 43.5546053], [19.4040844, 43.5545528], [19.4036093, 43.5543272], [19.4031334, 43.5541714], [19.4029348, 43.5540471], [19.4024451, 43.5539498], [19.4020271, 43.5539793], [19.4017341, 43.5540582], [19.4014852, 43.5542119], [19.4012109, 43.5543641], [19.4011529, 43.5543721], [19.4010477, 43.5542999], [19.4008791, 43.5542752], [19.4006388, 43.5543087], [19.4004473, 43.5543294], [19.400291, 43.5543513], [19.400119, 43.5544074], [19.4000354, 43.5544299], [19.3999623, 43.55444], [19.3998486, 43.5544322], [19.3996635, 43.5544069], [19.399339, 43.5543539], [19.3988596, 43.554369], [19.3986267, 43.5543859], [19.3982667, 43.5545142], [19.3982174, 43.5543778], [19.3981297, 43.5542892], [19.3978944, 43.5541717], [19.397712, 43.5540571], [19.3975838, 43.5540115], [19.3974572, 43.5540289], [19.3973358, 43.554067], [19.3967503, 43.5541491], [19.3965932, 43.5541929], [19.3962212, 43.554072], [19.3959168, 43.5540774], [19.3957324, 43.554058], [19.395455, 43.5540099], [19.395132, 43.5539388]]]]}}]}