{"type": "FeatureCollection", "features": [{"type": "Feature", "properties": {"name": "Општина Шипово / Opština Šipovo, Република Српска / Republika Srpska, Bosna i Hercegovina / Босна и Херцеговина", "source": "OpenStreetMap relation 2528264", "licence": "ODbL 1.0"}, "geometry": {"type": "MultiPolygon", "coordinates": [[[[16.7053789, 44.3285176], [16.7121208, 44.3253486], [16.7121283, 44.3253853], [16.7121691, 44.3255145], [16.7122018, 44.3255978], [16.7122785, 44.3256613], [16.712465, 44.325776], [16.7124855, 44.3257893], [16.7125799, 44.3258802], [16.7127837, 44.3260227], [16.7128752, 44.3261208], [16.7129617, 44.3262511], [16.7130528, 44.3263261], [16.7132194, 44.3264736], [16.7132893, 44.3265782], [16.713494, 44.3268715], [16.7133647, 44.3268712], [16.7132198, 44.3268567], [16.712953, 44.3268396], [16.7121603, 44.3269202], [16.711973, 44.3269607], [16.7112686, 44.3272691], [16.7099045, 44.3280823], [16.7095972, 44.3282897], [16.7088795, 44.3285852], [16.7085464, 44.3286662], [16.7083044, 44.3287642], [16.7078553, 44.3288781], [16.7076547, 44.3287721], [16.70741, 44.3287037], [16.7069775, 44.3286385], [16.7067005, 44.3286286], [16.7061926, 44.3286221], [16.7056783, 44.3285319], [16.7053789, 44.3285176]]], [[[16.7213134, 44.3210864], [16.722427, 44.3205717], [16.7245922, 44.3198879], [16.7245358, 44.3199392], [16.7244666, 44.3199986], [16.7242993, 44.3201175], [16.7240909, 44.3202681], [16.7238937, 44.3204047], [16.7237234, 44.320545], [16.7235957, 44.3206829], [16.7234511, 44.3208581], [16.7233936, 44.3209321], [16.7233267, 44.3210262], [16.7231839, 44.3212282], [16.7231081, 44.3213176], [16.7229591, 44.3214458], [16.7228176, 44.3215291], [16.7226751, 44.3215783], [16.7225921, 44.3215904], [16.7223445, 44.3215859], [16.72208, 44.3216139], [16.7219808, 44.3216041], [16.7218312, 44.3215503], [16.7215615, 44.3214063], [16.7214099, 44.3213061], [16.7213375, 44.3211163], [16.7213134, 44.3210864]]], [[[16.7284409, 44.3186732], [16.7324804, 44.317433], [16.7334664, 44.3164314], [16.7335682, 44.316574], [16.7336943, 44.3167132], [16.7337914, 44.3168656], [16.7338116, 44.3169568], [16.7338135, 44.3172504], [16.733801, 44.3174483], [16.7337767, 44.3175776], [16.733761, 44.3178426], [16.7337472, 44.31789], [16.7337288, 44.3179848], [16.733744, 44.3181695], [16.7337311, 44.3181721], [16.7321874, 44.3183401], [16.7310991, 44.3184555], [16.7297836, 44.3185947], [16.7284683, 44.3187352], [16.7284409, 44.3186732]]], [[[16.7380412, 44.3117536], [16.745721, 44.3039651], [16.745717, 44.3039877], [16.74568, 44.3041127], [16.7456611, 44.3041959], [16.7456608, 44.304275], [16.7456735, 44.3043253], [16.7456881, 44.304394], [16.7457027, 44.3044622], [16.745694, 44.304532], [16.7456969, 44.3046883], [16.7456962, 44.3047281], [16.7456676, 44.3048533], [16.7455983, 44.3049825], [16.7455619, 44.3050859], [16.7439919, 44.3069257], [16.7432051, 44.3078452], [16.7424175, 44.3087641], [16.7416277, 44.3096816], [16.7408319, 44.3105965], [16.7400389, 44.3115127], [16.7392537, 44.3124258], [16.7392464, 44.3124343], [16.7391983, 44.3124745], [16.7391447, 44.3125206], [16.7390403, 44.3125581], [16.7389524, 44.312568], [16.7388792, 44.3125535], [16.7387835, 44.3124883], [16.7387495, 44.3124743], [16.7386791, 44.3124814], [16.7386425, 44.312565], [16.7386372, 44.3126432], [16.7386582, 44.3127655], [16.738652, 44.3128656], [16.7386138, 44.3129219], [16.7385625, 44.3129508], [16.7382285, 44.3128998], [16.7381762, 44.3128702], [16.7382029, 44.3128073], [16.7382027, 44.3126913], [16.7382252, 44.3126263], [16.738277, 44.3125333], [16.738263, 44.3124628], [16.7382098, 44.3123864], [16.7382112, 44.3123402], [16.7382637, 44.3123053], [16.7383313, 44.3122793], [16.7383495, 44.3121859], [16.7383844, 44.3121377], [16.7384261, 44.3121351], [16.7385586, 44.3121802], [16.7386027, 44.312168], [16.7386248, 44.312129], [16.7386202, 44.3120116], [16.7386034, 44.31193], [16.7385625, 44.3118597], [16.738496, 44.3117978], [16.7384196, 44.3117074], [16.7383373, 44.3116383], [16.7382662, 44.3116312], [16.7381864, 44.3116467], [16.7381249, 44.3116862], [16.7380444, 44.3117544], [16.7380412, 44.3117536]]], [[[16.8092451, 44.2556823], [16.8171888, 44.2534656], [16.8198254, 44.2527299], [16.8271118, 44.2506791], [16.8311055, 44.2496868], [16.8344874, 44.2487257], [16.844118, 44.2446888], [16.8451247, 44.2442672], [16.8512525, 44.2417009], [16.8515301, 44.2415362], [16.8542316, 44.2399831], [16.8602851, 44.2363908], [16.8621696, 44.2352995], [16.8651435, 44.2337582], [16.8685121, 44.2320256], [16.8729036, 44.2296039], [16.8740987, 44.2290622], [16.8776341, 44.2275167], [16.8822479, 44.2254971], [16.884388, 44.224573], [16.8864553, 44.2233659], [16.8865464, 44.2241804], [16.8887004, 44.2260958], [16.8953353, 44.2336665], [16.8864363, 44.2348268], [16.8729815, 44.2383227], [16.8722152, 44.2385218], [16.8719558, 44.2385892], [16.8602739, 44.2426668], [16.8482842, 44.2490173], [16.8470335, 44.2497101], [16.8469556, 44.2497181], [16.8467611, 44.2497141], [16.8465554, 44.2496265], [16.8464776, 44.2494911], [16.8464387, 44.2493836], [16.8463608, 44.2492562], [16.8460774, 44.2491169], [16.8458439, 44.2488899], [16.845666, 44.2486351], [16.8455104, 44.2484599], [16.8452102, 44.2481094], [16.8450879, 44.2478546], [16.845049, 44.2475958], [16.8450379, 44.2473768], [16.8450045, 44.2471379], [16.8448933, 44.2468631], [16.844482, 44.2460826], [16.8443819, 44.2459273], [16.8443819, 44.245784], [16.8445042, 44.2455968], [16.844771, 44.2454256], [16.8446543, 44.2453897], [16.8443652, 44.2450353], [16.8403565, 44.2479087], [16.8404233, 44.2479017], [16.8404901, 44.2479087], [16.8405176, 44.2479538], [16.8404862, 44.2480101], [16.840437, 44.2480537], [16.8403997, 44.2481396], [16.8403938, 44.2482072], [16.84038, 44.2482635], [16.8403172, 44.2483339], [16.8401874, 44.2484141], [16.8400597, 44.2485112], [16.8400027, 44.248569], [16.8399516, 44.2486225], [16.839932, 44.2486985], [16.8399064, 44.2487576], [16.8398671, 44.2488167], [16.8397846, 44.2488702], [16.8396588, 44.2489265], [16.839476, 44.2489871], [16.8392598, 44.2491152], [16.8392244, 44.2491265], [16.8391321, 44.2491419], [16.8390181, 44.2491799], [16.8389139, 44.2492447], [16.8388707, 44.249294], [16.8388392, 44.24937], [16.8387901, 44.2494108], [16.8387292, 44.2494094], [16.8386741, 44.2493813], [16.8383597, 44.2497684], [16.8383106, 44.2497909], [16.8382418, 44.2498078], [16.8381553, 44.2498163], [16.8380256, 44.2498134], [16.8379018, 44.2498233], [16.8377897, 44.2498501], [16.8376699, 44.2499472], [16.8376173, 44.2499697], [16.8373264, 44.2499641], [16.8369805, 44.2498036], [16.8365717, 44.2496544], [16.8362455, 44.2494939], [16.8361551, 44.2495164], [16.8354987, 44.2496009], [16.8354082, 44.2496572], [16.8353139, 44.2497867], [16.8353021, 44.2499979], [16.8353768, 44.2501921], [16.8355026, 44.2503892], [16.835251, 44.2504399], [16.8349012, 44.2505244], [16.8344885, 44.2506595], [16.8352272, 44.2517344], [16.8350667, 44.2518185], [16.8349833, 44.2518439], [16.8348172, 44.2518334], [16.8347443, 44.2518528], [16.8347443, 44.2518827], [16.8347325, 44.2519912], [16.8347033, 44.2520429], [16.8345595, 44.2521868], [16.8344921, 44.2522306], [16.8343788, 44.2522704], [16.8343482, 44.2523067], [16.8343309, 44.252353], [16.8342961, 44.2523879], [16.834228, 44.2524073], [16.8341259, 44.2524147], [16.8340925, 44.2524535], [16.8340932, 44.2525168], [16.8340904, 44.2525317], [16.8340849, 44.2525476], [16.8340362, 44.2525695], [16.8339605, 44.2525655], [16.8338771, 44.2525994], [16.8338299, 44.2526019], [16.8337889, 44.2525466], [16.8337562, 44.2524754], [16.8337076, 44.252456], [16.8336589, 44.252466], [16.8336089, 44.2524988], [16.8335533, 44.2525033], [16.8335026, 44.2524859], [16.8334519, 44.2524814], [16.8334303, 44.2525123], [16.8334102, 44.2525521], [16.8334005, 44.2527238], [16.8333782, 44.2527646], [16.8333296, 44.2527721], [16.8332775, 44.2527532], [16.8331857, 44.2526581], [16.8331322, 44.2526183], [16.8330815, 44.2525974], [16.833019, 44.2526108], [16.8329696, 44.2526432], [16.8326875, 44.2529269], [16.8326243, 44.2529637], [16.8325764, 44.2529602], [16.8324784, 44.2529005], [16.8323929, 44.2528607], [16.8323276, 44.2528537], [16.8322491, 44.2528666], [16.8321866, 44.252904], [16.8321268, 44.2529522], [16.8320887, 44.2530735], [16.8318114, 44.2531611], [16.8316129, 44.2532174], [16.8308879, 44.2534359], [16.8307103, 44.2534961], [16.8309188, 44.2536524], [16.8309275, 44.2536867], [16.8308887, 44.2537172], [16.8308191, 44.2537379], [16.830774, 44.2537838], [16.8307698, 44.2538671], [16.8307669, 44.2539389], [16.8307561, 44.2540205], [16.8307384, 44.2540959], [16.8307158, 44.2541613], [16.8306725, 44.2542225], [16.8306106, 44.2542676], [16.8305232, 44.2543063], [16.8304534, 44.2543373], [16.8304092, 44.2543654], [16.830366, 44.2543929], [16.8303296, 44.2544217], [16.8302869, 44.254464], [16.8302457, 44.2545146], [16.8300629, 44.254775], [16.8297366, 44.2551621], [16.8295264, 44.255393], [16.8293652, 44.2555183], [16.8292492, 44.2556168], [16.8290581, 44.2557896], [16.8288675, 44.2560205], [16.8286218, 44.2562302], [16.8285086, 44.2562663], [16.8280086, 44.2564878], [16.8251294, 44.2578701], [16.8237833, 44.2585147], [16.8203288, 44.2600669], [16.8182549, 44.2611421], [16.8161263, 44.2616395], [16.8128051, 44.2624203], [16.811935, 44.2608162], [16.8092451, 44.2556823]]], [[[16.8869993, 44.2226862], [16.8885017, 44.2207249], [16.8900936, 44.2187418], [16.8932736, 44.2148444], [16.8938833, 44.2140756], [16.8964961, 44.2107812], [16.8979491, 44.2089491], [16.9019255, 44.2039827], [16.9058903, 44.2015216], [16.9091899, 44.1994355], [16.9097856, 44.1990589], [16.916121, 44.1950372], [16.9207572, 44.1911088], [16.9322249, 44.1827759], [16.9399194, 44.1771942], [16.9458492, 44.1728923], [16.9544493, 44.1666527], [16.9760025, 44.1539349], [16.9794582, 44.152097], [16.9826177, 44.1505886], [16.9923171, 44.1464102], [17.001042, 44.1425573], [17.0049634, 44.1403569], [17.0082809, 44.1381708], [17.0136221, 44.1344352], [17.0171729, 44.1317479], [17.0188402, 44.1304231], [17.0214347, 44.128457], [17.0235994, 44.1275389], [17.0254161, 44.1268674], [17.0302887, 44.1250679], [17.032771, 44.124154], [17.0353246, 44.1231168], [17.0375568, 44.1222806], [17.0390713, 44.121688], [17.0431165, 44.1201099], [17.0431514, 44.1116485], [17.0479975, 44.1078978], [17.0520512, 44.1047403], [17.0563666, 44.1015458], [17.0610119, 44.0981761], [17.0634698, 44.0968898], [17.0654721, 44.0955662], [17.0726986, 44.0914456], [17.0732093, 44.0920527], [17.0730341, 44.0927204], [17.0724683, 44.0948201], [17.0719815, 44.0966183], [17.0715587, 44.0975582], [17.0827479, 44.1016943], [17.083691, 44.1020765], [17.0869716, 44.1032713], [17.0872612, 44.1033294], [17.0907911, 44.10435], [17.0944288, 44.1054142], [17.0945904, 44.1054142], [17.0964968, 44.1055932], [17.1039203, 44.1063865], [17.1048971, 44.1063623], [17.1051935, 44.1064639], [17.1059817, 44.1065026], [17.1060625, 44.1067251], [17.1061703, 44.106817], [17.1075984, 44.1065026], [17.1087773, 44.1059366], [17.1096395, 44.1060672], [17.1101919, 44.1060817], [17.1105894, 44.1059608], [17.1119905, 44.1061156], [17.1123341, 44.1062946], [17.1124284, 44.1065316], [17.1126507, 44.1067589], [17.1130145, 44.1074167], [17.1139643, 44.1081423], [17.1144561, 44.1083551], [17.1150152, 44.108684], [17.116093, 44.109071], [17.1164568, 44.1090758], [17.1169418, 44.1095305], [17.1177704, 44.1097675], [17.1182891, 44.109782], [17.1186461, 44.1098545], [17.1193197, 44.1097578], [17.1196431, 44.1097578], [17.1202628, 44.1098787], [17.1207276, 44.110077], [17.1213205, 44.1100045], [17.1214552, 44.1098932], [17.1217651, 44.1099029], [17.1219065, 44.1098545], [17.1224589, 44.1100867], [17.1224252, 44.1103237], [17.1228294, 44.1107397], [17.1233212, 44.1111846], [17.1233818, 44.1113055], [17.1231123, 44.1114313], [17.1228092, 44.1118956], [17.1224656, 44.1121181], [17.1220884, 44.1123261], [17.1219941, 44.1124712], [17.1220076, 44.1126066], [17.1221625, 44.1127855], [17.1224589, 44.1129403], [17.1224926, 44.1131096], [17.1226206, 44.113245], [17.1228227, 44.1132402], [17.1231191, 44.1132499], [17.123274, 44.1133369], [17.1235637, 44.1136464], [17.1238601, 44.113777], [17.1242643, 44.1138399], [17.1246011, 44.1139366], [17.1251198, 44.1138447], [17.1255576, 44.1138447], [17.1260225, 44.1137287], [17.1264064, 44.1135836], [17.1267837, 44.1133127], [17.1271542, 44.1131386], [17.1274573, 44.113037], [17.1275853, 44.1130419], [17.1279558, 44.1131531], [17.1283735, 44.1131967], [17.1288046, 44.1132063], [17.1290943, 44.1132257], [17.1299969, 44.1127082], [17.1333045, 44.1065026], [17.1353743, 44.1058801], [17.1354819, 44.1058477], [17.1417317, 44.1039679], [17.1514995, 44.1004898], [17.1515534, 44.1003882], [17.1517151, 44.1002818], [17.1521933, 44.1001463], [17.1525773, 44.1001028], [17.1527996, 44.1001028], [17.1531028, 44.1001995], [17.1540324, 44.1004753], [17.154578, 44.1002237], [17.1552449, 44.0998851], [17.1555683, 44.0997448], [17.1557502, 44.0995755], [17.1561543, 44.0995852], [17.156572, 44.0994739], [17.1568549, 44.0991788], [17.1571005, 44.0990906], [17.1572017, 44.09899], [17.1573579, 44.0989858], [17.1574833, 44.0989775], [17.1578657, 44.0990251], [17.15809, 44.0990833], [17.1581652, 44.0991607], [17.1582686, 44.0991968], [17.1582724, 44.0991588], [17.1583062, 44.0990823], [17.1584537, 44.0988518], [17.158581, 44.0986948], [17.1592501, 44.098424], [17.1600589, 44.09855], [17.1608558, 44.0986793], [17.1613419, 44.0988318], [17.1620136, 44.0990234], [17.1626341, 44.0989015], [17.1631667, 44.0986819], [17.1633272, 44.0985579], [17.1634352, 44.098467], [17.1634558, 44.0984245], [17.1634779, 44.0983881], [17.1635424, 44.0983584], [17.1637104, 44.0983279], [17.1639387, 44.0983043], [17.1640086, 44.0982775], [17.1641569, 44.0981997], [17.1642412, 44.0981395], [17.164353, 44.0980335], [17.1644498, 44.097975], [17.1645455, 44.0979662], [17.1647979, 44.0979734], [17.1649396, 44.0979986], [17.1649792, 44.0979906], [17.1650091, 44.0979668], [17.165024, 44.0979286], [17.1650596, 44.0979141], [17.1653535, 44.097738], [17.1661441, 44.0976756], [17.1666825, 44.0975166], [17.1671218, 44.0974232], [17.1672522, 44.0974199], [17.1676618, 44.0993595], [17.1677761, 44.0995647], [17.1680286, 44.0998144], [17.1689194, 44.1008372], [17.1692052, 44.1013469], [17.1695862, 44.1021678], [17.1697386, 44.1024415], [17.1698196, 44.1025304], [17.1698625, 44.1025509], [17.1861998, 44.0986984], [17.2108803, 44.0902946], [17.2252085, 44.08356], [17.2338635, 44.0846467], [17.2339264, 44.0846489], [17.234054, 44.0846535], [17.2343017, 44.0846227], [17.2534504, 44.0823576], [17.2567228, 44.0792164], [17.2568324, 44.0789255], [17.256899, 44.0786107], [17.2569991, 44.0783609], [17.2571658, 44.0781282], [17.2573468, 44.0779708], [17.257523, 44.0778989], [17.2577993, 44.0778305], [17.2580089, 44.0778031], [17.2581947, 44.0777347], [17.2584519, 44.0776081], [17.2586329, 44.0775225], [17.2587758, 44.0775088], [17.2589282, 44.0775088], [17.2592045, 44.0774575], [17.2594951, 44.0773685], [17.2598021, 44.0773089], [17.2601355, 44.0772363], [17.2604185, 44.0771516], [17.2605835, 44.0770524], [17.260725, 44.0769628], [17.2609271, 44.0768419], [17.261173, 44.0766604], [17.2613178, 44.0765176], [17.2614357, 44.0763724], [17.2618904, 44.0760216], [17.2623282, 44.0756513], [17.2626535, 44.0753236], [17.2628318, 44.075136], [17.2629662, 44.0749339], [17.2631332, 44.0747159], [17.2632305, 44.0746208], [17.2633638, 44.0744654], [17.2634211, 44.0743949], [17.2634975, 44.0743285], [17.2635962, 44.0742172], [17.2636438, 44.0741731], [17.2637095, 44.0741205], [17.2638139, 44.0740258], [17.2638421, 44.074001], [17.2638665, 44.0739732], [17.2641714, 44.0740349], [17.2639671, 44.0746348], [17.2618075, 44.0769147], [17.2592583, 44.0808425], [17.2588179, 44.0831906], [17.2583594, 44.0851738], [17.2582772, 44.0855514], [17.2579612, 44.0871927], [17.2590133, 44.0891995], [17.2603031, 44.0909987], [17.2614044, 44.0926953], [17.2621817, 44.093774], [17.2625623, 44.0943237], [17.2641005, 44.0964819], [17.2657429, 44.0988597], [17.267265, 44.101231], [17.2676525, 44.1019644], [17.2692883, 44.1050279], [17.2708381, 44.1075077], [17.2722335, 44.1100626], [17.2750019, 44.1152394], [17.2775738, 44.1198846], [17.2808449, 44.1244739], [17.2832668, 44.1278715], [17.2855893, 44.1319715], [17.2903496, 44.1403091], [17.2914343, 44.1422088], [17.2931731, 44.1508469], [17.2957247, 44.162717], [17.2968744, 44.1678267], [17.2970543, 44.1687663], [17.2992241, 44.1801013], [17.295508, 44.1890199], [17.2929793, 44.1945908], [17.2887508, 44.2039053], [17.2775629, 44.212038], [17.2649266, 44.2202129], [17.2483596, 44.2310542], [17.2462423, 44.2405123], [17.2454234, 44.2452734], [17.239318, 44.2504365], [17.239137, 44.2505352], [17.2388739, 44.2506333], [17.2386324, 44.2507521], [17.2384918, 44.250814], [17.2383333, 44.2508966], [17.2382287, 44.2509147], [17.2379981, 44.2509354], [17.2378791, 44.2509199], [17.2377602, 44.2509276], [17.2376341, 44.2509818], [17.2374322, 44.2510154], [17.2373097, 44.2510231], [17.2370826, 44.251018], [17.2369385, 44.2510102], [17.23687, 44.2510154], [17.2368267, 44.2510593], [17.2366826, 44.2511496], [17.2365925, 44.2511909], [17.2364735, 44.2512607], [17.2364195, 44.2513226], [17.2363906, 44.2513897], [17.2363294, 44.2514439], [17.2360843, 44.2515782], [17.2358716, 44.2517382], [17.235677, 44.2518079], [17.2355112, 44.2519035], [17.235313, 44.2519267], [17.2352409, 44.2519499], [17.2351941, 44.2519964], [17.2351184, 44.2520325], [17.2350931, 44.2520738], [17.2350247, 44.2521823], [17.2349346, 44.2522391], [17.234794, 44.2522881], [17.2347003, 44.2523501], [17.2346895, 44.2523888], [17.2346967, 44.252554], [17.2346643, 44.2526289], [17.2344877, 44.252776], [17.2342318, 44.252949], [17.2339651, 44.2531297], [17.2338641, 44.2533027], [17.2338209, 44.2534188], [17.2337452, 44.2535272], [17.2337128, 44.2535995], [17.2337128, 44.2536899], [17.2337488, 44.2537622], [17.2338209, 44.2539325], [17.2338569, 44.2541261], [17.2338822, 44.2543636], [17.2338281, 44.2545263], [17.2336587, 44.2548206], [17.233601, 44.2548903], [17.2335109, 44.2549187], [17.2334749, 44.2549754], [17.2334497, 44.2550555], [17.2334208, 44.2551123], [17.2333704, 44.2552594], [17.2332839, 44.2553214], [17.2331541, 44.2554324], [17.2330893, 44.2555046], [17.2329703, 44.2555614], [17.2328406, 44.2556079], [17.2327433, 44.255644], [17.2326928, 44.2557421], [17.2326568, 44.2558764], [17.2326243, 44.2559693], [17.2325811, 44.2560596], [17.2325703, 44.2561345], [17.2325486, 44.2562145], [17.2324982, 44.2563152], [17.2324946, 44.2564649], [17.2324802, 44.2565733], [17.2324982, 44.2566972], [17.2325378, 44.2567747], [17.2325558, 44.2568521], [17.232527, 44.2569373], [17.2325234, 44.2569915], [17.2325703, 44.2570664], [17.2326495, 44.2570999], [17.2327685, 44.2571309], [17.2327649, 44.2572187], [17.232736, 44.2572496], [17.2327, 44.25734], [17.2327649, 44.2573813], [17.2327757, 44.2574484], [17.232718, 44.2575], [17.232718, 44.2575878], [17.2327757, 44.2576885], [17.2328262, 44.2578175], [17.2327721, 44.2579492], [17.232718, 44.2580344], [17.2326063, 44.2581453], [17.2325054, 44.2582099], [17.2324549, 44.258277], [17.232372, 44.2583338], [17.2322927, 44.2583235], [17.2322567, 44.2583157], [17.2320044, 44.2583622], [17.2319395, 44.2583157], [17.2318206, 44.2584112], [17.2316764, 44.2583802], [17.231471, 44.2583751], [17.2314061, 44.2583364], [17.2310421, 44.2583131], [17.2308403, 44.2582692], [17.2307141, 44.2582434], [17.2306204, 44.2582538], [17.23057, 44.2583209], [17.2304474, 44.2583493], [17.2302961, 44.2582718], [17.2300978, 44.2581918], [17.2294202, 44.2582692], [17.2291283, 44.2582847], [17.2289337, 44.2583209], [17.2287535, 44.2583415], [17.2284507, 44.258419], [17.2281444, 44.2585919], [17.2278669, 44.2588036], [17.2276758, 44.2589507], [17.2276182, 44.2590798], [17.2275353, 44.2591959], [17.2274091, 44.2592708], [17.2271749, 44.2594179], [17.2269492, 44.2596003], [17.2263509, 44.259861], [17.2261599, 44.2598971], [17.2259508, 44.2599823], [17.2256697, 44.2601526], [17.2254283, 44.2602998], [17.2253093, 44.2604082], [17.2252022, 44.2604062], [17.2251894, 44.2604373], [17.225169, 44.2604683], [17.2251461, 44.2604975], [17.2251257, 44.2605249], [17.2251028, 44.2605522], [17.2250722, 44.2605778], [17.2249779, 44.2606508], [17.2249499, 44.2606764], [17.2249087, 44.26066], [17.2248583, 44.2606832], [17.2248331, 44.2607271], [17.2248114, 44.2607762], [17.2247826, 44.26082], [17.2247502, 44.2608562], [17.2247249, 44.2609001], [17.2247249, 44.2609904], [17.2247141, 44.2610369], [17.2246853, 44.2610756], [17.2246456, 44.2611117], [17.2245952, 44.2611401], [17.2245411, 44.2611633], [17.2244943, 44.2611969], [17.2244438, 44.2612304], [17.2244078, 44.2612666], [17.2243789, 44.2613105], [17.2243573, 44.2613621], [17.2243285, 44.2614034], [17.2242744, 44.2614344], [17.224224, 44.2614602], [17.2241627, 44.2614757], [17.2240978, 44.2614757], [17.2240365, 44.2614627], [17.2239753, 44.2614602], [17.2239212, 44.261486], [17.2238996, 44.2615376], [17.2238744, 44.2615789], [17.2238203, 44.2616047], [17.2237626, 44.2616254], [17.2237086, 44.2616434], [17.2235392, 44.2617131], [17.2234455, 44.2617338], [17.223377, 44.2617363], [17.2233049, 44.2617363], [17.2232436, 44.2617338], [17.2231643, 44.2617312], [17.2230959, 44.2617363], [17.2230418, 44.2617544], [17.2229841, 44.2617751], [17.2229301, 44.2618009], [17.222876, 44.2618241], [17.2228256, 44.2618499], [17.2227679, 44.2618809], [17.2227174, 44.2619119], [17.2226706, 44.2619454], [17.2226381, 44.2619893], [17.2226129, 44.2620306], [17.2225841, 44.2620719], [17.2225516, 44.2621132], [17.2225156, 44.2621519], [17.2224327, 44.2622216], [17.2223895, 44.2622603], [17.222339, 44.2622913], [17.2222741, 44.2623197], [17.2222129, 44.2623403], [17.222166, 44.2623739], [17.2221264, 44.2624074], [17.2220362, 44.262472], [17.2219822, 44.2625029], [17.2219353, 44.2625417], [17.2218885, 44.2625778], [17.2218452, 44.2626139], [17.2218056, 44.2626501], [17.2217515, 44.2626785], [17.2216398, 44.2627301], [17.2215785, 44.2627533], [17.2215209, 44.262774], [17.2214488, 44.2627843], [17.2213875, 44.2627946], [17.2213262, 44.2627972], [17.2212578, 44.2627946], [17.2211893, 44.2627817], [17.221128, 44.2627636], [17.2210703, 44.2627481], [17.2210055, 44.2627404], [17.2209334, 44.2627275], [17.2208721, 44.2627172], [17.2208036, 44.262712], [17.2207388, 44.2627043], [17.2206775, 44.2627017], [17.2206054, 44.2627043], [17.2205441, 44.2627043], [17.2204793, 44.2627068], [17.2204288, 44.2627352], [17.220382, 44.2627688], [17.2203459, 44.2628075], [17.2203099, 44.2628436], [17.220263, 44.2628772], [17.2202126, 44.2629056], [17.2201549, 44.2629262], [17.2200179, 44.2629546], [17.2199711, 44.2630011], [17.2199314, 44.2630553], [17.2199062, 44.2630992], [17.219881, 44.263156], [17.219863, 44.2632024], [17.2198521, 44.2632463], [17.2198485, 44.2632902], [17.2198413, 44.263334], [17.2198341, 44.2633831], [17.2198305, 44.2634295], [17.2198125, 44.2634734], [17.2198053, 44.2635173], [17.2198053, 44.2635612], [17.2198197, 44.2636515], [17.2198269, 44.2637418], [17.2198269, 44.2638348], [17.2198233, 44.2638786], [17.2198053, 44.2639277], [17.2197837, 44.263969], [17.2197584, 44.2640103], [17.219726, 44.264049], [17.2196323, 44.2642116], [17.2196107, 44.2642555], [17.2195386, 44.2643355], [17.2194917, 44.2643742], [17.2194377, 44.2644078], [17.2193764, 44.2644387], [17.2193295, 44.2644723], [17.2192827, 44.2645033], [17.219243, 44.264542], [17.2191457, 44.2646065], [17.2191025, 44.26464], [17.2190556, 44.264671], [17.218879, 44.2648181], [17.2188322, 44.2648465], [17.2187781, 44.2648723], [17.2187204, 44.2648981], [17.218652, 44.264911], [17.2185907, 44.2649136], [17.2184682, 44.264924], [17.2183961, 44.2649343], [17.2183276, 44.2649446], [17.2182627, 44.2649498], [17.2182051, 44.2649627], [17.2181546, 44.2649859], [17.2180825, 44.2650169], [17.2180249, 44.2650375], [17.2178951, 44.2650685], [17.2178302, 44.2650814], [17.217769, 44.2650943], [17.2177077, 44.2651098], [17.21765, 44.2651253], [17.217596, 44.2651459], [17.2175311, 44.265164], [17.2174698, 44.2651846], [17.2174122, 44.2652053], [17.2173581, 44.2652233], [17.217304, 44.2652492], [17.21725, 44.2652698], [17.2171995, 44.2652982], [17.2171527, 44.2653292], [17.2171094, 44.2653601], [17.2170589, 44.2653911], [17.2169977, 44.2654118], [17.2169256, 44.2654324], [17.2168571, 44.2654453], [17.2167922, 44.2654608], [17.2167346, 44.2654763], [17.2166805, 44.2654944], [17.2166265, 44.265515], [17.216576, 44.265546], [17.21654, 44.2655847], [17.2165111, 44.265626], [17.2164787, 44.2656673], [17.2164498, 44.2657086], [17.2164282, 44.2657499], [17.2163958, 44.265786], [17.2067259, 44.2698586], [17.206488, 44.2699722], [17.2064376, 44.269998], [17.2063835, 44.2700238], [17.2063331, 44.2700522], [17.206279, 44.2700857], [17.2062393, 44.2701218], [17.2062213, 44.2701657], [17.2062141, 44.2702122], [17.2062033, 44.2702586], [17.2061745, 44.2702999], [17.206142, 44.2703412], [17.2060952, 44.2703748], [17.2060375, 44.2704031], [17.2059799, 44.2704289], [17.2059258, 44.2704496], [17.2058753, 44.2704728], [17.2058213, 44.270496], [17.2057636, 44.2705219], [17.2057095, 44.2705451], [17.2056555, 44.2705709], [17.2056014, 44.2705993], [17.2055401, 44.2706302], [17.2054933, 44.2706586], [17.20545, 44.2706948], [17.2054176, 44.2707412], [17.2053744, 44.2709193], [17.2053744, 44.2710174], [17.2053599, 44.2710664], [17.2053419, 44.2711103], [17.2053095, 44.2711464], [17.2052698, 44.2711825], [17.2052302, 44.2712238], [17.2051869, 44.2712574], [17.2051437, 44.2712935], [17.20505, 44.2713606], [17.2050031, 44.2713967], [17.2049599, 44.2714329], [17.2048878, 44.2715051], [17.2048482, 44.2715438], [17.2048265, 44.2715877], [17.2048157, 44.2716316], [17.2048121, 44.2716754], [17.2048121, 44.2717193], [17.2048229, 44.2717658], [17.2048662, 44.2718922], [17.2048914, 44.2719361], [17.2049022, 44.2720135], [17.204895, 44.2720832], [17.2049022, 44.2721374], [17.2049202, 44.2721813], [17.2049347, 44.2722251], [17.2049491, 44.2723154], [17.2049491, 44.2724548], [17.2049455, 44.2725064], [17.2049347, 44.2725503], [17.2049166, 44.2726045], [17.2048986, 44.2726509], [17.2048734, 44.2727], [17.2048482, 44.2727413], [17.2048193, 44.27278], [17.2047869, 44.2728264], [17.2047472, 44.2728754], [17.2047112, 44.2729219], [17.2046788, 44.2729658], [17.2044085, 44.2734329], [17.2043904, 44.2734767], [17.20434, 44.2735593], [17.2043111, 44.2736032], [17.2042787, 44.2736471], [17.2042463, 44.2736858], [17.2042138, 44.2737271], [17.204185, 44.2737683], [17.2041598, 44.2738122], [17.2041381, 44.2738535], [17.2041165, 44.2739051], [17.2040985, 44.2739541], [17.2040877, 44.2740006], [17.2040805, 44.274047], [17.2040769, 44.2740961], [17.2040625, 44.2749477], [17.2040156, 44.2751335], [17.2039435, 44.2760341], [17.2039543, 44.2762973], [17.2039327, 44.276656], [17.2038895, 44.2779823], [17.2039363, 44.2782481], [17.2039399, 44.2782945], [17.2039399, 44.2783978], [17.2039507, 44.2784519], [17.2039543, 44.2784958], [17.2039651, 44.2785448], [17.2039796, 44.2785964], [17.2040012, 44.2786971], [17.2040084, 44.2787461], [17.204012, 44.2787951], [17.2040192, 44.278839], [17.2040192, 44.2791925], [17.2040228, 44.2792364], [17.2040228, 44.2793344], [17.2040156, 44.2793809], [17.2040012, 44.2794299], [17.2039796, 44.2794789], [17.2039579, 44.2795254], [17.2039291, 44.2795667], [17.2038931, 44.2796054], [17.2038534, 44.2796415], [17.203821, 44.2796776], [17.2037345, 44.279755], [17.2036948, 44.2797912], [17.2036516, 44.2798273], [17.2035939, 44.2798608], [17.203529, 44.2798969], [17.203475, 44.2799228], [17.2034173, 44.2799434], [17.203356, 44.2799666], [17.2033056, 44.2799898], [17.2032443, 44.2800105], [17.203183, 44.280026], [17.202783, 44.2801034], [17.2027037, 44.2801163], [17.2026064, 44.2801395], [17.2024622, 44.2801834], [17.202401, 44.280204], [17.2023361, 44.2802247], [17.202282, 44.2802453], [17.2022207, 44.2802634], [17.2021523, 44.2802866], [17.2020946, 44.2803072], [17.2020405, 44.2803253], [17.2019793, 44.2803511], [17.2019216, 44.2803795], [17.2018675, 44.2804053], [17.2018135, 44.2804362], [17.201763, 44.2804672], [17.2016585, 44.280542], [17.201608, 44.2805833], [17.2015143, 44.2806504], [17.2014747, 44.2806839], [17.2014278, 44.2807175], [17.2013774, 44.2807639], [17.2013413, 44.2808026], [17.2013053, 44.2808388], [17.2012729, 44.2808749], [17.201244, 44.2809162], [17.2012116, 44.2809575], [17.2011755, 44.2810013], [17.2011359, 44.2810452], [17.2010999, 44.2810813], [17.2010602, 44.2811226], [17.2010278, 44.2811587], [17.2009809, 44.2812052], [17.2009413, 44.2812464], [17.2009052, 44.2812852], [17.2008476, 44.2813626], [17.2008187, 44.2814142], [17.2008007, 44.281458], [17.2007863, 44.2815071], [17.2007647, 44.2815974], [17.2007647, 44.281698], [17.2007755, 44.2817419], [17.2007827, 44.2817857], [17.2008043, 44.2818322], [17.2008223, 44.2818786], [17.2008404, 44.2819199], [17.2008584, 44.2819663], [17.2008764, 44.2820076], [17.2009449, 44.282196], [17.2009701, 44.2822527], [17.2009917, 44.2823224], [17.2009989, 44.2824153], [17.2009989, 44.2824617], [17.2009881, 44.2825133], [17.2009629, 44.2825572], [17.2009269, 44.2825959], [17.2008872, 44.282632], [17.2008404, 44.2826656], [17.2008043, 44.2827043], [17.2007791, 44.2827456], [17.2007575, 44.2827894], [17.2007431, 44.2828333], [17.2007178, 44.2828849], [17.2006926, 44.2829236], [17.2006566, 44.2829623], [17.2006133, 44.283001], [17.2005701, 44.2830346], [17.2005196, 44.2830629], [17.2004727, 44.2830939], [17.2004151, 44.2831171], [17.2003646, 44.2831455], [17.2003142, 44.2831765], [17.2002709, 44.2832126], [17.2002277, 44.2832513], [17.200188, 44.2832951], [17.2001556, 44.2833364], [17.199961, 44.2835609], [17.1999393, 44.2836048], [17.1999213, 44.2836538], [17.1999033, 44.2837002], [17.1998817, 44.2838009], [17.1998672, 44.2838473], [17.1998528, 44.2838912], [17.199842, 44.2839376], [17.1998276, 44.2839841], [17.1994311, 44.2837776], [17.199305, 44.2836899], [17.1992509, 44.2836615], [17.1991969, 44.2836357], [17.1991356, 44.2836125], [17.1990635, 44.2835893], [17.198995, 44.2835686], [17.1989374, 44.2835454], [17.1988797, 44.2835248], [17.198804, 44.283499], [17.1987464, 44.2834835], [17.1986923, 44.283468], [17.198631, 44.2834551], [17.1985662, 44.2834448], [17.1985049, 44.2834345], [17.1984256, 44.2834267], [17.1983571, 44.2834267], [17.1982238, 44.2834319], [17.1981733, 44.2834035], [17.1981373, 44.2833674], [17.1981012, 44.2833339], [17.1980544, 44.2832977], [17.1980003, 44.2832668], [17.197939, 44.2832384], [17.197885, 44.2832152], [17.1977588, 44.2831816], [17.1976759, 44.2831661], [17.1976003, 44.2831584], [17.197539, 44.2831507], [17.1973227, 44.2831636], [17.197229, 44.2831636], [17.1971569, 44.2831584], [17.1970416, 44.2831455], [17.1969587, 44.2831403], [17.196829, 44.283161], [17.1967533, 44.2831868], [17.1966812, 44.2832126], [17.1966416, 44.2832461], [17.1965911, 44.2832797], [17.1965334, 44.2832977], [17.1964686, 44.2833029], [17.1964037, 44.2833029], [17.1963388, 44.2832848], [17.1962379, 44.2832384], [17.1961874, 44.28321], [17.1961298, 44.2831842], [17.1960757, 44.2831584], [17.196018, 44.2831378], [17.195964, 44.2831171], [17.1959099, 44.2830939], [17.1958522, 44.2830758], [17.1957838, 44.2830604], [17.1957153, 44.2830475], [17.195654, 44.2830294], [17.1955855, 44.2830165], [17.1955243, 44.2829984], [17.1954594, 44.2829881], [17.1953837, 44.2829726], [17.1953224, 44.2829623], [17.1952612, 44.2829571], [17.1951855, 44.282952], [17.1951062, 44.2829494], [17.1950449, 44.2829494], [17.1949764, 44.2829468], [17.1948431, 44.2829468], [17.1947782, 44.2829494], [17.1947169, 44.2829468], [17.1946413, 44.2829339], [17.1945764, 44.2829313], [17.1945115, 44.2829365], [17.1944466, 44.2829391], [17.1943854, 44.2829391], [17.1943133, 44.2829339], [17.194252, 44.2829313], [17.1941943, 44.2829571], [17.1941259, 44.2829546], [17.1940574, 44.2829468], [17.1939961, 44.2829365], [17.1939349, 44.2829184], [17.1937835, 44.2829081], [17.1937186, 44.2829055], [17.1936465, 44.2828901], [17.1935816, 44.2828797], [17.193524, 44.2828668], [17.1934591, 44.2828462], [17.1933978, 44.2828307], [17.1933402, 44.2828152], [17.1932825, 44.2827972], [17.1932176, 44.2827791], [17.1931564, 44.2827636], [17.1930987, 44.2827404], [17.193041, 44.2827094], [17.1929906, 44.2826785], [17.1929365, 44.2826424], [17.1928897, 44.2826088], [17.19285, 44.2825753], [17.1928176, 44.2825366], [17.1927851, 44.2824927], [17.1927167, 44.282405], [17.1926734, 44.282356], [17.1926338, 44.2823173], [17.1925833, 44.282276], [17.1925364, 44.2822398], [17.192486, 44.282214], [17.1924283, 44.2821934], [17.1923707, 44.2821779], [17.1923058, 44.282165], [17.1922445, 44.2821573], [17.1921832, 44.2821573], [17.1920607, 44.282147], [17.1919958, 44.2821341], [17.191931, 44.2821263], [17.1918733, 44.2821057], [17.1918156, 44.2820825], [17.1917616, 44.2820592], [17.1917075, 44.2820386], [17.1916606, 44.2820102], [17.1915417, 44.2818735], [17.1915021, 44.2818322], [17.191466, 44.281796], [17.1914372, 44.2817548], [17.1913831, 44.2816722], [17.1913615, 44.2816309], [17.1913435, 44.281587], [17.1913038, 44.2814967], [17.1912822, 44.2814554], [17.191257, 44.2814116], [17.1912282, 44.2813703], [17.1911957, 44.281329], [17.1911597, 44.2812852], [17.1911308, 44.2812413], [17.191102, 44.2812026], [17.1910515, 44.28112], [17.1910191, 44.2810761], [17.1909867, 44.2810297], [17.1909506, 44.2809936], [17.190911, 44.2809575], [17.1908677, 44.2809265], [17.1908065, 44.2808981], [17.1907488, 44.2808749], [17.1906947, 44.2808465], [17.1906443, 44.280813], [17.1905578, 44.2807459], [17.1904785, 44.2806685], [17.1904352, 44.2806349], [17.190392, 44.280604], [17.1903379, 44.280573], [17.1902839, 44.2805498], [17.190219, 44.280524], [17.1901577, 44.2805059], [17.1900965, 44.2804904], [17.1900244, 44.2804775], [17.1899595, 44.2804672], [17.1898946, 44.2804595], [17.1898225, 44.2804466], [17.1897613, 44.2804362], [17.1897036, 44.2804182], [17.1896423, 44.2804027], [17.1895847, 44.2803821], [17.1893936, 44.2803046], [17.1893612, 44.2802659], [17.1893216, 44.2802298], [17.1892819, 44.2801911], [17.1892315, 44.2801498], [17.1891486, 44.2800956], [17.1890945, 44.2800673], [17.1890332, 44.2800337], [17.1889612, 44.2799924], [17.1889215, 44.2799589], [17.188817, 44.2798634], [17.1887809, 44.2798221], [17.1887161, 44.2797447], [17.1886872, 44.279706], [17.188662, 44.2796647], [17.1886043, 44.2795821], [17.1885719, 44.2795409], [17.1885359, 44.2795022], [17.1884998, 44.279466], [17.1884566, 44.2794351], [17.1884061, 44.2794015], [17.1883521, 44.2793731], [17.1882944, 44.2793448], [17.1882403, 44.2793164], [17.1881971, 44.2792854], [17.188161, 44.2792519], [17.1881106, 44.2792183], [17.1880709, 44.2791822], [17.1880205, 44.2791435], [17.1879196, 44.2790712], [17.1878727, 44.2790403], [17.1878222, 44.2790093], [17.1877682, 44.2789809], [17.1877177, 44.2789577], [17.1876565, 44.2789422], [17.1875952, 44.2789422], [17.1875267, 44.2789448], [17.1874654, 44.2789525], [17.1873934, 44.2789603], [17.1873213, 44.2789654], [17.1872564, 44.2789706], [17.1871807, 44.2789706], [17.1871194, 44.2789629], [17.1870546, 44.2789525], [17.1869933, 44.2789396], [17.1869248, 44.2789164], [17.1868672, 44.2789009], [17.1866761, 44.2788364], [17.1866149, 44.2788132], [17.18655, 44.2787926], [17.1864419, 44.2787642], [17.1863265, 44.2787384], [17.186204, 44.2787022], [17.1859914, 44.278661], [17.1858796, 44.2786403], [17.1857859, 44.2786248], [17.1856706, 44.2786094], [17.1855985, 44.2786016], [17.1855336, 44.2785887], [17.1854651, 44.2785706], [17.1853967, 44.2785552], [17.1853426, 44.2785345], [17.1852849, 44.2785165], [17.1852237, 44.2784907], [17.185166, 44.27847], [17.1851083, 44.2784519], [17.1850363, 44.278439], [17.1849678, 44.2784261], [17.1849065, 44.2784158], [17.184838, 44.2784029], [17.1847732, 44.2783874], [17.1847119, 44.278372], [17.1846506, 44.2783591], [17.1845929, 44.2783461], [17.1845317, 44.2783307], [17.1844163, 44.2782997], [17.1843623, 44.2782816], [17.1843082, 44.2782584], [17.1839875, 44.2781088], [17.1839298, 44.2780726], [17.1838865, 44.2780391], [17.1837928, 44.2779772], [17.1837496, 44.2779436], [17.1836991, 44.2779101], [17.1836018, 44.2778352], [17.183555, 44.2778043], [17.1834685, 44.2777423], [17.1833964, 44.2776701], [17.1833243, 44.2775927], [17.1832883, 44.2775565], [17.1832594, 44.2775204], [17.1827476, 44.2778301], [17.1826972, 44.2778559], [17.1826395, 44.2778817], [17.1825891, 44.2779101], [17.1825206, 44.2779359], [17.1824665, 44.2779617], [17.182398, 44.2779952], [17.1823404, 44.2780184], [17.1822863, 44.2780365], [17.1822286, 44.2780597], [17.1821674, 44.2780804], [17.1821061, 44.2780984], [17.1820448, 44.2781191], [17.1819836, 44.2781346], [17.1819223, 44.2781475], [17.181861, 44.2781655], [17.1818034, 44.2781836], [17.1817385, 44.2781913], [17.1816736, 44.2781913], [17.1815475, 44.2781758], [17.1814898, 44.2781629], [17.1814249, 44.2781449], [17.1813636, 44.278132], [17.1812483, 44.278101], [17.1811943, 44.2780855], [17.1810789, 44.2780494], [17.1810177, 44.2780288], [17.18096, 44.2780081], [17.1807906, 44.2779772], [17.1807257, 44.2779565], [17.1806644, 44.2779436], [17.180596, 44.2779359], [17.1805203, 44.2779307], [17.180459, 44.2779281], [17.1803797, 44.2779307], [17.180304, 44.277941], [17.1802428, 44.2779591], [17.1801887, 44.2779875], [17.1801418, 44.2780184], [17.1800517, 44.2780933], [17.1800193, 44.278132], [17.1799869, 44.2781733], [17.1799544, 44.2782249], [17.1799328, 44.2782687], [17.1799112, 44.2783229], [17.1798932, 44.278372], [17.1798787, 44.2784158], [17.1798535, 44.2784545], [17.1797634, 44.2785526], [17.1797238, 44.2785939], [17.1796733, 44.2786248], [17.1796301, 44.2786558], [17.1795688, 44.2786816], [17.1794967, 44.2787022], [17.1794318, 44.27871], [17.1793598, 44.27871], [17.1792841, 44.2787048], [17.179212, 44.2786945], [17.1791471, 44.2786842], [17.1790858, 44.2786764], [17.179021, 44.2786739], [17.1789561, 44.2786739], [17.178884, 44.2786764], [17.1788191, 44.2786893], [17.1787507, 44.2787074], [17.178693, 44.278728], [17.1786389, 44.2787616], [17.1785921, 44.2787951], [17.178556, 44.2788313], [17.1785344, 44.2788725], [17.1785344, 44.2789164], [17.178538, 44.278968], [17.1785452, 44.2790119], [17.1785488, 44.2790609], [17.1785488, 44.2791564], [17.178538, 44.2792028], [17.1785236, 44.2792467], [17.1785092, 44.2792957], [17.1784659, 44.2793835], [17.1784299, 44.2794712], [17.1783976, 44.2796567], [17.1784002, 44.279726], [17.1784155, 44.2798975], [17.1784155, 44.2799669], [17.1784231, 44.2800325], [17.1784308, 44.280069], [17.1784384, 44.2801311], [17.178209, 44.2802314], [17.1779899, 44.2805562], [17.177684, 44.2809065], [17.1772228, 44.2814466], [17.1769985, 44.2817567], [17.1769042, 44.2820122], [17.1768966, 44.28216], [17.1769552, 44.2824044], [17.1769858, 44.2825486], [17.1769705, 44.2827182], [17.1769424, 44.2828752], [17.1769322, 44.283116], [17.1769577, 44.2833149], [17.1770163, 44.2834718], [17.1771973, 44.2837217], [17.1774216, 44.284072], [17.1775184, 44.2841815], [17.1776101, 44.2842709], [17.1777529, 44.2843311], [17.1777962, 44.2843457], [17.1779695, 44.2843986], [17.1780179, 44.2844095], [17.1780638, 44.2844223], [17.1783518, 44.2845153], [17.17839, 44.2845318], [17.1784282, 44.2845445], [17.1784639, 44.2845609], [17.1785098, 44.284581], [17.1785811, 44.2846139], [17.1786219, 44.284643], [17.1786576, 44.2846668], [17.1786907, 44.2846923], [17.1787187, 44.2847215], [17.1790169, 44.2851156], [17.1791367, 44.2853181], [17.1792208, 44.2854531], [17.1792412, 44.2854841], [17.1793151, 44.2855826], [17.1794196, 44.2857012], [17.179496, 44.2857906], [17.1795062, 44.2859165], [17.1794476, 44.2860515], [17.1793457, 44.2862522], [17.1792947, 44.2864346], [17.1792514, 44.2866189], [17.1791571, 44.2868068], [17.1790679, 44.2869564], [17.1790195, 44.2871114], [17.1789685, 44.2873413], [17.1789532, 44.2876095], [17.1789277, 44.2883666], [17.1789558, 44.2885216], [17.1789659, 44.2885508], [17.1790908, 44.2888555], [17.1792896, 44.289317], [17.1794068, 44.2895159], [17.1795648, 44.2896801], [17.1796897, 44.2897877], [17.1797764, 44.2899282], [17.1799242, 44.2902146], [17.1800287, 44.2903769], [17.1801943, 44.2905302], [17.1802198, 44.2905557], [17.1803039, 44.2906487], [17.1804237, 44.2908348], [17.1805741, 44.2910811], [17.1806658, 44.2912179], [17.1806913, 44.2912544], [17.1808697, 44.291559], [17.1811679, 44.2920716], [17.1812061, 44.2921938], [17.1812163, 44.2923361], [17.1811933, 44.2925058], [17.1811908, 44.2931388], [17.1812035, 44.2932683], [17.1812469, 44.293354], [17.1812723, 44.2933796], [17.1813029, 44.2934033], [17.1813335, 44.293427], [17.1813692, 44.2934416], [17.1812749, 44.2935328], [17.1812571, 44.2935656], [17.1812341, 44.2936003], [17.1812112, 44.2936276], [17.1811882, 44.2936532], [17.1811653, 44.2936805], [17.1811373, 44.2937061], [17.1811118, 44.2937334], [17.1810863, 44.2937626], [17.1810685, 44.2937955], [17.1810328, 44.293852], [17.1810226, 44.2938848], [17.1810149, 44.2939195], [17.1810022, 44.2939578], [17.180992, 44.2939888], [17.1809844, 44.2940217], [17.1809716, 44.2940527], [17.1809538, 44.2940819], [17.1809283, 44.294111], [17.1808977, 44.2941366], [17.1808569, 44.2941603], [17.1808187, 44.2941822], [17.1807856, 44.2942041], [17.1807499, 44.294226], [17.1807193, 44.2942515], [17.1806811, 44.2942734], [17.1806429, 44.2942971], [17.1806072, 44.2943135], [17.180569, 44.2943281], [17.1805231, 44.2943409], [17.1804772, 44.29435], [17.180388, 44.2943536], [17.1803421, 44.2943536], [17.1802937, 44.29435], [17.1802453, 44.2943482], [17.1801994, 44.2943464], [17.1801536, 44.2943391], [17.1801128, 44.2943299], [17.1800745, 44.2943172], [17.1800338, 44.2943062], [17.179993, 44.2942935], [17.1799471, 44.2942843], [17.1799038, 44.2942789], [17.1798579, 44.2942734], [17.1798095, 44.2942734], [17.1797152, 44.2942679], [17.1796235, 44.2942679], [17.1794909, 44.2942752], [17.1794425, 44.2942843], [17.1793941, 44.2942916], [17.1793508, 44.2942989], [17.1793049, 44.2943062], [17.1792616, 44.2943135], [17.1792182, 44.2943172], [17.1791749, 44.2943208], [17.1790877, 44.2943758], [17.1790355, 44.2943922], [17.1790125, 44.2943976], [17.1789794, 44.2944004], [17.1789577, 44.2944004], [17.1789373, 44.2943922], [17.1788991, 44.2943739], [17.1788864, 44.2943612], [17.1787335, 44.2943894], [17.1787143, 44.2944423], [17.1784569, 44.2945372], [17.178392, 44.2945281], [17.178369, 44.2945281], [17.1783219, 44.2945317], [17.1783028, 44.2945418], [17.1782862, 44.2945545], [17.1782492, 44.2945791], [17.1782327, 44.2945892], [17.1780097, 44.294726], [17.1778211, 44.2948956], [17.1776503, 44.2950662], [17.1775165, 44.2951501], [17.1773267, 44.2952012], [17.1770973, 44.295213], [17.1769074, 44.295182], [17.1767762, 44.2951173], [17.1766373, 44.2950406], [17.1765005, 44.2949229], [17.1761491, 44.2946811], [17.1757931, 44.2944778], [17.1755093, 44.2943089], [17.1752328, 44.2940587], [17.1749574, 44.2938107], [17.1742569, 44.2933536], [17.1735541, 44.2929202], [17.1728807, 44.2925698], [17.172138, 44.292128], [17.1719007, 44.2919633], [17.1718625, 44.2919469], [17.1718217, 44.2919359], [17.1717784, 44.2919378], [17.1717351, 44.2919505], [17.1716943, 44.2919633], [17.1716586, 44.2919852], [17.171628, 44.2920144], [17.1716102, 44.2920417], [17.1715975, 44.2920727], [17.1715898, 44.2921074], [17.1714751, 44.2922916], [17.1713018, 44.292496], [17.1711871, 44.2926729], [17.1710623, 44.2928407], [17.1709043, 44.2929684], [17.1706927, 44.2930396], [17.1704608, 44.2930596], [17.1702828, 44.2930446], [17.1700596, 44.2929733], [17.1698481, 44.2928536], [17.1696886, 44.2927915], [17.1694465, 44.292786], [17.1692146, 44.2928353], [17.1689776, 44.2929392], [17.1687916, 44.2930304], [17.1685877, 44.2931964], [17.1682768, 44.2934445], [17.1681825, 44.2935211], [17.1681493, 44.2935412], [17.1681264, 44.2935667], [17.1681111, 44.2935977], [17.1681086, 44.2936306], [17.1681264, 44.2936598], [17.1681595, 44.293678], [17.1682003, 44.2936817], [17.1682462, 44.2936817], [17.1682895, 44.2936707], [17.1683252, 44.2936598], [17.1683634, 44.293647], [17.1687355, 44.293543], [17.1687788, 44.2935339], [17.1689368, 44.2935193], [17.1691917, 44.2935448], [17.1691407, 44.2936233], [17.1686284, 44.2940775], [17.1679531, 44.2949111], [17.1678461, 44.2951391], [17.1676167, 44.2953982], [17.1675917, 44.2954866], [17.1675737, 44.295533], [17.1675413, 44.2956388], [17.1675196, 44.2956801], [17.1674944, 44.2957265], [17.1674367, 44.2957962], [17.1673827, 44.2958452], [17.1672565, 44.2958426], [17.1671917, 44.2958349], [17.167134, 44.295822], [17.1670727, 44.2958039], [17.1670187, 44.2957807], [17.1669502, 44.2957704], [17.1668745, 44.2957704], [17.1668132, 44.2957755], [17.1667447, 44.295791], [17.1666835, 44.2958065], [17.1666222, 44.2958245], [17.1665573, 44.2958452], [17.1664961, 44.2958684], [17.1664384, 44.2958942], [17.1663771, 44.2959252], [17.1663231, 44.2959613], [17.1662762, 44.296], [17.1662474, 44.2960387], [17.1662113, 44.2960799], [17.1661717, 44.2961212], [17.1661429, 44.2961599], [17.1661068, 44.2962038], [17.1660816, 44.2962424], [17.1660455, 44.2962889], [17.1660203, 44.2963327], [17.1659627, 44.2964153], [17.165923, 44.2964669], [17.1658906, 44.2965107], [17.1658473, 44.2965623], [17.1658041, 44.2966036], [17.1656563, 44.2967919], [17.1656275, 44.2968332], [17.1655878, 44.2968796], [17.1655554, 44.2969157], [17.1654869, 44.2969802], [17.1653932, 44.2970524], [17.1653175, 44.297104], [17.1652382, 44.2971634], [17.1651806, 44.2972072], [17.1651337, 44.2972459], [17.1650832, 44.2972923], [17.16504, 44.297331], [17.1650076, 44.2973671], [17.1649679, 44.2974058], [17.1649319, 44.2974445], [17.1648994, 44.2974806], [17.1648634, 44.2975271], [17.1648382, 44.2975709], [17.1648165, 44.2976174], [17.1648021, 44.2976664], [17.1647841, 44.2977128], [17.1647445, 44.2977489], [17.1646976, 44.2977825], [17.1646399, 44.2978057], [17.1645787, 44.2978237], [17.1644705, 44.2978934], [17.1644165, 44.2979166], [17.1643624, 44.2979424], [17.1643084, 44.2979656], [17.1642471, 44.2979862], [17.1641894, 44.2979991], [17.1641281, 44.2980095], [17.1639948, 44.2980378], [17.1639371, 44.2980585], [17.1638687, 44.298092], [17.1638074, 44.2981204], [17.1637461, 44.2981462], [17.1636848, 44.2981616], [17.1635587, 44.2981771], [17.1634938, 44.2981874], [17.1634253, 44.2981952], [17.1633533, 44.2981978], [17.1632776, 44.2982029], [17.1631334, 44.2981926], [17.1630721, 44.2981849], [17.1630073, 44.2981745], [17.1629388, 44.2981591], [17.1628739, 44.2981488], [17.1627442, 44.2981333], [17.1626613, 44.2981255], [17.1625928, 44.2981178], [17.1625315, 44.2981101], [17.1624018, 44.2980894], [17.1623441, 44.2980765], [17.1622792, 44.2980585], [17.1622252, 44.2980378], [17.1621747, 44.2980095], [17.1621243, 44.2979862], [17.1620666, 44.2979656], [17.1620017, 44.2979604], [17.1619404, 44.2979733], [17.16189, 44.2980043], [17.1618395, 44.2980327], [17.1615872, 44.298172], [17.1615404, 44.2982081], [17.1614683, 44.2982468], [17.1613782, 44.2982932], [17.1613061, 44.2983345], [17.1611259, 44.2983654], [17.1610646, 44.298368], [17.1609962, 44.2983732], [17.1609313, 44.2983809], [17.1608664, 44.2983938], [17.1608087, 44.2984093], [17.1606754, 44.2984428], [17.1606105, 44.2984635], [17.1605384, 44.2984841], [17.1604736, 44.2984996], [17.1604195, 44.2985202], [17.160351, 44.2985434], [17.1602789, 44.2985666], [17.1602249, 44.2985924], [17.1601672, 44.2986156], [17.1601095, 44.2986363], [17.1600483, 44.2986595], [17.1599942, 44.2986853], [17.1599257, 44.2987111], [17.15985, 44.2987343], [17.1597347, 44.2987704], [17.1596662, 44.2987911], [17.1596086, 44.2988117], [17.1595401, 44.2988349], [17.159468, 44.2988581], [17.1593383, 44.2989045], [17.1592842, 44.2989226], [17.1592121, 44.2989432], [17.1590968, 44.2989819], [17.1589815, 44.2990232], [17.1588877, 44.2990516], [17.1588048, 44.2990774], [17.1587075, 44.2991006], [17.1585598, 44.299147], [17.1584985, 44.2991651], [17.1584336, 44.2991857], [17.1583687, 44.2992038], [17.1582967, 44.2992167], [17.1582282, 44.2992296], [17.1577005, 44.2993921], [17.1576189, 44.2994249], [17.1575374, 44.2994468], [17.1574456, 44.299465], [17.1573641, 44.2994869], [17.1572672, 44.2995052], [17.1571755, 44.2995234], [17.1570787, 44.2995453], [17.156992, 44.2995635], [17.1569054, 44.2995818], [17.1568238, 44.2996037], [17.156727, 44.2996255], [17.1566454, 44.2996547], [17.1564721, 44.2997094], [17.1563855, 44.2997386], [17.1562835, 44.2997642], [17.1561969, 44.2997897], [17.1561102, 44.2998079], [17.1560287, 44.2998298], [17.1559471, 44.2998554], [17.1558605, 44.2998772], [17.155784, 44.2999028], [17.1556974, 44.2999283], [17.1556107, 44.2999502], [17.1555139, 44.2999757], [17.1554221, 44.3000013], [17.1553304, 44.3000305], [17.1552386, 44.3000596], [17.1551673, 44.3000961], [17.1551061, 44.3001435], [17.1550704, 44.3002019], [17.155045, 44.3002603], [17.1550195, 44.3003296], [17.1549991, 44.3003952], [17.1547544, 44.3012124], [17.1547493, 44.3012744], [17.154734, 44.3013364], [17.1547085, 44.3014057], [17.1546678, 44.3014641], [17.1546321, 44.3015224], [17.1546066, 44.3015844], [17.1545913, 44.3016501], [17.154576, 44.3017121], [17.1543721, 44.3022228], [17.1542804, 44.3024708], [17.1540408, 44.3029378], [17.1539899, 44.3030253], [17.153944, 44.3031092], [17.1539134, 44.3031676], [17.1538828, 44.3032296], [17.1538675, 44.3032952], [17.1538573, 44.3033609], [17.1538523, 44.3034265], [17.1538472, 44.3034886], [17.1538472, 44.3035542], [17.1538523, 44.3036199], [17.1538523, 44.3038789], [17.1538268, 44.3039445], [17.1537911, 44.3040102], [17.1537299, 44.3040649], [17.1532406, 44.3044552], [17.1531743, 44.304499], [17.1530979, 44.3045464], [17.1530367, 44.3045901], [17.1529603, 44.3046376], [17.1528991, 44.3046813], [17.1528328, 44.3047251], [17.1527666, 44.3047725], [17.1527105, 44.3048199], [17.1526646, 44.3048783], [17.152629, 44.3049367], [17.1525933, 44.304995], [17.1525474, 44.3050534], [17.1525015, 44.3051117], [17.1524557, 44.3051628], [17.1523945, 44.3052212], [17.1523333, 44.3052722], [17.1522773, 44.3053197], [17.1522161, 44.3053744], [17.1521499, 44.3054254], [17.1520836, 44.3054802], [17.1516707, 44.3057318], [17.1516249, 44.3057829], [17.1515841, 44.3058413], [17.151528, 44.3058996], [17.1514872, 44.305958], [17.1513904, 44.306082], [17.1513547, 44.3061476], [17.1513139, 44.3062097], [17.1512834, 44.306268], [17.1512375, 44.3063227], [17.1511865, 44.3063774], [17.1511254, 44.3064322], [17.1510591, 44.3064832], [17.1509928, 44.306527], [17.1509317, 44.3065781], [17.1508552, 44.3066291], [17.150794, 44.3066802], [17.1507074, 44.3067312], [17.1506258, 44.3067641], [17.150264, 44.3068917], [17.1501773, 44.3069136], [17.1500958, 44.3069355], [17.1500193, 44.3069647], [17.1499428, 44.3070048], [17.1498817, 44.3070522], [17.1498154, 44.3070996], [17.1496727, 44.3071434], [17.1495504, 44.3071835], [17.1494535, 44.3072273], [17.1493669, 44.3072747], [17.1492802, 44.3073039], [17.1492038, 44.3073367], [17.1491324, 44.3073805], [17.1490764, 44.3074316], [17.1490254, 44.3074826], [17.1489795, 44.3075373], [17.1489387, 44.3075993], [17.1489132, 44.3076577], [17.1489132, 44.307727], [17.148898, 44.3080042], [17.1488929, 44.3080699], [17.1488878, 44.3081428], [17.1488674, 44.3082121], [17.1488572, 44.3082814], [17.148847, 44.3083507], [17.148847, 44.30842], [17.1488623, 44.3085477], [17.1488674, 44.3086097], [17.1488725, 44.3086717], [17.1488674, 44.3087337], [17.1488623, 44.3087993], [17.148847, 44.3088686], [17.1488266, 44.3089306], [17.1488011, 44.3089963], [17.1487043, 44.3093063], [17.1486278, 44.3094267], [17.1486023, 44.309485], [17.1485819, 44.3095507], [17.1485692, 44.3096756], [17.1485794, 44.3097194], [17.1484596, 44.3097723], [17.1484099, 44.3098069], [17.1483895, 44.3098443], [17.1483895, 44.3098689], [17.1483959, 44.3098871], [17.1484074, 44.3099008], [17.1482506, 44.3099145], [17.148206, 44.3099227], [17.1481831, 44.3099282], [17.1479716, 44.3100914], [17.1479537, 44.3101114], [17.1479372, 44.3101233], [17.1479219, 44.3101361], [17.1479079, 44.3101497], [17.1478951, 44.3101625], [17.1478607, 44.3101871], [17.1478238, 44.3102063], [17.1478059, 44.3102154], [17.1477894, 44.3102263], [17.1475027, 44.3103658], [17.1471872, 44.3104426], [17.1468915, 44.3105812], [17.1467131, 44.3106067], [17.1464226, 44.3107307], [17.1463564, 44.3107745], [17.1462697, 44.3108037], [17.1461882, 44.3108365], [17.1461117, 44.3108693], [17.1460301, 44.3108912], [17.1459384, 44.3109204], [17.1458467, 44.3109423], [17.14576, 44.3109641], [17.1456785, 44.3109824], [17.1455969, 44.3110079], [17.1455103, 44.3110298], [17.1454032, 44.3110517], [17.1453217, 44.3110736], [17.1452503, 44.3111064], [17.1451891, 44.3111538], [17.1451331, 44.3112085], [17.1450974, 44.3112705], [17.1450668, 44.3113289], [17.1450209, 44.3113836], [17.1449598, 44.311431], [17.1448986, 44.311482], [17.1448629, 44.3115404], [17.1448425, 44.3116024], [17.1448273, 44.3116681], [17.1448171, 44.3117301], [17.1447406, 44.3119525], [17.1446998, 44.3120145], [17.144659, 44.3120692], [17.1446183, 44.3121239], [17.1445673, 44.3121932], [17.1445316, 44.3122589], [17.1444959, 44.3123172], [17.1444603, 44.3123829], [17.1444297, 44.3124668], [17.1444144, 44.3125361], [17.1443889, 44.3126017], [17.1443328, 44.3127367], [17.1442972, 44.3128169], [17.1442717, 44.3128825], [17.1442309, 44.3129482], [17.1442054, 44.3130138], [17.144185, 44.3131707], [17.1441595, 44.3132327], [17.1441443, 44.3132983], [17.1441443, 44.313426], [17.1441493, 44.3134916], [17.1441493, 44.3135536], [17.1441239, 44.3136193], [17.1440984, 44.3136813], [17.1440525, 44.313736], [17.1440015, 44.313787], [17.143971, 44.3138454], [17.1439659, 44.3139074], [17.1439913, 44.3139657], [17.1440321, 44.3140277], [17.1440882, 44.3140788], [17.1441544, 44.3141189], [17.1442309, 44.3141444], [17.144185, 44.3143596], [17.1440219, 44.3146258], [17.1438741, 44.3148301], [17.1442819, 44.3148446], [17.1446641, 44.3148155], [17.1451331, 44.3148009], [17.1455459, 44.3148446], [17.145709, 44.3148884], [17.1457906, 44.3149139], [17.1458568, 44.3149541], [17.1459231, 44.3149905], [17.1459945, 44.3150343], [17.1460709, 44.3150744], [17.1461321, 44.3151182], [17.1461831, 44.3151692], [17.1462391, 44.3152166], [17.146285, 44.3152677], [17.146336, 44.315326], [17.1463818, 44.3153844], [17.1464175, 44.3154391], [17.1464634, 44.3154938], [17.1465755, 44.3155996], [17.1466418, 44.3156433], [17.1467131, 44.3156798], [17.1467896, 44.3157199], [17.1472687, 44.3160335], [17.147335, 44.3160773], [17.1473961, 44.3161247], [17.1474522, 44.3161685], [17.1475185, 44.3162086], [17.1475949, 44.3162305], [17.1476714, 44.3162706], [17.1477376, 44.3163034], [17.1478141, 44.3163435], [17.1478906, 44.3163691], [17.1479823, 44.3163982], [17.1480639, 44.3164165], [17.1481607, 44.316442], [17.1482371, 44.3164675], [17.1483187, 44.3164894], [17.1484155, 44.3165149], [17.148599, 44.3165587], [17.1486806, 44.3165769], [17.1487723, 44.3165952], [17.1488641, 44.3166134], [17.1489609, 44.3166243], [17.1490425, 44.3166353], [17.1491291, 44.3166499], [17.1494808, 44.3167666], [17.1495675, 44.3167994], [17.1496592, 44.3168213], [17.149751, 44.3168432], [17.1498427, 44.3168614], [17.1499294, 44.3168833], [17.1499905, 44.3169234], [17.1500517, 44.3169708], [17.1501281, 44.3170073], [17.1502148, 44.3170291], [17.1503116, 44.3170474], [17.1503983, 44.3170656], [17.1505206, 44.3171021], [17.1505971, 44.3171313], [17.1506633, 44.3171787], [17.1507245, 44.317237], [17.1507857, 44.3172844], [17.1508519, 44.3173391], [17.1509131, 44.3173792], [17.1509793, 44.3174194], [17.1510558, 44.3174558], [17.1511272, 44.3174923], [17.1512087, 44.3175178], [17.1512954, 44.3175433], [17.1513718, 44.3175652], [17.1514483, 44.3175871], [17.1515349, 44.3176126], [17.1516165, 44.3176309], [17.1516929, 44.3176527], [17.1517745, 44.3176673], [17.1518611, 44.3176783], [17.1519427, 44.3176892], [17.1520293, 44.3176929], [17.152116, 44.3176929], [17.1522893, 44.3176637], [17.1523708, 44.3176527], [17.1524677, 44.3176564], [17.1525594, 44.317671], [17.1526359, 44.3176892], [17.1527174, 44.3177111], [17.152799, 44.3177366], [17.1528856, 44.3177403], [17.1529672, 44.3177184], [17.153064, 44.3177038], [17.1531456, 44.3176965], [17.1532322, 44.3176892], [17.1533138, 44.3176929], [17.1534055, 44.3177111], [17.1534871, 44.317722], [17.1536655, 44.317722], [17.153747, 44.3177293], [17.1538337, 44.3177476], [17.1539101, 44.3177731], [17.1539713, 44.3178278], [17.1541497, 44.3180502], [17.1542057, 44.3181195], [17.1542669, 44.3181706], [17.1543383, 44.3182253], [17.1543943, 44.3182836], [17.1544402, 44.3183347], [17.154532, 44.3184477], [17.1545727, 44.3185024], [17.1547358, 44.3188781], [17.1547934, 44.3190042], [17.1549142, 44.3194324], [17.1550468, 44.3196038], [17.1551283, 44.3198845], [17.1550009, 44.3198991], [17.1550213, 44.3199757], [17.1550671, 44.3200924], [17.1550671, 44.3202054], [17.1550264, 44.3203003], [17.1549907, 44.320355], [17.1549091, 44.3203513], [17.1548735, 44.3205081], [17.1546557, 44.3210843], [17.1545837, 44.3211823], [17.1545404, 44.3212751], [17.1545188, 44.321368], [17.1544972, 44.3214556], [17.1544755, 44.3215485], [17.1544539, 44.3216361], [17.1544539, 44.3217238], [17.1544107, 44.3218269], [17.154353, 44.3220023], [17.154317, 44.32209], [17.1543055, 44.3221876], [17.1542861, 44.3222714], [17.1542677, 44.3223662], [17.1542731, 44.3224551], [17.1542737, 44.3225541], [17.1543098, 44.3226366], [17.154353, 44.3227294], [17.1544107, 44.3228068], [17.15449, 44.3228841], [17.1545909, 44.3229408], [17.154699, 44.3229924], [17.1548071, 44.3230234], [17.1549297, 44.3230491], [17.1550594, 44.3230543], [17.155182, 44.3230543], [17.1553045, 44.3230337], [17.155427, 44.3230182], [17.1555352, 44.3229873], [17.1556505, 44.3229615], [17.1557658, 44.3229305], [17.1558812, 44.3229047], [17.1559893, 44.3228841], [17.1562344, 44.3228841], [17.1563569, 44.3228738], [17.156602, 44.3228429], [17.1567173, 44.3228222], [17.1568615, 44.3228222], [17.1569912, 44.3228171], [17.1572435, 44.3228171], [17.1573588, 44.3228274], [17.1574814, 44.3228429], [17.1575751, 44.3228893], [17.1576688, 44.3229512], [17.1577337, 44.3230285], [17.1577697, 44.323111], [17.1577553, 44.323374], [17.1577409, 44.3234668], [17.1577193, 44.3235545], [17.157676, 44.3236422], [17.1576111, 44.3237247], [17.1575463, 44.3238175], [17.1574309, 44.3239722], [17.1573588, 44.3240496], [17.1573012, 44.3241269], [17.1572435, 44.3242146], [17.1571858, 44.3242971], [17.1571138, 44.3243848], [17.1570345, 44.3244621], [17.156948, 44.3245291], [17.1568326, 44.3245859], [17.1567332, 44.3246456], [17.156639, 44.3247033], [17.1565076, 44.3247962], [17.156465, 44.3248334], [17.1564001, 44.3249107], [17.1563353, 44.3249932], [17.1561046, 44.3251686], [17.1559604, 44.3252872], [17.1558667, 44.32538], [17.1556793, 44.3255141], [17.1555784, 44.3255708], [17.1553766, 44.3256946], [17.1552829, 44.3257616], [17.1552036, 44.3258338], [17.1551171, 44.3258957], [17.1550378, 44.3259679], [17.1549945, 44.3260607], [17.1549873, 44.3261483], [17.1550234, 44.326236], [17.1550882, 44.3263133], [17.1558755, 44.3270343], [17.1560285, 44.3270553], [17.1560768, 44.3271292], [17.1560821, 44.3271973], [17.1563929, 44.3274684], [17.1564578, 44.3275509], [17.1565371, 44.3276231], [17.1567101, 44.3277881], [17.1567894, 44.3278551], [17.1568687, 44.3279273], [17.1569408, 44.3280098], [17.1570201, 44.328082], [17.1570993, 44.3281697], [17.1571786, 44.3282419], [17.1572507, 44.3283141], [17.15733, 44.3283811], [17.1574021, 44.3284533], [17.1574886, 44.3285358], [17.1575535, 44.328608], [17.1576183, 44.3286853], [17.1576904, 44.3287627], [17.1577481, 44.32884], [17.1578923, 44.3290824], [17.1579427, 44.3291649], [17.1579715, 44.3292938], [17.157986, 44.329433], [17.1580148, 44.3296289], [17.158022, 44.3297166], [17.157986, 44.3298146], [17.1579499, 44.3298971], [17.1579715, 44.329995], [17.1580148, 44.3300775], [17.158058, 44.3301652], [17.1581013, 44.3302425], [17.158714, 44.331975], [17.1589951, 44.3324803], [17.1590312, 44.3325628], [17.1600403, 44.3338827], [17.1602782, 44.3343364], [17.1604224, 44.3348366], [17.1604368, 44.3354192], [17.1603719, 44.3360327], [17.1604656, 44.3363885], [17.1605482, 44.3366915], [17.1605809, 44.3367597], [17.1600844, 44.3368823], [17.160036, 44.3368943], [17.1599499, 44.3368933], [17.1599041, 44.3368952], [17.1598684, 44.3369152], [17.1598353, 44.3369371], [17.1597996, 44.336959], [17.1597537, 44.3369699], [17.1597104, 44.3369735], [17.1596645, 44.3369845], [17.1596314, 44.3370064], [17.1596059, 44.3370337], [17.1595957, 44.3370647], [17.1595728, 44.3370939], [17.1595473, 44.3371194], [17.1595116, 44.3371449], [17.1594836, 44.3371722], [17.1594555, 44.3371996], [17.1594199, 44.3372233], [17.159374, 44.3372324], [17.1593256, 44.3372342], [17.1592873, 44.337216], [17.1592618, 44.3371905], [17.1592415, 44.3371631], [17.1592211, 44.337134], [17.1592032, 44.3371066], [17.1591905, 44.3370774], [17.1591726, 44.3370446], [17.1591497, 44.3370155], [17.1591217, 44.33699], [17.1590911, 44.3369681], [17.159058, 44.336948], [17.1590197, 44.3369353], [17.1589739, 44.3369407], [17.1589331, 44.336959], [17.1589203, 44.3369808], [17.1587802, 44.3369808], [17.1587369, 44.3369717], [17.1587063, 44.3369517], [17.1586986, 44.3369207], [17.1586935, 44.3368897], [17.158668, 44.336866], [17.1586298, 44.3368496], [17.1585814, 44.3368441], [17.1585381, 44.336846], [17.1584947, 44.3368496], [17.158454, 44.336866], [17.1584183, 44.3368915], [17.1583954, 44.3369207], [17.1583622, 44.3369444], [17.1583164, 44.336948], [17.158273, 44.3369407], [17.1582501, 44.3369152], [17.1582424, 44.3368861], [17.1582424, 44.3368551], [17.1582501, 44.3368241], [17.1582195, 44.3368022], [17.1581762, 44.3367931], [17.158138, 44.3367767], [17.1581125, 44.3367512], [17.1580997, 44.3367202], [17.1580844, 44.3366928], [17.1580564, 44.336671], [17.1580156, 44.3366618], [17.1579213, 44.3366783], [17.1578729, 44.3366728], [17.1578372, 44.3366582], [17.1577149, 44.3366181], [17.1576792, 44.3365999], [17.1576435, 44.3365798], [17.1576002, 44.3365598], [17.157562, 44.3365397], [17.1575263, 44.3365197], [17.1574932, 44.3364996], [17.1574575, 44.3364796], [17.1574116, 44.3364705], [17.1573658, 44.3364741], [17.1573224, 44.336485], [17.1572842, 44.3365033], [17.1572562, 44.3365324], [17.1572307, 44.3365598], [17.157195, 44.336578], [17.1571466, 44.3365871], [17.1571033, 44.3365871], [17.1570599, 44.336578], [17.1570294, 44.3365507], [17.1570192, 44.3365197], [17.1570166, 44.3364869], [17.1570166, 44.336454], [17.1570192, 44.3364231], [17.157009, 44.3363884], [17.1569733, 44.3363666], [17.1569351, 44.336352], [17.1568968, 44.3363392], [17.1568637, 44.336321], [17.1568382, 44.3362936], [17.1568331, 44.3362627], [17.156828, 44.3362298], [17.1568153, 44.336197], [17.1567898, 44.3361697], [17.1567516, 44.3361496], [17.1567057, 44.3361405], [17.1566573, 44.3361351], [17.1566114, 44.3361332], [17.156563, 44.3361332], [17.1565197, 44.3361423], [17.1564712, 44.3361588], [17.1564279, 44.3361752], [17.156382, 44.3361897], [17.1563311, 44.3361952], [17.1562903, 44.3361861], [17.1562495, 44.3361733], [17.1562011, 44.3361715], [17.1561552, 44.3361733], [17.1561093, 44.3361733], [17.1560584, 44.3361624], [17.1560252, 44.3361387], [17.1559896, 44.3361114], [17.155959, 44.3360895], [17.1559106, 44.336084], [17.1558672, 44.3360968], [17.1558214, 44.3361132], [17.1557755, 44.3361223], [17.1557296, 44.3361241], [17.1556837, 44.3361186], [17.1556455, 44.3361022], [17.1556047, 44.3360877], [17.1555614, 44.3360785], [17.155513, 44.3360767], [17.1554722, 44.3360858], [17.1554518, 44.3361132], [17.1554365, 44.3361442], [17.1554263, 44.3361752], [17.1554034, 44.3362061], [17.1553703, 44.3362317], [17.155327, 44.3362462], [17.1552785, 44.3362481], [17.1552352, 44.3362444], [17.1551944, 44.3362298], [17.1551486, 44.3362207], [17.1550976, 44.336228], [17.1550109, 44.3362535], [17.1549676, 44.3362554], [17.1549243, 44.3362481], [17.154881, 44.3362317], [17.1548504, 44.3362116], [17.1548071, 44.3361788], [17.1547739, 44.3361569], [17.1547332, 44.3361478], [17.1546898, 44.3361387], [17.1546465, 44.3361259], [17.1546083, 44.3361095], [17.1545726, 44.3360895], [17.1545344, 44.3360713], [17.154491, 44.3360621], [17.1544452, 44.3360585], [17.1543942, 44.3360585], [17.1543509, 44.3360567], [17.1542974, 44.336053], [17.1542438, 44.3360457], [17.1541903, 44.3360312], [17.1541444, 44.3360202], [17.1541037, 44.3360038], [17.1540603, 44.3359947], [17.1540119, 44.3359892], [17.153961, 44.3359856], [17.1539176, 44.3359838], [17.1538692, 44.3359819], [17.1538233, 44.3359783], [17.15378, 44.3359655], [17.1537392, 44.3359509], [17.1536959, 44.3359364], [17.1536475, 44.3359218], [17.1536067, 44.335909], [17.1535659, 44.3358963], [17.153515, 44.3358853], [17.1534716, 44.3358726], [17.1534283, 44.3358653], [17.1533824, 44.3358653], [17.1533366, 44.3358598], [17.1532907, 44.335847], [17.1532499, 44.3358288], [17.1532117, 44.3358124], [17.1531658, 44.3357942], [17.153125, 44.3357832], [17.1530664, 44.3357723], [17.1530078, 44.335765], [17.1529619, 44.3357614], [17.1529084, 44.3357577], [17.1528651, 44.3357559], [17.152702, 44.3357559], [17.152651, 44.3357596], [17.1526001, 44.3357596], [17.1525542, 44.3357614], [17.1525058, 44.3357614], [17.1524064, 44.3357486], [17.1523656, 44.335734], [17.1523223, 44.3357194], [17.152284, 44.3357049], [17.1522433, 44.3356921], [17.1521923, 44.335683], [17.1521464, 44.3356775], [17.1521005, 44.3356757], [17.1520496, 44.3356757], [17.1520063, 44.3356812], [17.1519247, 44.3357103], [17.1518839, 44.3357249], [17.1518457, 44.3357413], [17.1517998, 44.3357559], [17.1517438, 44.335765], [17.1516979, 44.3357668], [17.1516495, 44.3357668], [17.1515985, 44.3357614], [17.1515552, 44.3357523], [17.1515118, 44.3357359], [17.1514685, 44.3357158], [17.1514303, 44.3356958], [17.1514023, 44.3356721], [17.151364, 44.3356538], [17.1512774, 44.3356155], [17.1512443, 44.3355937], [17.151206, 44.3355736], [17.1511627, 44.335559], [17.1511168, 44.3355517], [17.1510735, 44.3355517], [17.1510276, 44.3355682], [17.1509818, 44.3355809], [17.1509359, 44.3355937], [17.1508926, 44.3355937], [17.1508467, 44.3355882], [17.1508034, 44.3355736], [17.1507651, 44.3355554], [17.1507218, 44.3355426], [17.1506759, 44.335539], [17.1506326, 44.3355426], [17.1505867, 44.3355517], [17.1505409, 44.3355627], [17.1504975, 44.3355736], [17.1504542, 44.3355791], [17.1504134, 44.33557], [17.1503446, 44.3355226], [17.1502631, 44.3355025], [17.1502223, 44.3354879], [17.1501815, 44.3354752], [17.1501382, 44.3354715], [17.1501, 44.3354898], [17.1500617, 44.3355044], [17.150021, 44.3355135], [17.1499751, 44.3355171], [17.1499267, 44.3355171], [17.149891, 44.3355025], [17.1498655, 44.335477], [17.1498502, 44.3354478], [17.14984, 44.3353913], [17.1498247, 44.3353603], [17.1498018, 44.335333], [17.1497814, 44.3353057], [17.1497789, 44.3352765], [17.1497789, 44.3352437], [17.1497942, 44.3352127], [17.1498094, 44.3351872], [17.149812, 44.3351562], [17.1497891, 44.3351307], [17.1497559, 44.335107], [17.1497151, 44.3350869], [17.1496769, 44.3350705], [17.1496387, 44.3350523], [17.1496056, 44.3350304], [17.149575, 44.3350067], [17.149552, 44.3349794], [17.1495418, 44.3349484], [17.1495393, 44.3349174], [17.1495342, 44.3348882], [17.1495164, 44.3348554], [17.1494909, 44.3348299], [17.1494603, 44.3348062], [17.1494221, 44.3347898], [17.1493762, 44.334777], [17.1493252, 44.3347643], [17.1492845, 44.3347533], [17.1492462, 44.3347424], [17.1491953, 44.3347296], [17.1491519, 44.3347169], [17.1491112, 44.3347059], [17.1490755, 44.3346895], [17.1490372, 44.3346695], [17.1489965, 44.3346458], [17.1489582, 44.3346184], [17.1489277, 44.3345947], [17.1488996, 44.3345692], [17.1488767, 44.3345419], [17.1488512, 44.3345164], [17.1488232, 44.3344927], [17.14879, 44.334469], [17.1487544, 44.3344526], [17.1487136, 44.3344325], [17.1486728, 44.3344198], [17.1486346, 44.3344052], [17.1485938, 44.3343942], [17.1485403, 44.3343869], [17.1484944, 44.3343833], [17.1484434, 44.3343833], [17.1484001, 44.3343906], [17.1483568, 44.3343997], [17.1483058, 44.3344088], [17.1482625, 44.3344106], [17.1482192, 44.3344033], [17.14813, 44.3343651], [17.1480968, 44.334345], [17.1480612, 44.3343231], [17.1480178, 44.3343067], [17.147972, 44.3342976], [17.1479261, 44.3342976], [17.1478802, 44.3343013], [17.1478394, 44.3343177], [17.1478038, 44.3343359], [17.147763, 44.3343487], [17.1477197, 44.3343614], [17.1476712, 44.3343669], [17.147554, 44.3343742], [17.1474011, 44.3343742], [17.1472966, 44.3343778], [17.1472507, 44.3343778], [17.1472049, 44.3343815], [17.147159, 44.3343815], [17.1471004, 44.3343742], [17.1470545, 44.3343651], [17.1470112, 44.334356], [17.1469653, 44.3343487], [17.1469169, 44.3343468], [17.146871, 44.3343523], [17.1468353, 44.3343742], [17.1468099, 44.3343997], [17.1467716, 44.3344198], [17.1467308, 44.3344325], [17.1466824, 44.3344416], [17.1466391, 44.3344453], [17.1465958, 44.334458], [17.1465448, 44.3344781], [17.1464658, 44.3345127], [17.1464225, 44.3345237], [17.1463792, 44.3345237], [17.1463307, 44.3345218], [17.1462849, 44.33452], [17.1462415, 44.3345309], [17.1461931, 44.3345474], [17.1461421, 44.3345546], [17.1460963, 44.3345565], [17.1460504, 44.3345565], [17.1459587, 44.3345455], [17.1459128, 44.3345346], [17.1458669, 44.3345218], [17.1458236, 44.3345036], [17.1457828, 44.3344872], [17.1457369, 44.3344836], [17.1456834, 44.3344836], [17.1456375, 44.3344927], [17.1455968, 44.3345073], [17.1455509, 44.3345036], [17.1455101, 44.3344854], [17.1454642, 44.3344836], [17.145426, 44.3344963], [17.1453852, 44.3345182], [17.1453521, 44.3345401], [17.1453062, 44.3345583], [17.1452553, 44.3345656], [17.1452068, 44.3345638], [17.1451125, 44.334551], [17.1450718, 44.3345364], [17.145031, 44.3345237], [17.1449596, 44.3344854], [17.1449265, 44.3344617], [17.1448679, 44.3344125], [17.1448297, 44.3343924], [17.1447736, 44.3343796], [17.1447226, 44.334376], [17.1446793, 44.334376], [17.1446334, 44.3343724], [17.1443072, 44.3343724], [17.1442639, 44.3343651], [17.1442053, 44.3343614], [17.1441518, 44.3343596], [17.1441033, 44.3343705], [17.1440575, 44.3343796], [17.144009, 44.3343815], [17.1439555, 44.3343778], [17.1439097, 44.334376], [17.1438638, 44.3343796], [17.1438154, 44.3343888], [17.1437746, 44.3344015], [17.1437313, 44.3344125], [17.1436905, 44.3344325], [17.1436497, 44.3344471], [17.1435987, 44.3344526], [17.1435478, 44.3344526], [17.1435044, 44.3344507], [17.1434637, 44.3344416], [17.1434203, 44.3344289], [17.1433745, 44.3344088], [17.1432929, 44.3343742], [17.1432547, 44.3343578], [17.143219, 44.3343395], [17.143168, 44.3343195], [17.143112, 44.3343013], [17.1430661, 44.3342958], [17.1430228, 44.3342922], [17.1429769, 44.3342903], [17.1428852, 44.3342903], [17.1428367, 44.3343031], [17.142796, 44.3343213], [17.1427552, 44.3343359], [17.1427042, 44.334345], [17.1426609, 44.3343487], [17.1426176, 44.3343468], [17.1425768, 44.3343323], [17.1425335, 44.334314], [17.1424876, 44.3343086], [17.1424366, 44.3343122], [17.1423933, 44.3343231], [17.1423347, 44.3343341], [17.1422837, 44.3343323], [17.1422404, 44.3343268], [17.1421945, 44.3343177], [17.1421486, 44.334314], [17.1420951, 44.3343122], [17.1419014, 44.3343122], [17.1418479, 44.3343195], [17.1417995, 44.3343323], [17.1417587, 44.3343432], [17.1417128, 44.3343487], [17.141667, 44.3343487], [17.1416211, 44.3343541], [17.1415803, 44.3343669], [17.1415421, 44.3343815], [17.1415064, 44.3344033], [17.1414376, 44.3344489], [17.1413917, 44.3344562], [17.1413433, 44.3344617], [17.1412974, 44.334469], [17.1412541, 44.3344799], [17.1411751, 44.3345164], [17.1411394, 44.3345382], [17.1411038, 44.3345583], [17.141063, 44.3345747], [17.1410222, 44.3345947], [17.1409789, 44.3346093], [17.1409356, 44.3346294], [17.1408489, 44.3346585], [17.1408056, 44.3346695], [17.1407673, 44.3346822], [17.1407164, 44.334695], [17.1406705, 44.3347059], [17.1406221, 44.3347132], [17.1405711, 44.3347169], [17.1405252, 44.3347205], [17.1404794, 44.3347223], [17.1404335, 44.334726], [17.1403851, 44.334726], [17.140329, 44.3347278], [17.1402296, 44.3347278], [17.1401837, 44.3347242], [17.1401379, 44.3347169], [17.1400869, 44.3347041], [17.1400461, 44.3346914], [17.1400079, 44.3346804], [17.1399671, 44.3346731], [17.1399238, 44.3346731], [17.1398881, 44.3346895], [17.1398601, 44.3347187], [17.1398397, 44.3347497], [17.1398091, 44.3347752], [17.1397709, 44.3347916], [17.1396919, 44.3348317], [17.1396562, 44.3348481], [17.1396307, 44.3348736], [17.1395899, 44.3348919], [17.1395441, 44.3349028], [17.1394956, 44.3349028], [17.1394498, 44.334901], [17.1394064, 44.3348992], [17.1393631, 44.3348992], [17.1393173, 44.3349101], [17.1392663, 44.334921], [17.1392204, 44.3349283], [17.1391745, 44.3349283], [17.1391236, 44.334921], [17.1390802, 44.3349119], [17.1390369, 44.334901], [17.1389936, 44.3348919], [17.1389528, 44.3348846], [17.1389069, 44.3348828], [17.1388152, 44.3348828], [17.1387744, 44.3348736], [17.1387362, 44.3348591], [17.138698, 44.3348408], [17.1386572, 44.3348208], [17.1386266, 44.3347971], [17.138596, 44.3347752], [17.1385527, 44.3347661], [17.1385068, 44.3347661], [17.1384533, 44.3347734], [17.13841, 44.3347843], [17.1383692, 44.3347934], [17.1383208, 44.3347934], [17.1382775, 44.334788], [17.1382316, 44.3347789], [17.1381781, 44.3347661], [17.1381398, 44.3347515], [17.1381093, 44.3347296], [17.1380965, 44.3346987], [17.1380889, 44.3346658], [17.138071, 44.3346349], [17.1380532, 44.3346057], [17.1380328, 44.3345783], [17.1379895, 44.3345619], [17.1379436, 44.3345546], [17.1378977, 44.334551], [17.1376582, 44.3345364], [17.1376098, 44.3345346], [17.1375639, 44.3345346], [17.1375206, 44.3345364], [17.1374747, 44.3345401], [17.1374314, 44.3345419], [17.1373829, 44.3345492], [17.1373371, 44.3345565], [17.1372912, 44.3345656], [17.1372453, 44.3345729], [17.137202, 44.3345838], [17.137151, 44.3345966], [17.1371001, 44.3346075], [17.1370491, 44.3346166], [17.1370007, 44.3346257], [17.1369446, 44.3346385], [17.1368936, 44.3346458], [17.1368477, 44.3346531], [17.1367917, 44.3346567], [17.1367458, 44.3346567], [17.1366923, 44.3346513], [17.136649, 44.3346403], [17.1366056, 44.3346294], [17.1365623, 44.3346148], [17.1365241, 44.334602], [17.1364833, 44.3345856], [17.1364425, 44.3345711], [17.1363992, 44.3345601], [17.1363457, 44.3345455], [17.1362998, 44.3345382], [17.1362463, 44.3345309], [17.1361826, 44.3345255], [17.1361316, 44.3345237], [17.1360832, 44.3345218], [17.1360399, 44.3345145], [17.1359965, 44.3344981], [17.1359583, 44.3344763], [17.1359099, 44.3344708], [17.1358691, 44.3344799], [17.1358309, 44.3345], [17.1357901, 44.3345127], [17.1357417, 44.3345145], [17.1356958, 44.3345145], [17.1356525, 44.3345091], [17.1356041, 44.3345], [17.1354665, 44.334489], [17.1354155, 44.3344781], [17.1353722, 44.334469], [17.1353212, 44.3344635], [17.1352677, 44.3344635], [17.1352142, 44.3344617], [17.1351708, 44.3344635], [17.135125, 44.3344708], [17.1350816, 44.3344817], [17.135046, 44.3345], [17.1350077, 44.3345164], [17.1349644, 44.3345309], [17.1349236, 44.3345437], [17.1348829, 44.3345546], [17.1348344, 44.3345638], [17.1347962, 44.3345765], [17.1347707, 44.3346039], [17.134758, 44.3346349], [17.1347274, 44.3346585], [17.1346764, 44.334675], [17.1346255, 44.3346822], [17.1345745, 44.3346859], [17.1344853, 44.3346859], [17.1344394, 44.3346877], [17.1343961, 44.3346932], [17.1343502, 44.3347059], [17.1343069, 44.3347205], [17.1342202, 44.334746], [17.1341693, 44.3347515], [17.1341259, 44.3347515], [17.1340775, 44.3347424], [17.1340367, 44.3347315], [17.1339909, 44.3347242], [17.133945, 44.3347278], [17.1339068, 44.3347424], [17.1338685, 44.3347606], [17.1338201, 44.3347643], [17.1337233, 44.3347643], [17.1336698, 44.3347679], [17.1336264, 44.3347807], [17.1335831, 44.3347989], [17.1335296, 44.3348098], [17.1334379, 44.3348098], [17.1333945, 44.3348135], [17.133369, 44.334839], [17.1333104, 44.3348773], [17.1332747, 44.3348973], [17.1332314, 44.3349083], [17.1331906, 44.3349192], [17.1331448, 44.3349265], [17.1331014, 44.3349393], [17.1330607, 44.3349484], [17.1330148, 44.3349593], [17.1329791, 44.3349794], [17.1329383, 44.3350012], [17.132895, 44.3350067], [17.1328517, 44.3350085], [17.1328033, 44.3350104], [17.1327523, 44.3350104], [17.1326529, 44.3350158], [17.1326121, 44.3350249], [17.1326096, 44.3350851], [17.1324873, 44.3350815], [17.1323955, 44.3351161], [17.1323522, 44.3351252], [17.1323038, 44.3351252], [17.1322553, 44.3351216], [17.1322069, 44.3351197], [17.1321585, 44.3351197], [17.1321177, 44.3351307], [17.1320744, 44.3351471], [17.1320362, 44.3351653], [17.1320107, 44.3351908], [17.1319801, 44.3352145], [17.1319419, 44.3352346], [17.1319037, 44.3352528], [17.1318196, 44.3352801], [17.1317864, 44.335302], [17.1317609, 44.3353275], [17.1317405, 44.3353549], [17.1317253, 44.335384], [17.1317049, 44.335446], [17.1317049, 44.3354788], [17.1316972, 44.3355098], [17.1316819, 44.3355408], [17.1316615, 44.3355682], [17.131631, 44.3355973], [17.1315978, 44.3356247], [17.1315647, 44.3356465], [17.1315367, 44.3356721], [17.1315137, 44.3356976], [17.1314857, 44.3357322], [17.1314679, 44.3357614], [17.1314628, 44.3357942], [17.1314577, 44.3358288], [17.1314347, 44.3358543], [17.1314016, 44.3358744], [17.1313608, 44.3358871], [17.1312793, 44.3359181], [17.131241, 44.33594], [17.1312054, 44.3359637], [17.1311799, 44.3359911], [17.1311569, 44.3360184], [17.131134, 44.3360494], [17.131106, 44.3360785], [17.1310474, 44.3360767], [17.1310015, 44.3360694], [17.1309556, 44.3360658], [17.1309072, 44.336064], [17.130846, 44.3360621], [17.1307951, 44.3360603], [17.1305759, 44.3360603], [17.1305198, 44.336064], [17.1304765, 44.3360694], [17.1304179, 44.3360749], [17.1303669, 44.3360804], [17.130321, 44.336084], [17.1302726, 44.3360931], [17.1302114, 44.3361022], [17.130163, 44.336115], [17.1301222, 44.3361351], [17.1300968, 44.3361624], [17.1300815, 44.3361934], [17.1300764, 44.336228], [17.1300458, 44.3362517], [17.1299948, 44.3362499], [17.129954, 44.3362426], [17.1299082, 44.3362371], [17.1298164, 44.3362371], [17.1297731, 44.3362408], [17.1297272, 44.3362481], [17.1296839, 44.3362572], [17.1296329, 44.3362681], [17.1295871, 44.3362772], [17.1295437, 44.3362955], [17.129503, 44.3363119], [17.1294596, 44.3363319], [17.1294163, 44.3363465], [17.129373, 44.3363483], [17.1293297, 44.3363483], [17.1292736, 44.3363429], [17.1292303, 44.3363429], [17.1291818, 44.336341], [17.1291334, 44.3363483], [17.1290646, 44.3363775], [17.1290238, 44.3364012], [17.1289856, 44.3364176], [17.1289474, 44.3364304], [17.1288556, 44.3364504], [17.1288123, 44.3364559], [17.1287664, 44.3364613], [17.1287231, 44.3364613], [17.1286798, 44.3364632], [17.1286314, 44.3364632], [17.1285855, 44.3364613], [17.1285396, 44.3364504], [17.1284861, 44.3364413], [17.1284428, 44.3364376], [17.1283944, 44.3364304], [17.128351, 44.3364267], [17.1283001, 44.3364212], [17.1282491, 44.3364158], [17.1281472, 44.336403], [17.1281013, 44.3363957], [17.1280503, 44.3363884], [17.1280044, 44.3363848], [17.1279127, 44.3363738], [17.1278643, 44.336372], [17.1278082, 44.3363702], [17.1277598, 44.3363684], [17.1277088, 44.3363647], [17.1275534, 44.3363647], [17.1275075, 44.3363684], [17.1274616, 44.3363757], [17.1274183, 44.3363866], [17.1273699, 44.3363957], [17.1273291, 44.3364085], [17.1272424, 44.3364267], [17.1271966, 44.3364395], [17.1271507, 44.3364486], [17.1271099, 44.3364577], [17.1268245, 44.3365178], [17.1267684, 44.3365233], [17.1267174, 44.3365306], [17.1266282, 44.3365415], [17.1265773, 44.3365488], [17.1265263, 44.3365579], [17.1264677, 44.3365707], [17.1264244, 44.336578], [17.1263759, 44.3365853], [17.126325, 44.3365962], [17.1262791, 44.3366017], [17.1262281, 44.336609], [17.1261364, 44.3366163], [17.126088, 44.3366181], [17.1260344, 44.3366181], [17.1259886, 44.3366199], [17.1259427, 44.3366199], [17.125958, 44.3366764], [17.1258357, 44.3367111], [17.1257923, 44.3367111], [17.1257439, 44.3367092], [17.1257006, 44.3367056], [17.1256522, 44.3366983], [17.1256088, 44.3366928], [17.1255655, 44.3366928], [17.125512, 44.3367001], [17.1254712, 44.3367129], [17.125433, 44.3367275], [17.1254024, 44.3367548], [17.1253744, 44.3367858], [17.1253056, 44.336835], [17.1252673, 44.3368569], [17.1252291, 44.3368769], [17.1251807, 44.3368933], [17.1251323, 44.3369043], [17.1249335, 44.336917], [17.1248876, 44.3369207], [17.1248341, 44.3369207], [17.1247653, 44.3369262], [17.1247041, 44.3369334], [17.1246379, 44.3369426], [17.1245461, 44.3369571], [17.1245002, 44.3369681], [17.1244544, 44.3369735], [17.1244085, 44.3369754], [17.1243168, 44.3369754], [17.1241944, 44.3369626], [17.1241409, 44.3369553], [17.1240823, 44.336948], [17.1240339, 44.3369389], [17.1239905, 44.3369298], [17.1239396, 44.3369225], [17.1238886, 44.3369116], [17.1238427, 44.3368988], [17.1237892, 44.3368824], [17.1237459, 44.3368715], [17.1237051, 44.3368624], [17.1236567, 44.3368551], [17.1236108, 44.3368532], [17.1235624, 44.3368605], [17.123514, 44.3368715], [17.1234681, 44.3368751], [17.1234248, 44.3368751], [17.1233738, 44.3368733], [17.1233305, 44.3368788], [17.1232897, 44.3368933], [17.123277, 44.3369243], [17.1232719, 44.336959], [17.1232642, 44.3369918], [17.123226, 44.3370045], [17.1231801, 44.3370064], [17.1231368, 44.3369936], [17.1231011, 44.3369754], [17.1230654, 44.3369553], [17.1230196, 44.3369462], [17.1229737, 44.3369444], [17.1229304, 44.3369553], [17.1228947, 44.3369772], [17.1228488, 44.3369845], [17.1228004, 44.3369845], [17.1227545, 44.3369827], [17.1227112, 44.3369699], [17.1226679, 44.3369517], [17.1226347, 44.3369334], [17.1226016, 44.3369116], [17.1225583, 44.3368952], [17.1225073, 44.3368879], [17.1224487, 44.3368861], [17.1223799, 44.3369043], [17.1223315, 44.3369079], [17.1222881, 44.3369116], [17.1222423, 44.3369079], [17.1221989, 44.336897], [17.1221556, 44.3368842], [17.1221174, 44.336866], [17.1220792, 44.336846], [17.1220486, 44.3368241], [17.1220206, 44.3367986], [17.1219874, 44.3367712], [17.1219492, 44.3367493], [17.1219033, 44.3367402], [17.12186, 44.3367366], [17.1218014, 44.3367329], [17.1214803, 44.3367329], [17.1214344, 44.3367238], [17.1214242, 44.3366928], [17.1214267, 44.3366618], [17.121386, 44.3366473], [17.1213401, 44.3366454], [17.1212891, 44.3366436], [17.1212433, 44.3366454], [17.1211999, 44.3366473], [17.1211541, 44.3366473], [17.1210878, 44.3366491], [17.1209272, 44.3366491], [17.1208355, 44.3366527], [17.1208049, 44.3366801], [17.1207641, 44.3366928], [17.1207132, 44.3366892], [17.1206749, 44.3366764], [17.1206367, 44.3366564], [17.1206087, 44.3366327], [17.1205857, 44.336609], [17.1205552, 44.3365835], [17.1205373, 44.3365561], [17.120522, 44.3365251], [17.1205042, 44.3364978], [17.1204711, 44.3364723], [17.1204379, 44.3364449], [17.1204048, 44.3364212], [17.1203691, 44.3363975], [17.1203258, 44.336383], [17.120285, 44.3363738], [17.1202391, 44.3363684], [17.1201015, 44.3363684], [17.1200531, 44.3363775], [17.1199231, 44.3363884], [17.1198314, 44.3363757], [17.1197167, 44.3363666], [17.1196657, 44.3363593], [17.1196224, 44.3363538], [17.1195307, 44.3363538], [17.1194848, 44.3363611], [17.1194415, 44.3363666], [17.1193956, 44.3363666], [17.1193472, 44.3363629], [17.1193038, 44.3363483], [17.1192248, 44.3363173], [17.1191866, 44.3363064], [17.1191407, 44.3363028], [17.1191127, 44.3363264], [17.1190821, 44.336352], [17.1190363, 44.3363538], [17.1189878, 44.3363556], [17.118942, 44.3363611], [17.1189037, 44.336383], [17.1188655, 44.3363975], [17.1188171, 44.3364103], [17.1187738, 44.3364139], [17.1187279, 44.3364139], [17.1186795, 44.3364085], [17.1186361, 44.336403], [17.1185903, 44.336403], [17.1185444, 44.3364103], [17.1184985, 44.3364212], [17.1184501, 44.3364267], [17.1184017, 44.3364267], [17.1183558, 44.3364212], [17.1183125, 44.3364103], [17.1182692, 44.3363902], [17.118236, 44.3363666], [17.1182105, 44.336341], [17.11818, 44.3363173], [17.1181417, 44.3363028], [17.1180933, 44.3363046], [17.1180704, 44.3363319], [17.1180245, 44.3363392], [17.1179812, 44.3363301], [17.1179429, 44.3363119], [17.11792, 44.3362882], [17.1178767, 44.3362772], [17.1178283, 44.3362754], [17.1177824, 44.3362754], [17.1177365, 44.3362791], [17.1176906, 44.3362863], [17.1176473, 44.3362955], [17.1175301, 44.3363246], [17.1174791, 44.3363246], [17.1174307, 44.3363192], [17.1173874, 44.33631], [17.117344, 44.3363046], [17.1172548, 44.3363046], [17.1172115, 44.3363009], [17.1171707, 44.3362863], [17.1171325, 44.3362736], [17.1170841, 44.3362663], [17.1170408, 44.3362718], [17.1170076, 44.3362918], [17.1169694, 44.3363064], [17.1169184, 44.3363119], [17.1168726, 44.3363155], [17.1168242, 44.3363155], [17.1167681, 44.33631], [17.1167248, 44.3362991], [17.1166891, 44.3362845], [17.1166687, 44.336259], [17.1166407, 44.3362353], [17.116605, 44.3362134], [17.1165693, 44.3361952], [17.1165413, 44.3361733], [17.1165209, 44.3361442], [17.1165056, 44.3360749], [17.1164877, 44.3360494], [17.1164546, 44.3360293], [17.1164113, 44.3360111], [17.1163731, 44.3359911], [17.1163476, 44.3359674], [17.1163297, 44.3359382], [17.1163119, 44.3359072], [17.1162941, 44.335878], [17.1162737, 44.3358507], [17.1162151, 44.3357997], [17.1161819, 44.335776], [17.1161462, 44.3357596], [17.1161055, 44.3357413], [17.1160647, 44.3357286], [17.1160265, 44.3357158], [17.1159908, 44.3356958], [17.1159347, 44.3356465], [17.115922, 44.3356119], [17.1159067, 44.3355846], [17.1158914, 44.3355554], [17.115871, 44.3355244], [17.1158532, 44.3354952], [17.1158302, 44.3354679], [17.1157997, 44.3354442], [17.1157589, 44.3354314], [17.1157156, 44.3354241], [17.1156722, 44.3354223], [17.1156264, 44.3354241], [17.115583, 44.3354241], [17.1155346, 44.3354223], [17.1154964, 44.3354114], [17.1154632, 44.3353932], [17.1154225, 44.3353768], [17.1153741, 44.3353713], [17.1153307, 44.3353731], [17.1152849, 44.3353695], [17.1152466, 44.3353567], [17.1152059, 44.3353348], [17.1151778, 44.3353093], [17.1151523, 44.3352838], [17.1151192, 44.3352601], [17.115081, 44.3352473], [17.1150376, 44.3352364], [17.1150122, 44.3352109], [17.1149663, 44.3352054], [17.1149255, 44.3352163], [17.1148796, 44.3352218], [17.1148312, 44.3352182], [17.1147853, 44.3352091], [17.1147395, 44.3352018], [17.1146962, 44.3351908], [17.1146528, 44.3351817], [17.1146095, 44.3351781], [17.1145611, 44.3351762], [17.1145127, 44.3351762], [17.1144642, 44.3351781], [17.1144158, 44.3351817], [17.1143725, 44.3351908], [17.1143266, 44.3352054], [17.1142858, 44.3352163], [17.1142068, 44.3352437], [17.1141508, 44.3352492], [17.1141074, 44.335251], [17.1140641, 44.335251], [17.1140182, 44.3352492], [17.1139749, 44.3352674], [17.1139392, 44.3352874], [17.1138959, 44.3352911], [17.11385, 44.3352801], [17.1138067, 44.3352656], [17.1137507, 44.3352601], [17.1137048, 44.3352601], [17.1136589, 44.3352674], [17.1136181, 44.3352801], [17.1135748, 44.3352929], [17.1135366, 44.335313], [17.1134933, 44.3353257], [17.1134372, 44.3353294], [17.1133913, 44.3353294], [17.1133454, 44.3353275], [17.1133021, 44.3353166], [17.1132562, 44.3353002], [17.113218, 44.3352838], [17.1131874, 44.3352601], [17.1131518, 44.3352382], [17.1131186, 44.3352182], [17.113088, 44.3351926], [17.1130498, 44.3351689], [17.1130116, 44.3351453], [17.1129734, 44.335127], [17.1129351, 44.3351088], [17.1128944, 44.3350924], [17.1128485, 44.335076], [17.1128103, 44.3350578], [17.1127746, 44.3350395], [17.1127262, 44.3350359], [17.1126803, 44.335045], [17.1126293, 44.3350578], [17.1125885, 44.3350669], [17.1125427, 44.3350723], [17.1124917, 44.335065], [17.1124535, 44.3350486], [17.1124152, 44.3350304], [17.1123796, 44.3350067], [17.1123413, 44.3349903], [17.1123006, 44.3349775], [17.1122572, 44.3349666], [17.1122266, 44.3349447], [17.1122088, 44.3349137], [17.1121935, 44.3348846], [17.1121655, 44.3348572], [17.1121298, 44.3348354], [17.1120941, 44.3348171], [17.1119183, 44.3347533], [17.1118775, 44.3347351], [17.1118393, 44.3347205], [17.111796, 44.3347078], [17.1117552, 44.3346968], [17.1117144, 44.3346859], [17.1116711, 44.3346786], [17.1115768, 44.3346622], [17.1115335, 44.3346513], [17.1114927, 44.3346349], [17.1114672, 44.3346093], [17.1114545, 44.3345747], [17.1114417, 44.3345474], [17.1114086, 44.3345255], [17.1113678, 44.3345127], [17.1113168, 44.3345054], [17.1112735, 44.3345036], [17.1112251, 44.3345054], [17.1111792, 44.3345182], [17.1111333, 44.3345218], [17.11109, 44.3345127], [17.1110467, 44.3344945], [17.1110085, 44.3344781], [17.1109626, 44.3344653], [17.1109193, 44.334458], [17.1108734, 44.3344599], [17.1108301, 44.334469], [17.1107842, 44.3344781], [17.1107409, 44.334489], [17.1107103, 44.3345127], [17.1107026, 44.3345437], [17.1106848, 44.3345729], [17.110644, 44.3345856], [17.1106007, 44.3345875], [17.1105574, 44.3345783], [17.1105115, 44.3345729], [17.1104682, 44.3345729], [17.1104198, 44.3345711], [17.1103739, 44.3345601], [17.1103357, 44.3345492], [17.1103025, 44.3345255], [17.1102745, 44.3344981], [17.110249, 44.3344708], [17.1102133, 44.3344489], [17.11017, 44.3344398], [17.110119, 44.3344489], [17.1100757, 44.3344617], [17.1100273, 44.3344653], [17.109984, 44.3344599], [17.1099406, 44.3344471], [17.1099126, 44.3344216], [17.1098897, 44.3343961], [17.1098642, 44.3343705], [17.1098438, 44.334345], [17.1098158, 44.3343213], [17.1097928, 44.3342976], [17.1097571, 44.3342685], [17.1097317, 44.3342429], [17.1096832, 44.3342283], [17.1096374, 44.3342229], [17.109594, 44.3342211], [17.1095456, 44.3342211], [17.1094921, 44.3342156], [17.1094462, 44.3342101], [17.1093723, 44.3341882], [17.1093341, 44.3341773], [17.1092984, 44.3341609], [17.10925, 44.3341372], [17.1091863, 44.3340953], [17.1091481, 44.3340789], [17.1091073, 44.3340661], [17.109064, 44.3340606], [17.1090232, 44.3340515], [17.10899, 44.3340333], [17.1089544, 44.3340132], [17.1089187, 44.3339968], [17.1088754, 44.3339841], [17.1088346, 44.3339731], [17.1087913, 44.333964], [17.1087479, 44.3339567], [17.1087021, 44.3339513], [17.1086613, 44.3339385], [17.1086282, 44.3339148], [17.1086052, 44.3338875], [17.1085797, 44.3338619], [17.1085441, 44.3338419], [17.1085109, 44.3338237], [17.1084778, 44.3338], [17.108437, 44.3337763], [17.1083988, 44.3337544], [17.1083682, 44.3337325], [17.1083351, 44.3337088], [17.108307, 44.3336815], [17.1082816, 44.3336523], [17.1082586, 44.3336231], [17.1082306, 44.3335958], [17.1082077, 44.3335685], [17.1081745, 44.3335429], [17.1081439, 44.3335229], [17.1081057, 44.3335028], [17.1080649, 44.3334901], [17.1080344, 44.3334646], [17.1080089, 44.333439], [17.1079859, 44.3334117], [17.1079681, 44.3333843], [17.1079528, 44.3333552], [17.107884, 44.3332932], [17.1078611, 44.3332622], [17.1078305, 44.3332385], [17.1077999, 44.3332148], [17.1077642, 44.3331911], [17.1077031, 44.3331474], [17.1076623, 44.3331273], [17.1076266, 44.3331091], [17.1076037, 44.3330817], [17.1075705, 44.3330252], [17.1075527, 44.3329942], [17.1075323, 44.3329633], [17.1075119, 44.3329377], [17.1074762, 44.3329195], [17.1074304, 44.3329159], [17.107387, 44.3329104], [17.1073514, 44.332894], [17.1073361, 44.3328612], [17.107331, 44.332832], [17.1073361, 44.3327992], [17.1073157, 44.3327718], [17.1072876, 44.3327463], [17.1072341, 44.3326953], [17.1072086, 44.3326716], [17.1071959, 44.3326424], [17.1071959, 44.3326133], [17.1072137, 44.3325841], [17.1072367, 44.3325586], [17.1072647, 44.3325349], [17.10728, 44.3325075], [17.1072927, 44.3324784], [17.1072851, 44.3324255], [17.1072876, 44.3323963], [17.1072826, 44.3323672], [17.1072673, 44.3323325], [17.1072571, 44.3323034], [17.1072443, 44.3322705], [17.1072367, 44.3322396], [17.1072265, 44.3322086], [17.1072163, 44.3321794], [17.1072086, 44.3321466], [17.1071959, 44.3321156], [17.1071857, 44.3320828], [17.1071704, 44.33205], [17.1071602, 44.332019], [17.1071475, 44.331988], [17.1071271, 44.3319533], [17.1071067, 44.331926], [17.1070787, 44.331895], [17.1070583, 44.3318677], [17.1070328, 44.3318403], [17.1070099, 44.331813], [17.1069895, 44.3317856], [17.1069742, 44.3317546], [17.1069691, 44.3317237], [17.1069691, 44.3316927], [17.106964, 44.331658], [17.1069538, 44.3316234], [17.1069411, 44.3315942], [17.1069258, 44.3315651], [17.1068977, 44.3315322], [17.1068671, 44.3315104], [17.1068289, 44.3314921], [17.106783, 44.331483], [17.1067423, 44.3314739], [17.1067015, 44.3314593], [17.1066684, 44.3314393], [17.1066378, 44.3314138], [17.1065996, 44.3313937], [17.1065613, 44.3313773], [17.106518, 44.3313682], [17.1065588, 44.3314375], [17.1075145, 44.3351981], [17.1087276, 44.3400321], [17.111666, 44.3455373], [17.1116494, 44.3455884], [17.1117658, 44.3456205], [17.1121496, 44.3456244], [17.1126812, 44.3455638], [17.1131948, 44.3454711], [17.1136471, 44.3453589], [17.1136976, 44.3453422], [17.1140922, 44.3452533], [17.1143103, 44.3452378], [17.114568, 44.3452881], [17.1148977, 44.3453692], [17.1151482, 44.3454221], [17.1153915, 44.3454388], [17.1155555, 44.3454311], [17.1157934, 44.3453628], [17.1158168, 44.3453512], [17.1161141, 44.3451605], [17.1161358, 44.3451463], [17.1164637, 44.3449736], [17.116489, 44.344962], [17.1166169, 44.3448563], [17.1166331, 44.3448383], [17.1167196, 44.3447803], [17.1168458, 44.3447545], [17.1166944, 44.3449736], [17.1166457, 44.3450664], [17.1165701, 44.3451476], [17.1164439, 44.3454749], [17.1162024, 44.3457971], [17.1160583, 44.3460097], [17.1160565, 44.3460948], [17.1161249, 44.3462134], [17.1161664, 44.3462559], [17.1165629, 44.3461283], [17.1167485, 44.3463783], [17.1168692, 44.3467263], [17.1169341, 44.3469814], [17.1168512, 44.3473577], [17.1169161, 44.3480433], [17.1168827, 44.348358], [17.1168261, 44.3484031], [17.1163514, 44.3484159], [17.115394, 44.3485273], [17.1145991, 44.3485471], [17.1138487, 44.3486227], [17.1138042, 44.3486326], [17.1130565, 44.3487737], [17.1119225, 44.3487121], [17.1118419, 44.3487956], [17.1117836, 44.3489745], [17.1111082, 44.3489228], [17.1098741, 44.3489188], [17.1090764, 44.3490858], [17.108779, 44.3491891], [17.1077618, 44.3498887], [17.1077785, 44.3499106], [17.1078118, 44.3499364], [17.1078507, 44.3499563], [17.1078896, 44.3499742], [17.1079341, 44.3499881], [17.1079786, 44.35], [17.1080203, 44.3500139], [17.1080647, 44.3500278], [17.1081009, 44.3500517], [17.1081398, 44.3500795], [17.1081787, 44.3501093], [17.1082232, 44.3501411], [17.1082676, 44.3501769], [17.108351, 44.3502504], [17.1084177, 44.3502981], [17.1084566, 44.350322], [17.1084983, 44.3503478], [17.10854, 44.3503657], [17.1085789, 44.3503876], [17.1086234, 44.3504074], [17.1087151, 44.3504313], [17.1087763, 44.3504472], [17.1088207, 44.3504591], [17.1089097, 44.3504889], [17.1089514, 44.3505048], [17.1089875, 44.3505247], [17.1090264, 44.3505466], [17.109057, 44.3505744], [17.1090792, 44.3506022], [17.1090987, 44.350634], [17.1091042, 44.3506678], [17.1091042, 44.3507016], [17.1091015, 44.3507374], [17.1090764, 44.3508089], [17.1090542, 44.3508427], [17.1090347, 44.3508765], [17.1090042, 44.3509103], [17.108968, 44.3509381], [17.1089375, 44.35096], [17.1088874, 44.3509858], [17.1088458, 44.3510057], [17.1088041, 44.3510196], [17.1087596, 44.3510335], [17.1087207, 44.3510534], [17.1086762, 44.3510752], [17.1086317, 44.3510931], [17.1085845, 44.351115], [17.1085511, 44.3511388], [17.1085317, 44.3511686], [17.1085178, 44.3511985], [17.1084983, 44.3512621], [17.1084789, 44.3512939], [17.1084566, 44.3513237], [17.1084205, 44.3513396], [17.1083649, 44.3513495], [17.1083149, 44.3513475], [17.1082704, 44.3513396], [17.1082315, 44.3513217], [17.1081954, 44.3512939], [17.1081731, 44.3512621], [17.1081759, 44.3511945], [17.1081843, 44.3511567], [17.1081898, 44.351121], [17.1081926, 44.3510872], [17.108187, 44.3510514], [17.1081731, 44.3510196], [17.1081509, 44.3509878], [17.1081231, 44.350962], [17.1080814, 44.3509361], [17.1080397, 44.3509162], [17.1079925, 44.3509143], [17.1079397, 44.3509083], [17.1078924, 44.3509023], [17.1078591, 44.3508745], [17.1078479, 44.3508348], [17.1078646, 44.350801], [17.1078869, 44.3507712], [17.1079147, 44.3507374], [17.1079424, 44.3507056], [17.1079702, 44.3506777], [17.107998, 44.3506479], [17.1080119, 44.3506141], [17.1080119, 44.3505804], [17.1079786, 44.3505565], [17.1079341, 44.3505426], [17.1078869, 44.3505426], [17.1078424, 44.3505446], [17.1077951, 44.3505486], [17.1077507, 44.3505625], [17.1077062, 44.3505823], [17.1076312, 44.3506161], [17.1075922, 44.350632], [17.1075561, 44.3506519], [17.1075172, 44.3506738], [17.1074838, 44.3506956], [17.1074491, 44.3507325], [17.107398, 44.3507663], [17.107343, 44.3507944], [17.1072132, 44.3508309], [17.1071504, 44.3508478], [17.1070875, 44.3508618], [17.1070324, 44.3508787], [17.1069853, 44.3509152], [17.1069263, 44.3510052], [17.1068713, 44.3510333], [17.1068123, 44.3510558], [17.1067612, 44.3510867], [17.1067258, 44.3511232], [17.106714, 44.351171], [17.1067023, 44.3512188], [17.1066472, 44.3512525], [17.1065804, 44.3512497], [17.1065057, 44.3512497], [17.1064428, 44.3512666], [17.1063878, 44.3512891], [17.1063446, 44.3513284], [17.1062974, 44.351379], [17.106266, 44.3514183], [17.1062306, 44.3514605], [17.1061795, 44.3515476], [17.1061598, 44.3515926], [17.1061362, 44.3516432], [17.1061087, 44.351691], [17.1060851, 44.351736], [17.1060655, 44.3517809], [17.1060223, 44.3518793], [17.1060065, 44.3519271], [17.1060026, 44.3519749], [17.1057903, 44.3523093], [17.1057353, 44.3523936], [17.1057117, 44.352433], [17.1056528, 44.3525145], [17.1056174, 44.3525595], [17.105586, 44.3525988], [17.1055466, 44.3526382], [17.1055073, 44.3526747], [17.1054562, 44.3527056], [17.1054012, 44.3527337], [17.1053462, 44.3527562], [17.1052794, 44.3527562], [17.1052007, 44.3527534], [17.1051339, 44.352745], [17.1049413, 44.3525117], [17.1048784, 44.3525257], [17.1048155, 44.352537], [17.1047644, 44.3525651], [17.1047133, 44.352596], [17.1046819, 44.352641], [17.1046465, 44.3526775], [17.1046111, 44.3527197], [17.104564, 44.352759], [17.1045247, 44.3528012], [17.1044854, 44.3528377], [17.1044382, 44.3528686], [17.1043753, 44.3528911], [17.1043203, 44.352908], [17.1041277, 44.3529895], [17.1040648, 44.3529979], [17.103994, 44.353012], [17.1039036, 44.3530204], [17.1037739, 44.3530204], [17.1036363, 44.353012], [17.1035735, 44.3530007], [17.1035066, 44.3529839], [17.1034359, 44.352967], [17.1032944, 44.3529445], [17.1031568, 44.3529445], [17.10309, 44.3529501], [17.1030232, 44.352953], [17.1029524, 44.3529558], [17.1028856, 44.3529642], [17.1028148, 44.3529754], [17.1027519, 44.3529923], [17.102693, 44.353012], [17.1026537, 44.3530485], [17.1026262, 44.3530907], [17.1026262, 44.3531862], [17.102634, 44.353234], [17.102634, 44.353279], [17.1026301, 44.353324], [17.1026065, 44.3534251], [17.1025829, 44.3534645], [17.1025633, 44.3535095], [17.1025476, 44.3535572], [17.1025436, 44.353605], [17.1025436, 44.3536556], [17.1025554, 44.3537006], [17.1025751, 44.3537596], [17.1025869, 44.3538074], [17.1026026, 44.3538608], [17.1026144, 44.3539057], [17.1026262, 44.3539563], [17.102638, 44.3540013], [17.1026576, 44.3540547], [17.1026733, 44.3541025], [17.1026891, 44.3541503], [17.1027205, 44.3542486], [17.1027402, 44.3542936], [17.1027519, 44.3543442], [17.1027519, 44.3544931], [17.1027244, 44.3545353], [17.1026733, 44.3545662], [17.1026144, 44.3545915], [17.1025476, 44.3546084], [17.1024886, 44.3546252], [17.1024178, 44.3546477], [17.102351, 44.3546674], [17.1022842, 44.3546814], [17.1022095, 44.3546983], [17.1021466, 44.3547067], [17.1020798, 44.3547124], [17.1017889, 44.3547124], [17.1017182, 44.3547039], [17.1016632, 44.3546786], [17.1016042, 44.3546533], [17.1015452, 44.3546365], [17.1014784, 44.3546224], [17.1014116, 44.3546168], [17.1013291, 44.3546168], [17.1012622, 44.3546084], [17.1011954, 44.3545915], [17.1011365, 44.3545718], [17.1010775, 44.3545465], [17.1010185, 44.3545212], [17.1009203, 44.3544566], [17.1008692, 44.3544201], [17.1007355, 44.354302], [17.100598, 44.354094], [17.1005783, 44.3540491], [17.1005508, 44.3539957], [17.100539, 44.3539479], [17.1005272, 44.3538945], [17.1005272, 44.3537399], [17.100539, 44.3536921], [17.1005744, 44.3536472], [17.1006176, 44.353605], [17.1006608, 44.3535657], [17.1007041, 44.3535263], [17.100822, 44.3534392], [17.1007355, 44.3534026], [17.1004486, 44.3531356], [17.1003857, 44.3531497], [17.1003228, 44.3531497], [17.100256, 44.3531469], [17.1001892, 44.3531356], [17.1001184, 44.3531244], [17.1000555, 44.3531075], [17.0999769, 44.3530851], [17.0999258, 44.3530569], [17.0998786, 44.353026], [17.0998354, 44.3529839], [17.0997922, 44.3529473], [17.0997529, 44.352908], [17.0997136, 44.3528658], [17.0996664, 44.3528293], [17.0996192, 44.3527928], [17.0995563, 44.3527703], [17.0994895, 44.3527731], [17.0994227, 44.3527843], [17.0993598, 44.3528012], [17.0992969, 44.3528237], [17.0992458, 44.3528462], [17.0991868, 44.3528658], [17.0991279, 44.3528855], [17.0990689, 44.3529108], [17.098837, 44.3529164], [17.0987663, 44.352922], [17.0986994, 44.3529164], [17.0986405, 44.3529024], [17.0985815, 44.3528883], [17.0985186, 44.3528714], [17.098444, 44.352849], [17.0983732, 44.3528377], [17.0981806, 44.3528349], [17.098047, 44.3528602], [17.097988, 44.3528799], [17.0979251, 44.3528799], [17.0978661, 44.3528658], [17.0978033, 44.3528462], [17.0977364, 44.3528237], [17.0976735, 44.3527984], [17.0976107, 44.3527675], [17.0975596, 44.3527393], [17.0975203, 44.3526944], [17.0975085, 44.3526466], [17.0975085, 44.3525988], [17.0974888, 44.3525482], [17.0974495, 44.3525089], [17.0973905, 44.3524948], [17.0973119, 44.3525004], [17.097253, 44.3525145], [17.0971979, 44.3525398], [17.0971429, 44.3525679], [17.0970879, 44.3525876], [17.0970328, 44.3526072], [17.0969778, 44.3526297], [17.0969189, 44.3526522], [17.0968638, 44.3526775], [17.0968206, 44.3527084], [17.0967931, 44.3527506], [17.0967695, 44.3527956], [17.0967459, 44.3528405], [17.0967184, 44.3528883], [17.0967027, 44.3529417], [17.0966791, 44.3529839], [17.0966516, 44.353026], [17.0966319, 44.3530682], [17.0966083, 44.3531075], [17.0965887, 44.3531497], [17.0965612, 44.3531919], [17.0965297, 44.3532368], [17.0964943, 44.3532762], [17.096455, 44.3533155], [17.0964275, 44.3533577], [17.0963843, 44.3533942], [17.0963371, 44.3534251], [17.0962821, 44.3534448], [17.0962153, 44.3534504], [17.0961524, 44.3534476], [17.0960109, 44.3534476], [17.0957868, 44.3533858], [17.0956768, 44.3533296], [17.0956178, 44.3533099], [17.0955549, 44.3532846], [17.0954999, 44.3532537], [17.0954409, 44.3532143], [17.0953112, 44.3531581], [17.0952523, 44.35313], [17.0951933, 44.3531075], [17.0951304, 44.3530851], [17.0950715, 44.3530626], [17.0950086, 44.3530457], [17.0949417, 44.3530288], [17.0948789, 44.3530092], [17.0948199, 44.3529895], [17.0947609, 44.3529698], [17.0947098, 44.3529417], [17.0946627, 44.3529108], [17.0946076, 44.3528771], [17.0945487, 44.3528546], [17.0944858, 44.3528462], [17.094419, 44.3528518], [17.0943561, 44.3528686], [17.0942971, 44.3528883], [17.0942421, 44.3529136], [17.094191, 44.3529417], [17.0941399, 44.3529726], [17.0940927, 44.353012], [17.0940416, 44.3530485], [17.0939591, 44.3531216], [17.0939198, 44.3531553], [17.0938765, 44.3531947], [17.0938294, 44.3532312], [17.0936643, 44.353338], [17.0936132, 44.3533745], [17.0935582, 44.353397], [17.093511, 44.3534251], [17.0934638, 44.3534561], [17.0934166, 44.3534842], [17.0933655, 44.3535207], [17.0932751, 44.353591], [17.0932358, 44.3536275], [17.0932044, 44.3536697], [17.0931651, 44.3537202], [17.0931218, 44.3537652], [17.0929528, 44.3540097], [17.0928978, 44.3539844], [17.0925519, 44.3543863], [17.0923043, 44.3545831], [17.0921588, 44.354822], [17.0916439, 44.3550862], [17.0914277, 44.3551227], [17.0912155, 44.3553475], [17.0907477, 44.3549456], [17.091298, 44.354614], [17.0917225, 44.3544566], [17.0920527, 44.354229], [17.091585, 44.3540322], [17.0912116, 44.3539057], [17.0911526, 44.3538804], [17.0910897, 44.3538776], [17.0910504, 44.353917], [17.0909207, 44.3540322], [17.0906141, 44.3539872], [17.0905551, 44.3539591], [17.0904097, 44.353768], [17.0902053, 44.3532874], [17.0900952, 44.3530879], [17.0898948, 44.3528518], [17.0899537, 44.3528209], [17.0900127, 44.3527928], [17.0900638, 44.3527618], [17.0901228, 44.3527281], [17.0901699, 44.3526916], [17.0902053, 44.3526494], [17.0904004, 44.352468], [17.0904393, 44.3523925], [17.0904865, 44.352313], [17.0905338, 44.3522355], [17.0905755, 44.3521858], [17.0906255, 44.3521302], [17.0906867, 44.3520825], [17.0907867, 44.351997], [17.0908256, 44.3518996], [17.0905115, 44.3518758], [17.0905588, 44.3518082], [17.0906255, 44.351681], [17.0906366, 44.3515459], [17.0906366, 44.3514028], [17.0906144, 44.3512597], [17.0906033, 44.3511245], [17.0905588, 44.3509894], [17.0904587, 44.3508781], [17.0903031, 44.3507986], [17.0901252, 44.3507668], [17.0899473, 44.350727], [17.0897806, 44.3506476], [17.0896916, 44.3505283], [17.089636, 44.3503137], [17.0894582, 44.3502819], [17.0892803, 44.3502342], [17.0890802, 44.3502103], [17.0888912, 44.3502024], [17.0887133, 44.3501785], [17.0885465, 44.3501149], [17.0883798, 44.3500195], [17.0882241, 44.349948], [17.0880462, 44.3498844], [17.0878683, 44.3498446], [17.0876905, 44.3498367], [17.0875015, 44.3498208], [17.0873236, 44.349789], [17.0871568, 44.3497413], [17.0869789, 44.3496856], [17.0868011, 44.3496777], [17.0862118, 44.3496777], [17.0860451, 44.34963], [17.0858783, 44.3495584], [17.0857004, 44.3495028], [17.0855003, 44.349463], [17.0853224, 44.3494471], [17.0851334, 44.349463], [17.0849555, 44.3494869], [17.084811, 44.3495664], [17.0846887, 44.3496697], [17.0845775, 44.3497731], [17.0844886, 44.3498923], [17.0844219, 44.3500195], [17.0843441, 44.3501308], [17.0841662, 44.3501706], [17.0839772, 44.3501626], [17.0837882, 44.3501308], [17.0836103, 44.3500911], [17.0834213, 44.3500593], [17.0832323, 44.3500434], [17.0830544, 44.3500275], [17.0828543, 44.3500275], [17.0826542, 44.3500195], [17.0822429, 44.3499718], [17.082065, 44.3499718], [17.0818649, 44.34994], [17.0816759, 44.3499162], [17.0814757, 44.3499003], [17.0812867, 44.3498605], [17.0810866, 44.3498208], [17.0809088, 44.349781], [17.0807086, 44.3497333], [17.0804863, 44.3497095], [17.0802973, 44.3496777], [17.0800972, 44.3496618], [17.0798637, 44.3496538], [17.0794301, 44.3496538], [17.0792189, 44.3496618], [17.0790188, 44.3496618], [17.0788186, 44.34963], [17.0786296, 44.3496141], [17.0784295, 44.3496459], [17.0782628, 44.3496856], [17.0780849, 44.3497333], [17.0779181, 44.349781], [17.0777291, 44.3498287], [17.0775624, 44.3498764], [17.0773511, 44.3499162], [17.0771732, 44.3499639], [17.0769843, 44.3500195], [17.0768175, 44.3500593], [17.0766396, 44.3501229], [17.0764951, 44.3502024], [17.0763283, 44.3503057], [17.0762394, 44.350425], [17.0762283, 44.3505601], [17.0762505, 44.3507032], [17.0762505, 44.3508463], [17.0762394, 44.3509894], [17.0761949, 44.3511086], [17.0761171, 44.3512438], [17.0760281, 44.351371], [17.0759614, 44.3514902], [17.0758947, 44.3516254], [17.0757947, 44.3517526], [17.0756946, 44.3518639], [17.0755946, 44.3519672], [17.0754834, 44.3520785], [17.0753833, 44.3521898], [17.0753055, 44.3523091], [17.0752277, 44.3524362], [17.075161, 44.3525634], [17.0750943, 44.3526986], [17.0750498, 44.3528178], [17.0750276, 44.352953], [17.0750164, 44.3530881], [17.0750164, 44.3532153], [17.074972, 44.3533425], [17.0749053, 44.3534856], [17.0748052, 44.3536207], [17.0746829, 44.3537161], [17.0743383, 44.3542805], [17.0741604, 44.3545349], [17.0740714, 44.3546462], [17.073938, 44.3547734], [17.073749, 44.354837], [17.0736267, 44.3549403], [17.0735489, 44.3550675], [17.0733488, 44.3552901], [17.0732265, 44.3554173], [17.0731153, 44.3555286], [17.0730153, 44.3556558], [17.0729263, 44.3557671], [17.0728152, 44.3558783], [17.0727485, 44.3559976], [17.0726818, 44.3561327], [17.0727596, 44.356244], [17.0729263, 44.3563156], [17.0730264, 44.3564268], [17.0730153, 44.356562], [17.0729041, 44.3566812], [17.0727485, 44.3567369], [17.0725595, 44.3567607], [17.0723371, 44.3567607], [17.0721592, 44.3567766], [17.0719591, 44.3567845], [17.0718035, 44.3567051], [17.0717701, 44.3565699], [17.0716478, 44.3564586], [17.0714588, 44.3564348], [17.0713032, 44.3565143], [17.071192, 44.3566256], [17.0710808, 44.3567289], [17.0707806, 44.3571264], [17.0706139, 44.3571741], [17.0704249, 44.3571979], [17.0702359, 44.3572376], [17.0700802, 44.3573251], [17.0699468, 44.3574205], [17.0698357, 44.3575238], [17.0697134, 44.3576271], [17.0696133, 44.3577464], [17.0695911, 44.3578736], [17.0693314, 44.3582971], [17.0689069, 44.3586652], [17.0684824, 44.3593172], [17.0683959, 44.3598905], [17.0683448, 44.3600311], [17.0681365, 44.3611046], [17.0679243, 44.3615767], [17.0675312, 44.3619167], [17.0657663, 44.3628609], [17.0657074, 44.3628862], [17.0656523, 44.3629031], [17.0655816, 44.3629256], [17.0655266, 44.3629565], [17.0654715, 44.3629902], [17.0654165, 44.3630295], [17.0652986, 44.3631504], [17.0652357, 44.3632375], [17.0652082, 44.3632881], [17.0651767, 44.363333], [17.0651414, 44.3633948], [17.0651099, 44.3634342], [17.0650863, 44.3634763], [17.0650549, 44.3635269], [17.0650313, 44.3635691], [17.0649684, 44.3636674], [17.0649409, 44.3637124], [17.0649094, 44.3637573], [17.0648859, 44.3638023], [17.0648505, 44.3638613], [17.064823, 44.3639203], [17.0647955, 44.3639765], [17.0647719, 44.3640271], [17.0647483, 44.3640721], [17.0647286, 44.3641367], [17.0647129, 44.3641789], [17.064709, 44.3642379], [17.064709, 44.3642913], [17.0647208, 44.3643896], [17.0647404, 44.3644964], [17.0647522, 44.3645442], [17.0647522, 44.3646538], [17.0647483, 44.3647296], [17.0647404, 44.3647774], [17.064709, 44.3648617], [17.0646736, 44.3649544], [17.0644692, 44.3652832], [17.0635141, 44.3664521], [17.0634512, 44.3665336], [17.0634158, 44.3665702], [17.0633686, 44.3666039], [17.0633136, 44.366632], [17.0632468, 44.3666545], [17.0631878, 44.3666741], [17.0631171, 44.3666994], [17.0630542, 44.3667135], [17.0629166, 44.3667556], [17.0628616, 44.3667753], [17.0628026, 44.3668034], [17.0626415, 44.3669298], [17.0626022, 44.3669692], [17.0625746, 44.3670169], [17.0625235, 44.3671237], [17.0625039, 44.3671687], [17.0625039, 44.3672783], [17.0625235, 44.367371], [17.0625432, 44.3674244], [17.0625628, 44.367475], [17.0625825, 44.3675227], [17.0625825, 44.3676239], [17.0625746, 44.3676717], [17.0625589, 44.3677166], [17.0625314, 44.3677588], [17.062496, 44.3678009], [17.062213, 44.3680847], [17.0612579, 44.3673232], [17.0585379, 44.3650837], [17.0584278, 44.3651343], [17.0583767, 44.3651652], [17.0583413, 44.3652101], [17.0583138, 44.3652523], [17.058302, 44.3653001], [17.0582706, 44.3653506], [17.0582431, 44.36539], [17.0582077, 44.3654377], [17.0581762, 44.3654799], [17.0581369, 44.365522], [17.0580976, 44.3655614], [17.0580505, 44.3656092], [17.0579915, 44.3656485], [17.0578736, 44.3656991], [17.0578146, 44.3657272], [17.0577281, 44.3657525], [17.0576613, 44.3657665], [17.0575906, 44.3657778], [17.0574609, 44.3657918], [17.0573744, 44.3658059], [17.0571582, 44.365803], [17.057056, 44.3658002], [17.0569813, 44.3657918], [17.0569106, 44.3657778], [17.0567769, 44.3657328], [17.056718, 44.3657075], [17.0566551, 44.3656794], [17.0562817, 44.3655361], [17.0562109, 44.3655164], [17.0561362, 44.3654996], [17.0560694, 44.3654939], [17.0560026, 44.3655024], [17.0559279, 44.3655164], [17.0558729, 44.3655445], [17.0558296, 44.3655811], [17.0557668, 44.3655951], [17.0557039, 44.3656092], [17.0556331, 44.3656204], [17.0554995, 44.3656204], [17.0554326, 44.3656148], [17.0553658, 44.3656035], [17.0553029, 44.3655839], [17.0552479, 44.3655642], [17.0551889, 44.3655361], [17.0551339, 44.3655164], [17.0550789, 44.3654939], [17.0550199, 44.3654715], [17.0549531, 44.365449], [17.0548784, 44.3654293], [17.0548116, 44.3654153], [17.0547487, 44.3654068], [17.0546819, 44.3653956], [17.0544814, 44.3653815], [17.0544146, 44.3653815], [17.0543399, 44.3653759], [17.0542731, 44.3653731], [17.0541866, 44.3653675], [17.054108, 44.3653591], [17.0540451, 44.3653422], [17.0539233, 44.3653001], [17.0538682, 44.365272], [17.0538171, 44.365241], [17.05377, 44.3652045], [17.0537307, 44.3651596], [17.0534005, 44.3649038], [17.0533494, 44.3648701], [17.0532904, 44.364828], [17.0532275, 44.3647943], [17.0531568, 44.3647605], [17.0531018, 44.3647352], [17.0530389, 44.3647156], [17.0528934, 44.3646987], [17.052803, 44.3646875], [17.0527244, 44.3646762], [17.0526615, 44.3646622], [17.0525986, 44.3646397], [17.0525397, 44.3646172], [17.0524729, 44.3645919], [17.052406, 44.3645582], [17.0523471, 44.3645414], [17.0522803, 44.3645245], [17.0522056, 44.3645161], [17.0521388, 44.3645132], [17.052009, 44.3645132], [17.0518597, 44.3645189], [17.0514745, 44.3645217], [17.0514077, 44.3645161], [17.0509556, 44.3646088], [17.0509399, 44.3645582], [17.0509242, 44.3645076], [17.0509006, 44.364457], [17.0508809, 44.3644093], [17.0508495, 44.3643643], [17.0508181, 44.3643194], [17.0507827, 44.3642772], [17.0507394, 44.3642322], [17.0507041, 44.3641901], [17.0506648, 44.3641479], [17.0506215, 44.3641086], [17.0505704, 44.3640749], [17.0505154, 44.364044], [17.0504564, 44.3640159], [17.0503975, 44.3639962], [17.0503346, 44.363985], [17.0502678, 44.3639765], [17.0502009, 44.3639625], [17.050142, 44.3639428], [17.050083, 44.3639231], [17.0500241, 44.3639007], [17.0499651, 44.3638754], [17.0499061, 44.3638473], [17.049859, 44.3638107], [17.0498118, 44.3637742], [17.0494702, 44.363576], [17.0494397, 44.3635501], [17.0494063, 44.3635223], [17.0493702, 44.3634905], [17.0493396, 44.3634647], [17.0493035, 44.3634329], [17.0492673, 44.3634051], [17.0491839, 44.3633355], [17.0491506, 44.3633077], [17.0491061, 44.36327], [17.0490394, 44.3632123], [17.0489838, 44.3631587], [17.048931, 44.3630931], [17.048906, 44.3630633], [17.048881, 44.3630255], [17.0488671, 44.3629938], [17.0488532, 44.362956], [17.048881, 44.3627414], [17.0489255, 44.3620678], [17.0487031, 44.3616624], [17.0484613, 44.3614319], [17.0484335, 44.3614061], [17.0482195, 44.3611577], [17.0482028, 44.3611279], [17.04805, 44.3609371], [17.0480194, 44.3609113], [17.0477331, 44.3607404], [17.047697, 44.3607165], [17.047419, 44.3604721], [17.0471689, 44.3601721], [17.0469021, 44.3594249], [17.046827, 44.3590771], [17.0467659, 44.3588546], [17.0465463, 44.3586201], [17.0462211, 44.3583916], [17.0452511, 44.3578153], [17.0450566, 44.3575251], [17.0450371, 44.3574933], [17.0450288, 44.3574576], [17.0450288, 44.3574218], [17.0450371, 44.357386], [17.045051, 44.3573522], [17.0450677, 44.3573184], [17.0450732, 44.3572847], [17.0450732, 44.3572509], [17.0450538, 44.3572211], [17.0450176, 44.3571913], [17.0449148, 44.3570979], [17.0447258, 44.3567898], [17.0443951, 44.3561499], [17.0440059, 44.3555736], [17.0437336, 44.3553073], [17.0434862, 44.3548105], [17.0430915, 44.3537294], [17.042972, 44.3533597], [17.0429109, 44.3532186], [17.0427802, 44.3531053], [17.0427441, 44.3530855], [17.0425356, 44.3529801], [17.0417991, 44.3528013], [17.0411515, 44.3527158], [17.0406123, 44.352684], [17.0401454, 44.3526085], [17.0398563, 44.3526164], [17.0398646, 44.3525826], [17.0398285, 44.3525628], [17.039784, 44.3525449], [17.0397479, 44.352527], [17.0397118, 44.3525051], [17.0396923, 44.3524733], [17.0396729, 44.3524396], [17.0396534, 44.3524078], [17.0395978, 44.3523521], [17.0395283, 44.3522984], [17.0394978, 44.3522746], [17.0393922, 44.3521991], [17.0393532, 44.3521752], [17.0393088, 44.3521514], [17.0392699, 44.3521295], [17.0391948, 44.3520898], [17.0391559, 44.3520719], [17.0389725, 44.3519725], [17.0389447, 44.3519447], [17.0389419, 44.3519109], [17.0389113, 44.3518056], [17.0388919, 44.3517698], [17.0388752, 44.35174], [17.0388529, 44.3517082], [17.0388418, 44.3516764], [17.0388446, 44.3516386], [17.0388557, 44.3516028], [17.0388835, 44.351573], [17.0389252, 44.3515512], [17.0389586, 44.3515273], [17.039003, 44.3515015], [17.0390392, 44.3514737], [17.0390558, 44.3514419], [17.0390642, 44.3514061], [17.0391003, 44.3513326], [17.0391226, 44.3513008], [17.0391337, 44.351265], [17.0391434, 44.3512064], [17.0391434, 44.3511497], [17.0391573, 44.3511129], [17.0391698, 44.351099], [17.0391879, 44.3510801], [17.0392226, 44.3510553], [17.0392448, 44.3510424], [17.0392699, 44.3510324], [17.0392949, 44.3510235], [17.0393241, 44.3510165], [17.0393463, 44.3510086], [17.0393699, 44.3510006], [17.0393852, 44.3509877], [17.0393949, 44.3509728], [17.0394269, 44.350947], [17.0394477, 44.3509371], [17.0394686, 44.3509281], [17.0394867, 44.3509132], [17.0395228, 44.3508118], [17.0395186, 44.3507949], [17.0395144, 44.3507572], [17.03952, 44.3507393], [17.0395395, 44.3507284], [17.0395631, 44.3507234], [17.0395909, 44.3507194], [17.0396159, 44.3507174], [17.0396409, 44.3507125], [17.0396492, 44.3506966], [17.0396479, 44.3506787], [17.0396437, 44.3506608], [17.0396451, 44.3505922], [17.0396492, 44.3505743], [17.0396576, 44.3505555], [17.0396729, 44.3505097], [17.039677, 44.3504929], [17.0396756, 44.350475], [17.0396729, 44.3504571], [17.0396743, 44.3504193], [17.0396798, 44.3504024], [17.0396951, 44.3503865], [17.0397146, 44.3503746], [17.0397326, 44.3503607], [17.0397424, 44.3503448], [17.0397507, 44.3503289], [17.0397535, 44.3502911], [17.039734, 44.3502613], [17.0397229, 44.3502474], [17.0397229, 44.3502295], [17.0397285, 44.3502116], [17.0397465, 44.3501967], [17.0397701, 44.3501927], [17.039791, 44.3501838], [17.0398063, 44.3501709], [17.039816, 44.350153], [17.0398174, 44.3501281], [17.0398299, 44.3500636], [17.0398299, 44.349988], [17.0398188, 44.3499542], [17.0397966, 44.3499244], [17.0397604, 44.3498986], [17.0397187, 44.3498847], [17.0396715, 44.3498708], [17.0396353, 44.3498469], [17.039627, 44.3498131], [17.0396353, 44.3497793], [17.0396548, 44.3497475], [17.0397048, 44.3496859], [17.0397298, 44.3496203], [17.039741, 44.3495866], [17.0397549, 44.3495488], [17.0398105, 44.3494872], [17.0398327, 44.3494554], [17.0398438, 44.3493759], [17.0398438, 44.349205], [17.0398327, 44.3491354], [17.039816, 44.3490996], [17.0398021, 44.3490599], [17.039791, 44.3490221], [17.039791, 44.3489843], [17.0397938, 44.3489466], [17.0397993, 44.3489128], [17.039816, 44.348877], [17.039841, 44.3488432], [17.0398799, 44.3488134], [17.0399022, 44.3487836], [17.0399049, 44.3487478], [17.0399022, 44.3487101], [17.0399022, 44.3486743], [17.0399133, 44.3486405], [17.0399494, 44.3485431], [17.0399717, 44.3485113], [17.0399994, 44.3484755], [17.0400356, 44.3484457], [17.0400717, 44.3484199], [17.0401162, 44.3483563], [17.0401329, 44.3483245], [17.0401468, 44.3482827], [17.0401662, 44.3482112], [17.0401746, 44.3481754], [17.0401829, 44.3481376], [17.0402107, 44.3481019], [17.0402468, 44.3480701], [17.0402663, 44.3480383], [17.0402774, 44.3480005], [17.0403191, 44.347919], [17.0403524, 44.3478872], [17.0404858, 44.3477958], [17.0405387, 44.3477819], [17.0406387, 44.347766], [17.0406776, 44.3477421], [17.0406999, 44.3477083], [17.0407138, 44.3476745], [17.0407527, 44.3476527], [17.0408416, 44.3476229], [17.040875, 44.347593], [17.0409083, 44.3475632], [17.0409472, 44.3475434], [17.0409889, 44.3475215], [17.0410223, 44.3474957], [17.0410417, 44.3474599], [17.0410362, 44.3474261], [17.0409778, 44.3472174], [17.0409, 44.3472194], [17.0409055, 44.3471916], [17.0409083, 44.3471558], [17.0409194, 44.34712], [17.040925, 44.3470763], [17.0409282, 44.3469422], [17.0409125, 44.346841], [17.040826, 44.3467623], [17.0407081, 44.346723], [17.0405823, 44.3466724], [17.0404566, 44.3466274], [17.0403386, 44.3465712], [17.0402286, 44.3465262], [17.0401028, 44.3464531], [17.0400163, 44.34638], [17.039922, 44.3462844], [17.0398591, 44.3462001], [17.0397884, 44.3461158], [17.0397176, 44.3460146], [17.0396547, 44.3459246], [17.0395918, 44.3458291], [17.0395525, 44.3457391], [17.0394031, 44.34525], [17.0393481, 44.3451544], [17.0392931, 44.3450476], [17.0392223, 44.3449464], [17.0391594, 44.3448677], [17.0390808, 44.3447834], [17.0389315, 44.3445979], [17.0388843, 44.3445135], [17.0388293, 44.3444236], [17.0387664, 44.3443393], [17.0387114, 44.3442493], [17.0386406, 44.3441537], [17.0385699, 44.3440694], [17.0384991, 44.3439851], [17.0384205, 44.3439007], [17.0383183, 44.3438333], [17.0381925, 44.3437995], [17.0380903, 44.3437321], [17.0380038, 44.343659], [17.0378938, 44.3436028], [17.0377523, 44.3435465], [17.0376422, 44.3434959], [17.0374378, 44.3435016], [17.0373042, 44.3434847], [17.0371784, 44.3434791], [17.037029, 44.3434959], [17.036919, 44.3435465], [17.0368089, 44.3435971], [17.0365416, 44.3435971], [17.036408, 44.3435915], [17.0361407, 44.3435803], [17.0359992, 44.3435578], [17.0358734, 44.3435241], [17.0357712, 44.3434566], [17.0357319, 44.343361], [17.0356848, 44.3432654], [17.0356297, 44.3431755], [17.0355354, 44.343108], [17.0354096, 44.3430912], [17.035276, 44.343063], [17.0351659, 44.3430124], [17.0350323, 44.3429506], [17.0349458, 44.3428719], [17.0349222, 44.3427763], [17.0350008, 44.342692], [17.035103, 44.3426189], [17.0352052, 44.3425289], [17.0352838, 44.3424446], [17.0353389, 44.3423546], [17.0353939, 44.3422647], [17.0354646, 44.3421691], [17.035559, 44.342096], [17.035669, 44.3420398], [17.0357712, 44.341978], [17.035897, 44.3419161], [17.0360071, 44.3418543], [17.0360857, 44.3417699], [17.0361093, 44.3416687], [17.0361014, 44.3415732], [17.0360542, 44.3414832], [17.0359992, 44.3413876], [17.0358745, 44.3411347], [17.0358718, 44.3407213], [17.0362609, 44.3405185], [17.0365861, 44.3401329], [17.0366889, 44.3398943], [17.0366889, 44.3398566], [17.0367945, 44.3395862], [17.0368482, 44.3395146], [17.0369739, 44.3394738], [17.0377836, 44.3395089], [17.0377954, 44.3394893], [17.0378072, 44.3394668], [17.0378151, 44.3394401], [17.0378269, 44.3393923], [17.0378249, 44.3393178], [17.037819, 44.3392925], [17.0378112, 44.3392686], [17.0377974, 44.3392419], [17.0377836, 44.3392208], [17.0377679, 44.3391969], [17.0377522, 44.3391758], [17.0376539, 44.3390901], [17.0373906, 44.3388005], [17.0370565, 44.3385194], [17.0368501, 44.3383113], [17.0373277, 44.3380147], [17.0371862, 44.3379276], [17.037367, 44.3378334], [17.0374024, 44.337787], [17.0378269, 44.337624], [17.0379507, 44.3374384], [17.0382337, 44.3372458], [17.0367636, 44.3357164], [17.0356788, 44.3348674], [17.0351481, 44.334142], [17.0343424, 44.3330568], [17.0345585, 44.3328403], [17.0349437, 44.3325985], [17.0346607, 44.3318534], [17.0350892, 44.3317213], [17.0349044, 44.3313642], [17.0348455, 44.3313754], [17.0347079, 44.3313754], [17.0346372, 44.3313867], [17.0345703, 44.3313951], [17.0342402, 44.3313979], [17.0341733, 44.3314148], [17.0341144, 44.3314317], [17.0340515, 44.3314429], [17.0339328, 44.3314715], [17.0333477, 44.3316961], [17.0325737, 44.3320676], [17.032557, 44.3320438], [17.0325727, 44.3320392], [17.0326061, 44.3320293], [17.0326356, 44.3320167], [17.0326631, 44.3319998], [17.0327339, 44.3319351], [17.0327693, 44.3318901], [17.0327869, 44.3318691], [17.0328066, 44.3318452], [17.0328479, 44.3317903], [17.0328813, 44.331751], [17.0329383, 44.3316835], [17.0329599, 44.3316638], [17.033009, 44.3316188], [17.0330326, 44.3315991], [17.0331073, 44.3315345], [17.0331368, 44.3315092], [17.0332252, 44.3314572], [17.0332567, 44.3314389], [17.0333568, 44.3313421], [17.0332734, 44.3313064], [17.0332511, 44.3312348], [17.0332901, 44.3311712], [17.0333512, 44.3311195], [17.033429, 44.3310757], [17.0335124, 44.331036], [17.0335958, 44.3310002], [17.0336736, 44.3309644], [17.033757, 44.3309246], [17.0338404, 44.3308809], [17.0339182, 44.3308292], [17.0339849, 44.3307815], [17.0340572, 44.3307338], [17.0341239, 44.3306861], [17.034185, 44.3306304], [17.034235, 44.3305747], [17.0342906, 44.3304793], [17.0342573, 44.3304157], [17.0342128, 44.330356], [17.0340794, 44.3302526], [17.0340238, 44.330193], [17.0340016, 44.3301214], [17.0340016, 44.3300498], [17.0339099, 44.3297218], [17.0338904, 44.3296781], [17.0338654, 44.3296383], [17.0338348, 44.3296025], [17.0338015, 44.3295627], [17.0337625, 44.329527], [17.033732, 44.3295031], [17.0336958, 44.3294773], [17.0335402, 44.329356], [17.0335096, 44.3293301], [17.0334624, 44.3293003], [17.0334262, 44.3292745], [17.0333929, 44.3292446], [17.033354, 44.3292168], [17.0333151, 44.329187], [17.0332511, 44.3291472], [17.0331233, 44.3290558], [17.0330872, 44.3290319], [17.032887, 44.3289046], [17.0328565, 44.3288808], [17.0327814, 44.3288251], [17.0327453, 44.3288033], [17.0327036, 44.3287834], [17.0326675, 44.3287655], [17.0326286, 44.3287456], [17.0325896, 44.3287317], [17.0325507, 44.3287178], [17.0325118, 44.3286979], [17.0324757, 44.328674], [17.0324479, 44.3286422], [17.0324451, 44.3286084], [17.0324562, 44.3285726], [17.0324785, 44.3285428], [17.0325063, 44.328515], [17.0325368, 44.3284891], [17.0325757, 44.3284653], [17.0326258, 44.3284434], [17.0326702, 44.3284295], [17.0327036, 44.3284056], [17.0327342, 44.3283718], [17.0327675, 44.328344], [17.0327981, 44.3283161], [17.0328287, 44.3282903], [17.0328759, 44.3282565], [17.0329176, 44.3282306], [17.0330788, 44.3281571], [17.0330621, 44.3281352], [17.0330343, 44.3281074], [17.0329899, 44.3280457], [17.0329593, 44.3279384], [17.0329315, 44.3279085], [17.0328982, 44.3278827], [17.0328759, 44.3278509], [17.032862, 44.3277793], [17.0328398, 44.3277495], [17.032812, 44.3277197], [17.0327814, 44.3276958], [17.0327509, 44.327668], [17.0327092, 44.3276401], [17.0326702, 44.3276222], [17.0324924, 44.3275328], [17.0324479, 44.3275149], [17.0323951, 44.327493], [17.0323562, 44.3274771], [17.0323145, 44.3274612], [17.0322672, 44.3274413], [17.0322255, 44.3274254], [17.0321727, 44.3274095], [17.0321255, 44.3273996], [17.032081, 44.3273916], [17.0320365, 44.3273896], [17.0319893, 44.3273817], [17.0319365, 44.3273697], [17.031892, 44.3273538], [17.0318531, 44.32733], [17.0318198, 44.3273021], [17.0317892, 44.3272743], [17.0317614, 44.3272385], [17.0317419, 44.3272027], [17.0317392, 44.3270814], [17.0317364, 44.3270397], [17.0317225, 44.326982], [17.0316947, 44.3269303], [17.0316752, 44.3268985], [17.0316447, 44.3268727], [17.031464, 44.3267852], [17.0313889, 44.3267414], [17.0313528, 44.3267196], [17.031275, 44.3266718], [17.0311805, 44.3265943], [17.0311416, 44.3265625], [17.0311138, 44.3265327], [17.0310832, 44.3265028], [17.0310526, 44.3264671], [17.0310276, 44.3264392], [17.0310054, 44.3264074], [17.0309887, 44.3263756], [17.0309609, 44.3263418], [17.0309359, 44.326314], [17.0309026, 44.3262722], [17.0308664, 44.3262424], [17.0308331, 44.3262126], [17.0307914, 44.3261847], [17.030758, 44.3261589], [17.0307191, 44.326129], [17.0306802, 44.3261012], [17.0306413, 44.3260694], [17.0306135, 44.3260376], [17.0305885, 44.3260058], [17.0305635, 44.325974], [17.0304523, 44.3257354], [17.0304384, 44.3257035], [17.0304217, 44.3256678], [17.0304023, 44.325628], [17.0303828, 44.3255982], [17.0303661, 44.3255663], [17.0303467, 44.3255345], [17.0303217, 44.3254987], [17.0302883, 44.3254749], [17.0302383, 44.325463], [17.030191, 44.3254669], [17.0301104, 44.3254351], [17.030066, 44.3254132], [17.0299909, 44.3253735], [17.0298964, 44.3252999], [17.0298964, 44.3252621], [17.0298992, 44.3252244], [17.0299103, 44.3251866], [17.0299159, 44.3251528], [17.0299187, 44.3250772], [17.0299131, 44.3250414], [17.0298936, 44.3250056], [17.0298742, 44.3249738], [17.029838, 44.324946], [17.0297991, 44.3249241], [17.0297602, 44.3249082], [17.029713, 44.3249003], [17.0296629, 44.3248983], [17.0295379, 44.3248704], [17.0294934, 44.3248684], [17.0294489, 44.3248665], [17.0294072, 44.3248505], [17.0293794, 44.3248247], [17.0293489, 44.3248008], [17.0293155, 44.324777], [17.0292766, 44.3247571], [17.0292321, 44.3247432], [17.0291988, 44.3247193], [17.0291821, 44.3246895], [17.0291627, 44.3246537], [17.0291376, 44.3246239], [17.0291126, 44.3245941], [17.0290348, 44.3245463], [17.0289959, 44.3245324], [17.0289514, 44.3245165], [17.0289153, 44.3244907], [17.0288875, 44.3244628], [17.0288653, 44.324425], [17.0287485, 44.3242978], [17.0285484, 44.3243137], [17.0285012, 44.3242202], [17.0284873, 44.3241864], [17.0284734, 44.3241487], [17.0284567, 44.3240353], [17.0284539, 44.3239617], [17.0285595, 44.3236714], [17.0285317, 44.3236456], [17.0285039, 44.3236178], [17.0284706, 44.3235919], [17.0284289, 44.323568], [17.0283928, 44.3235482], [17.0283511, 44.3235283], [17.0283094, 44.3235104], [17.0282204, 44.3234825], [17.0281732, 44.3234706], [17.0281343, 44.3234547], [17.0280981, 44.3234289], [17.0280648, 44.323407], [17.028037, 44.3233772], [17.0280148, 44.3233453], [17.0280092, 44.3233115], [17.028012, 44.32324], [17.0280231, 44.3232062], [17.0280815, 44.3230988], [17.0280648, 44.323063], [17.028037, 44.3230332], [17.0280203, 44.3229994], [17.0280064, 44.3229656], [17.0279925, 44.3229337], [17.0279786, 44.3228999], [17.0279647, 44.3228681], [17.0278313, 44.3225619], [17.0278063, 44.3225341], [17.0277869, 44.3225003], [17.0277813, 44.3224645], [17.0277841, 44.3224267], [17.0277896, 44.3223909], [17.0278008, 44.3223531], [17.027823, 44.3223213], [17.0278508, 44.3222895], [17.0278841, 44.3222577], [17.0279481, 44.322202], [17.0279647, 44.3221682], [17.0279786, 44.3221324], [17.0279925, 44.3220986], [17.0280036, 44.3220648], [17.0280036, 44.3218839], [17.0280426, 44.32186], [17.0280759, 44.3218361], [17.0281065, 44.3218043], [17.0281259, 44.3217705], [17.0281426, 44.3217367], [17.0281426, 44.3216989], [17.0281398, 44.3216631], [17.0281287, 44.3216313], [17.0281037, 44.3216015], [17.0280787, 44.3215717], [17.0279647, 44.3215041], [17.0279925, 44.3210885], [17.0279953, 44.3209751], [17.0280064, 44.3209393], [17.028037, 44.3208678], [17.0280565, 44.3208359], [17.0280787, 44.3208041], [17.0281065, 44.3207763], [17.0281371, 44.3207465], [17.0281732, 44.3207166], [17.0282093, 44.3206908], [17.0282455, 44.3206649], [17.0283177, 44.3206132], [17.02839, 44.3205735], [17.0284317, 44.3205536], [17.0284761, 44.3205377], [17.0285178, 44.3205138], [17.0285401, 44.32048], [17.0285401, 44.3204462], [17.0285345, 44.3204124], [17.0285345, 44.3203786], [17.0285401, 44.3203408], [17.0285651, 44.320313], [17.0286318, 44.3202593], [17.0286346, 44.32014], [17.0286846, 44.3201221], [17.0287291, 44.3201101], [17.0287791, 44.3200962], [17.0288291, 44.3200902], [17.0288903, 44.3200902], [17.0289931, 44.3201002], [17.0290932, 44.3201141], [17.0291488, 44.320126], [17.029196, 44.320138], [17.0292405, 44.3201559], [17.0292877, 44.3201718], [17.0293294, 44.3201877], [17.0293739, 44.3201996], [17.0294211, 44.3202076], [17.0294712, 44.3202096], [17.0295212, 44.3202096], [17.0295684, 44.3202036], [17.0296268, 44.3201857], [17.0296768, 44.3201738], [17.029713, 44.3201499], [17.0297435, 44.3201201], [17.0297602, 44.3200863], [17.0297769, 44.3200525], [17.0298047, 44.3200226], [17.029838, 44.3199948], [17.0298797, 44.3199729], [17.0299242, 44.319961], [17.0299715, 44.319953], [17.0300187, 44.3199431], [17.030066, 44.3199332], [17.0301188, 44.3199252], [17.0302216, 44.3199172], [17.0302689, 44.3199153], [17.0303217, 44.3199133], [17.0304245, 44.3199113], [17.0304773, 44.3199053], [17.0305301, 44.3198934], [17.0305746, 44.3198755], [17.0306163, 44.3198556], [17.030658, 44.3198417], [17.0307052, 44.3198317], [17.0307552, 44.3198357], [17.0308108, 44.3198437], [17.0309109, 44.3198437], [17.0309581, 44.3198397], [17.0310082, 44.3198298], [17.0310554, 44.3198138], [17.0310971, 44.3197959], [17.0311332, 44.3197701], [17.0311666, 44.3197383], [17.0312111, 44.3196746], [17.0312166, 44.3196408], [17.0312166, 44.3196051], [17.0312222, 44.3195712], [17.0312222, 44.3195355], [17.0312166, 44.3195016], [17.0312166, 44.3194659], [17.0311888, 44.3193823], [17.0311638, 44.3193545], [17.0311305, 44.3193267], [17.0310943, 44.3193048], [17.031061, 44.3192829], [17.0310387, 44.3192551], [17.0310193, 44.3192213], [17.0310193, 44.3191875], [17.0310332, 44.3191556], [17.0310721, 44.3191358], [17.0311193, 44.3191258], [17.0312194, 44.3191159], [17.0312694, 44.3191039], [17.0313139, 44.319088], [17.0313473, 44.3190602], [17.0313695, 44.3190244], [17.0314028, 44.3189608], [17.0314195, 44.318927], [17.0314445, 44.3188951], [17.0314862, 44.3188693], [17.0315335, 44.3188494], [17.0315863, 44.3188335], [17.0316391, 44.3188236], [17.0316808, 44.3188037], [17.0317392, 44.3187559], [17.0317836, 44.3187361], [17.0318281, 44.3187241], [17.0318837, 44.3187082], [17.0319337, 44.3187023], [17.0319865, 44.3186963], [17.0320338, 44.3186844], [17.032081, 44.3186744], [17.0321227, 44.3186565], [17.0321561, 44.3186287], [17.0321727, 44.3185949], [17.0322005, 44.3185631], [17.0322367, 44.3184915], [17.0322533, 44.3184537], [17.0322645, 44.3184199], [17.0322839, 44.3183801], [17.0322978, 44.3183443], [17.0323117, 44.3183085], [17.0323256, 44.3182707], [17.0323367, 44.3182369], [17.0323506, 44.3182051], [17.0323701, 44.3181653], [17.0324006, 44.3181315], [17.032434, 44.3181037], [17.0324812, 44.3180838], [17.0325313, 44.3180659], [17.0325841, 44.318052], [17.0326313, 44.318042], [17.0326841, 44.3180361], [17.0327481, 44.3180341], [17.0328481, 44.3180182], [17.033051, 44.3179764], [17.0331094, 44.3179665], [17.0331539, 44.3179565], [17.0331983, 44.3179466], [17.0332428, 44.3179307], [17.0332901, 44.3179068], [17.0333262, 44.317881], [17.0333623, 44.3178551], [17.033404, 44.3178392], [17.0335569, 44.3178154], [17.0335986, 44.3178014], [17.0336458, 44.3177835], [17.0336847, 44.3177617], [17.0337209, 44.3177378], [17.0337542, 44.31771], [17.0337931, 44.3176821], [17.0338265, 44.3176523], [17.0338487, 44.3176205], [17.0338682, 44.3175867], [17.0338876, 44.3175548], [17.0339126, 44.317523], [17.033946, 44.3174952], [17.0339849, 44.3174733], [17.0340349, 44.3174554], [17.0340822, 44.3174435], [17.0341294, 44.3174276], [17.0341767, 44.3173997], [17.0342239, 44.317356], [17.0342545, 44.3173281], [17.0342962, 44.3173043], [17.0343434, 44.3172884], [17.0343879, 44.3172764], [17.0345324, 44.3172745], [17.0346381, 44.3172665], [17.0346825, 44.3172506], [17.0347187, 44.3172247], [17.0347576, 44.3172029], [17.034802, 44.317185], [17.0348548, 44.317181], [17.0349049, 44.317187], [17.0349493, 44.3172009], [17.034991, 44.3172188], [17.03503, 44.3172466], [17.0350689, 44.3172725], [17.0351217, 44.3172923], [17.0352106, 44.3173242], [17.0352579, 44.3173341], [17.0353079, 44.3173441], [17.0353635, 44.317346], [17.0354163, 44.3173421], [17.0354663, 44.3173301], [17.0355553, 44.3173162], [17.0356053, 44.3173083], [17.035647, 44.3172923], [17.0356859, 44.3172745], [17.035722, 44.3172486], [17.0357554, 44.3172247], [17.0358332, 44.317183], [17.0358832, 44.3171671], [17.0359305, 44.3171492], [17.0359777, 44.3171392], [17.0360278, 44.3171313], [17.0360806, 44.3171313], [17.0361306, 44.3171352], [17.0362251, 44.3171372], [17.0362723, 44.3171293], [17.036314, 44.3171094], [17.0363529, 44.3170816], [17.0363919, 44.3170617], [17.0364419, 44.3170497], [17.0365058, 44.3170458], [17.0366003, 44.3170537], [17.0366503, 44.3170617], [17.0367115, 44.3170696], [17.0368115, 44.3170835], [17.0368588, 44.3170855], [17.0369116, 44.3170935], [17.0370144, 44.3170995], [17.0371201, 44.3170995], [17.0372729, 44.3170776], [17.0373313, 44.3170637], [17.0373813, 44.3170497], [17.0374397, 44.3170318], [17.0375397, 44.316998], [17.037587, 44.3169781], [17.0376342, 44.3169642], [17.0376815, 44.3169563], [17.0377232, 44.3169424], [17.0377677, 44.3169264], [17.037915, 44.3168688], [17.0379733, 44.3168549], [17.0380317, 44.3168389], [17.0380817, 44.316821], [17.0381262, 44.3168051], [17.0381679, 44.3167833], [17.0382096, 44.3167574], [17.0382429, 44.3167316], [17.0382707, 44.3167037], [17.0382874, 44.3166699], [17.0383069, 44.3166321], [17.0383263, 44.3165924], [17.0383485, 44.3165625], [17.0383736, 44.3165287], [17.0384041, 44.3164949], [17.038443, 44.3164631], [17.0384736, 44.3164333], [17.038507, 44.3164034], [17.0385403, 44.3163736], [17.038607, 44.3163239], [17.038671, 44.3162702], [17.0387043, 44.3162463], [17.0387432, 44.3162225], [17.0387877, 44.3162006], [17.0388266, 44.3161807], [17.0388711, 44.3161648], [17.0389155, 44.3161549], [17.0390156, 44.316129], [17.0390656, 44.3161071], [17.0391018, 44.3160833], [17.0391268, 44.3160514], [17.0391379, 44.3160176], [17.0391407, 44.3159441], [17.0391462, 44.3159023], [17.0391601, 44.3158625], [17.0392129, 44.3158128], [17.0392518, 44.3157889], [17.0392963, 44.3157531], [17.0393297, 44.3157293], [17.0394269, 44.3156438], [17.0394714, 44.31561], [17.039552, 44.3155622], [17.0395965, 44.3155424], [17.0396465, 44.3155245], [17.0397021, 44.3155006], [17.0397549, 44.3154867], [17.0398077, 44.3154827], [17.0398689, 44.3154727], [17.0399439, 44.3154668], [17.0400106, 44.3154608], [17.0401274, 44.3154449], [17.0402302, 44.315431], [17.0402802, 44.315431], [17.0403886, 44.3154131], [17.0404359, 44.3153972], [17.0404664, 44.3153673], [17.040497, 44.3153355], [17.0405331, 44.3153017], [17.040611, 44.315248], [17.0406554, 44.3152222], [17.040686, 44.3151923], [17.0407194, 44.3151605], [17.0407416, 44.3151287], [17.0407555, 44.3150949], [17.0407722, 44.3150591], [17.0407889, 44.3150193], [17.0408027, 44.3149875], [17.0408194, 44.3149517], [17.0408389, 44.3149219], [17.0408861, 44.3148642], [17.0409417, 44.3147628], [17.0409723, 44.3147369], [17.041014, 44.3147171], [17.0410612, 44.3147051], [17.0411113, 44.3146972], [17.0412058, 44.3146912], [17.0413169, 44.3146813], [17.0414087, 44.3146514], [17.0414531, 44.3146295], [17.0414948, 44.3146077], [17.0415393, 44.3145938], [17.0415893, 44.3145798], [17.0416393, 44.3145798], [17.0416894, 44.3145858], [17.0417366, 44.3145997], [17.0417894, 44.3146136], [17.0418367, 44.3146236], [17.0418867, 44.3146256], [17.0419367, 44.3146256], [17.0419784, 44.3146037], [17.0420173, 44.3145778], [17.0420535, 44.314554], [17.0420924, 44.3145361], [17.0421424, 44.3145162], [17.0421869, 44.3145062], [17.0422314, 44.3144923], [17.0422814, 44.3144784], [17.0423259, 44.3144645], [17.0423703, 44.3144406], [17.0424092, 44.3144088], [17.0424398, 44.314377], [17.0424704, 44.3143432], [17.042501, 44.3143133], [17.0425426, 44.3142915], [17.0425927, 44.3142756], [17.0426344, 44.3142557], [17.0426733, 44.3142318], [17.0426983, 44.314202], [17.0427289, 44.3141622], [17.0427483, 44.3141304], [17.0427761, 44.3140986], [17.0428122, 44.3140747], [17.0428928, 44.3140349], [17.0429484, 44.3140031], [17.0429901, 44.3139832], [17.0430457, 44.3139534], [17.043168, 44.3138818], [17.0432097, 44.3138619], [17.0432542, 44.31385], [17.0433042, 44.313844], [17.043407, 44.3138341], [17.0434543, 44.3138281], [17.0436072, 44.3138142], [17.04366, 44.3138082], [17.0437155, 44.3138003], [17.0438795, 44.3137863], [17.0439462, 44.3137784], [17.0440018, 44.3137704], [17.0440519, 44.3137625], [17.0441019, 44.3137525], [17.0441519, 44.3137426], [17.0442019, 44.3137287], [17.0442409, 44.3137068], [17.0442853, 44.3136451], [17.044302, 44.3136133], [17.0443159, 44.3135795], [17.0443409, 44.3135338], [17.0443743, 44.313496], [17.0444021, 44.3134681], [17.0444382, 44.3134443], [17.0444827, 44.3134264], [17.0446022, 44.3133826], [17.044655, 44.3133667], [17.0446995, 44.3133488], [17.0447384, 44.313323], [17.0447634, 44.3132931], [17.0447828, 44.3132613], [17.0448245, 44.3131997], [17.0448718, 44.3131519], [17.0449135, 44.3131261], [17.0449552, 44.3130982], [17.0450135, 44.3130684], [17.0450524, 44.3130445], [17.0452192, 44.3129511], [17.0453081, 44.3128974], [17.0453332, 44.3128655], [17.0453526, 44.3128298], [17.0453693, 44.3127959], [17.0453804, 44.3127601], [17.0453887, 44.3127263], [17.0454054, 44.3126905], [17.0454471, 44.3126249], [17.0454749, 44.3125951], [17.0455083, 44.3125712], [17.0456278, 44.3125096], [17.0456583, 44.3124797], [17.045675, 44.3124459], [17.0456778, 44.3123743], [17.0456695, 44.3123385], [17.0456583, 44.3123007], [17.0456472, 44.3122669], [17.0456444, 44.3122291], [17.0456444, 44.3121953], [17.04565, 44.3121615], [17.0456695, 44.3121297], [17.0457195, 44.3120442], [17.0456695, 44.3120422], [17.0456278, 44.3120303], [17.0455916, 44.3120024], [17.0455583, 44.3119786], [17.0455138, 44.3119686], [17.0454666, 44.3119706], [17.0454165, 44.3119786], [17.0453721, 44.3119925], [17.0453248, 44.3119984], [17.0452776, 44.3119945], [17.0452387, 44.3119805], [17.0451997, 44.3119587], [17.0451692, 44.3119328], [17.0451469, 44.311903], [17.0451386, 44.3118672], [17.0451219, 44.3118334], [17.0450858, 44.3118115], [17.0450385, 44.3118095], [17.0449607, 44.3117459], [17.044919, 44.311724], [17.0448134, 44.3116942], [17.0447689, 44.3116783], [17.0447356, 44.3116524], [17.0447134, 44.3116246], [17.04468, 44.3115609], [17.0446717, 44.3115271], [17.0446661, 44.3114933], [17.0446633, 44.3113819], [17.0446605, 44.3113441], [17.0446578, 44.3113083], [17.0446494, 44.3112705], [17.0446355, 44.3112387], [17.0446216, 44.3112029], [17.0446022, 44.3111731], [17.044566, 44.3111472], [17.0445299, 44.3111254], [17.0444938, 44.3110975], [17.0444688, 44.3110677], [17.0444048, 44.3110299], [17.0443798, 44.3110021], [17.0443493, 44.3109762], [17.0443159, 44.3109503], [17.0442742, 44.3109324], [17.0442325, 44.3109145], [17.0442047, 44.3108887], [17.0441853, 44.3108489], [17.0441741, 44.3108091], [17.0441575, 44.3107773], [17.0441325, 44.3107455], [17.0441047, 44.3107196], [17.0440685, 44.3106858], [17.0440324, 44.31065], [17.0440018, 44.3106242], [17.043949, 44.3105685], [17.0439129, 44.3105466], [17.0438768, 44.3105267], [17.0438267, 44.3105108], [17.0437823, 44.3104929], [17.0437572, 44.3104651], [17.043735, 44.3104352], [17.04371, 44.3104034], [17.0436683, 44.3103736], [17.0436238, 44.3103676], [17.043571, 44.3103597], [17.0435154, 44.3103537], [17.0434571, 44.3103298], [17.0432681, 44.3102443], [17.043168, 44.3102602], [17.0430735, 44.3102443], [17.0430012, 44.3102085], [17.0429401, 44.3101528], [17.0428456, 44.3101369], [17.0427455, 44.3101528], [17.0426566, 44.3101846], [17.0425677, 44.3102045], [17.0424676, 44.3102085], [17.0423787, 44.3102165], [17.0422953, 44.3102403], [17.0421952, 44.3102761], [17.0421063, 44.3102881], [17.0420007, 44.310292], [17.0419173, 44.3103159], [17.0418283, 44.3103398], [17.0417338, 44.3103477], [17.0416393, 44.3103636], [17.0415504, 44.3103756], [17.0414893, 44.3104233], [17.0414559, 44.310479], [17.0414281, 44.3105426], [17.0413948, 44.3106063], [17.0413225, 44.3106421], [17.0412336, 44.3106699], [17.0411502, 44.3106938], [17.0410723, 44.3107177], [17.040989, 44.3107455], [17.0408111, 44.3108012], [17.0407166, 44.3108251], [17.0406221, 44.310841], [17.0405276, 44.3108449], [17.0404386, 44.3108529], [17.0403997, 44.3109165], [17.0403386, 44.3109603], [17.0402663, 44.3109961], [17.0401663, 44.311016], [17.0400662, 44.3110279], [17.0399773, 44.3110438], [17.0398883, 44.3110717], [17.0398161, 44.3111114], [17.0397382, 44.3111512], [17.0396827, 44.3112069], [17.0397827, 44.3112507], [17.0398772, 44.3112626], [17.0399606, 44.3113024], [17.0399828, 44.31137], [17.039955, 44.3114376], [17.0399272, 44.3114973], [17.0398383, 44.3116246], [17.0397994, 44.3116842], [17.039766, 44.3117439], [17.0397271, 44.3118035], [17.0396771, 44.3118592], [17.0395826, 44.3118831], [17.0394881, 44.3118911], [17.0393714, 44.3119109], [17.0392769, 44.3119149], [17.039199, 44.3118871], [17.0391212, 44.3118393], [17.0390434, 44.3118075], [17.0389489, 44.3117876], [17.0388544, 44.3117797], [17.0387599, 44.3117677], [17.0386654, 44.3117598], [17.0385765, 44.3117319], [17.0384931, 44.3117001], [17.0384264, 44.3116564], [17.0383986, 44.3115888], [17.0383652, 44.3115251], [17.0383096, 44.3113819], [17.038293, 44.3113103], [17.0382874, 44.3112427], [17.0382874, 44.3111035], [17.038293, 44.3110319], [17.0383041, 44.3109643], [17.0383319, 44.3108966], [17.0383708, 44.3108251], [17.0383986, 44.3107574], [17.0384208, 44.3106858], [17.0384542, 44.3106182], [17.0384931, 44.3105466], [17.0385542, 44.310487], [17.0386042, 44.3104273], [17.0387359, 44.3102461], [17.038559, 44.3101702], [17.0385079, 44.3101336], [17.0384057, 44.3100661], [17.0383546, 44.3100295], [17.0383075, 44.3099958], [17.0382603, 44.309962], [17.0382092, 44.3099311], [17.0381542, 44.3099086], [17.0380913, 44.3098889], [17.0380284, 44.309872], [17.0379655, 44.309858], [17.0378987, 44.3098467], [17.0378122, 44.3098355], [17.0377336, 44.3098298], [17.0376668, 44.3098242], [17.0375842, 44.3098186], [17.0375174, 44.309813], [17.0374506, 44.3098045], [17.0373916, 44.3097764], [17.0373287, 44.3097426], [17.0372776, 44.3097061], [17.0372305, 44.3096639], [17.0371361, 44.3095908], [17.037089, 44.3095542], [17.0370339, 44.3095176], [17.0369711, 44.3094895], [17.0369042, 44.3094726], [17.0368295, 44.3094529], [17.0367627, 44.3094417], [17.0366998, 44.3094389], [17.0366369, 44.3094304], [17.0365033, 44.3094136], [17.0364404, 44.3093939], [17.0362478, 44.3093517], [17.0362203, 44.3093067], [17.0361928, 44.3092617], [17.0361771, 44.309211], [17.0361535, 44.309166], [17.0360814, 44.3090008], [17.0360647, 44.308969], [17.0360481, 44.3089352], [17.0359786, 44.3088377], [17.0359508, 44.3088099], [17.0359146, 44.308778], [17.0358896, 44.3087462], [17.0358591, 44.3087144], [17.035834, 44.3086865], [17.035809, 44.3086547], [17.035759, 44.3085831], [17.0357395, 44.3085533], [17.0357173, 44.3085254], [17.0356979, 44.3084936], [17.0356728, 44.3084638], [17.0356478, 44.3084359], [17.03562, 44.3084001], [17.0355839, 44.3083524], [17.0354171, 44.3077458], [17.0354032, 44.30771], [17.0353921, 44.3076762], [17.0353754, 44.3076424], [17.035356, 44.3076125], [17.0353338, 44.3075807], [17.0353171, 44.3075469], [17.0353032, 44.3075071], [17.0352976, 44.3074733], [17.0352782, 44.3073619], [17.0352643, 44.3073261], [17.0352476, 44.3072943], [17.0352337, 44.3072585], [17.0352115, 44.3072307], [17.0351837, 44.3072048], [17.0351475, 44.3071789], [17.0351086, 44.307163], [17.0350669, 44.3071531], [17.0350197, 44.3071491], [17.0349752, 44.3071471], [17.0349196, 44.307171], [17.0349113, 44.3071352], [17.0349113, 44.3070516], [17.0349224, 44.3070059], [17.0349558, 44.3069423], [17.0349752, 44.3069025], [17.0349724, 44.3068567], [17.0349669, 44.306813], [17.0349585, 44.3067772], [17.0348539, 44.3066244], [17.0347989, 44.3058368], [17.0349089, 44.3054036], [17.0348932, 44.3052123], [17.033486, 44.3026469], [17.0337297, 44.3023037], [17.0335961, 44.3016961], [17.0332659, 44.3011054], [17.0341228, 44.2992037], [17.0318037, 44.2982753], [17.0313949, 44.2979603], [17.0303179, 44.2974145], [17.029689, 44.29706], [17.0277278, 44.2962723], [17.0258878, 44.295759], [17.0257378, 44.2957949], [17.0249825, 44.2955436], [17.0249519, 44.2955694], [17.0249325, 44.2955993], [17.0249186, 44.2956331], [17.0249158, 44.2956649], [17.0249269, 44.2957346], [17.024938, 44.2957724], [17.0249603, 44.2958022], [17.0249936, 44.2958281], [17.0250325, 44.295846], [17.0250742, 44.2958619], [17.0251048, 44.2958877], [17.0251131, 44.2959216], [17.0251103, 44.2959574], [17.025077, 44.2959792], [17.0250325, 44.2959892], [17.0249769, 44.2959991], [17.0248852, 44.2959991], [17.024838, 44.2959932], [17.0247601, 44.2959673], [17.0215972, 44.2959315], [17.0178061, 44.295474], [17.0175151, 44.2951355], [17.015137, 44.2925584], [17.0145828, 44.2921758], [17.0139618, 44.2913177], [17.0136552, 44.2910616], [17.0132582, 44.2912614], [17.0133329, 44.2913486], [17.0130223, 44.2915315], [17.012472, 44.2910391], [17.0124209, 44.2910701], [17.0123581, 44.2910729], [17.0122912, 44.2910616], [17.0122244, 44.2910616], [17.0121615, 44.2910729], [17.0121183, 44.2911038], [17.0121026, 44.2911517], [17.0120947, 44.2911995], [17.0120711, 44.2912417], [17.01191, 44.2913374], [17.0108015, 44.2905889], [17.0103416, 44.2904033], [17.0104871, 44.2902091], [17.0104753, 44.2899362], [17.0104124, 44.2899193], [17.0103495, 44.2899052], [17.0102905, 44.2898771], [17.0102001, 44.289804], [17.010153, 44.2897617], [17.0100625, 44.2896858], [17.0100075, 44.2896548], [17.0099525, 44.2896295], [17.0098975, 44.2895986], [17.0096852, 44.2895141], [17.0094651, 44.2885659], [17.0092607, 44.2879526], [17.0091035, 44.2878738], [17.0092764, 44.2877275], [17.0094336, 44.2875474], [17.009528, 44.2873673], [17.0095751, 44.2871647], [17.009528, 44.2865457], [17.0095123, 44.2863543], [17.009528, 44.286163], [17.0095594, 44.2859717], [17.0097167, 44.2858028], [17.0098896, 44.2856565], [17.0100625, 44.2854989], [17.0102512, 44.2853189], [17.0104399, 44.2851613], [17.0105657, 44.2849812], [17.010833, 44.2847448], [17.0110374, 44.2845873], [17.0112575, 44.2844747], [17.0114933, 44.2843396], [17.0117606, 44.2842721], [17.0120279, 44.2842158], [17.0123109, 44.2841821], [17.0124209, 44.284002], [17.012248, 44.2838669], [17.0121065, 44.2836981], [17.0121537, 44.2834955], [17.0122952, 44.2833266], [17.0124524, 44.283169], [17.0125624, 44.2830002], [17.0127354, 44.2828314], [17.0129398, 44.282685], [17.0131599, 44.2825725], [17.0133957, 44.2824712], [17.0136316, 44.2823586], [17.0138203, 44.2822235], [17.013836, 44.2820209], [17.0138831, 44.2818183], [17.0141347, 44.2817283], [17.014402, 44.2816607], [17.014685, 44.2816045], [17.0149051, 44.2814806], [17.0150466, 44.2813006], [17.0151881, 44.2811205], [17.015424, 44.2809854], [17.0155969, 44.2808616], [17.0127238, 44.2775376], [17.010271, 44.2741942], [17.008683, 44.2724268], [17.0061298, 44.2701963], [17.0055385, 44.2696798], [17.0027556, 44.2677883], [16.9986835, 44.2644106], [16.9958377, 44.2616182], [16.9920867, 44.2590361], [16.9920617, 44.2589863], [16.9875174, 44.2565358], [16.9835818, 44.2514236], [16.9834261, 44.251344], [16.9834039, 44.2512086], [16.9834484, 44.2509378], [16.9834261, 44.2507945], [16.9833261, 44.250675], [16.9831704, 44.2506034], [16.9830037, 44.2505317], [16.9828147, 44.2504919], [16.9826257, 44.250468], [16.9824144, 44.2504282], [16.9822588, 44.2503724], [16.9821032, 44.2502928], [16.9819586, 44.2502052], [16.981803, 44.2501256], [16.9816362, 44.2500618], [16.9814806, 44.2500061], [16.9812916, 44.2499583], [16.9810915, 44.2499504], [16.9807135, 44.2499504], [16.9805245, 44.2499742], [16.9804133, 44.250022], [16.9752436, 44.2453472], [16.9705075, 44.2425199], [16.9703185, 44.2424721], [16.9701295, 44.2424562], [16.9697738, 44.2424243], [16.9695737, 44.2424084], [16.9693847, 44.2423925], [16.9692068, 44.2423845], [16.9690067, 44.2423686], [16.9688177, 44.2423606], [16.9686287, 44.2423447], [16.9684285, 44.2423208], [16.9682507, 44.242281], [16.9680839, 44.2422172], [16.9679283, 44.2421456], [16.9677837, 44.242058], [16.9676392, 44.2419783], [16.9675169, 44.2418748], [16.9673946, 44.2417633], [16.9672723, 44.2416597], [16.9670722, 44.2415084], [16.9669277, 44.2414049], [16.9667831, 44.2413172], [16.9666164, 44.2412217], [16.9664719, 44.2411341], [16.9663384, 44.2410464], [16.9659549, 44.2408832], [16.9658548, 44.2408553], [16.9657548, 44.2408194], [16.965588, 44.2407557], [16.9654991, 44.2407119], [16.9653823, 44.2406601], [16.9652934, 44.2406243], [16.96521, 44.2405885], [16.9651211, 44.2405486], [16.9650099, 44.2405009], [16.9649321, 44.240461], [16.9648431, 44.2404212], [16.964693, 44.2403376], [16.9646208, 44.2402938], [16.9645485, 44.2402539], [16.9644651, 44.2401902], [16.9642706, 44.2400269], [16.964215, 44.2399712], [16.9641538, 44.2399115], [16.9641038, 44.2398517], [16.9640593, 44.239788], [16.963976, 44.2396606], [16.9639482, 44.2395929], [16.9639093, 44.2395212], [16.963887, 44.2394575], [16.9638759, 44.2393898], [16.9637258, 44.239111], [16.9636369, 44.2390911], [16.9635757, 44.2390353], [16.9635479, 44.2389636], [16.9635368, 44.2388919], [16.9635368, 44.2387525], [16.9635479, 44.2386809], [16.9635702, 44.2386092], [16.9636091, 44.2385494], [16.9636813, 44.2384977], [16.9638036, 44.2383981], [16.9638203, 44.2381711], [16.9625418, 44.237964], [16.9625307, 44.2378963], [16.9624973, 44.2378326], [16.9624417, 44.2377808], [16.9623639, 44.237737], [16.9622805, 44.2376972], [16.9622083, 44.2376613], [16.962136, 44.2376175], [16.9620971, 44.2375538], [16.9620693, 44.2374861], [16.9620193, 44.2374264], [16.9619303, 44.2373069], [16.9619025, 44.2372392], [16.9619025, 44.2370241], [16.961897, 44.2369524], [16.9619025, 44.2368847], [16.9619248, 44.236817], [16.9619581, 44.2367533], [16.9619915, 44.2366856], [16.9620304, 44.2366179], [16.9620582, 44.2365542], [16.9624028, 44.23612], [16.9622639, 44.2358293], [16.9621026, 44.2352319], [16.9614912, 44.2342242], [16.9613967, 44.2325076], [16.9617691, 44.2321014], [16.961808, 44.2320416], [16.9618469, 44.231958], [16.9618803, 44.2318942], [16.9619692, 44.2318066], [16.9623194, 44.2316353], [16.9622805, 44.2315477], [16.9624793, 44.2315021], [16.9647305, 44.2279647], [16.9691014, 44.2229622], [16.9705164, 44.2152774], [16.9699504, 44.2149844], [16.9707994, 44.2030495], [16.9710038, 44.2029594], [16.9716956, 44.1978195], [16.9659332, 44.1995046], [16.9631032, 44.200181], [16.9625529, 44.2003218], [16.9587952, 44.2006375], [16.9575845, 44.2003782], [16.9569792, 44.1998541], [16.9570736, 44.1992567], [16.9572937, 44.1992229], [16.9575216, 44.1994427], [16.957726, 44.1992567], [16.9576867, 44.1987945], [16.9579304, 44.1986423], [16.9580719, 44.1984564], [16.9581348, 44.1982591], [16.9581034, 44.1979717], [16.9580248, 44.1977068], [16.9577496, 44.1975264], [16.9573801, 44.1971488], [16.956932, 44.1969121], [16.9561695, 44.1969572], [16.9560123, 44.1967824], [16.9549667, 44.1964725], [16.9546208, 44.1964668], [16.9544715, 44.1962921], [16.9535517, 44.1963823], [16.9533552, 44.196743], [16.9529306, 44.1970981], [16.9524825, 44.197363], [16.9519165, 44.1978082], [16.9516571, 44.1979153], [16.9513348, 44.1978928], [16.9509103, 44.198028], [16.9504465, 44.198276], [16.9501477, 44.1984845], [16.9498254, 44.1985578], [16.9493302, 44.198648], [16.9490707, 44.1987213], [16.9486777, 44.198958], [16.9481667, 44.199127], [16.947923, 44.1993018], [16.9469875, 44.1997752], [16.9464765, 44.1999386], [16.946052, 44.2004627], [16.9448414, 44.2010714], [16.9446999, 44.2014152], [16.9437015, 44.2017082], [16.9432927, 44.2017533], [16.9418776, 44.2023845], [16.9405727, 44.2030044], [16.9397787, 44.2034666], [16.9395428, 44.2036187], [16.9382064, 44.2040414], [16.9376404, 44.204233], [16.9373967, 44.2043739], [16.937326, 44.2045317], [16.937381, 44.2049881], [16.9372552, 44.2050839], [16.9366342, 44.2054671], [16.9364219, 44.2054446], [16.936021, 44.2058109], [16.9351484, 44.2064928], [16.9336626, 44.2074564], [16.9328214, 44.2078959], [16.9320274, 44.2082453], [16.9312413, 44.2085383], [16.9305495, 44.2087186], [16.9296297, 44.2088877], [16.9282854, 44.2093159], [16.9270198, 44.2095357], [16.9267997, 44.2095695], [16.9252903, 44.2098231], [16.9248186, 44.2098062], [16.9240482, 44.2100316], [16.9234507, 44.2101837], [16.9215955, 44.2112318], [16.9190617, 44.2128022], [16.9184919, 44.2136927], [16.9183224, 44.2136448], [16.9181362, 44.2135592], [16.9180194, 44.2134556], [16.9179972, 44.213354], [16.918, 44.2132604], [16.9179722, 44.2131309], [16.9178638, 44.2130233], [16.9176526, 44.212836], [16.9174441, 44.2127265], [16.9172607, 44.2126986], [16.9170717, 44.2127066], [16.9168743, 44.2127444], [16.9166603, 44.2127942], [16.9164713, 44.212838], [16.9164018, 44.2128341], [16.9163546, 44.2127962], [16.916349, 44.2126946], [16.916361, 44.2126495], [16.9163796, 44.2125791], [16.9164265, 44.212406], [16.9164352, 44.2123739], [16.9165408, 44.2122364], [16.9166798, 44.2121408], [16.9167832, 44.2120667], [16.916816, 44.2120432], [16.9168827, 44.2119714], [16.9169526, 44.2118882], [16.917005, 44.211826], [16.9170661, 44.2117045], [16.9171523, 44.211579], [16.9173163, 44.2114336], [16.9174135, 44.2113459], [16.9174719, 44.2112383], [16.9174997, 44.2111009], [16.9175303, 44.2109654], [16.9174663, 44.2108239], [16.9173552, 44.2107223], [16.9170967, 44.2106466], [16.9168716, 44.2106247], [16.9166325, 44.2106187], [16.9164352, 44.2105829], [16.9162879, 44.2105132], [16.9160905, 44.2103438], [16.9159988, 44.2101984], [16.9159544, 44.2100649], [16.9159349, 44.2098657], [16.9159655, 44.2096685], [16.915782, 44.2096685], [16.9155263, 44.2096884], [16.915354, 44.2097043], [16.9150788, 44.2097481], [16.914876, 44.2098079], [16.9146397, 44.2098936], [16.9144785, 44.2099553], [16.91422, 44.2101067], [16.9138698, 44.2102741], [16.9136808, 44.2104554], [16.9133834, 44.2103518], [16.9130499, 44.2104135], [16.9124356, 44.2104135], [16.912166, 44.2104235], [16.9119993, 44.2104634], [16.911713, 44.2105689], [16.9115907, 44.2106427], [16.9115212, 44.2107124], [16.911449, 44.210812], [16.9113406, 44.2109335], [16.9112405, 44.2110451], [16.9111877, 44.2111347], [16.9111127, 44.2111407], [16.9110487, 44.2111108], [16.9109931, 44.211055], [16.9108709, 44.2109355], [16.9107041, 44.210822], [16.9105179, 44.2107323], [16.9103316, 44.2106446], [16.910201, 44.2105729], [16.9101232, 44.2104833], [16.9100293, 44.2103735], [16.9099153, 44.2101275], [16.90985, 44.2099362], [16.9097221, 44.2099661], [16.9096207, 44.2100438], [16.9094664, 44.2100349], [16.9092316, 44.2100368], [16.9090384, 44.2100508], [16.9085423, 44.2101544], [16.9081977, 44.210244], [16.9077502, 44.2104144], [16.9076265, 44.2104712], [16.9076376, 44.2104901], [16.907639, 44.210514], [16.9076084, 44.2105459], [16.9075362, 44.2105807], [16.9074125, 44.2106265], [16.9072165, 44.2107142], [16.9070345, 44.2108118], [16.9069386, 44.2108882], [16.9066203, 44.2111587], [16.9063884, 44.211308], [16.9061997, 44.211401], [16.9060228, 44.2114545], [16.9058263, 44.2114573], [16.9056376, 44.2114461], [16.9055393, 44.2114292], [16.9054214, 44.2113982], [16.9053074, 44.2113559], [16.9052131, 44.2113531], [16.9051502, 44.2113785], [16.9050126, 44.211432], [16.9048436, 44.2114461], [16.9047414, 44.2114123], [16.9046667, 44.2113249], [16.9046038, 44.2112094], [16.904537, 44.2110995], [16.9043994, 44.2110066], [16.9041557, 44.2109389], [16.9038727, 44.2109192], [16.9035937, 44.210953], [16.9033185, 44.2110263], [16.9025913, 44.2110235], [16.9023752, 44.2109897], [16.9021118, 44.2109925], [16.9017698, 44.2110235], [16.901365, 44.2111193], [16.9008972, 44.2112545], [16.9001622, 44.2114912], [16.8998366, 44.2116012], [16.8996031, 44.2116769], [16.8994363, 44.2117247], [16.8992473, 44.2117725], [16.899075, 44.2118402], [16.8989638, 44.2119438], [16.8988249, 44.2121669], [16.8993585, 44.2137726], [16.8989472, 44.2138204], [16.8984913, 44.2145575], [16.8993249, 44.2181357], [16.8979271, 44.2186154], [16.8965302, 44.2191051], [16.8912997, 44.2210758], [16.8869993, 44.2226862]]]]}}]}