{"type": "FeatureCollection", "features": [{"type": "Feature", "properties": {"name": "Opština Srbac, Република Српска / Republika Srpska, Bosna i Hercegovina / Босна и Херцеговина", "source": "OpenStreetMap relation 2528268", "licence": "ODbL 1.0"}, "geometry": {"type": "Polygon", "coordinates": [[[17.3788054, 44.9943534], [17.3790217, 44.9940983], [17.3790467, 44.9937777], [17.3790432, 44.9935637], [17.3792438, 44.993381], [17.3796331, 44.9933224], [17.3798778, 44.9932528], [17.380174, 44.9930718], [17.3804304, 44.9925309], [17.3805611, 44.9924204], [17.3806871, 44.9923538], [17.3808102, 44.9923532], [17.3810619, 44.992354], [17.381321, 44.9923506], [17.3815149, 44.9923568], [17.3816476, 44.9923793], [17.381695, 44.9923899], [17.3817559, 44.9923743], [17.3819404, 44.9924573], [17.3821334, 44.9925565], [17.3823183, 44.9926196], [17.3825224, 44.9926681], [17.3827185, 44.9927155], [17.3830789, 44.9927967], [17.3832925, 44.9928632], [17.3835333, 44.9929387], [17.3837725, 44.9930368], [17.3840882, 44.9931846], [17.3842301, 44.9932466], [17.3843423, 44.9931407], [17.3846389, 44.9928362], [17.3847652, 44.9926541], [17.3870719, 44.9924107], [17.3871744, 44.991961], [17.3881094, 44.9914272], [17.3880266, 44.9911265], [17.3880266, 44.9906354], [17.3881619, 44.9905652], [17.3882972, 44.9905142], [17.3884505, 44.9904823], [17.3886129, 44.9904631], [17.3889466, 44.990444], [17.389605, 44.9904121], [17.3897674, 44.9903866], [17.3899027, 44.9903164], [17.3899839, 44.9902144], [17.390065, 44.9901123], [17.3901282, 44.9900102], [17.3902094, 44.9899082], [17.3903266, 44.9898252], [17.3904619, 44.9897614], [17.3906152, 44.9897168], [17.3914811, 44.989519], [17.3916435, 44.9894999], [17.3917517, 44.9894234], [17.3918509, 44.989334], [17.392347, 44.9891873], [17.3924733, 44.9891235], [17.3924913, 44.9888939], [17.3924913, 44.9887854], [17.3925815, 44.9886898], [17.3927078, 44.9886196], [17.3928431, 44.9885622], [17.3930145, 44.9885367], [17.3930755, 44.9885299], [17.3931859, 44.9885175], [17.3932651, 44.9884672], [17.3934474, 44.9884155], [17.3955219, 44.9875798], [17.3954227, 44.98728], [17.3956236, 44.9870958], [17.3957621, 44.9870116], [17.3958074, 44.9869861], [17.3960081, 44.9869338], [17.3963605, 44.9868976], [17.3968491, 44.9868504], [17.3971527, 44.986801], [17.3978302, 44.9866146], [17.398751, 44.9866548], [17.3997432, 44.9861508], [17.400122, 44.9859212], [17.4003745, 44.9856341], [17.4003565, 44.9853789], [17.4006722, 44.9853598], [17.4012765, 44.9850153], [17.4019169, 44.9846835], [17.401051, 44.9842051], [17.4032969, 44.9831333], [17.4038752, 44.9834866], [17.4047205, 44.9826499], [17.4056601, 44.982087], [17.4056781, 44.9819785], [17.4057503, 44.9818764], [17.4058495, 44.9817807], [17.4058946, 44.9816659], [17.4059306, 44.9815575], [17.4060389, 44.9814681], [17.4061742, 44.9814235], [17.4062824, 44.9813405], [17.4063997, 44.981264], [17.406544, 44.9812129], [17.4067063, 44.9812129], [17.4068597, 44.9812321], [17.407004, 44.9812704], [17.4071393, 44.9813278], [17.4072656, 44.981398], [17.4073828, 44.9814745], [17.407464, 44.9815766], [17.4075271, 44.9816787], [17.4075993, 44.9817744], [17.4076805, 44.9818637], [17.4078158, 44.9819275], [17.4079871, 44.9819339], [17.4081224, 44.9819849], [17.4082036, 44.9820806], [17.408366, 44.9820997], [17.4085193, 44.9821189], [17.4086456, 44.9821827], [17.4087718, 44.9822465], [17.4089162, 44.9823039], [17.4090785, 44.9823358], [17.4092409, 44.9823549], [17.4093942, 44.9823613], [17.4095385, 44.9823996], [17.4098001, 44.982457], [17.4100887, 44.9823422], [17.4094627, 44.9817628], [17.4122408, 44.9809156], [17.4126864, 44.9817042], [17.4135373, 44.9814847], [17.4150162, 44.9807214], [17.4154464, 44.9811428], [17.4166009, 44.9824124], [17.4169707, 44.9823868], [17.4174397, 44.9820423], [17.4193609, 44.9819466], [17.4194602, 44.9825081], [17.4196856, 44.9826548], [17.4201547, 44.9829419], [17.4206237, 44.9832609], [17.4213362, 44.9834842], [17.4220127, 44.9836373], [17.4233206, 44.9838606], [17.4249171, 44.9841604], [17.4258731, 44.9840838], [17.427163, 44.9841413], [17.4296975, 44.9838542], [17.4316818, 44.9836436], [17.4328273, 44.9836373], [17.4342434, 44.9837457], [17.4352085, 44.9840264], [17.4362458, 44.984473], [17.4364803, 44.984154], [17.4367689, 44.9832226], [17.4370395, 44.9828972], [17.4372199, 44.9827569], [17.4373191, 44.9823868], [17.4390599, 44.9826101], [17.4395921, 44.981819], [17.4398175, 44.9818063], [17.4402054, 44.98113], [17.4410532, 44.9808493], [17.4412697, 44.9795988], [17.441378, 44.9794967], [17.4415223, 44.9794265], [17.4416756, 44.9793755], [17.4418289, 44.9793372], [17.4419642, 44.9792798], [17.4420815, 44.9791968], [17.4421627, 44.9790947], [17.4424242, 44.9789799], [17.443236, 44.9791139], [17.4435697, 44.9799752], [17.4475203, 44.980626], [17.4474572, 44.9808557], [17.4474211, 44.9809641], [17.447367, 44.9810598], [17.4472768, 44.9811428], [17.4471686, 44.9812321], [17.4470423, 44.9813023], [17.446916, 44.9813533], [17.4467717, 44.9813852], [17.4466274, 44.9814235], [17.4464921, 44.9814681], [17.4463658, 44.9815511], [17.4463388, 44.9816595], [17.4463117, 44.9822401], [17.4482239, 44.9820806], [17.4523639, 44.9815447], [17.451931, 44.9812576], [17.4516153, 44.9807408], [17.4516153, 44.9802815], [17.4517867, 44.9800135], [17.4517325, 44.9793946], [17.4513266, 44.9787885], [17.4511282, 44.9781824], [17.4510561, 44.978093], [17.4506321, 44.9774742], [17.4506772, 44.9769318], [17.4507223, 44.975879], [17.4511102, 44.9752665], [17.451029, 44.9751708], [17.4509478, 44.9750751], [17.4508396, 44.9749602], [17.4507764, 44.9748645], [17.4507043, 44.9747497], [17.4506502, 44.9746412], [17.4506231, 44.9744179], [17.450578, 44.9740542], [17.450551, 44.9736267], [17.4504968, 44.9735182], [17.4504337, 44.9734161], [17.4503615, 44.973314], [17.4502984, 44.9731991], [17.4502623, 44.9730715], [17.4502533, 44.9729567], [17.4502172, 44.9728546], [17.4501631, 44.9727397], [17.450118, 44.9726312], [17.4500819, 44.9725228], [17.4500459, 44.9724079], [17.4500459, 44.9722994], [17.4500368, 44.9719868], [17.4500459, 44.9718464], [17.4500368, 44.9717315], [17.4500098, 44.9716231], [17.4499466, 44.971521], [17.4498745, 44.9714252], [17.4497933, 44.9713295], [17.4497031, 44.9712338], [17.4496219, 44.9711445], [17.4495588, 44.9710424], [17.4495137, 44.9709403], [17.4494776, 44.970819], [17.4494957, 44.9707042], [17.4495588, 44.9706021], [17.44964, 44.9704936], [17.449676, 44.9703851], [17.449658, 44.9702766], [17.4495227, 44.9700724], [17.4488372, 44.9695619], [17.4478902, 44.9683367], [17.4477368, 44.9683112], [17.4476015, 44.9682729], [17.4474843, 44.9682091], [17.4473941, 44.9681134], [17.447358, 44.9680113], [17.447358, 44.9679028], [17.447376, 44.9677943], [17.4474301, 44.9676858], [17.4479262, 44.9669009], [17.4479984, 44.9667988], [17.4480705, 44.9666903], [17.4481427, 44.9665882], [17.4481968, 44.9664861], [17.4482509, 44.9663585], [17.448269, 44.96625], [17.448269, 44.9661351], [17.4482058, 44.9657203], [17.448747, 44.9648588], [17.4489004, 44.9648205], [17.4490266, 44.9647503], [17.4491439, 44.9646737], [17.4492521, 44.9645843], [17.4493784, 44.9644695], [17.4494866, 44.9643801], [17.4497482, 44.9640227], [17.4500729, 44.9639653], [17.4502262, 44.963927], [17.4503796, 44.9638887], [17.4505329, 44.9638504], [17.4506863, 44.9638058], [17.4508396, 44.9637547], [17.4509929, 44.9636973], [17.4511282, 44.9636334], [17.4514443, 44.9633898], [17.4518859, 44.9631931], [17.4520482, 44.9631612], [17.4522016, 44.9631293], [17.4523639, 44.9631037], [17.4525443, 44.9630782], [17.4529231, 44.9630144], [17.4530855, 44.9629697], [17.4532298, 44.9629251], [17.4533831, 44.9628804], [17.4535274, 44.9628421], [17.4536718, 44.962791], [17.4538341, 44.9627272], [17.4539694, 44.962657], [17.4541047, 44.9625932], [17.454249, 44.9625166], [17.4549165, 44.9621401], [17.4518227, 44.9594021], [17.4583981, 44.9576341], [17.4581094, 44.9574044], [17.4578479, 44.9569576], [17.4569098, 44.9561725], [17.4565761, 44.9556555], [17.4562965, 44.9553619], [17.4561973, 44.9546789], [17.4559357, 44.9543215], [17.4556773, 44.9542642], [17.45562, 44.9541811], [17.455602, 44.9540598], [17.4555479, 44.953964], [17.4554126, 44.953913], [17.4552682, 44.9539193], [17.4550247, 44.9539832], [17.4548165, 44.9539842], [17.4546188, 44.9540274], [17.4543775, 44.9540557], [17.4540679, 44.9541883], [17.4536267, 44.954213], [17.4534823, 44.9542066], [17.453338, 44.9541747], [17.4531937, 44.95413], [17.4530404, 44.95413], [17.452887, 44.9541491], [17.4527878, 44.9542257], [17.4527157, 44.9543151], [17.4525714, 44.9543279], [17.451949, 44.9544619], [17.4518227, 44.9544236], [17.451931, 44.9543406], [17.451949, 44.9542257], [17.4520121, 44.95413], [17.4520933, 44.9540406], [17.4521655, 44.9539449], [17.4522376, 44.9538428], [17.4522647, 44.9537342], [17.4522647, 44.9532747], [17.4522827, 44.9531661], [17.4523188, 44.9530385], [17.4524812, 44.9530193], [17.4526255, 44.9529747], [17.4527518, 44.9529044], [17.452878, 44.9527002], [17.4529682, 44.9526108], [17.4530945, 44.9525278], [17.4532478, 44.9525278], [17.4534012, 44.9525598], [17.4535545, 44.9525981], [17.4537169, 44.9525789], [17.4538702, 44.952547], [17.4540416, 44.9525023], [17.4541588, 44.9524193], [17.4540957, 44.9523236], [17.4540867, 44.9522087], [17.4542039, 44.9521257], [17.4543302, 44.9520555], [17.4544655, 44.9520044], [17.4546729, 44.9518448], [17.4548263, 44.9518065], [17.4549886, 44.951781], [17.4551329, 44.9517236], [17.4552231, 44.9516342], [17.4553043, 44.9515321], [17.4554216, 44.9514491], [17.4557373, 44.9513789], [17.4559086, 44.9513278], [17.4560169, 44.951232], [17.4559808, 44.951098], [17.4559086, 44.9509895], [17.4559177, 44.9508746], [17.4559357, 44.9507533], [17.4558906, 44.9506512], [17.4557373, 44.9506065], [17.4556561, 44.9505171], [17.4556651, 44.9504086], [17.4556831, 44.9502873], [17.4557012, 44.9501788], [17.4557192, 44.9500575], [17.4558004, 44.9499235], [17.4559718, 44.9499362], [17.4561792, 44.9498596], [17.4578208, 44.9504086], [17.4599044, 44.9502362], [17.4608153, 44.9497383], [17.4609146, 44.9491702], [17.4619969, 44.9472296], [17.4615008, 44.9465465], [17.4629981, 44.9457741], [17.4635663, 44.9450335], [17.4634581, 44.9450208], [17.4633138, 44.945008], [17.4631785, 44.9449697], [17.4630522, 44.9449186], [17.4629259, 44.944842], [17.4628538, 44.9447462], [17.4628448, 44.9446313], [17.4628899, 44.9445164], [17.4629891, 44.9444334], [17.4630973, 44.9443504], [17.4632056, 44.9442738], [17.4633228, 44.9442036], [17.463404, 44.9441015], [17.4633318, 44.9440057], [17.4632146, 44.9439419], [17.4630973, 44.9438844], [17.4628448, 44.9437695], [17.4627275, 44.9436929], [17.4626824, 44.9435907], [17.4626914, 44.9434822], [17.4627365, 44.9431502], [17.4627365, 44.9430353], [17.4627455, 44.9429204], [17.4627906, 44.9428182], [17.4628357, 44.9427097], [17.4628538, 44.9425948], [17.4628538, 44.9424863], [17.4628267, 44.9423713], [17.4627455, 44.942282], [17.4626463, 44.9421926], [17.462042, 44.9417648], [17.4619248, 44.941701], [17.4617895, 44.9416563], [17.4616361, 44.9416371], [17.4614828, 44.9416371], [17.4613385, 44.9416052], [17.4612302, 44.9415286], [17.4611851, 44.9414265], [17.461131, 44.941203], [17.4610859, 44.9411009], [17.4610048, 44.9410051], [17.4608695, 44.940954], [17.4605718, 44.940954], [17.4604185, 44.9409285], [17.4602291, 44.9407625], [17.4601298, 44.9406731], [17.4600396, 44.9405837], [17.4598412, 44.9405071], [17.4597059, 44.9404752], [17.4595706, 44.9404241], [17.4594714, 44.9403347], [17.4593993, 44.9402134], [17.4593542, 44.9401113], [17.459282, 44.93999], [17.4591557, 44.9399325], [17.4590204, 44.9398942], [17.4588671, 44.9398559], [17.4586957, 44.939824], [17.4585424, 44.939824], [17.4584071, 44.9398495], [17.4581726, 44.9399772], [17.4580553, 44.9400474], [17.45792, 44.9400921], [17.4577667, 44.9400921], [17.4576314, 44.9400602], [17.4575232, 44.9399772], [17.4574059, 44.9399197], [17.4572526, 44.939907], [17.4570812, 44.9399197], [17.4569459, 44.9399517], [17.4568286, 44.9400091], [17.4567024, 44.9400921], [17.4565761, 44.9401432], [17.4564318, 44.9401815], [17.4562875, 44.9402006], [17.4561341, 44.9402006], [17.4559628, 44.9401879], [17.4558365, 44.9401368], [17.4557463, 44.9400474], [17.4556831, 44.9399453], [17.455638, 44.9398431], [17.45562, 44.9397346], [17.455611, 44.939626], [17.455629, 44.939211], [17.455629, 44.9391025], [17.455602, 44.9389748], [17.4555479, 44.9388727], [17.4554486, 44.9387769], [17.4553314, 44.9387067], [17.4551871, 44.9386683], [17.4550337, 44.9386683], [17.4548804, 44.938662], [17.4547271, 44.938662], [17.4547, 44.9385853], [17.4548533, 44.9385598], [17.4550698, 44.9384321], [17.4557373, 44.9377745], [17.4557733, 44.9376596], [17.4558906, 44.9375829], [17.456053, 44.9375702], [17.4562153, 44.9375446], [17.4563596, 44.9375063], [17.4565039, 44.9374361], [17.4566302, 44.9373658], [17.4567835, 44.9373595], [17.4569459, 44.9373595], [17.4571083, 44.9373212], [17.4573788, 44.9372062], [17.4575322, 44.9371679], [17.4576945, 44.9371615], [17.4578569, 44.9371615], [17.4580283, 44.9371679], [17.4584883, 44.9372637], [17.4586416, 44.9372892], [17.458813, 44.9372892], [17.4589753, 44.9372765], [17.4591287, 44.9372318], [17.4592459, 44.9371488], [17.459291, 44.9370402], [17.4593812, 44.9366571], [17.4596157, 44.9364273], [17.4596428, 44.9358973], [17.4603734, 44.9355461], [17.4606981, 44.9355206], [17.4609867, 44.9353993], [17.46114, 44.9353418], [17.4612844, 44.9352971], [17.4614287, 44.935246], [17.461573, 44.9351886], [17.4618346, 44.9350481], [17.462015, 44.9349779], [17.4621503, 44.9348885], [17.4622855, 44.9348246], [17.4624028, 44.9347544], [17.4625291, 44.9346714], [17.4626373, 44.9345756], [17.4628628, 44.9341925], [17.4627726, 44.9341095], [17.4628808, 44.9340265], [17.4630342, 44.9339499], [17.4631785, 44.9339115], [17.4633318, 44.933886], [17.4634852, 44.9338605], [17.4636295, 44.9338094], [17.4637738, 44.9337455], [17.4639001, 44.9336753], [17.4639812, 44.9335859], [17.4640534, 44.9334774], [17.4641436, 44.9332539], [17.4641977, 44.9331389], [17.4642699, 44.9330304], [17.4644412, 44.9328324], [17.4645314, 44.9327303], [17.4647209, 44.9325451], [17.4648111, 44.9324429], [17.4648111, 44.9322194], [17.4648471, 44.9321045], [17.4650907, 44.9319576], [17.4652079, 44.9318363], [17.4652801, 44.9317405], [17.4653342, 44.931632], [17.4653613, 44.9315043], [17.4653793, 44.9313957], [17.4653883, 44.9312744], [17.4654064, 44.9311595], [17.4654244, 44.9310445], [17.4654515, 44.930936], [17.4654965, 44.9307699], [17.4655507, 44.9306614], [17.4661911, 44.9300037], [17.4663264, 44.9299462], [17.4664887, 44.9299334], [17.466642, 44.9299334], [17.4668044, 44.9299462], [17.4669668, 44.9299717], [17.4671291, 44.9299717], [17.4672915, 44.9299526], [17.4674448, 44.9299206], [17.4676072, 44.9298632], [17.4677334, 44.9298057], [17.4678597, 44.9297291], [17.4680401, 44.9296397], [17.4681664, 44.9295694], [17.4684099, 44.9293204], [17.4682024, 44.9289372], [17.4682656, 44.928618], [17.4681664, 44.9283753], [17.4682115, 44.9281709], [17.4683017, 44.9280688], [17.4684009, 44.9279794], [17.4684911, 44.92789], [17.4685723, 44.9277814], [17.4686625, 44.9276856], [17.4687346, 44.9275898], [17.4687887, 44.9274877], [17.4687887, 44.9272641], [17.4687707, 44.9271492], [17.4687797, 44.9270343], [17.4687977, 44.9269193], [17.4688699, 44.9268171], [17.4689962, 44.9267405], [17.4691315, 44.926683], [17.4696185, 44.9264723], [17.4710436, 44.9260412], [17.4714405, 44.9258816], [17.4716571, 44.9257315], [17.471787, 44.9255385], [17.4718609, 44.925452], [17.4719771, 44.9254122], [17.4722597, 44.9253917], [17.4723246, 44.9253641], [17.4723502, 44.925338], [17.4724558, 44.9252756], [17.4725562, 44.9251343], [17.4726795, 44.9249025], [17.472766, 44.9247567], [17.4727963, 44.9245851], [17.4727765, 44.9243529], [17.47278, 44.9240642], [17.4726757, 44.9237509], [17.4726238, 44.9233306], [17.4725487, 44.9232249], [17.4723777, 44.9230798], [17.4724559, 44.923081], [17.4762906, 44.9207544], [17.4763684, 44.9207553], [17.4761922, 44.9211624], [17.4763261, 44.9213837], [17.4767024, 44.9216727], [17.4774678, 44.922043], [17.4784882, 44.9225488], [17.4789156, 44.9226121], [17.4795023, 44.9226572], [17.4809629, 44.9233301], [17.4812435, 44.9237094], [17.4826275, 44.9235243], [17.4831122, 44.9237546], [17.4842793, 44.9239352], [17.4883293, 44.9247255], [17.4915583, 44.9245466], [17.4954909, 44.9248213], [17.4954458, 44.9252747], [17.4951121, 44.925479], [17.4947693, 44.9254854], [17.4949768, 44.9260219], [17.4951888, 44.9261049], [17.4952023, 44.9261592], [17.4951437, 44.9262039], [17.4950715, 44.9262326], [17.4949993, 44.9262645], [17.4949317, 44.9262901], [17.4948595, 44.9263188], [17.4947964, 44.9263539], [17.4947378, 44.9263891], [17.4946927, 44.9264338], [17.4946836, 44.926488], [17.4946836, 44.9265423], [17.4946927, 44.9265966], [17.4946431, 44.9266413], [17.494598, 44.9266892], [17.4945709, 44.9267403], [17.4945664, 44.926852], [17.4945438, 44.9269063], [17.4944942, 44.9269478], [17.4944582, 44.9269957], [17.4944446, 44.92705], [17.4944311, 44.9271043], [17.494404, 44.9271554], [17.4943409, 44.9271873], [17.4942642, 44.9272065], [17.4941876, 44.9272129], [17.4940207, 44.927216], [17.4939395, 44.9272288], [17.4938764, 44.9272703], [17.4938448, 44.9273214], [17.4938403, 44.9273789], [17.4937997, 44.92743], [17.4937456, 44.9274683], [17.4936825, 44.9275034], [17.4936193, 44.9275417], [17.4935472, 44.92758], [17.4934885, 44.9276216], [17.4934299, 44.9276567], [17.4933713, 44.9276982], [17.4932811, 44.9277908], [17.4932422, 44.9278587], [17.4932225, 44.927893], [17.4932089, 44.9279504], [17.4931954, 44.9280079], [17.4931638, 44.928059], [17.4931187, 44.9280781], [17.4930827, 44.9281899], [17.4929383, 44.9282442], [17.4928256, 44.9283208], [17.492776, 44.9283687], [17.4927534, 44.928423], [17.4926903, 44.9284549], [17.4926136, 44.9284453], [17.4925505, 44.9284134], [17.4924738, 44.9284006], [17.4924017, 44.9284166], [17.4923656, 44.9284645], [17.492325, 44.9285124], [17.4922483, 44.9285283], [17.4921852, 44.9285667], [17.4921627, 44.9286209], [17.4921581, 44.9286784], [17.4922168, 44.9287774], [17.4922032, 44.9288349], [17.4921762, 44.928886], [17.4921627, 44.9289466], [17.4921176, 44.9289945], [17.4920364, 44.9289945], [17.4919597, 44.9289785], [17.4919146, 44.9290264], [17.4919462, 44.9290743], [17.4920228, 44.9290807], [17.492077, 44.9291158], [17.4920589, 44.9291701], [17.4919958, 44.9292052], [17.4918379, 44.9291829], [17.4917838, 44.9292308], [17.4917432, 44.9292787], [17.4908954, 44.9294766], [17.4904399, 44.9301759], [17.4904489, 44.9302365], [17.4905211, 44.9302557], [17.4905842, 44.9302333], [17.4906519, 44.9302078], [17.4907285, 44.930195], [17.491166, 44.9302685], [17.491193, 44.9303259], [17.4908773, 44.9305814], [17.4908097, 44.9306069], [17.4907466, 44.9306388], [17.4907195, 44.9306899], [17.4907015, 44.9307474], [17.4906654, 44.9307953], [17.4906022, 44.93084], [17.4905346, 44.9308751], [17.4904579, 44.9308974], [17.4903813, 44.9309198], [17.4903271, 44.9309613], [17.4903362, 44.9310188], [17.4903903, 44.9310539], [17.4904579, 44.9310954], [17.4904985, 44.9311401], [17.4905121, 44.9311976], [17.490485, 44.9312518], [17.4904219, 44.931287], [17.4903497, 44.9313061], [17.4903407, 44.9313636], [17.4903722, 44.9314115], [17.4903903, 44.9314657], [17.4903722, 44.93152], [17.4903271, 44.9315711], [17.490264, 44.9316094], [17.4901964, 44.9316382], [17.4901287, 44.9316701], [17.4900881, 44.9317212], [17.490043, 44.9317691], [17.4899754, 44.9318042], [17.4899032, 44.9318201], [17.489822, 44.9318297], [17.4897499, 44.9318138], [17.4897048, 44.9317691], [17.4896371, 44.9317371], [17.4895515, 44.9317435], [17.4894928, 44.9317818], [17.4894613, 44.9318297], [17.4894477, 44.9318872], [17.4894703, 44.9319383], [17.4895154, 44.931983], [17.4895379, 44.9320341], [17.4895244, 44.9320883], [17.4888434, 44.9323342], [17.4874003, 44.932232], [17.487486, 44.9329823], [17.483152, 44.936111], [17.4841081, 44.9370368], [17.4833324, 44.9380265], [17.4828183, 44.9394566], [17.483603, 44.9399419], [17.4838195, 44.9406761], [17.4842614, 44.9405931], [17.4844057, 44.941206], [17.4851724, 44.9421509], [17.4853167, 44.943217], [17.4824845, 44.9442002], [17.4818802, 44.9436512], [17.4806987, 44.9442066], [17.4794088, 44.9433192], [17.4784257, 44.9436256], [17.4784257, 44.9438874], [17.4755394, 44.946109], [17.4751335, 44.9470091], [17.4734559, 44.9482986], [17.4737896, 44.9487966], [17.4743759, 44.949154], [17.4761022, 44.9485565], [17.4764558, 44.9486229], [17.4770782, 44.947779], [17.4774967, 44.9479029], [17.4773884, 44.9481582], [17.4781822, 44.9482795], [17.4782904, 44.948471], [17.4786873, 44.9485412], [17.4787684, 44.9487008], [17.47903, 44.9486497], [17.4792916, 44.9488476], [17.4795081, 44.9487966], [17.4796253, 44.948554], [17.4805994, 44.9486753], [17.4809873, 44.9490391], [17.4814924, 44.9490519], [17.4818456, 44.9489604], [17.4818365, 44.9488743], [17.4818681, 44.9488232], [17.4819267, 44.9487817], [17.4819989, 44.9487562], [17.4820801, 44.9487466], [17.4822379, 44.9487338], [17.4823101, 44.9487402], [17.4823732, 44.9487657], [17.4824499, 44.9487594], [17.482486, 44.9487147], [17.482495, 44.9486604], [17.4825446, 44.9486189], [17.4826077, 44.9485934], [17.4826844, 44.9485902], [17.4827475, 44.9486125], [17.4828016, 44.9486476], [17.4828738, 44.9486636], [17.482955, 44.94867], [17.4830362, 44.9486668], [17.4831173, 44.9486572], [17.483185, 44.9486444], [17.4832481, 44.9486221], [17.4832617, 44.9485678], [17.4832301, 44.94852], [17.4832256, 44.9484657], [17.4832526, 44.9484178], [17.4833248, 44.9483987], [17.4834015, 44.9484051], [17.4834646, 44.9484338], [17.4835142, 44.9484753], [17.4835909, 44.9484785], [17.483654, 44.9484497], [17.483654, 44.9483955], [17.4836089, 44.9483476], [17.4836134, 44.9482902], [17.483672, 44.9482582], [17.4837442, 44.9482614], [17.4837713, 44.9483093], [17.4838028, 44.9483604], [17.483884, 44.9483668], [17.4839607, 44.948354], [17.4840148, 44.9483157], [17.4840103, 44.9482614], [17.4839697, 44.9482167], [17.4840193, 44.9481753], [17.484096, 44.9481816], [17.4841321, 44.9482359], [17.4842087, 44.9482455], [17.4842809, 44.9482199], [17.484326, 44.9481753], [17.4843215, 44.948121], [17.4843846, 44.9480986], [17.4844568, 44.9480923], [17.4845109, 44.9481338], [17.4845966, 44.9481369], [17.4846732, 44.9481146], [17.4847138, 44.9480667], [17.4847183, 44.9480157], [17.4846958, 44.9479614], [17.4846236, 44.9478593], [17.4846101, 44.9478082], [17.4846236, 44.9477475], [17.4846687, 44.9477061], [17.4847409, 44.9476837], [17.4848085, 44.9476709], [17.4848852, 44.9476646], [17.4849799, 44.9477571], [17.4850611, 44.9477444], [17.4851377, 44.947722], [17.4851648, 44.9476709], [17.4851738, 44.9476167], [17.4852324, 44.9475784], [17.4853001, 44.9475656], [17.4853768, 44.9475752], [17.4854489, 44.9475624], [17.4855346, 44.9475369], [17.4856068, 44.9475113], [17.4856383, 44.9474635], [17.4856564, 44.9473549], [17.4856609, 44.9472815], [17.4856564, 44.9472273], [17.4856925, 44.9471762], [17.4858187, 44.9471124], [17.4859676, 44.9470964], [17.4860307, 44.9470549], [17.4860397, 44.9470006], [17.4860397, 44.9469432], [17.4860262, 44.9468889], [17.4860442, 44.9468379], [17.4861119, 44.9468123], [17.4861795, 44.9468442], [17.4862066, 44.9468953], [17.4862472, 44.94694], [17.4863238, 44.9469432], [17.4863779, 44.9469049], [17.486414, 44.9468474], [17.4864456, 44.9467996], [17.4864772, 44.9467485], [17.4865132, 44.9466974], [17.4865493, 44.9466495], [17.4865944, 44.9465889], [17.4866305, 44.9465474], [17.4866801, 44.9465059], [17.4867252, 44.9464612], [17.4866981, 44.9464101], [17.4866621, 44.9463655], [17.486653, 44.946308], [17.4866621, 44.9462569], [17.4866891, 44.9462122], [17.4867117, 44.9461548], [17.4867523, 44.9461133], [17.4868244, 44.9461005], [17.4868515, 44.9460495], [17.4868199, 44.9460016], [17.4867929, 44.9459505], [17.4867929, 44.9458962], [17.486847, 44.9458516], [17.4869101, 44.9458164], [17.4869778, 44.9458037], [17.4870499, 44.9458101], [17.4871266, 44.9458005], [17.4871852, 44.9457718], [17.4871987, 44.9457175], [17.4872258, 44.94566], [17.4872619, 44.9456154], [17.4873115, 44.9455739], [17.4873791, 44.9455451], [17.4874603, 44.9455483], [17.4875189, 44.9455866], [17.487555, 44.9456345], [17.4875866, 44.9456856], [17.4876633, 44.9456983], [17.4878076, 44.9456632], [17.4878707, 44.9456409], [17.4879338, 44.9456122], [17.4879925, 44.9455771], [17.4880105, 44.945526], [17.4879744, 44.9454813], [17.4879248, 44.9454398], [17.4879158, 44.9453887], [17.4879338, 44.9453377], [17.4879789, 44.9452834], [17.4880376, 44.9452483], [17.4881187, 44.9452483], [17.4881909, 44.9452866], [17.4882405, 44.9453313], [17.4883172, 44.9453345], [17.4884344, 44.9453217], [17.4885427, 44.9452483], [17.4886103, 44.9452227], [17.4886825, 44.9452132], [17.4887591, 44.9452196], [17.4888313, 44.9452387], [17.4888989, 44.9452674], [17.4889756, 44.9452738], [17.4890748, 44.9452547], [17.4891425, 44.9452259], [17.4891876, 44.9451844], [17.4892101, 44.9451334], [17.4892778, 44.9451046], [17.4893544, 44.9450983], [17.4894356, 44.9450983], [17.4895078, 44.945111], [17.4895664, 44.9451493], [17.489616, 44.9451908], [17.4896611, 44.9452355], [17.4897017, 44.9452834], [17.4897288, 44.9453313], [17.4897784, 44.9453696], [17.4898505, 44.9453887], [17.4899272, 44.9453855], [17.4899903, 44.9453536], [17.4900309, 44.9453089], [17.4900309, 44.9452547], [17.4900129, 44.9451972], [17.4900625, 44.9451493], [17.4901346, 44.9451334], [17.4902068, 44.9451334], [17.490279, 44.9451557], [17.490297, 44.94521], [17.4902654, 44.945261], [17.4902339, 44.9453121], [17.4902925, 44.9453408], [17.4903692, 44.9453377], [17.4904143, 44.9452962], [17.4904729, 44.945261], [17.4905541, 44.9452547], [17.4906262, 44.9452802], [17.4906623, 44.9453313], [17.4906578, 44.9453855], [17.4906939, 44.9454334], [17.4907615, 44.9454111], [17.4908156, 44.9453792], [17.4908923, 44.9453919], [17.4909284, 44.9454462], [17.4909825, 44.9454877], [17.4910592, 44.9454941], [17.4911313, 44.9454749], [17.4911809, 44.9454334], [17.4911809, 44.9453249], [17.4912035, 44.945277], [17.491217, 44.9452579], [17.4912486, 44.9452132], [17.4913162, 44.9451908], [17.4913884, 44.9451717], [17.4914605, 44.9451653], [17.4915282, 44.9451908], [17.4915778, 44.9452323], [17.4916635, 44.9452355], [17.4917356, 44.9452196], [17.4917943, 44.9451812], [17.4918168, 44.9451302], [17.4918168, 44.9450248], [17.4918394, 44.9449706], [17.491898, 44.9449291], [17.4919701, 44.9449035], [17.4920468, 44.9449004], [17.4920919, 44.9449482], [17.4920919, 44.9450025], [17.4920739, 44.9450568], [17.4920694, 44.9451142], [17.4921009, 44.9451621], [17.4921686, 44.9451876], [17.4922452, 44.9451908], [17.4923264, 44.9451812], [17.4923941, 44.9451621], [17.4924617, 44.9451398], [17.4925294, 44.9451557], [17.4925609, 44.9452036], [17.492579, 44.945261], [17.492579, 44.9453217], [17.4925745, 44.9453855], [17.492579, 44.945443], [17.4926376, 44.9454909], [17.4927007, 44.9455164], [17.4927774, 44.9455196], [17.4928586, 44.94551], [17.4929262, 44.9454877], [17.4929849, 44.9454589], [17.493057, 44.9454589], [17.4931698, 44.9455228], [17.4932464, 44.9455419], [17.4933321, 44.9455419], [17.4934043, 44.9455132], [17.4934494, 44.9454685], [17.4935125, 44.9454366], [17.4935937, 44.9454302], [17.4936658, 44.9454589], [17.4937109, 44.9455036], [17.493747, 44.9456249], [17.493747, 44.9456792], [17.4937696, 44.9457335], [17.4938282, 44.9457718], [17.4939094, 44.9457781], [17.4939815, 44.9457686], [17.4940492, 44.9457494], [17.4941213, 44.9457526], [17.4941709, 44.9457909], [17.4942476, 44.9458133], [17.49441, 44.9458133], [17.494446, 44.9457654], [17.4945002, 44.9457335], [17.4945723, 44.9457462], [17.49464, 44.9457718], [17.4947031, 44.9457526], [17.4947121, 44.9456983], [17.4946896, 44.9456473], [17.4954562, 44.9454845], [17.4955946, 44.9441579], [17.4966409, 44.9443303], [17.4966048, 44.9444835], [17.4976872, 44.9446176], [17.4978135, 44.9445665], [17.4979307, 44.9444963], [17.4980209, 44.9444069], [17.4980931, 44.9443175], [17.4981652, 44.944209], [17.4982464, 44.944126], [17.4983547, 44.944043], [17.4984809, 44.9439728], [17.4986072, 44.9439217], [17.4987425, 44.943877], [17.4988958, 44.9438387], [17.4990492, 44.9438196], [17.5000053, 44.943743], [17.5000684, 44.9435642], [17.5004111, 44.9436217], [17.5005555, 44.9432769], [17.5009253, 44.9433663], [17.5013402, 44.9431556], [17.5014935, 44.9432961], [17.5021159, 44.9431875], [17.5023864, 44.9432769], [17.5047406, 44.9429386], [17.5048939, 44.9429194], [17.5050382, 44.9428875], [17.5051825, 44.9428428], [17.505372, 44.942779], [17.5055343, 44.9427151], [17.5057688, 44.9426193], [17.5059131, 44.9425683], [17.5060304, 44.9425044], [17.5061476, 44.9424087], [17.5062559, 44.9423321], [17.5063912, 44.9421916], [17.5064453, 44.9421022], [17.5064633, 44.9419873], [17.5064633, 44.9418788], [17.5064543, 44.9417766], [17.5064363, 44.9416617], [17.5064363, 44.9415404], [17.5064904, 44.9414446], [17.5065986, 44.9413233], [17.5066978, 44.9412467], [17.5068151, 44.9411765], [17.5069414, 44.9411063], [17.5070226, 44.9410233], [17.5070586, 44.9409147], [17.5077982, 44.9408764], [17.5080959, 44.9411318], [17.5082583, 44.9411573], [17.5084116, 44.9411701], [17.5085649, 44.9412148], [17.5086281, 44.9413106], [17.5086461, 44.9414319], [17.5086551, 44.9415404], [17.5086551, 44.9416489], [17.5086912, 44.9417575], [17.5087994, 44.9418405], [17.5089437, 44.9419171], [17.5090881, 44.9419618], [17.5092414, 44.9420065], [17.5092865, 44.9424534], [17.5092775, 44.9427406], [17.5105402, 44.9424789], [17.5113791, 44.9430024], [17.5114783, 44.943079], [17.5120375, 44.9436791], [17.5126689, 44.9446814], [17.5126148, 44.9449304], [17.5126238, 44.9450389], [17.5127591, 44.9451092], [17.5127591, 44.9452177], [17.512714, 44.9453262], [17.5127861, 44.945422], [17.5128493, 44.9455241], [17.5130026, 44.9455496], [17.5131469, 44.9455496], [17.5133002, 44.9455688], [17.5133724, 44.9456709], [17.5133363, 44.9457795], [17.5134265, 44.945888], [17.5135618, 44.9459327], [17.513634, 44.9460221], [17.5136971, 44.9461242], [17.5137512, 44.94622], [17.5136159, 44.9463157], [17.5136791, 44.946437], [17.5138144, 44.9464817], [17.5138865, 44.9465711], [17.5138414, 44.9466796], [17.5137422, 44.9467753], [17.5137422, 44.9468839], [17.5137963, 44.9470052], [17.5138595, 44.9471073], [17.5140308, 44.9474584], [17.5141301, 44.9475542], [17.5143555, 44.9476308], [17.5144908, 44.9477648], [17.5145179, 44.9478733], [17.5144999, 44.948001], [17.5144367, 44.9481032], [17.5143736, 44.9482117], [17.5143285, 44.948333], [17.5143465, 44.948467], [17.5143826, 44.9485692], [17.5143646, 44.9486777], [17.5143375, 44.948799], [17.5143375, 44.9489075], [17.5143465, 44.9490224], [17.5143285, 44.949265], [17.5143285, 44.9493735], [17.5143916, 44.949482], [17.5145089, 44.9495778], [17.5146261, 44.9496416], [17.5146803, 44.9497565], [17.5146983, 44.949865], [17.5146983, 44.9499735], [17.5146712, 44.9501204], [17.5147254, 44.9502161], [17.5149328, 44.9502416], [17.5150771, 44.9502416], [17.5152214, 44.9502863], [17.5152575, 44.9503885], [17.5152124, 44.9505097], [17.5152485, 44.9506183], [17.5153567, 44.9506885], [17.515474, 44.9507587], [17.5153928, 44.9508608], [17.5152575, 44.9509183], [17.5151132, 44.9509693], [17.515005, 44.9510523], [17.5149959, 44.9511672], [17.5150681, 44.9512757], [17.5151403, 44.9513651], [17.5151132, 44.9514864], [17.5150501, 44.9515821], [17.5148967, 44.9516396], [17.5147524, 44.9516907], [17.5146893, 44.9517928], [17.5146803, 44.9519013], [17.5144818, 44.9519396], [17.5143285, 44.9519141], [17.5141932, 44.9518566], [17.5140579, 44.9519013], [17.514103, 44.9520162], [17.5141932, 44.9520992], [17.5141661, 44.9522141], [17.514121, 44.952329], [17.5142203, 44.9524183], [17.5143465, 44.9524758], [17.5143285, 44.9525843], [17.5142834, 44.9526928], [17.5144187, 44.9527566], [17.5144367, 44.9528715], [17.5144908, 44.9529801], [17.5145991, 44.9531205], [17.5144728, 44.9532098], [17.5144006, 44.953312], [17.5145359, 44.9533567], [17.5145179, 44.9534716], [17.5143826, 44.9535482], [17.5142654, 44.9536439], [17.5141661, 44.9537333], [17.514112, 44.9538354], [17.514103, 44.9539439], [17.5141661, 44.9540524], [17.5142293, 44.9541482], [17.5141391, 44.9542375], [17.5139677, 44.954263], [17.5138324, 44.9543396], [17.5137603, 44.9544545], [17.5137242, 44.954563], [17.5136791, 44.9546652], [17.513643, 44.9547737], [17.5135618, 44.9548694], [17.5133995, 44.954863], [17.5132461, 44.9548311], [17.5131379, 44.9549077], [17.513192, 44.9550162], [17.5133002, 44.9550992], [17.5132461, 44.9552205], [17.513183, 44.9553226], [17.5132461, 44.9554247], [17.5132281, 44.9555396], [17.5130928, 44.9556035], [17.5129124, 44.9556162], [17.512741, 44.9556226], [17.5126238, 44.9557183], [17.5126148, 44.9558332], [17.5126779, 44.955929], [17.5128042, 44.95598], [17.5129304, 44.9560375], [17.5128222, 44.9561141], [17.5126959, 44.9561715], [17.5127771, 44.9562609], [17.512741, 44.9563694], [17.5126689, 44.9564779], [17.5126869, 44.9565928], [17.5125787, 44.9567651], [17.5124524, 44.9568481], [17.5125336, 44.9569374], [17.5124704, 44.9570779], [17.5123442, 44.9571545], [17.512281, 44.9572566], [17.5123351, 44.9573906], [17.5124163, 44.9574864], [17.5124073, 44.9575949], [17.5122991, 44.9576842], [17.5122179, 44.9577799], [17.5122031, 44.9578693], [17.519161, 44.9587003], [17.5190832, 44.9583701], [17.5190742, 44.9581166], [17.519136, 44.9578502], [17.5191901, 44.957748], [17.5192803, 44.9576395], [17.5193795, 44.9575566], [17.5194968, 44.9574991], [17.5196501, 44.9574417], [17.5198124, 44.9574225], [17.5202815, 44.9574225], [17.5204528, 44.9574161], [17.5206152, 44.9573906], [17.5207685, 44.9573587], [17.5209219, 44.9573013], [17.5210481, 44.9572438], [17.5212403, 44.9570413], [17.5213823, 44.9568645], [17.5213819, 44.9567013], [17.5212917, 44.9565736], [17.5212285, 44.9564587], [17.5212376, 44.9562992], [17.5213097, 44.9561396], [17.5213819, 44.9560439], [17.521463, 44.9559545], [17.5215713, 44.9558651], [17.5216615, 44.9557822], [17.5217607, 44.9556864], [17.5219411, 44.9555077], [17.5220403, 44.9553928], [17.5221846, 44.9551886], [17.5222748, 44.9550928], [17.5223921, 44.955029], [17.5225454, 44.9549907], [17.5226987, 44.9550035], [17.522834, 44.9550481], [17.5229513, 44.9551247], [17.5230325, 44.9552205], [17.5231948, 44.9553992], [17.5233031, 44.9554949], [17.5234023, 44.9555779], [17.5235376, 44.9556226], [17.5237089, 44.9556481], [17.5238713, 44.9556545], [17.5240156, 44.9556545], [17.524169, 44.9556354], [17.5243223, 44.9556035], [17.5244395, 44.9555332], [17.5245478, 44.9554566], [17.524629, 44.9553673], [17.5247372, 44.9552652], [17.5248364, 44.9551822], [17.5249356, 44.9550928], [17.5250348, 44.9550162], [17.5251341, 44.9549333], [17.5252603, 44.9548439], [17.5253686, 44.9547737], [17.5254948, 44.9547162], [17.5256301, 44.9546716], [17.5257835, 44.9546652], [17.5259278, 44.9547099], [17.526036, 44.9547992], [17.5261262, 44.9548886], [17.5262074, 44.9549907], [17.5262886, 44.9550992], [17.5263698, 44.955195], [17.526478, 44.9552779], [17.5265952, 44.9553354], [17.5267666, 44.9553545], [17.5269109, 44.9553418], [17.5270282, 44.9552843], [17.5271545, 44.9552269], [17.5272627, 44.9551567], [17.527389, 44.9550864], [17.5275243, 44.9550162], [17.5276505, 44.9549716], [17.5277858, 44.954946], [17.5279302, 44.954946], [17.5280745, 44.9549652], [17.5282098, 44.9549396], [17.528318, 44.9548694], [17.5298874, 44.9539758], [17.5302121, 44.9535482], [17.5301941, 44.953446], [17.530167, 44.9533375], [17.5302662, 44.9532609], [17.5303204, 44.9531652], [17.5303745, 44.9529481], [17.5304106, 44.9528332], [17.5304737, 44.9527439], [17.530591, 44.9526354], [17.5308255, 44.9524949], [17.5314478, 44.9517864], [17.5317184, 44.9511225], [17.5334953, 44.9503502], [17.5334773, 44.9499033], [17.5335043, 44.9497757], [17.5335674, 44.9496288], [17.5336035, 44.9495267], [17.5336667, 44.9493863], [17.5337839, 44.9492203], [17.5338561, 44.9491373], [17.5339643, 44.9490479], [17.5340996, 44.9489713], [17.5342349, 44.9489266], [17.5343792, 44.9488947], [17.5345416, 44.9488628], [17.5347039, 44.9488373], [17.5348573, 44.9488117], [17.5350377, 44.9487798], [17.535209, 44.9487671], [17.5353533, 44.9487415], [17.5354977, 44.9487288], [17.535651, 44.9487224], [17.5361561, 44.9488564], [17.5363365, 44.9486522], [17.5366161, 44.948633], [17.5369498, 44.9488564], [17.5389161, 44.9471711], [17.5415048, 44.9455943], [17.5416581, 44.9455369], [17.5432726, 44.9448921], [17.5431554, 44.9448283], [17.5431644, 44.944592], [17.5431373, 44.9444771], [17.543002, 44.9444197], [17.5429208, 44.9443303], [17.5428667, 44.9442345], [17.5427224, 44.9441899], [17.5426863, 44.9440813], [17.5426863, 44.9439664], [17.5425871, 44.9438834], [17.5424969, 44.9438004], [17.542542, 44.9436983], [17.5424067, 44.9436344], [17.5422534, 44.9436025], [17.5421993, 44.9435004], [17.5422444, 44.9433982], [17.5421632, 44.9433152], [17.542055, 44.9432322], [17.542073, 44.9431237], [17.5419377, 44.943079], [17.5417663, 44.9430662], [17.5416671, 44.9429833], [17.5416581, 44.9428747], [17.5416761, 44.9427726], [17.5417122, 44.9426513], [17.5416942, 44.9425491], [17.541631, 44.9424534], [17.5415408, 44.942364], [17.5414867, 44.9422618], [17.5415048, 44.9421533], [17.5414867, 44.9420448], [17.5413965, 44.9419618], [17.5414687, 44.9418724], [17.5415859, 44.9417958], [17.5415318, 44.9416936], [17.5414867, 44.9415915], [17.541613, 44.9415468], [17.5417483, 44.9415149], [17.5418295, 44.9414255], [17.5419377, 44.9413489], [17.5418655, 44.9412403], [17.5415769, 44.9411637], [17.5415679, 44.9410616], [17.5417122, 44.9409913], [17.5418565, 44.940985], [17.5419918, 44.940953], [17.542064, 44.9408573], [17.5423706, 44.9408573], [17.5424338, 44.9409594], [17.5423887, 44.941068], [17.542524, 44.9410041], [17.5426683, 44.9409913], [17.5427405, 44.940902], [17.5428577, 44.9408445], [17.542993, 44.9408062], [17.542984, 44.9406977], [17.5429208, 44.9405955], [17.543011, 44.9405125], [17.5431103, 44.9405891], [17.5430922, 44.9403529], [17.5432185, 44.940289], [17.5433357, 44.9402124], [17.5433808, 44.9401167], [17.5434801, 44.9400273], [17.5435973, 44.9400975], [17.5436244, 44.9402252], [17.5437777, 44.9401997], [17.5437867, 44.9400656], [17.5437056, 44.9399762], [17.5435793, 44.9399187], [17.5436965, 44.9398677], [17.5438589, 44.9398932], [17.5439852, 44.9398485], [17.5440122, 44.93974], [17.5440483, 44.9396378], [17.5441114, 44.9395421], [17.5442016, 44.9394527], [17.5443009, 44.9393569], [17.544373, 44.9392611], [17.544346, 44.939159], [17.5442377, 44.9390824], [17.5440754, 44.9390504], [17.5439942, 44.9389547], [17.5440844, 44.9388653], [17.5442107, 44.9388206], [17.544346, 44.9387631], [17.5444452, 44.9386801], [17.5444812, 44.938578], [17.5444091, 44.9384758], [17.5443099, 44.9383992], [17.5442467, 44.9382907], [17.5442738, 44.9381694], [17.5444361, 44.9379906], [17.5444722, 44.937882], [17.5444542, 44.9377671], [17.5444452, 44.937665], [17.5445263, 44.9375756], [17.5446707, 44.9375564], [17.5447699, 44.9374798], [17.5446887, 44.9373904], [17.5445624, 44.9373266], [17.5444271, 44.9372691], [17.5443369, 44.9371861], [17.5446887, 44.9369435], [17.544364, 44.9367838], [17.5443099, 44.9366817], [17.5443099, 44.9365731], [17.5442738, 44.936471], [17.5441205, 44.9364391], [17.5439852, 44.9363688], [17.5439761, 44.9362475], [17.5439761, 44.936139], [17.543922, 44.9360368], [17.5437958, 44.9359666], [17.5437236, 44.9358644], [17.5438318, 44.9357878], [17.5439581, 44.9357367], [17.543895, 44.9356154], [17.5437777, 44.9355515], [17.5437326, 44.9354366], [17.5437867, 44.9353281], [17.5436514, 44.9352642], [17.5435883, 44.9351557], [17.5435612, 44.9350407], [17.543444, 44.93483], [17.5432816, 44.9348173], [17.5431373, 44.9348747], [17.542993, 44.9348109], [17.5428577, 44.934747], [17.5426954, 44.934747], [17.542533, 44.9347598], [17.5423887, 44.9347151], [17.5422624, 44.9346576], [17.5421452, 44.9345746], [17.5420459, 44.934498], [17.5419287, 44.9344278], [17.5417934, 44.9343639], [17.5416491, 44.9342873], [17.5414957, 44.9342107], [17.5413695, 44.9341532], [17.5411981, 44.9340894], [17.5410628, 44.934051], [17.5409185, 44.9339872], [17.5407922, 44.933917], [17.5406659, 44.9338339], [17.5405216, 44.9337446], [17.5403863, 44.9336807], [17.54026, 44.9336296], [17.5400977, 44.9335849], [17.5399444, 44.9335977], [17.5398181, 44.9336871], [17.5397549, 44.9337892], [17.5396287, 44.9338467], [17.5394573, 44.9338531], [17.5392949, 44.9338531], [17.5378247, 44.9338723], [17.5368686, 44.9332529], [17.5367784, 44.9331571], [17.5367063, 44.9330486], [17.5366161, 44.9329464], [17.5364808, 44.9328889], [17.5363365, 44.9328378], [17.5361832, 44.9327868], [17.5360569, 44.9327293], [17.5359306, 44.932659], [17.5358224, 44.9325824], [17.5357141, 44.9324866], [17.5356239, 44.9323972], [17.5354886, 44.932327], [17.5353082, 44.9323206], [17.5351459, 44.9323206], [17.5350377, 44.9322376], [17.5350647, 44.9321291], [17.535209, 44.9320716], [17.5353714, 44.9320461], [17.5355247, 44.9320205], [17.535669, 44.9319758], [17.5358314, 44.9319503], [17.5359847, 44.931963], [17.5362282, 44.9321099], [17.5363184, 44.9321993], [17.5364177, 44.9322951], [17.5365259, 44.9323653], [17.5366522, 44.9324419], [17.5367784, 44.9325058], [17.5369137, 44.9325505], [17.537049, 44.9326016], [17.5373016, 44.9327037], [17.5374639, 44.9327612], [17.5375902, 44.9328123], [17.5377436, 44.9328378], [17.5379059, 44.9328187], [17.5381224, 44.9326782], [17.5382216, 44.9326016], [17.538402, 44.9324228], [17.5384832, 44.9323334], [17.5386004, 44.9322376], [17.5386906, 44.932161], [17.5388079, 44.9320652], [17.5389071, 44.9319886], [17.5390153, 44.9319183], [17.5391236, 44.9318353], [17.5391957, 44.9317459], [17.5392589, 44.9316502], [17.539313, 44.9315352], [17.5393671, 44.931433], [17.5394032, 44.9313309], [17.5394934, 44.9312543], [17.5396467, 44.9312543], [17.5398091, 44.931267], [17.5399444, 44.9313117], [17.5400796, 44.931382], [17.540233, 44.9314522], [17.5403412, 44.9315288], [17.5404404, 44.9316118], [17.5405487, 44.9316885], [17.5406659, 44.9317523], [17.5407832, 44.9318289], [17.5407922, 44.9319375], [17.5409004, 44.9320141], [17.5411891, 44.932078], [17.5413244, 44.9321227], [17.5414146, 44.9322248], [17.5414957, 44.932327], [17.541595, 44.9324228], [17.5417573, 44.9324803], [17.5419197, 44.9325122], [17.542064, 44.9325313], [17.5422173, 44.9325313], [17.5423706, 44.932525], [17.5425059, 44.9324547], [17.5425871, 44.9323717], [17.5426593, 44.9322823], [17.5427224, 44.9321738], [17.5428487, 44.9319439], [17.5429208, 44.9318481], [17.543002, 44.9317651], [17.5430742, 44.9316757], [17.5431914, 44.9316246], [17.5433357, 44.9315863], [17.5435883, 44.9314714], [17.5437236, 44.9314139], [17.5438769, 44.931382], [17.5440483, 44.9313564], [17.5442107, 44.9313309], [17.544355, 44.9312926], [17.5444812, 44.9312479], [17.5445624, 44.9311585], [17.5446346, 44.9310691], [17.5447158, 44.9309797], [17.544842, 44.9309286], [17.5461228, 44.9329655], [17.5460507, 44.9331443], [17.5466369, 44.9333806], [17.5470068, 44.9342426], [17.5473315, 44.9344086], [17.5474487, 44.9355515], [17.5481162, 44.9353089], [17.5491625, 44.9352642], [17.5496315, 44.9349386], [17.550786, 44.9349386], [17.5522382, 44.9353728], [17.5533205, 44.9352195], [17.5533746, 44.9351174], [17.5534739, 44.9350407], [17.5536272, 44.9350727], [17.5536903, 44.9351748], [17.5537354, 44.9352834], [17.5538797, 44.9352898], [17.5539339, 44.935194], [17.5540511, 44.9351237], [17.5541684, 44.9351812], [17.5543217, 44.9351876], [17.5543127, 44.935079], [17.5544119, 44.9350024], [17.5545562, 44.9350344], [17.5546554, 44.9349641], [17.5547907, 44.9349322], [17.554926, 44.9349897], [17.5549801, 44.9348939], [17.5551335, 44.9348811], [17.5552778, 44.9349067], [17.5554131, 44.934862], [17.555395, 44.9347598], [17.5554401, 44.9346576], [17.5555935, 44.9346449], [17.5557558, 44.9346385], [17.5559001, 44.9346066], [17.5559994, 44.9345299], [17.5560174, 44.9344214], [17.5560625, 44.9343192], [17.5561888, 44.9342426], [17.5563241, 44.9341979], [17.5569464, 44.934051], [17.5569825, 44.9341532], [17.5571268, 44.934166], [17.5572621, 44.9341021], [17.5574064, 44.9340957], [17.5575147, 44.9341724], [17.557677, 44.9342043], [17.5578213, 44.9341724], [17.5579476, 44.9341085], [17.5581009, 44.9341085], [17.5582362, 44.9341468], [17.5583986, 44.934134], [17.5585249, 44.934083], [17.558561, 44.9339744], [17.5587053, 44.9339425], [17.5588676, 44.9339425], [17.55903, 44.9339744], [17.5591833, 44.934], [17.5593276, 44.9340127], [17.5594719, 44.9340447], [17.5594088, 44.9341468], [17.5594449, 44.9342618], [17.5595982, 44.9342681], [17.5597425, 44.9342426], [17.5598508, 44.9343256], [17.559959, 44.9343958], [17.5601123, 44.9343575], [17.5602476, 44.934332], [17.5603919, 44.9343831], [17.5605453, 44.9344086], [17.5606986, 44.9344086], [17.5608519, 44.9343958], [17.560897, 44.9342937], [17.5609331, 44.9341979], [17.5610684, 44.9341596], [17.5611676, 44.9342426], [17.5612939, 44.9342873], [17.5614112, 44.9342298], [17.5614653, 44.934332], [17.5615916, 44.9344022], [17.5617449, 44.9343767], [17.5618622, 44.9343192], [17.5619974, 44.9343511], [17.5620606, 44.9344533], [17.5622049, 44.9344916], [17.56225, 44.9345938], [17.5623943, 44.9346193], [17.5625296, 44.9345746], [17.5626739, 44.9345874], [17.5626649, 44.9346959], [17.5625837, 44.9347981], [17.5626378, 44.9349067], [17.5627912, 44.9349386], [17.5628814, 44.9350344], [17.5627641, 44.9351174], [17.5626739, 44.9352068], [17.5626649, 44.9353153], [17.5626378, 44.9354366], [17.5626018, 44.9358261], [17.5624394, 44.9358389], [17.5625837, 44.9361517], [17.5625025, 44.9362475], [17.5623492, 44.9362858], [17.5621869, 44.936273], [17.5620425, 44.9363114], [17.5619974, 44.9364199], [17.5621508, 44.9364518], [17.5623041, 44.9364518], [17.5626739, 44.9364901], [17.562692, 44.93672], [17.562719, 44.9368285], [17.5626829, 44.9369371], [17.5625567, 44.9370137], [17.5624304, 44.9370775], [17.5623402, 44.9371733], [17.5624484, 44.9373776], [17.5624394, 44.9374926], [17.5625025, 44.9375947], [17.5626378, 44.9376266], [17.5627641, 44.9375756], [17.5628363, 44.9374862], [17.5629806, 44.9374543], [17.5630618, 44.93755], [17.5630798, 44.9376586], [17.5631069, 44.9377671], [17.563188, 44.9378693], [17.5632963, 44.9379523], [17.5634316, 44.9379842], [17.5635849, 44.9380161], [17.5635218, 44.9381247], [17.5634316, 44.938214], [17.5635308, 44.9383034], [17.5636841, 44.9383226], [17.5638194, 44.93838], [17.5639277, 44.9384567], [17.5640359, 44.9385461], [17.5641351, 44.9386354], [17.5642433, 44.9387376], [17.5643335, 44.938827], [17.5644057, 44.9389164], [17.5644779, 44.9390313], [17.5645681, 44.9391271], [17.5646943, 44.9392101], [17.5648386, 44.9392356], [17.564992, 44.9392356], [17.5651453, 44.9392547], [17.5652355, 44.9391654], [17.5653798, 44.9391143], [17.5655332, 44.9391462], [17.5656414, 44.9392228], [17.5656865, 44.9393314], [17.5656865, 44.9394463], [17.5655963, 44.9395421], [17.565461, 44.9396059], [17.5653528, 44.9396953], [17.5652582, 44.9397759], [17.5649469, 44.9398549], [17.5648026, 44.9399187], [17.5647845, 44.9400337], [17.5649108, 44.9400975], [17.5650641, 44.9400911], [17.5651814, 44.9400337], [17.5653257, 44.9400337], [17.5653708, 44.9401358], [17.5652716, 44.9402252], [17.5651814, 44.9403146], [17.5651994, 44.9404295], [17.5653155, 44.9404898], [17.5653831, 44.9405121], [17.5654553, 44.9405185], [17.5655815, 44.9404451], [17.5656447, 44.9404132], [17.5657168, 44.9403972], [17.565798, 44.940394], [17.5658521, 44.9404291], [17.5658792, 44.9404802], [17.5658972, 44.9405345], [17.5659649, 44.9405536], [17.566037, 44.940576], [17.5660731, 44.9406239], [17.5660911, 44.9407356], [17.5660911, 44.9407899], [17.5660596, 44.9408378], [17.5659919, 44.9408729], [17.5659062, 44.9408952], [17.5658431, 44.9409239], [17.5658341, 44.9409814], [17.5658747, 44.9410293], [17.5659062, 44.9410772], [17.5658927, 44.9411314], [17.5658296, 44.9411602], [17.5657664, 44.9411953], [17.5657484, 44.9412496], [17.56578, 44.9413038], [17.5658431, 44.9413325], [17.5659333, 44.9413357], [17.5661002, 44.9413357], [17.5661723, 44.9413485], [17.56624, 44.941374], [17.5662806, 44.9414187], [17.5662806, 44.941473], [17.566231, 44.9415177], [17.5661633, 44.9415464], [17.5660821, 44.9415528], [17.5660055, 44.9415879], [17.5659874, 44.9416486], [17.5659649, 44.9417092], [17.5659198, 44.9417571], [17.5658431, 44.9417667], [17.5657619, 44.9417539], [17.5656988, 44.9417156], [17.5656492, 44.9416677], [17.5656131, 44.9416198], [17.5655725, 44.941572], [17.5654959, 44.9415464], [17.5654192, 44.9415688], [17.5653651, 44.9416135], [17.5653155, 44.941655], [17.5652613, 44.9416996], [17.5651982, 44.9417348], [17.5651351, 44.9417763], [17.5651035, 44.9418241], [17.5650404, 44.9418593], [17.5649727, 44.9418816], [17.564887, 44.9418976], [17.5648058, 44.9419103], [17.5647292, 44.9419295], [17.5646796, 44.9419774], [17.5646706, 44.9420348], [17.5646841, 44.9420891], [17.5647382, 44.9421242], [17.5648149, 44.9421402], [17.5650945, 44.9421944], [17.5651621, 44.9422168], [17.5653109, 44.9422647], [17.5655274, 44.9423381], [17.5655951, 44.9423604], [17.5656582, 44.9423892], [17.5656988, 44.9424434], [17.5656988, 44.9424977], [17.5656357, 44.942536], [17.5655635, 44.9425551], [17.56532, 44.9425583], [17.5652433, 44.9425711], [17.5651757, 44.942603], [17.5651125, 44.9426413], [17.5650719, 44.9426892], [17.5650855, 44.9427467], [17.5651531, 44.9427722], [17.5652162, 44.9428041], [17.5652027, 44.9429159], [17.5652162, 44.9429701], [17.5652704, 44.9430084], [17.5653109, 44.9430563], [17.5653651, 44.943101], [17.5654237, 44.9431393], [17.5654868, 44.9431712], [17.5655274, 44.9432159], [17.5655364, 44.9432702], [17.5654823, 44.9433085], [17.5654102, 44.9433308], [17.5652523, 44.9433276], [17.5651757, 44.9433244], [17.5649998, 44.9433244], [17.5649276, 44.9433532], [17.5649006, 44.9434074], [17.5649186, 44.9434617], [17.5649772, 44.9434936], [17.5650539, 44.9435032], [17.565126, 44.9435], [17.5651982, 44.9434936], [17.5652749, 44.9434809], [17.5653515, 44.9434681], [17.5654372, 44.9434649], [17.5655094, 44.9434649], [17.5655815, 44.9434713], [17.5656537, 44.9434872], [17.5657078, 44.9435287], [17.5657484, 44.9435734], [17.5657935, 44.9436564], [17.5658115, 44.9437681], [17.5658521, 44.9438192], [17.5659062, 44.9438639], [17.5659378, 44.9439118], [17.5659694, 44.9439629], [17.5660055, 44.9440107], [17.5660821, 44.9441161], [17.5661227, 44.944164], [17.5661633, 44.9442182], [17.5662039, 44.9442661], [17.5662445, 44.9443108], [17.5663121, 44.9443331], [17.5663617, 44.9442853], [17.5663798, 44.9441735], [17.5664068, 44.9441225], [17.5664745, 44.9441033], [17.5665512, 44.9441161], [17.5666053, 44.9441608], [17.5666819, 44.9443012], [17.5667045, 44.9443555], [17.5667315, 44.9444066], [17.5667631, 44.94448], [17.5667992, 44.9445247], [17.5668488, 44.944563], [17.5669164, 44.9445821], [17.5669886, 44.9445949], [17.5670563, 44.9446108], [17.5671104, 44.9446491], [17.5671239, 44.9447066], [17.5671059, 44.9447641], [17.5670923, 44.9448183], [17.5671645, 44.9448375], [17.5672321, 44.9448215], [17.5672592, 44.9447768], [17.5673223, 44.9447545], [17.5673945, 44.9447577], [17.5674666, 44.9447768], [17.5675298, 44.9448087], [17.5675749, 44.9448566], [17.5675749, 44.9449141], [17.5675163, 44.9449524], [17.5674396, 44.9449715], [17.5672908, 44.9450226], [17.5672321, 44.9450609], [17.567187, 44.9451056], [17.567178, 44.9451631], [17.5671961, 44.9452173], [17.5672547, 44.9452524], [17.5673404, 44.9452716], [17.5674261, 44.9452844], [17.5675027, 44.9452875], [17.5676561, 44.9452716], [17.5679131, 44.9452046], [17.5679808, 44.9451822], [17.568107, 44.9451152], [17.5681567, 44.9450609], [17.5681837, 44.9450067], [17.5681837, 44.9449492], [17.5681612, 44.9449013], [17.5680845, 44.9448598], [17.5679988, 44.9448534], [17.5678319, 44.9448566], [17.5677553, 44.9448407], [17.5677012, 44.9448024], [17.5676561, 44.9447577], [17.5676155, 44.9447098], [17.5675523, 44.9446045], [17.5674937, 44.9445598], [17.5674396, 44.9445183], [17.567381, 44.94448], [17.5673268, 44.9444321], [17.5672817, 44.9443874], [17.5672412, 44.9443395], [17.5672186, 44.9442884], [17.5672096, 44.944231], [17.5672412, 44.9441703], [17.5672998, 44.944132], [17.5673765, 44.9441225], [17.5674531, 44.9441352], [17.5675298, 44.9441576], [17.5675929, 44.9441895], [17.5676245, 44.9442374], [17.567647, 44.9442884], [17.5676741, 44.9443395], [17.5677102, 44.9443874], [17.5677823, 44.9444129], [17.5678319, 44.9443746], [17.5678139, 44.9443172], [17.5677733, 44.9442693], [17.5677327, 44.9442214], [17.5676967, 44.9441671], [17.5676876, 44.9441097], [17.5677147, 44.944065], [17.5677823, 44.9440299], [17.5678725, 44.9440012], [17.5679402, 44.9439852], [17.5680033, 44.9439565], [17.5680665, 44.9439277], [17.5681476, 44.9439182], [17.5682243, 44.9439373], [17.5682874, 44.9439597], [17.568337, 44.9440075], [17.5683686, 44.9440554], [17.5683686, 44.9441097], [17.5683506, 44.9441735], [17.568328, 44.9442278], [17.5683235, 44.9442853], [17.5683596, 44.9443331], [17.5684363, 44.9443395], [17.5685851, 44.9443363], [17.5686527, 44.9443651], [17.5687294, 44.9444544], [17.56877, 44.9444991], [17.5688376, 44.9445278], [17.5689098, 44.9445342], [17.5690541, 44.9445342], [17.5692074, 44.9445247], [17.5692931, 44.9445119], [17.5693427, 44.9444736], [17.5693202, 44.9444161], [17.5692165, 44.9443236], [17.5691714, 44.9442821], [17.5691172, 44.9441767], [17.5690992, 44.9440714], [17.5690947, 44.9440171], [17.5690812, 44.9439565], [17.5690451, 44.9438511], [17.569018, 44.9438001], [17.5689955, 44.9437522], [17.5689594, 44.9437043], [17.5689278, 44.9436564], [17.5689053, 44.9436053], [17.5689053, 44.9435511], [17.5689323, 44.9434936], [17.5693833, 44.9432255], [17.5694194, 44.9431808], [17.5694284, 44.9431297], [17.5694284, 44.9430755], [17.5693112, 44.9426126], [17.5693743, 44.9425839], [17.569442, 44.9425647], [17.5695186, 44.9425583], [17.5695908, 44.9425647], [17.5696539, 44.9425903], [17.5697216, 44.9426286], [17.5697802, 44.9426605], [17.5698524, 44.9426764], [17.5699245, 44.9426796], [17.5700012, 44.9426605], [17.5700643, 44.9426318], [17.5700914, 44.9425807], [17.5701049, 44.9425296], [17.5701049, 44.9424722], [17.5700824, 44.9424051], [17.5699741, 44.9421976], [17.5699561, 44.942137], [17.5699471, 44.9420859], [17.5699471, 44.9420284], [17.5699831, 44.9419806], [17.5700508, 44.941955], [17.5701184, 44.9419359], [17.5701906, 44.9419295], [17.5702627, 44.9419454], [17.5703304, 44.9419742], [17.570398, 44.9420061], [17.5704612, 44.9420348], [17.5705378, 44.9420476], [17.5706957, 44.9420444], [17.5707859, 44.9420316], [17.5708851, 44.9420157], [17.5709753, 44.9419997], [17.571052, 44.9419838], [17.571088, 44.9419327], [17.571079, 44.9418784], [17.5710475, 44.9418305], [17.5709798, 44.9417986], [17.5709031, 44.9417858], [17.5708355, 44.9417475], [17.5707859, 44.941473], [17.5707228, 44.9414411], [17.5706416, 44.9414251], [17.5704792, 44.9414155], [17.5704026, 44.9413996], [17.570362, 44.9413517], [17.570362, 44.941291], [17.57038, 44.9412336], [17.5704296, 44.9411921], [17.5704927, 44.9411634], [17.5705694, 44.9411538], [17.5706416, 44.9411474], [17.5707047, 44.9411187], [17.5707724, 44.9410899], [17.5707633, 44.9410389], [17.5707137, 44.9409974], [17.5706731, 44.9409527], [17.5706506, 44.9408984], [17.570435, 44.9407496], [17.5701365, 44.9407931], [17.5699696, 44.9407931], [17.5698884, 44.9407835], [17.5698163, 44.9407611], [17.5697441, 44.9407324], [17.569699, 44.9406909], [17.569672, 44.940643], [17.5696584, 44.9405856], [17.5696539, 44.9404738], [17.5696945, 44.9403589], [17.5697667, 44.9402472], [17.5698118, 44.9402025], [17.5698749, 44.9401802], [17.5699561, 44.9401961], [17.5702357, 44.9404228], [17.5702988, 44.9404547], [17.5703665, 44.9404802], [17.5704341, 44.9405058], [17.5705198, 44.9405217], [17.5706055, 44.9405377], [17.5706822, 44.9405473], [17.5707588, 44.9405377], [17.5708175, 44.9405026], [17.5708445, 44.9404483], [17.570822, 44.940394], [17.5707543, 44.9403653], [17.5706731, 44.9403493], [17.570592, 44.9403366], [17.5705108, 44.9403334], [17.5704341, 44.9403206], [17.5703575, 44.9403047], [17.5702988, 44.9402727], [17.5702537, 44.940228], [17.5702402, 44.9401738], [17.5702853, 44.9401291], [17.570362, 44.9401067], [17.5704522, 44.9400972], [17.5705288, 44.9400844], [17.5705965, 44.940062], [17.5706461, 44.940011], [17.5706777, 44.9399631], [17.5707318, 44.939928], [17.5708039, 44.9399088], [17.5708761, 44.9398928], [17.5709528, 44.9398833], [17.5710249, 44.9398833], [17.5710926, 44.9398673], [17.5711512, 44.9398322], [17.5711692, 44.9397779], [17.5711331, 44.93973], [17.571061, 44.9396981], [17.5708986, 44.9397332], [17.5708265, 44.9397492], [17.5707453, 44.939746], [17.5706777, 44.9397077], [17.5706596, 44.939647], [17.5706641, 44.9395864], [17.5707047, 44.9395257], [17.5706912, 44.9394427], [17.5707408, 44.9394044], [17.5708671, 44.9393502], [17.5709392, 44.939331], [17.5710069, 44.9393182], [17.5711647, 44.9393087], [17.5712008, 44.9392576], [17.5711918, 44.9392033], [17.5711331, 44.9391554], [17.5710475, 44.939149], [17.5709663, 44.9391554], [17.5708851, 44.939165], [17.5708039, 44.9391618], [17.5706637, 44.9391232], [17.5703214, 44.9388905], [17.5703124, 44.9388394], [17.5703259, 44.9387787], [17.5703529, 44.9387245], [17.5703935, 44.938683], [17.5704927, 44.9386], [17.5705514, 44.9385617], [17.57061, 44.9385233], [17.5706416, 44.9384755], [17.5709347, 44.938153], [17.5710024, 44.9381307], [17.5710835, 44.9381243], [17.5711647, 44.9381307], [17.5712324, 44.9381626], [17.5712684, 44.9382073], [17.5712865, 44.9382584], [17.571309, 44.9383158], [17.5713586, 44.9383669], [17.5714218, 44.9384052], [17.5714939, 44.9384212], [17.5715661, 44.9384052], [17.5715886, 44.938351], [17.5715751, 44.9382935], [17.571539, 44.9382456], [17.5714939, 44.9381945], [17.5714488, 44.9381498], [17.5714353, 44.9380924], [17.5716022, 44.9379902], [17.5716653, 44.9379583], [17.5717014, 44.9379168], [17.5717014, 44.9378625], [17.5716788, 44.9378114], [17.5716382, 44.9377636], [17.5715977, 44.9377189], [17.5714939, 44.9376327], [17.5714579, 44.9375816], [17.5714533, 44.9375273], [17.5714624, 44.9374699], [17.5714804, 44.9374156], [17.5715075, 44.9373677], [17.5716247, 44.9372336], [17.5717149, 44.9372049], [17.5717871, 44.9371889], [17.5718637, 44.9371825], [17.5719359, 44.9371698], [17.5720216, 44.9371602], [17.5721839, 44.9371602], [17.5722696, 44.937157], [17.5723463, 44.9371474], [17.5724139, 44.9371251], [17.5724816, 44.9370932], [17.5725267, 44.9370548], [17.5725537, 44.9370101], [17.5725492, 44.9369559], [17.5725041, 44.9369112], [17.572423, 44.9368856], [17.5723418, 44.9368825], [17.5722471, 44.9368984], [17.5721659, 44.9369112], [17.5720847, 44.936892], [17.5720757, 44.9368378], [17.5720757, 44.9367292], [17.5720486, 44.9366686], [17.5720261, 44.9366111], [17.5720035, 44.93656], [17.5719539, 44.9365185], [17.5718863, 44.9364898], [17.5718231, 44.9364547], [17.5718322, 44.9363972], [17.5718682, 44.9363493], [17.5719179, 44.9363046], [17.571981, 44.9362695], [17.5720486, 44.936244], [17.5721208, 44.9362184], [17.5721659, 44.9361801], [17.5722335, 44.9360875], [17.5722832, 44.9360237], [17.5723373, 44.935979], [17.5724545, 44.9359119], [17.5725402, 44.93588], [17.5726169, 44.9358641], [17.5727071, 44.9358577], [17.5727973, 44.9358577], [17.5728694, 44.9358672], [17.5729371, 44.9358928], [17.5729732, 44.9359375], [17.5730047, 44.9359854], [17.5730679, 44.9360173], [17.57314, 44.9360269], [17.5732077, 44.9359981], [17.5732257, 44.9359439], [17.5732167, 44.9358896], [17.5732032, 44.9358353], [17.5732032, 44.935781], [17.5732257, 44.93573], [17.5732437, 44.9356789], [17.5732528, 44.9356246], [17.5732347, 44.935564], [17.5731806, 44.935465], [17.5731626, 44.9354139], [17.5731581, 44.9353628], [17.5731851, 44.9353181], [17.5732618, 44.9353054], [17.5733339, 44.9353213], [17.5734016, 44.9353373], [17.5734647, 44.9353596], [17.5735414, 44.935366], [17.5736181, 44.9353532], [17.5736587, 44.9353117], [17.5737038, 44.9352575], [17.5737488, 44.9352128], [17.5738075, 44.9351745], [17.5738841, 44.9351521], [17.5739698, 44.9351425], [17.574042, 44.9351266], [17.5741051, 44.9351042], [17.5741683, 44.9350659], [17.5742314, 44.9350436], [17.5743036, 44.9350436], [17.5743667, 44.9350819], [17.5744118, 44.9351266], [17.5744298, 44.9351872], [17.5744253, 44.9352479], [17.5743892, 44.935299], [17.5743487, 44.9353469], [17.5743306, 44.9354011], [17.5743487, 44.935465], [17.5743892, 44.9355161], [17.5744659, 44.9355256], [17.5745426, 44.9355256], [17.5746147, 44.9355097], [17.5746824, 44.9354905], [17.5747365, 44.9355256], [17.5747861, 44.9355703], [17.5748447, 44.9356055], [17.5749079, 44.935631], [17.5749845, 44.935647], [17.5750477, 44.9356853], [17.5750747, 44.9357364], [17.5751153, 44.9357874], [17.5751694, 44.9358257], [17.5752416, 44.9358609], [17.5753093, 44.9358864], [17.5753859, 44.9358992], [17.5754355, 44.9358641], [17.5754626, 44.935813], [17.5755438, 44.9358066], [17.5756204, 44.9358162], [17.5756836, 44.9358417], [17.5757467, 44.9358736], [17.5758008, 44.9359087], [17.5758234, 44.9359598], [17.5758595, 44.9360109], [17.5759316, 44.9360364], [17.5760083, 44.936046], [17.5760849, 44.936062], [17.5761436, 44.9360907], [17.5761887, 44.9361322], [17.5762067, 44.9361833], [17.5761932, 44.9362408], [17.5761346, 44.9362759], [17.5760534, 44.9362727], [17.5759767, 44.9362535], [17.5758955, 44.9362695], [17.5758775, 44.936327], [17.5758955, 44.9363876], [17.5759136, 44.9364387], [17.575891, 44.936493], [17.5758234, 44.9365185], [17.5757467, 44.9365185], [17.57567, 44.9364994], [17.5756069, 44.9365313], [17.5755979, 44.9365887], [17.5756565, 44.9366302], [17.5757242, 44.9366526], [17.5757332, 44.9367101], [17.5756926, 44.9367579], [17.575661, 44.9368058], [17.57567, 44.9368601], [17.5757016, 44.9369112], [17.5757693, 44.9369335], [17.5758414, 44.9369367], [17.5759136, 44.9369208], [17.5759496, 44.9368761], [17.5760218, 44.9368569], [17.576103, 44.9368633], [17.5761616, 44.9369016], [17.5761706, 44.9369591], [17.5761706, 44.9370197], [17.5761571, 44.937074], [17.5760804, 44.9371634], [17.5760714, 44.9372177], [17.5760714, 44.9372751], [17.576121, 44.937323], [17.5761842, 44.9373454], [17.5762518, 44.9373613], [17.5763375, 44.9373837], [17.5764097, 44.9373964], [17.5764863, 44.9374028], [17.5765449, 44.9374379], [17.5765585, 44.9374954], [17.5765449, 44.9375497], [17.5764818, 44.9375784], [17.5764006, 44.9375944], [17.5762338, 44.9375944], [17.5761661, 44.9376263], [17.576112, 44.9376774], [17.5760669, 44.9377284], [17.5760218, 44.9377731], [17.5759857, 44.937821], [17.5759632, 44.9378753], [17.5759632, 44.9379934], [17.5759902, 44.9380445], [17.5760308, 44.9380924], [17.5761075, 44.9381179], [17.5761842, 44.9381371], [17.5762563, 44.9381466], [17.5763871, 44.9381754], [17.5764683, 44.938185], [17.5765359, 44.9382265], [17.5765855, 44.9382743], [17.5765946, 44.9383318], [17.576572, 44.9383861], [17.5765134, 44.9384308], [17.5764412, 44.9384563], [17.5763691, 44.9384723], [17.5762924, 44.9384787], [17.5762067, 44.9384914], [17.5761346, 44.9385202], [17.5760849, 44.9385648], [17.5760714, 44.9386191], [17.5760804, 44.9386766], [17.5761165, 44.9387213], [17.5761887, 44.9387308], [17.5762653, 44.9387308], [17.576342, 44.9387213], [17.5764953, 44.9387085], [17.576581, 44.9387149], [17.5766577, 44.9387308], [17.5767299, 44.9387564], [17.5767795, 44.9387979], [17.576802, 44.9388522], [17.576793, 44.9389224], [17.5767208, 44.9389479], [17.5766532, 44.9389703], [17.5766306, 44.9390213], [17.5766802, 44.9390597], [17.5768291, 44.9391012], [17.5769193, 44.9391522], [17.5769599, 44.9392001], [17.5770004, 44.9392448], [17.5778303, 44.9393534], [17.5778528, 44.939414], [17.5778573, 44.9395832], [17.5778844, 44.9396438], [17.577952, 44.9397492], [17.5780152, 44.9397811], [17.5780918, 44.9397843], [17.5781414, 44.939746], [17.5781459, 44.9396917], [17.5781504, 44.9396375], [17.5781459, 44.9395864], [17.5781459, 44.9395321], [17.5781955, 44.9394874], [17.5782767, 44.9394747], [17.5783669, 44.9394747], [17.5784436, 44.9394938], [17.5785067, 44.9395225], [17.5785699, 44.9395609], [17.5786105, 44.9396055], [17.578633, 44.9396662], [17.5786375, 44.9397237], [17.5786014, 44.9398354], [17.5786105, 44.939896], [17.5786465, 44.9399439], [17.5787142, 44.9399663], [17.5787908, 44.9399695], [17.5788675, 44.9399727], [17.5789352, 44.9399439], [17.5789893, 44.9399088], [17.5791426, 44.9397779], [17.5792057, 44.939746], [17.5792689, 44.9397109], [17.5795026, 44.9395921], [17.5796342, 44.9395736], [17.579792, 44.939564], [17.5798777, 44.939564], [17.5799544, 44.9395768], [17.5800265, 44.9395992], [17.5801528, 44.939663], [17.5801934, 44.9397141], [17.580225, 44.939762], [17.5802475, 44.939813], [17.5802565, 44.9398705], [17.5802791, 44.9399248], [17.5803197, 44.939979], [17.5803693, 44.9400205], [17.5804324, 44.9400493], [17.5805091, 44.9400716], [17.5805858, 44.940078], [17.5807346, 44.940078], [17.5814336, 44.9399631], [17.5814832, 44.9399216], [17.5814877, 44.9398673], [17.5814516, 44.9398194], [17.581393, 44.9397779], [17.5814246, 44.9397332], [17.5814877, 44.9397045], [17.5815464, 44.939679], [17.581596, 44.9396407], [17.581623, 44.939596], [17.581632, 44.9395417], [17.581632, 44.9394874], [17.581623, 44.9394332], [17.5816005, 44.9393821], [17.5815869, 44.9393278], [17.5815869, 44.9392767], [17.5816411, 44.9392416], [17.5817087, 44.9392225], [17.5817944, 44.9392129], [17.5821281, 44.9392097], [17.5822048, 44.9392193], [17.582286, 44.9392416], [17.5823581, 44.9392576], [17.5824438, 44.9392672], [17.5825205, 44.9392895], [17.582773, 44.9393087], [17.5828587, 44.9393055], [17.5829354, 44.9393023], [17.5830121, 44.9392895], [17.5830842, 44.939264], [17.5831473, 44.9392289], [17.5831924, 44.9391842], [17.5832285, 44.9391395], [17.5832781, 44.9390948], [17.5833503, 44.9390788], [17.583463, 44.9390692], [17.5835442, 44.939066], [17.5836209, 44.9390533], [17.583693, 44.9390437], [17.5837652, 44.9390309], [17.583905, 44.9389862], [17.5839681, 44.9389511], [17.5840268, 44.9389128], [17.5840854, 44.9388841], [17.5841575, 44.9388553], [17.5842477, 44.9388426], [17.5843289, 44.9388394], [17.5844056, 44.9388649], [17.5844687, 44.9389064], [17.5844958, 44.9389575], [17.5844913, 44.939015], [17.5844552, 44.939066], [17.5843876, 44.9390884], [17.5843109, 44.9391043], [17.5842477, 44.9391427], [17.5842432, 44.9391969], [17.5842974, 44.939232], [17.5843785, 44.9392448], [17.5844552, 44.9392512], [17.5845274, 44.9392704], [17.5845634, 44.9393214], [17.5845409, 44.9393757], [17.5844777, 44.9394108], [17.5844011, 44.9394172], [17.5843244, 44.9394364], [17.5842703, 44.939481], [17.5842613, 44.9395353], [17.5842748, 44.9395928], [17.5843109, 44.9396375], [17.584383, 44.9396502], [17.5844552, 44.9396343], [17.5845093, 44.9395928], [17.5845544, 44.9395449], [17.584595, 44.9395002], [17.5846401, 44.9394555], [17.5847077, 44.9394268], [17.5847844, 44.9394268], [17.5848566, 44.9394587], [17.5849197, 44.9394842], [17.5849828, 44.9395257], [17.5850144, 44.93958], [17.585037, 44.9397013], [17.5850595, 44.9397556], [17.5851136, 44.9397939], [17.5851858, 44.9398098], [17.5853301, 44.9397843], [17.5854068, 44.9397843], [17.585441, 44.9398004], [17.5854744, 44.9398162], [17.585506, 44.9398673], [17.585506, 44.9399216], [17.585515, 44.9400173], [17.5855511, 44.9401291], [17.5855917, 44.940177], [17.5856593, 44.9402025], [17.585736, 44.9401897], [17.5857766, 44.9401418], [17.5857856, 44.9400876], [17.5858172, 44.9400397], [17.5858803, 44.9400142], [17.5859615, 44.940011], [17.5860472, 44.9400237], [17.5861238, 44.9400461], [17.5861915, 44.940078], [17.5862501, 44.9401163], [17.5862997, 44.940161], [17.5863178, 44.9402153], [17.5863087, 44.9402695], [17.586178, 44.9403749], [17.5861419, 44.9404228], [17.5861283, 44.9405217], [17.5861148, 44.9405792], [17.5860336, 44.9406941], [17.5859885, 44.940742], [17.5859434, 44.9407899], [17.5858893, 44.9408346], [17.5858172, 44.9408665], [17.585745, 44.9408824], [17.5856683, 44.9409016], [17.5856007, 44.9409303], [17.5855872, 44.9409846], [17.5856729, 44.9412081], [17.5856954, 44.9412591], [17.585763, 44.9412847], [17.5859209, 44.9412847], [17.5860021, 44.9413102], [17.5860607, 44.9413453], [17.5861058, 44.9413932], [17.5861374, 44.9414411], [17.586178, 44.9414858], [17.5862456, 44.9415113], [17.5863178, 44.9415113], [17.5863493, 44.9414634], [17.5863493, 44.9414124], [17.5863403, 44.9413581], [17.5863944, 44.9413198], [17.5864711, 44.9413134], [17.5865568, 44.9413006], [17.586638, 44.9412942], [17.5867101, 44.9412974], [17.5867868, 44.9413198], [17.5868499, 44.9413581], [17.586904, 44.9413996], [17.5870078, 44.9414762], [17.5870574, 44.9415209], [17.5870709, 44.9415752], [17.5870619, 44.9416294], [17.5869807, 44.9416422], [17.5868093, 44.9416326], [17.5867327, 44.9416326], [17.5867236, 44.9416933], [17.5867597, 44.941738], [17.5868409, 44.9417667], [17.5869131, 44.941789], [17.5869536, 44.9418337], [17.5869401, 44.9418912], [17.5870619, 44.9419582], [17.5870258, 44.9420284], [17.5869582, 44.9420572], [17.586886, 44.9420795], [17.5868499, 44.9421274], [17.5869085, 44.9422615], [17.586904, 44.9423157], [17.5869311, 44.94237], [17.5869266, 44.9424275], [17.5868409, 44.9424243], [17.5867958, 44.9423828], [17.5867552, 44.9423317], [17.5866876, 44.942303], [17.5866109, 44.9423349], [17.5865072, 44.9424211], [17.586444, 44.942469], [17.586426, 44.9425296], [17.5864576, 44.9425839], [17.5865748, 44.9426637], [17.5866334, 44.9427084], [17.5866244, 44.9427658], [17.5865613, 44.9428009], [17.5864801, 44.9428169], [17.586408, 44.9428361], [17.5863719, 44.9428839], [17.5863448, 44.942935], [17.5861734, 44.9432638], [17.5861283, 44.9433085], [17.5860878, 44.9433564], [17.5860517, 44.9434106], [17.5860336, 44.9434681], [17.5860562, 44.9435224], [17.5860968, 44.943567], [17.5862682, 44.9437618], [17.5862682, 44.943816], [17.5862456, 44.9438703], [17.5862231, 44.9439405], [17.5862231, 44.943998], [17.5862366, 44.9440586], [17.5862636, 44.9441129], [17.5863313, 44.9441352], [17.586408, 44.9441448], [17.5864891, 44.9441352], [17.5868995, 44.9441352], [17.5869717, 44.9441544], [17.5870348, 44.9441927], [17.5870664, 44.9442406], [17.5870709, 44.944298], [17.5869987, 44.9443299], [17.5869221, 44.9443619], [17.5868634, 44.9444002], [17.5868364, 44.9444512], [17.5868589, 44.9445087], [17.586895, 44.9445566], [17.5869401, 44.9446013], [17.5869582, 44.9446555], [17.5869536, 44.9447098], [17.5869221, 44.9447641], [17.586868, 44.9448056], [17.5867958, 44.9448343], [17.5867146, 44.9448407], [17.5865568, 44.9448407], [17.5864801, 44.9448471], [17.5864215, 44.9448854], [17.586408, 44.9449396], [17.586426, 44.9449907], [17.5864936, 44.9450194], [17.5865703, 44.9450322], [17.5866515, 44.9450258], [17.5867236, 44.9450067], [17.5868499, 44.9449556], [17.5869717, 44.9449332], [17.587098, 44.9449683], [17.5871701, 44.9449939], [17.5872333, 44.945029], [17.5872603, 44.9450833], [17.5872603, 44.9451375], [17.5872333, 44.9451982], [17.5871836, 44.9452397], [17.587107, 44.9452556], [17.5870258, 44.945278], [17.5870078, 44.9453322], [17.5870258, 44.9453961], [17.5872468, 44.9457791], [17.5873009, 44.9458302], [17.587364, 44.9458749], [17.5874317, 44.9459068], [17.5875129, 44.9459132], [17.587576, 44.9458813], [17.5875895, 44.9458302], [17.5876391, 44.9457919], [17.5877293, 44.9457887], [17.587806, 44.9457919], [17.5878782, 44.9458046], [17.5879188, 44.9458589], [17.5879052, 44.9459196], [17.5878556, 44.9459642], [17.5877925, 44.9460089], [17.5877474, 44.9460536], [17.5878391, 44.9462986], [17.587794, 44.9464071], [17.5877309, 44.9465157], [17.5876587, 44.9466178], [17.5876136, 44.94672], [17.5877219, 44.9467966], [17.5878662, 44.9467583], [17.5879925, 44.94672], [17.5881368, 44.9467583], [17.5881999, 44.9468604], [17.5882811, 44.9469625], [17.5884344, 44.9469945], [17.5885607, 44.9469498], [17.588696, 44.9468923], [17.5888313, 44.9469306], [17.5889756, 44.9469625], [17.5891289, 44.9469306], [17.5892732, 44.9468987], [17.5894176, 44.9469689], [17.5894356, 44.9470838], [17.5893093, 44.9471477], [17.5894627, 44.9472307], [17.589634, 44.9472498], [17.589625, 44.9473775], [17.5897152, 44.9474605], [17.5904819, 44.9472626], [17.5904819, 44.9471604], [17.5904368, 44.9470647], [17.5904278, 44.9469562], [17.590527, 44.9468795], [17.5906893, 44.9468668], [17.5908066, 44.9469498], [17.5909689, 44.9469562], [17.5911223, 44.9469562], [17.5912035, 44.9470455], [17.5911223, 44.9471604], [17.591014, 44.9472434], [17.5911223, 44.9473136], [17.5912846, 44.9473136], [17.591429, 44.9473392], [17.5914019, 44.9474477], [17.5915462, 44.947486], [17.5916995, 44.9474605], [17.5918529, 44.947486], [17.5919431, 44.9475754], [17.5919341, 44.9476903], [17.5920693, 44.947735], [17.5921595, 44.9478243], [17.5920333, 44.9478946], [17.5920603, 44.9480031], [17.591916, 44.9480605], [17.5920333, 44.9481371], [17.5921776, 44.948118], [17.5923129, 44.9481627], [17.5923219, 44.9482776], [17.5923941, 44.9483797], [17.5924482, 44.9485074], [17.5924301, 44.9486159], [17.5924843, 44.9487244], [17.5926286, 44.9487372], [17.5926737, 44.9488393], [17.5927278, 44.9489415], [17.5928721, 44.9489542], [17.5929352, 44.94905], [17.5929803, 44.9491649], [17.5929894, 44.9492734], [17.5931156, 44.94935], [17.5932419, 44.9494139], [17.5932239, 44.9495288], [17.593305, 44.9496245], [17.5934584, 44.9497777], [17.5936388, 44.9497586], [17.5937109, 44.9498543], [17.5936117, 44.9499692], [17.5935937, 44.9500777], [17.5937199, 44.9501352], [17.5938552, 44.9501926], [17.5939184, 44.9502884], [17.5939094, 44.9504033], [17.5940176, 44.9504863], [17.594216, 44.950499], [17.5943243, 44.950582], [17.5943333, 44.9506969], [17.5944235, 44.9507927], [17.5945588, 44.9508374], [17.5946941, 44.9509012], [17.5947392, 44.9510161], [17.5948294, 44.9511055], [17.5949466, 44.9511757], [17.5950549, 44.9512523], [17.5950639, 44.9513736], [17.5950639, 44.9514821], [17.595136, 44.9515714], [17.5952443, 44.9516416], [17.5953254, 44.9517374], [17.5953705, 44.9518459], [17.5954517, 44.9519544], [17.595578, 44.9520183], [17.5957404, 44.952031], [17.5958666, 44.9520757], [17.5959749, 44.9521715], [17.5960651, 44.9522608], [17.5961643, 44.952363], [17.5962725, 44.9524651], [17.5963717, 44.9525481], [17.59832, 44.9527459], [17.5983921, 44.9528417], [17.5992468, 44.953349], [17.5997902, 44.9536715], [17.5996819, 44.9537672], [17.5996188, 44.9538757], [17.5995737, 44.9543481], [17.5995737, 44.9544757], [17.5996459, 44.9545779], [17.599718, 44.9546736], [17.5997451, 44.9547885], [17.5996819, 44.9548842], [17.5996459, 44.9549928], [17.5996278, 44.9551076], [17.5996368, 44.9552162], [17.5999706, 44.9555544], [17.6000878, 44.9556374], [17.600178, 44.9557459], [17.6002592, 44.9558481], [17.6005118, 44.956397], [17.6005569, 44.9565119], [17.600611, 44.9566204], [17.6007012, 44.9567097], [17.6011702, 44.9571055], [17.6012694, 44.9571948], [17.6013776, 44.9572778], [17.601531, 44.9573288], [17.6016843, 44.9573544], [17.6018196, 44.9573863], [17.6019369, 44.9574501], [17.6020451, 44.9575522], [17.6020812, 44.9576544], [17.6020361, 44.9577629], [17.6019188, 44.9578522], [17.6017835, 44.9579097], [17.6016302, 44.957948], [17.6014678, 44.957948], [17.6013055, 44.9579288], [17.6011431, 44.9578841], [17.6009988, 44.9578203], [17.6008365, 44.9577692], [17.6006922, 44.9577309], [17.6005298, 44.9577182], [17.6003674, 44.9577246], [17.6002141, 44.9577629], [17.6000427, 44.9578012], [17.5998894, 44.9578522], [17.599718, 44.9578841], [17.5995557, 44.9578969], [17.5993933, 44.9578969], [17.599231, 44.9579224], [17.5990957, 44.9579799], [17.5990325, 44.958082], [17.5989874, 44.9581905], [17.5989153, 44.958299], [17.598798, 44.9583756], [17.5986447, 44.958433], [17.5984733, 44.9584586], [17.598329, 44.958433], [17.5980223, 44.9583245], [17.59786, 44.9583564], [17.5978239, 44.9584649], [17.5976706, 44.9585096], [17.5975172, 44.9585032], [17.597427, 44.9586054], [17.5973368, 44.9588351], [17.5973008, 44.95895], [17.5972196, 44.9590521], [17.5970753, 44.9590968], [17.5968949, 44.9591223], [17.5967506, 44.959167], [17.5966784, 44.9592627], [17.5965882, 44.9593712], [17.5964349, 44.9594032], [17.5962906, 44.9594797], [17.5961913, 44.9595755], [17.5961102, 44.9596712], [17.5960651, 44.9597925], [17.596056, 44.959901], [17.5961011, 44.9600095], [17.5962364, 44.9600542], [17.5963807, 44.9600861], [17.5962996, 44.9601818], [17.5961372, 44.9601946], [17.5959749, 44.9602137], [17.5958035, 44.9602456], [17.5956231, 44.9602201], [17.5954607, 44.9602265], [17.5954066, 44.960335], [17.5955149, 44.9604116], [17.5956411, 44.9604818], [17.595646, 44.9605656], [17.5955124, 44.9606325], [17.5953886, 44.9606158], [17.5952713, 44.9605328], [17.5951721, 44.9604435], [17.5950549, 44.9603669], [17.5948925, 44.9603924], [17.5948564, 44.9605137], [17.5948384, 44.9606222], [17.5947933, 44.9607307], [17.594676, 44.9608136], [17.5945498, 44.9608775], [17.5944145, 44.9609413], [17.5943603, 44.9610434], [17.5943513, 44.9611583], [17.5943603, 44.9612795], [17.5942521, 44.9613689], [17.5940898, 44.9613689], [17.5939454, 44.9613051], [17.5937831, 44.9612795], [17.5936388, 44.9612157], [17.5934854, 44.9611902], [17.5934494, 44.9612987], [17.593287, 44.9613242], [17.5931607, 44.9613944], [17.5931878, 44.9615029], [17.5930886, 44.9615859], [17.5929172, 44.9615604], [17.592809, 44.9614774], [17.5926917, 44.9614136], [17.5925384, 44.9614072], [17.5924031, 44.9614646], [17.5922588, 44.9614965], [17.5920964, 44.9615157], [17.5919972, 44.9616114], [17.5918619, 44.9616816], [17.5917356, 44.9617518], [17.5916544, 44.9618476], [17.5913568, 44.961988], [17.5913027, 44.9620901], [17.5911674, 44.9621794], [17.591005, 44.9622432], [17.5910591, 44.9623454], [17.5909915, 44.9623741], [17.5909103, 44.9623837], [17.5908201, 44.9623805], [17.5907976, 44.9624347], [17.5908337, 44.9624826], [17.5908562, 44.9625336], [17.5908246, 44.9625911], [17.5907525, 44.962623], [17.5906397, 44.9626453], [17.5905586, 44.9626677], [17.5905044, 44.9627091], [17.5904864, 44.9627634], [17.5904684, 44.9628208], [17.5903962, 44.9628495], [17.5903195, 44.9628208], [17.590306, 44.9627666], [17.5903105, 44.9627155], [17.590297, 44.9626613], [17.5901887, 44.9626772], [17.5900985, 44.9627538], [17.5900805, 44.9628112], [17.5900715, 44.9628655], [17.5900038, 44.9628942], [17.5899272, 44.9628942], [17.5898505, 44.9629102], [17.5898189, 44.9629612], [17.5898415, 44.9630155], [17.5899227, 44.963041], [17.5900038, 44.9630538], [17.5900535, 44.9630984], [17.5900038, 44.9631399], [17.589846, 44.9631623], [17.5897648, 44.9631718], [17.5896882, 44.963191], [17.589634, 44.963242], [17.5896295, 44.9632995], [17.589634, 44.9633601], [17.589634, 44.9634175], [17.5895844, 44.9634622], [17.5895033, 44.9634463], [17.5894491, 44.9634112], [17.589368, 44.9634048], [17.5893364, 44.9634558], [17.5893454, 44.9635133], [17.5892958, 44.9635579], [17.5891515, 44.9634973], [17.5890703, 44.9634718], [17.5889936, 44.9634654], [17.588917, 44.9634814], [17.5888629, 44.963526], [17.5888448, 44.9635835], [17.5888493, 44.9636377], [17.5888764, 44.963692], [17.5889395, 44.9637239], [17.5890117, 44.9637526], [17.5890838, 44.9637717], [17.5891785, 44.9637877], [17.5894176, 44.963826], [17.5895664, 44.9638547], [17.589625, 44.9638866], [17.5896611, 44.9639345], [17.5896656, 44.9639919], [17.5896431, 44.9640493], [17.5896115, 44.9641004], [17.5895844, 44.9641515], [17.5895258, 44.9641897], [17.5894536, 44.9642217], [17.589395, 44.9642599], [17.5893634, 44.964311], [17.5894131, 44.9643589], [17.5894446, 44.9644099], [17.5894446, 44.9644642], [17.5894672, 44.9645184], [17.5895348, 44.9645376], [17.5896025, 44.9645152], [17.589616, 44.964461], [17.589616, 44.9644099], [17.5896746, 44.9643748], [17.5897423, 44.9643589], [17.5898144, 44.9643589], [17.5898866, 44.9643812], [17.5899272, 44.9644323], [17.5899633, 44.9644801], [17.5899903, 44.9645312], [17.5900038, 44.9645854], [17.5899993, 44.9646429], [17.5899633, 44.9646907], [17.5899046, 44.964729], [17.589846, 44.9647769], [17.5898054, 44.9648247], [17.5897738, 44.9648822], [17.5897513, 44.9649428], [17.5897242, 44.9650002], [17.5896927, 44.9650545], [17.5896431, 44.9651023], [17.5895709, 44.9651343], [17.5894942, 44.9651502], [17.5894266, 44.9651853], [17.589395, 44.9652332], [17.5893319, 44.9652683], [17.5892507, 44.9652747], [17.5891695, 44.9652651], [17.5890838, 44.9652683], [17.5889395, 44.9653193], [17.5888764, 44.9653512], [17.5888403, 44.9654023], [17.5888358, 44.9654629], [17.5888989, 44.965498], [17.5889711, 44.9654916], [17.5891244, 44.9654916], [17.5891966, 44.9655012], [17.5892507, 44.9655459], [17.5892597, 44.9656033], [17.5892101, 44.965648], [17.5891289, 44.9656512], [17.5890432, 44.965648], [17.5889666, 44.965648], [17.5889034, 44.9656895], [17.5889395, 44.9657373], [17.5890162, 44.9657437], [17.589174, 44.9657405], [17.5892507, 44.9657565], [17.5892732, 44.9658075], [17.5892282, 44.9658554], [17.589165, 44.9658905], [17.5890929, 44.9659192], [17.5890117, 44.9659383], [17.5889305, 44.9659511], [17.5888403, 44.965983], [17.5888132, 44.9660405], [17.5888132, 44.9660947], [17.5888674, 44.9661394], [17.588944, 44.9661681], [17.5890162, 44.9661904], [17.5890658, 44.9662415], [17.5890838, 44.9662957], [17.5891109, 44.9663532], [17.5891876, 44.9663787], [17.5892597, 44.9663851], [17.5893093, 44.9664297], [17.5893138, 44.9664872], [17.5893048, 44.9665478], [17.5892327, 44.9665765], [17.5891515, 44.9665733], [17.5890703, 44.9665765], [17.5890117, 44.9666148], [17.5889846, 44.966669], [17.5889936, 44.9667265], [17.5890478, 44.9667616], [17.5891064, 44.9667967], [17.5893183, 44.9670392], [17.5893589, 44.9671126], [17.5893634, 44.96717], [17.5893905, 44.9672274], [17.5894131, 44.9672785], [17.589368, 44.9673263], [17.589395, 44.9673838], [17.5894717, 44.9674061], [17.5895483, 44.9674253], [17.589598, 44.9674667], [17.589616, 44.9675178], [17.589607, 44.967572], [17.5895709, 44.9676199], [17.5895483, 44.9676741], [17.5895483, 44.9677858], [17.5895799, 44.9678337], [17.5896566, 44.9678432], [17.5897107, 44.967805], [17.5897197, 44.9677539], [17.5897107, 44.9676997], [17.5897152, 44.9676454], [17.5897829, 44.9676199], [17.589864, 44.9676199], [17.5899362, 44.9676295], [17.5899903, 44.9676678], [17.5900354, 44.9677092], [17.5900715, 44.9677603], [17.590094, 44.9678113], [17.5901121, 44.967872], [17.5901121, 44.9679804], [17.590094, 44.9680379], [17.590094, 44.9680953], [17.5901301, 44.9681432], [17.5901256, 44.9682006], [17.590094, 44.9682517], [17.5900715, 44.9683059], [17.590094, 44.9683601], [17.5901482, 44.9684016], [17.5902068, 44.9684303], [17.5902789, 44.9684495], [17.5904413, 44.9684622], [17.590518, 44.9684718], [17.5905766, 44.9685037], [17.5905811, 44.9685612], [17.5905405, 44.9686058], [17.590306, 44.968609], [17.5902338, 44.9686313], [17.5901933, 44.9686792], [17.5901436, 44.9687271], [17.5900895, 44.9687685], [17.5901166, 44.968826], [17.5901797, 44.9688643], [17.5902338, 44.9689281], [17.5902248, 44.9689855], [17.5901842, 44.9690398], [17.5901707, 44.9690972], [17.5902023, 44.9691482], [17.5902564, 44.9691833], [17.5903827, 44.969244], [17.5904458, 44.9692822], [17.5904729, 44.9693333], [17.5904819, 44.9693907], [17.5904864, 44.9694482], [17.5905089, 44.9694992], [17.5905811, 44.9695183], [17.5906623, 44.969512], [17.5907435, 44.9695024], [17.5908607, 44.969512], [17.5909329, 44.9695279], [17.5909599, 44.9695854], [17.5909193, 44.9696332], [17.5908788, 44.9696779], [17.5908742, 44.9697385], [17.5909013, 44.9697864], [17.5909735, 44.9698087], [17.5910411, 44.969831], [17.5911539, 44.9699076], [17.5912215, 44.9698885], [17.591208, 44.9698342], [17.5911854, 44.9697832], [17.591235, 44.9697449], [17.5913162, 44.9697513], [17.5913839, 44.96978], [17.5914335, 44.9698183], [17.5914966, 44.9698502], [17.5915733, 44.9698534], [17.5916139, 44.9698119], [17.5916815, 44.9697896], [17.5917582, 44.9697896], [17.5917942, 44.9698374], [17.5917942, 44.9698948], [17.5918213, 44.9699459], [17.5918844, 44.9699778], [17.5919656, 44.9699778], [17.5920288, 44.9699523], [17.5920874, 44.9699172], [17.5921595, 44.969914], [17.5922227, 44.9698917], [17.5922633, 44.9698438], [17.5922723, 44.9697896], [17.5922588, 44.9697353], [17.5922182, 44.9696906], [17.5922046, 44.9696364], [17.5922543, 44.9695917], [17.5923264, 44.9695822], [17.5923986, 44.9695822], [17.5924752, 44.9696045], [17.5925519, 44.9696109], [17.5926286, 44.9696077], [17.5926917, 44.9695885], [17.5927639, 44.9695694], [17.5928405, 44.9695598], [17.5929127, 44.9695694], [17.5929803, 44.9695949], [17.593048, 44.9696204], [17.5931201, 44.9696396], [17.5931968, 44.969646], [17.593269, 44.969646], [17.5933366, 44.96963], [17.5934088, 44.9696077], [17.5934854, 44.9695885], [17.5936658, 44.9695534], [17.5937966, 44.9695439], [17.5938913, 44.9695566], [17.5939184, 44.9696045], [17.593986, 44.9696268], [17.5940401, 44.9695917], [17.5941123, 44.969579], [17.5941799, 44.9695949], [17.5942205, 44.9696396], [17.5943107, 44.9696492], [17.5943874, 44.9696396], [17.5944505, 44.9696045], [17.5945137, 44.969579], [17.5945903, 44.9695662], [17.594667, 44.9695662], [17.5947437, 44.9695694], [17.5948203, 44.969563], [17.594888, 44.9695471], [17.5949556, 44.9695215], [17.5950323, 44.9695056], [17.595109, 44.9695056], [17.5951631, 44.9695439], [17.5952082, 44.9695885], [17.5952488, 44.9696364], [17.5953029, 44.9696843], [17.5953525, 44.9697321], [17.5954021, 44.9697768], [17.5954653, 44.9698119], [17.5955329, 44.9698278], [17.595587, 44.9697959], [17.5956096, 44.9697417], [17.5956276, 44.9696332], [17.5956456, 44.9695822], [17.5956862, 44.9695343], [17.5957539, 44.9695024], [17.5958215, 44.9694864], [17.5958982, 44.9694864], [17.5959794, 44.9694928], [17.5960425, 44.9695215], [17.5960876, 44.9695694], [17.5961056, 44.9696268], [17.5961147, 44.9696843], [17.5961643, 44.9697289], [17.5962364, 44.9697289], [17.5962996, 44.9697002], [17.5963717, 44.9696109], [17.5964304, 44.9695758], [17.5965025, 44.9695598], [17.5965882, 44.9695503], [17.5966649, 44.9695471], [17.596719, 44.9695854], [17.596737, 44.9696428], [17.5967957, 44.9696747], [17.5968678, 44.9696843], [17.5969355, 44.969713], [17.596976, 44.9697608], [17.5969986, 44.9698119], [17.5970708, 44.9698853], [17.5971159, 44.9699331], [17.597179, 44.9699555], [17.5972557, 44.9699587], [17.5973278, 44.9699427], [17.597391, 44.969965], [17.5974225, 44.9700129], [17.5974947, 44.970032], [17.5975623, 44.9700129], [17.5975623, 44.9699587], [17.5975488, 44.9698566], [17.5975759, 44.9698087], [17.597621, 44.969764], [17.5976886, 44.9697289], [17.5977562, 44.9697098], [17.5978374, 44.9697194], [17.5978961, 44.9697608], [17.5979321, 44.9698055], [17.5979502, 44.9698566], [17.5979772, 44.9699108], [17.5980359, 44.9699427], [17.598108, 44.9699363], [17.5981215, 44.9698821], [17.5981035, 44.9698278], [17.5981261, 44.9697768], [17.5982027, 44.9697576], [17.5982794, 44.9697576], [17.5983335, 44.9697991], [17.5984102, 44.9698119], [17.5984733, 44.9697896], [17.5985455, 44.9697736], [17.5986943, 44.9698119], [17.5988431, 44.9698119], [17.5989108, 44.9697959], [17.5989829, 44.9697864], [17.5990506, 44.969764], [17.5991092, 44.9697385], [17.5991137, 44.9696843], [17.5990867, 44.9696364], [17.5991227, 44.9695917], [17.5991814, 44.969563], [17.5992625, 44.9695534], [17.5993347, 44.9695503], [17.5995692, 44.9695566], [17.5996414, 44.9695726], [17.599727, 44.9695981], [17.5997902, 44.9696236], [17.5998804, 44.9697225], [17.5999119, 44.9697704], [17.599939, 44.9698183], [17.599957, 44.9698757], [17.599957, 44.9699299], [17.5999074, 44.9701182], [17.5999074, 44.9701756], [17.5999435, 44.970233], [17.5999886, 44.9702777], [17.6000472, 44.9703128], [17.6001059, 44.9703543], [17.600169, 44.9703862], [17.6002412, 44.9703926], [17.6003088, 44.9703734], [17.6003404, 44.9703256], [17.6003404, 44.9702745], [17.6003494, 44.9702235], [17.600381, 44.9701756], [17.6004486, 44.9701437], [17.6005208, 44.9701437], [17.6005929, 44.9701533], [17.6006425, 44.9701916], [17.6007102, 44.9702937], [17.6007688, 44.970332], [17.6008455, 44.9703511], [17.6009176, 44.9703511], [17.6009898, 44.9703351], [17.601071, 44.9703288], [17.6011341, 44.9703575], [17.6011702, 44.9704021], [17.6011973, 44.9704564], [17.6012063, 44.9706159], [17.6012018, 44.9706702], [17.6011657, 44.9707276], [17.6011206, 44.9707754], [17.6010665, 44.9708137], [17.6009988, 44.9708424], [17.6009312, 44.9708712], [17.600859, 44.9708999], [17.6007914, 44.9709318], [17.6007418, 44.9709764], [17.6007598, 44.9710339], [17.6008365, 44.9710466], [17.6009086, 44.9710434], [17.6009808, 44.9710243], [17.6010439, 44.9710052], [17.6011206, 44.9709892], [17.6012018, 44.9709796], [17.6012649, 44.9709541], [17.6012965, 44.9709063], [17.6013641, 44.9708744], [17.6014408, 44.9708744], [17.6014994, 44.9709158], [17.60154, 44.9709605], [17.6015535, 44.9710179], [17.601549, 44.9710722], [17.6015175, 44.97112], [17.6015129, 44.9711775], [17.6015445, 44.9712285], [17.6015716, 44.9712859], [17.6016122, 44.9713306], [17.6016708, 44.9713689], [17.6017294, 44.971337], [17.6017294, 44.9712859], [17.6016798, 44.9711232], [17.6016888, 44.971069], [17.6017475, 44.9710339], [17.6018241, 44.9710243], [17.6019008, 44.9710243], [17.601982, 44.9710339], [17.6020271, 44.9710754], [17.6020361, 44.9711328], [17.602009, 44.9711838], [17.6019955, 44.9712413], [17.602, 44.9712987], [17.6020677, 44.9713178], [17.6021263, 44.9712827], [17.6021624, 44.9712381], [17.60223, 44.9712094], [17.6023067, 44.971203], [17.6023878, 44.9712094], [17.6024645, 44.9712285], [17.6025367, 44.9712381], [17.6026088, 44.9712221], [17.602672, 44.9712508], [17.6027216, 44.9713019], [17.6027126, 44.9713593], [17.6026629, 44.971404], [17.6026133, 44.9714486], [17.6025773, 44.9714997], [17.6025953, 44.9715571], [17.6026675, 44.9715699], [17.6027441, 44.9715667], [17.6027982, 44.9715316], [17.6028028, 44.9714742], [17.6028073, 44.9714199], [17.6028433, 44.9713721], [17.602902, 44.9713434], [17.6029786, 44.9713274], [17.6030508, 44.971321], [17.603123, 44.9713242], [17.6031816, 44.9713689], [17.6031861, 44.9714263], [17.6030598, 44.9715061], [17.6030869, 44.9715571], [17.6031635, 44.9715603], [17.6032402, 44.9715571], [17.6032988, 44.971589], [17.6033169, 44.9716433], [17.6032988, 44.9716975], [17.6032808, 44.9717549], [17.6032718, 44.9718092], [17.6033439, 44.9718347], [17.6034206, 44.9718251], [17.6034567, 44.9717837], [17.6035063, 44.9717422], [17.603619, 44.9717358], [17.6036957, 44.9717613], [17.6037498, 44.9718092], [17.6037814, 44.9718634], [17.6038039, 44.9719177], [17.6038445, 44.9719687], [17.6039032, 44.9720038], [17.6039753, 44.9720166], [17.6040249, 44.9720548], [17.6040565, 44.9721059], [17.604061, 44.9721601], [17.604043, 44.9722144], [17.604043, 44.9722686], [17.6041151, 44.972275], [17.6041557, 44.9722335], [17.6041737, 44.9721857], [17.6041918, 44.9721346], [17.6042234, 44.9720899], [17.604291, 44.9720644], [17.6043677, 44.9720612], [17.6044398, 44.9720612], [17.6044985, 44.9720931], [17.6045255, 44.9721474], [17.60453, 44.9722048], [17.604521, 44.9722622], [17.6044849, 44.9723228], [17.6044579, 44.9723739], [17.6044624, 44.9724281], [17.6044939, 44.972476], [17.6045706, 44.9724856], [17.6046383, 44.9724632], [17.6046924, 44.9724281], [17.6048322, 44.9722973], [17.6048683, 44.9722527], [17.6049404, 44.9722271], [17.6050847, 44.9722239], [17.6051569, 44.9722431], [17.60522, 44.9722718], [17.6052651, 44.9723165], [17.6052606, 44.9723707], [17.605193, 44.9723962], [17.6051253, 44.9724249], [17.6051028, 44.9724792], [17.6051298, 44.972527], [17.6051839, 44.9725621], [17.6052516, 44.9725908], [17.6052787, 44.9726451], [17.6052787, 44.9727025], [17.6052877, 44.9727567], [17.6053508, 44.9727791], [17.6054275, 44.9727663], [17.6054861, 44.9727344], [17.6055673, 44.9727344], [17.605644, 44.9727567], [17.6057071, 44.9727918], [17.6057567, 44.9728365], [17.6057883, 44.972945], [17.6057702, 44.9729992], [17.6057341, 44.9730471], [17.6057206, 44.9731045], [17.6057747, 44.9731428], [17.6058559, 44.9731556], [17.6060138, 44.9731587], [17.6060904, 44.9731428], [17.6061671, 44.9731428], [17.6062753, 44.9732226], [17.606334, 44.9732704], [17.6063971, 44.9733119], [17.6064647, 44.9733374], [17.6065324, 44.9733565], [17.6066136, 44.9733693], [17.6066902, 44.9733693], [17.6067128, 44.9733183], [17.6067083, 44.9732672], [17.6067624, 44.9732289], [17.6068345, 44.9732321], [17.6068887, 44.9732736], [17.6069202, 44.9733215], [17.6069293, 44.9734842], [17.6069473, 44.9735448], [17.6069834, 44.9735958], [17.6069969, 44.9736564], [17.6069969, 44.9737139], [17.6070555, 44.9737522], [17.6071096, 44.9737139], [17.6071006, 44.9736628], [17.6071502, 44.9736245], [17.6072224, 44.9736086], [17.6072991, 44.9736022], [17.6073667, 44.9735863], [17.6074298, 44.9735639], [17.607502, 44.9735607], [17.6075742, 44.973599], [17.6075651, 44.9736533], [17.6074975, 44.9736884], [17.6074795, 44.9737426], [17.6075426, 44.9737649], [17.6076102, 44.9737394], [17.6076328, 44.9736915], [17.607714, 44.9736788], [17.6077681, 44.9737203], [17.6077771, 44.9737745], [17.6078357, 44.9738128], [17.6079124, 44.973816], [17.6079575, 44.9737745], [17.6080206, 44.9737426], [17.6080973, 44.9737458], [17.608174, 44.9737649], [17.6082416, 44.9737904], [17.6082777, 44.9738479], [17.6082777, 44.9739085], [17.6082506, 44.9739595], [17.608174, 44.9739723], [17.6080928, 44.9739659], [17.6080206, 44.9739436], [17.607944, 44.9739308], [17.6078583, 44.9739404], [17.6078312, 44.9739946], [17.6078538, 44.9740489], [17.6079214, 44.9740744], [17.6079981, 44.9740935], [17.6083363, 44.9742116], [17.608413, 44.974253], [17.6084806, 44.9742818], [17.6085889, 44.9743169], [17.608643, 44.974352], [17.6086836, 44.9743998], [17.6087332, 44.9744477], [17.6088008, 44.97447], [17.6088775, 44.9744796], [17.6089497, 44.9744732], [17.6090128, 44.974454], [17.6090714, 44.9744253], [17.609103, 44.9743775], [17.609112, 44.9743264], [17.6090895, 44.9742754], [17.6090534, 44.9742275], [17.6090128, 44.9741797], [17.6089993, 44.9741254], [17.6090353, 44.9740776], [17.609094, 44.9740329], [17.6091571, 44.9740138], [17.6092293, 44.974001], [17.6093014, 44.9740106], [17.609351, 44.9740521], [17.6094232, 44.9740584], [17.6094999, 44.9740425], [17.6095359, 44.9739978], [17.6095585, 44.9739468], [17.6096397, 44.9739532], [17.6096983, 44.9739819], [17.6097479, 44.9740233], [17.6097614, 44.974084], [17.6096983, 44.9741286], [17.6096352, 44.9741669], [17.6095946, 44.974218], [17.6095901, 44.9742754], [17.6096216, 44.9743232], [17.6096893, 44.9743456], [17.6097344, 44.9743041], [17.6097479, 44.9742499], [17.609811, 44.9742243], [17.6098787, 44.974253], [17.6099328, 44.9742977], [17.610005, 44.9743041], [17.6100771, 44.974285], [17.6101267, 44.9742435], [17.6101989, 44.9742243], [17.6102756, 44.9742275], [17.6103567, 44.9742467], [17.6104244, 44.974269], [17.6104965, 44.9742913], [17.6105642, 44.97432], [17.6106273, 44.9743583], [17.6106724, 44.9743998], [17.6107085, 44.974454], [17.6107536, 44.9745019], [17.6108258, 44.9745274], [17.6109069, 44.9745306], [17.6109881, 44.974521], [17.6110603, 44.9745019], [17.6111189, 44.9744668], [17.611155, 44.9744221], [17.611182, 44.9743711], [17.611182, 44.97432], [17.611173, 44.9742658], [17.6111414, 44.9742211], [17.6110693, 44.9741222], [17.6110558, 44.974068], [17.6110783, 44.9740202], [17.6111189, 44.9739755], [17.611191, 44.9739563], [17.6112587, 44.9739755], [17.6113444, 44.9739819], [17.611412, 44.9739659], [17.6114661, 44.9739276], [17.6116691, 44.9738766], [17.6117412, 44.9738862], [17.6120028, 44.9739436], [17.612075, 44.97395], [17.6121562, 44.97395], [17.6122463, 44.9739563], [17.612314, 44.9739755], [17.6123816, 44.974001], [17.6124448, 44.9740329], [17.6124944, 44.9740776], [17.6125395, 44.9741254], [17.6125711, 44.9741733], [17.6125891, 44.9742307], [17.6125891, 44.9744572], [17.6125981, 44.9745115], [17.6126477, 44.9745625], [17.6127154, 44.9745817], [17.6129409, 44.9746008], [17.613013, 44.9746263], [17.6130716, 44.974671], [17.6131258, 44.9747093], [17.6131754, 44.9747539], [17.6132385, 44.9747986], [17.6132881, 44.9748433], [17.6133693, 44.9748624], [17.6134415, 44.974872], [17.6136446, 44.9749264], [17.6139829, 44.9751306], [17.6140595, 44.9750891], [17.6141497, 44.9752104], [17.6141858, 44.9752646], [17.6142174, 44.9753157], [17.6142625, 44.9753571], [17.6143211, 44.9753922], [17.6144699, 44.9754273], [17.6145421, 44.9754337], [17.6146143, 44.9754465], [17.6146819, 44.9754752], [17.6147225, 44.9755198], [17.6147541, 44.9755709], [17.6147946, 44.9756155], [17.6148533, 44.9756474], [17.6149299, 44.9756315], [17.6149525, 44.9755805], [17.6150021, 44.975539], [17.6150743, 44.9755262], [17.6151509, 44.9755262], [17.6152005, 44.9755677], [17.6152096, 44.9756251], [17.6152682, 44.9756602], [17.6153494, 44.9756411], [17.615417, 44.9756124], [17.6154937, 44.975606], [17.6155658, 44.9756283], [17.6156245, 44.975657], [17.6156876, 44.9756825], [17.6157598, 44.9757144], [17.6157958, 44.9757623], [17.6158545, 44.9758038], [17.6159221, 44.9758229], [17.6159988, 44.9758293], [17.6163551, 44.9759091], [17.6167519, 44.9761196], [17.6174555, 44.9762632], [17.6175231, 44.9764259], [17.6182988, 44.9767385], [17.6182898, 44.9768502], [17.6181545, 44.9769299], [17.6183213, 44.9769491], [17.618389, 44.9769746], [17.6184341, 44.9770161], [17.6184566, 44.9770671], [17.6184792, 44.9771213], [17.6185062, 44.9771788], [17.6185559, 44.9772872], [17.6190113, 44.9774148], [17.619088, 44.9775265], [17.6190925, 44.9775807], [17.619097, 44.9776382], [17.6190835, 44.9776956], [17.6190429, 44.9777498], [17.6189482, 44.9778551], [17.6189076, 44.9779093], [17.6188806, 44.9779636], [17.6193406, 44.9781103], [17.6194804, 44.9783336], [17.6199314, 44.9783017], [17.6198457, 44.9784548], [17.6199449, 44.9785665], [17.620008, 44.978541], [17.6200712, 44.9785218], [17.6201523, 44.9785186], [17.6202335, 44.978525], [17.6203102, 44.9785378], [17.6203778, 44.9785633], [17.62045, 44.9785952], [17.6205041, 44.9786335], [17.6210543, 44.9790099], [17.6209055, 44.9791886], [17.6216451, 44.9797628], [17.6217082, 44.9800116], [17.6220374, 44.9801966], [17.622308, 44.9805635], [17.6223757, 44.980589], [17.6224569, 44.9806209], [17.6225245, 44.9806432], [17.6234129, 44.9810037], [17.6233904, 44.9811217], [17.6233904, 44.981176], [17.6234129, 44.9812334], [17.6234806, 44.9812525], [17.6235527, 44.9812525], [17.6236249, 44.9812493], [17.6237016, 44.9812493], [17.6237737, 44.9812589], [17.6238459, 44.9812812], [17.6238955, 44.9813259], [17.6239226, 44.9813737], [17.6239496, 44.9815396], [17.6239992, 44.9815811], [17.6240759, 44.9815747], [17.6241526, 44.9814981], [17.6242022, 44.9814535], [17.6242743, 44.9814471], [17.6243104, 44.9814981], [17.6242924, 44.9816098], [17.6243465, 44.9816481], [17.6244141, 44.9816353], [17.6244637, 44.9815938], [17.6245179, 44.9815524], [17.6247073, 44.9821553], [17.6247975, 44.9831792], [17.6246495, 44.9847509], [17.6250464, 44.985695], [17.6249021, 44.9865244], [17.6268323, 44.9874047], [17.6267789, 44.987616], [17.626688, 44.9877109], [17.6258682, 44.9876754], [17.6256331, 44.9881377], [17.6254606, 44.9883445], [17.6250866, 44.9883707], [17.6250455, 44.9884845], [17.6253891, 44.988604], [17.6249382, 44.9892036], [17.6246676, 44.9893567], [17.6243789, 44.9894971], [17.6241083, 44.9896246], [17.6238738, 44.9897905], [17.6236754, 44.9899563], [17.623661, 44.990113], [17.6239677, 44.9902062], [17.6240669, 44.9902955], [17.6242203, 44.9902381], [17.6243826, 44.9902062], [17.624536, 44.9902381], [17.6246171, 44.9903274], [17.6246893, 44.9904231], [17.6248426, 44.9904231], [17.6249509, 44.9904997], [17.6250952, 44.9905443], [17.6252665, 44.9905316], [17.6254199, 44.9905316], [17.6255552, 44.9905762], [17.6256364, 44.9906719], [17.6256724, 44.9907739], [17.6257626, 44.9908633], [17.6259069, 44.9908696], [17.6260062, 44.9909526], [17.6261324, 44.9908888], [17.6262768, 44.9908633], [17.626412, 44.9909015], [17.6264662, 44.9910036], [17.6266105, 44.9910482], [17.6267548, 44.9910036], [17.6268991, 44.9909717], [17.6270524, 44.9910163], [17.6271517, 44.9911057], [17.6272689, 44.9910419], [17.6274042, 44.9910036], [17.6275305, 44.9909653], [17.6276297, 44.9908888], [17.627774, 44.9909207], [17.6278642, 44.99101], [17.627774, 44.9911057], [17.627774, 44.9912205], [17.6279003, 44.9912906], [17.6280356, 44.9913289], [17.6281889, 44.9913863], [17.6282972, 44.9914565], [17.6284325, 44.9914118], [17.6285768, 44.9914055], [17.6286579, 44.9915011], [17.6288203, 44.9915139], [17.6289466, 44.9914756], [17.6290999, 44.991482], [17.6292262, 44.9915458], [17.6293164, 44.9916351], [17.6293705, 44.9917308], [17.6295238, 44.9917308], [17.6296862, 44.9917244], [17.6297944, 44.9918009], [17.6299027, 44.9918839], [17.630056, 44.991903], [17.6301823, 44.991954], [17.6302183, 44.9920625], [17.6303987, 44.9922602], [17.630534, 44.992324], [17.6305701, 44.9924261], [17.6307144, 44.9924261], [17.6308407, 44.9923814], [17.630994, 44.9923814], [17.6311384, 44.9924261], [17.6312646, 44.9924898], [17.6313097, 44.9925983], [17.631418, 44.9926684], [17.6315533, 44.9927067], [17.6316886, 44.9927578], [17.6318238, 44.992796], [17.6319772, 44.9928024], [17.6321035, 44.9927514], [17.6322658, 44.992745], [17.6324191, 44.9927578], [17.6325635, 44.9927578], [17.6326717, 44.9926812], [17.632816, 44.992611], [17.6330054, 44.9925664], [17.6333752, 44.9924898], [17.6335286, 44.9924643], [17.6336729, 44.9924261], [17.6338262, 44.9924324], [17.6339525, 44.9924962], [17.6340968, 44.9924771], [17.634196, 44.9923942], [17.6342592, 44.9923049], [17.6343945, 44.9922347], [17.6345478, 44.9921964], [17.6347101, 44.9921709], [17.6348815, 44.9921709], [17.6350439, 44.9922092], [17.6351792, 44.9922666], [17.6353145, 44.9923176], [17.6354407, 44.9924005], [17.635549, 44.9924771], [17.6356211, 44.9925728], [17.6357294, 44.9926621], [17.6358376, 44.9927578], [17.6359819, 44.9928088], [17.6361353, 44.9928279], [17.6362796, 44.9928343], [17.6364329, 44.9928088], [17.6375694, 44.9925473], [17.6381015, 44.9925728], [17.6379753, 44.9927514], [17.6403023, 44.9929427], [17.6402031, 44.9932744], [17.6398153, 44.9936635], [17.6395086, 44.993925], [17.639229, 44.9940973], [17.6386337, 44.9941866], [17.6380474, 44.9941993], [17.6374341, 44.9941547], [17.6368929, 44.9940845], [17.6367576, 44.9940973], [17.6372447, 44.995188], [17.6376325, 44.9952709], [17.6377588, 44.9956089], [17.6385345, 44.995896], [17.6398694, 44.9963042], [17.6406, 44.9964445], [17.6413396, 44.9964764], [17.6423408, 44.996419], [17.6455518, 44.9983324], [17.6454977, 44.9988236], [17.6455337, 44.998932], [17.6456871, 44.9991488], [17.6457773, 44.9992445], [17.6458765, 44.999321], [17.6460298, 44.9993784], [17.6461832, 44.9994039], [17.6463365, 44.9994039], [17.6474098, 44.9994295], [17.6482216, 44.9996527], [17.6492228, 44.9994103], [17.6490965, 44.9990914], [17.6496354, 44.9980411], [17.6498777, 44.9972558], [17.6499908, 44.9973213], [17.650212, 44.997459], [17.6504762, 44.9975669], [17.6508193, 44.9976691], [17.6513875, 44.9978477], [17.6517844, 44.998224], [17.6519107, 44.9984472], [17.6520279, 44.9987024], [17.6529389, 44.9997356], [17.6531193, 45.0004691], [17.653002, 45.0004882], [17.6533267, 45.0009793], [17.6533899, 45.0014066], [17.6532907, 45.001904], [17.6533899, 45.0022676], [17.6581974, 45.0018594], [17.658495, 45.0019168], [17.6623554, 45.000705], [17.6648629, 45.0009027], [17.666739, 45.0012535], [17.6709692, 45.0012344], [17.6717053, 45.0014063], [17.6747936, 45.0021273], [17.6806293, 45.0035558], [17.6827579, 45.0043211], [17.6826767, 45.0038747], [17.68266, 45.0035993], [17.6827781, 45.0032049], [17.6829423, 45.0027243], [17.6854999, 45.003237], [17.6856081, 45.0031222], [17.6857615, 45.0030967], [17.6858607, 45.0030201], [17.6859238, 45.0029181], [17.6859779, 45.002816], [17.6861132, 45.0027714], [17.6861854, 45.0026757], [17.6862215, 45.0025673], [17.6862485, 45.0024589], [17.6862936, 45.0023313], [17.6863658, 45.0022357], [17.6864921, 45.0021464], [17.6865552, 45.0020507], [17.6865462, 45.0019423], [17.6865552, 45.0018403], [17.6865913, 45.0017255], [17.6865913, 45.0015022], [17.6866003, 45.0013747], [17.6866905, 45.0012854], [17.6868168, 45.001228], [17.686907, 45.0011387], [17.686916, 45.0010367], [17.686916, 45.0009283], [17.6869701, 45.0008135], [17.6871054, 45.0007561], [17.6872768, 45.0007114], [17.6873219, 45.0006157], [17.6872858, 45.0005073], [17.6872497, 45.0004053], [17.687394, 45.0003479], [17.6875384, 45.0003287], [17.6875834, 45.0002267], [17.6875023, 45.0001183], [17.6874301, 44.9999014], [17.6875564, 44.9998504], [17.6876646, 44.9997802], [17.6877368, 44.999691], [17.6877909, 44.9995889], [17.687827, 44.9994741], [17.6878721, 44.9993657], [17.6879262, 44.99927], [17.6879803, 44.9991743], [17.6880886, 44.9989766], [17.6881607, 44.9988618], [17.6883231, 44.9986577], [17.6884133, 44.9985684], [17.6885125, 44.9984855], [17.6886207, 44.9984154], [17.6887019, 44.9982304], [17.6887199, 44.9981283], [17.6887831, 44.9980199], [17.6888552, 44.9979306], [17.6889364, 44.9978477], [17.6890176, 44.9976755], [17.6890176, 44.9975288], [17.6889364, 44.9974395], [17.6889274, 44.9973183], [17.6889815, 44.9972163], [17.6890266, 44.9971142], [17.6889003, 44.9970313], [17.6887921, 44.9969484], [17.688774, 44.9968336], [17.6888552, 44.9967379], [17.6889725, 44.9966741], [17.6891168, 44.9965912], [17.6892611, 44.9965402], [17.6893333, 44.9964445], [17.6892431, 44.9963552], [17.689234, 44.9962468], [17.6893513, 44.9961894], [17.6894235, 44.9961001], [17.6894415, 44.9959853], [17.6895407, 44.9959087], [17.6896941, 44.9958896], [17.6898474, 44.9959087], [17.6899827, 44.9958641], [17.6899466, 44.995762], [17.6898023, 44.995711], [17.689676, 44.9956345], [17.6897121, 44.9955324], [17.6898113, 44.9954559], [17.6900548, 44.9954814], [17.6900278, 44.9954048], [17.6899737, 44.9953028], [17.6900639, 44.9952135], [17.6900639, 44.9951114], [17.690118, 44.9950221], [17.6902533, 44.9949966], [17.6903254, 44.9949073], [17.6903344, 44.9948053], [17.6903525, 44.9946968], [17.6904246, 44.9946012], [17.6904788, 44.9944927], [17.690605, 44.9944481], [17.6907043, 44.994531], [17.6908396, 44.9944736], [17.6908215, 44.9943652], [17.6907584, 44.9942631], [17.6908035, 44.994161], [17.6908666, 44.9940654], [17.6908486, 44.9938549], [17.6906862, 44.9938421], [17.6906411, 44.9937337], [17.6907313, 44.9936444], [17.6908486, 44.993587], [17.6908937, 44.9934913], [17.6910019, 44.9934148], [17.6910831, 44.9933255], [17.6910109, 44.9932362], [17.6909839, 44.9931341], [17.6911101, 44.9930639], [17.6912003, 44.992981], [17.6912454, 44.9928853], [17.6912094, 44.9927769], [17.6912003, 44.9926684], [17.6913447, 44.9926238], [17.691498, 44.9926047], [17.691507, 44.9924962], [17.6914078, 44.9924133], [17.6913447, 44.9923176], [17.6913447, 44.9922028], [17.6914258, 44.9921135], [17.6915792, 44.9920689], [17.6916152, 44.9919668], [17.6916694, 44.9917563], [17.691516, 44.9917563], [17.691498, 44.9916479], [17.6914709, 44.9915394], [17.6913266, 44.9914884], [17.6911823, 44.9914374], [17.6910921, 44.9913544], [17.6910831, 44.9912524], [17.6911372, 44.9911567], [17.6911011, 44.9910546], [17.691029, 44.9909526], [17.6910109, 44.9908441], [17.6910199, 44.9907357], [17.6910921, 44.99064], [17.6912003, 44.9905507], [17.6942851, 44.9898937], [17.7030161, 44.9905571], [17.7050816, 44.9907867], [17.7051538, 44.9914374], [17.7049553, 44.9921773], [17.7046757, 44.9922666], [17.7045675, 44.9923431], [17.7044593, 44.9924261], [17.7043691, 44.9925345], [17.7043149, 44.9926429], [17.7042698, 44.9927514], [17.7042247, 44.9928662], [17.7042067, 44.992981], [17.7041796, 44.9934084], [17.7039902, 44.9937847], [17.7041345, 44.9943907], [17.7038369, 44.995003], [17.7068044, 44.9954878], [17.7068044, 44.9952326], [17.7069397, 44.9949009], [17.707093, 44.9946522], [17.7071742, 44.9945501], [17.7097059, 44.9939627], [17.7105385, 44.9939378], [17.711215, 44.9949775], [17.7106738, 44.995239], [17.7111248, 44.9959789], [17.7118734, 44.9962787], [17.711666, 44.9967124], [17.7115758, 44.9970122], [17.7115576, 44.9973835], [17.7114585, 44.997701], [17.7113773, 44.9980709], [17.7113142, 44.9983898], [17.7111618, 44.9988857], [17.7110761, 44.9990107], [17.7109453, 44.9991203], [17.7107935, 44.9992195], [17.7106197, 44.9992891], [17.7097397, 44.9994333], [17.7097678, 44.999492], [17.7103816, 44.9996089], [17.710746, 44.9997037], [17.7112691, 44.9997802], [17.7115307, 44.9999716], [17.7124146, 44.9999333], [17.7127934, 44.9997994], [17.7131723, 44.9999142], [17.7136503, 45.0002139], [17.7122522, 45.0014321], [17.7117742, 45.0015788], [17.711666, 45.0016681], [17.7116119, 45.0017701], [17.7116028, 45.0018849], [17.7116479, 45.0020125], [17.7117111, 45.0021081], [17.7118013, 45.0021974], [17.7119185, 45.0022739], [17.7120719, 45.0023505], [17.7122252, 45.0023951], [17.7123605, 45.002427], [17.7125138, 45.0024525], [17.7126762, 45.002478], [17.7128295, 45.0024972], [17.7131362, 45.0024972], [17.7132624, 45.0024525], [17.7132715, 45.0023377], [17.7132534, 45.0022293], [17.7132264, 45.0021273], [17.7133526, 45.0020699], [17.713506, 45.0020507], [17.7136593, 45.0020571], [17.7138036, 45.0021273], [17.7139209, 45.002191], [17.7140562, 45.0022676], [17.7141734, 45.0023377], [17.7142907, 45.0024079], [17.7144079, 45.0024717], [17.7145432, 45.0025227], [17.7146966, 45.0025864], [17.7148319, 45.0026375], [17.7162299, 45.0030711], [17.7180158, 45.0043211], [17.7188095, 45.0047165], [17.7195546, 45.0048361], [17.7188997, 45.0053925], [17.7186942, 45.0056235], [17.7186021, 45.0059091], [17.7188005, 45.0069613], [17.7181962, 45.0078158], [17.7181782, 45.0079306], [17.7181692, 45.008039], [17.7181692, 45.0081538], [17.7181962, 45.0082813], [17.7182413, 45.0083961], [17.7182954, 45.0084918], [17.7183495, 45.0085874], [17.7184217, 45.0086831], [17.7184939, 45.0087915], [17.7185841, 45.0088935], [17.7186652, 45.0089956], [17.7187825, 45.0094547], [17.7187374, 45.0095631], [17.7187013, 45.0096779], [17.7186743, 45.0097863], [17.7186292, 45.0099011], [17.7185841, 45.0100222], [17.7185029, 45.0102199], [17.7184397, 45.0103219], [17.7183044, 45.0104877], [17.7181782, 45.0105961], [17.7179978, 45.0107428], [17.7178715, 45.0108066], [17.7177362, 45.0108767], [17.717619, 45.0109596], [17.7175468, 45.0110553], [17.7175197, 45.0111637], [17.7175558, 45.0112721], [17.717637, 45.0113613], [17.7177362, 45.0114442], [17.7180068, 45.0117631], [17.7180248, 45.0118842], [17.7180248, 45.011999], [17.7179076, 45.0122158], [17.7178625, 45.0123306], [17.7174837, 45.0139502], [17.7174927, 45.0140713], [17.7175288, 45.0141861], [17.7175919, 45.0142881], [17.717664, 45.0143838], [17.7177542, 45.014473], [17.7178535, 45.0145495], [17.7183676, 45.0147855], [17.7185029, 45.0148237], [17.7186472, 45.0148684], [17.7187644, 45.0149449], [17.7187825, 45.0150596], [17.718566, 45.0152382], [17.7185029, 45.0153338], [17.7185029, 45.015455], [17.7185299, 45.01571], [17.7185209, 45.0158248], [17.7184488, 45.0159332], [17.7183495, 45.0160224], [17.7182323, 45.016099], [17.7181241, 45.0161882], [17.7180609, 45.0162839], [17.7180519, 45.0163922], [17.7180699, 45.0165006], [17.7181241, 45.016609], [17.7182052, 45.0167174], [17.7182684, 45.0168131], [17.7183405, 45.0169023], [17.7184488, 45.0169725], [17.7185841, 45.0170235], [17.7187103, 45.0170809], [17.7188186, 45.0171701], [17.7188456, 45.0173933], [17.7188817, 45.0175017], [17.7189358, 45.0176101], [17.718999, 45.0177121], [17.7190801, 45.0178077], [17.7191884, 45.0179034], [17.7193146, 45.0179735], [17.719459, 45.0180245], [17.7196213, 45.0180372], [17.7197656, 45.0180436], [17.719928, 45.0180436], [17.7200813, 45.0180309], [17.7202256, 45.0179926], [17.7203699, 45.0179289], [17.7204872, 45.0178523], [17.7205774, 45.0177631], [17.7206405, 45.0176674], [17.7207578, 45.017355], [17.7208751, 45.0172976], [17.7210374, 45.0172913], [17.7211817, 45.0172913], [17.721326, 45.017253], [17.7214523, 45.0171956], [17.7215786, 45.0171382], [17.7216958, 45.0170554], [17.7218221, 45.0169916], [17.7219574, 45.016947], [17.7221198, 45.0169597], [17.722228, 45.0170426], [17.7224084, 45.0172275], [17.7225076, 45.0173104], [17.7226158, 45.0173869], [17.7227421, 45.0174698], [17.7228774, 45.0175208], [17.7230308, 45.0175591], [17.723157, 45.0176356], [17.7239868, 45.0182349], [17.7250331, 45.0180691], [17.7258449, 45.0178332], [17.7260253, 45.0177822], [17.7261876, 45.0177758], [17.7263771, 45.0177758], [17.7265484, 45.0178205], [17.7267018, 45.0178906], [17.7268551, 45.0179735], [17.7269994, 45.0180691], [17.7271347, 45.0181393], [17.72727, 45.0181839], [17.7274414, 45.0182094], [17.7283975, 45.0183497], [17.7295971, 45.0191211], [17.7312206, 45.0194463], [17.7333493, 45.0193953], [17.7346481, 45.0191658], [17.7349187, 45.0190382], [17.7351712, 45.0189362], [17.7353877, 45.0188087], [17.7356042, 45.0186812], [17.7358567, 45.0185792], [17.7363077, 45.0185409], [17.7366144, 45.0185409], [17.736921, 45.0186429], [17.7372097, 45.0187832], [17.7374081, 45.0189617], [17.7375163, 45.0191658], [17.7375163, 45.0194208], [17.7374616, 45.01957], [17.7374622, 45.0197396], [17.7374622, 45.0199691], [17.7376065, 45.0201731], [17.7379493, 45.0203899], [17.7385446, 45.0209509], [17.7385626, 45.0213845], [17.739212, 45.022022], [17.7402403, 45.0221113], [17.7411603, 45.0218435], [17.7429281, 45.021869], [17.7432889, 45.0215375], [17.7453815, 45.0205939], [17.7468167, 45.0203568], [17.7475462, 45.0202369], [17.7493117, 45.0194231], [17.7497854, 45.0193676], [17.7503964, 45.0194335], [17.751085, 45.0194419], [17.7515419, 45.0195101], [17.751976, 45.0196301], [17.7522315, 45.0198332], [17.7525269, 45.0200617], [17.7528236, 45.0202454], [17.7529507, 45.0203145], [17.7530288, 45.0205543], [17.753066, 45.0206822], [17.7531456, 45.020861], [17.7532598, 45.0210542], [17.7533146, 45.0211095], [17.753427, 45.0212145], [17.7535505, 45.0212684], [17.7536122, 45.0212812], [17.7536703, 45.0212889], [17.753732, 45.0212941], [17.7538554, 45.0212941], [17.7539135, 45.0212889], [17.7539716, 45.0212735], [17.7540261, 45.021253], [17.7540841, 45.0212427], [17.7541459, 45.0212427], [17.7541967, 45.0212658], [17.7542221, 45.0213095], [17.7542185, 45.0213531], [17.7541967, 45.0213967], [17.7541676, 45.0214378], [17.754135, 45.0214788], [17.7540841, 45.0215635], [17.7540805, 45.0216071], [17.754095, 45.0216508], [17.7541241, 45.0216969], [17.7541568, 45.0217354], [17.754383, 45.0219223], [17.7544549, 45.0219586], [17.7545319, 45.0219876], [17.7546089, 45.0220057], [17.7546859, 45.0220275], [17.7547578, 45.0220638], [17.7548092, 45.0221146], [17.7548246, 45.0221763], [17.7547732, 45.0222271], [17.7546962, 45.0222634], [17.7546141, 45.0222852], [17.7545319, 45.0223215], [17.7544498, 45.0223614], [17.7543882, 45.0224122], [17.7543368, 45.0224666], [17.7543009, 45.0225283], [17.7542598, 45.02259], [17.7542085, 45.0226408], [17.7541417, 45.022688], [17.7540647, 45.0227316], [17.753998, 45.0227787], [17.7539517, 45.0228441], [17.7539363, 45.0229058], [17.7539517, 45.0229674], [17.7539928, 45.0230182], [17.7540493, 45.0230727], [17.7540955, 45.0231271], [17.754116, 45.0231888], [17.7541366, 45.0232505], [17.7541417, 45.0233122], [17.754152, 45.0233739], [17.7542033, 45.0234973], [17.754229, 45.023559], [17.7542444, 45.0236207], [17.7542752, 45.0236787], [17.7543419, 45.0237186], [17.7544292, 45.0237295], [17.7545268, 45.023744], [17.7546141, 45.0237549], [17.7546911, 45.0237912], [17.7547373, 45.0238457], [17.7547732, 45.0239364], [17.7547527, 45.0239981], [17.7547167, 45.0240525], [17.7547167, 45.0241142], [17.7547322, 45.0241759], [17.7547322, 45.0242376], [17.7547116, 45.0243029], [17.7546551, 45.0243537], [17.7545935, 45.0244009], [17.754573, 45.0244626], [17.754573, 45.0245932], [17.7545525, 45.0246549], [17.7544857, 45.0247021], [17.7544138, 45.0247456], [17.7544138, 45.024811], [17.7544908, 45.02484], [17.754573, 45.0248618], [17.7546397, 45.0248944], [17.7546911, 45.0249452], [17.754727, 45.0250069], [17.7547578, 45.025065], [17.7547989, 45.0251194], [17.7547835, 45.0251847], [17.7547116, 45.0252283], [17.7546962, 45.02529], [17.7547167, 45.025348], [17.7546705, 45.0254133], [17.7546141, 45.0254641], [17.7545679, 45.025602], [17.7545371, 45.0256601], [17.7544857, 45.0257145], [17.75446, 45.0257799], [17.7544857, 45.0258415], [17.7544908, 45.0259069], [17.7544806, 45.0259686], [17.7544344, 45.0260194], [17.7543676, 45.0260665], [17.7543009, 45.0261101], [17.7542495, 45.0261609], [17.7542033, 45.0262153], [17.7541777, 45.0262734], [17.7541725, 45.0263351], [17.7541879, 45.0263968], [17.7542393, 45.0264476], [17.7542957, 45.0264984], [17.7543574, 45.0265455], [17.754419, 45.0265963], [17.7545371, 45.0266979], [17.7545935, 45.0267451], [17.7546551, 45.0267959], [17.7547116, 45.0268467], [17.754763, 45.0269048], [17.754804, 45.0269556], [17.7548297, 45.0270136], [17.7548502, 45.0270753], [17.7548656, 45.0271407], [17.754881, 45.0272677], [17.7548862, 45.0273293], [17.7548862, 45.0273947], [17.7548092, 45.027431], [17.7548605, 45.0275979], [17.7548708, 45.0276596], [17.7548759, 45.0277213], [17.7548759, 45.0277829], [17.7548554, 45.0278446], [17.7548194, 45.0279063], [17.7547938, 45.0279644], [17.7547886, 45.0280297], [17.7547989, 45.0280914], [17.7548348, 45.0281567], [17.7548759, 45.0282148], [17.7549221, 45.0282656], [17.7549632, 45.02832], [17.7549735, 45.0283889], [17.7549735, 45.0284506], [17.7549837, 45.0285123], [17.754994, 45.028574], [17.754994, 45.0286357], [17.7549632, 45.0287627], [17.7549529, 45.0288244], [17.7549581, 45.0288861], [17.7549786, 45.0289477], [17.7550043, 45.0290058], [17.7550197, 45.0290675], [17.7550299, 45.0291328], [17.7550299, 45.0291945], [17.7550094, 45.0292562], [17.7549581, 45.0293614], [17.7549273, 45.0294267], [17.7548913, 45.0294884], [17.7548605, 45.0295465], [17.75484, 45.0296082], [17.75484, 45.0296771], [17.7548605, 45.0297569], [17.7548759, 45.0298222], [17.7548964, 45.0298876], [17.7549581, 45.0299347], [17.7550402, 45.0299456], [17.7551275, 45.0299638], [17.7551891, 45.0300037], [17.7552148, 45.0300617], [17.7552148, 45.030127], [17.7552353, 45.0302504], [17.7552558, 45.0303157], [17.7552712, 45.030381], [17.7553021, 45.0304391], [17.755338, 45.0305008], [17.7553585, 45.0305588], [17.7553534, 45.0306205], [17.7552918, 45.0306677], [17.7552558, 45.0307294], [17.7552815, 45.0307874], [17.7553637, 45.0308128], [17.7554509, 45.0308273], [17.7555228, 45.03086], [17.7555742, 45.0309072], [17.7556358, 45.0309507], [17.7556563, 45.0310088], [17.7556974, 45.0310632], [17.7557795, 45.0310632], [17.7558566, 45.031085], [17.7559028, 45.0311358], [17.7559182, 45.0312011], [17.7559387, 45.0312628], [17.75599, 45.0313208], [17.756026, 45.0313752], [17.7560363, 45.0314442], [17.7560363, 45.0315059], [17.7560311, 45.0315712], [17.7559182, 45.0316764], [17.7558617, 45.0317345], [17.7558874, 45.0318215], [17.7559182, 45.0318796], [17.7559541, 45.031934], [17.7560106, 45.0319848], [17.7560619, 45.0320393], [17.7561081, 45.0321009], [17.7561543, 45.0321699], [17.7561646, 45.0322352], [17.7561338, 45.0322969], [17.7560773, 45.0323477], [17.7560054, 45.0323985], [17.7559438, 45.0324493], [17.7559182, 45.0325109], [17.7559182, 45.0325763], [17.7559438, 45.0326379], [17.7559541, 45.0327033], [17.7558874, 45.0327468], [17.7558155, 45.0327831], [17.7557641, 45.0328339], [17.7557333, 45.0328992], [17.7557179, 45.0329609], [17.7557487, 45.0330189], [17.7558052, 45.0330661], [17.7558257, 45.0331278], [17.7557898, 45.0331895], [17.7557847, 45.0332584], [17.7557282, 45.0333092], [17.7557333, 45.0333745], [17.7557436, 45.0334398], [17.7557487, 45.0335051], [17.7558103, 45.0335523], [17.7558771, 45.0335958], [17.7559438, 45.0336357], [17.7559952, 45.0336865], [17.7560003, 45.0337555], [17.7559541, 45.033897], [17.7559079, 45.0339514], [17.755836, 45.0339877], [17.7557693, 45.0340276], [17.7557539, 45.0340965], [17.7558412, 45.0341219], [17.7559079, 45.0341546], [17.7559079, 45.0342199], [17.7559952, 45.0342163], [17.7560825, 45.0341981], [17.7561389, 45.0342417], [17.7561492, 45.034307], [17.7561389, 45.0343723], [17.7560876, 45.0344267], [17.7560825, 45.0344884], [17.7561235, 45.0345392], [17.7561389, 45.0346009], [17.7560927, 45.0346589], [17.7560414, 45.034717], [17.756026, 45.0347859], [17.7560722, 45.0348367], [17.7561492, 45.0348657], [17.7562314, 45.0348331], [17.7562827, 45.0347859], [17.7563032, 45.0347242], [17.756334, 45.0346589], [17.7564213, 45.0346444], [17.7564829, 45.0346916], [17.7565035, 45.0347605], [17.7565137, 45.0348258], [17.7565137, 45.0348911], [17.7564521, 45.0349456], [17.7563802, 45.0349855], [17.7563289, 45.0350399], [17.7563135, 45.0351052], [17.756334, 45.0351669], [17.7564008, 45.035214], [17.7564778, 45.0352394], [17.7565548, 45.0352721], [17.7566216, 45.0353048], [17.7566626, 45.0353555], [17.7566421, 45.0354172], [17.7566575, 45.0354825], [17.7567088, 45.035537], [17.7567396, 45.0355914], [17.7567859, 45.0356422], [17.7568064, 45.0357075], [17.7568064, 45.0357692], [17.7568115, 45.0358308], [17.7568731, 45.0358889], [17.7569399, 45.0359578], [17.7569861, 45.0360086], [17.7570169, 45.036063], [17.7570323, 45.0361247], [17.7570015, 45.0361828], [17.7569091, 45.0363025], [17.756868, 45.0363606], [17.756791, 45.0363932], [17.7567294, 45.0364404], [17.7567191, 45.0365021], [17.7567345, 45.0365637], [17.7567859, 45.0366581], [17.7567602, 45.0367197], [17.7567088, 45.0367742], [17.7566678, 45.0368322], [17.7566934, 45.0368903], [17.7567705, 45.036912], [17.7568372, 45.0369519], [17.7567961, 45.0370064], [17.7567705, 45.037068], [17.7567653, 45.0371297], [17.7567653, 45.0371914], [17.7567807, 45.0372567], [17.7567807, 45.0373184], [17.7568064, 45.0373873], [17.7568629, 45.0375107], [17.7568834, 45.0375724], [17.7568629, 45.037634], [17.7568167, 45.0376885], [17.7567653, 45.0377429], [17.7567345, 45.0378009], [17.7567448, 45.0378626], [17.7568269, 45.0378844], [17.7569091, 45.0378699], [17.7569399, 45.0379243], [17.7568937, 45.0379787], [17.7568372, 45.0380295], [17.7567961, 45.0381166], [17.7568064, 45.0381782], [17.7568423, 45.0382617], [17.7568526, 45.0383234], [17.7567859, 45.0383814], [17.7566986, 45.0384177], [17.7566318, 45.0384649], [17.7565805, 45.0385193], [17.7565651, 45.0385846], [17.7565445, 45.0386717], [17.7565035, 45.0387406], [17.7564573, 45.038795], [17.756334, 45.0389691], [17.7562981, 45.0390236], [17.7562416, 45.0390744], [17.7561543, 45.0390961], [17.7560568, 45.0390998], [17.7559592, 45.0390998], [17.7558771, 45.0391215], [17.7558771, 45.0391905], [17.7558514, 45.0392521], [17.7558103, 45.0393066], [17.7558103, 45.0393719], [17.7558155, 45.0394335], [17.7557641, 45.0394916], [17.7557333, 45.0395496], [17.7557333, 45.0396766], [17.7556923, 45.0397347], [17.7556204, 45.0397854], [17.7555844, 45.0398471], [17.7555742, 45.0399197], [17.755569, 45.0399814], [17.7555228, 45.0400358], [17.7554509, 45.0400721], [17.7553791, 45.0401156], [17.7553329, 45.0401881], [17.7553277, 45.0402534], [17.7553431, 45.0403224], [17.7553893, 45.0403841], [17.7553996, 45.0404457], [17.7553996, 45.0405074], [17.7553893, 45.0405691], [17.7553945, 45.0406307], [17.7554201, 45.0406888], [17.7554869, 45.0407287], [17.755569, 45.0407287], [17.7556358, 45.0406997], [17.7557179, 45.0406961], [17.7557795, 45.0407396], [17.7558052, 45.0407976], [17.7558001, 45.0408629], [17.7557641, 45.0409246], [17.7557128, 45.0409754], [17.7556512, 45.0410226], [17.755605, 45.041077], [17.7555639, 45.0411314], [17.7555536, 45.0411967], [17.7555844, 45.0412693], [17.7556512, 45.0413237], [17.7557025, 45.0413781], [17.7557128, 45.0414434], [17.7557128, 45.0415051], [17.7557333, 45.0417663], [17.7557487, 45.0418316], [17.7557641, 45.0418969], [17.7557693, 45.0419622], [17.7557795, 45.0420275], [17.7558052, 45.0421508], [17.755872, 45.0421943], [17.7560414, 45.042198], [17.756103, 45.0422415], [17.7561338, 45.0423068], [17.7561492, 45.0423721], [17.7561646, 45.0424338], [17.7561851, 45.0424955], [17.7561954, 45.0425608], [17.7561851, 45.0426261], [17.7561492, 45.0426841], [17.7561287, 45.0427458], [17.7561287, 45.0428727], [17.7561646, 45.0429308], [17.7562314, 45.0429743], [17.7563546, 45.043065], [17.7562827, 45.0432246], [17.7562622, 45.0432936], [17.7562622, 45.0433589], [17.7563238, 45.0434024], [17.7563957, 45.0434423], [17.7564521, 45.0434931], [17.7564778, 45.0435548], [17.7564932, 45.0436164], [17.7565086, 45.0436781], [17.7565394, 45.0437398], [17.7565959, 45.0437869], [17.7566626, 45.0438232], [17.7568013, 45.0439103], [17.756868, 45.0439538], [17.7569245, 45.0439973], [17.7569553, 45.0440554], [17.7569142, 45.044117], [17.7568269, 45.0441316], [17.7567602, 45.0441751], [17.7567602, 45.0442368], [17.7567756, 45.0442984], [17.7568321, 45.044342], [17.7569245, 45.0443528], [17.7570118, 45.0443891], [17.7570836, 45.0444218], [17.7571658, 45.0444508], [17.7572428, 45.0444798], [17.7573147, 45.0445052], [17.7572531, 45.0445524], [17.7571812, 45.0445197], [17.7570888, 45.0445088], [17.7570374, 45.0445632], [17.7569861, 45.0446177], [17.7569861, 45.0446793], [17.7570734, 45.0447011], [17.7571607, 45.0447047], [17.7572223, 45.0447446], [17.7572633, 45.044799], [17.7572941, 45.0448571], [17.757289, 45.044926], [17.7572736, 45.0449913], [17.7572685, 45.045053], [17.7572787, 45.0451183], [17.757325, 45.0451799], [17.7573763, 45.0452344], [17.7574533, 45.0453613], [17.7574636, 45.0454339], [17.7574122, 45.0454847], [17.7573301, 45.0455064], [17.7572787, 45.0455572], [17.7572736, 45.0456189], [17.7572941, 45.0456806], [17.7573301, 45.045735], [17.7574328, 45.045851], [17.7574738, 45.0459055], [17.7575098, 45.0459599], [17.7575509, 45.0460143], [17.7576125, 45.0460651], [17.7576792, 45.0461086], [17.7577408, 45.0460651], [17.7578127, 45.0460288], [17.7578949, 45.0460215], [17.7579719, 45.0460506], [17.7579975, 45.0461122], [17.7580027, 45.0461775], [17.7580027, 45.0462392], [17.7580181, 45.0463662], [17.7580386, 45.0464315], [17.7580643, 45.0464967], [17.7580746, 45.0465584], [17.7580848, 45.0466237], [17.7580643, 45.0466854], [17.7580232, 45.046747], [17.7579821, 45.0468015], [17.7579359, 45.0468559], [17.7578743, 45.046903], [17.7578743, 45.0469647], [17.7579565, 45.0469792], [17.7580437, 45.0469647], [17.758131, 45.0469647], [17.7581926, 45.0470082], [17.7582748, 45.0469865], [17.7584545, 45.0469611], [17.7585366, 45.0469901], [17.7585366, 45.0470554], [17.7584596, 45.047088], [17.7583723, 45.0471134], [17.7583056, 45.0471606], [17.7582143, 45.0471983], [17.7581552, 45.0472364], [17.7581526, 45.0472564], [17.7582271, 45.0473053], [17.7583208, 45.0473362], [17.7584453, 45.0473443], [17.7585351, 45.0473298], [17.7586006, 45.0473425], [17.758652, 45.0473997], [17.7586391, 45.0474441], [17.7586122, 45.0475067], [17.7585968, 45.0475819], [17.7586314, 45.0476264], [17.7586686, 45.0476808], [17.7586738, 45.0477425], [17.758693, 45.0478059], [17.7587546, 45.0478667], [17.7587829, 45.0478876], [17.758815, 45.0479066], [17.7588663, 45.047912], [17.7589472, 45.0479157], [17.7590011, 45.0479247], [17.7590126, 45.0479492], [17.7590242, 45.0479801], [17.7590627, 45.048], [17.7591012, 45.048019], [17.7591513, 45.0480417], [17.7592488, 45.0480453], [17.7593412, 45.048068], [17.7593707, 45.0481097], [17.7593489, 45.0481623], [17.7593066, 45.0481986], [17.7592719, 45.048234], [17.7592758, 45.0482585], [17.7593156, 45.0482802], [17.7593913, 45.0483011], [17.7594953, 45.0483174], [17.7595376, 45.0483238], [17.7595864, 45.048321], [17.7596403, 45.0483346], [17.7596685, 45.0483637], [17.759725, 45.0484026], [17.7597853, 45.0484208], [17.759897, 45.0484543], [17.7599638, 45.0485015], [17.7599727, 45.0485369], [17.7599432, 45.0485532], [17.7598996, 45.0485577], [17.7598482, 45.0485722], [17.7598495, 45.0485867], [17.7599047, 45.0486266], [17.7599792, 45.0486593], [17.7600793, 45.0487101], [17.7600998, 45.0487808], [17.7600613, 45.0488751], [17.76001, 45.0490111], [17.7600048, 45.0491399], [17.7600151, 45.0492415], [17.7600613, 45.0494247], [17.7600934, 45.0494981], [17.7601422, 45.0495407], [17.7601922, 45.0495743], [17.7602025, 45.0496233], [17.7601743, 45.0496704], [17.7601062, 45.0497085], [17.7600446, 45.0497221], [17.759974, 45.0497212], [17.7599098, 45.0497203], [17.7598585, 45.0497284], [17.7598482, 45.0497439], [17.759852, 45.0497619], [17.7599246, 45.0497952], [17.7600335, 45.0498414], [17.7601424, 45.0499363], [17.760186, 45.0501184], [17.7601751, 45.0502082], [17.7601605, 45.0502364], [17.7600807, 45.0502492], [17.7600117, 45.0502441], [17.7599173, 45.0501877], [17.7599572, 45.0502338], [17.7599863, 45.0502877], [17.7600153, 45.0503262], [17.7600516, 45.0503621], [17.7601025, 45.0503698], [17.7602804, 45.050339], [17.7602876, 45.0504159], [17.7603348, 45.0504519], [17.760382, 45.0505032], [17.7605998, 45.0506647], [17.7607959, 45.0507366], [17.7609665, 45.0508186], [17.7610173, 45.0509366], [17.7610028, 45.05107], [17.7609847, 45.0512341], [17.7610936, 45.0514085], [17.7611589, 45.0515804], [17.761188, 45.0517753], [17.7612061, 45.0518779], [17.7612824, 45.0519805], [17.7613876, 45.0520395], [17.7615147, 45.0520933], [17.7615692, 45.0521677], [17.7615692, 45.0522267], [17.7615401, 45.0522985], [17.7615292, 45.0523473], [17.7616345, 45.052455], [17.762219, 45.0526935], [17.7622299, 45.0527268], [17.7622045, 45.052791], [17.7621028, 45.0529115], [17.7620121, 45.0530449], [17.7619903, 45.0531167], [17.7620048, 45.0532065], [17.7620448, 45.0532449], [17.7620956, 45.0532501], [17.7621936, 45.0532372], [17.7622335, 45.0532295], [17.762317, 45.053227], [17.762357, 45.053268], [17.7623497, 45.0532988], [17.7622227, 45.0533783], [17.7621863, 45.0534706], [17.7621936, 45.0535527], [17.7622263, 45.0536732], [17.7622844, 45.0537322], [17.7624804, 45.0538169], [17.7625966, 45.053881], [17.7627019, 45.0539631], [17.7628943, 45.0540554], [17.7631738, 45.0541887], [17.7636059, 45.0545273], [17.7637983, 45.0546119], [17.7640197, 45.0546837], [17.7642013, 45.0547171], [17.7642956, 45.0547248], [17.7644699, 45.0546709], [17.7645788, 45.0546401], [17.7647821, 45.0546094], [17.7648729, 45.0546094], [17.7650472, 45.0545863], [17.7652614, 45.0545606], [17.7654647, 45.0546119], [17.7655954, 45.0546658], [17.765766, 45.0547145], [17.7658204, 45.0547273], [17.7660346, 45.0547453], [17.7661908, 45.054735], [17.7664122, 45.0547376], [17.7666918, 45.0547478], [17.766964, 45.0547914], [17.7672363, 45.0549171], [17.7673561, 45.0549966], [17.7675921, 45.0552351], [17.767701, 45.0553916], [17.7677446, 45.055489], [17.7677882, 45.0556019], [17.7678753, 45.0557147], [17.7680532, 45.0558712], [17.7682202, 45.0559455], [17.7684707, 45.0560584], [17.7685687, 45.0560866], [17.768703, 45.0560686], [17.7688846, 45.0560097], [17.7690225, 45.0559327], [17.7691387, 45.0558866], [17.7695126, 45.0558019], [17.7697232, 45.0557686], [17.7699592, 45.055807], [17.7703767, 45.0559968], [17.7707179, 45.0561379], [17.7709358, 45.0562815], [17.7711064, 45.0564867], [17.7711935, 45.0566149], [17.771248, 45.0567739], [17.7713714, 45.0569329], [17.7714767, 45.0570227], [17.7716074, 45.0571124], [17.7717018, 45.0571381], [17.7718289, 45.0571483], [17.7719705, 45.0571176], [17.7721048, 45.0570663], [17.7723045, 45.0570098], [17.7724388, 45.0569868], [17.7727111, 45.057015], [17.7728999, 45.0570893], [17.7730959, 45.0572048], [17.7732484, 45.0574202], [17.7735424, 45.0577792], [17.7740507, 45.0583793], [17.7743557, 45.0587717], [17.7747006, 45.0591307], [17.7750927, 45.0595231], [17.7751362, 45.0596487], [17.7752524, 45.0596769], [17.7754448, 45.0607617], [17.7754739, 45.0609515], [17.7755138, 45.061054], [17.7755428, 45.0611361], [17.7756336, 45.061213], [17.775757, 45.0613182], [17.7760039, 45.0620567], [17.7763125, 45.0623106], [17.7765594, 45.0624157], [17.7766683, 45.0625542], [17.7771874, 45.062844], [17.7774016, 45.0629158], [17.7774561, 45.0629619], [17.7775287, 45.0630209], [17.7777139, 45.0630773], [17.7779498, 45.0630953], [17.7784944, 45.063426], [17.7785779, 45.0634594], [17.7788139, 45.0634978], [17.7790571, 45.0635568], [17.7793403, 45.0636748], [17.7800555, 45.0637491], [17.7809486, 45.0639312], [17.7809849, 45.0639492], [17.7811265, 45.0640415], [17.7812753, 45.0641543], [17.7815222, 45.0642876], [17.7817037, 45.0643876], [17.7819034, 45.0645184], [17.7819216, 45.0645851], [17.7819288, 45.0646595], [17.7820051, 45.0647466], [17.7820849, 45.0648133], [17.7822483, 45.0648979], [17.7823645, 45.0649364], [17.7825859, 45.0649774], [17.7826549, 45.0649902], [17.7827638, 45.0650415], [17.7828256, 45.0651005], [17.7828873, 45.065162], [17.7829308, 45.065239], [17.7830034, 45.0653569], [17.783116, 45.0654185], [17.7832249, 45.0654595], [17.7832503, 45.0655108], [17.7832685, 45.0656005], [17.7833615, 45.065694], [17.7832922, 45.0657403], [17.783264, 45.0657829], [17.783273, 45.0658382], [17.7833295, 45.0658717], [17.7834244, 45.0658871], [17.7835695, 45.0658907], [17.7836362, 45.0659261], [17.7837466, 45.0659859], [17.783798, 45.0660095], [17.7838057, 45.0660612], [17.7838069, 45.0661129], [17.7838326, 45.0661546], [17.7838929, 45.0661954], [17.7839289, 45.066276], [17.7839212, 45.0663658], [17.7839225, 45.0663948], [17.7839417, 45.0664329], [17.7840174, 45.0664909], [17.7840791, 45.0665317], [17.7841394, 45.066616], [17.7841458, 45.0666695], [17.7841111, 45.0667148], [17.7840649, 45.0667384], [17.7840085, 45.0667574], [17.7839854, 45.0667946], [17.7840008, 45.0668363], [17.7840303, 45.0668499], [17.7840983, 45.0668363], [17.7841253, 45.0668245], [17.784183, 45.0668055], [17.7842241, 45.0668064], [17.7842459, 45.0668227], [17.7842472, 45.0668553], [17.7842267, 45.066878], [17.7842036, 45.0668988], [17.7842202, 45.0669179], [17.784269, 45.0669251], [17.7843011, 45.0669197], [17.7843912, 45.0668818], [17.78444, 45.0668691], [17.7845221, 45.0668782], [17.7846351, 45.0669742], [17.7847763, 45.0671247], [17.7847968, 45.0672879], [17.7848045, 45.067471], [17.7848071, 45.0675363], [17.7848096, 45.0675708], [17.784825, 45.0675889], [17.7849098, 45.0675961], [17.7849585, 45.0675998], [17.7850355, 45.0676233], [17.7850664, 45.0676814], [17.7850574, 45.0677301], [17.7850211, 45.0677608], [17.7850102, 45.0677967], [17.7850465, 45.0678377], [17.7851917, 45.0678634], [17.7852897, 45.0679121], [17.785326, 45.0680044], [17.7853732, 45.0680557], [17.785464, 45.0681044], [17.7855584, 45.0681326], [17.7856274, 45.0682121], [17.7855838, 45.0682685], [17.7855257, 45.0683018], [17.7855547, 45.0684147], [17.7856128, 45.0684967], [17.7856673, 45.0685634], [17.7856891, 45.0686275], [17.7856709, 45.0686864], [17.7856419, 45.0687198], [17.7856092, 45.068748], [17.7856056, 45.0688121], [17.7856382, 45.068848], [17.7856963, 45.0688788], [17.785798, 45.0689582], [17.7859214, 45.0690839], [17.7859868, 45.0692403], [17.785994, 45.0693454], [17.7859468, 45.0694172], [17.7858887, 45.0695146], [17.7858597, 45.0696274], [17.7858524, 45.0697249], [17.7858549, 45.0698026], [17.7858625, 45.0698997], [17.7858887, 45.0700377], [17.7859396, 45.0701761], [17.7860267, 45.0702838], [17.7861356, 45.0703966], [17.7863244, 45.0705197], [17.7867528, 45.0707146], [17.787232, 45.070971], [17.7879073, 45.0714274], [17.7885753, 45.0719606], [17.7880743, 45.0724375], [17.788205, 45.0725452], [17.7877693, 45.0729247], [17.7879, 45.0729913], [17.784295, 45.0760499], [17.784589, 45.0761294], [17.7848032, 45.0761858], [17.785032, 45.076314], [17.785228, 45.0764781], [17.7853551, 45.0766703], [17.7854452, 45.0768177], [17.7854495, 45.0768319], [17.7856346, 45.077078], [17.7858089, 45.0772702], [17.7861029, 45.077442], [17.7865676, 45.0776368], [17.7870069, 45.0778676], [17.7872538, 45.078006], [17.7874426, 45.0781675], [17.7877475, 45.0783777], [17.7879981, 45.07847], [17.7879485, 45.0785149], [17.7891938, 45.0791339], [17.7880344, 45.080318], [17.7870691, 45.0811971], [17.7861794, 45.0818113], [17.7852499, 45.0824087], [17.7844923, 45.0827853], [17.783355, 45.0832997], [17.7820583, 45.0837757], [17.7807755, 45.0841109], [17.7796989, 45.0844165], [17.7782709, 45.0845782], [17.7763267, 45.0847772], [17.7742938, 45.0848752], [17.7728322, 45.0849131], [17.7705183, 45.0848104], [17.7682741, 45.0845495], [17.7668165, 45.084289], [17.7651777, 45.0841422], [17.7638256, 45.0840499], [17.7628262, 45.0841916], [17.760758, 45.0846331], [17.759168, 45.0851783], [17.7577603, 45.0856886], [17.755728, 45.0864507], [17.7548272, 45.086845], [17.7538665, 45.0875155], [17.7518963, 45.0887837], [17.7508018, 45.089562], [17.7498026, 45.0903341], [17.7484572, 45.0913843], [17.7472609, 45.0923105], [17.7462707, 45.0931604], [17.7453788, 45.0936334], [17.7446998, 45.0939736], [17.7438579, 45.0944311], [17.7427658, 45.0950412], [17.74189, 45.0954673], [17.7405529, 45.096121], [17.7395532, 45.0966448], [17.7390931, 45.0968495], [17.7389828, 45.0968985], [17.7389738, 45.0969026], [17.7376426, 45.0974942], [17.7370467, 45.097702], [17.7361356, 45.0980197], [17.7359612, 45.0980805], [17.7343102, 45.0988577], [17.7329249, 45.0995008], [17.7317519, 45.1000727], [17.7306957, 45.1005806], [17.7296516, 45.101201], [17.7286001, 45.101844], [17.7274726, 45.1025896], [17.7265322, 45.103225], [17.7257105, 45.1038473], [17.7246173, 45.1046711], [17.7236235, 45.1053749], [17.7229575, 45.1058987], [17.7219779, 45.1067881], [17.7207032, 45.1078909], [17.7194888, 45.1088914], [17.7187271, 45.1094111], [17.7174793, 45.1101362], [17.7163108, 45.1108542], [17.7150989, 45.1114661], [17.7135476, 45.1121511], [17.7122373, 45.1126744], [17.7113503, 45.1130203], [17.7100707, 45.1135107], [17.7089782, 45.1138952], [17.7076854, 45.1142324], [17.7062319, 45.1145272], [17.7048707, 45.114719], [17.703187, 45.1147869], [17.7016297, 45.1148299], [17.7000084, 45.1148572], [17.6984216, 45.1149685], [17.6971939, 45.1151186], [17.695677, 45.1154143], [17.6944182, 45.1158239], [17.6931112, 45.1164539], [17.6918103, 45.1172697], [17.6913685, 45.1175553], [17.691103, 45.1177269], [17.6901287, 45.1183564], [17.68933, 45.1189667], [17.6886658, 45.1195578], [17.6873694, 45.1212293], [17.6858372, 45.12322], [17.6850925, 45.1242684], [17.6845025, 45.1249128], [17.6839688, 45.1254517], [17.683408, 45.1260932], [17.6831553, 45.1263145], [17.6826036, 45.1267894], [17.6813488, 45.1278087], [17.6800459, 45.1287888], [17.6780248, 45.1303465], [17.6772588, 45.1309244], [17.676436, 45.13139], [17.6756286, 45.1317709], [17.6747015, 45.1321469], [17.6731077, 45.1326666], [17.6714423, 45.1331643], [17.6697917, 45.1335661], [17.6695391, 45.1336083], [17.6686179, 45.1337627], [17.667937, 45.1339267], [17.6652772, 45.1341125], [17.6626874, 45.134001], [17.66015, 45.1337286], [17.6577979, 45.1332719], [17.6545329, 45.1324899], [17.650751, 45.1313847], [17.6477308, 45.130363], [17.6443136, 45.1289473], [17.6407438, 45.1273494], [17.6372966, 45.1254789], [17.6334993, 45.1234968], [17.6297196, 45.1211058], [17.6279522, 45.1195696], [17.6270423, 45.1180524], [17.6267273, 45.1172032], [17.6264648, 45.1163111], [17.6261323, 45.1154934], [17.6253974, 45.114527], [17.6241725, 45.1138207], [17.6228936, 45.1134503], [17.6202352, 45.1133003], [17.6177334, 45.1134348], [17.6146356, 45.1134614], [17.6131307, 45.1134118], [17.6124666, 45.1132231], [17.6116083, 45.1129658], [17.6101034, 45.1119497], [17.6081344, 45.1102973], [17.6054747, 45.1082751], [17.6038825, 45.1074477], [17.6026255, 45.1069623], [17.6017549, 45.1066433], [17.6010906, 45.1065305], [17.6007424, 45.1064714], [17.5988775, 45.1061938], [17.5974049, 45.1060762], [17.5966802, 45.1059976], [17.5954335, 45.1060921], [17.5942429, 45.1062087], [17.5931661, 45.1064933], [17.5919326, 45.1069142], [17.5913725, 45.1071833], [17.5903835, 45.1079795], [17.5894333, 45.108719], [17.5882414, 45.1097589], [17.5871777, 45.1108596], [17.5861276, 45.1118251], [17.5851024, 45.1128468], [17.5841063, 45.1137161], [17.5831482, 45.1144613], [17.5827146, 45.1147012], [17.581522, 45.1152061], [17.5805566, 45.115501], [17.5794017, 45.1158817], [17.5786018, 45.1160908], [17.577833, 45.1162431], [17.5770854, 45.1162379], [17.5761797, 45.1162157], [17.5760433, 45.1162123], [17.5754842, 45.1161509], [17.5740923, 45.115953], [17.5727901, 45.1155865], [17.5716746, 45.1150485], [17.5708608, 45.1144307], [17.5699436, 45.1134156], [17.5680858, 45.1113987], [17.5670676, 45.1105964], [17.5658707, 45.1098884], [17.5647252, 45.10935], [17.5637967, 45.1090056], [17.5623724, 45.1087035], [17.5603494, 45.1084913], [17.5583913, 45.1083341], [17.5574907, 45.1083497], [17.5563645, 45.1084183], [17.5557086, 45.1085878], [17.5552219, 45.1088302], [17.554705, 45.1092968], [17.5543847, 45.1098227], [17.5542148, 45.1103553], [17.554201, 45.1111763], [17.5545015, 45.1127358], [17.5552585, 45.1145009], [17.5563352, 45.1166177], [17.5569613, 45.1177678], [17.5571236, 45.1181291], [17.5573514, 45.1194471], [17.5574254, 45.1208042], [17.557353, 45.1220165], [17.5570831, 45.123136], [17.5566787, 45.1241672], [17.5550981, 45.1265091], [17.5539599, 45.1277906], [17.5529769, 45.1284905], [17.5518632, 45.1291111], [17.5503722, 45.1296402], [17.5490036, 45.1298804], [17.5479937, 45.1299388], [17.5465105, 45.1298394], [17.5449334, 45.1295543], [17.5435322, 45.1290474], [17.5423984, 45.1284249], [17.5413798, 45.127721], [17.5405806, 45.1270273], [17.5396722, 45.1260102], [17.539449, 45.1254552], [17.5393198, 45.1249599], [17.5394793, 45.1242517], [17.5398456, 45.1233578], [17.5403528, 45.1218179], [17.5407206, 45.1204987], [17.5408853, 45.1196423], [17.5409349, 45.11873], [17.5409085, 45.117956], [17.5407974, 45.1173212], [17.5405348, 45.1165684], [17.5401781, 45.1158155], [17.539577, 45.1149606], [17.5389007, 45.1141057], [17.5367804, 45.1123387], [17.5333535, 45.110113], [17.5327728, 45.109809], [17.5321169, 45.1095051], [17.5312968, 45.109276], [17.5304391, 45.1090602], [17.528948, 45.1088095], [17.5280193, 45.1086794], [17.5246848, 45.1085723], [17.5224997, 45.1085149], [17.5199345, 45.1083786], [17.5177599, 45.1082609], [17.5161444, 45.1083246], [17.5147873, 45.1084926], [17.5133874, 45.1087404], [17.5126262, 45.109008], [17.51211, 45.1093476], [17.5104476, 45.110562], [17.5079101, 45.1130935], [17.5066329, 45.1140066], [17.504953, 45.1146385], [17.5037456, 45.1148739], [17.5019459, 45.1148873], [17.5002808, 45.1143907], [17.4961511, 45.1126188], [17.4914089, 45.1107974], [17.4887995, 45.1099175], [17.487338, 45.1096399], [17.4861513, 45.1095439], [17.4842714, 45.1097117], [17.4826801, 45.110133], [17.4818284, 45.1104982], [17.4810496, 45.1109832], [17.4804997, 45.1114409], [17.4801169, 45.1120267], [17.4797988, 45.1131165], [17.4797253, 45.1137384], [17.4797385, 45.1143094], [17.4801315, 45.1151348], [17.4807696, 45.115989], [17.4823736, 45.1174006], [17.4842176, 45.1186533], [17.4871392, 45.1200403], [17.489694, 45.1213536], [17.4910764, 45.1223942], [17.4920974, 45.1235855], [17.4927954, 45.1249383], [17.4932339, 45.1259012], [17.4935091, 45.1267627], [17.4936895, 45.1278159], [17.4937527, 45.1289232], [17.4937319, 45.1299265], [17.4935723, 45.1305713], [17.4936084, 45.1313667], [17.4935272, 45.1317962], [17.4933468, 45.1325503], [17.4931078, 45.1333043], [17.4929364, 45.1339056], [17.4927996, 45.1344994], [17.4923922, 45.1353674], [17.4916691, 45.1362471], [17.491422, 45.1364894], [17.4908844, 45.1368866], [17.4899713, 45.1372693], [17.4888324, 45.1375106], [17.4880568, 45.1375801], [17.4873983, 45.1375451], [17.4867436, 45.1373831], [17.4860048, 45.1370647], [17.4852516, 45.1367048], [17.4839528, 45.1354327], [17.4835532, 45.1349386], [17.4821444, 45.1329766], [17.4812636, 45.1320181], [17.4802953, 45.1311249], [17.4789198, 45.1299986], [17.4779723, 45.1293527], [17.4771565, 45.1288786], [17.4762996, 45.1284523], [17.4752804, 45.1280259], [17.4735982, 45.1274055], [17.4719237, 45.1269148], [17.4695467, 45.1264324], [17.4665782, 45.1260437], [17.4644027, 45.1258591], [17.4621829, 45.1256699], [17.4611691, 45.1256173], [17.4598793, 45.1256332], [17.4580677, 45.1257489], [17.4556807, 45.12598], [17.4541856, 45.1261581], [17.4531732, 45.1262918], [17.452708, 45.1263817], [17.4522171, 45.1265114], [17.4515026, 45.1267664], [17.4510588, 45.1269678], [17.4502792, 45.1263928], [17.4500612, 45.1264821], [17.449889, 45.1264528], [17.4497925, 45.1263274], [17.4497104, 45.1261384], [17.4496801, 45.1259078], [17.4495964, 45.1258296], [17.4495063, 45.1257368], [17.449311, 45.1249642], [17.4485785, 45.1245165], [17.4484071, 45.1241028], [17.4477848, 45.1236573], [17.4476675, 45.1235937], [17.4475593, 45.1235173], [17.4474601, 45.1234282], [17.447433, 45.12332], [17.4473882, 45.1232258], [17.4473002, 45.1231637], [17.4472113, 45.1231546], [17.4468865, 45.1232055], [17.4465799, 45.1232691], [17.4462732, 45.1233328], [17.4460207, 45.1234346], [17.4457501, 45.1235619], [17.4454795, 45.1236637], [17.4449383, 45.1238546], [17.4446316, 45.123931], [17.444361, 45.1240201], [17.4437657, 45.124211], [17.4434771, 45.1243001], [17.4431524, 45.1243765], [17.4428638, 45.1244401], [17.4425391, 45.1245037], [17.4422324, 45.1245928], [17.4419257, 45.1246692], [17.4413485, 45.1248219], [17.4410779, 45.1249365], [17.4407893, 45.1250256], [17.4405367, 45.1251147], [17.4402661, 45.125242], [17.4400136, 45.1253565], [17.439779, 45.1254838], [17.4395265, 45.1255983], [17.4392379, 45.1257256], [17.4390214, 45.1258529], [17.4387869, 45.1259929], [17.4385343, 45.1261202], [17.4382457, 45.1261838], [17.437939, 45.1262093], [17.4376865, 45.1261202], [17.4375422, 45.1259165], [17.4373077, 45.1257765], [17.4370371, 45.1256874], [17.4367484, 45.1256238], [17.43655, 45.1254456], [17.4364418, 45.1252547], [17.4362614, 45.1250765], [17.4360269, 45.1249365], [17.4358645, 45.1247583], [17.4357924, 45.1245165], [17.4357924, 45.1243001], [17.4357382, 45.124071], [17.435612, 45.1238673], [17.4353774, 45.1237273], [17.4351249, 45.1236128], [17.4349061, 45.1235175], [17.4347443, 45.1234164], [17.4346739, 45.1233073], [17.4346739, 45.1226582], [17.4346198, 45.1224418], [17.4345296, 45.1222381], [17.4344033, 45.1220345], [17.4343312, 45.1217926], [17.4343131, 45.1215762], [17.4343131, 45.1213471], [17.4343853, 45.1211307], [17.4344394, 45.1209143], [17.4344755, 45.1206852], [17.4344755, 45.1204561], [17.4344394, 45.120227], [17.4342951, 45.1197305], [17.434241, 45.1194887], [17.4341147, 45.119285], [17.4339343, 45.1191068], [17.4337178, 45.1189541], [17.4334833, 45.1187886], [17.4332488, 45.118674], [17.4329602, 45.1185849], [17.4326535, 45.118534], [17.4323649, 45.1184831], [17.4320582, 45.1184576], [17.4317335, 45.1184194], [17.431481, 45.1183176], [17.4312464, 45.1181521], [17.4310119, 45.1179994], [17.4307594, 45.1178721], [17.4304888, 45.1177575], [17.4302182, 45.1176429], [17.4299476, 45.1175538], [17.429659, 45.1174775], [17.4293703, 45.1174393], [17.4290276, 45.117452], [17.428739, 45.1175156], [17.4285045, 45.1176557], [17.4282519, 45.1178084], [17.4279452, 45.1178212], [17.4277107, 45.1176939], [17.4276335, 45.1175451], [17.4276722, 45.1173311], [17.4278351, 45.1171225], [17.427993, 45.1169588], [17.4281514, 45.1167405], [17.4284852, 45.116297], [17.4284905, 45.1161322], [17.4284143, 45.1159499], [17.428258, 45.1158327], [17.4280162, 45.1157366], [17.4277061, 45.1156242], [17.4274221, 45.1155043], [17.4271335, 45.1153898], [17.4268809, 45.1152625], [17.4266644, 45.115097], [17.4264299, 45.1147915], [17.4261774, 45.1146642], [17.4259068, 45.1145496], [17.4256001, 45.1145114], [17.4253115, 45.1144987], [17.4250229, 45.114435], [17.4248244, 45.1142822], [17.4247342, 45.1140658], [17.4247342, 45.113824], [17.4247703, 45.1135821], [17.4248786, 45.1131238], [17.4249146, 45.1129074], [17.4249688, 45.1126782], [17.4250409, 45.1124491], [17.4250589, 45.1122326], [17.4250589, 45.1120035], [17.4250409, 45.1117616], [17.4249327, 45.1115452], [17.4246982, 45.1111378], [17.4246801, 45.1109086], [17.4247342, 45.1106795], [17.4249146, 45.1105012], [17.4251852, 45.1103739], [17.4254378, 45.1102339], [17.425564, 45.1100174], [17.425564, 45.1097883], [17.425528, 45.1095719], [17.4254017, 45.1093554], [17.4253656, 45.1091263], [17.4253656, 45.1089098], [17.4252754, 45.1086934], [17.4250589, 45.1085151], [17.4247523, 45.1083369], [17.424608, 45.1081587], [17.4245899, 45.1078913], [17.4246982, 45.1076876], [17.4248786, 45.1074966], [17.4250137, 45.1073277], [17.4250226, 45.1071459], [17.4248785, 45.1070426], [17.4247076, 45.1069615], [17.4244414, 45.1069327], [17.4240745, 45.1069451], [17.4236695, 45.1069646], [17.4232821, 45.1070534], [17.4229127, 45.1070187], [17.4226958, 45.10686], [17.4225876, 45.1066563], [17.4225334, 45.1064271], [17.4224072, 45.1062234], [17.4221727, 45.1060452], [17.4219021, 45.1059688], [17.4215954, 45.1060197], [17.421397, 45.1061852], [17.4213048, 45.1064268], [17.4212012, 45.1066654], [17.4211163, 45.1068521], [17.4210389, 45.1070497], [17.420946, 45.1072547], [17.4208738, 45.1074839], [17.4208017, 45.1077003], [17.4207115, 45.1078913], [17.4206032, 45.108095], [17.4204409, 45.1082732], [17.4202424, 45.1084515], [17.4199899, 45.1085406], [17.4197013, 45.1085406], [17.4193946, 45.108477], [17.4191781, 45.1083369], [17.4189977, 45.1081459], [17.4188534, 45.1079677], [17.4187452, 45.107764], [17.4184385, 45.1072929], [17.4183303, 45.1071019], [17.4179695, 45.1067454], [17.4176809, 45.1067072], [17.4173742, 45.1067327], [17.4170675, 45.1067836], [17.4167969, 45.10686], [17.4165083, 45.1069364], [17.4162016, 45.1069746], [17.415913, 45.1069746], [17.4156605, 45.1068473], [17.4154259, 45.1067072], [17.4151553, 45.1066308], [17.4148487, 45.1065672], [17.414542, 45.1065163], [17.4142353, 45.1064908], [17.41364, 45.1064908], [17.4129004, 45.1065545], [17.4125757, 45.1065799], [17.4122871, 45.1066054], [17.4119804, 45.1066054], [17.4116918, 45.1065926], [17.4113851, 45.1065417], [17.4111326, 45.1064271], [17.4109341, 45.1062489], [17.4107718, 45.1060706], [17.4106636, 45.1058415], [17.4106816, 45.1055995], [17.4107898, 45.1053831], [17.4110424, 45.1052176], [17.4112769, 45.1050521], [17.4113851, 45.1048356], [17.411349, 45.1045937], [17.4112408, 45.10439], [17.4110965, 45.1041608], [17.4108981, 45.1039698], [17.4106636, 45.103817], [17.4104832, 45.1036387], [17.4101945, 45.1033841], [17.4099781, 45.1032186], [17.4097796, 45.1030658], [17.409509, 45.1029385], [17.4093828, 45.1027475], [17.4093286, 45.1025183], [17.4092926, 45.1022891], [17.4092204, 45.1020344], [17.4091122, 45.101818], [17.4089318, 45.1016142], [17.4086792, 45.1013596], [17.4085169, 45.1011686], [17.4083004, 45.1009903], [17.408102, 45.100812], [17.4078855, 45.1006592], [17.4076149, 45.1005574], [17.4073082, 45.1005956], [17.4070196, 45.100672], [17.4067129, 45.1006465], [17.4064784, 45.1005192], [17.4063341, 45.1003409], [17.4062259, 45.1001499], [17.4060635, 45.0999462], [17.4059012, 45.0997552], [17.4056847, 45.0996024], [17.4053961, 45.0995005], [17.4050714, 45.0995132], [17.4047827, 45.0995896], [17.4045302, 45.0996915], [17.4042415, 45.0997042], [17.4039349, 45.0996533], [17.4038086, 45.0994623], [17.4038627, 45.0992458], [17.4040612, 45.0990675], [17.4041694, 45.0988511], [17.4041694, 45.0982399], [17.4040972, 45.0980361], [17.4038988, 45.0978578], [17.4036282, 45.097756], [17.4033396, 45.097705], [17.4030329, 45.0976796], [17.4027262, 45.0976414], [17.4024737, 45.0975013], [17.4024015, 45.0972848], [17.4024015, 45.0970556], [17.4025639, 45.0968773], [17.4026541, 45.0966608], [17.4025819, 45.0964444], [17.4023294, 45.0960623], [17.4022392, 45.0958586], [17.4022392, 45.0956421], [17.4023113, 45.0954256], [17.4025098, 45.0952601], [17.4027443, 45.0950945], [17.4029608, 45.0949035], [17.403087, 45.0946997], [17.4031411, 45.0944705], [17.4031231, 45.094254], [17.4029968, 45.0940375], [17.4028345, 45.0938465], [17.4025098, 45.093197], [17.4023294, 45.0930187], [17.402149, 45.0928532], [17.4019506, 45.0927004], [17.4017341, 45.0925475], [17.4014455, 45.0924457], [17.4011749, 45.0923692], [17.4005796, 45.0922164], [17.400309, 45.0921527], [17.4000023, 45.0920891], [17.3997137, 45.0920763], [17.399407, 45.0920763], [17.3991184, 45.0920509], [17.3987576, 45.091949], [17.398487, 45.0918471], [17.3982525, 45.0916815], [17.3981984, 45.091465], [17.3981984, 45.0912485], [17.3980721, 45.0910575], [17.3978015, 45.0909429], [17.397549, 45.0908155], [17.3973866, 45.0906372], [17.3973144, 45.0904335], [17.3974227, 45.0902297], [17.3975129, 45.0900132], [17.3975129, 45.0897967], [17.3976031, 45.0895802], [17.3978015, 45.0894146], [17.3980541, 45.0892745], [17.3982164, 45.0890707], [17.3983427, 45.088867], [17.3986133, 45.0887651], [17.3988297, 45.0886123], [17.3989921, 45.0884085], [17.3990643, 45.0881792], [17.3990462, 45.0879627], [17.3989921, 45.0877335], [17.3989199, 45.0875042], [17.3988478, 45.0873004], [17.3987395, 45.0870966], [17.3985952, 45.0869183], [17.3983968, 45.0867273], [17.3982164, 45.0865617], [17.3979819, 45.0863961], [17.3977654, 45.086256], [17.3975129, 45.0861287], [17.3970258, 45.0856192], [17.3969356, 45.0845238], [17.3968995, 45.0842818], [17.3968995, 45.0838233], [17.3968815, 45.083594], [17.3967913, 45.0833775], [17.3966289, 45.0831737], [17.3964576, 45.0828362], [17.3963944, 45.0827407], [17.3963313, 45.0826388], [17.3962591, 45.0825178], [17.396205, 45.0824095], [17.3961689, 45.0822948], [17.3961509, 45.0821675], [17.3960968, 45.0818045], [17.3959376, 45.0816481], [17.3959463, 45.0814654], [17.3959785, 45.081377], [17.3960063, 45.0812776], [17.3960277, 45.0811512], [17.3960592, 45.0810441], [17.3961061, 45.0809314], [17.3961679, 45.0808641], [17.3962231, 45.0808109], [17.3963493, 45.0807536], [17.3964756, 45.0806899], [17.3966109, 45.0806262], [17.3967733, 45.0806071], [17.3969356, 45.0806007], [17.397098, 45.080588], [17.3972423, 45.0805434], [17.3973686, 45.0804734], [17.3975046, 45.0803776], [17.3975309, 45.0802696], [17.3975039, 45.0801549], [17.3973776, 45.0799447], [17.3973235, 45.0798428], [17.3972693, 45.0797409], [17.3971431, 45.0795371], [17.3970258, 45.0793333], [17.3968905, 45.078913], [17.3968364, 45.0788047], [17.3967823, 45.07869], [17.3967552, 45.0785754], [17.3967462, 45.0784671], [17.3967462, 45.0782378], [17.3967733, 45.0781168], [17.3968093, 45.0780085], [17.3968725, 45.0779003], [17.3969537, 45.077792], [17.3972423, 45.0774926], [17.3973415, 45.0774098], [17.3974678, 45.077327], [17.3975941, 45.0772634], [17.3977203, 45.0771933], [17.3978556, 45.0771296], [17.3979999, 45.0770723], [17.3981352, 45.0770277], [17.3982886, 45.0769831], [17.3984239, 45.0769385], [17.3985862, 45.0769003], [17.3989109, 45.0769003], [17.3990733, 45.0769067], [17.3992537, 45.0769067], [17.399416, 45.0769194], [17.3996235, 45.0769321], [17.3998129, 45.0769576], [17.4001376, 45.0769958], [17.4002909, 45.0770277], [17.4004803, 45.0770595], [17.4006698, 45.0770977], [17.4008231, 45.077136], [17.4009674, 45.0771742], [17.4011117, 45.0772251], [17.4012741, 45.0772697], [17.4014274, 45.0773143], [17.4015988, 45.0773589], [17.4017611, 45.0774098], [17.4019415, 45.0774735], [17.4020768, 45.0775245], [17.4023655, 45.07762], [17.4025188, 45.0776519], [17.4026811, 45.0776519], [17.4028345, 45.0776009], [17.4029698, 45.0775309], [17.403069, 45.0774417], [17.4031231, 45.0773207], [17.4031411, 45.0772124], [17.4031411, 45.0770977], [17.4031231, 45.0769831], [17.40306, 45.0768812], [17.4029698, 45.076792], [17.4028886, 45.0767029], [17.4028345, 45.0766073], [17.4027262, 45.0763908], [17.4026902, 45.0762761], [17.4026451, 45.0761742], [17.402618, 45.0760659], [17.4025909, 45.0759322], [17.4025639, 45.0758111], [17.4025549, 45.0756965], [17.4025368, 45.0755882], [17.4025368, 45.0753016], [17.4025459, 45.0751933], [17.4025639, 45.075085], [17.4026, 45.0749704], [17.402627, 45.0748621], [17.4026721, 45.0747602], [17.4027353, 45.0746519], [17.4027894, 45.0745436], [17.4028615, 45.0744417], [17.4028886, 45.0743207], [17.4029066, 45.074206], [17.4029066, 45.0740786], [17.4028886, 45.073964], [17.4028886, 45.0738557], [17.4028706, 45.0737474], [17.4029157, 45.0735054], [17.4029066, 45.0733971], [17.4028706, 45.0732888], [17.4028074, 45.0731805], [17.4027533, 45.0730786], [17.4026902, 45.0729767], [17.402609, 45.0728684], [17.4025459, 45.0727728], [17.4024196, 45.0725563], [17.4023745, 45.072448], [17.4023204, 45.0723461], [17.4022662, 45.0722378], [17.4022211, 45.0721359], [17.4021941, 45.0720276], [17.4021941, 45.0719193], [17.4022031, 45.0718046], [17.4022031, 45.0716518], [17.4021851, 45.0715371], [17.402158, 45.0714224], [17.4021129, 45.0713205], [17.4020407, 45.0711358], [17.4020227, 45.0710211], [17.4020227, 45.0709001], [17.4020047, 45.0707854], [17.4019686, 45.0706708], [17.4019145, 45.0705625], [17.4018243, 45.0703459], [17.4017882, 45.0702249], [17.4017431, 45.0701166], [17.4018153, 45.0698745], [17.4018153, 45.0696516], [17.4018333, 45.0695305], [17.4018784, 45.0694222], [17.4019145, 45.0693076], [17.4019415, 45.0691993], [17.4019957, 45.069091], [17.4020678, 45.0689891], [17.4021309, 45.0688935], [17.4021851, 45.0687916], [17.4022302, 45.0686769], [17.4022843, 45.0685686], [17.4023384, 45.0684667], [17.4023925, 45.0683521], [17.4024737, 45.0682565], [17.4025909, 45.0681864], [17.4027262, 45.0681291], [17.4028886, 45.06811], [17.403051, 45.06811], [17.4032043, 45.0680781], [17.4033396, 45.0680144], [17.403511, 45.0679698], [17.4036733, 45.0680144], [17.4038357, 45.0680017], [17.403998, 45.0679762], [17.4045933, 45.0678488], [17.4047286, 45.0677851], [17.4048729, 45.0677405], [17.4050353, 45.0677341], [17.4051435, 45.0678106], [17.4052247, 45.0679061], [17.4053239, 45.0679953], [17.405351, 45.0681036], [17.405351, 45.0682055], [17.405369, 45.0683138], [17.4054051, 45.0684349], [17.4054682, 45.0685304], [17.4055855, 45.0686196], [17.40582, 45.0687725], [17.4059282, 45.0688617], [17.4060274, 45.0689381], [17.4061627, 45.0690273], [17.40628, 45.0691101], [17.4063792, 45.0691929], [17.4064784, 45.0693076], [17.4065506, 45.0694159], [17.4065957, 45.0695242], [17.4066318, 45.0696325], [17.4066859, 45.069849], [17.406731, 45.069951], [17.4068122, 45.0700401], [17.4069294, 45.070123], [17.4070467, 45.0701867], [17.407191, 45.0702313], [17.4073353, 45.0702695], [17.4074886, 45.0702758], [17.407651, 45.0702758], [17.4078133, 45.0702504], [17.4079667, 45.0701994], [17.40812, 45.0701421], [17.4082373, 45.070072], [17.4083365, 45.0699892], [17.4084267, 45.0698873], [17.4085259, 45.0697917], [17.4086431, 45.0697025], [17.4087694, 45.0696261], [17.4089047, 45.069556], [17.4090581, 45.0694987], [17.4091933, 45.0694414], [17.4093467, 45.0693904], [17.409509, 45.0693394], [17.4096714, 45.0692885], [17.4101043, 45.0691611], [17.4102667, 45.0691037], [17.410402, 45.0690528], [17.4105373, 45.0689954], [17.4106726, 45.0689317], [17.4107988, 45.0688617], [17.4109161, 45.0687916], [17.4110243, 45.0687024], [17.4114934, 45.0683584], [17.4115836, 45.0682565], [17.4116647, 45.0681546], [17.4117189, 45.0680463], [17.411764, 45.0679316], [17.411791, 45.0678233], [17.4118204, 45.0676645], [17.411782, 45.0674921], [17.4117369, 45.0673838], [17.4116828, 45.0672755], [17.4116106, 45.0671735], [17.4115385, 45.067078], [17.4114573, 45.0669761], [17.4113851, 45.0668869], [17.411313, 45.066785], [17.4104381, 45.0660269], [17.4103208, 45.0659377], [17.4102306, 45.0658485], [17.4101404, 45.0657466], [17.4100412, 45.0656637], [17.409933, 45.0655873], [17.4098067, 45.0655109], [17.4096894, 45.0654344], [17.4095902, 45.0653452], [17.4095, 45.065256], [17.4094188, 45.0651605], [17.4093647, 45.0650585], [17.4092655, 45.0644278], [17.4093016, 45.0639755], [17.4094459, 45.0637971], [17.4098247, 45.0633862], [17.410228, 45.0630135], [17.4102686, 45.0629658], [17.4103091, 45.062918], [17.4103362, 45.0628606], [17.4103362, 45.0628065], [17.4103227, 45.0627491], [17.4103001, 45.0626982], [17.4102686, 45.0626504], [17.4101784, 45.0625612], [17.4101242, 45.062523], [17.4093125, 45.0622681], [17.4093531, 45.0622204], [17.4093936, 45.0621662], [17.4094207, 45.0621152], [17.4094884, 45.0620101], [17.4096913, 45.0617744], [17.4097454, 45.0615418], [17.409795, 45.0614941], [17.4098446, 45.0614495], [17.4098897, 45.0613953], [17.4099348, 45.0613443], [17.4099799, 45.0612966], [17.410034, 45.0612456], [17.4100837, 45.061201], [17.4104039, 45.0610672], [17.4106203, 45.0611946], [17.410697, 45.0611914], [17.4107872, 45.0611883], [17.4109721, 45.0611787], [17.4112201, 45.0611755], [17.4112968, 45.0611691], [17.4113825, 45.06115], [17.4114501, 45.0611214], [17.4115223, 45.0610927], [17.4115899, 45.0610608], [17.4117343, 45.0610035], [17.4117929, 45.0609621], [17.4118425, 45.0609079], [17.411865, 45.060857], [17.4118741, 45.0608028], [17.4118741, 45.0607455], [17.411865, 45.0606881], [17.411838, 45.0606372], [17.411829, 45.0605798], [17.4118244, 45.0605225], [17.4118064, 45.0604651], [17.4117252, 45.0603282], [17.4119372, 45.0599507], [17.4122046, 45.0598211], [17.4124359, 45.0596559], [17.4125041, 45.059459], [17.4124924, 45.0592763], [17.4122903, 45.0591275], [17.4121257, 45.0590392], [17.4121713, 45.0589841], [17.4121485, 45.05897], [17.4120423, 45.0589022], [17.4118946, 45.0590166], [17.4117144, 45.0587868], [17.4116211, 45.0584725], [17.4116221, 45.0583843], [17.4117035, 45.058259], [17.4118087, 45.058197], [17.4118673, 45.0581556], [17.4119079, 45.058111], [17.4119034, 45.0580568], [17.4118493, 45.058009], [17.411723, 45.0579453], [17.4116463, 45.0579421], [17.4115787, 45.0579549], [17.4115155, 45.0579803], [17.4114569, 45.0580122], [17.4114118, 45.0580504], [17.4113577, 45.0580887], [17.4112945, 45.0581141], [17.4112179, 45.0581301], [17.4111457, 45.0581396], [17.4110645, 45.0581396], [17.4109924, 45.0581333], [17.4106722, 45.058009], [17.4106, 45.0576841], [17.4105324, 45.0576395], [17.4104557, 45.0576076], [17.410379, 45.0575949], [17.4101955, 45.057522], [17.4100692, 45.0571397], [17.4102586, 45.0569294], [17.4103398, 45.0565408], [17.4103398, 45.0564261], [17.4103308, 45.056305], [17.4103037, 45.0561903], [17.4102406, 45.056082], [17.4101684, 45.0559864], [17.4100782, 45.0559036], [17.409988, 45.0558144], [17.4098888, 45.0557316], [17.4097264, 45.0555404], [17.4093927, 45.055311], [17.4092574, 45.0552473], [17.4091311, 45.0552027], [17.4089778, 45.0551836], [17.4088335, 45.0551772], [17.4087072, 45.0551135], [17.4085809, 45.0550562], [17.4084366, 45.0550052], [17.4082653, 45.0549925], [17.4080939, 45.0549925], [17.4079135, 45.0549224], [17.4078233, 45.0548332], [17.4077872, 45.0547248], [17.4078143, 45.0546038], [17.4078864, 45.0545082], [17.4079676, 45.0544126], [17.4080668, 45.0543234], [17.4081833, 45.0540358], [17.4082743, 45.0535014], [17.4081251, 45.052866], [17.4085396, 45.0524914], [17.408824, 45.0523436], [17.4092123, 45.0522653], [17.4106164, 45.0521709], [17.4107502, 45.0520865], [17.410712, 45.0519998], [17.4106287, 45.0519233], [17.4104029, 45.0517555], [17.4102857, 45.0516918], [17.4101504, 45.0516153], [17.4094468, 45.0513158], [17.4093206, 45.0512457], [17.4092123, 45.0511693], [17.4090049, 45.0509972], [17.4084547, 45.0503982], [17.408139, 45.0499586], [17.4080578, 45.049863], [17.4079405, 45.0497929], [17.4077872, 45.049761], [17.4076158, 45.0497546], [17.4074535, 45.0497546], [17.4072911, 45.049761], [17.4071468, 45.0497738], [17.4068221, 45.049812], [17.4066688, 45.0498247], [17.4065154, 45.0498184], [17.4063801, 45.0497674], [17.4062629, 45.0496845], [17.4061727, 45.0495953], [17.4060915, 45.0494997], [17.4060374, 45.0493978], [17.4058209, 45.0490473], [17.4057848, 45.0489453], [17.4057939, 45.048837], [17.4058119, 45.0487287], [17.405839, 45.0486076], [17.4060915, 45.048238], [17.4061907, 45.047913], [17.4061727, 45.0476836], [17.4061653, 45.0475132], [17.4063892, 45.0473012], [17.4064985, 45.0472414], [17.4066247, 45.0472053], [17.4068781, 45.0471402], [17.4072334, 45.047013], [17.4075637, 45.0469505], [17.407688, 45.0468679], [17.4077554, 45.0467574], [17.4077602, 45.0466512], [17.4077151, 45.0465493], [17.4076609, 45.0464537], [17.4075798, 45.0463517], [17.4074986, 45.0462561], [17.4074264, 45.0461669], [17.4073633, 45.0460649], [17.4073633, 45.0459566], [17.4073994, 45.0458419], [17.4074896, 45.0457527], [17.4076158, 45.0456953], [17.4077782, 45.0456762], [17.4079405, 45.0456762], [17.4081209, 45.0456889], [17.4082653, 45.0457336], [17.4084006, 45.0457909], [17.4085178, 45.0458738], [17.408617, 45.045963], [17.4087433, 45.0460331], [17.4088786, 45.0460841], [17.4090319, 45.0460713], [17.409086, 45.045963], [17.409086, 45.0458419], [17.4089868, 45.0454659], [17.4081751, 45.0443634], [17.408157, 45.0431908], [17.4083374, 45.0431908], [17.4087072, 45.0431525], [17.4093657, 45.0429805], [17.4100421, 45.0427319], [17.4102586, 45.0426108], [17.4104183, 45.0424333], [17.4105653, 45.0421774], [17.4108285, 45.0420002], [17.4110884, 45.0418524], [17.4122339, 45.0415911], [17.4122429, 45.0414764], [17.4122429, 45.041368], [17.4122249, 45.0412533], [17.4121978, 45.0411386], [17.4121708, 45.0410303], [17.4121347, 45.0409219], [17.4121076, 45.0408072], [17.4120535, 45.0407052], [17.4119092, 45.040667], [17.4117649, 45.0406925], [17.4116837, 45.0407817], [17.4115935, 45.0408582], [17.4114672, 45.0409155], [17.4113139, 45.0409729], [17.4110614, 45.0410876], [17.410908, 45.0411322], [17.4107637, 45.0411322], [17.410457, 45.0410812], [17.4103398, 45.0410048], [17.4101413, 45.0408263], [17.4100602, 45.0406606], [17.4100512, 45.0405523], [17.4100061, 45.0404439], [17.4098978, 45.0403674], [17.4097715, 45.0402973], [17.4096453, 45.0402463], [17.4094919, 45.0402145], [17.4093566, 45.0401762], [17.4092394, 45.0401189], [17.4091402, 45.040036], [17.4090951, 45.0399277], [17.4091131, 45.0398129], [17.4091943, 45.0397237], [17.4093296, 45.0396664], [17.4094649, 45.0396217], [17.4096272, 45.0395962], [17.4097896, 45.0395835], [17.4099519, 45.0395644], [17.4100602, 45.0394815], [17.4100421, 45.0393668], [17.4099249, 45.0393031], [17.4097806, 45.0392457], [17.4096453, 45.0392138], [17.409501, 45.0391756], [17.4093657, 45.039131], [17.4092304, 45.0390736], [17.4090951, 45.0390035], [17.4089508, 45.0389143], [17.4088606, 45.0388251], [17.4087794, 45.0387294], [17.4086351, 45.0385382], [17.4085358, 45.0384618], [17.4084006, 45.0381431], [17.4083374, 45.0380284], [17.4082562, 45.0379327], [17.4081209, 45.0378754], [17.4079766, 45.0378754], [17.4077962, 45.0378945], [17.4076609, 45.0379264], [17.4075256, 45.037971], [17.4072821, 45.0381048], [17.4068916, 45.0383114], [17.4066251, 45.0383449], [17.4058548, 45.0383982], [17.4051701, 45.0379502], [17.4052845, 45.0374887], [17.4056586, 45.0371615], [17.4056676, 45.0369894], [17.4055774, 45.0369002], [17.4054872, 45.0368046], [17.405388, 45.0367217], [17.4052707, 45.0366453], [17.4050182, 45.0365178], [17.4048739, 45.0364732], [17.404468, 45.0363903], [17.4042876, 45.0361608], [17.4040621, 45.0361927], [17.404017, 45.0362947], [17.4039448, 45.0363903], [17.4038276, 45.0364604], [17.4036742, 45.0364604], [17.4035299, 45.0364349], [17.4034037, 45.0363903], [17.4032864, 45.0363266], [17.4031962, 45.0362437], [17.403097, 45.0361608], [17.402195, 45.0350964], [17.4020868, 45.0350199], [17.4019695, 45.0349498], [17.4018433, 45.0348861], [17.401717, 45.0348351], [17.4015636, 45.0347905], [17.4014193, 45.0347841], [17.401275, 45.0347905], [17.4011127, 45.0348159], [17.4009683, 45.0348478], [17.400824, 45.0349052], [17.4001836, 45.0354151], [17.4000754, 45.0354916], [17.3999581, 45.0355617], [17.3997958, 45.0355808], [17.3996515, 45.0355808], [17.3994981, 45.0355744], [17.3992817, 45.0355043], [17.3974597, 45.0348287], [17.3972793, 45.0347905], [17.397135, 45.0347522], [17.3969636, 45.0347586], [17.3967922, 45.0347713], [17.3966479, 45.0348032], [17.3965126, 45.0348542], [17.3963773, 45.0349243], [17.3962871, 45.0350008], [17.396233, 45.03509], [17.3961518, 45.0351729], [17.3960165, 45.0352111], [17.3958632, 45.0352366], [17.3957009, 45.035243], [17.3955385, 45.0352366], [17.394835, 45.0350837], [17.3937526, 45.0362692], [17.3936624, 45.0363584], [17.3935452, 45.0364413], [17.3934279, 45.0364987], [17.3933016, 45.0365624], [17.3931753, 45.036607], [17.393031, 45.0366389], [17.3928867, 45.0366453], [17.3927244, 45.0366453], [17.39258, 45.036658], [17.3924087, 45.0366708], [17.3922373, 45.0366899], [17.392093, 45.0366962], [17.3915067, 45.0368365], [17.3886926, 45.0361417], [17.3887016, 45.0357848], [17.3887106, 45.0356764], [17.3887196, 45.0355298], [17.3887196, 45.0353004], [17.3886836, 45.0351856], [17.3886385, 45.0350773], [17.38844, 45.0346566], [17.3884039, 45.0345546], [17.3883679, 45.0344399], [17.3883588, 45.0343315], [17.3883588, 45.0341021], [17.3883949, 45.0339873], [17.388431, 45.033879], [17.3884941, 45.033777], [17.3886385, 45.0335858], [17.388873, 45.0332925], [17.3889515, 45.0331619], [17.3890083, 45.032942], [17.3890353, 45.0328336], [17.3890534, 45.0326041], [17.3890534, 45.0323492], [17.3890353, 45.032228], [17.3889992, 45.0321133], [17.3889451, 45.0320113], [17.3888954, 45.0318202], [17.3888801, 45.0316324], [17.388873, 45.0315587], [17.3891454, 45.0296758], [17.3897065, 45.0298058], [17.3902403, 45.0299065], [17.3907508, 45.0299307], [17.3915347, 45.0300474], [17.392127, 45.0301038], [17.3925087, 45.0300912], [17.3927749, 45.0300417], [17.3931032, 45.0299333], [17.3932573, 45.0298821], [17.3934971, 45.0297443], [17.3936083, 45.0296464], [17.3937075, 45.0295572], [17.3937706, 45.0294552], [17.3937977, 45.0293404], [17.3938157, 45.0292257], [17.3938157, 45.0291173], [17.3938067, 45.0290089], [17.3938212, 45.0288585], [17.394099, 45.0286787], [17.3949169, 45.0287323], [17.3968174, 45.0287629], [17.3971548, 45.0288419], [17.3973641, 45.0289235], [17.3975318, 45.0289898], [17.3976762, 45.0290408], [17.3978115, 45.0291109], [17.3979197, 45.0292002], [17.3980099, 45.0292894], [17.3980911, 45.0293787], [17.3981542, 45.0294743], [17.3982083, 45.0295763], [17.3982444, 45.029691], [17.3982354, 45.0297994], [17.3981903, 45.0299014], [17.3981722, 45.0300735], [17.3989028, 45.0302217], [17.3996641, 45.0303195], [17.4000662, 45.0303484], [17.400337, 45.030354], [17.4008421, 45.030354], [17.4010225, 45.0303412], [17.4013742, 45.0303412], [17.401735, 45.0303285], [17.4020507, 45.0303157], [17.4022131, 45.030303], [17.4023664, 45.0302966], [17.4025287, 45.0302775], [17.4027091, 45.030252], [17.4028493, 45.0302271], [17.4029527, 45.0301946], [17.4033586, 45.0300225], [17.4035119, 45.0299651], [17.4042154, 45.0297357], [17.4043688, 45.029691], [17.4045041, 45.0296464], [17.4046664, 45.0296082], [17.4048107, 45.0295635], [17.4049911, 45.0295253], [17.4051535, 45.0294934], [17.4053158, 45.0294679], [17.4055052, 45.029436], [17.4056766, 45.0294042], [17.4059923, 45.0293659], [17.4061547, 45.0293341], [17.406326, 45.0293149], [17.4066417, 45.0292894], [17.4068364, 45.0292518], [17.4075338, 45.0288998], [17.4078418, 45.0288826], [17.408066, 45.0288853], [17.4082679, 45.0288568], [17.4084366, 45.0288815], [17.4085539, 45.0289579], [17.4086883, 45.0290642], [17.4088245, 45.0290599], [17.408672, 45.028676], [17.4084732, 45.0283287], [17.4081724, 45.0279959], [17.4079228, 45.0277523], [17.4076279, 45.0276329], [17.4113554, 45.0265904], [17.4109351, 45.025286], [17.4108268, 45.0252032], [17.4105112, 45.0241321], [17.4106284, 45.024113], [17.4100061, 45.021327], [17.4091853, 45.021531], [17.4078323, 45.0181838], [17.4073452, 45.0182475], [17.4068762, 45.017814], [17.406759, 45.0177439], [17.4065966, 45.0177247], [17.4064433, 45.0177375], [17.406299, 45.0177566], [17.4059652, 45.0178204], [17.4054241, 45.01717], [17.4046664, 45.0172083], [17.4041162, 45.0170616], [17.4021138, 45.0171318], [17.400842, 45.0167301], [17.3992997, 45.0168193], [17.3992456, 45.0167428], [17.3991824, 45.0166408], [17.3991103, 45.0165452], [17.398984, 45.0163411], [17.3989028, 45.0162519], [17.3987856, 45.016169], [17.3986823, 45.0160857], [17.3983921, 45.0155461], [17.3976949, 45.0144729], [17.3973244, 45.0136376], [17.3969997, 45.0127513], [17.3967832, 45.0122922], [17.3965216, 45.0119479], [17.396242, 45.0117056], [17.3957911, 45.0115653], [17.3947718, 45.0114569], [17.3943561, 45.0115059], [17.3941134, 45.0115589], [17.3933287, 45.0116418], [17.3911079, 45.0115233], [17.3905326, 45.0114122], [17.3898651, 45.0111891], [17.3896998, 45.0111797], [17.3894863, 45.0111572], [17.3889361, 45.0112656], [17.3881875, 45.0109085], [17.3881694, 45.0108575], [17.3881334, 45.0107427], [17.3881198, 45.0106853], [17.3880928, 45.0106343], [17.3880702, 45.0105769], [17.3880432, 45.0105259], [17.3880071, 45.0104781], [17.387962, 45.0104366], [17.3878492, 45.0103601], [17.3876508, 45.0103027], [17.3876328, 45.0102357], [17.3875741, 45.0101943], [17.3874839, 45.010105], [17.3874479, 45.0100604], [17.3873977, 45.009985], [17.3873786, 45.0099466], [17.3873626, 45.0099083], [17.3873435, 45.0098722], [17.3873275, 45.0098316], [17.3873277, 45.0096182], [17.3872734, 45.0094514], [17.3875142, 45.0094018], [17.3874999, 45.0093499], [17.3873548, 45.0093758], [17.387358, 45.0093375], [17.3873835, 45.0092812], [17.3874367, 45.0092345], [17.387931, 45.0089797], [17.3879055, 45.008903], [17.3878417, 45.0088399], [17.3877588, 45.0087858], [17.387644, 45.0087678], [17.3875356, 45.0087633], [17.3874272, 45.0087452], [17.3873315, 45.0087137], [17.3872358, 45.0086821], [17.3871465, 45.008628], [17.3870764, 45.0085649], [17.3870254, 45.0084972], [17.3869935, 45.0084206], [17.3869807, 45.0083394], [17.3870062, 45.0082582], [17.3870573, 45.0081861], [17.38707, 45.0081094], [17.3870317, 45.0080328], [17.3869743, 45.0079696], [17.3869425, 45.0078795], [17.3869106, 45.0077262], [17.3868277, 45.0076495], [17.3868021, 45.0075773], [17.3868213, 45.0075007], [17.3868851, 45.0074376], [17.3869233, 45.0073654], [17.386968, 45.0072888], [17.3870254, 45.0072211], [17.3871019, 45.0071535], [17.3871912, 45.0070994], [17.387306, 45.0070858], [17.3874208, 45.0070768], [17.3875292, 45.0070543], [17.3876185, 45.0070047], [17.387644, 45.0069235], [17.387644, 45.0068468], [17.3876185, 45.0067702], [17.3875739, 45.006698], [17.3875228, 45.0066304], [17.3874527, 45.0065673], [17.3869169, 45.0060757], [17.3851503, 45.0053768], [17.385061, 45.0053362], [17.3848441, 45.0052009], [17.3847676, 45.0051378], [17.3846847, 45.0050747], [17.3846082, 45.0050206], [17.3845252, 45.00498], [17.3844232, 45.0049484], [17.3842829, 45.0049078], [17.384149, 45.0048762], [17.3840278, 45.0048492], [17.383913, 45.0048402], [17.3834474, 45.0047906], [17.3838173, 45.0043171], [17.3838301, 45.0042404], [17.3838109, 45.0041638], [17.3837663, 45.0040916], [17.3836897, 45.0040375], [17.3836005, 45.0039924], [17.3835112, 45.0039563], [17.3834155, 45.0039202], [17.3833198, 45.0038842], [17.3832114, 45.0038616], [17.3831094, 45.0038526], [17.3830073, 45.0038526], [17.382918, 45.0038977], [17.3828351, 45.0039473], [17.382765, 45.0040014], [17.3827012, 45.0040645], [17.3826119, 45.0041006], [17.3825035, 45.0041051], [17.3824014, 45.0040916], [17.3822994, 45.0040555], [17.3822165, 45.0040059], [17.3821463, 45.0039473], [17.3820953, 45.0038797], [17.3820315, 45.0038075], [17.3819677, 45.0037489], [17.3818402, 45.0036091], [17.381821, 45.0035279], [17.381821, 45.0034422], [17.3818338, 45.0033565], [17.3818657, 45.0032754], [17.3819167, 45.0031942], [17.3819805, 45.0031266], [17.3820506, 45.0030679], [17.3821846, 45.0029372], [17.3822356, 45.0028695], [17.3822675, 45.0027928], [17.3822994, 45.0027162], [17.3825162, 45.0023148], [17.382395, 45.0018684], [17.3827522, 45.0016384], [17.3827458, 45.0015572], [17.3827139, 45.001485], [17.3826693, 45.0014129], [17.3826055, 45.0013497], [17.382529, 45.0012956], [17.3823631, 45.0011964], [17.3820857, 45.0011694], [17.3820283, 45.0011558], [17.3819805, 45.00114], [17.3819422, 45.0011152], [17.3819167, 45.0010837], [17.3819008, 45.0010431], [17.3818944, 45.0010025], [17.3818944, 45.0008852], [17.3819231, 45.0008514], [17.3819358, 45.0008108], [17.3819326, 45.0007657], [17.3819199, 45.0007229], [17.3818944, 45.0006891], [17.3818689, 45.000653], [17.381837, 45.0006214], [17.3818051, 45.0005899], [17.3817668, 45.0005538], [17.3817254, 45.0005222], [17.3816456, 45.0004771], [17.3815404, 45.000432], [17.3814926, 45.0004004], [17.3814543, 45.0003711], [17.3814192, 45.0003418], [17.381381, 45.0003057], [17.3812406, 45.0001253], [17.3812119, 45.0000825], [17.3811832, 45.0000487], [17.3811482, 45.0000149], [17.3811195, 44.9999788], [17.3810876, 44.999945], [17.3810557, 44.9999111], [17.3809728, 44.9998548], [17.3808835, 44.9998119], [17.3808325, 44.9997916], [17.3807814, 44.9997736], [17.3807336, 44.9997555], [17.3806794, 44.9997375], [17.3805486, 44.9996947], [17.3804338, 44.9996901], [17.3803095, 44.9996856], [17.3800639, 44.9995774], [17.3796685, 44.9995278], [17.3796781, 44.9994895], [17.3796239, 44.9992056], [17.3796149, 44.9987018], [17.3796194, 44.9986444], [17.3796285, 44.9985902], [17.379651, 44.9985328], [17.3796916, 44.9984785], [17.3797818, 44.9983861], [17.3798359, 44.9983382], [17.3799441, 44.9982489], [17.3799892, 44.9982011], [17.3800298, 44.9981533], [17.3800659, 44.9981054], [17.38012, 44.9980512], [17.3801651, 44.9980066], [17.3802102, 44.9979555], [17.3802418, 44.9979045], [17.3802734, 44.9977897], [17.3802959, 44.9977355], [17.380314, 44.9976813], [17.380332, 44.9976143], [17.3804673, 44.9973783], [17.3805034, 44.9973273], [17.3805485, 44.9972795], [17.3806747, 44.9972157], [17.3807514, 44.9971934], [17.3808326, 44.997171], [17.3809138, 44.9971551], [17.3809904, 44.9971455], [17.3811483, 44.9971168], [17.3812249, 44.9970977], [17.3812926, 44.9970754], [17.3813602, 44.9970339], [17.3814098, 44.9969861], [17.3814369, 44.996935], [17.3814369, 44.9967628], [17.3814324, 44.9966672], [17.3814098, 44.9965555], [17.3813738, 44.9965045], [17.3813512, 44.9964375], [17.3813467, 44.9957965], [17.3813557, 44.9957391], [17.3813783, 44.9956849], [17.3814098, 44.9956339], [17.3814324, 44.9955222], [17.3814279, 44.9954138], [17.3814008, 44.9953628], [17.3813332, 44.9953373], [17.381261, 44.9953213], [17.3811122, 44.9953181], [17.3810355, 44.9953341], [17.3808912, 44.9953787], [17.3808236, 44.9954011], [17.3807604, 44.9954234], [17.3806838, 44.9954266], [17.3805981, 44.9954266], [17.3805259, 44.9954138], [17.3804492, 44.9953979], [17.3803726, 44.9953755], [17.3802328, 44.9953277], [17.3801651, 44.9953086], [17.3800885, 44.995299], [17.3799351, 44.9953022], [17.3798675, 44.9953181], [17.3797998, 44.9953468], [17.3797412, 44.9953787], [17.3796781, 44.9954011], [17.3796059, 44.9954202], [17.3795292, 44.995433], [17.3794571, 44.9954393], [17.3793804, 44.9954393], [17.3793083, 44.9954361], [17.3792361, 44.9954202], [17.3791775, 44.9953851], [17.3791008, 44.9952926], [17.3790557, 44.995248], [17.3790241, 44.9952001], [17.3790512, 44.9951459], [17.3790828, 44.9950917], [17.3791572, 44.9949865], [17.3789835, 44.9946388], [17.3788595, 44.9945113], [17.3788054, 44.9943534]]]}}]}