{"type": "FeatureCollection", "features": [{"type": "Feature", "properties": {"name": "Opština Stanari, Република Српска / Republika Srpska, 74208, Bosna i Hercegovina / Босна и Херцеговина", "source": "OpenStreetMap relation 11507203", "licence": "ODbL 1.0"}, "geometry": {"type": "Polygon", "coordinates": [[[17.7385364, 44.7916962], [17.7390977, 44.787713], [17.7429754, 44.7851781], [17.7467511, 44.7842003], [17.7483328, 44.7825344], [17.7474654, 44.7810496], [17.7476272, 44.7806794], [17.7477023, 44.7805576], [17.7478605, 44.7804053], [17.7481341, 44.7801939], [17.7484962, 44.7799845], [17.7490471, 44.7797096], [17.7498132, 44.7793981], [17.7501619, 44.779223], [17.7507359, 44.7787927], [17.7516117, 44.7780377], [17.7523532, 44.7772371], [17.7532336, 44.7760148], [17.7536742, 44.7754169], [17.7543752, 44.7747267], [17.7545071, 44.7745887], [17.7545661, 44.774463], [17.7545576, 44.7743492], [17.7544373, 44.7742993], [17.7536863, 44.7741317], [17.7534717, 44.7740289], [17.753231, 44.7738421], [17.7528977, 44.7734957], [17.7527797, 44.7732634], [17.7527183, 44.7729444], [17.7528119, 44.7726998], [17.7528495, 44.7725284], [17.7527316, 44.772313], [17.7497615, 44.7674306], [17.7491492, 44.7638443], [17.7503737, 44.763156], [17.7511901, 44.7605475], [17.7508329, 44.7582288], [17.7520575, 44.755439], [17.7487745, 44.7532488], [17.7485948, 44.7531143], [17.7484162, 44.7529513], [17.74826, 44.7528244], [17.7480368, 44.7526433], [17.7477019, 44.7525006], [17.7473256, 44.7523624], [17.7471399, 44.7522785], [17.7472283, 44.7520506], [17.7472396, 44.7519121], [17.7472114, 44.751744], [17.7471663, 44.7515862], [17.7475667, 44.751381], [17.7480074, 44.7511326], [17.7483708, 44.7508853], [17.7487312, 44.7505434], [17.7492202, 44.7501505], [17.7495047, 44.7500211], [17.7497505, 44.7499375], [17.7503657, 44.749864], [17.7510491, 44.7498126], [17.7513528, 44.7498183], [17.7516371, 44.7498945], [17.7519456, 44.7500021], [17.7522493, 44.7501529], [17.7537587, 44.7495177], [17.7540055, 44.7493906], [17.7543959, 44.7490714], [17.7559125, 44.7485468], [17.7564342, 44.7481677], [17.7570176, 44.7478305], [17.7576142, 44.7473598], [17.7583192, 44.747166], [17.7593887, 44.7460094], [17.7594209, 44.7456207], [17.7597749, 44.7452778], [17.7602363, 44.7450797], [17.7615058, 44.7438493], [17.7627146, 44.7438355], [17.7630222, 44.7430086], [17.7630687, 44.742725], [17.762137, 44.7411627], [17.7629077, 44.740035], [17.7631545, 44.7398902], [17.7636531, 44.7389526], [17.7646953, 44.7393108], [17.7657661, 44.7387095], [17.7663619, 44.7379865], [17.7670513, 44.7368822], [17.7675212, 44.7359859], [17.7680762, 44.7345369], [17.7690017, 44.7340828], [17.7694032, 44.7336378], [17.7694091, 44.7328523], [17.7691556, 44.731886], [17.7687948, 44.7309633], [17.7688202, 44.730608], [17.7684458, 44.7296222], [17.768434, 44.7284001], [17.768867, 44.7275799], [17.7687275, 44.7266723], [17.7682039, 44.7259359], [17.768197, 44.7253707], [17.7690652, 44.724792], [17.769533, 44.7247326], [17.7707996, 44.7247977], [17.7724925, 44.7248206], [17.7731828, 44.7249321], [17.7744826, 44.7257095], [17.7752509, 44.7258736], [17.7764424, 44.7259672], [17.7781276, 44.7256859], [17.7803635, 44.7256147], [17.7815978, 44.7258417], [17.7819546, 44.7261915], [17.7821349, 44.7266348], [17.7828956, 44.727406], [17.783428, 44.7280877], [17.7840865, 44.7286408], [17.784686, 44.7290168], [17.7865302, 44.7295355], [17.786998, 44.7300557], [17.7882646, 44.7302879], [17.7888071, 44.7301805], [17.7896118, 44.7296241], [17.7899551, 44.7295555], [17.7903736, 44.7296164], [17.7908993, 44.7296469], [17.7915001, 44.7293954], [17.7920902, 44.7292811], [17.7930128, 44.7290295], [17.7940214, 44.7292201], [17.7946007, 44.7290676], [17.7955028, 44.7292142], [17.7955449, 44.7285798], [17.7962098, 44.7274102], [17.796555, 44.7259518], [17.7967919, 44.7253754], [17.7974413, 44.7246064], [17.7994617, 44.724145], [17.799606, 44.7232734], [17.8001111, 44.7225044], [17.8011935, 44.7219917], [17.802348, 44.7216841], [17.8058115, 44.7212739], [17.8064736, 44.7205873], [17.8068752, 44.7205603], [17.808336, 44.7210425], [17.8093736, 44.7221283], [17.8098561, 44.7224289], [17.8103077, 44.7228399], [17.8111512, 44.7229146], [17.81174, 44.7229588], [17.8126037, 44.7229543], [17.8132535, 44.7230177], [17.8143632, 44.7229848], [17.8147961, 44.7227211], [17.8150974, 44.7223277], [17.8152875, 44.7216391], [17.8156073, 44.7207217], [17.8161621, 44.7200954], [17.8171001, 44.7194747], [17.8179145, 44.7187157], [17.8187062, 44.7181753], [17.8197164, 44.7179302], [17.8213927, 44.7175546], [17.8220284, 44.7170648], [17.8212532, 44.7160954], [17.820676, 44.7153262], [17.8204595, 44.7144545], [17.8211089, 44.7137367], [17.8214697, 44.7129162], [17.8214697, 44.7119419], [17.821614, 44.7100959], [17.8213254, 44.7092241], [17.8208203, 44.7084549], [17.8212532, 44.7076343], [17.8213975, 44.7067113], [17.8206038, 44.7059933], [17.8194493, 44.7026084], [17.8194493, 44.7016853], [17.8200265, 44.7009159], [17.8209646, 44.7002492], [17.8214697, 44.6993773], [17.8210367, 44.6986079], [17.820243, 44.6978898], [17.8194493, 44.697223], [17.8185834, 44.6966588], [17.8178618, 44.695992], [17.8172846, 44.6952226], [17.8170681, 44.6942993], [17.8170681, 44.693376], [17.8169959, 44.6924527], [17.8167073, 44.6914781], [17.8162022, 44.6906573], [17.8154806, 44.6899391], [17.8148312, 44.6892209], [17.8141818, 44.6884002], [17.8136045, 44.6876307], [17.8133881, 44.6866046], [17.8139653, 44.6858351], [17.8141916, 44.6855818], [17.8141165, 44.6848876], [17.8142462, 44.6848272], [17.8148058, 44.6853576], [17.8159047, 44.6858685], [17.8171402, 44.6860916], [17.8175926, 44.6861386], [17.8183669, 44.6863481], [17.8196657, 44.686502], [17.8201997, 44.6864742], [17.8211792, 44.6865928], [17.8223093, 44.6867371], [17.822544, 44.6867177], [17.8229034, 44.6863674], [17.8233788, 44.6860626], [17.8234935, 44.6856657], [17.8238797, 44.6851394], [17.824712, 44.6846447], [17.8250776, 44.6838293], [17.825452, 44.6831369], [17.8255827, 44.6822952], [17.8254998, 44.6820042], [17.8256548, 44.6813717], [17.8254998, 44.6809591], [17.8257133, 44.6805148], [17.8258753, 44.6799902], [17.8261599, 44.6795759], [17.8265405, 44.6794028], [17.8268852, 44.6793715], [17.8283246, 44.6797299], [17.8291436, 44.6795897], [17.8301668, 44.6794104], [17.8300564, 44.6791655], [17.829252, 44.6787176], [17.8292978, 44.6783653], [17.8298399, 44.6777288], [17.8309945, 44.6773697], [17.8315186, 44.6772896], [17.8320047, 44.6768566], [17.8322885, 44.6758414], [17.8330822, 44.6749552], [17.8340251, 44.6748041], [17.8353239, 44.6747015], [17.8362872, 44.6747854], [17.8377051, 44.6742397], [17.8383851, 44.6739709], [17.8394009, 44.674617], [17.8396672, 44.6746498], [17.8400863, 44.6748041], [17.8403787, 44.6755835], [17.8409393, 44.6762256], [17.8422276, 44.6770792], [17.8420715, 44.6774022], [17.842251, 44.678755], [17.842226, 44.6794791], [17.8423953, 44.6799075], [17.8426839, 44.6805508], [17.8425172, 44.681459], [17.8428697, 44.6817982], [17.8426766, 44.6822254], [17.8427121, 44.6825982], [17.8427839, 44.6832323], [17.8432368, 44.6836251], [17.8435886, 44.6841096], [17.8443827, 44.684509], [17.8448487, 44.6845013], [17.8453243, 44.6845547], [17.8457129, 44.6842316], [17.8464222, 44.6843286], [17.8467965, 44.6844833], [17.847054, 44.6846435], [17.8476655, 44.6847351], [17.8478801, 44.6852156], [17.8484361, 44.6854249], [17.8489949, 44.6855765], [17.850052, 44.6860714], [17.850279, 44.6865616], [17.8509907, 44.686961], [17.8516459, 44.68697], [17.8522146, 44.6873362], [17.8525364, 44.6877633], [17.8534484, 44.6877099], [17.8543013, 44.6880411], [17.8549634, 44.6882351], [17.8558243, 44.6891494], [17.8566074, 44.6903155], [17.857064, 44.6907762], [17.8579395, 44.6909332], [17.8584909, 44.6907685], [17.858933, 44.6909304], [17.8593523, 44.6918371], [17.8597852, 44.6927092], [17.8602182, 44.6934786], [17.8605616, 44.6935219], [17.8607654, 44.6937126], [17.860543, 44.6943811], [17.859993, 44.6946278], [17.8601539, 44.6950397], [17.8600827, 44.6954438], [17.8594565, 44.6955735], [17.8596496, 44.6961684], [17.8600739, 44.6961459], [17.8610119, 44.6967614], [17.8615057, 44.6969311], [17.8620221, 44.6973256], [17.8625994, 44.6980437], [17.8631045, 44.6988644], [17.8636817, 44.6997876], [17.864145, 44.7006755], [17.8646531, 44.7010963], [17.8655101, 44.7016663], [17.8660959, 44.7015241], [17.8661352, 44.7012398], [17.8661621, 44.7010416], [17.8663069, 44.7009272], [17.8665107, 44.7009729], [17.8665751, 44.7013428], [17.8675702, 44.7015154], [17.8677504, 44.7017288], [17.8692143, 44.7010496], [17.8689757, 44.7008528], [17.8696708, 44.6999927], [17.870681, 44.6994285], [17.871619, 44.6986592], [17.8725308, 44.69805], [17.8734951, 44.6975308], [17.8746497, 44.6970692], [17.8755877, 44.6964024], [17.8762371, 44.695633], [17.8768865, 44.6948123], [17.8778967, 44.6941454], [17.8788348, 44.6935812], [17.8797728, 44.6929144], [17.8806387, 44.6922475], [17.8815768, 44.6915807], [17.8827313, 44.6911703], [17.8845352, 44.6906573], [17.8852568, 44.6913242], [17.886267, 44.6920936], [17.8872772, 44.6927605], [17.8881431, 44.6933247], [17.8890811, 44.6939403], [17.8900913, 44.6944532], [17.8912459, 44.6948123], [17.8925447, 44.6949149], [17.8938435, 44.6949149], [17.8950702, 44.6948123], [17.8961526, 44.6944532], [17.8972349, 44.6939403], [17.8981008, 44.6931708], [17.8984616, 44.6922988], [17.8986059, 44.6912729], [17.8984558, 44.6901584], [17.8992505, 44.6898287], [17.8996161, 44.6896313], [17.9006417, 44.6891338], [17.9011977, 44.6898401], [17.9011762, 44.6908016], [17.9019758, 44.6914109], [17.902791, 44.6917858], [17.9037291, 44.692504], [17.9046671, 44.6931195], [17.9056052, 44.6936325], [17.9066875, 44.6940429], [17.9079864, 44.6944532], [17.9092852, 44.6949149], [17.9102232, 44.6954791], [17.9108005, 44.6962998], [17.910584, 44.6971717], [17.9102232, 44.6979411], [17.9097181, 44.6988131], [17.9095017, 44.699685], [17.9098624, 44.7005056], [17.9108727, 44.7011724], [17.9115221, 44.7018904], [17.9115942, 44.702711], [17.9119793, 44.7035849], [17.9119128, 44.7045332], [17.9116198, 44.7055429], [17.9117002, 44.7059422], [17.9118283, 44.706231], [17.911934, 44.7064695], [17.9117312, 44.7067011], [17.9113759, 44.7070605], [17.9111286, 44.7075728], [17.9108727, 44.7083169], [17.9105614, 44.7087071], [17.9097903, 44.7095831], [17.9098624, 44.7104035], [17.9106562, 44.7111215], [17.9115942, 44.7116855], [17.9120272, 44.712506], [17.9123439, 44.7133599], [17.9124882, 44.7135105], [17.9135453, 44.7139571], [17.9150949, 44.714254], [17.9157217, 44.7144078], [17.9169755, 44.7146194], [17.9178559, 44.7149291], [17.9182221, 44.7151188], [17.9186073, 44.7152297], [17.9190922, 44.7153861], [17.9205975, 44.7159426], [17.921907, 44.7163235], [17.9220539, 44.7163876], [17.9235178, 44.7179926], [17.924298, 44.7190605], [17.9239921, 44.7190379], [17.9235237, 44.7190301], [17.9232747, 44.7190858], [17.9230293, 44.7191091], [17.9237094, 44.7200082], [17.9258128, 44.7230858], [17.9271752, 44.7236205], [17.9281192, 44.7241765], [17.9290008, 44.7253326], [17.9290438, 44.7256375], [17.9286361, 44.7259272], [17.9285288, 44.7262778], [17.9288936, 44.7265599], [17.9298055, 44.726941], [17.9302239, 44.7277566], [17.9305458, 44.7289762], [17.9316616, 44.7307902], [17.9307793, 44.7314644], [17.9313397, 44.731903], [17.9315758, 44.7325585], [17.9309964, 44.733275], [17.9299858, 44.7336581], [17.929666, 44.7342963], [17.92943, 44.7352566], [17.9297519, 44.7358968], [17.9300308, 44.7362626], [17.9309535, 44.736857], [17.930707, 44.7380347], [17.9302776, 44.7380154], [17.9298699, 44.738084], [17.9295158, 44.7382669], [17.9292369, 44.7383812], [17.9282927, 44.7381221], [17.9275203, 44.7379164], [17.9260933, 44.7373753], [17.9256492, 44.7374506], [17.9251492, 44.7377944], [17.924881, 44.7379316], [17.9245698, 44.7378325], [17.9241836, 44.7371695], [17.9234648, 44.7373905], [17.922349, 44.7376191], [17.9219561, 44.7386233], [17.9220915, 44.7392424], [17.9219627, 44.7393262], [17.9213834, 44.7393339], [17.9209006, 44.7394634], [17.920804, 44.7398902], [17.9204798, 44.7400926], [17.9202139, 44.740195], [17.9196602, 44.7398686], [17.9189799, 44.7396917], [17.9184241, 44.7391492], [17.9179823, 44.7389223], [17.9174243, 44.738922], [17.9168749, 44.7395256], [17.9159479, 44.74005], [17.9157076, 44.7405986], [17.9144888, 44.7405133], [17.9136586, 44.7413381], [17.9130618, 44.7416137], [17.9135962, 44.7422081], [17.9150553, 44.743147], [17.9164286, 44.7451465], [17.9161024, 44.7459756], [17.9153815, 44.7463169], [17.9146948, 44.7477068], [17.9143687, 44.7490966], [17.9139395, 44.7496818], [17.913785, 44.7507424], [17.9126349, 44.7514129], [17.9117422, 44.7516689], [17.9103518, 44.7522663], [17.9092188, 44.752888], [17.9083262, 44.7541924], [17.9071975, 44.7551249], [17.9059959, 44.7557771], [17.9037235, 44.7563652], [17.9031248, 44.7564232], [17.9019576, 44.756481], [17.901155, 44.7566792], [17.9004943, 44.7573011], [17.8998291, 44.7580248], [17.8994148, 44.7582363], [17.8987884, 44.7584057], [17.897973, 44.7583143], [17.8966212, 44.7581467], [17.8960159, 44.7582287], [17.8952479, 44.7588476], [17.8943467, 44.7601122], [17.8928661, 44.7611635], [17.8925228, 44.7617425], [17.8924862, 44.7624446], [17.8929519, 44.7629461], [17.8943701, 44.7641448], [17.89572, 44.7645001], [17.8967838, 44.7653293], [17.897254, 44.7656958], [17.8982091, 44.7660084], [17.9000693, 44.7671705], [17.9013315, 44.7674487], [17.9017559, 44.7675422], [17.9030047, 44.7678073], [17.9059124, 44.7689638], [17.9071503, 44.7692058], [17.9079294, 44.7699997], [17.9087639, 44.7711922], [17.9097596, 44.7720209], [17.9112745, 44.7733432], [17.9117208, 44.7739524], [17.9112768, 44.7748134], [17.9109569, 44.7756981], [17.9102897, 44.7761843], [17.9100482, 44.7765471], [17.9097638, 44.7769745], [17.909131, 44.7774028], [17.9079872, 44.7780255], [17.9072232, 44.7787992], [17.9073434, 44.7794969], [17.9068499, 44.7813215], [17.9059916, 44.7830761], [17.9058028, 44.7836487], [17.9061632, 44.7844163], [17.9061632, 44.7849037], [17.9055624, 44.7852204], [17.904893, 44.7856591], [17.9041891, 44.7866459], [17.904275, 44.7872795], [17.9045153, 44.7882907], [17.9044638, 44.788912], [17.9028845, 44.7908856], [17.9020605, 44.7910196], [17.9015284, 44.7911901], [17.9014769, 44.7915069], [17.901906, 44.7923962], [17.9021807, 44.7936144], [17.9015456, 44.7943453], [17.9021292, 44.7950397], [17.9027643, 44.7952833], [17.9038458, 44.7955757], [17.9043952, 44.7957766], [17.9050045, 44.7969339], [17.9055047, 44.7984949], [17.9052686, 44.7993323], [17.9053545, 44.8001849], [17.9057407, 44.8009158], [17.9064917, 44.8021033], [17.9065795, 44.8027319], [17.906363, 44.8030777], [17.906084, 44.8045393], [17.9045282, 44.8062183], [17.9054403, 44.8067925], [17.9057836, 44.8078125], [17.9066225, 44.8090134], [17.9060474, 44.8102465], [17.905586, 44.8108904], [17.9051934, 44.8114004], [17.9050925, 44.8115464], [17.9049723, 44.8117276], [17.9048633, 44.8119246], [17.9048278, 44.8119112], [17.90479, 44.8119028], [17.9047474, 44.8118978], [17.9047, 44.8118961], [17.9045699, 44.8118961], [17.9045296, 44.8119028], [17.9044847, 44.8119162], [17.9044421, 44.8119347], [17.9044089, 44.8119565], [17.9043758, 44.8119817], [17.9043498, 44.8120119], [17.9043261, 44.8120388], [17.9043024, 44.812064], [17.9042693, 44.8120858], [17.9042338, 44.8120993], [17.9041912, 44.812106], [17.9041084, 44.8121093], [17.9040681, 44.8121093], [17.9040208, 44.812111], [17.9039356, 44.812111], [17.903893, 44.8121144], [17.9038528, 44.812116], [17.9038078, 44.8121194], [17.9037155, 44.8121228], [17.9036706, 44.8121228], [17.9036256, 44.812116], [17.9035901, 44.8120959], [17.9035664, 44.8120741], [17.9035451, 44.8120489], [17.9035215, 44.8120271], [17.9034978, 44.8120002], [17.9034741, 44.8119767], [17.9034457, 44.8119515], [17.9034173, 44.811928], [17.9033558, 44.8118877], [17.9033203, 44.8118692], [17.9032872, 44.8118524], [17.9032493, 44.811839], [17.9032091, 44.8118306], [17.9031688, 44.8118373], [17.9031381, 44.8118575], [17.903112, 44.8118793], [17.9030931, 44.8119045], [17.9030671, 44.8119314], [17.9030363, 44.8119532], [17.9029961, 44.8119565], [17.9029558, 44.8119448], [17.9029156, 44.8119297], [17.9028896, 44.8119079], [17.9028683, 44.8118843], [17.9027665, 44.8117752], [17.9027428, 44.8117517], [17.9027215, 44.8117282], [17.9026955, 44.8117064], [17.9026553, 44.8116946], [17.9026127, 44.8116879], [17.9025724, 44.8116879], [17.9025322, 44.8116929], [17.9024943, 44.8117013], [17.9024541, 44.8117114], [17.9024139, 44.8117181], [17.9023713, 44.8117215], [17.9023263, 44.8117232], [17.9022837, 44.8117232], [17.9022411, 44.8117131], [17.902208, 44.8116963], [17.9021748, 44.8116745], [17.9021535, 44.811651], [17.9021346, 44.8116224], [17.9021251, 44.8115939], [17.9021251, 44.8115653], [17.9021275, 44.8115351], [17.9021346, 44.8115083], [17.9021393, 44.811478], [17.9021464, 44.8114478], [17.9021488, 44.811421], [17.9021559, 44.8113941], [17.9021606, 44.8113672], [17.9021677, 44.811337], [17.9021701, 44.8113085], [17.9021654, 44.8112799], [17.9021488, 44.8112547], [17.9021299, 44.8112296], [17.9020568, 44.8111895], [17.9019659, 44.8111676], [17.9019233, 44.8111693], [17.9018807, 44.8111777], [17.9018523, 44.8111978], [17.9018263, 44.8112197], [17.901805, 44.8112465], [17.9017837, 44.8112717], [17.9017648, 44.8112969], [17.9017411, 44.8113204], [17.9017127, 44.8113473], [17.9016961, 44.8113741], [17.9016867, 44.8114027], [17.9016867, 44.8114363], [17.9016772, 44.8114682], [17.9016512, 44.8114917], [17.9016086, 44.8114984], [17.9015683, 44.8114984], [17.9015257, 44.81149], [17.9014879, 44.8114799], [17.9014453, 44.8114715], [17.9014027, 44.8114682], [17.9013601, 44.8114682], [17.9013198, 44.8114715], [17.9012796, 44.8114816], [17.9012394, 44.8114933], [17.9012062, 44.8115135], [17.9011778, 44.811537], [17.9011542, 44.8115605], [17.9011116, 44.8115723], [17.9010713, 44.8115605], [17.9009506, 44.8115085], [17.9009222, 44.8114849], [17.9008915, 44.8114665], [17.9008536, 44.811448], [17.9008157, 44.8114329], [17.9007755, 44.8114228], [17.9007353, 44.8114178], [17.9006879, 44.8114144], [17.9006453, 44.8114144], [17.9006051, 44.8114211], [17.9005625, 44.8114312], [17.9005223, 44.811443], [17.9004844, 44.8114648], [17.9004536, 44.8114849], [17.9004276, 44.8115101], [17.9004063, 44.8115353], [17.9003921, 44.8115639], [17.9003803, 44.8115907], [17.9003519, 44.8116142], [17.9003069, 44.8116176], [17.900269, 44.8116042], [17.9002477, 44.8115806], [17.9002359, 44.8115538], [17.9002312, 44.8115236], [17.9002241, 44.811495], [17.9002193, 44.8114665], [17.900217, 44.8114379], [17.9002122, 44.8114077], [17.9002051, 44.8113775], [17.9002028, 44.811349], [17.900198, 44.8113221], [17.900198, 44.8112935], [17.9002028, 44.8112633], [17.9002335, 44.8112465], [17.9002714, 44.8112398], [17.9003069, 44.8112281], [17.9003353, 44.8112096], [17.9003519, 44.8111844], [17.9003519, 44.8111576], [17.9003377, 44.8111307], [17.9003187, 44.8111038], [17.9002951, 44.8110803], [17.9002714, 44.8110585], [17.9002454, 44.8110367], [17.9002099, 44.8110216], [17.9001412, 44.8110148], [17.9000939, 44.8110165], [17.9000442, 44.8110299], [17.9000087, 44.8110434], [17.8999709, 44.8110333], [17.8999283, 44.8110249], [17.8998857, 44.8110266], [17.8998431, 44.8110333], [17.8998028, 44.8110417], [17.8997579, 44.8110501], [17.8997153, 44.8110585], [17.8996727, 44.8110719], [17.8996348, 44.8110854], [17.8996017, 44.8111055], [17.899578, 44.8111307], [17.8995591, 44.8111559], [17.8995425, 44.8111827], [17.899507, 44.811265], [17.8994952, 44.8112986], [17.899481, 44.8113271], [17.8994478, 44.8113456], [17.8994052, 44.8113523], [17.8993248, 44.8113523], [17.8992822, 44.8113473], [17.8992443, 44.8113372], [17.8992041, 44.8113154], [17.8991165, 44.8112583], [17.8990834, 44.8112415], [17.8990431, 44.8112297], [17.8990029, 44.8112281], [17.8989603, 44.8112281], [17.8988798, 44.8112449], [17.8988372, 44.8112616], [17.8987923, 44.8112768], [17.8987568, 44.8112902], [17.8987165, 44.8112986], [17.8986763, 44.8113019], [17.8985485, 44.8113019], [17.8985083, 44.8113103], [17.8984704, 44.8113204], [17.8984349, 44.8113389], [17.8983947, 44.811354], [17.8983568, 44.8113641], [17.8983095, 44.8113758], [17.8982621, 44.8113825], [17.8982195, 44.8113892], [17.8981296, 44.8114178], [17.898087, 44.8114195], [17.8980492, 44.8114346], [17.8979876, 44.8114631], [17.8979569, 44.8114833], [17.8979285, 44.8115068], [17.8978906, 44.8115303], [17.8978149, 44.8115706], [17.8977817, 44.8115874], [17.8977486, 44.8116092], [17.8977226, 44.8116344], [17.897706, 44.8116612], [17.8977036, 44.8116915], [17.8977036, 44.8117234], [17.8977131, 44.8117569], [17.8977226, 44.8117872], [17.8977391, 44.8118123], [17.8977581, 44.8118392], [17.8977794, 44.8118644], [17.8978125, 44.8118929], [17.8978409, 44.8119164], [17.8978693, 44.8119383], [17.8978906, 44.8119634], [17.8979024, 44.8119903], [17.8979024, 44.8120189], [17.8978882, 44.8120508], [17.8978693, 44.8120776], [17.8978409, 44.8120994], [17.8978054, 44.8121162], [17.8977604, 44.8121246], [17.8977155, 44.8121263], [17.8976705, 44.8121263], [17.8976303, 44.8121213], [17.8975877, 44.8121146], [17.8975119, 44.812091], [17.8974764, 44.8120709], [17.8974433, 44.8120558], [17.8974102, 44.812034], [17.8973747, 44.8120189], [17.8973368, 44.8120021], [17.8972989, 44.8119886], [17.8972634, 44.8119752], [17.8972279, 44.8119567], [17.8972019, 44.8119315], [17.8971877, 44.8119047], [17.8971782, 44.8118728], [17.8971782, 44.8117284], [17.897183, 44.8116999], [17.897183, 44.8116713], [17.8971782, 44.8116394], [17.8971688, 44.8116109], [17.897164, 44.8115806], [17.8971688, 44.8115521], [17.8971877, 44.8115252], [17.8972137, 44.8114967], [17.8972492, 44.8114732], [17.8973226, 44.8114363], [17.897351, 44.8114178], [17.8973747, 44.8113943], [17.8973936, 44.8113657], [17.8974054, 44.8113389], [17.8974078, 44.8113103], [17.8974125, 44.8112818], [17.8974173, 44.8112281], [17.8974149, 44.8111978], [17.8974031, 44.8111693], [17.8973841, 44.8111408], [17.8973557, 44.8111139], [17.8973202, 44.8110988], [17.8972776, 44.811087], [17.8972398, 44.8110803], [17.8971948, 44.8110736], [17.8971498, 44.8110719], [17.8970599, 44.8110719], [17.8970149, 44.8110736], [17.8969723, 44.811082], [17.8969274, 44.8110904], [17.8968824, 44.8110971], [17.8967972, 44.8111072], [17.8967546, 44.8111089], [17.8967144, 44.8111139], [17.8966647, 44.8111156], [17.8964446, 44.8111156], [17.8963996, 44.8111173], [17.8963594, 44.8111173], [17.8963144, 44.811124], [17.8962742, 44.811129], [17.8962316, 44.8111307], [17.896189, 44.8111374], [17.8961464, 44.8111424], [17.8961085, 44.8111525], [17.8960754, 44.8111693], [17.8960541, 44.8111962], [17.8960304, 44.811223], [17.8960068, 44.8112482], [17.8959831, 44.8112801], [17.8959168, 44.8113372], [17.8958861, 44.8113557], [17.89586, 44.8113775], [17.8958269, 44.811396], [17.895789, 44.8114161], [17.8957535, 44.8114329], [17.8957157, 44.811453], [17.8956896, 44.8114766], [17.8956589, 44.8114967], [17.895621, 44.8115101], [17.8955808, 44.8115219], [17.8955382, 44.811532], [17.8954956, 44.8115387], [17.8954506, 44.8115471], [17.8954056, 44.8115571], [17.895363, 44.8115655], [17.8953252, 44.8115773], [17.895292, 44.8115941], [17.8952613, 44.8116142], [17.8952352, 44.8116428], [17.895221, 44.8116713], [17.8952092, 44.8117015], [17.8951974, 44.8117284], [17.8951926, 44.8117653], [17.8951879, 44.8118275], [17.8951808, 44.811856], [17.8951595, 44.8118829], [17.8951216, 44.811908], [17.8950885, 44.8119265], [17.8950506, 44.8119433], [17.8950128, 44.8119634], [17.8949702, 44.8119819], [17.8949394, 44.8120021], [17.894911, 44.8120256], [17.8948826, 44.8120524], [17.8948731, 44.8120843], [17.8948731, 44.8121196], [17.8948802, 44.8121515], [17.8948779, 44.8122438], [17.8948779, 44.8122724], [17.8948708, 44.8123059], [17.8948684, 44.8123395], [17.8948542, 44.8124016], [17.8948518, 44.8124302], [17.8948542, 44.8124587], [17.8948589, 44.8124906], [17.8948589, 44.8125225], [17.89484, 44.8125494], [17.8948069, 44.8125645], [17.8947572, 44.8125813], [17.8947146, 44.8125981], [17.8946767, 44.8126149], [17.8946507, 44.8126401], [17.8946365, 44.8126669], [17.8946104, 44.8126904], [17.8945702, 44.8127005], [17.89453, 44.8126887], [17.8945059, 44.8126878], [17.894471, 44.8126935], [17.8944169, 44.8127085], [17.894391, 44.8127121], [17.8943508, 44.8127154], [17.8941212, 44.8127154], [17.8940763, 44.8127171], [17.8940313, 44.8127171], [17.8939887, 44.8127087], [17.8939532, 44.8126936], [17.8939248, 44.8126734], [17.8939035, 44.8126449], [17.8938893, 44.8126147], [17.8938751, 44.8125861], [17.8938443, 44.8125274], [17.8938325, 44.8124955], [17.8938207, 44.8124619], [17.893797, 44.8124015], [17.8937757, 44.812378], [17.8937449, 44.8123578], [17.8937, 44.8123461], [17.8936503, 44.8123427], [17.8936029, 44.8123427], [17.8935603, 44.8123544], [17.8935225, 44.8123679], [17.8934775, 44.8123729], [17.8934349, 44.8123763], [17.8933923, 44.8123729], [17.8933544, 44.8123612], [17.8932645, 44.812336], [17.8932432, 44.8123125], [17.8932314, 44.8122873], [17.8932243, 44.8122588], [17.8932195, 44.8122285], [17.8932172, 44.8121933], [17.8932077, 44.8121664], [17.8931888, 44.8121395], [17.8931627, 44.8121144], [17.8931296, 44.8120976], [17.8930965, 44.8120791], [17.8930681, 44.8120573], [17.8930539, 44.8120287], [17.8930397, 44.8119717], [17.8930397, 44.8119431], [17.8930255, 44.811886], [17.8930089, 44.8118575], [17.8929923, 44.8118323], [17.8929687, 44.8118071], [17.8929403, 44.8117752], [17.8929166, 44.81175], [17.8928882, 44.8117248], [17.8928622, 44.8116963], [17.8928338, 44.8116694], [17.8928077, 44.8116459], [17.892777, 44.8116208], [17.8926444, 44.8115586], [17.8926113, 44.8115385], [17.8925805, 44.811515], [17.8925569, 44.8114915], [17.8925379, 44.811468], [17.8925214, 44.8114411], [17.8925095, 44.8114142], [17.8925001, 44.8113823], [17.8925001, 44.8113538], [17.8924953, 44.8113269], [17.8924811, 44.8113001], [17.8924598, 44.8112766], [17.8924385, 44.8112514], [17.8924149, 44.8112262], [17.8924007, 44.8111977], [17.8923936, 44.8111708], [17.8923912, 44.8111423], [17.8923912, 44.8111137], [17.8923983, 44.8110818], [17.8924078, 44.8110516], [17.8924173, 44.811023], [17.8924267, 44.8109911], [17.8924267, 44.8109374], [17.8924149, 44.8109106], [17.8924007, 44.8108837], [17.8923747, 44.8108098], [17.8923676, 44.8107779], [17.8923652, 44.8107494], [17.8923652, 44.8107225], [17.8923581, 44.8106923], [17.8923415, 44.8106637], [17.8923202, 44.8106386], [17.8922966, 44.8106151], [17.8922682, 44.8105899], [17.8922327, 44.8105731], [17.8921972, 44.8105613], [17.8921569, 44.8105596], [17.8921167, 44.810568], [17.8920859, 44.8105882], [17.8920646, 44.8106117], [17.8920481, 44.8106386], [17.8920339, 44.8106688], [17.8920173, 44.8107024], [17.8920031, 44.8107292], [17.8919865, 44.8107578], [17.8919629, 44.8107947], [17.8919416, 44.8108249], [17.8918753, 44.8108837], [17.8918493, 44.8109089], [17.8918232, 44.8109357], [17.8918067, 44.8109626], [17.8917948, 44.8109962], [17.8917925, 44.8110331], [17.8917948, 44.8110717], [17.8918019, 44.8111036], [17.8918114, 44.8111339], [17.8918256, 44.8111725], [17.8918445, 44.8112178], [17.891854, 44.811248], [17.8918658, 44.8112766], [17.8918824, 44.8113034], [17.8919037, 44.8113303], [17.8919274, 44.8113538], [17.8919558, 44.8113739], [17.8919865, 44.8113941], [17.8920268, 44.8114176], [17.8920575, 44.8114361], [17.892093, 44.8114529], [17.8921333, 44.8114764], [17.892164, 44.8114982], [17.8921948, 44.8115251], [17.8922161, 44.8115486], [17.8922374, 44.8115737], [17.8922563, 44.8115989], [17.8922729, 44.8116241], [17.8922682, 44.8116694], [17.8922611, 44.811698], [17.8922469, 44.8117299], [17.8922374, 44.8117601], [17.8922208, 44.8117886], [17.8922066, 44.8118205], [17.8921853, 44.8118441], [17.8921522, 44.8118659], [17.892112, 44.8118793], [17.8920741, 44.8118894], [17.8920339, 44.8118978], [17.8919889, 44.8119028], [17.8919416, 44.8119045], [17.8918114, 44.8119045], [17.8917688, 44.8118978], [17.8917238, 44.8118894], [17.8916315, 44.8118676], [17.8915511, 44.811839], [17.8915179, 44.8118256], [17.8914824, 44.8118105], [17.8914469, 44.8117886], [17.8914067, 44.8117651], [17.891383, 44.8117433], [17.8913617, 44.8117215], [17.8913333, 44.8116896], [17.8913168, 44.8116661], [17.8912978, 44.8116325], [17.8912789, 44.8115922], [17.8912671, 44.8115653], [17.8912529, 44.8115066], [17.8912434, 44.8114747], [17.8912387, 44.8114461], [17.8912387, 44.8114176], [17.8912458, 44.811384], [17.8912576, 44.8113538], [17.8912978, 44.8112866], [17.8913168, 44.8112631], [17.8913712, 44.8111792], [17.8913878, 44.8111439], [17.8914043, 44.8111171], [17.8914233, 44.8110902], [17.8914351, 44.8110633], [17.891454, 44.811018], [17.8914588, 44.8109861], [17.8914588, 44.8109576], [17.891454, 44.8109189], [17.8914398, 44.8108837], [17.8914162, 44.8108619], [17.891383, 44.8108484], [17.8913357, 44.8108451], [17.8912931, 44.8108484], [17.8912221, 44.810882], [17.8911961, 44.8109072], [17.8911724, 44.8109374], [17.8911558, 44.8109643], [17.8911298, 44.8109861], [17.8910872, 44.8109911], [17.8910422, 44.8109995], [17.8910067, 44.8110113], [17.8909665, 44.8110264], [17.8909286, 44.8110398], [17.8908908, 44.8110549], [17.8908553, 44.8110734], [17.8908198, 44.8110936], [17.8907961, 44.8111171], [17.8907724, 44.811149], [17.8907393, 44.8112094], [17.8907227, 44.811238], [17.8907062, 44.8112682], [17.890692, 44.8112967], [17.8906801, 44.8113253], [17.890673, 44.8113588], [17.8906707, 44.8113874], [17.8906707, 44.8114176], [17.8906399, 44.8115385], [17.8906257, 44.8115653], [17.8906091, 44.8115939], [17.8905902, 44.8116224], [17.8905736, 44.8116527], [17.8905547, 44.8116829], [17.8905381, 44.8117131], [17.8905216, 44.8117416], [17.8905003, 44.8117702], [17.8904766, 44.811797], [17.8904506, 44.8118205], [17.8904151, 44.8118424], [17.8903725, 44.8118491], [17.8903299, 44.8118457], [17.8902897, 44.8118306], [17.8902589, 44.8118138], [17.8902258, 44.811797], [17.8901855, 44.8117853], [17.8901453, 44.8117803], [17.890098, 44.8117786], [17.8900554, 44.8117786], [17.8900246, 44.811797], [17.8900222, 44.8118273], [17.8900317, 44.8118541], [17.8900506, 44.8118793], [17.8900909, 44.8119364], [17.8901122, 44.8119633], [17.8901335, 44.8119884], [17.89015, 44.8120136], [17.8901548, 44.8120438], [17.8901429, 44.8120724], [17.8901193, 44.8120959], [17.8900885, 44.8121177], [17.8900506, 44.8121278], [17.8900104, 44.8121278], [17.8899654, 44.8121295], [17.8899252, 44.8121295], [17.8898755, 44.8121261], [17.8898305, 44.8121194], [17.8897856, 44.8121093], [17.889743, 44.8120942], [17.8897075, 44.8120791], [17.889672, 44.8120573], [17.8896483, 44.8120338], [17.889627, 44.8120036], [17.8896081, 44.8119733], [17.8895915, 44.8119481], [17.8895773, 44.811923], [17.8895371, 44.8118743], [17.8895229, 44.8118491], [17.8895039, 44.8118222], [17.8894803, 44.811792], [17.8894566, 44.8117651], [17.8894353, 44.8117416], [17.889414, 44.8117165], [17.8893903, 44.8116896], [17.889369, 44.8116644], [17.8893454, 44.8116426], [17.8893217, 44.8116157], [17.8892957, 44.8115838], [17.8892744, 44.811557], [17.8892602, 44.8115301], [17.8892436, 44.8115049], [17.8892318, 44.811478], [17.8892176, 44.8114478], [17.8891915, 44.811384], [17.8891844, 44.8113555], [17.8891797, 44.8113236], [17.8891773, 44.8112883], [17.8891844, 44.8112598], [17.8891868, 44.8112329], [17.8891844, 44.8112044], [17.8891844, 44.8111758], [17.8891986, 44.811149], [17.8892247, 44.8111271], [17.8892507, 44.8110969], [17.8892933, 44.8110432], [17.8893075, 44.8110146], [17.889317, 44.8109861], [17.8893241, 44.8109576], [17.8893241, 44.8109273], [17.8893288, 44.8108971], [17.8893288, 44.8108669], [17.8893619, 44.8108484], [17.8893383, 44.8107662], [17.8893383, 44.8107309], [17.8893335, 44.8106721], [17.8893288, 44.8106436], [17.8893217, 44.81061], [17.8893051, 44.8105848], [17.889272, 44.8105664], [17.8892318, 44.8105563], [17.8891466, 44.8105563], [17.8891087, 44.8105496], [17.8890661, 44.8105412], [17.8890306, 44.8105244], [17.888988, 44.8105026], [17.8889549, 44.8104807], [17.8889265, 44.8104589], [17.8889028, 44.8104371], [17.8888815, 44.8104119], [17.8888555, 44.810385], [17.8888176, 44.8103481], [17.8887916, 44.8103212], [17.8887655, 44.8102994], [17.8887324, 44.8102776], [17.8886969, 44.8102608], [17.888659, 44.8102457], [17.8885455, 44.8102104], [17.8885029, 44.8102054], [17.8884579, 44.810197], [17.8883656, 44.810197], [17.888323, 44.8102003], [17.8882804, 44.8102071], [17.8882378, 44.8102171], [17.8881999, 44.8102423], [17.8881834, 44.8102709], [17.888181, 44.8103044], [17.888181, 44.8103347], [17.8881834, 44.8103632], [17.8881976, 44.8103985], [17.8882307, 44.810469], [17.8882449, 44.8104975], [17.8882757, 44.8105277], [17.8883064, 44.8105496], [17.8883325, 44.8105748], [17.8883561, 44.8105983], [17.8883727, 44.8106251], [17.8883893, 44.8106553], [17.8884035, 44.8106872], [17.8884129, 44.8107158], [17.88842, 44.810746], [17.8884248, 44.8107779], [17.8884342, 44.8108367], [17.8884461, 44.8108652], [17.8884508, 44.8108938], [17.8884508, 44.8109273], [17.888439, 44.8109559], [17.8884248, 44.8109861], [17.8883987, 44.8110096], [17.8883656, 44.8110298], [17.8883301, 44.8110432], [17.8882899, 44.8110516], [17.8882496, 44.8110583], [17.8882094, 44.8110617], [17.8881573, 44.8110617], [17.8881124, 44.8110566], [17.8880745, 44.8110465], [17.8880414, 44.8110331], [17.8880082, 44.8110146], [17.8879751, 44.8109928], [17.8879372, 44.8109744], [17.8879041, 44.8109576], [17.8878686, 44.8109391], [17.887826, 44.8109206], [17.8877905, 44.8109022], [17.8877526, 44.8108887], [17.88771, 44.8108753], [17.8876722, 44.8108602], [17.8876414, 44.81084], [17.8876201, 44.8108149], [17.8876012, 44.8107863], [17.887587, 44.8107594], [17.8875728, 44.8107309], [17.8875515, 44.8107007], [17.8875254, 44.8106755], [17.887497, 44.8106553], [17.8874592, 44.8106402], [17.8873787, 44.8106151], [17.8873432, 44.8105983], [17.8873124, 44.8105731], [17.8872888, 44.8105513], [17.8872651, 44.8105277], [17.8872296, 44.8105093], [17.8871941, 44.8104958], [17.8871515, 44.8104925], [17.8871255, 44.810521], [17.8871065, 44.8105496], [17.8871018, 44.8105832], [17.8871018, 44.8106184], [17.8871349, 44.8106688], [17.8871633, 44.8106923], [17.8871775, 44.8107208], [17.8871775, 44.8107511], [17.8871681, 44.810783], [17.8871562, 44.8108115], [17.8871373, 44.8108468], [17.8871136, 44.8108703], [17.8870734, 44.8108803], [17.8870355, 44.8108904], [17.8869953, 44.8108971], [17.8869527, 44.8109022], [17.8869077, 44.8108971], [17.8868699, 44.8108854], [17.8868344, 44.8108669], [17.8867965, 44.8108484], [17.8867634, 44.8108266], [17.8866357, 44.8107012], [17.8865741, 44.8106609], [17.8864511, 44.8105937], [17.8863801, 44.8105669], [17.8862996, 44.8105803], [17.8862381, 44.8106239], [17.8862097, 44.810681], [17.8861955, 44.8107381], [17.8861908, 44.8107986], [17.8861718, 44.8108556], [17.8861103, 44.8108959], [17.8860298, 44.8109127], [17.8859446, 44.8109161], [17.8858594, 44.8109161], [17.8857932, 44.8108825], [17.8857458, 44.8108389], [17.8857174, 44.8107885], [17.8856985, 44.8107247], [17.8856796, 44.810671], [17.8856464, 44.8106072], [17.885618, 44.8105534], [17.8855849, 44.8104997], [17.8855565, 44.8104493], [17.8855186, 44.8104023], [17.8854382, 44.8103755], [17.8853482, 44.8103788], [17.8852678, 44.8103822], [17.8851873, 44.8103788], [17.885121, 44.8103452], [17.8850832, 44.8102949], [17.8850784, 44.8102378], [17.8851116, 44.8101874], [17.8851873, 44.8101404], [17.8852536, 44.8101068], [17.8853246, 44.81008], [17.8854003, 44.8100564], [17.8854713, 44.8100363], [17.8855328, 44.8100061], [17.8855754, 44.8099591], [17.8855707, 44.8099053], [17.8855328, 44.8098516], [17.885476, 44.809808], [17.8854098, 44.8097744], [17.8853246, 44.8097475], [17.8852394, 44.8097307], [17.8851494, 44.8097442], [17.885069, 44.8097643], [17.8849033, 44.8098348], [17.8847897, 44.8099221], [17.8847282, 44.8099624], [17.8846477, 44.8099826], [17.8845673, 44.8099859], [17.8844016, 44.8099859], [17.8843211, 44.8100061], [17.8842691, 44.8100531], [17.8842312, 44.8101035], [17.8842028, 44.8101605], [17.8841697, 44.8102176], [17.8841365, 44.810268], [17.8840466, 44.8102848], [17.8839614, 44.8102814], [17.8838809, 44.8102814], [17.8837957, 44.810268], [17.8837153, 44.8102479], [17.8836395, 44.8102277], [17.8835733, 44.8101975], [17.8835023, 44.8101572], [17.8834076, 44.8100632], [17.8833508, 44.8100195], [17.883294, 44.8099658], [17.8832183, 44.809865], [17.8831189, 44.8097139], [17.8830952, 44.8096636], [17.8830952, 44.8096031], [17.8830905, 44.809536], [17.8830573, 44.8094889], [17.8830147, 44.8094319], [17.8829721, 44.8093882], [17.8829153, 44.8093445], [17.8827544, 44.8092572], [17.8826834, 44.8092169], [17.8826219, 44.8091766], [17.8825509, 44.8091531], [17.882461, 44.8091397], [17.88239, 44.8091733], [17.8823758, 44.8092304], [17.8823758, 44.8092875], [17.8823521, 44.8093445], [17.882319, 44.8093983], [17.8822811, 44.809452], [17.8822196, 44.8094957], [17.8821391, 44.8095225], [17.8820586, 44.8095259], [17.8819734, 44.8095192], [17.881893, 44.809499], [17.8818172, 44.8094755], [17.8817462, 44.8094486], [17.8816705, 44.8094016], [17.881609, 44.8093513], [17.8815711, 44.8093009], [17.8815285, 44.8092539], [17.8814764, 44.8092069], [17.8814054, 44.80918], [17.881325, 44.8091632], [17.8812303, 44.8091733], [17.881164, 44.8092102], [17.8811309, 44.8092606], [17.8810978, 44.8093177], [17.8810599, 44.8093714], [17.8810173, 44.8094251], [17.8809605, 44.8094688], [17.8808469, 44.8095628], [17.8807286, 44.8096468], [17.8806481, 44.8096636], [17.8805582, 44.8096804], [17.8804777, 44.8096904], [17.8803973, 44.8096904], [17.8803215, 44.8096703], [17.88026, 44.8096367], [17.8802269, 44.809583], [17.8802269, 44.8095259], [17.8802174, 44.8094621], [17.8801464, 44.8093613], [17.8801369, 44.8093043], [17.8801511, 44.8092472], [17.880189, 44.8092002], [17.8802553, 44.8091565], [17.8803121, 44.8091162], [17.8803641, 44.8090759], [17.880402, 44.8090255], [17.8804115, 44.8089718], [17.8804115, 44.8089147], [17.8803925, 44.8088576], [17.8803357, 44.808814], [17.8802695, 44.8087838], [17.8801937, 44.8087602], [17.8800991, 44.8087502], [17.8800139, 44.8087502], [17.879905, 44.8087535], [17.8798198, 44.8087569], [17.8797393, 44.808767], [17.8797109, 44.8088341], [17.8796873, 44.8088912], [17.8796873, 44.8089517], [17.8796589, 44.8090155], [17.8795831, 44.8091229], [17.87955, 44.8091766], [17.8795121, 44.8092304], [17.879479, 44.8092908], [17.8794317, 44.8093412], [17.8793749, 44.8093848], [17.8793039, 44.8094151], [17.8792187, 44.8094184], [17.8791429, 44.8093916], [17.8790814, 44.8093445], [17.8790151, 44.8093143], [17.8789394, 44.8093009], [17.8788589, 44.8093009], [17.878788, 44.8093345], [17.8787028, 44.8093546], [17.8786223, 44.8093613], [17.8785371, 44.8093613], [17.8784566, 44.8093546], [17.8782862, 44.8092908], [17.8782105, 44.8092707], [17.8781348, 44.8092438], [17.8780638, 44.8092102], [17.8779975, 44.8091766], [17.8779265, 44.8091397], [17.8778697, 44.8090994], [17.8778271, 44.8090558], [17.8777892, 44.8090087], [17.8777703, 44.8089517], [17.8777561, 44.8088946], [17.8777561, 44.8088375], [17.8778034, 44.8087972], [17.8778744, 44.8087737], [17.8779502, 44.8087569], [17.8780212, 44.8087267], [17.8780685, 44.8086763], [17.878078, 44.8086125], [17.8780638, 44.808552], [17.8780022, 44.8085118], [17.8779218, 44.8084882], [17.8778366, 44.8084849], [17.8777561, 44.8084849], [17.8776709, 44.8084882], [17.877581, 44.8085084], [17.8775052, 44.808542], [17.8774248, 44.8085789], [17.8773443, 44.808589], [17.8772544, 44.8085957], [17.8771692, 44.808589], [17.877084, 44.8085688], [17.8770082, 44.808542], [17.876923, 44.8085252], [17.8768804, 44.8085756], [17.8768663, 44.8086394], [17.8768615, 44.8086998], [17.8768473, 44.8087602], [17.8768284, 44.8088241], [17.8767905, 44.8088811], [17.8767479, 44.8089349], [17.8766959, 44.8089819], [17.8766249, 44.8090087], [17.8765444, 44.8090188], [17.8764545, 44.8090222], [17.8763693, 44.8090054], [17.8762273, 44.8089517], [17.8761373, 44.8089449], [17.8760569, 44.8089752], [17.8759527, 44.8089819], [17.8757681, 44.8089819], [17.8756877, 44.8089651], [17.8756167, 44.8089315], [17.8755693, 44.8088879], [17.8755551, 44.8088274], [17.8755599, 44.8087569], [17.875593, 44.8086964], [17.8756214, 44.8086427], [17.8756261, 44.8085823], [17.8756214, 44.8085285], [17.8755693, 44.8084782], [17.8754983, 44.8084244], [17.8754179, 44.8083841], [17.8753327, 44.808364], [17.8752475, 44.8083338], [17.8751812, 44.8082834], [17.8751386, 44.8082162], [17.8751717, 44.8081659], [17.8752049, 44.8081189], [17.8752285, 44.8080651], [17.8752096, 44.8080013], [17.8751291, 44.8079946], [17.8750487, 44.8080181], [17.8749777, 44.8080483], [17.8748925, 44.8080718], [17.874812, 44.8080819], [17.8747316, 44.8080819], [17.8746558, 44.8080618], [17.874599, 44.8080114], [17.8745801, 44.8079476], [17.8745754, 44.8078939], [17.8746085, 44.8078301], [17.8746464, 44.8077763], [17.8746984, 44.8077293], [17.874741, 44.8076823], [17.8747694, 44.8076286], [17.8747742, 44.8075715], [17.8747742, 44.8074539], [17.874831, 44.8074036], [17.8748688, 44.8073431], [17.874902, 44.8072928], [17.8749446, 44.8072323], [17.8749871, 44.8071786], [17.8750203, 44.8071181], [17.8750534, 44.807061], [17.8750676, 44.807004], [17.8750581, 44.8069469], [17.8750203, 44.8068394], [17.8749919, 44.806789], [17.8749304, 44.806742], [17.8748594, 44.8067185], [17.8747789, 44.8066984], [17.8746937, 44.8066916], [17.8746085, 44.806695], [17.8745328, 44.8067219], [17.8744665, 44.8067521], [17.8744097, 44.8067957], [17.8742772, 44.8068763], [17.8742156, 44.8069166], [17.8741636, 44.806967], [17.8741446, 44.8070241], [17.874121, 44.8070812], [17.8741068, 44.807145], [17.8740784, 44.8071987], [17.87405, 44.8072558], [17.8739695, 44.807276], [17.873889, 44.8072525], [17.873818, 44.8072189], [17.873766, 44.8071719], [17.8737234, 44.8071148], [17.8736808, 44.807061], [17.8736476, 44.8070107], [17.8736003, 44.8068831], [17.8735908, 44.8068226], [17.8735766, 44.8067655], [17.8735624, 44.8067017], [17.8735482, 44.8066413], [17.873534, 44.8065842], [17.873534, 44.8064767], [17.873553, 44.8064196], [17.8735861, 44.8063726], [17.8736382, 44.806329], [17.8737092, 44.8063088], [17.8737802, 44.8062853], [17.8738559, 44.8062652], [17.8739364, 44.8062517], [17.8740926, 44.806245], [17.8741872, 44.8062416], [17.874263, 44.8062316], [17.8744192, 44.8062249], [17.8745044, 44.8062215], [17.8745801, 44.8062148], [17.8746085, 44.806161], [17.8745564, 44.8061174], [17.8744665, 44.8061006], [17.8741115, 44.8060872], [17.874031, 44.8060838], [17.8739458, 44.8060771], [17.8737802, 44.8060704], [17.8736997, 44.8060771], [17.8736618, 44.8060099], [17.8736098, 44.8060301], [17.8735198, 44.8060368], [17.8734441, 44.8060234], [17.8733778, 44.8059898], [17.8733305, 44.8059394], [17.8733021, 44.805889], [17.8732879, 44.8058319], [17.8732879, 44.8057648], [17.8733068, 44.8057144], [17.8733873, 44.8056338], [17.8734157, 44.8055801], [17.8734583, 44.8055331], [17.8735009, 44.8054894], [17.8735293, 44.8054357], [17.8735482, 44.8053685], [17.8735482, 44.8053114], [17.8735056, 44.805261], [17.8734583, 44.8052107], [17.873411, 44.8051636], [17.8733684, 44.8051133], [17.8733021, 44.8050763], [17.8732216, 44.805083], [17.8731554, 44.80512], [17.8731364, 44.8051804], [17.873127, 44.8052476], [17.8731175, 44.8053081], [17.8731033, 44.8053651], [17.8730749, 44.8054222], [17.8730418, 44.8054793], [17.8730134, 44.8055364], [17.8729708, 44.8055901], [17.8729519, 44.8056506], [17.8729424, 44.8057077], [17.8729282, 44.8057681], [17.8728714, 44.8058219], [17.8728051, 44.8058622], [17.8727341, 44.8058957], [17.8726584, 44.8059193], [17.8725874, 44.8059428], [17.8725164, 44.8059864], [17.872488, 44.8060435], [17.8724785, 44.8061006], [17.8724738, 44.8061644], [17.8724643, 44.8062249], [17.8724549, 44.806292], [17.8724407, 44.8063625], [17.872417, 44.806423], [17.8723933, 44.8064902], [17.8723602, 44.8065439], [17.8722797, 44.8065741], [17.8721993, 44.8065943], [17.8721188, 44.8065842], [17.8720383, 44.8065674], [17.8719437, 44.8065573], [17.8716881, 44.8065573], [17.8715934, 44.806564], [17.8714135, 44.8065842], [17.8713236, 44.8065842], [17.8712431, 44.8065674], [17.8711721, 44.8065439], [17.8710964, 44.8065137], [17.8710349, 44.8064734], [17.8710018, 44.806423], [17.8709876, 44.8063659], [17.8709828, 44.8063122], [17.8709686, 44.8062551], [17.8709355, 44.8062013], [17.8708882, 44.8061543], [17.8708266, 44.8061107], [17.8707604, 44.8060737], [17.8706988, 44.8060368], [17.8706468, 44.8059898], [17.8705994, 44.805936], [17.8705805, 44.8058823], [17.8705663, 44.8058286], [17.8705568, 44.8056976], [17.8705568, 44.8055801], [17.8705663, 44.805523], [17.870571, 44.8054659], [17.870571, 44.8054054], [17.8705426, 44.8053517], [17.8704858, 44.8053081], [17.8704148, 44.8052745], [17.8703249, 44.8052845], [17.8702397, 44.8053047], [17.870164, 44.8053248], [17.870074, 44.805345], [17.8699983, 44.8053651], [17.8699178, 44.8053819], [17.869719, 44.8053887], [17.8696291, 44.8053887], [17.8695486, 44.8053853], [17.8694587, 44.8053651], [17.8693782, 44.8053316], [17.8693262, 44.8052913], [17.8692978, 44.8052375], [17.869293, 44.8051838], [17.8692741, 44.8051267], [17.8692315, 44.8050763], [17.8692173, 44.8050226], [17.8692552, 44.8049789], [17.8692362, 44.8049218], [17.8691605, 44.804895], [17.8690753, 44.8049084], [17.8690138, 44.8049554], [17.8689665, 44.8050058], [17.8689239, 44.8050562], [17.8689002, 44.8051267], [17.8689002, 44.8051872], [17.8688907, 44.8052543], [17.8688718, 44.8053114], [17.8688481, 44.8053719], [17.8688055, 44.8054256], [17.8687298, 44.8054592], [17.8686399, 44.8054692], [17.8685499, 44.8054659], [17.8684647, 44.805439], [17.8683985, 44.8053954], [17.8683606, 44.805345], [17.8683369, 44.8052879], [17.8683133, 44.8052241], [17.8682849, 44.805167], [17.8682328, 44.80512], [17.8681618, 44.8050595], [17.868105, 44.8050159], [17.8680482, 44.8049588], [17.8680151, 44.8049051], [17.8679725, 44.8048513], [17.8678873, 44.8048211], [17.8677973, 44.8048177], [17.8676979, 44.8048379], [17.8676364, 44.8048816], [17.8675843, 44.8049252], [17.8674991, 44.8049487], [17.8674187, 44.804989], [17.8673619, 44.8050327], [17.867324, 44.8050931], [17.8673098, 44.8051636], [17.8673051, 44.8052207], [17.8673193, 44.8052845], [17.8673524, 44.8053416], [17.867395, 44.8053954], [17.8674376, 44.8054558], [17.8674565, 44.8055095], [17.8674565, 44.8055734], [17.8674471, 44.8056372], [17.8673997, 44.8057614], [17.8673903, 44.8058185], [17.8673335, 44.8058991], [17.8672767, 44.8059696], [17.8672483, 44.8060267], [17.8672436, 44.8060838], [17.867253, 44.8061443], [17.8672956, 44.8062013], [17.8673429, 44.8062517], [17.867395, 44.8063021], [17.8674234, 44.8063592], [17.8674281, 44.8064163], [17.8673808, 44.8064633], [17.8673098, 44.8064902], [17.8672246, 44.8064935], [17.8671394, 44.8064801], [17.8670779, 44.8064431], [17.8670069, 44.8064028], [17.8669312, 44.8063659], [17.8668649, 44.8063357], [17.8667892, 44.8063088], [17.8666377, 44.8062584], [17.866562, 44.8062349], [17.8664815, 44.8062114], [17.8664058, 44.8061879], [17.8663206, 44.8061543], [17.8662448, 44.8061241], [17.8661691, 44.8060972], [17.8660934, 44.806067], [17.8660129, 44.8060334], [17.8659324, 44.8060032], [17.865852, 44.8059864], [17.8657668, 44.8059797], [17.8656768, 44.8059797], [17.8655916, 44.8060066], [17.8655159, 44.8060401], [17.8654449, 44.8060704], [17.865355, 44.8060704], [17.8652793, 44.8060536], [17.8651893, 44.8060469], [17.8650994, 44.8060469], [17.8650473, 44.8060939], [17.8650568, 44.806151], [17.8651183, 44.8061946], [17.8651893, 44.8062249], [17.8652556, 44.8062652], [17.8652982, 44.8063122], [17.8653171, 44.8063726], [17.8653266, 44.8064465], [17.8653266, 44.8065103], [17.8652935, 44.8065707], [17.8652509, 44.8066211], [17.8651657, 44.8066614], [17.8650852, 44.806695], [17.8650047, 44.8067151], [17.8649148, 44.806742], [17.8646119, 44.8067924], [17.8645267, 44.8067957], [17.8644367, 44.8068125], [17.8643326, 44.8068226], [17.8642143, 44.806826], [17.8641149, 44.806826], [17.8640297, 44.8068226], [17.8639492, 44.8068159], [17.8638545, 44.8068025], [17.8637883, 44.8067756], [17.8637173, 44.806742], [17.863651, 44.8066916], [17.8635989, 44.8066379], [17.86358, 44.8065808], [17.8635516, 44.8065271], [17.8634901, 44.8064801], [17.8634285, 44.8064431], [17.8633528, 44.8064163], [17.8632629, 44.8063928], [17.8631824, 44.806376], [17.863102, 44.8063558], [17.863031, 44.806329], [17.8629552, 44.8062954], [17.8628937, 44.8062584], [17.8628227, 44.8062114], [17.8627422, 44.8061879], [17.8626618, 44.8062047], [17.8625908, 44.8062316], [17.8625198, 44.8062652], [17.8624346, 44.8062652], [17.8623541, 44.8062618], [17.8622784, 44.8062416], [17.8622263, 44.8062013], [17.8622168, 44.8061476], [17.8622358, 44.8060939], [17.8622547, 44.8060368], [17.8622594, 44.8059797], [17.8622358, 44.8059159], [17.8621884, 44.8058722], [17.862108, 44.8058185], [17.8620843, 44.8057614], [17.8620228, 44.8057178], [17.8619423, 44.8057043], [17.8618524, 44.8056875], [17.8617672, 44.8056707], [17.8616867, 44.805664], [17.8616015, 44.805664], [17.8615305, 44.8056909], [17.8615068, 44.8057446], [17.861521, 44.8058051], [17.8615636, 44.8058521], [17.8616204, 44.8059025], [17.861663, 44.8059562], [17.8616867, 44.8060133], [17.8616867, 44.8060737], [17.8616536, 44.8061275], [17.8615778, 44.806151], [17.8614974, 44.8061678], [17.8614169, 44.8061745], [17.8613317, 44.8061745], [17.8612465, 44.8061711], [17.8611708, 44.806151], [17.8610998, 44.8061275], [17.8610288, 44.8060905], [17.8609625, 44.8060569], [17.8608821, 44.8060368], [17.8607874, 44.8060166], [17.8607022, 44.8060066], [17.8606123, 44.8059763], [17.860546, 44.805926], [17.8605129, 44.8058756], [17.8604892, 44.8058185], [17.8604561, 44.8057681], [17.8604182, 44.8057178], [17.8603472, 44.8056707], [17.8602667, 44.8056439], [17.8601768, 44.8056372], [17.8600963, 44.8056573], [17.8600348, 44.8056976], [17.8600064, 44.8057547], [17.8600064, 44.8058219], [17.8600206, 44.8058857], [17.8600585, 44.8059394], [17.8601011, 44.8059864], [17.8601484, 44.8060334], [17.860191, 44.8060804], [17.8602289, 44.8061342], [17.8602525, 44.8061913], [17.860262, 44.8062484], [17.8602005, 44.8062954], [17.8601105, 44.8063054], [17.8600206, 44.8063088], [17.8599401, 44.8063088], [17.8598549, 44.806292], [17.8598029, 44.8062517], [17.8597603, 44.8062013], [17.8597082, 44.806161], [17.8596419, 44.8061275], [17.859481, 44.8060704], [17.8593958, 44.8060569], [17.8593248, 44.8060267], [17.8592775, 44.8059797], [17.8592254, 44.8059327], [17.8591781, 44.8058857], [17.8591213, 44.8058252], [17.859074, 44.8057782], [17.8590361, 44.8057077], [17.8589604, 44.8056002], [17.8589272, 44.8055465], [17.8588894, 44.805486], [17.8588752, 44.8054189], [17.8588515, 44.8053551], [17.8588089, 44.8053047], [17.8587379, 44.8052644], [17.8586669, 44.8052442], [17.858577, 44.8052342], [17.8585012, 44.8052577], [17.8584302, 44.8053013], [17.8583734, 44.8053517], [17.8583261, 44.8054088], [17.8582882, 44.8054592], [17.8582646, 44.8055163], [17.8582551, 44.8055767], [17.858274, 44.8056506], [17.8583072, 44.8057043], [17.8583356, 44.8057648], [17.8583308, 44.8058252], [17.8582882, 44.8058756], [17.8582314, 44.8059193], [17.8581652, 44.8059562], [17.8581415, 44.8060133], [17.8581794, 44.8060704], [17.8582551, 44.8060838], [17.8583308, 44.806067], [17.8584113, 44.8060401], [17.8584965, 44.8060267], [17.858577, 44.8060166], [17.8586527, 44.8060133], [17.8587284, 44.8060133], [17.8588136, 44.8060301], [17.8588941, 44.8060569], [17.8589604, 44.8060972], [17.8590077, 44.8061577], [17.8590361, 44.8062181], [17.8590598, 44.8062719], [17.859074, 44.8063323], [17.8590692, 44.8063961], [17.8590219, 44.8064431], [17.8589556, 44.8064868], [17.8588894, 44.8065237], [17.8588089, 44.8065506], [17.8587237, 44.8065707], [17.8585486, 44.8065707], [17.8584492, 44.8065607], [17.8583592, 44.8065439], [17.858274, 44.8065304], [17.8581841, 44.8065103], [17.8581036, 44.8064902], [17.8579048, 44.8064263], [17.8578244, 44.8064163], [17.8577439, 44.8063961], [17.8576492, 44.8063659], [17.8575309, 44.8062987], [17.8574363, 44.8062719], [17.8573558, 44.8062551], [17.8572611, 44.806245], [17.8571854, 44.8062081], [17.8571191, 44.8061678], [17.8570434, 44.806151], [17.8569582, 44.8061443], [17.8568683, 44.8061543], [17.8567925, 44.8061711], [17.8567215, 44.8062047], [17.85666, 44.806245], [17.8566316, 44.8062987], [17.8566174, 44.8063625], [17.8566174, 44.8064834], [17.8566221, 44.8065439], [17.8566553, 44.806601], [17.8567026, 44.8066547], [17.8567547, 44.8067017], [17.8567973, 44.8067521], [17.8568209, 44.8068125], [17.8568209, 44.8068797], [17.8568067, 44.8069435], [17.8567499, 44.8069939], [17.8566789, 44.8070241], [17.8565843, 44.8070476], [17.8564896, 44.807051], [17.8563997, 44.807051], [17.856305, 44.8070275], [17.8562245, 44.8069972], [17.8561583, 44.8069603], [17.8561157, 44.8069166], [17.8560825, 44.8068629], [17.8560778, 44.8068058], [17.8561488, 44.8066984], [17.856163, 44.8066346], [17.8561583, 44.8065741], [17.8561393, 44.8065069], [17.8561157, 44.8064532], [17.8560778, 44.8063995], [17.856021, 44.8063625], [17.8559453, 44.8063323], [17.8558743, 44.8062954], [17.8558269, 44.8062484], [17.8557985, 44.8061946], [17.8557607, 44.8061476], [17.8556897, 44.8061207], [17.8556092, 44.8061375], [17.8555524, 44.806198], [17.855524, 44.8062517], [17.8554956, 44.8063189], [17.8554862, 44.8063793], [17.855472, 44.8064398], [17.8554672, 44.8065002], [17.8554672, 44.8065573], [17.8554862, 44.8066178], [17.8555051, 44.8066816], [17.8555146, 44.8067454], [17.8555146, 44.8068058], [17.8554909, 44.8068629], [17.8554578, 44.8069267], [17.8554388, 44.8069838], [17.8554057, 44.8070342], [17.8553252, 44.807061], [17.8552306, 44.8070644], [17.8550507, 44.8070644], [17.8549702, 44.8070476], [17.8548945, 44.8070241], [17.8548282, 44.8069804], [17.8547856, 44.8069334], [17.8547099, 44.8069032], [17.8546247, 44.8068998], [17.854549, 44.8069267], [17.854478, 44.8069637], [17.8544164, 44.8070107], [17.8543502, 44.807051], [17.8542744, 44.8070778], [17.8540993, 44.8071484], [17.8539952, 44.8072021], [17.8538626, 44.8072256], [17.8537774, 44.8072289], [17.8536923, 44.8072357], [17.8536023, 44.8072424], [17.8535313, 44.8072659], [17.853342, 44.8073901], [17.8532852, 44.8074372], [17.8532095, 44.8074842], [17.8531432, 44.8075211], [17.8530485, 44.8075648], [17.8529728, 44.8075916], [17.8528734, 44.8076185], [17.8527787, 44.8076454], [17.8526983, 44.8076655], [17.8525989, 44.8076857], [17.8525042, 44.8077024], [17.8524237, 44.8077226], [17.852348, 44.8077495], [17.8522723, 44.8077663], [17.8521871, 44.8077663], [17.8521019, 44.8077495], [17.8519977, 44.8077495], [17.8519173, 44.8077629], [17.8518415, 44.8077864], [17.8517611, 44.8078166], [17.8516996, 44.8078603], [17.851638, 44.8079207], [17.851567, 44.8079812], [17.8515055, 44.8080215], [17.8514676, 44.8080752], [17.8514534, 44.8081424], [17.8514392, 44.8082062], [17.8514203, 44.80827], [17.8513919, 44.8083338], [17.8513493, 44.8083841], [17.8512357, 44.8085017], [17.8511931, 44.808552], [17.8511221, 44.8085823], [17.8510464, 44.8086091], [17.8509706, 44.8086293], [17.8508902, 44.808636], [17.8508334, 44.808589], [17.8508097, 44.8085386], [17.8507576, 44.808495], [17.8506914, 44.8084547], [17.850663, 44.8084009], [17.850644, 44.8083438], [17.8506346, 44.8082767], [17.8505778, 44.8081692], [17.8505446, 44.8081189], [17.850502, 44.8080718], [17.85045, 44.8080282], [17.8503648, 44.8080013], [17.8502748, 44.8079879], [17.8501754, 44.8079879], [17.8500808, 44.8080315], [17.850005, 44.8080718], [17.849934, 44.8081088], [17.8498631, 44.8081592], [17.8498063, 44.808223], [17.8497637, 44.8082901], [17.8497447, 44.8083539], [17.8497353, 44.8084177], [17.8497163, 44.8084782], [17.8496548, 44.8085252], [17.8495885, 44.8085722], [17.8495412, 44.8086259], [17.8495223, 44.8086864], [17.8495081, 44.8087435], [17.8494891, 44.8088073], [17.8494323, 44.808861], [17.8493471, 44.8088811], [17.8492619, 44.8088744], [17.8492193, 44.8088241], [17.8491815, 44.8087703], [17.8491294, 44.8087065], [17.8490726, 44.8086595], [17.8490111, 44.8086226], [17.8489306, 44.8085991], [17.8488501, 44.8085923], [17.8487791, 44.808636], [17.8487602, 44.8086931], [17.8487602, 44.8087502], [17.8487697, 44.8088207], [17.8487744, 44.8088879], [17.8487602, 44.8089517], [17.8487081, 44.8089987], [17.8486229, 44.8090155], [17.848533, 44.8090054], [17.8484573, 44.8089819], [17.8483957, 44.8089449], [17.8483579, 44.8088946], [17.8483247, 44.8088375], [17.8482774, 44.8087166], [17.8482348, 44.8086629], [17.8481638, 44.8086394], [17.8480881, 44.8086696], [17.848036, 44.8087267], [17.8479887, 44.8087838], [17.8478798, 44.8088576], [17.8478183, 44.8088979], [17.8477473, 44.8089282], [17.8476716, 44.8089483], [17.8475864, 44.8089584], [17.8475012, 44.8089584], [17.8474018, 44.8089315], [17.8473308, 44.808908], [17.8472077, 44.8088274], [17.8470894, 44.8087367], [17.8470184, 44.8086931], [17.8469474, 44.8086662], [17.8468527, 44.8086494], [17.8467722, 44.808636], [17.8466776, 44.8086326], [17.8466066, 44.8086629], [17.8465308, 44.808683], [17.8464409, 44.8086797], [17.8463604, 44.8086427], [17.8463131, 44.8085789], [17.8463084, 44.8085218], [17.8463415, 44.8084748], [17.8463841, 44.8084278], [17.8464551, 44.8083774], [17.8465214, 44.8083573], [17.8465924, 44.8083371], [17.8466302, 44.8082868], [17.8466444, 44.8082297], [17.846635, 44.8081659], [17.8466018, 44.8081189], [17.8465403, 44.8080718], [17.8464788, 44.8080282], [17.8463936, 44.8080047], [17.8463084, 44.8080013], [17.8462374, 44.8080315], [17.8461664, 44.8080651], [17.8460812, 44.8080886], [17.8459913, 44.8080987], [17.8459013, 44.8081054], [17.8458067, 44.8081054], [17.8457215, 44.8081021], [17.8455511, 44.8080886], [17.8454706, 44.8080853], [17.8453901, 44.8080953], [17.8453475, 44.8081457], [17.8453191, 44.8082599], [17.8453144, 44.8083271], [17.8453191, 44.8083976], [17.8453523, 44.8084715], [17.8453901, 44.8085252], [17.8454233, 44.8085756], [17.8454611, 44.808636], [17.8455085, 44.8086931], [17.8455605, 44.8087569], [17.8456268, 44.8088576], [17.8456363, 44.8089147], [17.8456221, 44.8089718], [17.8455653, 44.8090188], [17.8454706, 44.8090222], [17.8453712, 44.8090155], [17.8452907, 44.8090121], [17.8452008, 44.8090087], [17.8451156, 44.8090356], [17.8450493, 44.8090759], [17.8449783, 44.8090994], [17.8448979, 44.8091095], [17.8448079, 44.8091028], [17.8447511, 44.8090625], [17.8447275, 44.8090054], [17.8447227, 44.8089483], [17.8447227, 44.8088274], [17.8447085, 44.8087569], [17.8446517, 44.8086494], [17.8446091, 44.8085957], [17.8445665, 44.8085453], [17.8445003, 44.8084983], [17.8444293, 44.8084681], [17.8443393, 44.808458], [17.8442541, 44.8084647], [17.8441784, 44.8084849], [17.8440364, 44.8085319], [17.8440033, 44.8085923], [17.8439986, 44.8086528], [17.8439607, 44.8087032], [17.8439367, 44.8087235], [17.843915, 44.8087378], [17.8438865, 44.8087496], [17.8438547, 44.8087627], [17.8438246, 44.808771], [17.8437945, 44.808777], [17.843761, 44.8087781], [17.8437376, 44.8087746], [17.8437778, 44.8088518], [17.8437242, 44.8088755], [17.8436773, 44.8087758], [17.8433594, 44.8088992], [17.8432791, 44.8089076], [17.8429996, 44.8090643], [17.8429477, 44.8090417], [17.8428285, 44.8091033], [17.842785, 44.8091318], [17.8427382, 44.8091555], [17.8426846, 44.8091911], [17.8426478, 44.8092244], [17.8425875, 44.8092956], [17.8425842, 44.8093431], [17.8425976, 44.8094072], [17.8426177, 44.8094571], [17.8426478, 44.8094951], [17.842688, 44.8095259], [17.8427281, 44.8095521], [17.842775, 44.809571], [17.8428285, 44.8095829], [17.8428854, 44.8095877], [17.8429423, 44.8095877], [17.8429992, 44.80959], [17.8430561, 44.8095948], [17.8430829, 44.809628], [17.8430929, 44.8096684], [17.8430862, 44.8097088], [17.8430293, 44.8097396], [17.8429691, 44.8097586], [17.8429055, 44.8097681], [17.8427884, 44.8097729], [17.8427248, 44.8097824], [17.8426712, 44.8098014], [17.8426277, 44.8098299], [17.8425875, 44.8098631], [17.8425306, 44.8099462], [17.8425039, 44.8099866], [17.8424637, 44.8100198], [17.8424135, 44.8100436], [17.8423533, 44.8100649], [17.8422796, 44.8100792], [17.8422093, 44.8100863], [17.8420889, 44.8100863], [17.8420119, 44.8100816], [17.8419483, 44.8100744], [17.841888, 44.8100721], [17.8418311, 44.8100721], [17.8417709, 44.8100816], [17.8417207, 44.8101006], [17.8416705, 44.8101267], [17.8416203, 44.8101528], [17.8415734, 44.810186], [17.8415567, 44.8102288], [17.84155, 44.8102691], [17.84155, 44.8104021], [17.8415098, 44.8104354], [17.8414496, 44.8104235], [17.8414094, 44.8103926], [17.8413827, 44.810357], [17.8413626, 44.8103166], [17.8413391, 44.8102834], [17.8413191, 44.8102478], [17.8413023, 44.8102098], [17.8412822, 44.8101742], [17.8412521, 44.810129], [17.841232, 44.8100911], [17.8412086, 44.8100531], [17.8411885, 44.8100079], [17.8411651, 44.8099652], [17.841135, 44.8099296], [17.8410814, 44.8098987], [17.8410078, 44.8098869], [17.8409409, 44.8098869], [17.8408806, 44.809894], [17.8408271, 44.809913], [17.8407668, 44.8099367], [17.8407133, 44.8099676], [17.8406597, 44.8099937], [17.8406028, 44.8100079], [17.840556, 44.8100317], [17.8405392, 44.8100792], [17.8405258, 44.8101314], [17.8405225, 44.8101765], [17.8405225, 44.810281], [17.8405392, 44.810319], [17.8405761, 44.810357], [17.8406095, 44.810395], [17.840643, 44.8104306], [17.8406832, 44.8104662], [17.8407267, 44.8104947], [17.8407702, 44.8105185], [17.8408271, 44.8105422], [17.8409174, 44.8105897], [17.8408974, 44.8106301], [17.8408438, 44.8106467], [17.8407802, 44.8106514], [17.8407166, 44.8106514], [17.8406564, 44.8106491], [17.8405928, 44.8106443], [17.8405292, 44.8106372], [17.8404723, 44.8106206], [17.8404254, 44.8105921], [17.8403953, 44.8105541], [17.8403786, 44.8105137], [17.8403752, 44.8104686], [17.8403719, 44.8104282], [17.8403685, 44.8103902], [17.8403418, 44.8103522], [17.8402949, 44.8103214], [17.8402447, 44.8103071], [17.8401744, 44.8103], [17.8401142, 44.8102953], [17.8400439, 44.8102929], [17.839987, 44.8102953], [17.8399234, 44.8103119], [17.8398799, 44.8103451], [17.8398531, 44.8103902], [17.8398364, 44.810433], [17.8398364, 44.8104733], [17.8398397, 44.810528], [17.8398498, 44.8105826], [17.8398598, 44.8106229], [17.8398632, 44.8106728], [17.8398364, 44.8107108], [17.8397795, 44.8107132], [17.8397293, 44.8106965], [17.8397059, 44.8106609], [17.8397059, 44.8106182], [17.8397125, 44.8105754], [17.8397293, 44.8105351], [17.8397393, 44.8104947], [17.8397427, 44.8104496], [17.839736, 44.8104069], [17.8397192, 44.8103689], [17.8396891, 44.8103309], [17.8396791, 44.8102929], [17.8396958, 44.8102549], [17.8396992, 44.8102169], [17.8396958, 44.8101765], [17.8396757, 44.8101385], [17.839649, 44.8101006], [17.8395619, 44.8100602], [17.8395117, 44.8100388], [17.8394548, 44.8100269], [17.8393912, 44.8100341], [17.8393377, 44.8100459], [17.8392774, 44.8100459], [17.8392172, 44.8100436], [17.8391603, 44.8100578], [17.8391302, 44.8100222], [17.8390666, 44.8100198], [17.839003, 44.8100269], [17.8389662, 44.8099961], [17.8389695, 44.8099557], [17.8389026, 44.8099557], [17.8387788, 44.8100032], [17.8387185, 44.8100222], [17.8386549, 44.8100364], [17.838598, 44.8100436], [17.8384742, 44.8100578], [17.8384173, 44.8100721], [17.8383604, 44.8100982], [17.8383269, 44.8101314], [17.8382968, 44.810167], [17.8382667, 44.8102074], [17.8382399, 44.8102549], [17.8382131, 44.8103071], [17.8382064, 44.8103522], [17.8382064, 44.8104401], [17.8382098, 44.8104852], [17.8382248, 44.8105315], [17.8383236, 44.8104259], [17.8383855, 44.8105458], [17.8384139, 44.8105659], [17.8384374, 44.8105802], [17.8384892, 44.8106075], [17.8385428, 44.8106431], [17.8385595, 44.8106609], [17.8385729, 44.8106799], [17.8385796, 44.8106989], [17.8385964, 44.8107322], [17.8386181, 44.8107583], [17.8386449, 44.8107737], [17.8386733, 44.8107868], [17.8387101, 44.8107963], [17.8387386, 44.8107986], [17.8387855, 44.8107998], [17.8388239, 44.8107998], [17.8388758, 44.8107986], [17.8389444, 44.8107951], [17.8390298, 44.8107951], [17.8390616, 44.810801], [17.8390934, 44.8108129], [17.8391185, 44.8108259], [17.8391386, 44.8108402], [17.8391637, 44.8108604], [17.8391988, 44.8109423], [17.8392189, 44.8109815], [17.8392239, 44.8110052], [17.8392239, 44.8110503], [17.8392155, 44.8110729], [17.8392005, 44.8110954], [17.839172, 44.8111121], [17.8391419, 44.8111204], [17.8391084, 44.8111275], [17.8389059, 44.811156], [17.8388741, 44.8111643], [17.8388474, 44.8111726], [17.8388122, 44.8111869], [17.8387871, 44.8111987], [17.8387603, 44.8112142], [17.8387118, 44.8112593], [17.8386951, 44.811283], [17.8386683, 44.8113139], [17.8386532, 44.8113317], [17.8386365, 44.8113495], [17.8386131, 44.8113614], [17.838588, 44.8113721], [17.8385528, 44.8113827], [17.8384842, 44.8114006], [17.8384441, 44.8114101], [17.8384139, 44.8114195], [17.8383621, 44.8114599], [17.8382516, 44.8116083], [17.8382483, 44.8116309], [17.8382483, 44.8116534], [17.8382516, 44.8116736], [17.838265, 44.8116938], [17.8382817, 44.8117104], [17.838337, 44.8117389], [17.8384943, 44.8120488], [17.8385144, 44.8120678], [17.8385344, 44.8120808], [17.8385629, 44.8120974], [17.8385913, 44.8121093], [17.8386215, 44.8121164], [17.8386516, 44.8121212], [17.8386834, 44.8121259], [17.8387185, 44.8121295], [17.838757, 44.8121319], [17.8387871, 44.8121319], [17.8388139, 44.8121259], [17.8388474, 44.8121176], [17.8391603, 44.8119775], [17.8392222, 44.8119775], [17.839249, 44.8119858], [17.8392758, 44.8119989], [17.8393025, 44.8120179], [17.8393277, 44.8120357], [17.8393544, 44.8120642], [17.8393745, 44.8120856], [17.8394638, 44.8121337], [17.8394922, 44.8121589], [17.8395206, 44.8121807], [17.8395585, 44.8121992], [17.8395892, 44.812216], [17.8396247, 44.8122344], [17.8396555, 44.8122529], [17.8396863, 44.8122697], [17.8397147, 44.8122898], [17.8397407, 44.8123117], [17.839762, 44.8123368], [17.8397857, 44.812362], [17.8397975, 44.8123906], [17.8397999, 44.8124225], [17.8397786, 44.8124493], [17.8397407, 44.8124661], [17.8397123, 44.8124896], [17.8397076, 44.8125199], [17.8397076, 44.8125803], [17.8397005, 44.8126155], [17.839691, 44.8126474], [17.8396744, 44.8126777], [17.8396508, 44.8127045], [17.8396176, 44.8127247], [17.8395798, 44.8127398], [17.8395372, 44.8127465], [17.8394922, 44.8127465], [17.839407, 44.8127431], [17.8393123, 44.812728], [17.8392674, 44.8127247], [17.8392224, 44.812723], [17.8391822, 44.812723], [17.839142, 44.8127314], [17.8391041, 44.8127499], [17.8390781, 44.8127717], [17.8390497, 44.8127969], [17.8390213, 44.8128187], [17.8389787, 44.8128305], [17.8388887, 44.8128288], [17.8388461, 44.8128237], [17.8387586, 44.8128237], [17.838716, 44.8128271], [17.8386781, 44.8128405], [17.8386473, 44.8128623], [17.8386166, 44.8128892], [17.838555, 44.8129849], [17.8385337, 44.8130151], [17.8385219, 44.8130437], [17.8385195, 44.8130739], [17.8385195, 44.8131075], [17.8385266, 44.8131377], [17.8385408, 44.8131679], [17.8385574, 44.8132284], [17.8385598, 44.8132586], [17.8385621, 44.8132938], [17.8385621, 44.8133912], [17.8385669, 44.8134197], [17.8385811, 44.8134466], [17.8386047, 44.8134718], [17.8386592, 44.8135154], [17.8387231, 44.8135608], [17.8387515, 44.8135876], [17.8387633, 44.8136145], [17.8387562, 44.813643], [17.838716, 44.8136481], [17.8386663, 44.8136498], [17.8386331, 44.8136363], [17.8385953, 44.8136162], [17.8385503, 44.8135977], [17.8385077, 44.8135843], [17.8384485, 44.8135725], [17.8384107, 44.8135641], [17.8383681, 44.8135574], [17.8383278, 44.813549], [17.8382876, 44.8135406], [17.8382332, 44.8135272], [17.8381882, 44.8135205], [17.8381385, 44.8135121], [17.8380912, 44.8135087], [17.8380438, 44.8135087], [17.8379989, 44.8135121], [17.8379586, 44.8135222], [17.8379231, 44.8135356], [17.837845, 44.8135675], [17.8378048, 44.8135826], [17.8377622, 44.813596], [17.8376746, 44.8136296], [17.8376344, 44.8136464], [17.8375871, 44.8136632], [17.8375468, 44.8136817], [17.8375137, 44.8137068], [17.8374924, 44.8137371], [17.8374758, 44.813769], [17.837464, 44.8137992], [17.8374545, 44.8138479], [17.8374498, 44.8138798], [17.8374498, 44.8139184], [17.8374522, 44.813952], [17.8374616, 44.8139822], [17.8374735, 44.8140124], [17.83749, 44.8140409], [17.8375161, 44.8140644], [17.8375445, 44.8140896], [17.8375681, 44.8141215], [17.83758, 44.8141484], [17.83758, 44.8142155], [17.8375871, 44.8142491], [17.8376036, 44.8142793], [17.8376344, 44.8143045], [17.8377409, 44.8143767], [17.8377764, 44.8144002], [17.8378048, 44.814422], [17.8378308, 44.8144489], [17.8378427, 44.8144774], [17.8378237, 44.8145043], [17.8377835, 44.8145211], [17.8377409, 44.8145312], [17.8376462, 44.8145295], [17.8376036, 44.8145245], [17.8375587, 44.8145194], [17.8375066, 44.8145144], [17.8373622, 44.8145144], [17.8373197, 44.8145228], [17.8372865, 44.8145429], [17.8372723, 44.8145731], [17.8372771, 44.8146034], [17.8372984, 44.8146336], [17.8373315, 44.8146571], [17.8373599, 44.8146772], [17.8373859, 44.8146991], [17.8374096, 44.814736], [17.8374214, 44.8147679], [17.8374214, 44.8147998], [17.8374096, 44.814835], [17.8373954, 44.8148686], [17.8373859, 44.8148988], [17.8373528, 44.814924], [17.8373078, 44.8149358], [17.8372652, 44.8149442], [17.8372179, 44.8149475], [17.8371658, 44.8149475], [17.8371232, 44.8149542], [17.8370806, 44.8149744], [17.8370451, 44.8149895], [17.8370002, 44.8150113], [17.8369552, 44.8150348], [17.836915, 44.8150516], [17.8368724, 44.815065], [17.836825, 44.8150667], [17.8367848, 44.8150667], [17.8367327, 44.815055], [17.8366949, 44.8150449], [17.8366523, 44.8150248], [17.8366191, 44.8150012], [17.8365907, 44.8149744], [17.83656, 44.8149425], [17.8365292, 44.8149123], [17.8364464, 44.8148434], [17.8364085, 44.8148199], [17.8363588, 44.8148065], [17.8363091, 44.8147947], [17.8362689, 44.8147864], [17.836231, 44.8147746], [17.8361979, 44.8147561], [17.8361553, 44.8147276], [17.836115, 44.8147091], [17.8360748, 44.8146991], [17.8360038, 44.814689], [17.835947, 44.8146772], [17.8358973, 44.8146655], [17.835779, 44.8146403], [17.8354571, 44.8145647], [17.8354121, 44.8145547], [17.8353719, 44.8145446], [17.835327, 44.8145261], [17.8352891, 44.814506], [17.8352512, 44.8144825], [17.8352086, 44.8144539], [17.8351731, 44.8144288], [17.8351471, 44.8144019], [17.8351282, 44.8143767], [17.8351045, 44.8143498], [17.8350832, 44.8143247], [17.8350595, 44.8142995], [17.8350335, 44.8142726], [17.8350051, 44.8142508], [17.8349554, 44.8142306], [17.8349152, 44.8142206], [17.8348749, 44.8142139], [17.83483, 44.8142256], [17.8348063, 44.8142525], [17.8347755, 44.8142777], [17.8347448, 44.8142978], [17.8347187, 44.8143196], [17.8347022, 44.8143566], [17.8346927, 44.8143868], [17.8346856, 44.8144187], [17.8346667, 44.8144455], [17.8346312, 44.814464], [17.8345862, 44.814469], [17.8345389, 44.814469], [17.8344963, 44.814459], [17.8344631, 44.8144439], [17.8344371, 44.8144204], [17.834385, 44.8143734], [17.8343566, 44.8143482], [17.8343282, 44.8143247], [17.834288, 44.8143045], [17.8342454, 44.8142961], [17.8341862, 44.8142944], [17.8341271, 44.8142995], [17.8340679, 44.8143163], [17.8340253, 44.8143364], [17.8339496, 44.8143666], [17.8339117, 44.8143868], [17.8338762, 44.8144086], [17.8338383, 44.8144304], [17.8338099, 44.8144607], [17.8337058, 44.8146118], [17.833694, 44.8146487], [17.8336845, 44.8146856], [17.8336774, 44.8147158], [17.833675, 44.8147477], [17.833675, 44.8147813], [17.8336821, 44.8148216], [17.8336916, 44.8148585], [17.8336987, 44.8148972], [17.8337058, 44.8149307], [17.8337176, 44.8150046], [17.8337295, 44.8150415], [17.8337437, 44.8150835], [17.8337602, 44.8151204], [17.8337839, 44.8151591], [17.8337981, 44.8151926], [17.8338099, 44.8152212], [17.8338099, 44.8152564], [17.8337934, 44.81529], [17.8337673, 44.8153219], [17.8337437, 44.8153488], [17.8337082, 44.8153723], [17.8336608, 44.8153823], [17.8336135, 44.8153773], [17.8335662, 44.8153689], [17.833481, 44.8153437], [17.833436, 44.8153236], [17.8333887, 44.8153001], [17.8333579, 44.8152799], [17.8333153, 44.8152514], [17.8332893, 44.8152312], [17.8332467, 44.8151994], [17.8331591, 44.8151272], [17.833126, 44.8150969], [17.8330929, 44.8150684], [17.8330597, 44.8150365], [17.8330337, 44.8150096], [17.83301, 44.8149878], [17.8329745, 44.8149677], [17.8329367, 44.8149542], [17.8328846, 44.8149425], [17.8328396, 44.8149358], [17.8327876, 44.8149257], [17.8327402, 44.8149123], [17.8327024, 44.8149005], [17.8326574, 44.8148854], [17.8326148, 44.814872], [17.8325769, 44.8148636], [17.8325343, 44.8148518], [17.8324823, 44.8148451], [17.8324255, 44.8148418], [17.8323734, 44.8148418], [17.832319, 44.8148451], [17.8322693, 44.8148518], [17.8322338, 44.8148669], [17.8322148, 44.8148988], [17.8322054, 44.8149291], [17.8321912, 44.8149593], [17.8321746, 44.8149912], [17.832158, 44.8150231], [17.8321344, 44.8150533], [17.8321178, 44.8150818], [17.8320989, 44.815107], [17.8320799, 44.8151356], [17.8320444, 44.8151507], [17.8320017, 44.8151559], [17.8319592, 44.8151641], [17.8319545, 44.8152027], [17.8319569, 44.8152497], [17.8319592, 44.815285], [17.8319474, 44.8154411], [17.8319592, 44.815468], [17.8319663, 44.8155032], [17.8319782, 44.8155402], [17.8319947, 44.8155653], [17.832016, 44.8155939], [17.8320468, 44.8156275], [17.8320728, 44.815656], [17.8320918, 44.8156845], [17.8321012, 44.8157181], [17.8321036, 44.8157517], [17.8321036, 44.8157819], [17.8320894, 44.8158474], [17.8320776, 44.8158759], [17.8320515, 44.8159011], [17.8320184, 44.8159162], [17.8319711, 44.815928], [17.8319095, 44.8159414], [17.8318669, 44.8159498], [17.8318196, 44.8159632], [17.8317794, 44.815975], [17.8317391, 44.8159934], [17.8316989, 44.8160119], [17.8316681, 44.8160304], [17.831635, 44.8160488], [17.8316042, 44.816074], [17.8315829, 44.8160975], [17.8315711, 44.8161244], [17.8315498, 44.8161949], [17.8315451, 44.8162335], [17.8315427, 44.8162671], [17.8315356, 44.8162973], [17.8315285, 44.8163275], [17.8314954, 44.816346], [17.8314528, 44.8163477], [17.8314291, 44.8163242], [17.8314197, 44.8162956], [17.8313936, 44.8162721], [17.8313581, 44.8162621], [17.8313132, 44.816257], [17.8312658, 44.8162537], [17.8312209, 44.816252], [17.831041, 44.816252], [17.8309984, 44.8162537], [17.8309487, 44.8162587], [17.8309037, 44.8162654], [17.8308588, 44.8162788], [17.8308209, 44.816299], [17.8307901, 44.8163242], [17.8307688, 44.8163577], [17.830757, 44.816388], [17.8307523, 44.8164249], [17.8307523, 44.8164551], [17.8307546, 44.816487], [17.8307641, 44.8165156], [17.8307641, 44.8165743], [17.830757, 44.8166112], [17.8307428, 44.8166415], [17.8307215, 44.816675], [17.8306955, 44.8167086], [17.8306339, 44.8167942], [17.8306245, 44.8168278], [17.8306197, 44.816858], [17.8306174, 44.8168983], [17.8306174, 44.8170242], [17.8306126, 44.8170612], [17.8305961, 44.8170964], [17.8305724, 44.817125], [17.8305487, 44.8171518], [17.8305156, 44.8171703], [17.8304588, 44.8171804], [17.8303594, 44.8171804], [17.8303121, 44.8171703], [17.8302718, 44.8171552], [17.8302363, 44.8171417], [17.8302008, 44.8171182], [17.830163, 44.817088], [17.830118, 44.8170561], [17.8300754, 44.8170343], [17.8300375, 44.8170142], [17.8299926, 44.8169957], [17.8299547, 44.8169806], [17.8299168, 44.8169621], [17.8298719, 44.8169436], [17.829834, 44.8169285], [17.8297914, 44.8169218], [17.8297488, 44.8169285], [17.8297086, 44.816947], [17.8296068, 44.8170175], [17.8295761, 44.817041], [17.82955, 44.8170662], [17.8295287, 44.8170931], [17.8295027, 44.8171199], [17.829479, 44.8171501], [17.8294648, 44.8171804], [17.8294601, 44.8172106], [17.8294767, 44.8172391], [17.829498, 44.8172626], [17.8295335, 44.8172878], [17.8295642, 44.8173096], [17.8296849, 44.8173952], [17.8297204, 44.8174389], [17.829737, 44.8174641], [17.8297606, 44.8174926], [17.8297819, 44.8175195], [17.829808, 44.817548], [17.8298316, 44.8175765], [17.8298506, 44.8176017], [17.8298695, 44.8176269], [17.8298955, 44.8176504], [17.8299216, 44.8176739], [17.8299381, 44.8177041], [17.8299429, 44.8177344], [17.8299358, 44.8177713], [17.8299192, 44.8177998], [17.8298908, 44.8178216], [17.8298553, 44.8178418], [17.8298103, 44.8178586], [17.829718, 44.8179173], [17.8296873, 44.8179459], [17.8296565, 44.8179778], [17.8296234, 44.8180063], [17.829595, 44.8180315], [17.8295571, 44.8180567], [17.8295311, 44.8180819], [17.8295051, 44.8181104], [17.8294956, 44.8181423], [17.8294956, 44.8181708], [17.8295145, 44.8181994], [17.8295406, 44.8182212], [17.8295737, 44.818243], [17.8296045, 44.8182598], [17.8296376, 44.8182749], [17.8296754, 44.8182867], [17.8297228, 44.8182967], [17.8297606, 44.8182967], [17.8298056, 44.8182883], [17.8298435, 44.8182816], [17.8298908, 44.8182682], [17.8299358, 44.8182548], [17.8299784, 44.8182413], [17.8300399, 44.8182145], [17.8300896, 44.8182061], [17.8301298, 44.818196], [17.8301748, 44.8181859], [17.830215, 44.8181826], [17.8302671, 44.8181826], [17.8303002, 44.818201], [17.8303144, 44.8182262], [17.8303192, 44.8182615], [17.8303192, 44.8182934], [17.8303097, 44.8183286], [17.8302789, 44.8183538], [17.8302387, 44.8183756], [17.8302056, 44.8183924], [17.8301724, 44.8184159], [17.8301511, 44.8184411], [17.8301275, 44.8184696], [17.8301085, 44.8184948], [17.8300754, 44.8185284], [17.8300494, 44.8185553], [17.8300162, 44.8185838], [17.8299784, 44.8186123], [17.8299452, 44.8186375], [17.829905, 44.8186577], [17.8296234, 44.8188155], [17.8295784, 44.8188407], [17.829453, 44.8188977], [17.8294104, 44.8189179], [17.8293702, 44.818933], [17.8293347, 44.8189481], [17.8292968, 44.8189649], [17.8292163, 44.8189901], [17.8291311, 44.8190085], [17.8290909, 44.8190119], [17.829053, 44.8190052], [17.8290246, 44.818985], [17.8290081, 44.8189582], [17.8289962, 44.8189279], [17.8289844, 44.8188977], [17.8289726, 44.8188658], [17.8289536, 44.8188373], [17.8289323, 44.8188138], [17.8289063, 44.8187869], [17.8288779, 44.8187584], [17.8288519, 44.8187332], [17.8288282, 44.8187097], [17.8287998, 44.8186829], [17.8287761, 44.8186593], [17.8287548, 44.8186375], [17.8287217, 44.8186107], [17.8286862, 44.8185855], [17.8286507, 44.8185687], [17.8286176, 44.8185519], [17.8285702, 44.8185334], [17.8285347, 44.8185217], [17.8284898, 44.8185049], [17.8284519, 44.8184898], [17.8284164, 44.8184747], [17.8283833, 44.8184562], [17.8283525, 44.8184327], [17.8283288, 44.8184092], [17.8283099, 44.8183824], [17.8281845, 44.8182397], [17.8281561, 44.8182128], [17.82813, 44.8181859], [17.828104, 44.8181608], [17.8280685, 44.8181322], [17.8280354, 44.8181121], [17.8279975, 44.8180936], [17.8279549, 44.8180819], [17.8278981, 44.8180768], [17.8278579, 44.8180886], [17.8278247, 44.8181087], [17.8277916, 44.8181272], [17.8277537, 44.8181507], [17.8277159, 44.8181725], [17.8276851, 44.8181927], [17.8276331, 44.8182178], [17.8275928, 44.8182397], [17.8275644, 44.8182665], [17.8275479, 44.8182984], [17.827536, 44.8183337], [17.8275147, 44.8184008], [17.8275076, 44.8184327], [17.8275076, 44.8184646], [17.8275171, 44.8185032], [17.8275313, 44.8185301], [17.8275455, 44.8185603], [17.8275597, 44.8185905], [17.8275857, 44.8186426], [17.8276473, 44.8187433], [17.8276686, 44.8187668], [17.8276946, 44.818797], [17.8277206, 44.8188272], [17.8277419, 44.8188591], [17.8277514, 44.8188877], [17.8277537, 44.8189229], [17.827749, 44.8189514], [17.8277372, 44.8189884], [17.8277135, 44.8190186], [17.8276828, 44.8190421], [17.8276354, 44.8190589], [17.8275952, 44.8190723], [17.8275573, 44.8190841], [17.8275171, 44.8190958], [17.8274792, 44.8191076], [17.827439, 44.8191176], [17.8273917, 44.8191176], [17.8273514, 44.8191143], [17.8273088, 44.8191143], [17.8272686, 44.8191193], [17.8272284, 44.8191294], [17.8271905, 44.8191445], [17.827155, 44.819163], [17.8271053, 44.8191764], [17.8270461, 44.8191814], [17.8269373, 44.8191798], [17.8268923, 44.8191882], [17.8268473, 44.8191999], [17.8268095, 44.8192117], [17.8267621, 44.8192318], [17.8267124, 44.819257], [17.8266769, 44.8192822], [17.8266556, 44.819309], [17.8266533, 44.8193409], [17.8266485, 44.8193778], [17.8266485, 44.8194064], [17.8266462, 44.8194366], [17.8266367, 44.8195121], [17.8266509, 44.8195424], [17.8266698, 44.8195659], [17.826703, 44.8195827], [17.8267456, 44.819581], [17.8267882, 44.8195877], [17.8268473, 44.8196347], [17.8268852, 44.8196498], [17.826968, 44.8196599], [17.827013, 44.8196599], [17.8270627, 44.8196632], [17.8271171, 44.8196683], [17.8271597, 44.8196767], [17.8271952, 44.8196884], [17.8272284, 44.8197119], [17.8272378, 44.8197404], [17.8272307, 44.819769], [17.8272094, 44.8197942], [17.8271929, 44.8198244], [17.8271739, 44.8198848], [17.8271716, 44.8199134], [17.827181, 44.8199436], [17.8272071, 44.8199688], [17.8272331, 44.8199889], [17.8272355, 44.8200174], [17.8272118, 44.820046], [17.8271834, 44.8200678], [17.8271503, 44.8200896], [17.8271148, 44.8201064], [17.8270722, 44.8201198], [17.8270319, 44.8201266], [17.826987, 44.8201299], [17.8269396, 44.8201417], [17.8268994, 44.8201568], [17.8268592, 44.8201668], [17.8268142, 44.8201719], [17.8267621, 44.8201702], [17.8267243, 44.8201618], [17.8266911, 44.8201333], [17.8266698, 44.8201081], [17.8266462, 44.8200829], [17.826613, 44.820056], [17.8265775, 44.8200342], [17.8265255, 44.8200074], [17.8264758, 44.8199839], [17.8264355, 44.8199738], [17.8263764, 44.8199704], [17.8262935, 44.8199721], [17.8262486, 44.8199755], [17.8262036, 44.8199788], [17.8261563, 44.8199721], [17.8261231, 44.8199503], [17.8261066, 44.8199234], [17.8260995, 44.8198932], [17.8260995, 44.8198647], [17.8261089, 44.8198311], [17.8261208, 44.8198042], [17.8261397, 44.8197791], [17.8261657, 44.8197455], [17.8261799, 44.8197153], [17.8261823, 44.8196867], [17.8261799, 44.8196565], [17.8261539, 44.8196246], [17.8261255, 44.8195994], [17.8260853, 44.8195743], [17.8260403, 44.8195541], [17.8259953, 44.8195407], [17.825948, 44.819539], [17.8258959, 44.8195457], [17.8258486, 44.8195591], [17.8258131, 44.8195743], [17.8257752, 44.8195944], [17.8256688, 44.8196297], [17.8256285, 44.8196397], [17.8255812, 44.8196548], [17.8255386, 44.8196683], [17.825496, 44.8196817], [17.8254558, 44.8196951], [17.8254132, 44.8197018], [17.8253682, 44.8197052], [17.8252759, 44.8197052], [17.8252309, 44.8197035], [17.8251883, 44.8196968], [17.8251363, 44.8196867], [17.8250937, 44.819675], [17.8250487, 44.8196649], [17.8250014, 44.8196548], [17.8249517, 44.8196532], [17.824902, 44.8196532], [17.8248546, 44.8196548], [17.8248097, 44.8196599], [17.8247671, 44.8196733], [17.8247363, 44.8196968], [17.8247079, 44.819722], [17.8246677, 44.8197438], [17.8246251, 44.8197572], [17.8245801, 44.8197707], [17.8245351, 44.8197858], [17.8244925, 44.8198076], [17.8244618, 44.8198345], [17.8244357, 44.8198647], [17.8244239, 44.8198932], [17.8244263, 44.8199301], [17.8244452, 44.8199671], [17.8244618, 44.819999], [17.8244736, 44.8200611], [17.8244831, 44.8201031], [17.8244925, 44.8201769], [17.8244925, 44.8203146], [17.8244973, 44.8203448], [17.8244973, 44.8204069], [17.8244736, 44.8204388], [17.8244357, 44.8204606], [17.8243884, 44.8204757], [17.8243411, 44.8204858], [17.8242985, 44.8204908], [17.8242417, 44.8204908], [17.8241943, 44.8204774], [17.8241612, 44.8204489], [17.8241375, 44.8204203], [17.8241304, 44.8203918], [17.8241257, 44.8203616], [17.8241257, 44.8203297], [17.8241352, 44.8202944], [17.8241423, 44.8202676], [17.824147, 44.820234], [17.824147, 44.8202004], [17.8241446, 44.8201702], [17.8241375, 44.8201366], [17.824121, 44.8201047], [17.8240997, 44.8200762], [17.8240831, 44.8200527], [17.8240571, 44.8200309], [17.8240239, 44.8200124], [17.8239813, 44.8200074], [17.8239387, 44.820009], [17.8238985, 44.8200191], [17.8238512, 44.8200325], [17.8238086, 44.8200493], [17.8237542, 44.8200762], [17.8237187, 44.8201014], [17.823695, 44.8201249], [17.8236619, 44.8201635], [17.8236335, 44.8202021], [17.8236193, 44.820239], [17.8236051, 44.820281], [17.8235909, 44.8203162], [17.8235151, 44.8204153], [17.8235009, 44.8204421], [17.8234891, 44.820469], [17.8234702, 44.8204992], [17.823456, 44.8205278], [17.8234228, 44.8205529], [17.8233755, 44.8205714], [17.8233376, 44.8205832], [17.8232974, 44.8205932], [17.8232524, 44.8205999], [17.8232075, 44.8206067], [17.8231483, 44.8206151], [17.8231057, 44.8206234], [17.8230584, 44.8206369], [17.8230205, 44.8206469], [17.8229803, 44.8206621], [17.8229448, 44.8206788], [17.8228572, 44.8207208], [17.8228122, 44.820741], [17.8227602, 44.8207544], [17.8227152, 44.8207678], [17.8226797, 44.820788], [17.8226537, 44.8208165], [17.8226395, 44.820845], [17.8226253, 44.8208904], [17.8225969, 44.8210666], [17.8225921, 44.8210985], [17.8225921, 44.821164], [17.8225969, 44.8212026], [17.8226087, 44.8212378], [17.8226229, 44.8212714], [17.8226371, 44.8213], [17.8226513, 44.8213268], [17.822675, 44.8213856], [17.8226726, 44.8214275], [17.8226679, 44.8214611], [17.8226489, 44.8215148], [17.8226253, 44.821545], [17.8225921, 44.8215719], [17.8225353, 44.8216038], [17.8224241, 44.8216558], [17.8223957, 44.8216827], [17.8223957, 44.8217129], [17.8224123, 44.8217498], [17.8224288, 44.8217801], [17.8224478, 44.8218052], [17.8224762, 44.8218371], [17.8225117, 44.821864], [17.8225401, 44.8218841], [17.8225779, 44.8219026], [17.8226182, 44.821916], [17.8226584, 44.8219227], [17.8226986, 44.8219295], [17.8227389, 44.8219328], [17.8227815, 44.8219446], [17.8228028, 44.8219731], [17.8227838, 44.822005], [17.822746, 44.8220201], [17.8227081, 44.8220318], [17.8226679, 44.822047], [17.8226324, 44.8220621], [17.8225898, 44.8220822], [17.8225543, 44.822099], [17.8225117, 44.8221141], [17.8224691, 44.8221309], [17.8224241, 44.8221393], [17.8223768, 44.8221443], [17.8223247, 44.822141], [17.8222774, 44.8221292], [17.8222348, 44.8221107], [17.8221945, 44.822094], [17.8221496, 44.8220705], [17.8221022, 44.8220537], [17.822062, 44.8220369], [17.8220218, 44.8220235], [17.8219579, 44.8220016], [17.8219082, 44.8219899], [17.8218727, 44.8219798], [17.8218301, 44.8219681], [17.8217757, 44.8219546], [17.821726, 44.8219412], [17.8216692, 44.8219261], [17.8216076, 44.8219093], [17.8215603, 44.8218959], [17.8215106, 44.8218774], [17.821468, 44.8218623], [17.8214301, 44.8218455], [17.8213449, 44.8218052], [17.8213071, 44.8217901], [17.8212645, 44.8217784], [17.8212124, 44.8217683], [17.8211556, 44.8217599], [17.8211083, 44.8217515], [17.8210609, 44.8217431], [17.8210207, 44.821733], [17.8209828, 44.821723], [17.8209473, 44.8217062], [17.820926, 44.8216827], [17.8209213, 44.8216525], [17.8209402, 44.8216189], [17.8209663, 44.821592], [17.8209994, 44.8215635], [17.8210278, 44.8215383], [17.8210491, 44.8215115], [17.8210657, 44.8214863], [17.8210775, 44.8214577], [17.8210846, 44.8214275], [17.8211083, 44.8212983], [17.8211225, 44.8212395], [17.8211201, 44.8212093], [17.8211083, 44.8211791], [17.8210964, 44.8211506], [17.8210751, 44.8211287], [17.8210467, 44.8211103], [17.8210136, 44.8210918], [17.8209757, 44.8210767], [17.8209308, 44.8210599], [17.8208953, 44.8210431], [17.8208621, 44.8210297], [17.8208243, 44.8210163], [17.820784, 44.8210028], [17.8207391, 44.8209911], [17.8206988, 44.820981], [17.8206065, 44.8209709], [17.8205639, 44.8209743], [17.8205284, 44.8209877], [17.8204811, 44.8209995], [17.8204409, 44.8210028], [17.8203888, 44.8210028], [17.8203344, 44.8210062], [17.8202941, 44.8210129], [17.8202468, 44.821028], [17.8202089, 44.8210482], [17.8201876, 44.8210733], [17.8201687, 44.8211002], [17.8201379, 44.8211304], [17.8200882, 44.8211472], [17.8200433, 44.8211589], [17.8199936, 44.8211707], [17.8199463, 44.8211824], [17.8199084, 44.8211959], [17.8198611, 44.8212211], [17.8198232, 44.8212429], [17.8197877, 44.8212697], [17.8197451, 44.8212916], [17.819712, 44.8213083], [17.8196741, 44.8213251], [17.8196481, 44.821352], [17.8196339, 44.8213805], [17.8196244, 44.8214158], [17.819622, 44.821451], [17.8195652, 44.8217062], [17.8195652, 44.8217381], [17.8195676, 44.821775], [17.8195771, 44.8218052], [17.819596, 44.8218338], [17.8196173, 44.8218589], [17.8196362, 44.8218858], [17.8196575, 44.8219194], [17.8196788, 44.8219496], [17.8196978, 44.8219781], [17.8197167, 44.8220067], [17.8197333, 44.8220369], [17.8197498, 44.8220637], [17.8197711, 44.8220906], [17.8198019, 44.8221091], [17.819835, 44.8221225], [17.8198729, 44.8221342], [17.8199344, 44.822146], [17.8199723, 44.8221527], [17.8200054, 44.8221661], [17.8200409, 44.8221913], [17.8200575, 44.8222182], [17.8200622, 44.8222518], [17.8200551, 44.8222803], [17.8200362, 44.8223139], [17.8200078, 44.8223508], [17.8199841, 44.822376], [17.8199297, 44.8224633], [17.819925, 44.8224918], [17.819925, 44.8225908], [17.8199202, 44.8226227], [17.8199108, 44.8226513], [17.8198966, 44.8226832], [17.819854, 44.8227352], [17.8198232, 44.8227637], [17.8197924, 44.8227872], [17.8197569, 44.8228091], [17.8197238, 44.8228258], [17.8196836, 44.822841], [17.819641, 44.822851], [17.8195984, 44.8228527], [17.8195534, 44.8228477], [17.8195155, 44.8228326], [17.8195013, 44.8228057], [17.8194942, 44.8227721], [17.8194895, 44.8227436], [17.81948, 44.8227167], [17.8194611, 44.8226832], [17.8194422, 44.8226496], [17.819428, 44.8226244], [17.8194161, 44.8225908], [17.819409, 44.822564], [17.8193925, 44.8225287], [17.8193712, 44.8225019], [17.8193499, 44.8224784], [17.8193191, 44.8224482], [17.8192954, 44.8224247], [17.8192647, 44.8223978], [17.8192292, 44.8223693], [17.8192031, 44.8223458], [17.8191724, 44.8223206], [17.8191463, 44.8222937], [17.8191274, 44.8222669], [17.8191132, 44.8222383], [17.8191061, 44.8222081], [17.8190966, 44.8221812], [17.8190848, 44.822151], [17.8190659, 44.8221208], [17.8190422, 44.8220956], [17.8190185, 44.8220738], [17.8189925, 44.8220503], [17.8189712, 44.8220167], [17.8189475, 44.8219865], [17.8189191, 44.8219613], [17.8188884, 44.8219378], [17.81886, 44.8219143], [17.8188245, 44.8218976], [17.8187819, 44.8218925], [17.8187298, 44.8218925], [17.8186825, 44.8219076], [17.8186422, 44.8219278], [17.8186044, 44.8219429], [17.8185357, 44.8219899], [17.8184979, 44.8220167], [17.8184624, 44.8220369], [17.8184174, 44.8220671], [17.8183559, 44.8221107], [17.8183251, 44.8221393], [17.818273, 44.822193], [17.8182423, 44.8222165], [17.8181973, 44.8222417], [17.8181263, 44.8222769], [17.8180932, 44.8222954], [17.818053, 44.8223189], [17.8180175, 44.822339], [17.8179701, 44.8223676], [17.8179394, 44.8223911], [17.8179181, 44.8224196], [17.8178944, 44.8224616], [17.8178849, 44.8225035], [17.8178802, 44.8225354], [17.8178707, 44.822569], [17.8178589, 44.8225975], [17.81784, 44.8226294], [17.8178329, 44.822658], [17.8178305, 44.8226916], [17.8178542, 44.8227218], [17.8178826, 44.8227436], [17.8179299, 44.8227671], [17.8179678, 44.8227839], [17.8180104, 44.822804], [17.8180482, 44.8228208], [17.8180884, 44.8228426], [17.818131, 44.8228594], [17.8181713, 44.8228712], [17.8182162, 44.8228796], [17.8182636, 44.8228829], [17.8183677, 44.8228846], [17.8184103, 44.8228863], [17.8185002, 44.8228863], [17.818531, 44.8229081], [17.8185334, 44.82294], [17.818531, 44.8229769], [17.8185144, 44.8230105], [17.818486, 44.8230407], [17.8184482, 44.8230676], [17.8184056, 44.8230894], [17.8183701, 44.8231062], [17.818318, 44.8231112], [17.8182778, 44.8231129], [17.8182281, 44.8231129], [17.8181784, 44.8231011], [17.8181263, 44.8230894], [17.8180648, 44.8230642], [17.8180293, 44.8230474], [17.8179962, 44.823029], [17.8179512, 44.8230088], [17.817911, 44.8229971], [17.8178565, 44.8229803], [17.8178092, 44.8229685], [17.8177666, 44.8229635], [17.8177311, 44.8229786], [17.8176601, 44.8230424], [17.8176388, 44.8230676], [17.8176057, 44.8231011], [17.8175489, 44.8231549], [17.8175134, 44.8231817], [17.8174779, 44.8232002], [17.8174305, 44.8232203], [17.8173903, 44.8232522], [17.8173761, 44.8232807], [17.8173737, 44.8233277], [17.8173856, 44.8233596], [17.8174045, 44.8233899], [17.8174282, 44.823415], [17.8174589, 44.8234385], [17.8174921, 44.8234536], [17.8175394, 44.8234704], [17.8175749, 44.8234839], [17.8176128, 44.8235023], [17.8176601, 44.8235241], [17.8177027, 44.823546], [17.8177382, 44.8235678], [17.8178116, 44.8236047], [17.8178045, 44.8236416], [17.8177737, 44.8236702], [17.8177335, 44.8236819], [17.8176861, 44.823687], [17.8175773, 44.823687], [17.8175276, 44.8236853], [17.8174731, 44.8236836], [17.8174234, 44.8236803], [17.8173808, 44.8236719], [17.8173335, 44.8236568], [17.8172862, 44.8236299], [17.8172459, 44.8235946], [17.8172199, 44.8235711], [17.8171939, 44.8235409], [17.8171489, 44.8234872], [17.8171252, 44.823462], [17.8170992, 44.8234335], [17.8170732, 44.8233932], [17.8170211, 44.823316], [17.8169998, 44.8232724], [17.8169832, 44.8232337], [17.816943, 44.8231716], [17.8169217, 44.8231431], [17.8169004, 44.8231162], [17.8168649, 44.8230844], [17.8168365, 44.8230592], [17.8167963, 44.8230306], [17.8167631, 44.8230122], [17.8167205, 44.8229887], [17.8166708, 44.8229635], [17.8166259, 44.8229383], [17.8165904, 44.8229198], [17.8165407, 44.8228997], [17.8164839, 44.8228745], [17.816446, 44.8228594], [17.8163987, 44.8228342], [17.816304, 44.8227587], [17.8162827, 44.8227352], [17.8162614, 44.8227083], [17.8162188, 44.8226412], [17.8162046, 44.8226127], [17.8161951, 44.8225556], [17.8161691, 44.8224935], [17.8161573, 44.8224633], [17.8161313, 44.8224011], [17.8161218, 44.8223726], [17.81611, 44.822339], [17.8161029, 44.8223055], [17.8160981, 44.8222669], [17.8160981, 44.8222366], [17.8161029, 44.8221645], [17.8161029, 44.8220906], [17.8161076, 44.8220251], [17.8161076, 44.8219949], [17.81611, 44.8219681], [17.8161052, 44.8219362], [17.816091, 44.8219043], [17.8160697, 44.8218673], [17.8160508, 44.8218321], [17.8160295, 44.8218069], [17.8160035, 44.8217717], [17.8159751, 44.8217482], [17.8159301, 44.8217515], [17.8158828, 44.8217683], [17.8158449, 44.8217851], [17.815807, 44.8218019], [17.8157668, 44.8218187], [17.8157266, 44.8218287], [17.8156461, 44.8218455], [17.8156082, 44.8218657], [17.8155798, 44.8219009], [17.8155656, 44.8219278], [17.8155491, 44.8219647], [17.8155396, 44.8219966], [17.8155325, 44.8220268], [17.8155325, 44.8221024], [17.8155396, 44.8221426], [17.815542, 44.8221779], [17.815542, 44.8222484], [17.8155396, 44.822282], [17.8155254, 44.8223155], [17.8154899, 44.8223609], [17.8154591, 44.8223844], [17.8154236, 44.8224146], [17.8153834, 44.8224431], [17.8153479, 44.82247], [17.8153077, 44.8225035], [17.8152201, 44.8225623], [17.8151846, 44.8225892], [17.8151349, 44.8226244], [17.8150828, 44.822663], [17.8150473, 44.8226949], [17.8150071, 44.8227335], [17.8149834, 44.8227604], [17.8149479, 44.8228091], [17.8149266, 44.822841], [17.8148959, 44.8229131], [17.8148935, 44.8229433], [17.8148935, 44.8229803], [17.814903, 44.823133], [17.8149124, 44.8232035], [17.8149219, 44.8232421], [17.8149361, 44.8232791], [17.8149456, 44.823321], [17.8149456, 44.8233596], [17.8149408, 44.8233882], [17.814929, 44.8234167], [17.814903, 44.8234469], [17.8148698, 44.8234654], [17.8148272, 44.8234822], [17.8147775, 44.8234973], [17.8147231, 44.8235057], [17.8146545, 44.8235124], [17.8146119, 44.8235124], [17.8145669, 44.8235074], [17.8145101, 44.823499], [17.8144722, 44.8234889], [17.8144344, 44.8234771], [17.8143823, 44.8234553], [17.8143468, 44.8234369], [17.814316, 44.8234184], [17.8142876, 44.8233949], [17.814264, 44.8233647], [17.814245, 44.8233294], [17.8142403, 44.8232858], [17.8142403, 44.8232505], [17.8142474, 44.8232186], [17.8142545, 44.82318], [17.8142592, 44.8231465], [17.8142592, 44.8231079], [17.8142474, 44.8230642], [17.814219, 44.823034], [17.8141859, 44.8230105], [17.8141386, 44.8229887], [17.8140889, 44.8229752], [17.8140226, 44.8229652], [17.8139303, 44.8229652], [17.8138806, 44.8229736], [17.8138309, 44.8229853], [17.8137623, 44.8230189], [17.8137197, 44.8230424], [17.8136842, 44.8230625], [17.8136558, 44.8230894], [17.813625, 44.8231162], [17.813599, 44.8231448], [17.8135777, 44.8231767], [17.8135635, 44.8232102], [17.813554, 44.8232438], [17.813554, 44.8232807], [17.8135516, 44.823316], [17.8135611, 44.8233563], [17.8135777, 44.8233966], [17.8135966, 44.8234251], [17.8136534, 44.8235258], [17.8136652, 44.8235577], [17.8136842, 44.8235863], [17.813696, 44.8236148], [17.8137126, 44.8236416], [17.8137291, 44.8236668], [17.8137433, 44.8236937], [17.8137504, 44.8237256], [17.8137433, 44.8237558], [17.8137197, 44.8237827], [17.81367, 44.8237944], [17.8136226, 44.8237944], [17.8135753, 44.8237827], [17.8135232, 44.8237541], [17.8134948, 44.8237289], [17.8134735, 44.823697], [17.8134593, 44.8236668], [17.813438, 44.8236299], [17.8134167, 44.8235946], [17.8133931, 44.8235594], [17.8133765, 44.8235325], [17.8133576, 44.8235074], [17.8133386, 44.8234771], [17.8133102, 44.8234369], [17.8132866, 44.82341], [17.8132558, 44.8233848], [17.8132179, 44.823368], [17.8131682, 44.823363], [17.8131043, 44.8233647], [17.8130475, 44.8233714], [17.8129931, 44.8233831], [17.8129552, 44.8233932], [17.8129055, 44.8234134], [17.81287, 44.8234301], [17.8128345, 44.8234553], [17.8127896, 44.8234906], [17.8127659, 44.8235174], [17.8127375, 44.823551], [17.8127186, 44.8235779], [17.8126996, 44.8236232], [17.8126925, 44.8236534], [17.8126854, 44.8236836], [17.8126854, 44.8237239], [17.8126878, 44.8237726], [17.8126949, 44.8238078], [17.8127091, 44.8238548], [17.8127304, 44.8239069], [17.8128038, 44.8240076], [17.8128274, 44.8240361], [17.8128511, 44.8242023], [17.8128724, 44.8242543], [17.8128913, 44.824298], [17.8129055, 44.8243366], [17.8129363, 44.8244339], [17.8129505, 44.8244809], [17.8129647, 44.8245649], [17.8129718, 44.8246538], [17.8129718, 44.8246924], [17.8129694, 44.8247411], [17.8129623, 44.8247747], [17.8129529, 44.8248133], [17.8129387, 44.8248586], [17.8129197, 44.8248955], [17.8129008, 44.8249274], [17.8128819, 44.8249577], [17.8127825, 44.8251305], [17.8127635, 44.8251608], [17.8127209, 44.8252162], [17.8126925, 44.825238], [17.8126523, 44.8252581], [17.8126002, 44.8252783], [17.8125434, 44.825295], [17.8124914, 44.8253068], [17.8124511, 44.8253102], [17.8124038, 44.8253068], [17.8123612, 44.8252984], [17.8123186, 44.825285], [17.8122713, 44.8252699], [17.8122287, 44.825248], [17.8121861, 44.8252145], [17.8121553, 44.8251759], [17.8121364, 44.8251473], [17.8121198, 44.8251205], [17.8121033, 44.8250835], [17.812082, 44.8250483], [17.8120583, 44.8250114], [17.8120204, 44.8249728], [17.8119897, 44.8249425], [17.8119329, 44.8248955], [17.8118997, 44.8248754], [17.8118666, 44.8248519], [17.8118264, 44.8248284], [17.8117861, 44.8248099], [17.8117388, 44.8247915], [17.8117009, 44.824778], [17.8116039, 44.8247478], [17.8115566, 44.8247344], [17.8115092, 44.8247227], [17.811469, 44.8247159], [17.8114146, 44.8247143], [17.8113696, 44.8247193], [17.8112844, 44.8247478], [17.811256, 44.824768], [17.8112276, 44.8247965], [17.8112016, 44.824862], [17.8111874, 44.824909], [17.8111874, 44.8249711], [17.8111945, 44.825003], [17.8112063, 44.8250399], [17.8112205, 44.8250735], [17.8112394, 44.825107], [17.8112702, 44.8251423], [17.811301, 44.8251692], [17.8113317, 44.8251943], [17.8113625, 44.8252195], [17.8114075, 44.8252464], [17.8114477, 44.8252648], [17.8114832, 44.8252799], [17.8115376, 44.8253018], [17.811585, 44.8253185], [17.8116228, 44.8253337], [17.8116725, 44.8253555], [17.8117128, 44.8253756], [17.8117506, 44.8253974], [17.8117956, 44.8254293], [17.8118358, 44.8254646], [17.8118619, 44.8254914], [17.8118855, 44.82553], [17.8118997, 44.8255686], [17.8119068, 44.8256156], [17.811895, 44.8256677], [17.8118619, 44.8257466], [17.8118429, 44.825807], [17.8118382, 44.8258406], [17.8118477, 44.8258708], [17.8118619, 44.8259077], [17.8118642, 44.825943], [17.8118477, 44.8259715], [17.8118406, 44.8260034], [17.8118406, 44.8260353], [17.8118477, 44.8260672], [17.8118524, 44.8261041], [17.8118524, 44.8261461], [17.81185, 44.826183], [17.8118453, 44.8262149], [17.8118453, 44.8262518], [17.8118524, 44.8262955], [17.8118619, 44.826324], [17.8118832, 44.8263609], [17.8119139, 44.8263928], [17.8119447, 44.8264163], [17.8119731, 44.8264348], [17.8120133, 44.8264448], [17.8120559, 44.8264465], [17.8121009, 44.8264381], [17.8121364, 44.8264213], [17.812224, 44.8263811], [17.8122618, 44.8263592], [17.8123091, 44.826329], [17.812347, 44.8263072], [17.8123849, 44.8262938], [17.812418, 44.826282], [17.812463, 44.8262736], [17.8125127, 44.8262787], [17.8125505, 44.8262988], [17.8125766, 44.826329], [17.8125908, 44.8263693], [17.8125908, 44.8264113], [17.812586, 44.8264398], [17.8125695, 44.8264751], [17.8125434, 44.8265137], [17.8125079, 44.8265388], [17.8124582, 44.8265556], [17.8124085, 44.826564], [17.8123257, 44.8265791], [17.8122879, 44.8265942], [17.8122642, 44.8266328], [17.8122571, 44.8266748], [17.8122547, 44.8267084], [17.8122382, 44.8267386], [17.8121979, 44.8267755], [17.8121624, 44.8267889], [17.8121127, 44.8268024], [17.8120536, 44.8268192], [17.8120204, 44.8268376], [17.8118619, 44.826945], [17.8118193, 44.8269904], [17.8117767, 44.8270457], [17.8117483, 44.827076], [17.8116915, 44.8271045], [17.8115897, 44.8271431], [17.81154, 44.8271616], [17.8114927, 44.82718], [17.8114359, 44.8272018], [17.8113885, 44.8272203], [17.8113483, 44.8272421], [17.8112749, 44.8272925], [17.8112394, 44.8273244], [17.8112276, 44.8273613], [17.8112347, 44.8273932], [17.811256, 44.8274268], [17.8112868, 44.827457], [17.8113483, 44.8274939], [17.8113956, 44.8275208], [17.8114335, 44.8275375], [17.8115187, 44.8275862], [17.8115495, 44.8276064], [17.8115755, 44.8276282], [17.8116015, 44.82765], [17.8116181, 44.8276752], [17.8116205, 44.8277071], [17.8115873, 44.8277306], [17.81154, 44.8277373], [17.8114903, 44.827739], [17.8114027, 44.8277289], [17.811353, 44.8277205], [17.8113104, 44.8277088], [17.8112418, 44.8276953], [17.8111897, 44.8276853], [17.8111424, 44.8276769], [17.8110927, 44.8276668], [17.8110501, 44.8276618], [17.8109957, 44.8276601], [17.8109436, 44.8276601], [17.8108939, 44.8276685], [17.8108489, 44.8276802], [17.8108016, 44.827702], [17.8107637, 44.8277323], [17.8107259, 44.8277625], [17.8106904, 44.8277876], [17.8106501, 44.8278061], [17.8106099, 44.8278229], [17.8105507, 44.8278497], [17.8105152, 44.8278783], [17.8104868, 44.8279051], [17.8104608, 44.8279286], [17.8103354, 44.8280646], [17.8103188, 44.8280914], [17.8102999, 44.8281384], [17.8102857, 44.828177], [17.8102739, 44.828214], [17.8102715, 44.828271], [17.8102739, 44.8283046], [17.8102881, 44.8283432], [17.8103188, 44.8283919], [17.8103472, 44.8284154], [17.8103827, 44.8284422], [17.8104277, 44.8284708], [17.8104632, 44.8284859], [17.8105081, 44.8285027], [17.8105413, 44.8285144], [17.8105981, 44.8285245], [17.810643, 44.8285278], [17.8107401, 44.8285278], [17.8107803, 44.8285245], [17.8108229, 44.8285211], [17.8108773, 44.8285144], [17.8109412, 44.828506], [17.8110312, 44.8284926], [17.811114, 44.8284808], [17.8111874, 44.8284725], [17.8112323, 44.8284691], [17.8112962, 44.8284674], [17.8114051, 44.8284674], [17.8114619, 44.8284725], [17.8115708, 44.8284842], [17.8116228, 44.8284842], [17.8116962, 44.8284775], [17.8117885, 44.8284708], [17.8118287, 44.8284607], [17.8118808, 44.8284288], [17.8119092, 44.8284087], [17.8119447, 44.8283768], [17.8119778, 44.8283432], [17.8120039, 44.828318], [17.8120346, 44.8282979], [17.8120843, 44.8282929], [17.8121222, 44.8282929], [17.8121695, 44.8283113], [17.8122003, 44.8283315], [17.8122216, 44.828365], [17.8122382, 44.828402], [17.8122618, 44.8285312], [17.8122666, 44.8285698], [17.8122713, 44.8286151], [17.8122737, 44.8286537], [17.8122737, 44.8286856], [17.8122689, 44.8287209], [17.8122476, 44.8287628], [17.8122145, 44.8287964], [17.8121814, 44.8288199], [17.8121459, 44.8288417], [17.812108, 44.8288652], [17.8120843, 44.8288904], [17.8120678, 44.8289206], [17.8120583, 44.8289508], [17.8120394, 44.8289877], [17.8120133, 44.829018], [17.8119778, 44.8290364], [17.8119329, 44.8290448], [17.8118926, 44.8290465], [17.8118406, 44.8290415], [17.8117838, 44.829023], [17.8117459, 44.8290028], [17.8116962, 44.8289777], [17.8116418, 44.8289559], [17.8116039, 44.8289441], [17.8115424, 44.8289307], [17.8115021, 44.828924], [17.8114501, 44.8289189], [17.8113956, 44.8289139], [17.8113483, 44.8289122], [17.8112939, 44.8289122], [17.8112394, 44.8289172], [17.8111968, 44.8289256], [17.8111282, 44.8289441], [17.8110619, 44.8289592], [17.811017, 44.8289726], [17.8109933, 44.8290028], [17.8109744, 44.8290532], [17.8109625, 44.8290884], [17.8109507, 44.8291153], [17.8109365, 44.8291489], [17.8109247, 44.8291841], [17.8108324, 44.8293469], [17.8108229, 44.8294124], [17.8108182, 44.8294493], [17.8108063, 44.8294997], [17.8108063, 44.8295685], [17.8108087, 44.829602], [17.8108418, 44.8296507], [17.8109105, 44.8297111], [17.8109625, 44.8297514], [17.810998, 44.8297749], [17.8110501, 44.8297984], [17.811088, 44.8298102], [17.8111542, 44.8298219], [17.8112442, 44.829837], [17.8112986, 44.8298488], [17.8113507, 44.8298622], [17.8113933, 44.8298756], [17.8114335, 44.8298907], [17.8114808, 44.8299008], [17.8116725, 44.8299159], [17.811727, 44.8299226], [17.8118311, 44.8299377], [17.8119187, 44.8299562], [17.8119613, 44.8299747], [17.8119991, 44.8300133], [17.812011, 44.8300401], [17.8120133, 44.8300804], [17.8119968, 44.8301156], [17.8119518, 44.8301526], [17.8119021, 44.8301929], [17.8118619, 44.8302365], [17.8118453, 44.8302701], [17.8118429, 44.8303087], [17.8118453, 44.830359], [17.8118406, 44.830401], [17.8118169, 44.8304312], [17.8117719, 44.8304564], [17.8117128, 44.8304765], [17.8116702, 44.8304832], [17.8116299, 44.8304899], [17.8115731, 44.8304966], [17.8115258, 44.8304983], [17.8114548, 44.8305], [17.8114027, 44.8304933], [17.8113436, 44.8304799], [17.8112915, 44.8304597], [17.8112584, 44.8304345], [17.8112158, 44.830401], [17.8111708, 44.8303808], [17.8111187, 44.830364], [17.8110406, 44.8303489], [17.8109838, 44.8303439], [17.8109128, 44.8303389], [17.8108702, 44.8303305], [17.81083, 44.8303154], [17.8107874, 44.8302969], [17.8107495, 44.8302751], [17.8107022, 44.8302466], [17.8106217, 44.8302147], [17.8105626, 44.8301929], [17.8105105, 44.8301777], [17.8104395, 44.830166], [17.8103922, 44.8301626], [17.8103401, 44.8301677], [17.8102881, 44.8301861], [17.8102407, 44.8302063], [17.810191, 44.8302315], [17.8101603, 44.8302701], [17.8101129, 44.8303271], [17.8100798, 44.8304245], [17.8100869, 44.8304916], [17.8101011, 44.8305386], [17.8101319, 44.8306343], [17.8101437, 44.8306695], [17.8101532, 44.8307064], [17.8101532, 44.8307769], [17.810139, 44.8308105], [17.8100869, 44.8308223], [17.8100396, 44.8308206], [17.8100064, 44.8308004], [17.8099662, 44.8307534], [17.8099402, 44.8307165], [17.8099141, 44.8306897], [17.8098479, 44.8306208], [17.8097792, 44.8305705], [17.809694, 44.8305101], [17.8096491, 44.8304799], [17.8095994, 44.8304513], [17.8095591, 44.8304312], [17.8095165, 44.8304077], [17.8094692, 44.8303859], [17.8094195, 44.8303691], [17.8093248, 44.8303489], [17.8092775, 44.8303439], [17.8092349, 44.8303439], [17.8091828, 44.8303422], [17.8091166, 44.8303456], [17.809074, 44.830354], [17.8089982, 44.8303708], [17.808932, 44.8303943], [17.8088823, 44.830411], [17.8088373, 44.8304295], [17.8087923, 44.8304547], [17.8087616, 44.8304832], [17.8087213, 44.8305134], [17.8086929, 44.830542], [17.8086456, 44.830599], [17.8086196, 44.8306427], [17.8086006, 44.8306796], [17.8085817, 44.8307148], [17.8085509, 44.8307501], [17.8085178, 44.8307719], [17.8084752, 44.8307853], [17.8084232, 44.8307803], [17.8083924, 44.8307602], [17.808364, 44.8307316], [17.8083498, 44.8306477], [17.8083285, 44.8306208], [17.8082906, 44.8305688], [17.8082741, 44.8305352], [17.8082599, 44.8305017], [17.8082551, 44.8304631], [17.8082551, 44.8304278], [17.8082528, 44.8303909], [17.8082315, 44.8303422], [17.8082125, 44.8303103], [17.8081912, 44.8302818], [17.8081676, 44.8302516], [17.8081368, 44.8302315], [17.8080682, 44.830208], [17.8080208, 44.8301979], [17.8079782, 44.8301912], [17.807938, 44.8301895], [17.8078859, 44.8301945], [17.8078457, 44.8302164], [17.8078197, 44.8302566], [17.8078007, 44.8303087], [17.8077865, 44.8303506], [17.8077581, 44.8303959], [17.8077297, 44.8304278], [17.8077061, 44.830453], [17.80768, 44.8304815], [17.8076587, 44.8305101], [17.8076445, 44.8305453], [17.8076445, 44.8305973], [17.8076493, 44.8306729], [17.8076493, 44.8307081], [17.8076445, 44.8307518], [17.8076209, 44.830787], [17.8075593, 44.8308155], [17.8075025, 44.8308306], [17.8074481, 44.8308357], [17.807325, 44.8308357], [17.8072753, 44.830834], [17.8072256, 44.8308592], [17.8071925, 44.8308944], [17.8071759, 44.830928], [17.807157, 44.8309767], [17.8071546, 44.8310069], [17.8071665, 44.8310472], [17.8072091, 44.8310925], [17.8072398, 44.8311126], [17.8072919, 44.8311395], [17.8073132, 44.8311563], [17.8073558, 44.831173], [17.8073937, 44.8312066], [17.807415, 44.8312318], [17.8074244, 44.831267], [17.8074244, 44.8313073], [17.8074079, 44.8313409], [17.8073818, 44.8313728], [17.8073345, 44.8314147], [17.807299, 44.8314449], [17.8072611, 44.8314735], [17.8072162, 44.8314936], [17.8071665, 44.8315154], [17.8071144, 44.8315406], [17.8070765, 44.8315607], [17.8070387, 44.8315859], [17.8070008, 44.8316161], [17.8069606, 44.8316497], [17.8069298, 44.8316782], [17.806899, 44.8317051], [17.8068659, 44.8317319], [17.8068328, 44.8317554], [17.8067925, 44.8317806], [17.8067428, 44.8318125], [17.8066908, 44.8318393], [17.8065843, 44.8318897], [17.8065251, 44.8319132], [17.8064825, 44.8319233], [17.8064423, 44.8319249], [17.806395, 44.8319182], [17.8063571, 44.8319065], [17.8063263, 44.8318813], [17.806305, 44.8318461], [17.8062979, 44.8318091], [17.8062956, 44.8317789], [17.8062956, 44.8315893], [17.8062932, 44.8315607], [17.806279, 44.8314651], [17.8062814, 44.8314181], [17.8062979, 44.8313694], [17.8063192, 44.8313241], [17.8063382, 44.8312838], [17.8063571, 44.8312469], [17.8063618, 44.83122], [17.8063642, 44.8311797], [17.8063689, 44.8311344], [17.8063784, 44.8310069], [17.8063831, 44.8309649], [17.8063808, 44.8309263], [17.8063666, 44.8308978], [17.8063476, 44.8308676], [17.806324, 44.8308407], [17.8062885, 44.8308055], [17.8062695, 44.8307753], [17.806253, 44.8307299], [17.8062411, 44.8306947], [17.8062198, 44.8306594], [17.806182, 44.8306259], [17.8061394, 44.830594], [17.8060802, 44.8305537], [17.8060494, 44.8305302], [17.8060139, 44.8305151], [17.8059666, 44.8305034], [17.805898, 44.8305], [17.8056968, 44.8305017], [17.8056542, 44.8305067], [17.8056092, 44.8305201], [17.805569, 44.8305436], [17.8055051, 44.8306007], [17.8054767, 44.8306309], [17.8054507, 44.8306544], [17.8054152, 44.8306897], [17.8053891, 44.8307383], [17.805382, 44.8307786], [17.805382, 44.8308155], [17.8053986, 44.8308592], [17.805427, 44.8308911], [17.8054791, 44.830933], [17.8055193, 44.8309666], [17.8055643, 44.8310119], [17.805595, 44.8310505], [17.805614, 44.8310908], [17.8056305, 44.8311344], [17.8056305, 44.831173], [17.8056211, 44.8312032], [17.8055761, 44.8312821], [17.8055311, 44.8313493], [17.8054672, 44.8314433], [17.8054341, 44.8315473], [17.8054341, 44.8316195], [17.8054412, 44.8316631], [17.805453, 44.8316967], [17.8054649, 44.831737], [17.8054791, 44.8317705], [17.8054956, 44.8318159], [17.8055051, 44.8318612], [17.8055051, 44.8318897], [17.8054956, 44.8319199], [17.8054625, 44.8319652], [17.8054365, 44.8319921], [17.8054057, 44.8320189], [17.8053655, 44.8320525], [17.8053276, 44.8320827], [17.805285, 44.8321163], [17.8052187, 44.8321834], [17.8051998, 44.8322086], [17.8051974, 44.8322405], [17.8052116, 44.8322724], [17.8052282, 44.8323043], [17.8052542, 44.8323361], [17.8052897, 44.8323596], [17.8053371, 44.8323882], [17.8053726, 44.832405], [17.8055027, 44.8324268], [17.8055548, 44.8324352], [17.8056329, 44.8324419], [17.8057157, 44.832462], [17.8057583, 44.8324788], [17.8057938, 44.8324905], [17.8058435, 44.8325157], [17.805898, 44.8325443], [17.8059358, 44.8325661], [17.8059784, 44.8325946], [17.8060258, 44.8326332], [17.8060518, 44.8326617], [17.8060684, 44.832702], [17.8060707, 44.8327389], [17.8060518, 44.8327792], [17.8060234, 44.8328061], [17.8059713, 44.8328464], [17.8059193, 44.8328766], [17.8058743, 44.8328933], [17.8058151, 44.8329034], [17.8057512, 44.8328984], [17.8056944, 44.8328866], [17.8056353, 44.8328715], [17.8055903, 44.8328581], [17.8055311, 44.832838], [17.8054601, 44.8328161], [17.8053962, 44.8327977], [17.8053252, 44.8327809], [17.8052708, 44.8327708], [17.8051572, 44.8327658], [17.8051004, 44.8327675], [17.8050341, 44.8327742], [17.8049679, 44.8327843], [17.804904, 44.832796], [17.8048519, 44.832801], [17.8047927, 44.8327977], [17.8047501, 44.8327792], [17.8047099, 44.832749], [17.8046886, 44.8327255], [17.8046649, 44.8326886], [17.8046365, 44.8326433], [17.8046129, 44.8326097], [17.8045703, 44.8325426], [17.8045443, 44.832509], [17.804523, 44.8324838], [17.8044898, 44.8324519], [17.8044472, 44.8324217], [17.8044046, 44.8324016], [17.8043573, 44.8323966], [17.8043194, 44.83241], [17.804291, 44.8324368], [17.8042484, 44.8324503], [17.8042011, 44.8324503], [17.8041561, 44.8324553], [17.804123, 44.8324805], [17.8040946, 44.832509], [17.8040686, 44.8325426], [17.8040496, 44.8325728], [17.8040331, 44.8326147], [17.8040212, 44.8326517], [17.8040212, 44.8327641], [17.8040165, 44.832796], [17.8039928, 44.8328699], [17.8039739, 44.8329185], [17.8039621, 44.8329504], [17.8039597, 44.8329991], [17.8039692, 44.8330494], [17.8040118, 44.8331501], [17.8040165, 44.8331854], [17.8040307, 44.833271], [17.8040402, 44.8333113], [17.8040449, 44.8333415], [17.8040449, 44.8333851], [17.8040402, 44.833417], [17.8040402, 44.833568], [17.8040496, 44.8336201], [17.8040709, 44.8336973], [17.8040828, 44.8337375], [17.804097, 44.8337661], [17.8041206, 44.8337912], [17.8041703, 44.8338265], [17.8043171, 44.833897], [17.8044094, 44.8339356], [17.8044449, 44.8339524], [17.8044922, 44.8339708], [17.8045324, 44.8339859], [17.8046531, 44.8340312], [17.8047004, 44.8340329], [17.8047643, 44.8340329], [17.8048093, 44.8340296], [17.8049111, 44.8340262], [17.8049489, 44.8340279], [17.8050034, 44.8340564], [17.8050318, 44.834085], [17.8050483, 44.8341219], [17.8050554, 44.8341622], [17.8050531, 44.8342108], [17.8050436, 44.8342629], [17.8050223, 44.8343166], [17.8049963, 44.834377], [17.8048732, 44.834518], [17.8048543, 44.8345532], [17.8048377, 44.83458], [17.8048117, 44.8346119], [17.8047785, 44.8346489], [17.8047454, 44.8346824], [17.8046649, 44.8347563], [17.8046294, 44.8347798], [17.804575, 44.83481], [17.8045253, 44.8348284], [17.8044851, 44.8348335], [17.804433, 44.8348318], [17.8043478, 44.834815], [17.8043029, 44.8348016], [17.8042508, 44.8347831], [17.8041893, 44.8347512], [17.8041419, 44.834721], [17.8041017, 44.8346942], [17.8040189, 44.8346455], [17.8039881, 44.8346254], [17.803955, 44.8346086], [17.8039171, 44.8345884], [17.8038769, 44.8345717], [17.803839, 44.8345582], [17.8037775, 44.8345448], [17.803723, 44.8345364], [17.8036639, 44.834528], [17.8036142, 44.834528], [17.8035716, 44.8345364], [17.8035408, 44.8345599], [17.8035171, 44.8345918], [17.8034911, 44.8346371], [17.8034556, 44.8347227], [17.8034509, 44.8347764], [17.8034485, 44.8348234], [17.8034674, 44.8348771], [17.8035053, 44.8349325], [17.8035408, 44.8349795], [17.8036047, 44.8350886], [17.8036449, 44.8351423], [17.8036828, 44.8351792], [17.803723, 44.8352161], [17.8038248, 44.8352883], [17.8038603, 44.8353185], [17.8038958, 44.8353504], [17.8039242, 44.8353806], [17.8039502, 44.8354108], [17.8039644, 44.8354376], [17.8039739, 44.8354779], [17.8039739, 44.8355518], [17.8039644, 44.8355853], [17.803955, 44.8356139], [17.8039337, 44.8356558], [17.8039124, 44.8356877], [17.8038887, 44.8357196], [17.8038579, 44.8357565], [17.8038153, 44.8358001], [17.8037893, 44.8358287], [17.8037656, 44.8358522], [17.8037396, 44.8358807], [17.8037088, 44.8359076], [17.8036733, 44.8359411], [17.8036378, 44.835968], [17.8035858, 44.8359814], [17.8035313, 44.8359814], [17.803484, 44.835978], [17.8034225, 44.8359613], [17.8033893, 44.8359445], [17.803342, 44.8359143], [17.8032994, 44.8358857], [17.8032544, 44.8358589], [17.8032118, 44.8358387], [17.8031527, 44.8358136], [17.8031077, 44.8357968], [17.8030272, 44.8357699], [17.8029894, 44.8357414], [17.8029539, 44.8356961], [17.8028994, 44.8356273], [17.8028758, 44.8356021], [17.8028166, 44.835582], [17.8027716, 44.8355803], [17.8027196, 44.8355853], [17.8026533, 44.8356038], [17.8026036, 44.8356206], [17.8025563, 44.8356374], [17.8025042, 44.8356575], [17.802464, 44.8356743], [17.8024214, 44.8356961], [17.8023788, 44.8357246], [17.8023386, 44.8357599], [17.8023196, 44.8357867], [17.8023102, 44.8358186], [17.8023078, 44.8358589], [17.8023149, 44.8359109], [17.8023338, 44.8359495], [17.8023504, 44.8359831], [17.8024261, 44.836119], [17.8024687, 44.8361626], [17.8024948, 44.8361878], [17.8025232, 44.8362113], [17.802561, 44.8362449], [17.8026084, 44.8362885], [17.8026462, 44.8363221], [17.8026888, 44.8363573], [17.8027361, 44.8363926], [17.8027906, 44.8364177], [17.8028379, 44.8364312], [17.8028923, 44.8364429], [17.8029539, 44.8364463], [17.8029941, 44.8364463], [17.8030509, 44.8364379], [17.8030888, 44.8364278], [17.8031432, 44.8364177], [17.8031905, 44.8364144], [17.8032426, 44.8364144], [17.8032852, 44.8364161], [17.8033325, 44.8364228], [17.8033775, 44.8364312], [17.8034296, 44.8364513], [17.8034793, 44.8364731], [17.8035195, 44.8364933], [17.8035526, 44.8365134], [17.8035881, 44.8365369], [17.8036307, 44.8365671], [17.8036639, 44.8365973], [17.803697, 44.8366242], [17.8037278, 44.8366527], [17.8037869, 44.8366963], [17.8038366, 44.8367232], [17.8039053, 44.83674], [17.8039502, 44.8367517], [17.8040473, 44.8367618], [17.8041609, 44.8367651], [17.8042082, 44.8367735], [17.8042484, 44.8367853], [17.8042839, 44.8368155], [17.80431, 44.8368591], [17.80431, 44.8369027], [17.8042745, 44.8369464], [17.8042437, 44.8369665], [17.8041964, 44.8369816], [17.8041183, 44.8369984], [17.8040733, 44.8370101], [17.804026, 44.8370202], [17.8039763, 44.8370336], [17.8039313, 44.8370504], [17.8038792, 44.8370756], [17.803839, 44.8371008], [17.8038059, 44.8371276], [17.8037727, 44.8371729], [17.8037609, 44.8372031], [17.8037538, 44.837235], [17.8037538, 44.8372669], [17.8037704, 44.8373038], [17.8038177, 44.8373978], [17.8038437, 44.8374465], [17.8039029, 44.8375119], [17.8039313, 44.8375405], [17.803955, 44.837569], [17.8039786, 44.8375958], [17.8040047, 44.837621], [17.8040307, 44.8376428], [17.8040615, 44.8376663], [17.804097, 44.8376898], [17.8041277, 44.8377049], [17.8041774, 44.8377267], [17.804265, 44.8377586], [17.8043123, 44.8377721], [17.8043597, 44.8377821], [17.8043999, 44.8377905], [17.8044401, 44.8377939], [17.804478, 44.8377972], [17.8045892, 44.8377972], [17.8046365, 44.8378006], [17.8046768, 44.8378073], [17.8047123, 44.8378174], [17.804762, 44.8378341], [17.8047904, 44.8378543], [17.8048188, 44.8378795], [17.8048424, 44.837913], [17.8048472, 44.8379449], [17.8048495, 44.8380506], [17.8048495, 44.8381211], [17.8048637, 44.8381547], [17.8048921, 44.8381798], [17.8049537, 44.8381933], [17.8049939, 44.8381966], [17.8050554, 44.8382017], [17.8051004, 44.8382084], [17.8051477, 44.8382117], [17.8051927, 44.8382134], [17.8052258, 44.8382], [17.805259, 44.8381765], [17.8052826, 44.8381547], [17.8053063, 44.8381295], [17.8053371, 44.8381094], [17.8053749, 44.838101], [17.8054152, 44.8380976], [17.8054601, 44.8381077], [17.8054767, 44.8381379], [17.8054625, 44.8381748], [17.8054554, 44.8382067], [17.8054507, 44.8382419], [17.8054507, 44.8383107], [17.8054554, 44.8383426], [17.8054672, 44.8383913], [17.8054862, 44.8384282], [17.8055122, 44.8384618], [17.8055501, 44.8384802], [17.8055998, 44.838487], [17.8056447, 44.8384886], [17.8058388, 44.8384886], [17.8058956, 44.8384752], [17.8059429, 44.8384584], [17.8059784, 44.8384416], [17.8060281, 44.8384265], [17.8060684, 44.8384198], [17.8061204, 44.8384181], [17.8061654, 44.8384148], [17.8062009, 44.838398], [17.8062317, 44.8383644], [17.806253, 44.8383376], [17.8062672, 44.8383091], [17.8062885, 44.8382738], [17.806305, 44.8382369], [17.8063263, 44.8381849], [17.8063429, 44.8381429], [17.8063524, 44.8381161], [17.8063642, 44.8380859], [17.806376, 44.8380473], [17.8063926, 44.8380104], [17.8064139, 44.8379818], [17.8064447, 44.8379634], [17.8064849, 44.8379499], [17.806544, 44.8379382], [17.8066103, 44.8379382], [17.8066529, 44.8379449], [17.8066979, 44.8379667], [17.8067286, 44.8379919], [17.8067357, 44.8380238], [17.8067357, 44.838059], [17.8067334, 44.8380892], [17.8067712, 44.838106], [17.8068067, 44.8380976], [17.8068399, 44.8380792], [17.8068825, 44.8380825], [17.8069109, 44.838111], [17.8069203, 44.8381396], [17.8069203, 44.8381748], [17.806918, 44.8382084], [17.8069014, 44.8382369], [17.8068588, 44.8383879], [17.8068541, 44.8384181], [17.8068233, 44.8384534], [17.8067949, 44.8384836], [17.8067428, 44.8385356], [17.8066979, 44.8385642], [17.8066363, 44.8385927], [17.8065393, 44.8386413], [17.8064991, 44.8386632], [17.8064565, 44.8386883], [17.8064186, 44.8387068], [17.8063642, 44.8387236], [17.8063027, 44.8387303], [17.8062459, 44.838742], [17.8061796, 44.8387571], [17.8061086, 44.8387773], [17.8060613, 44.8387907], [17.8060305, 44.8388092], [17.8059997, 44.8388461], [17.8059808, 44.8388914], [17.8059784, 44.838935], [17.8059974, 44.8390173], [17.8060116, 44.8390441], [17.8060376, 44.839071], [17.8060826, 44.8391179], [17.8061275, 44.8391633], [17.8061512, 44.8391867], [17.8061725, 44.8392186], [17.8061867, 44.8392472], [17.8062009, 44.8392858], [17.8062104, 44.8393327], [17.8062104, 44.839363], [17.8062009, 44.8394015], [17.806182, 44.8394284], [17.8061512, 44.8394502], [17.8061062, 44.8394704], [17.8060258, 44.8395006], [17.8059832, 44.8395207], [17.8059406, 44.8395442], [17.8058956, 44.8395727], [17.8058601, 44.8395979], [17.8058199, 44.839618], [17.8057418, 44.8396382], [17.8056755, 44.8396482], [17.8056329, 44.8396516], [17.805543, 44.8396549], [17.805472, 44.8396549], [17.8053702, 44.8396482], [17.8053039, 44.8396398], [17.8052448, 44.8396298], [17.8049158, 44.8395794], [17.8048093, 44.839566], [17.8038437, 44.8394435], [17.8037893, 44.8394334], [17.8027101, 44.8392505], [17.8021918, 44.8392287], [17.8016972, 44.8392488], [17.8016309, 44.839227], [17.8016167, 44.8392404], [17.8015741, 44.8392639], [17.8015315, 44.8392807], [17.8014889, 44.8392925], [17.8013943, 44.8392925], [17.8013446, 44.8392858], [17.801302, 44.839279], [17.8012475, 44.8392757], [17.8011931, 44.8392807], [17.8011505, 44.8392975], [17.8011197, 44.8393327], [17.8010984, 44.8393663], [17.8010771, 44.8393999], [17.8010464, 44.8394334], [17.8010038, 44.8394502], [17.8009564, 44.8394519], [17.800902, 44.8394586], [17.8008641, 44.8394687], [17.8008215, 44.8394905], [17.8007813, 44.8395257], [17.8007529, 44.8395459], [17.8007151, 44.839566], [17.8006464, 44.8395794], [17.8005849, 44.8395912], [17.8005352, 44.839608], [17.8004831, 44.8396315], [17.8004429, 44.8396549], [17.8004003, 44.8396919], [17.8003695, 44.8397187], [17.8003317, 44.8397556], [17.8002985, 44.8397892], [17.8002323, 44.8398312], [17.8001968, 44.839853], [17.8001471, 44.8398496], [17.8000997, 44.8398228], [17.8000429, 44.8397674], [17.8000145, 44.8397321], [17.7999814, 44.8397137], [17.7999057, 44.839712], [17.7998489, 44.839712], [17.7997069, 44.8397607], [17.7996619, 44.8397791], [17.7996193, 44.839806], [17.799553, 44.8398546], [17.7995223, 44.8398849], [17.7994844, 44.8399218], [17.7994489, 44.839952], [17.7994039, 44.8399973], [17.7993613, 44.8400308], [17.799314, 44.840056], [17.7992667, 44.8400661], [17.7992241, 44.8400728], [17.7991791, 44.8400778], [17.7991957, 44.8402389], [17.799217, 44.8402691], [17.7992454, 44.840296], [17.7992809, 44.8403212], [17.7993235, 44.8403413], [17.7993755, 44.8403581], [17.7994205, 44.8403765], [17.7994678, 44.8404], [17.799527, 44.8404386], [17.7995696, 44.8404722], [17.799598, 44.8405024], [17.7996075, 44.8405393], [17.7996004, 44.8405729], [17.799572, 44.8406148], [17.7995294, 44.8406518], [17.7994891, 44.8406702], [17.7994181, 44.8406954], [17.7993732, 44.8407172], [17.7993495, 44.8407474], [17.7993353, 44.840786], [17.7993235, 44.8408749], [17.7993164, 44.840932], [17.799282, 44.8410769], [17.7992074, 44.841268], [17.7992074, 44.8413223], [17.7991989, 44.8413406], [17.7991413, 44.8413365], [17.7989193, 44.8413302], [17.7986187, 44.8413329], [17.7983332, 44.8414087], [17.7981227, 44.8414971], [17.797916, 44.8416493], [17.7977166, 44.8418612], [17.7975324, 44.8420054], [17.7973471, 44.8421304], [17.7970063, 44.8423688], [17.7967217, 44.8425559], [17.7961923, 44.8427653], [17.795325, 44.8428015], [17.7946106, 44.8424759], [17.79376, 44.8420569], [17.7933703, 44.8414933], [17.7928759, 44.8411373], [17.7920595, 44.8411011], [17.7911921, 44.8411373], [17.7902737, 44.841282], [17.7894063, 44.8413544], [17.7885389, 44.841282], [17.7877225, 44.8408841], [17.7879777, 44.8401967], [17.788845, 44.8399072], [17.7893042, 44.8393645], [17.7893042, 44.8387495], [17.7897124, 44.8381706], [17.7905798, 44.8379535], [17.7907329, 44.8372299], [17.7902227, 44.8366872], [17.7895083, 44.8363615], [17.788794, 44.8361083], [17.7871613, 44.8357465], [17.7861918, 44.8356741], [17.7847632, 44.8355655], [17.7839468, 44.8356017], [17.7831305, 44.8355655], [17.7822121, 44.8355655], [17.7813447, 44.8353846], [17.7807324, 44.8348781], [17.7802732, 44.8343715], [17.7795589, 44.833865], [17.7787935, 44.833684], [17.7770077, 44.833684], [17.7760383, 44.8336479], [17.7752219, 44.8334308], [17.7746096, 44.8329966], [17.7740484, 44.83249], [17.7738443, 44.8318749], [17.7741504, 44.8312597], [17.7749668, 44.8310788], [17.7757832, 44.8313683], [17.7763444, 44.8318387], [17.7772628, 44.8318387], [17.7780282, 44.831513], [17.7780792, 44.8308617], [17.7778241, 44.8302827], [17.77762, 44.8297037], [17.7780792, 44.829161], [17.7784874, 44.828582], [17.7782833, 44.8279306], [17.7778751, 44.827424], [17.7770077, 44.8272431], [17.7761403, 44.8273154], [17.775324, 44.827424], [17.7744566, 44.8275326], [17.7735892, 44.8276049], [17.7727728, 44.8275687], [17.7719054, 44.827424], [17.7711401, 44.8271345], [17.7705788, 44.8266641], [17.7703747, 44.8260127], [17.7700686, 44.8253975], [17.7694053, 44.8249632], [17.7685889, 44.8247099], [17.7677215, 44.824529], [17.7669052, 44.8244566], [17.7660888, 44.8244566], [17.7652214, 44.8245651], [17.7649153, 44.8250718], [17.7647112, 44.825687], [17.764303, 44.8261936], [17.7634356, 44.826266], [17.7627213, 44.8259041], [17.7624662, 44.8252889], [17.7624662, 44.8246737], [17.7631805, 44.8243118], [17.7588946, 44.8218509], [17.7547107, 44.8206566], [17.7551699, 44.8201499], [17.7557311, 44.8196432], [17.7562414, 44.8191003], [17.7564965, 44.8184851], [17.7563944, 44.8178698], [17.7560373, 44.8173269], [17.755425, 44.816784], [17.7548127, 44.8163859], [17.7540984, 44.8160963], [17.75318, 44.8156982], [17.7522616, 44.8154086], [17.7514452, 44.8152276], [17.7506288, 44.8150828], [17.7498125, 44.8149743], [17.7489961, 44.8149019], [17.7482308, 44.8146847], [17.7477205, 44.8142142], [17.7467001, 44.8132007], [17.7461388, 44.8126577], [17.7457306, 44.812151], [17.7454755, 44.8115356], [17.7461388, 44.8089656], [17.7427713, 44.8074814], [17.7422611, 44.8062506], [17.7426182, 44.8054542], [17.7410876, 44.8053818], [17.7407304, 44.8041147], [17.7423631, 44.8036441], [17.7447102, 44.8039699], [17.7468021, 44.8032821], [17.7473124, 44.8018702], [17.7458327, 44.798829], [17.7418019, 44.7956067], [17.7409855, 44.7950274], [17.7385364, 44.7916962]]]}}]}